<?xml version="1.0" encoding="UTF-8"?>
<article id="10.2307/76181" >
    <wordcount weight="799" > the </wordcount>
    <wordcount weight="622" > of </wordcount>
    <wordcount weight="374" > in </wordcount>
    <wordcount weight="309" > and </wordcount>
    <wordcount weight="263" > selection </wordcount>
    <wordcount weight="238" > to </wordcount>
    <wordcount weight="235" > a </wordcount>
    <wordcount weight="203" > that </wordcount>
    <wordcount weight="156" > is </wordcount>
    <wordcount weight="142" > disruptive </wordcount>
    <wordcount weight="102" > with </wordcount>
    <wordcount weight="101" > be </wordcount>
    <wordcount weight="100" > for </wordcount>
    <wordcount weight="91" > as </wordcount>
    <wordcount weight="88" > was </wordcount>
    <wordcount weight="87" > j </wordcount>
    <wordcount weight="85" > from </wordcount>
    <wordcount weight="79" > were </wordcount>
    <wordcount weight="79" > two </wordcount>
    <wordcount weight="77" > this </wordcount>
    <wordcount weight="77" > are </wordcount>
    <wordcount weight="75" > mating </wordcount>
    <wordcount weight="70" > on </wordcount>
    <wordcount weight="68" > m </wordcount>
    <wordcount weight="67" > by </wordcount>
    <wordcount weight="65" > populations </wordcount>
    <wordcount weight="64" > isolation </wordcount>
    <wordcount weight="63" > it </wordcount>
    <wordcount weight="62" > thoday </wordcount>
    <wordcount weight="60" > population </wordcount>
    <wordcount weight="57" > which </wordcount>
    <wordcount weight="57" > selected </wordcount>
    <wordcount weight="57" > have </wordcount>
    <wordcount weight="56" > may </wordcount>
    <wordcount weight="55" > divergence </wordcount>
    <wordcount weight="55" > between </wordcount>
    <wordcount weight="52" > or </wordcount>
    <wordcount weight="51" > these </wordcount>
    <wordcount weight="48" > some </wordcount>
    <wordcount weight="48" > drosophila </wordcount>
    <wordcount weight="48" > we </wordcount>
    <wordcount weight="47" > gene </wordcount>
    <wordcount weight="47" > low </wordcount>
    <wordcount weight="46" > one </wordcount>
    <wordcount weight="46" > experiments </wordcount>
    <wordcount weight="46" > x </wordcount>
    <wordcount weight="46" > b </wordcount>
    <wordcount weight="44" > i </wordcount>
    <wordcount weight="44" > genetic </wordcount>
    <wordcount weight="41" > each </wordcount>
    <wordcount weight="41" > high </wordcount>
    <wordcount weight="40" > but </wordcount>
    <wordcount weight="40" > number </wordcount>
    <wordcount weight="39" > polymorphism </wordcount>
    <wordcount weight="39" > chaeta </wordcount>
    <wordcount weight="38" > results </wordcount>
    <wordcount weight="37" > experiment </wordcount>
    <wordcount weight="37" > flies </wordcount>
    <wordcount weight="36" > evolution </wordcount>
    <wordcount weight="36" > not </wordcount>
    <wordcount weight="35" > they </wordcount>
    <wordcount weight="34" > h </wordcount>
    <wordcount weight="34" > there </wordcount>
    <wordcount weight="34" > than </wordcount>
    <wordcount weight="34" > generation </wordcount>
    <wordcount weight="34" > figure </wordcount>
    <wordcount weight="34" > been </wordcount>
    <wordcount weight="33" > at </wordcount>
    <wordcount weight="33" > has </wordcount>
    <wordcount weight="33" > can </wordcount>
    <wordcount weight="32" > migration </wordcount>
    <wordcount weight="31" > l </wordcount>
    <wordcount weight="31" > will </wordcount>
    <wordcount weight="31" > more </wordcount>
    <wordcount weight="30" > natural </wordcount>
    <wordcount weight="29" > if </wordcount>
    <wordcount weight="28" > only </wordcount>
    <wordcount weight="27" > flow </wordcount>
    <wordcount weight="26" > other </wordcount>
    <wordcount weight="26" > their </wordcount>
    <wordcount weight="26" > genetics </wordcount>
    <wordcount weight="26" > different </wordcount>
    <wordcount weight="26" > effects </wordcount>
    <wordcount weight="25" > environmental </wordcount>
    <wordcount weight="25" > such </wordcount>
    <wordcount weight="25" > an </wordcount>
    <wordcount weight="25" > selective </wordcount>
    <wordcount weight="24" > gibson </wordcount>
    <wordcount weight="23" > system </wordcount>
    <wordcount weight="23" > also </wordcount>
    <wordcount weight="23" > so </wordcount>
    <wordcount weight="23" > random </wordcount>
    <wordcount weight="23" > species </wordcount>
    <wordcount weight="22" > r </wordcount>
    <wordcount weight="21" > e </wordcount>
    <wordcount weight="21" > heredity </wordcount>
    <wordcount weight="21" > under </wordcount>
    <wordcount weight="21" > same </wordcount>
    <wordcount weight="21" > distribution </wordcount>
    <wordcount weight="20" > line </wordcount>
    <wordcount weight="20" > hybrids </wordcount>
    <wordcount weight="20" > choice </wordcount>
    <wordcount weight="20" > our </wordcount>
    <wordcount weight="19" > first </wordcount>
    <wordcount weight="19" > am </wordcount>
    <wordcount weight="19" > therefore </wordcount>
    <wordcount weight="19" > whether </wordcount>
    <wordcount weight="19" > d </wordcount>
    <wordcount weight="18" > all </wordcount>
    <wordcount weight="18" > those </wordcount>
    <wordcount weight="18" > generations </wordcount>
    <wordcount weight="18" > speciation </wordcount>
    <wordcount weight="18" > classes </wordcount>
    <wordcount weight="18" > progeny </wordcount>
    <wordcount weight="18" > environment </wordcount>
    <wordcount weight="17" > assortative </wordcount>
    <wordcount weight="17" > result </wordcount>
    <wordcount weight="17" > p </wordcount>
    <wordcount weight="17" > nat </wordcount>
    <wordcount weight="17" > shows </wordcount>
    <wordcount weight="17" > shown </wordcount>
    <wordcount weight="17" > lecture </wordcount>
    <wordcount weight="17" > cultures </wordcount>
    <wordcount weight="17" > given </wordcount>
    <wordcount weight="16" > chromosome </wordcount>
    <wordcount weight="16" > t </wordcount>
    <wordcount weight="16" > nature </wordcount>
    <wordcount weight="16" > s </wordcount>
    <wordcount weight="16" > mean </wordcount>
    <wordcount weight="16" > most </wordcount>
    <wordcount weight="16" > using </wordcount>
    <wordcount weight="16" > culture </wordcount>
    <wordcount weight="16" > experimental </wordcount>
    <wordcount weight="16" > less </wordcount>
    <wordcount weight="16" > when </wordcount>
    <wordcount weight="16" > must </wordcount>
    <wordcount weight="16" > conditions </wordcount>
    <wordcount weight="16" > c </wordcount>
    <wordcount weight="15" > used </wordcount>
    <wordcount weight="15" > reproductive </wordcount>
    <wordcount weight="15" > frequency </wordcount>
    <wordcount weight="15" > another </wordcount>
    <wordcount weight="15" > lines </wordcount>
    <wordcount weight="15" > evidence </wordcount>
    <wordcount weight="14" > lond </wordcount>
    <wordcount weight="14" > no </wordcount>
    <wordcount weight="14" > females </wordcount>
    <wordcount weight="14" > w </wordcount>
    <wordcount weight="14" > show </wordcount>
    <wordcount weight="14" > polymorphisms </wordcount>
    <wordcount weight="14" > had </wordcount>
    <wordcount weight="14" > could </wordcount>
    <wordcount weight="14" > melanogaster </wordcount>
    <wordcount weight="14" > habitat </wordcount>
    <wordcount weight="14" > where </wordcount>
    <wordcount weight="13" > within </wordcount>
    <wordcount weight="13" > diversity </wordcount>
    <wordcount weight="13" > mather </wordcount>
    <wordcount weight="13" > stabilizing </wordcount>
    <wordcount weight="13" > genet </wordcount>
    <wordcount weight="13" > would </wordcount>
    <wordcount weight="13" > relevant </wordcount>
    <wordcount weight="12" > into </wordcount>
    <wordcount weight="12" > variance </wordcount>
    <wordcount weight="12" > involved </wordcount>
    <wordcount weight="12" > sternopleural </wordcount>
    <wordcount weight="12" > time </wordcount>
    <wordcount weight="12" > variation </wordcount>
    <wordcount weight="12" > made </wordcount>
    <wordcount weight="12" > three </wordcount>
    <wordcount weight="11" > extreme </wordcount>
    <wordcount weight="11" > lower </wordcount>
    <wordcount weight="11" > ii </wordcount>
    <wordcount weight="11" > possible </wordcount>
    <wordcount weight="11" > g </wordcount>
    <wordcount weight="11" > kind </wordcount>
    <wordcount weight="11" > hybrid </wordcount>
    <wordcount weight="11" > even </wordcount>
    <wordcount weight="11" > parts </wordcount>
    <wordcount weight="11" > produced </wordcount>
    <wordcount weight="11" > boam </wordcount>
    <wordcount weight="11" > sympatric </wordcount>
    <wordcount weight="11" > directional </wordcount>
    <wordcount weight="11" > new </wordcount>
    <wordcount weight="11" > maintenance </wordcount>
    <wordcount weight="11" > proc </wordcount>
    <wordcount weight="11" > ecological </wordcount>
    <wordcount weight="11" > any </wordcount>
    <wordcount weight="11" > them </wordcount>
    <wordcount weight="11" > maintain </wordcount>
    <wordcount weight="11" > maintained </wordcount>
    <wordcount weight="11" > difference </wordcount>
    <wordcount weight="10" > phenotypic </wordcount>
    <wordcount weight="10" > negative </wordcount>
    <wordcount weight="10" > origin </wordcount>
    <wordcount weight="10" > heterogeneity </wordcount>
    <wordcount weight="10" > environments </wordcount>
    <wordcount weight="10" > though </wordcount>
    <wordcount weight="10" > stock </wordcount>
    <wordcount weight="10" > because </wordcount>
    <wordcount weight="10" > part </wordcount>
    <wordcount weight="10" > loci </wordcount>
    <wordcount weight="10" > second </wordcount>
    <wordcount weight="10" > cyclic </wordcount>
    <wordcount weight="10" > al </wordcount>
    <wordcount weight="10" > published </wordcount>
    <wordcount weight="10" > laboratory </wordcount>
    <wordcount weight="10" > promote </wordcount>
    <wordcount weight="10" > effect </wordcount>
    <wordcount weight="10" > table </wordcount>
    <wordcount weight="10" > very </wordcount>
    <wordcount weight="10" > both </wordcount>
    <wordcount weight="10" > press </wordcount>
    <wordcount weight="10" > isolated </wordcount>
    <wordcount weight="10" > wild </wordcount>
    <wordcount weight="9" > done </wordcount>
    <wordcount weight="9" > might </wordcount>
    <wordcount weight="9" > sexual </wordcount>
    <wordcount weight="9" > concerning </wordcount>
    <wordcount weight="9" > ah </wordcount>
    <wordcount weight="9" > white </wordcount>
    <wordcount weight="9" > recombination </wordcount>
    <wordcount weight="9" > four </wordcount>
    <wordcount weight="9" > genotypes </wordcount>
    <wordcount weight="9" > view </wordcount>
    <wordcount weight="9" > allopatric </wordcount>
    <wordcount weight="9" > test </wordcount>
    <wordcount weight="9" > its </wordcount>
    <wordcount weight="9" > intermediate </wordcount>
    <wordcount weight="9" > he </wordcount>
    <wordcount weight="9" > reduced </wordcount>
    <wordcount weight="9" > direction </wordcount>
    <wordcount weight="9" > matings </wordcount>
    <wordcount weight="9" > v </wordcount>
    <wordcount weight="9" > factor </wordcount>
    <wordcount weight="9" > dl </wordcount>
    <wordcount weight="9" > allowed </wordcount>
    <wordcount weight="9" > soc </wordcount>
    <wordcount weight="9" > relative </wordcount>
    <wordcount weight="9" > itself </wordcount>
    <wordcount weight="9" > clearly </wordcount>
    <wordcount weight="8" > since </wordcount>
    <wordcount weight="8" > flowering </wordcount>
    <wordcount weight="8" > taken </wordcount>
    <wordcount weight="8" > together </wordcount>
    <wordcount weight="8" > able </wordcount>
    <wordcount weight="8" > against </wordcount>
    <wordcount weight="8" > expected </wordcount>
    <wordcount weight="8" > response </wordcount>
    <wordcount weight="8" > after </wordcount>
    <wordcount weight="8" > similar </wordcount>
    <wordcount weight="8" > university </wordcount>
    <wordcount weight="8" > numbers </wordcount>
    <wordcount weight="8" > greater </wordcount>
    <wordcount weight="8" > genes </wordcount>
    <wordcount weight="8" > however </wordcount>
    <wordcount weight="8" > biol </wordcount>
    <wordcount weight="8" > f </wordcount>
    <wordcount weight="8" > fact </wordcount>
    <wordcount weight="8" > model </wordcount>
    <wordcount weight="8" > bh </wordcount>
    <wordcount weight="8" > see </wordcount>
    <wordcount weight="8" > variables </wordcount>
    <wordcount weight="8" > individuals </wordcount>
    <wordcount weight="8" > chosen </wordcount>
    <wordcount weight="8" > systems </wordcount>
    <wordcount weight="8" > tests </wordcount>
    <wordcount weight="8" > evolve </wordcount>
    <wordcount weight="8" > res </wordcount>
    <wordcount weight="8" > cl </wordcount>
    <wordcount weight="8" > much </wordcount>
    <wordcount weight="8" > assayed </wordcount>
    <wordcount weight="8" > artificial </wordcount>
    <wordcount weight="8" > course </wordcount>
    <wordcount weight="7" > does </wordcount>
    <wordcount weight="7" > complex </wordcount>
    <wordcount weight="7" > character </wordcount>
    <wordcount weight="7" > being </wordcount>
    <wordcount weight="7" > give </wordcount>
    <wordcount weight="7" > available </wordcount>
    <wordcount weight="7" > differences </wordcount>
    <wordcount weight="7" > design </wordcount>
    <wordcount weight="7" > yeast </wordcount>
    <wordcount weight="7" > review </wordcount>
    <wordcount weight="7" > development </wordcount>
    <wordcount weight="7" > forced </wordcount>
    <wordcount weight="7" > intensities </wordcount>
    <wordcount weight="7" > consequence </wordcount>
    <wordcount weight="7" > found </wordcount>
    <wordcount weight="7" > progenies </wordcount>
    <wordcount weight="7" > beardmore </wordcount>
    <wordcount weight="7" > further </wordcount>
    <wordcount weight="7" > variety </wordcount>
    <wordcount weight="7" > female </wordcount>
    <wordcount weight="7" > sex </wordcount>
    <wordcount weight="7" > striking </wordcount>
    <wordcount weight="7" > discussed </wordcount>
    <wordcount weight="7" > showing </wordcount>
    <wordcount weight="7" > segregational </wordcount>
    <wordcount weight="7" > clear </wordcount>
    <wordcount weight="7" > general </wordcount>
    <wordcount weight="7" > obtained </wordcount>
    <wordcount weight="7" > k </wordcount>
    <wordcount weight="7" > judgement </wordcount>
    <wordcount weight="7" > types </wordcount>
    <wordcount weight="7" > iii </wordcount>
    <wordcount weight="7" > what </wordcount>
    <wordcount weight="7" > almost </wordcount>
    <wordcount weight="7" > despite </wordcount>
    <wordcount weight="7" > occur </wordcount>
    <wordcount weight="7" > develop </wordcount>
    <wordcount weight="7" > divergent </wordcount>
    <wordcount weight="7" > showed </wordcount>
    <wordcount weight="6" > way </wordcount>
    <wordcount weight="6" > likewise </wordcount>
    <wordcount weight="6" > zygotic </wordcount>
    <wordcount weight="6" > likely </wordcount>
    <wordcount weight="6" > occurred </wordcount>
    <wordcount weight="6" > rapid </wordcount>
    <wordcount weight="6" > great </wordcount>
    <wordcount weight="6" > side </wordcount>
    <wordcount weight="6" > polymorphic </wordcount>
    <wordcount weight="6" > frequencies </wordcount>
    <wordcount weight="6" > genotype </wordcount>
    <wordcount weight="6" > occurs </wordcount>
    <wordcount weight="6" > depend </wordcount>
    <wordcount weight="6" > process </wordcount>
    <wordcount weight="6" > importance </wordcount>
    <wordcount weight="6" > upper </wordcount>
    <wordcount weight="6" > important </wordcount>
    <wordcount weight="6" > bl </wordcount>
    <wordcount weight="6" > out </wordcount>
    <wordcount weight="6" > fisher </wordcount>
    <wordcount weight="6" > well </wordcount>
    <wordcount weight="6" > intense </wordcount>
    <wordcount weight="6" > locus </wordcount>
    <wordcount weight="6" > concept </wordcount>
    <wordcount weight="6" > example </wordcount>
    <wordcount weight="6" > fit </wordcount>
    <wordcount weight="6" > change </wordcount>
    <wordcount weight="6" > sufficient </wordcount>
    <wordcount weight="6" > differing </wordcount>
    <wordcount weight="6" > da </wordcount>
    <wordcount weight="6" > developmental </wordcount>
    <wordcount weight="6" > doubt </wordcount>
    <wordcount weight="6" > do </wordcount>
    <wordcount weight="6" > increase </wordcount>
    <wordcount weight="6" > mosaic </wordcount>
    <wordcount weight="6" > food </wordcount>
    <wordcount weight="6" > involves </wordcount>
    <wordcount weight="6" > migrants </wordcount>
    <wordcount weight="6" > especially </wordcount>
    <wordcount weight="6" > evolutionary </wordcount>
    <wordcount weight="6" > mayr </wordcount>
    <wordcount weight="6" > define </wordcount>
    <wordcount weight="6" > dominance </wordcount>
    <wordcount weight="6" > biology </wordcount>
    <wordcount weight="6" > genetical </wordcount>
    <wordcount weight="6" > then </wordcount>
    <wordcount weight="6" > half </wordcount>
    <wordcount weight="6" > respect </wordcount>
    <wordcount weight="6" > plants </wordcount>
    <wordcount weight="6" > early </wordcount>
    <wordcount weight="6" > produce </wordcount>
    <wordcount weight="6" > hybridization </wordcount>
    <wordcount weight="6" > alleles </wordcount>
    <wordcount weight="6" > fitness </wordcount>
    <wordcount weight="6" > dh </wordcount>
    <wordcount weight="6" > comparable </wordcount>
    <wordcount weight="6" > heterogeneous </wordcount>
    <wordcount weight="5" > scharloo </wordcount>
    <wordcount weight="5" > studies </wordcount>
    <wordcount weight="5" > behaviour </wordcount>
    <wordcount weight="5" > permit </wordcount>
    <wordcount weight="5" > symmetrical </wordcount>
    <wordcount weight="5" > seems </wordcount>
    <wordcount weight="5" > sheppard </wordcount>
    <wordcount weight="5" > depends </wordcount>
    <wordcount weight="5" > professor </wordcount>
    <wordcount weight="5" > without </wordcount>
    <wordcount weight="5" > rather </wordcount>
    <wordcount weight="5" > adds </wordcount>
    <wordcount weight="5" > parents </wordcount>
    <wordcount weight="5" > study </wordcount>
    <wordcount weight="5" > dominant </wordcount>
    <wordcount weight="5" > closely </wordcount>
    <wordcount weight="5" > lead </wordcount>
    <wordcount weight="5" > captured </wordcount>
    <wordcount weight="5" > base </wordcount>
    <wordcount weight="5" > late </wordcount>
    <wordcount weight="5" > intensity </wordcount>
    <wordcount weight="5" > unless </wordcount>
    <wordcount weight="5" > dines </wordcount>
    <wordcount weight="5" > mated </wordcount>
    <wordcount weight="5" > either </wordcount>
    <wordcount weight="5" > niches </wordcount>
    <wordcount weight="5" > kernels </wordcount>
    <wordcount weight="5" > situation </wordcount>
    <wordcount weight="5" > matter </wordcount>
    <wordcount weight="5" > various </wordcount>
    <wordcount weight="5" > spassky </wordcount>
    <wordcount weight="5" > complete </wordcount>
    <wordcount weight="5" > others </wordcount>
    <wordcount weight="5" > many </wordcount>
    <wordcount weight="5" > ch </wordcount>
    <wordcount weight="5" > range </wordcount>
    <wordcount weight="5" > mutant </wordcount>
    <wordcount weight="5" > plant </wordcount>
    <wordcount weight="5" > increasing </wordcount>
    <wordcount weight="5" > limpets </wordcount>
    <wordcount weight="5" > phlox </wordcount>
    <wordcount weight="5" > geographic </wordcount>
    <wordcount weight="5" > here </wordcount>
    <wordcount weight="5" > set </wordcount>
    <wordcount weight="5" > over </wordcount>
    <wordcount weight="5" > did </wordcount>
    <wordcount weight="5" > terms </wordcount>
    <wordcount weight="5" > theory </wordcount>
    <wordcount weight="5" > barriers </wordcount>
    <wordcount weight="5" > varieties </wordcount>
    <wordcount weight="5" > robertson </wordcount>
    <wordcount weight="5" > need </wordcount>
    <wordcount weight="5" > provided </wordcount>
    <wordcount weight="5" > little </wordcount>
    <wordcount weight="4" > o </wordcount>
    <wordcount weight="4" > later </wordcount>
    <wordcount weight="4" > formed </wordcount>
    <wordcount weight="4" > phenotype </wordcount>
    <wordcount weight="4" > every </wordcount>
    <wordcount weight="4" > chaetae </wordcount>
    <wordcount weight="4" > follows </wordcount>
    <wordcount weight="4" > niche </wordcount>
    <wordcount weight="4" > iv </wordcount>
    <wordcount weight="4" > account </wordcount>
    <wordcount weight="4" > prior </wordcount>
    <wordcount weight="4" > point </wordcount>
    <wordcount weight="4" > behavior </wordcount>
    <wordcount weight="4" > thus </wordcount>
    <wordcount weight="4" > differential </wordcount>
    <wordcount weight="4" > mm </wordcount>
    <wordcount weight="4" > illustrates </wordcount>
    <wordcount weight="4" > distinct </wordcount>
    <wordcount weight="4" > columbia </wordcount>
    <wordcount weight="4" > area </wordcount>
    <wordcount weight="4" > continuous </wordcount>
    <wordcount weight="4" > details </wordcount>
    <wordcount weight="4" > symp </wordcount>
    <wordcount weight="4" > banana </wordcount>
    <wordcount weight="4" > his </wordcount>
    <wordcount weight="4" > developed </wordcount>
    <wordcount weight="4" > strictly </wordcount>
    <wordcount weight="4" > direct </wordcount>
    <wordcount weight="4" > opposite </wordcount>
    <wordcount weight="4" > factors </wordcount>
    <wordcount weight="4" > halves </wordcount>
    <wordcount weight="4" > established </wordcount>
    <wordcount weight="4" > n </wordcount>
    <wordcount weight="4" > restriction </wordcount>
    <wordcount weight="4" > cannot </wordcount>
    <wordcount weight="4" > analogous </wordcount>
    <wordcount weight="4" > fish </wordcount>
    <wordcount weight="4" > placed </wordcount>
    <wordcount weight="4" > clarke </wordcount>
    <wordcount weight="4" > relevance </wordcount>
    <wordcount weight="4" > forces </wordcount>
    <wordcount weight="4" > good </wordcount>
    <wordcount weight="4" > responses </wordcount>
    <wordcount weight="4" > below </wordcount>
    <wordcount weight="4" > lowest </wordcount>
    <wordcount weight="4" > involve </wordcount>
    <wordcount weight="4" > congr </wordcount>
    <wordcount weight="4" > few </wordcount>
    <wordcount weight="4" > always </wordcount>
    <wordcount weight="4" > cycle </wordcount>
    <wordcount weight="4" > appropriate </wordcount>
    <wordcount weight="4" > newly </wordcount>
    <wordcount weight="4" > habitats </wordcount>
    <wordcount weight="4" > fly </wordcount>
    <wordcount weight="4" > curves </wordcount>
    <wordcount weight="4" > reduce </wordcount>
    <wordcount weight="4" > above </wordcount>
    <wordcount weight="4" > millicent </wordcount>
    <wordcount weight="4" > positive </wordcount>
    <wordcount weight="4" > single </wordcount>
    <wordcount weight="4" > about </wordcount>
    <wordcount weight="4" > represents </wordcount>
    <wordcount weight="4" > switch </wordcount>
    <wordcount weight="4" > rise </wordcount>
    <wordcount weight="4" > put </wordcount>
    <wordcount weight="4" > pressure </wordcount>
    <wordcount weight="4" > cages </wordcount>
    <wordcount weight="4" > distributions </wordcount>
    <wordcount weight="4" > adjacent </wordcount>
    <wordcount weight="4" > heterozygosity </wordcount>
    <wordcount weight="4" > necessary </wordcount>
    <wordcount weight="4" > original </wordcount>
    <wordcount weight="4" > averaged </wordcount>
    <wordcount weight="4" > examples </wordcount>
    <wordcount weight="4" > upon </wordcount>
    <wordcount weight="4" > vials </wordcount>
    <wordcount weight="4" > host </wordcount>
    <wordcount weight="4" > open </wordcount>
    <wordcount weight="4" > started </wordcount>
    <wordcount weight="4" > int </wordcount>
    <wordcount weight="4" > exchange </wordcount>
    <wordcount weight="4" > hh </wordcount>
    <wordcount weight="4" > purely </wordcount>
    <wordcount weight="4" > become </wordcount>
    <wordcount weight="4" > relation </wordcount>
    <wordcount weight="4" > pseudoobscura </wordcount>
    <wordcount weight="4" > yeasts </wordcount>
    <wordcount weight="4" > adaptive </wordcount>
    <wordcount weight="4" > science </wordcount>
    <wordcount weight="4" > sometimes </wordcount>
    <wordcount weight="4" > stocks </wordcount>
    <wordcount weight="4" > overlap </wordcount>
    <wordcount weight="4" > rapidly </wordcount>
    <wordcount weight="4" > clinal </wordcount>
    <wordcount weight="4" > often </wordcount>
    <wordcount weight="4" > considered </wordcount>
    <wordcount weight="4" > components </wordcount>
    <wordcount weight="4" > gametic </wordcount>
    <wordcount weight="4" > according </wordcount>
    <wordcount weight="4" > combined </wordcount>
    <wordcount weight="4" > adults </wordcount>
    <wordcount weight="4" > males </wordcount>
    <wordcount weight="4" > extent </wordcount>
    <wordcount weight="4" > prevent </wordcount>
    <wordcount weight="4" > uniform </wordcount>
    <wordcount weight="4" > think </wordcount>
    <wordcount weight="4" > varied </wordcount>
    <wordcount weight="4" > models </wordcount>
    <wordcount weight="4" > cunha </wordcount>
    <wordcount weight="4" > isolating </wordcount>
    <wordcount weight="4" > eggs </wordcount>
    <wordcount weight="4" > phenotypes </wordcount>
    <wordcount weight="4" > specific </wordcount>
    <wordcount weight="4" > th </wordcount>
    <wordcount weight="4" > element </wordcount>
    <wordcount weight="4" > among </wordcount>
    <wordcount weight="4" > should </wordcount>
    <wordcount weight="3" > difficult </wordcount>
    <wordcount weight="3" > meaning </wordcount>
    <wordcount weight="3" > eliminated </wordcount>
    <wordcount weight="3" > interbreeding </wordcount>
    <wordcount weight="3" > large </wordcount>
    <wordcount weight="3" > maize </wordcount>
    <wordcount weight="3" > true </wordcount>
    <wordcount weight="3" > before </wordcount>
    <wordcount weight="3" > leads </wordcount>
    <wordcount weight="3" > ears </wordcount>
    <wordcount weight="3" > papilio </wordcount>
    <wordcount weight="3" > supergenes </wordcount>
    <wordcount weight="3" > feature </wordcount>
    <wordcount weight="3" > centimorgans </wordcount>
    <wordcount weight="3" > greatly </wordcount>
    <wordcount weight="3" > willistoni </wordcount>
    <wordcount weight="3" > vol </wordcount>
    <wordcount weight="3" > condition </wordcount>
    <wordcount weight="3" > move </wordcount>
    <wordcount weight="3" > optima </wordcount>
    <wordcount weight="3" > except </wordcount>
    <wordcount weight="3" > pairs </wordcount>
    <wordcount weight="3" > interdependent </wordcount>
    <wordcount weight="3" > apply </wordcount>
    <wordcount weight="3" > sweet </wordcount>
    <wordcount weight="3" > prerequisite </wordcount>
    <wordcount weight="3" > due </wordcount>
    <wordcount weight="3" > de </wordcount>
    <wordcount weight="3" > interest </wordcount>
    <wordcount weight="3" > regarded </wordcount>
    <wordcount weight="3" > uniformity </wordcount>
    <wordcount weight="3" > overt </wordcount>
    <wordcount weight="3" > type </wordcount>
    <wordcount weight="3" > media </wordcount>
    <wordcount weight="3" > hs </wordcount>
    <wordcount weight="3" > maintaining </wordcount>
    <wordcount weight="3" > body </wordcount>
    <wordcount weight="3" > races </wordcount>
    <wordcount weight="3" > left </wordcount>
    <wordcount weight="3" > third </wordcount>
    <wordcount weight="3" > find </wordcount>
    <wordcount weight="3" > exposed </wordcount>
    <wordcount weight="3" > mechanism </wordcount>
    <wordcount weight="3" > higher </wordcount>
    <wordcount weight="3" > essential </wordcount>
    <wordcount weight="3" > predicted </wordcount>
    <wordcount weight="3" > negatively </wordcount>
    <wordcount weight="3" > main </wordcount>
    <wordcount weight="3" > how </wordcount>
    <wordcount weight="3" > probability </wordcount>
    <wordcount weight="3" > derived </wordcount>
    <wordcount weight="3" > special </wordcount>
    <wordcount weight="3" > figures </wordcount>
    <wordcount weight="3" > shell </wordcount>
    <wordcount weight="3" > means </wordcount>
    <wordcount weight="3" > heterostyly </wordcount>
    <wordcount weight="3" > yellow </wordcount>
    <wordcount weight="3" > linked </wordcount>
    <wordcount weight="3" > situations </wordcount>
    <wordcount weight="3" > highest </wordcount>
    <wordcount weight="3" > thodayreview </wordcount>
    <wordcount weight="3" > came </wordcount>
    <wordcount weight="3" > hxh </wordcount>
    <wordcount weight="3" > changed </wordcount>
    <wordcount weight="3" > pure </wordcount>
    <wordcount weight="3" > equal </wordcount>
    <wordcount weight="3" > lethal </wordcount>
    <wordcount weight="3" > mate </wordcount>
    <wordcount weight="3" > dispersal </wordcount>
    <wordcount weight="3" > pollen </wordcount>
    <wordcount weight="3" > work </wordcount>
    <wordcount weight="3" > paterniani </wordcount>
    <wordcount weight="3" > related </wordcount>
    <wordcount weight="3" > describe </wordcount>
    <wordcount weight="3" > et </wordcount>
    <wordcount weight="3" > call </wordcount>
    <wordcount weight="3" > away </wordcount>
    <wordcount weight="3" > tolerance </wordcount>
    <wordcount weight="3" > optimal </wordcount>
    <wordcount weight="3" > arise </wordcount>
    <wordcount weight="3" > adult </wordcount>
    <wordcount weight="3" > quite </wordcount>
    <wordcount weight="3" > antonovics </wordcount>
    <wordcount weight="3" > soil </wordcount>
    <wordcount weight="3" > generally </wordcount>
    <wordcount weight="3" > dependent </wordcount>
    <wordcount weight="3" > value </wordcount>
    <wordcount weight="3" > brassica </wordcount>
    <wordcount weight="3" > preferences </wordcount>
    <wordcount weight="3" > biological </wordcount>
    <wordcount weight="3" > competition </wordcount>
    <wordcount weight="3" > permission </wordcount>
    <wordcount weight="3" > us </wordcount>
    <wordcount weight="3" > dardanus </wordcount>
    <wordcount weight="3" > geotactic </wordcount>
    <wordcount weight="3" > independent </wordcount>
    <wordcount weight="3" > cage </wordcount>
    <wordcount weight="3" > again </wordcount>
    <wordcount weight="3" > fitnesses </wordcount>
    <wordcount weight="3" > smith </wordcount>
    <wordcount weight="3" > crop </wordcount>
    <wordcount weight="3" > end </wordcount>
    <wordcount weight="3" > enough </wordcount>
    <wordcount weight="3" > demonstrations </wordcount>
    <wordcount weight="3" > degree </wordcount>
    <wordcount weight="3" > unfavourable </wordcount>
    <wordcount weight="3" > considering </wordcount>
    <wordcount weight="3" > incompatibility </wordcount>
    <wordcount weight="3" > judge </wordcount>
    <wordcount weight="3" > significant </wordcount>
    <wordcount weight="3" > expression </wordcount>
    <wordcount weight="3" > use </wordcount>
    <wordcount weight="3" > described </wordcount>
    <wordcount weight="3" > individual </wordcount>
    <wordcount weight="3" > interspecific </wordcount>
    <wordcount weight="3" > black </wordcount>
    <wordcount weight="3" > provides </wordcount>
    <wordcount weight="3" > levins </wordcount>
    <wordcount weight="3" > sense </wordcount>
    <wordcount weight="3" > wolstenholme </wordcount>
    <wordcount weight="3" > levene </wordcount>
    <wordcount weight="3" > controversial </wordcount>
    <wordcount weight="3" > overlapping </wordcount>
    <wordcount weight="3" > modification </wordcount>
    <wordcount weight="3" > regular </wordcount>
    <wordcount weight="3" > wing </wordcount>
    <wordcount weight="3" > male </wordcount>
    <wordcount weight="3" > who </wordcount>
    <wordcount weight="3" > consonant </wordcount>
    <wordcount weight="3" > indicate </wordcount>
    <wordcount weight="3" > length </wordcount>
    <wordcount weight="3" > fall </wordcount>
    <wordcount weight="3" > repulsion </wordcount>
    <wordcount weight="3" > earliest </wordcount>
    <wordcount weight="3" > phototactic </wordcount>
    <wordcount weight="3" > ehrman </wordcount>
    <wordcount weight="3" > ever </wordcount>
    <wordcount weight="3" > ll </wordcount>
    <wordcount weight="3" > coupling </wordcount>
    <wordcount weight="3" > seem </wordcount>
    <wordcount weight="3" > genus </wordcount>
    <wordcount weight="3" > animal </wordcount>
    <wordcount weight="3" > form </wordcount>
    <wordcount weight="3" > cause </wordcount>
    <wordcount weight="3" > while </wordcount>
    <wordcount weight="3" > information </wordcount>
    <wordcount weight="3" > size </wordcount>
    <wordcount weight="3" > trees </wordcount>
    <wordcount weight="3" > circumstances </wordcount>
    <wordcount weight="3" > sympatry </wordcount>
    <wordcount weight="3" > became </wordcount>
    <wordcount weight="3" > measure </wordcount>
    <wordcount weight="3" > discussion </wordcount>
    <wordcount weight="3" > definitions </wordcount>
    <wordcount weight="3" > question </wordcount>
    <wordcount weight="3" > differentiation </wordcount>
    <wordcount weight="3" > grant </wordcount>
    <wordcount weight="3" > mode </wordcount>
    <wordcount weight="3" > polygenes </wordcount>
    <wordcount weight="3" > anthoxanthum </wordcount>
    <wordcount weight="3" > vary </wordcount>
    <wordcount weight="3" > substantial </wordcount>
    <wordcount weight="3" > interaction </wordcount>
    <wordcount weight="2" > final </wordcount>
    <wordcount weight="2" > go </wordcount>
    <wordcount weight="2" > adaptedness </wordcount>
    <wordcount weight="2" > rate </wordcount>
    <wordcount weight="2" > homologue </wordcount>
    <wordcount weight="2" > convergence </wordcount>
    <wordcount weight="2" > sterile </wordcount>
    <wordcount weight="2" > indicated </wordcount>
    <wordcount weight="2" > glaucous </wordcount>
    <wordcount weight="2" > groups </wordcount>
    <wordcount weight="2" > migrated </wordcount>
    <wordcount weight="2" > persimilis </wordcount>
    <wordcount weight="2" > dronfield </wordcount>
    <wordcount weight="2" > introduction </wordcount>
    <wordcount weight="2" > rubinoff </wordcount>
    <wordcount weight="2" > crossing </wordcount>
    <wordcount weight="2" > per </wordcount>
    <wordcount weight="2" > expect </wordcount>
    <wordcount weight="2" > group </wordcount>
    <wordcount weight="2" > diverge </wordcount>
    <wordcount weight="2" > word </wordcount>
    <wordcount weight="2" > considerations </wordcount>
    <wordcount weight="2" > pollinated </wordcount>
    <wordcount weight="2" > position </wordcount>
    <wordcount weight="2" > dobzhansky </wordcount>
    <wordcount weight="2" > insects </wordcount>
    <wordcount weight="2" > darlington </wordcount>
    <wordcount weight="2" > laid </wordcount>
    <wordcount weight="2" > replicate </wordcount>
    <wordcount weight="2" > total </wordcount>
    <wordcount weight="2" > controlled </wordcount>
    <wordcount weight="2" > permitted </wordcount>
    <wordcount weight="2" > efficacy </wordcount>
    <wordcount weight="2" > heterozygous </wordcount>
    <wordcount weight="2" > remembered </wordcount>
    <wordcount weight="2" > consistent </wordcount>
    <wordcount weight="2" > gap </wordcount>
    <wordcount weight="2" > hence </wordcount>
    <wordcount weight="2" > production </wordcount>
    <wordcount weight="2" > hum </wordcount>
    <wordcount weight="2" > hatched </wordcount>
    <wordcount weight="2" > definition </wordcount>
    <wordcount weight="2" > twenty </wordcount>
    <wordcount weight="2" > confusion </wordcount>
    <wordcount weight="2" > ter </wordcount>
    <wordcount weight="2" > quant </wordcount>
    <wordcount weight="2" > producing </wordcount>
    <wordcount weight="2" > arises </wordcount>
    <wordcount weight="2" > products </wordcount>
    <wordcount weight="2" > take </wordcount>
    <wordcount weight="2" > real </wordcount>
    <wordcount weight="2" > failures </wordcount>
    <wordcount weight="2" > pupate </wordcount>
    <wordcount weight="2" > state </wordcount>
    <wordcount weight="2" > manipulating </wordcount>
    <wordcount weight="2" > bimodality </wordcount>
    <wordcount weight="2" > case </wordcount>
    <wordcount weight="2" > issue </wordcount>
    <wordcount weight="2" > existence </wordcount>
    <wordcount weight="2" > linear </wordcount>
    <wordcount weight="2" > capacity </wordcount>
    <wordcount weight="2" > primary </wordcount>
    <wordcount weight="2" > planted </wordcount>
    <wordcount weight="2" > discuss </wordcount>
    <wordcount weight="2" > haldane </wordcount>
    <wordcount weight="2" > determined </wordcount>
    <wordcount weight="2" > occurring </wordcount>
    <wordcount weight="2" > say </wordcount>
    <wordcount weight="2" > desirable </wordcount>
    <wordcount weight="2" > minimum </wordcount>
    <wordcount weight="2" > wallace </wordcount>
    <wordcount weight="2" > ends </wordcount>
    <wordcount weight="2" > phase </wordcount>
    <wordcount weight="2" > mine </wordcount>
    <wordcount weight="2" > run </wordcount>
    <wordcount weight="2" > author </wordcount>
    <wordcount weight="2" > sample </wordcount>
    <wordcount weight="2" > z </wordcount>
    <wordcount weight="2" > turn </wordcount>
    <wordcount weight="2" > heterozygote </wordcount>
    <wordcount weight="2" > crosses </wordcount>
    <wordcount weight="2" > amount </wordcount>
    <wordcount weight="2" > limpet </wordcount>
    <wordcount weight="2" > difficulty </wordcount>
    <wordcount weight="2" > young </wordcount>
    <wordcount weight="2" > sci </wordcount>
    <wordcount weight="2" > unequivocally </wordcount>
    <wordcount weight="2" > weight </wordcount>
    <wordcount weight="2" > eucalyptus </wordcount>
    <wordcount weight="2" > site </wordcount>
    <wordcount weight="2" > interesting </wordcount>
    <wordcount weight="2" > colour </wordcount>
    <wordcount weight="2" > recognized </wordcount>
    <wordcount weight="2" > adequate </wordcount>
    <wordcount weight="2" > maleline </wordcount>
    <wordcount weight="2" > subjected </wordcount>
    <wordcount weight="2" > var </wordcount>
    <wordcount weight="2" > represented </wordcount>
    <wordcount weight="2" > lay </wordcount>
    <wordcount weight="2" > consequences </wordcount>
    <wordcount weight="2" > genetica </wordcount>
    <wordcount weight="2" > affect </wordcount>
    <wordcount weight="2" > operates </wordcount>
    <wordcount weight="2" > retained </wordcount>
    <wordcount weight="2" > severity </wordcount>
    <wordcount weight="2" > repeated </wordcount>
    <wordcount weight="2" > proved </wordcount>
    <wordcount weight="2" > cubitus </wordcount>
    <wordcount weight="2" > days </wordcount>
    <wordcount weight="2" > serv </wordcount>
    <wordcount weight="2" > linkage </wordcount>
    <wordcount weight="2" > contrary </wordcount>
    <wordcount weight="2" > biometrics </wordcount>
    <wordcount weight="2" > whereas </wordcount>
    <wordcount weight="2" > hours </wordcount>
    <wordcount weight="2" > migrant </wordcount>
    <wordcount weight="2" > location </wordcount>
    <wordcount weight="2" > primula </wordcount>
    <wordcount weight="2" > souza </wordcount>
    <wordcount weight="2" > inversion </wordcount>
    <wordcount weight="2" > boxes </wordcount>
    <wordcount weight="2" > effective </wordcount>
    <wordcount weight="2" > supergene </wordcount>
    <wordcount weight="2" > recently </wordcount>
    <wordcount weight="2" > ford </wordcount>
    <wordcount weight="2" > possibility </wordcount>
    <wordcount weight="2" > briefly </wordcount>
    <wordcount weight="2" > bradshaw </wordcount>
    <wordcount weight="2" > having </wordcount>
    <wordcount weight="2" > data </wordcount>
    <wordcount weight="2" > gave </wordcount>
    <wordcount weight="2" > sympatrically </wordcount>
    <wordcount weight="2" > thereafter </wordcount>
    <wordcount weight="2" > differentially </wordcount>
    <wordcount weight="2" > week </wordcount>
    <wordcount weight="2" > computer </wordcount>
    <wordcount weight="2" > caused </wordcount>
    <wordcount weight="2" > working </wordcount>
    <wordcount weight="2" > cold </wordcount>
    <wordcount weight="2" > suggest </wordcount>
    <wordcount weight="2" > simpler </wordcount>
    <wordcount weight="2" > tested </wordcount>
    <wordcount weight="2" > box </wordcount>
    <wordcount weight="2" > order </wordcount>
    <wordcount weight="2" > small </wordcount>
    <wordcount weight="2" > multiple </wordcount>
    <wordcount weight="2" > choosing </wordcount>
    <wordcount weight="2" > essentially </wordcount>
    <wordcount weight="2" > boundaries </wordcount>
    <wordcount weight="2" > geneticists </wordcount>
    <wordcount weight="2" > favoured </wordcount>
    <wordcount weight="2" > snails </wordcount>
    <wordcount weight="2" > scored </wordcount>
    <wordcount weight="2" > vial </wordcount>
    <wordcount weight="2" > conditioning </wordcount>
    <wordcount weight="2" > absence </wordcount>
    <wordcount weight="2" > elimination </wordcount>
    <wordcount weight="2" > architecture </wordcount>
    <wordcount weight="2" > outcrossing </wordcount>
    <wordcount weight="2" > action </wordcount>
    <wordcount weight="2" > short </wordcount>
    <wordcount weight="2" > overall </wordcount>
    <wordcount weight="2" > favours </wordcount>
    <wordcount weight="2" > classic </wordcount>
    <wordcount weight="2" > forward </wordcount>
    <wordcount weight="2" > spickett </wordcount>
    <wordcount weight="2" > indicates </wordcount>
    <wordcount weight="2" > initially </wordcount>
    <wordcount weight="2" > modes </wordcount>
    <wordcount weight="2" > once </wordcount>
    <wordcount weight="2" > yet </wordcount>
    <wordcount weight="2" > pp </wordcount>
    <wordcount weight="2" > barker </wordcount>
    <wordcount weight="2" > neither </wordcount>
    <wordcount weight="2" > positively </wordcount>
    <wordcount weight="2" > light </wordcount>
    <wordcount weight="2" > already </wordcount>
    <wordcount weight="2" > simulation </wordcount>
    <wordcount weight="2" > natn </wordcount>
    <wordcount weight="2" > pointed </wordcount>
    <wordcount weight="2" > stebbins </wordcount>
    <wordcount weight="2" > harb </wordcount>
    <wordcount weight="2" > marker </wordcount>
    <wordcount weight="2" > viii </wordcount>
    <wordcount weight="2" > considerable </wordcount>
    <wordcount weight="2" > pimentel </wordcount>
    <wordcount weight="2" > forms </wordcount>
    <wordcount weight="2" > took </wordcount>
    <wordcount weight="2" > hand </wordcount>
    <wordcount weight="2" > operating </wordcount>
    <wordcount weight="2" > ensured </wordcount>
    <wordcount weight="2" > butterfly </wordcount>
    <wordcount weight="2" > establish </wordcount>
    <wordcount weight="2" > marginal </wordcount>
    <wordcount weight="2" > hxl </wordcount>
    <wordcount weight="2" > remained </wordcount>
    <wordcount weight="2" > demonstrated </wordcount>
    <wordcount weight="2" > understanding </wordcount>
    <wordcount weight="2" > mice </wordcount>
    <wordcount weight="2" > prevention </wordcount>
    <wordcount weight="2" > organisms </wordcount>
    <wordcount weight="2" > values </wordcount>
    <wordcount weight="2" > heterozygotes </wordcount>
    <wordcount weight="2" > sixth </wordcount>
    <wordcount weight="2" > sufficiently </wordcount>
    <wordcount weight="2" > genetically </wordcount>
    <wordcount weight="2" > medium </wordcount>
    <wordcount weight="2" > combining </wordcount>
    <wordcount weight="2" > refers </wordcount>
    <wordcount weight="2" > causes </wordcount>
    <wordcount weight="2" > larval </wordcount>
    <wordcount weight="2" > falconer </wordcount>
    <wordcount weight="2" > theoretical </wordcount>
    <wordcount weight="2" > objection </wordcount>
    <wordcount weight="2" > geographically </wordcount>
    <wordcount weight="2" > lxl </wordcount>
    <wordcount weight="2" > optimum </wordcount>
    <wordcount weight="2" > features </wordcount>
    <wordcount weight="2" > distinction </wordcount>
    <wordcount weight="2" > kept </wordcount>
    <wordcount weight="2" > earlier </wordcount>
    <wordcount weight="2" > shelled </wordcount>
    <wordcount weight="2" > campestris </wordcount>
    <wordcount weight="2" > cogent </wordcount>
    <wordcount weight="2" > inf </wordcount>
    <wordcount weight="2" > editors </wordcount>
    <wordcount weight="2" > ann </wordcount>
    <wordcount weight="2" > exactly </wordcount>
    <wordcount weight="2" > probably </wordcount>
    <wordcount weight="2" > mimicry </wordcount>
    <wordcount weight="2" > differ </wordcount>
    <wordcount weight="2" > streams </wordcount>
    <wordcount weight="2" > brown </wordcount>
    <wordcount weight="2" > soans </wordcount>
    <wordcount weight="2" > separate </wordcount>
    <wordcount weight="2" > waddington </wordcount>
    <wordcount weight="2" > me </wordcount>
    <wordcount weight="2" > residual </wordcount>
    <wordcount weight="2" > support </wordcount>
    <wordcount weight="2" > polygenic </wordcount>
    <wordcount weight="2" > parent </wordcount>
    <wordcount weight="2" > success </wordcount>
    <wordcount weight="2" > directions </wordcount>
    <wordcount weight="2" > remaining </wordcount>
    <wordcount weight="2" > originated </wordcount>
    <wordcount weight="2" > strains </wordcount>
    <wordcount weight="2" > class </wordcount>
    <wordcount weight="2" > responsible </wordcount>
    <wordcount weight="2" > analysis </wordcount>
    <wordcount weight="2" > stable </wordcount>
    <wordcount weight="2" > seriously </wordcount>
    <wordcount weight="2" > variable </wordcount>
    <wordcount weight="2" > magnitude </wordcount>
    <wordcount weight="2" > heavy </wordcount>
    <wordcount weight="2" > following </wordcount>
    <wordcount weight="2" > conclusion </wordcount>
    <wordcount weight="2" > complexity </wordcount>
    <wordcount weight="2" > changing </wordcount>
    <wordcount weight="2" > dimorphism </wordcount>
    <wordcount weight="2" > nutritional </wordcount>
    <wordcount weight="2" > known </wordcount>
    <wordcount weight="2" > doggett </wordcount>
    <wordcount weight="2" > brazilian </wordcount>
    <wordcount weight="2" > introgressive </wordcount>
    <wordcount weight="2" > know </wordcount>
    <wordcount weight="2" > outcome </wordcount>
    <wordcount weight="2" > principle </wordcount>
    <wordcount weight="2" > seedlings </wordcount>
    <wordcount weight="2" > readily </wordcount>
    <wordcount weight="2" > parental </wordcount>
    <wordcount weight="2" > paper </wordcount>
    <wordcount weight="2" > believe </wordcount>
    <wordcount weight="2" > ubiquitous </wordcount>
    <wordcount weight="2" > equivocal </wordcount>
    <wordcount weight="2" > regard </wordcount>
    <wordcount weight="2" > powell </wordcount>
    <wordcount weight="2" > separating </wordcount>
    <wordcount weight="2" > inviable </wordcount>
    <wordcount weight="2" > just </wordcount>
    <wordcount weight="2" > unlikely </wordcount>
    <wordcount weight="2" > homozygous </wordcount>
    <wordcount weight="2" > spatial </wordcount>
    <wordcount weight="2" > cline </wordcount>
    <wordcount weight="2" > imposed </wordcount>
    <wordcount weight="2" > add </wordcount>
    <wordcount weight="2" > acmaea </wordcount>
    <wordcount weight="2" > disruptively </wordcount>
    <wordcount weight="2" > pupation </wordcount>
    <wordcount weight="2" > up </wordcount>
    <wordcount weight="2" > middle </wordcount>
    <wordcount weight="2" > chromosomes </wordcount>
    <wordcount weight="2" > through </wordcount>
    <wordcount weight="2" > role </wordcount>
    <wordcount weight="2" > techniques </wordcount>
    <wordcount weight="2" > ceanothus </wordcount>
    <wordcount weight="2" > spring </wordcount>
    <wordcount weight="2" > enzyme </wordcount>
    <wordcount weight="2" > years </wordcount>
    <wordcount weight="2" > lxh </wordcount>
    <wordcount weight="2" > inbreeding </wordcount>
    <wordcount weight="2" > mutual </wordcount>
    <wordcount weight="2" > temperature </wordcount>
    <wordcount weight="2" > levin </wordcount>
    <wordcount weight="2" > include </wordcount>
    <wordcount weight="2" > southacre </wordcount>
    <wordcount weight="2" > green </wordcount>
    <wordcount weight="2" > cummins </wordcount>
    <wordcount weight="2" > defined </wordcount>
    <wordcount weight="2" > remains </wordcount>
    <wordcount weight="2" > increased </wordcount>
    <wordcount weight="2" > mettler </wordcount>
    <wordcount weight="2" > drift </wordcount>
    <wordcount weight="2" > themselves </wordcount>
    <wordcount weight="2" > interruptus </wordcount>
    <wordcount weight="2" > dark </wordcount>
    <wordcount weight="2" > major </wordcount>
    <wordcount weight="2" > characters </wordcount>
    <wordcount weight="2" > strong </wordcount>
    <wordcount weight="2" > recent </wordcount>
    <wordcount weight="2" > dos </wordcount>
    <wordcount weight="2" > allele </wordcount>
    <wordcount weight="1" > cepea </wordcount>
    <wordcount weight="1" > hl </wordcount>
    <wordcount weight="1" > problem </wordcount>
    <wordcount weight="1" > reactive </wordcount>
    <wordcount weight="1" > now </wordcount>
    <wordcount weight="1" > produces </wordcount>
    <wordcount weight="1" > prefer </wordcount>
    <wordcount weight="1" > subpopulation </wordcount>
    <wordcount weight="1" > edge </wordcount>
    <wordcount weight="1" > behavioural </wordcount>
    <wordcount weight="1" > horizontal </wordcount>
    <wordcount weight="1" > fertile </wordcount>
    <wordcount weight="1" > concerned </wordcount>
    <wordcount weight="1" > rev </wordcount>
    <wordcount weight="1" > advmt </wordcount>
    <wordcount weight="1" > asymmetric </wordcount>
    <wordcount weight="1" > suggested </wordcount>
    <wordcount weight="1" > designated </wordcount>
    <wordcount weight="1" > created </wordcount>
    <wordcount weight="1" > separated </wordcount>
    <wordcount weight="1" > resulted </wordcount>
    <wordcount weight="1" > math </wordcount>
    <wordcount weight="1" > measures </wordcount>
    <wordcount weight="1" > ranges </wordcount>
    <wordcount weight="1" > mar </wordcount>
    <wordcount weight="1" > ohxh </wordcount>
    <wordcount weight="1" > forcing </wordcount>
    <wordcount weight="1" > vinegar </wordcount>
    <wordcount weight="1" > becoming </wordcount>
    <wordcount weight="1" > developmentally </wordcount>
    <wordcount weight="1" > partially </wordcount>
    <wordcount weight="1" > kinds </wordcount>
    <wordcount weight="1" > preious </wordcount>
    <wordcount weight="1" > entries </wordcount>
    <wordcount weight="1" > sheffield </wordcount>
    <wordcount weight="1" > live </wordcount>
    <wordcount weight="1" > sets </wordcount>
    <wordcount weight="1" > completely </wordcount>
    <wordcount weight="1" > johns </wordcount>
    <wordcount weight="1" > cryptic </wordcount>
    <wordcount weight="1" > gilia </wordcount>
    <wordcount weight="1" > glandulosus </wordcount>
    <wordcount weight="1" > cycles </wordcount>
    <wordcount weight="1" > necessarily </wordcount>
    <wordcount weight="1" > history </wordcount>
    <wordcount weight="1" > presents </wordcount>
    <wordcount weight="1" > variants </wordcount>
    <wordcount weight="1" > fematwo </wordcount>
    <wordcount weight="1" > kojima </wordcount>
    <wordcount weight="1" > communicating </wordcount>
    <wordcount weight="1" > uses </wordcount>
    <wordcount weight="1" > something </wordcount>
    <wordcount weight="1" > descriptions </wordcount>
    <wordcount weight="1" > homozygotes </wordcount>
    <wordcount weight="1" > programmes </wordcount>
    <wordcount weight="1" > biotas </wordcount>
    <wordcount weight="1" > long </wordcount>
    <wordcount weight="1" > pink </wordcount>
    <wordcount weight="1" > certainly </wordcount>
    <wordcount weight="1" > jackson </wordcount>
    <wordcount weight="1" > indukt </wordcount>
    <wordcount weight="1" > exaggerated </wordcount>
    <wordcount weight="1" > steady </wordcount>
    <wordcount weight="1" > phil </wordcount>
    <wordcount weight="1" > wary </wordcount>
    <wordcount weight="1" > calcareous </wordcount>
    <wordcount weight="1" > worked </wordcount>
    <wordcount weight="1" > joke </wordcount>
    <wordcount weight="1" > maintains </wordcount>
    <wordcount weight="1" > confirmed </wordcount>
    <wordcount weight="1" > crenshaw </wordcount>
    <wordcount weight="1" > possibilities </wordcount>
    <wordcount weight="1" > ft </wordcount>
    <wordcount weight="1" > attractive </wordcount>
    <wordcount weight="1" > rothamsted </wordcount>
    <wordcount weight="1" > imposes </wordcount>
    <wordcount weight="1" > advantage </wordcount>
    <wordcount weight="1" > broken </wordcount>
    <wordcount weight="1" > suggesting </wordcount>
    <wordcount weight="1" > accompanied </wordcount>
    <wordcount weight="1" > theme </wordcount>
    <wordcount weight="1" > figmre </wordcount>
    <wordcount weight="1" > accumulated </wordcount>
    <wordcount weight="1" > fully </wordcount>
    <wordcount weight="1" > lh </wordcount>
    <wordcount weight="1" > atlantic </wordcount>
    <wordcount weight="1" > farther </wordcount>
    <wordcount weight="1" > reveal </wordcount>
    <wordcount weight="1" > biologica </wordcount>
    <wordcount weight="1" > composition </wordcount>
    <wordcount weight="1" > reps </wordcount>
    <wordcount weight="1" > koller </wordcount>
    <wordcount weight="1" > carnegie </wordcount>
    <wordcount weight="1" > matingreview </wordcount>
    <wordcount weight="1" > subsequent </wordcount>
    <wordcount weight="1" > kempton </wordcount>
    <wordcount weight="1" > lodge </wordcount>
    <wordcount weight="1" > consist </wordcount>
    <wordcount weight="1" > mind </wordcount>
    <wordcount weight="1" > date </wordcount>
    <wordcount weight="1" > murray </wordcount>
    <wordcount weight="1" > respond </wordcount>
    <wordcount weight="1" > buenos </wordcount>
    <wordcount weight="1" > concepts </wordcount>
    <wordcount weight="1" > primitive </wordcount>
    <wordcount weight="1" > classified </wordcount>
    <wordcount weight="1" > investigations </wordcount>
    <wordcount weight="1" > ours </wordcount>
    <wordcount weight="1" > agrostis </wordcount>
    <wordcount weight="1" > context </wordcount>
    <wordcount weight="1" > macarthur </wordcount>
    <wordcount weight="1" > occasional </wordcount>
    <wordcount weight="1" > endocr </wordcount>
    <wordcount weight="1" > badly </wordcount>
    <wordcount weight="1" > botanical </wordcount>
    <wordcount weight="1" > protagonists </wordcount>
    <wordcount weight="1" > key </wordcount>
    <wordcount weight="1" > albeit </wordcount>
    <wordcount weight="1" > mass </wordcount>
    <wordcount weight="1" > acad </wordcount>
    <wordcount weight="1" > march </wordcount>
    <wordcount weight="1" > chromosomal </wordcount>
    <wordcount weight="1" > capable </wordcount>
    <wordcount weight="1" > fitting </wordcount>
    <wordcount weight="1" > implies </wordcount>
    <wordcount weight="1" > marked </wordcount>
    <wordcount weight="1" > cooperation </wordcount>
    <wordcount weight="1" > soils </wordcount>
    <wordcount weight="1" > slight </wordcount>
    <wordcount weight="1" > etc </wordcount>
    <wordcount weight="1" > reaction </wordcount>
    <wordcount weight="1" > functions </wordcount>
    <wordcount weight="1" > bisexual </wordcount>
    <wordcount weight="1" > hardyweinberg </wordcount>
    <wordcount weight="1" > tayel </wordcount>
    <wordcount weight="1" > vital </wordcount>
    <wordcount weight="1" > obvious </wordcount>
    <wordcount weight="1" > desired </wordcount>
    <wordcount weight="1" > variations </wordcount>
    <wordcount weight="1" > consequent </wordcount>
    <wordcount weight="1" > far </wordcount>
    <wordcount weight="1" > sio </wordcount>
    <wordcount weight="1" > indicating </wordcount>
    <wordcount weight="1" > uncertain </wordcount>
    <wordcount weight="1" > quantity </wordcount>
    <wordcount weight="1" > disassortatively </wordcount>
    <wordcount weight="1" > anticipated </wordcount>
    <wordcount weight="1" > decreasing </wordcount>
    <wordcount weight="1" > nobs </wordcount>
    <wordcount weight="1" > plenty </wordcount>
    <wordcount weight="1" > involvedreview </wordcount>
    <wordcount weight="1" > fixation </wordcount>
    <wordcount weight="1" > strengthens </wordcount>
    <wordcount weight="1" > analyse </wordcount>
    <wordcount weight="1" > split </wordcount>
    <wordcount weight="1" > overlaps </wordcount>
    <wordcount weight="1" > tribolium </wordcount>
    <wordcount weight="1" > exist </wordcount>
    <wordcount weight="1" > li </wordcount>
    <wordcount weight="1" > segregation </wordcount>
    <wordcount weight="1" > includes </wordcount>
    <wordcount weight="1" > pools </wordcount>
    <wordcount weight="1" > dependence </wordcount>
    <wordcount weight="1" > xy </wordcount>
    <wordcount weight="1" > relationships </wordcount>
    <wordcount weight="1" > cogence </wordcount>
    <wordcount weight="1" > component </wordcount>
    <wordcount weight="1" > difficulties </wordcount>
    <wordcount weight="1" > pockets </wordcount>
    <wordcount weight="1" > pilot </wordcount>
    <wordcount weight="1" > silks </wordcount>
    <wordcount weight="1" > september </wordcount>
    <wordcount weight="1" > xxiii </wordcount>
    <wordcount weight="1" > predators </wordcount>
    <wordcount weight="1" > reproduced </wordcount>
    <wordcount weight="1" > mixed </wordcount>
    <wordcount weight="1" > relations </wordcount>
    <wordcount weight="1" > koopman </wordcount>
    <wordcount weight="1" > amounts </wordcount>
    <wordcount weight="1" > suitably </wordcount>
    <wordcount weight="1" > ease </wordcount>
    <wordcount weight="1" > barrier </wordcount>
    <wordcount weight="1" > term </wordcount>
    <wordcount weight="1" > asymmetrical </wordcount>
    <wordcount weight="1" > migrate </wordcount>
    <wordcount weight="1" > exercise </wordcount>
    <wordcount weight="1" > wiley </wordcount>
    <wordcount weight="1" > adjustment </wordcount>
    <wordcount weight="1" > economical </wordcount>
    <wordcount weight="1" > elements </wordcount>
    <wordcount weight="1" > old </wordcount>
    <wordcount weight="1" > enhancement </wordcount>
    <wordcount weight="1" > simpson </wordcount>
    <wordcount weight="1" > confounded </wordcount>
    <wordcount weight="1" > uniformly </wordcount>
    <wordcount weight="1" > causing </wordcount>
    <wordcount weight="1" > differently </wordcount>
    <wordcount weight="1" > ear </wordcount>
    <wordcount weight="1" > simplest </wordcount>
    <wordcount weight="1" > thodayseparated </wordcount>
    <wordcount weight="1" > boundary </wordcount>
    <wordcount weight="1" > tenuis </wordcount>
    <wordcount weight="1" > suitable </wordcount>
    <wordcount weight="1" > drosoph </wordcount>
    <wordcount weight="1" > dates </wordcount>
    <wordcount weight="1" > grandparents </wordcount>
    <wordcount weight="1" > twice </wordcount>
    <wordcount weight="1" > paulistorum </wordcount>
    <wordcount weight="1" > publications </wordcount>
    <wordcount weight="1" > compare </wordcount>
    <wordcount weight="1" > y </wordcount>
    <wordcount weight="1" > tend </wordcount>
    <wordcount weight="1" > postulate </wordcount>
    <wordcount weight="1" > reared </wordcount>
    <wordcount weight="1" > bottles </wordcount>
    <wordcount weight="1" > apparently </wordcount>
    <wordcount weight="1" > pronounced </wordcount>
    <wordcount weight="1" > shall </wordcount>
    <wordcount weight="1" > zbl </wordcount>
    <wordcount weight="1" > influence </wordcount>
    <wordcount weight="1" > vererblehre </wordcount>
    <wordcount weight="1" > kuile </wordcount>
    <wordcount weight="1" > darkl </wordcount>
    <wordcount weight="1" > phases </wordcount>
    <wordcount weight="1" > bimodal </wordcount>
    <wordcount weight="1" > assessed </wordcount>
    <wordcount weight="1" > deviation </wordcount>
    <wordcount weight="1" > pacific </wordcount>
    <wordcount weight="1" > topic </wordcount>
    <wordcount weight="1" > disposed </wordcount>
    <wordcount weight="1" > whose </wordcount>
    <wordcount weight="1" > bull </wordcount>
    <wordcount weight="1" > grun </wordcount>
    <wordcount weight="1" > exact </wordcount>
    <wordcount weight="1" > act </wordcount>
    <wordcount weight="1" > schaal </wordcount>
    <wordcount weight="1" > fere </wordcount>
    <wordcount weight="1" > reviews </wordcount>
    <wordcount weight="1" > chejne </wordcount>
    <wordcount weight="1" > autecology </wordcount>
    <wordcount weight="1" > sarson </wordcount>
    <wordcount weight="1" > arising </wordcount>
    <wordcount weight="1" > across </wordcount>
    <wordcount weight="1" > diffusion </wordcount>
    <wordcount weight="1" > illustration </wordcount>
    <wordcount weight="1" > altitudinal </wordcount>
    <wordcount weight="1" > basic </wordcount>
    <wordcount weight="1" > collaboratory </wordcount>
    <wordcount weight="1" > hanson </wordcount>
    <wordcount weight="1" > subdivision </wordcount>
    <wordcount weight="1" > opportunity </wordcount>
    <wordcount weight="1" > determining </wordcount>
    <wordcount weight="1" > proportion </wordcount>
    <wordcount weight="1" > annales </wordcount>
    <wordcount weight="1" > conjunction </wordcount>
    <wordcount weight="1" > leave </wordcount>
    <wordcount weight="1" > induce </wordcount>
    <wordcount weight="1" > plots </wordcount>
    <wordcount weight="1" > ass </wordcount>
    <wordcount weight="1" > ix </wordcount>
    <wordcount weight="1" > contributions </wordcount>
    <wordcount weight="1" > assuming </wordcount>
    <wordcount weight="1" > weration </wordcount>
    <wordcount weight="1" > jm </wordcount>
    <wordcount weight="1" > flieselected </wordcount>
    <wordcount weight="1" > summarized </wordcount>
    <wordcount weight="1" > fucus </wordcount>
    <wordcount weight="1" > altitude </wordcount>
    <wordcount weight="1" > methuen </wordcount>
    <wordcount weight="1" > reason </wordcount>
    <wordcount weight="1" > modified </wordcount>
    <wordcount weight="1" > probabilities </wordcount>
    <wordcount weight="1" > escape </wordcount>
    <wordcount weight="1" > interdependence </wordcount>
    <wordcount weight="1" > consider </wordcount>
    <wordcount weight="1" > flexibility </wordcount>
    <wordcount weight="1" > organization </wordcount>
    <wordcount weight="1" > cryptically </wordcount>
    <wordcount weight="1" > imposing </wordcount>
    <wordcount weight="1" > den </wordcount>
    <wordcount weight="1" > presumably </wordcount>
    <wordcount weight="1" > majisu </wordcount>
    <wordcount weight="1" > elsewhere </wordcount>
    <wordcount weight="1" > proposed </wordcount>
    <wordcount weight="1" > baldawi </wordcount>
    <wordcount weight="1" > gradually </wordcount>
    <wordcount weight="1" > house </wordcount>
    <wordcount weight="1" > argued </wordcount>
    <wordcount weight="1" > reviewed </wordcount>
    <wordcount weight="1" > truncation </wordcount>
    <wordcount weight="1" > accumulating </wordcount>
    <wordcount weight="1" > solid </wordcount>
    <wordcount weight="1" > xi </wordcount>
    <wordcount weight="1" > timings </wordcount>
    <wordcount weight="1" > recovered </wordcount>
    <wordcount weight="1" > additional </wordcount>
    <wordcount weight="1" > powerful </wordcount>
    <wordcount weight="1" > pavlovsky </wordcount>
    <wordcount weight="1" > surface </wordcount>
    <wordcount weight="1" > beyond </wordcount>
    <wordcount weight="1" > efficient </wordcount>
    <wordcount weight="1" > cost </wordcount>
    <wordcount weight="1" > requires </wordcount>
    <wordcount weight="1" > fewest </wordcount>
    <wordcount weight="1" > baits </wordcount>
    <wordcount weight="1" > dustbin </wordcount>
    <wordcount weight="1" > providing </wordcount>
    <wordcount weight="1" > decades </wordcount>
    <wordcount weight="1" > mcneilly </wordcount>
    <wordcount weight="1" > appear </wordcount>
    <wordcount weight="1" > unwin </wordcount>
    <wordcount weight="1" > burrows </wordcount>
    <wordcount weight="1" > expressed </wordcount>
    <wordcount weight="1" > moving </wordcount>
    <wordcount weight="1" > my </wordcount>
    <wordcount weight="1" > bulmer </wordcount>
    <wordcount weight="1" > allow </wordcount>
    <wordcount weight="1" > diverging </wordcount>
    <wordcount weight="1" > recombinational </wordcount>
    <wordcount weight="1" > color </wordcount>
    <wordcount weight="1" > strength </wordcount>
    <wordcount weight="1" > determines </wordcount>
    <wordcount weight="1" > deal </wordcount>
    <wordcount weight="1" > reply </wordcount>
    <wordcount weight="1" > criticisms </wordcount>
    <wordcount weight="1" > relate </wordcount>
    <wordcount weight="1" > requirements </wordcount>
    <wordcount weight="1" > zone </wordcount>
    <wordcount weight="1" > hybridize </wordcount>
    <wordcount weight="1" > density </wordcount>
    <wordcount weight="1" > topics </wordcount>
    <wordcount weight="1" > founder </wordcount>
    <wordcount weight="1" > understood </wordcount>
    <wordcount weight="1" > lethals </wordcount>
    <wordcount weight="1" > figaure </wordcount>
    <wordcount weight="1" > appears </wordcount>
    <wordcount weight="1" > milton </wordcount>
    <wordcount weight="1" > boyd </wordcount>
    <wordcount weight="1" > differents </wordcount>
    <wordcount weight="1" > meet </wordcount>
    <wordcount weight="1" > applied </wordcount>
    <wordcount weight="1" > excellent </wordcount>
    <wordcount weight="1" > enhancers </wordcount>
    <wordcount weight="1" > scale </wordcount>
    <wordcount weight="1" > handled </wordcount>
    <wordcount weight="1" > scientiarum </wordcount>
    <wordcount weight="1" > absolute </wordcount>
    <wordcount weight="1" > explain </wordcount>
    <wordcount weight="1" > numerous </wordcount>
    <wordcount weight="1" > floune </wordcount>
    <wordcount weight="1" > wide </wordcount>
    <wordcount weight="1" > method </wordcount>
    <wordcount weight="1" > accelerated </wordcount>
    <wordcount weight="1" > hopkins </wordcount>
    <wordcount weight="1" > near </wordcount>
    <wordcount weight="1" > expressions </wordcount>
    <wordcount weight="1" > eliminate </wordcount>
    <wordcount weight="1" > aspects </wordcount>
    <wordcount weight="1" > undermined </wordcount>
    <wordcount weight="1" > failure </wordcount>
    <wordcount weight="1" > specifically </wordcount>
    <wordcount weight="1" > none </wordcount>
    <wordcount weight="1" > feeding </wordcount>
    <wordcount weight="1" > giesel </wordcount>
    <wordcount weight="1" > pilosa </wordcount>
    <wordcount weight="1" > revealed </wordcount>
    <wordcount weight="1" > rocks </wordcount>
    <wordcount weight="1" > rhagoletis </wordcount>
    <wordcount weight="1" > received </wordcount>
    <wordcount weight="1" > mem </wordcount>
    <wordcount weight="1" > carry </wordcount>
    <wordcount weight="1" > preferred </wordcount>
    <wordcount weight="1" > protein </wordcount>
    <wordcount weight="1" > exp </wordcount>
    <wordcount weight="1" > imagined </wordcount>
    <wordcount weight="1" > compared </wordcount>
    <wordcount weight="1" > favourable </wordcount>
    <wordcount weight="1" > breeding </wordcount>
    <wordcount weight="1" > odoratum </wordcount>
    <wordcount weight="1" > proportions </wordcount>
    <wordcount weight="1" > knowledge </wordcount>
    <wordcount weight="1" > apparent </wordcount>
    <wordcount weight="1" > reduction </wordcount>
    <wordcount weight="1" > anew </wordcount>
    <wordcount weight="1" > dextral </wordcount>
    <wordcount weight="1" > positions </wordcount>
    <wordcount weight="1" > caught </wordcount>
    <wordcount weight="1" > description </wordcount>
    <wordcount weight="1" > neutrality </wordcount>
    <wordcount weight="1" > repeating </wordcount>
    <wordcount weight="1" > year </wordcount>
    <wordcount weight="1" > kindly </wordcount>
    <wordcount weight="1" > q </wordcount>
    <wordcount weight="1" > discussions </wordcount>
    <wordcount weight="1" > place </wordcount>
    <wordcount weight="1" > partly </wordcount>
    <wordcount weight="1" > records </wordcount>
    <wordcount weight="1" > actually </wordcount>
    <wordcount weight="1" > mathematical </wordcount>
    <wordcount weight="1" > demonstration </wordcount>
    <wordcount weight="1" > justification </wordcount>
    <wordcount weight="1" > elegant </wordcount>
    <wordcount weight="1" > figunre </wordcount>
    <wordcount weight="1" > ciencia </wordcount>
    <wordcount weight="1" > bid </wordcount>
    <wordcount weight="1" > subspecies </wordcount>
    <wordcount weight="1" > enhances </wordcount>
    <wordcount weight="1" > graph </wordcount>
    <wordcount weight="1" > hillside </wordcount>
    <wordcount weight="1" > gilias </wordcount>
    <wordcount weight="1" > wastage </wordcount>
    <wordcount weight="1" > else </wordcount>
    <wordcount weight="1" > towards </wordcount>
    <wordcount weight="1" > errors </wordcount>
    <wordcount weight="1" > analysed </wordcount>
    <wordcount weight="1" > aided </wordcount>
    <wordcount weight="1" > pick </wordcount>
    <wordcount weight="1" > least </wordcount>
    <wordcount weight="1" > jayakar </wordcount>
    <wordcount weight="1" > normally </wordcount>
    <wordcount weight="1" > absoluteness </wordcount>
    <wordcount weight="1" > viable </wordcount>
    <wordcount weight="1" > sharma </wordcount>
    <wordcount weight="1" > level </wordcount>
    <wordcount weight="1" > ent </wordcount>
    <wordcount weight="1" > distances </wordcount>
    <wordcount weight="1" > producereview </wordcount>
    <wordcount weight="1" > theoretically </wordcount>
    <wordcount weight="1" > allopatrically </wordcount>
    <wordcount weight="1" > sessile </wordcount>
    <wordcount weight="1" > applicability </wordcount>
    <wordcount weight="1" > rarer </wordcount>
    <wordcount weight="1" > phrase </wordcount>
    <wordcount weight="1" > viabilities </wordcount>
    <wordcount weight="1" > around </wordcount>
    <wordcount weight="1" > inst </wordcount>
    <wordcount weight="1" > several </wordcount>
    <wordcount weight="1" > concerns </wordcount>
    <wordcount weight="1" > ls </wordcount>
    <wordcount weight="1" > revealing </wordcount>
    <wordcount weight="1" > migrating </wordcount>
    <wordcount weight="1" > bottle </wordcount>
    <wordcount weight="1" > zea </wordcount>
    <wordcount weight="1" > transfer </wordcount>
    <wordcount weight="1" > panamanian </wordcount>
    <wordcount weight="1" > latest </wordcount>
    <wordcount weight="1" > conclude </wordcount>
    <wordcount weight="1" > impossible </wordcount>
    <wordcount weight="1" > bristle </wordcount>
    <wordcount weight="1" > vein </wordcount>
    <wordcount weight="1" > seed </wordcount>
    <wordcount weight="1" > raised </wordcount>
    <wordcount weight="1" > deakin </wordcount>
    <wordcount weight="1" > grateful </wordcount>
    <wordcount weight="1" > preliminary </wordcount>
    <wordcount weight="1" > geographical </wordcount>
    <wordcount weight="1" > seemed </wordcount>
    <wordcount weight="1" > avoid </wordcount>
    <wordcount weight="1" > stephens </wordcount>
    <wordcount weight="1" > society </wordcount>
    <wordcount weight="1" > sinensis </wordcount>
    <wordcount weight="1" > hosts </wordcount>
    <wordcount weight="1" > happen </wordcount>
    <wordcount weight="1" > spassy </wordcount>
    <wordcount weight="1" > led </wordcount>
    <wordcount weight="1" > fa </wordcount>
    <wordcount weight="1" > io </wordcount>
    <wordcount weight="1" > implications </wordcount>
    <wordcount weight="1" > comment </wordcount>
    <wordcount weight="1" > letters </wordcount>
    <wordcount weight="1" > identified </wordcount>
    <wordcount weight="1" > barnacles </wordcount>
    <wordcount weight="1" > separation </wordcount>
    <wordcount weight="1" > overlapped </wordcount>
    <wordcount weight="1" > mechanisms </wordcount>
    <wordcount weight="1" > indeed </wordcount>
    <wordcount weight="1" > experiencing </wordcount>
    <wordcount weight="1" > located </wordcount>
    <wordcount weight="1" > snaydon </wordcount>
    <wordcount weight="1" > secondly </wordcount>
    <wordcount weight="1" > schemes </wordcount>
    <wordcount weight="1" > tide </wordcount>
    <wordcount weight="1" > released </wordcount>
    <wordcount weight="1" > brief </wordcount>
    <wordcount weight="1" > inhibitor </wordcount>
    <wordcount weight="1" > whatever </wordcount>
    <wordcount weight="1" > allen </wordcount>
    <wordcount weight="1" > still </wordcount>
    <wordcount weight="1" > slower </wordcount>
    <wordcount weight="1" > builders </wordcount>
    <wordcount weight="1" > abstammu </wordcount>
    <wordcount weight="1" > suppose </wordcount>
    <wordcount weight="1" > hitherto </wordcount>
    <wordcount weight="1" > hold </wordcount>
    <wordcount weight="1" > tends </wordcount>
    <wordcount weight="1" > percentage </wordcount>
    <wordcount weight="1" > patches </wordcount>
    <wordcount weight="1" > harvesting </wordcount>
    <wordcount weight="1" > incipient </wordcount>
    <wordcount weight="1" > fair </wordcount>
    <wordcount weight="1" > parentshigh </wordcount>
    <wordcount weight="1" > definable </wordcount>
    <wordcount weight="1" > makes </wordcount>
    <wordcount weight="1" > switching </wordcount>
    <wordcount weight="1" > thought </wordcount>
    <wordcount weight="1" > soon </wordcount>
    <wordcount weight="1" > detectable </wordcount>
    <wordcount weight="1" > evolved </wordcount>
    <wordcount weight="1" > maintatined </wordcount>
    <wordcount weight="1" > intofemale </wordcount>
    <wordcount weight="1" > restricted </wordcount>
    <wordcount weight="1" > favouring </wordcount>
    <wordcount weight="1" > linnean </wordcount>
    <wordcount weight="1" > included </wordcount>
    <wordcount weight="1" > falls </wordcount>
    <wordcount weight="1" > chabora </wordcount>
    <wordcount weight="1" > adjusted </wordcount>
    <wordcount weight="1" > outlined </wordcount>
    <wordcount weight="1" > naiver </wordcount>
    <wordcount weight="1" > insights </wordcount>
    <wordcount weight="1" > cultivated </wordcount>
    <wordcount weight="1" > containing </wordcount>
    <wordcount weight="1" > department </wordcount>
    <wordcount weight="1" > allows </wordcount>
    <wordcount weight="1" > subpopulations </wordcount>
    <wordcount weight="1" > spatially </wordcount>
    <wordcount weight="1" > fill </wordcount>
    <wordcount weight="1" > members </wordcount>
    <wordcount weight="1" > pupal </wordcount>
    <wordcount weight="1" > cannings </wordcount>
    <wordcount weight="1" > stronger </wordcount>
    <wordcount weight="1" > factory </wordcount>
    <wordcount weight="1" > bring </wordcount>
    <wordcount weight="1" > genecology </wordcount>
    <wordcount weight="1" > locating </wordcount>
    <wordcount weight="1" > similarly </wordcount>
    <wordcount weight="1" > varies </wordcount>
    <wordcount weight="1" > rock </wordcount>
    <wordcount weight="1" > intraspecific </wordcount>
    <wordcount weight="1" > added </wordcount>
    <wordcount weight="1" > complementary </wordcount>
    <wordcount weight="1" > summing </wordcount>
    <wordcount weight="1" > barber </wordcount>
    <wordcount weight="1" > lighter </wordcount>
    <wordcount weight="1" > santos </wordcount>
    <wordcount weight="1" > naive </wordcount>
    <wordcount weight="1" > lack </wordcount>
    <wordcount weight="1" > leading </wordcount>
    <wordcount weight="1" > admit </wordcount>
    <wordcount weight="1" > valid </wordcount>
    <wordcount weight="1" > limit </wordcount>
    <wordcount weight="1" > underestimated </wordcount>
    <wordcount weight="1" > xii </wordcount>
    <wordcount weight="1" > areas </wordcount>
    <wordcount weight="1" > occurrence </wordcount>
    <wordcount weight="1" > foods </wordcount>
    <wordcount weight="1" > clarendon </wordcount>
    <wordcount weight="1" > break </wordcount>
    <wordcount weight="1" > larger </wordcount>
    <wordcount weight="1" > associates </wordcount>
    <wordcount weight="1" > demonstrating </wordcount>
    <wordcount weight="1" > kruckeberg </wordcount>
    <wordcount weight="1" > deleterious </wordcount>
    <wordcount weight="1" > substantially </wordcount>
    <wordcount weight="1" > diameter </wordcount>
    <wordcount weight="1" > pattern </wordcount>
    <wordcount weight="1" > vetukhiv </wordcount>
    <wordcount weight="1" > man </wordcount>
    <wordcount weight="1" > selects </wordcount>
    <wordcount weight="1" > never </wordcount>
    <wordcount weight="1" > patterns </wordcount>
    <wordcount weight="1" > conclusions </wordcount>
    <wordcount weight="1" > likelihood </wordcount>
    <wordcount weight="1" > physiological </wordcount>
    <wordcount weight="1" > epigenetic </wordcount>
    <wordcount weight="1" > academiae </wordcount>
    <wordcount weight="1" > purposes </wordcount>
    <wordcount weight="1" > aust </wordcount>
    <wordcount weight="1" > material </wordcount>
    <wordcount weight="1" > perhaps </wordcount>
    <wordcount weight="1" > remington </wordcount>
    <wordcount weight="1" > tails </wordcount>
    <wordcount weight="1" > controversy </wordcount>
    <wordcount weight="1" > heterotic </wordcount>
    <wordcount weight="1" > amounting </wordcount>
    <wordcount weight="1" > gives </wordcount>
    <wordcount weight="1" > free </wordcount>
    <wordcount weight="1" > compete </wordcount>
    <wordcount weight="1" > selfcompatible </wordcount>
    <wordcount weight="1" > ecology </wordcount>
    <wordcount weight="1" > classical </wordcount>
    <wordcount weight="1" > minded </wordcount>
    <wordcount weight="1" > local </wordcount>
    <wordcount weight="1" > imagine </wordcount>
    <wordcount weight="1" > olfactory </wordcount>
    <wordcount weight="1" > ecol </wordcount>
    <wordcount weight="1" > oil </wordcount>
    <wordcount weight="1" > divided </wordcount>
    <wordcount weight="1" > survive </wordcount>
    <wordcount weight="1" > mays </wordcount>
    <wordcount weight="1" > easier </wordcount>
    <wordcount weight="1" > resources </wordcount>
    <wordcount weight="1" > explanation </wordcount>
    <wordcount weight="1" > preferential </wordcount>
    <wordcount weight="1" > dros </wordcount>
    <wordcount weight="1" > systematics </wordcount>
    <wordcount weight="1" > including </wordcount>
    <wordcount weight="1" > enhanced </wordcount>
    <wordcount weight="1" > arrows </wordcount>
    <wordcount weight="1" > depended </wordcount>
    <wordcount weight="1" > findings </wordcount>
    <wordcount weight="1" > controlling </wordcount>
    <wordcount weight="1" > hoogmoed </wordcount>
    <wordcount weight="1" > largely </wordcount>
    <wordcount weight="1" > assume </wordcount>
    <wordcount weight="1" > complements </wordcount>
    <wordcount weight="1" > harvard </wordcount>
    <wordcount weight="1" > poultry </wordcount>
    <wordcount weight="1" > resulting </wordcount>
    <wordcount weight="1" > questions </wordcount>
    <wordcount weight="1" > rare </wordcount>
    <wordcount weight="1" > kessler </wordcount>
    <wordcount weight="1" > discontinuity </wordcount>
    <wordcount weight="1" > aesthetic </wordcount>
    <wordcount weight="1" > full </wordcount>
    <wordcount weight="1" > previous </wordcount>
    <wordcount weight="1" > ob </wordcount>
    <wordcount weight="1" > theories </wordcount>
    <wordcount weight="1" > nevertheless </wordcount>
    <wordcount weight="1" > vii </wordcount>
    <wordcount weight="1" > cultura </wordcount>
    <wordcount weight="1" > rejected </wordcount>
    <wordcount weight="1" > significance </wordcount>
    <wordcount weight="1" > laboratories </wordcount>
    <wordcount weight="1" > sy </wordcount>
    <wordcount weight="1" > certain </wordcount>
    <wordcount weight="1" > autosomal </wordcount>
    <wordcount weight="1" > points </wordcount>
    <wordcount weight="1" > workers </wordcount>
    <wordcount weight="1" > keep </wordcount>
    <wordcount weight="1" > ri </wordcount>
    <wordcount weight="1" > like </wordcount>
    <wordcount weight="1" > figurre </wordcount>
    <wordcount weight="1" > collected </wordcount>
    <wordcount weight="1" > nagle </wordcount>
    <wordcount weight="1" > stages </wordcount>
    <wordcount weight="1" > profitably </wordcount>
    <wordcount weight="1" > standard </wordcount>
    <wordcount weight="1" > generaions </wordcount>
    <wordcount weight="1" > intrinsic </wordcount>
    <wordcount weight="1" > unfit </wordcount>
    <wordcount weight="1" > latter </wordcount>
    <wordcount weight="1" > panmixis </wordcount>
    <wordcount weight="1" > separawith </wordcount>
    <wordcount weight="1" > why </wordcount>
    <wordcount weight="1" > stemopleural </wordcount>
    <wordcount weight="1" > thorpe </wordcount>
    <wordcount weight="1" > outside </wordcount>
    <wordcount weight="1" > satisfy </wordcount>
    <wordcount weight="1" > wash </wordcount>
    <wordcount weight="1" > publ </wordcount>
    <wordcount weight="1" > correlated </wordcount>
    <wordcount weight="1" > stand </wordcount>
    <wordcount weight="1" > britain </wordcount>
    <wordcount weight="1" > biophys </wordcount>
    <wordcount weight="1" > structure </wordcount>
    <wordcount weight="1" > confusing </wordcount>
    <wordcount weight="1" > greece </wordcount>
    <wordcount weight="1" > thie </wordcount>
    <wordcount weight="1" > pergamon </wordcount>
    <wordcount weight="1" > equivalent </wordcount>
    <wordcount weight="1" > adaptations </wordcount>
    <wordcount weight="1" > frugivorous </wordcount>
    <wordcount weight="1" > splitting </wordcount>
    <wordcount weight="1" > maximal </wordcount>
    <wordcount weight="1" > reiterate </wordcount>
    <wordcount weight="1" > tendency </wordcount>
    <wordcount weight="1" > caution </wordcount>
    <wordcount weight="1" > normal </wordcount>
    <wordcount weight="1" > greek </wordcount>
    <wordcount weight="1" > immigration </wordcount>
    <wordcount weight="1" > competed </wordcount>
    <wordcount weight="1" > widely </wordcount>
    <wordcount weight="1" > applies </wordcount>
    <wordcount weight="1" > gens </wordcount>
    <wordcount weight="1" > limiting </wordcount>
    <wordcount weight="1" > carried </wordcount>
    <wordcount weight="1" > tempo </wordcount>
    <wordcount weight="1" > depth </wordcount>
    <wordcount weight="1" > relationship </wordcount>
    <wordcount weight="1" > oa </wordcount>
    <wordcount weight="1" > flower </wordcount>
    <wordcount weight="1" > note </wordcount>
    <wordcount weight="1" > usually </wordcount>
    <wordcount weight="1" > quasirandom </wordcount>
    <wordcount weight="1" > plays </wordcount>
    <wordcount weight="1" > reasonable </wordcount>
    <wordcount weight="1" > deaths </wordcount>
    <wordcount weight="1" > favour </wordcount>
    <wordcount weight="1" > multiallelic </wordcount>
    <wordcount weight="1" > widespread </wordcount>
    <wordcount weight="1" > hook </wordcount>
    <wordcount weight="1" > independence </wordcount>
    <wordcount weight="1" > becomes </wordcount>
    <wordcount weight="1" > frs </wordcount>
    <wordcount weight="1" > seen </wordcount>
    <wordcount weight="1" > detailed </wordcount>
    <wordcount weight="1" > force </wordcount>
    <wordcount weight="1" > began </wordcount>
    <wordcount weight="1" > render </wordcount>
    <wordcount weight="1" > parsons </wordcount>
    <wordcount weight="1" > thirteen </wordcount>
    <wordcount weight="1" > properties </wordcount>
    <wordcount weight="1" > microgeographic </wordcount>
    <wordcount weight="1" > pollinating </wordcount>
    <wordcount weight="1" > batesian </wordcount>
    <wordcount weight="1" > serpentine </wordcount>
    <wordcount weight="1" > extra </wordcount>
    <wordcount weight="1" > expectations </wordcount>
    <wordcount weight="1" > norton </wordcount>
    <wordcount weight="1" > fennicae </wordcount>
    <wordcount weight="1" > metrical </wordcount>
    <wordcount weight="1" > polarize </wordcount>
    <wordcount weight="1" > pressures </wordcount>
    <wordcount weight="1" > ie </wordcount>
    <wordcount weight="1" > experimentally </wordcount>
    <wordcount weight="1" > detail </wordcount>
    <wordcount weight="1" > quantitative </wordcount>
    <wordcount weight="1" > mathematically </wordcount>
    <wordcount weight="1" > fertility </wordcount>
    <wordcount weight="1" > reciprocal </wordcount>
    <wordcount weight="1" > geotaxis </wordcount>
    <wordcount weight="1" > practised </wordcount>
    <wordcount weight="1" > sexes </wordcount>
    <wordcount weight="1" > thinking </wordcount>
    <wordcount weight="1" > constant </wordcount>
    <wordcount weight="1" > dispersed </wordcount>
    <wordcount weight="1" > unselected </wordcount>
    <wordcount weight="1" > darkt </wordcount>
    <wordcount weight="1" > recombinant </wordcount>
    <wordcount weight="1" > demonstrate </wordcount>
    <wordcount weight="1" > simply </wordcount>
    <wordcount weight="1" > scarcely </wordcount>
    <wordcount weight="1" > rigidly </wordcount>
    <wordcount weight="1" > reinforced </wordcount>
    <wordcount weight="1" > bush </wordcount>
    <wordcount weight="1" > recessives </wordcount>
    <wordcount weight="1" > pollination </wordcount>
    <wordcount weight="1" > neutralist </wordcount>
    <wordcount weight="1" > selectedthe </wordcount>
    <wordcount weight="1" > text </wordcount>
    <wordcount weight="1" > electrophoretic </wordcount>
    <wordcount weight="1" > streptanthus </wordcount>
    <wordcount weight="1" > alternative </wordcount>
    <wordcount weight="1" > populationand </wordcount>
    <wordcount weight="1" > column </wordcount>
    <wordcount weight="1" > forty </wordcount>
    <wordcount weight="1" > quickly </wordcount>
    <wordcount weight="1" > singh </wordcount>
    <wordcount weight="1" > moran </wordcount>
    <wordcount weight="1" > relaxation </wordcount>
    <wordcount weight="1" > testcross </wordcount>
    <wordcount weight="1" > control </wordcount>
    <wordcount weight="1" > kerster </wordcount>
    <wordcount weight="1" > flint </wordcount>
    <wordcount weight="1" > expanding </wordcount>
    <wordcount weight="1" > contained </wordcount>
    <wordcount weight="1" > sizes </wordcount>
    <wordcount weight="1" > pseudopseudoobscura </wordcount>
    <wordcount weight="1" > best </wordcount>
    <wordcount weight="1" > down </wordcount>
    <wordcount weight="1" > ph </wordcount>
    <wordcount weight="1" > printed </wordcount>
    <wordcount weight="1" > designate </wordcount>
    <wordcount weight="1" > rearing </wordcount>
    <wordcount weight="1" > report </wordcount>
    <wordcount weight="1" > allied </wordcount>
    <wordcount weight="1" > alternatively </wordcount>
    <wordcount weight="1" > dempster </wordcount>
    <wordcount weight="1" > job </wordcount>
    <wordcount weight="1" > perfectly </wordcount>
    <wordcount weight="1" > attractions </wordcount>
    <wordcount weight="1" > equilibrium </wordcount>
    <wordcount weight="1" > fertilized </wordcount>
    <wordcount weight="1" > section </wordcount>
    <wordcount weight="1" > underwhich </wordcount>
    <wordcount weight="1" > conditioned </wordcount>
    <wordcount weight="1" > assessment </wordcount>
    <wordcount weight="1" > february </wordcount>
    <wordcount weight="1" > oliver </wordcount>
    <wordcount weight="1" > merely </wordcount>
    <wordcount weight="1" > sved </wordcount>
    <wordcount weight="1" > beginning </wordcount>
    <wordcount weight="1" > colours </wordcount>
    <wordcount weight="1" > corolla </wordcount>
    <wordcount weight="1" > adv </wordcount>
    <wordcount weight="1" > reproduce </wordcount>
    <wordcount weight="1" > designers </wordcount>
    <wordcount weight="1" > implicit </wordcount>
    <wordcount weight="1" > figurne </wordcount>
    <wordcount weight="1" > sinistral </wordcount>
    <wordcount weight="1" > equilibria </wordcount>
    <wordcount weight="1" > references </wordcount>
    <wordcount weight="1" > prout </wordcount>
    <wordcount weight="1" > varying </wordcount>
    <wordcount weight="1" > independently </wordcount>
    <wordcount weight="1" > leafystemmed </wordcount>
    <wordcount weight="1" > textbook </wordcount>
    <wordcount weight="1" > agricultural </wordcount>
    <wordcount weight="1" > map </wordcount>
    <wordcount weight="1" > ceased </wordcount>
    <wordcount weight="1" > tightly </wordcount>
    <wordcount weight="1" > adaptation </wordcount>
    <wordcount weight="1" > heavier </wordcount>
    <wordcount weight="1" > loend </wordcount>
    <wordcount weight="1" > preimaginal </wordcount>
    <wordcount weight="1" > require </wordcount>
    <wordcount weight="1" > divide </wordcount>
    <wordcount weight="1" > yield </wordcount>
    <wordcount weight="1" > tigerstedt </wordcount>
    <wordcount weight="1" > minimal </wordcount>
    <wordcount weight="1" > pleases </wordcount>
    <wordcount weight="1" > ideal </wordcount>
    <wordcount weight="1" > bryant </wordcount>
    <wordcount weight="1" > howard </wordcount>
    <wordcount weight="1" > reactivity </wordcount>
    <wordcount weight="1" > presented </wordcount>
    <wordcount weight="1" > preserved </wordcount>
    <wordcount weight="1" > phototaxis </wordcount>
    <wordcount weight="1" > recognition </wordcount>
    <wordcount weight="1" > biologically </wordcount>
    <wordcount weight="1" > edwards </wordcount>
    <wordcount weight="1" > micro </wordcount>
    <wordcount weight="1" > confirm </wordcount>
    <wordcount weight="1" > variability </wordcount>
    <wordcount weight="1" > giving </wordcount>
    <wordcount weight="1" > tried </wordcount>
    <wordcount weight="1" > impose </wordcount>
    <wordcount weight="1" > adapted </wordcount>
    <wordcount weight="1" > extended </wordcount>
    <wordcount weight="1" > contribute </wordcount>
    <wordcount weight="1" > edta </wordcount>
    <wordcount weight="1" > systemsreview </wordcount>
    <wordcount weight="1" > phenomenon </wordcount>
    <wordcount weight="1" > world </wordcount>
    <wordcount weight="1" > solanum </wordcount>
    <wordcount weight="1" > tierpsychol </wordcount>
    <wordcount weight="1" > aspect </wordcount>
    <wordcount weight="1" > ethological </wordcount>
    <wordcount weight="1" > reaching </wordcount>
    <wordcount weight="1" > precision </wordcount>
    <wordcount weight="1" > cp </wordcount>
    <wordcount weight="1" > inefficient </wordcount>
    <wordcount weight="1" > disadvantages </wordcount>
    <wordcount weight="1" > formation </wordcount>
    <wordcount weight="1" > ultimately </wordcount>
    <wordcount weight="1" > until </wordcount>
    <wordcount weight="1" > argument </wordcount>
    <wordcount weight="1" > lists </wordcount>
    <wordcount weight="1" > initiated </wordcount>
    <wordcount weight="1" > finding </wordcount>
    <wordcount weight="1" > biochemical </wordcount>
    <wordcount weight="1" > crosby </wordcount>
    <wordcount weight="1" > envisaged </wordcount>
    <wordcount weight="1" > spieth </wordcount>
    <wordcount weight="1" > thodaymigration </wordcount>
    <wordcount weight="1" > aware </wordcount>
    <wordcount weight="1" > joined </wordcount>
    <wordcount weight="1" > actively </wordcount>
    <wordcount weight="1" > approximately </wordcount>
    <wordcount weight="1" > magnitudes </wordcount>
    <wordcount weight="1" > land </wordcount>
    <wordcount weight="1" > usa </wordcount>
    <wordcount weight="1" > temporal </wordcount>
    <wordcount weight="1" > smaller </wordcount>
    <wordcount weight="1" > integration </wordcount>
    <wordcount weight="1" > migrational </wordcount>
    <wordcount weight="1" > involving </wordcount>
    <wordcount weight="1" > twere </wordcount>
    <wordcount weight="1" > colleagues </wordcount>
    <wordcount weight="1" > shells </wordcount>
    <wordcount weight="1" > objections </wordcount>
    <wordcount weight="1" > testament </wordcount>
    <wordcount weight="1" > bathygobius </wordcount>
    <wordcount weight="1" > extremely </wordcount>
    <wordcount weight="1" > classification </wordcount>
    <wordcount weight="1" > comparison </wordcount>
    <wordcount weight="1" > radlow </wordcount>
    <wordcount weight="1" > needs </wordcount>
    <wordcount weight="1" > likewisecate </wordcount>
    <wordcount weight="1" > vi </wordcount>
    <wordcount weight="1" > observation </wordcount>
    <wordcount weight="1" > supported </wordcount>
    <wordcount weight="1" > preferentially </wordcount>
    <wordcount weight="1" > potential </wordcount>
    <wordcount weight="1" > apart </wordcount>
    <wordcount weight="1" > fluctuated </wordcount>
    <wordcount weight="1" > regularity </wordcount>
    <wordcount weight="1" > pathways </wordcount>
    <wordcount weight="1" > discontinuous </wordcount>
    <wordcount weight="1" > inasmuch </wordcount>
    <wordcount weight="1" > murty </wordcount>
    <wordcount weight="1" > contrasting </wordcount>
    <wordcount weight="1" > partial </wordcount>
    <wordcount weight="1" > virgins </wordcount>
    <wordcount weight="1" > asymmetry </wordcount>
    <wordcount weight="1" > maximum </wordcount>
    <wordcount weight="1" > severely </wordcount>
    <wordcount weight="1" > chaedisassorta </wordcount>
    <wordcount weight="1" > accentuate </wordcount>
    <wordcount weight="1" > uk </wordcount>
    <wordcount weight="1" > observed </wordcount>
    <wordcount weight="1" > partula </wordcount>
    <wordcount weight="1" > cross </wordcount>
    <wordcount weight="1" > proponent </wordcount>
    <wordcount weight="1" > arithmetic </wordcount>
    <wordcount weight="1" > polygenie </wordcount>
    <wordcount weight="1" > selecteded </wordcount>
    <wordcount weight="1" > race </wordcount>
    <wordcount weight="1" > close </wordcount>
    <wordcount weight="1" > dine </wordcount>
    <wordcount weight="1" > evidently </wordcount>
</article>
