<?xml version="1.0" encoding="UTF-8"?>
<article id="10.2307/2438350" >
    <wordcount weight="232" > of </wordcount>
    <wordcount weight="208" > the </wordcount>
    <wordcount weight="169" > and </wordcount>
    <wordcount weight="108" > to </wordcount>
    <wordcount weight="73" > in </wordcount>
    <wordcount weight="50" > a </wordcount>
    <wordcount weight="49" > that </wordcount>
    <wordcount weight="44" > is </wordcount>
    <wordcount weight="41" > has </wordcount>
    <wordcount weight="36" > have </wordcount>
    <wordcount weight="35" > it </wordcount>
    <wordcount weight="32" > as </wordcount>
    <wordcount weight="32" > be </wordcount>
    <wordcount weight="30" > been </wordcount>
    <wordcount weight="28" > by </wordcount>
    <wordcount weight="27" > with </wordcount>
    <wordcount weight="25" > for </wordcount>
    <wordcount weight="25" > on </wordcount>
    <wordcount weight="25" > we </wordcount>
    <wordcount weight="23" > are </wordcount>
    <wordcount weight="20" > taxonomy </wordcount>
    <wordcount weight="19" > at </wordcount>
    <wordcount weight="18" > their </wordcount>
    <wordcount weight="17" > not </wordcount>
    <wordcount weight="16" > this </wordcount>
    <wordcount weight="16" > can </wordcount>
    <wordcount weight="14" > all </wordcount>
    <wordcount weight="14" > i </wordcount>
    <wordcount weight="14" > our </wordcount>
    <wordcount weight="14" > taxonomic </wordcount>
    <wordcount weight="14" > an </wordcount>
    <wordcount weight="14" > plant </wordcount>
    <wordcount weight="14" > should </wordcount>
    <wordcount weight="13" > data </wordcount>
    <wordcount weight="12" > one </wordcount>
    <wordcount weight="12" > or </wordcount>
    <wordcount weight="12" > from </wordcount>
    <wordcount weight="12" > new </wordcount>
    <wordcount weight="12" > plants </wordcount>
    <wordcount weight="12" > information </wordcount>
    <wordcount weight="12" > its </wordcount>
    <wordcount weight="11" > no </wordcount>
    <wordcount weight="11" > but </wordcount>
    <wordcount weight="11" > systematic </wordcount>
    <wordcount weight="10" > may </wordcount>
    <wordcount weight="10" > his </wordcount>
    <wordcount weight="10" > genetical </wordcount>
    <wordcount weight="10" > us </wordcount>
    <wordcount weight="10" > other </wordcount>
    <wordcount weight="10" > system </wordcount>
    <wordcount weight="10" > such </wordcount>
    <wordcount weight="10" > vascular </wordcount>
    <wordcount weight="10" > even </wordcount>
    <wordcount weight="9" > pp </wordcount>
    <wordcount weight="9" > these </wordcount>
    <wordcount weight="9" > more </wordcount>
    <wordcount weight="9" > which </wordcount>
    <wordcount weight="9" > evidence </wordcount>
    <wordcount weight="8" > any </wordcount>
    <wordcount weight="8" > some </wordcount>
    <wordcount weight="8" > phylogenetic </wordcount>
    <wordcount weight="8" > classification </wordcount>
    <wordcount weight="7" > morphology </wordcount>
    <wordcount weight="7" > kinds </wordcount>
    <wordcount weight="7" > past </wordcount>
    <wordcount weight="7" > what </wordcount>
    <wordcount weight="7" > there </wordcount>
    <wordcount weight="7" > would </wordcount>
    <wordcount weight="7" > so </wordcount>
    <wordcount weight="6" > will </wordcount>
    <wordcount weight="6" > if </wordcount>
    <wordcount weight="6" > comparative </wordcount>
    <wordcount weight="6" > they </wordcount>
    <wordcount weight="6" > under </wordcount>
    <wordcount weight="6" > was </wordcount>
    <wordcount weight="6" > before </wordcount>
    <wordcount weight="6" > experimental </wordcount>
    <wordcount weight="6" > very </wordcount>
    <wordcount weight="6" > those </wordcount>
    <wordcount weight="6" > perhaps </wordcount>
    <wordcount weight="6" > relationships </wordcount>
    <wordcount weight="6" > least </wordcount>
    <wordcount weight="6" > recent </wordcount>
    <wordcount weight="5" > must </wordcount>
    <wordcount weight="5" > first </wordcount>
    <wordcount weight="5" > only </wordcount>
    <wordcount weight="5" > natural </wordcount>
    <wordcount weight="5" > had </wordcount>
    <wordcount weight="5" > just </wordcount>
    <wordcount weight="5" > them </wordcount>
    <wordcount weight="5" > well </wordcount>
    <wordcount weight="5" > classifications </wordcount>
    <wordcount weight="5" > botany </wordcount>
    <wordcount weight="5" > than </wordcount>
    <wordcount weight="5" > like </wordcount>
    <wordcount weight="5" > field </wordcount>
    <wordcount weight="5" > application </wordcount>
    <wordcount weight="5" > much </wordcount>
    <wordcount weight="4" > chromosome </wordcount>
    <wordcount weight="4" > arrangement </wordcount>
    <wordcount weight="4" > essential </wordcount>
    <wordcount weight="4" > note </wordcount>
    <wordcount weight="4" > various </wordcount>
    <wordcount weight="4" > sometimes </wordcount>
    <wordcount weight="4" > taxonomist </wordcount>
    <wordcount weight="4" > rather </wordcount>
    <wordcount weight="4" > fossil </wordcount>
    <wordcount weight="4" > once </wordcount>
    <wordcount weight="4" > yet </wordcount>
    <wordcount weight="4" > seems </wordcount>
    <wordcount weight="4" > into </wordcount>
    <wordcount weight="4" > behavior </wordcount>
    <wordcount weight="4" > dicotyledons </wordcount>
    <wordcount weight="4" > most </wordcount>
    <wordcount weight="4" > each </wordcount>
    <wordcount weight="4" > nature </wordcount>
    <wordcount weight="4" > my </wordcount>
    <wordcount weight="4" > origin </wordcount>
    <wordcount weight="4" > floral </wordcount>
    <wordcount weight="4" > number </wordcount>
    <wordcount weight="4" > when </wordcount>
    <wordcount weight="4" > basis </wordcount>
    <wordcount weight="4" > emphasis </wordcount>
    <wordcount weight="4" > made </wordcount>
    <wordcount weight="4" > cytological </wordcount>
    <wordcount weight="4" > systematics </wordcount>
    <wordcount weight="4" > evolution </wordcount>
    <wordcount weight="4" > were </wordcount>
    <wordcount weight="4" > biochemical </wordcount>
    <wordcount weight="4" > workers </wordcount>
    <wordcount weight="4" > although </wordcount>
    <wordcount weight="4" > features </wordcount>
    <wordcount weight="4" > body </wordcount>
    <wordcount weight="4" > up </wordcount>
    <wordcount weight="4" > angiosperms </wordcount>
    <wordcount weight="4" > paleobotany </wordcount>
    <wordcount weight="3" > monocotyledons </wordcount>
    <wordcount weight="3" > apply </wordcount>
    <wordcount weight="3" > york </wordcount>
    <wordcount weight="3" > flowering </wordcount>
    <wordcount weight="3" > provide </wordcount>
    <wordcount weight="3" > science </wordcount>
    <wordcount weight="3" > populations </wordcount>
    <wordcount weight="3" > l </wordcount>
    <wordcount weight="3" > truth </wordcount>
    <wordcount weight="3" > basic </wordcount>
    <wordcount weight="3" > accepted </wordcount>
    <wordcount weight="3" > papers </wordcount>
    <wordcount weight="3" > importance </wordcount>
    <wordcount weight="3" > certain </wordcount>
    <wordcount weight="3" > study </wordcount>
    <wordcount weight="3" > biological </wordcount>
    <wordcount weight="3" > about </wordcount>
    <wordcount weight="3" > cannot </wordcount>
    <wordcount weight="3" > types </wordcount>
    <wordcount weight="3" > means </wordcount>
    <wordcount weight="3" > tissues </wordcount>
    <wordcount weight="3" > position </wordcount>
    <wordcount weight="3" > complete </wordcount>
    <wordcount weight="3" > too </wordcount>
    <wordcount weight="3" > show </wordcount>
    <wordcount weight="3" > e </wordcount>
    <wordcount weight="3" > generally </wordcount>
    <wordcount weight="3" > organization </wordcount>
    <wordcount weight="3" > sources </wordcount>
    <wordcount weight="3" > might </wordcount>
    <wordcount weight="3" > individuals </wordcount>
    <wordcount weight="3" > could </wordcount>
    <wordcount weight="3" > great </wordcount>
    <wordcount weight="3" > bricks </wordcount>
    <wordcount weight="3" > time </wordcount>
    <wordcount weight="3" > pamphlet </wordcount>
    <wordcount weight="3" > embryology </wordcount>
    <wordcount weight="3" > living </wordcount>
    <wordcount weight="3" > advances </wordcount>
    <wordcount weight="3" > conclusions </wordcount>
    <wordcount weight="3" > where </wordcount>
    <wordcount weight="3" > unique </wordcount>
    <wordcount weight="3" > gymnosperms </wordcount>
    <wordcount weight="3" > record </wordcount>
    <wordcount weight="3" > existence </wordcount>
    <wordcount weight="3" > gained </wordcount>
    <wordcount weight="3" > characters </wordcount>
    <wordcount weight="3" > because </wordcount>
    <wordcount weight="3" > another </wordcount>
    <wordcount weight="3" > little </wordcount>
    <wordcount weight="3" > organisms </wordcount>
    <wordcount weight="3" > upon </wordcount>
    <wordcount weight="3" > subject </wordcount>
    <wordcount weight="3" > whole </wordcount>
    <wordcount weight="3" > continue </wordcount>
    <wordcount weight="3" > employed </wordcount>
    <wordcount weight="3" > students </wordcount>
    <wordcount weight="3" > own </wordcount>
    <wordcount weight="3" > co </wordcount>
    <wordcount weight="3" > general </wordcount>
    <wordcount weight="3" > genetics </wordcount>
    <wordcount weight="3" > century </wordcount>
    <wordcount weight="3" > you </wordcount>
    <wordcount weight="3" > approach </wordcount>
    <wordcount weight="3" > few </wordcount>
    <wordcount weight="3" > problems </wordcount>
    <wordcount weight="3" > always </wordcount>
    <wordcount weight="3" > early </wordcount>
    <wordcount weight="3" > progress </wordcount>
    <wordcount weight="3" > journal </wordcount>
    <wordcount weight="3" > among </wordcount>
    <wordcount weight="3" > organs </wordcount>
    <wordcount weight="3" > infancy </wordcount>
    <wordcount weight="3" > seem </wordcount>
    <wordcount weight="3" > anatomy </wordcount>
    <wordcount weight="2" > now </wordcount>
    <wordcount weight="2" > he </wordcount>
    <wordcount weight="2" > done </wordcount>
    <wordcount weight="2" > antiquated </wordcount>
    <wordcount weight="2" > way </wordcount>
    <wordcount weight="2" > scientific </wordcount>
    <wordcount weight="2" > promises </wordcount>
    <wordcount weight="2" > phylogeny </wordcount>
    <wordcount weight="2" > groups </wordcount>
    <wordcount weight="2" > impressive </wordcount>
    <wordcount weight="2" > how </wordcount>
    <wordcount weight="2" > decades </wordcount>
    <wordcount weight="2" > lines </wordcount>
    <wordcount weight="2" > primarily </wordcount>
    <wordcount weight="2" > seen </wordcount>
    <wordcount weight="2" > affinity </wordcount>
    <wordcount weight="2" > utility </wordcount>
    <wordcount weight="2" > notably </wordcount>
    <wordcount weight="2" > h </wordcount>
    <wordcount weight="2" > tools </wordcount>
    <wordcount weight="2" > biosystematics </wordcount>
    <wordcount weight="2" > taxonomists </wordcount>
    <wordcount weight="2" > large </wordcount>
    <wordcount weight="2" > american </wordcount>
    <wordcount weight="2" > recently </wordcount>
    <wordcount weight="2" > contributions </wordcount>
    <wordcount weight="2" > why </wordcount>
    <wordcount weight="2" > allen </wordcount>
    <wordcount weight="2" > cambrian </wordcount>
    <wordcount weight="2" > often </wordcount>
    <wordcount weight="2" > lacking </wordcount>
    <wordcount weight="2" > use </wordcount>
    <wordcount weight="2" > analysis </wordcount>
    <wordcount weight="2" > fall </wordcount>
    <wordcount weight="2" > angiosperm </wordcount>
    <wordcount weight="2" > interpretation </wordcount>
    <wordcount weight="2" > remains </wordcount>
    <wordcount weight="2" > atlas </wordcount>
    <wordcount weight="2" > place </wordcount>
    <wordcount weight="2" > unwin </wordcount>
    <wordcount weight="2" > intensive </wordcount>
    <wordcount weight="2" > abandonment </wordcount>
    <wordcount weight="2" > proposed </wordcount>
    <wordcount weight="2" > nor </wordcount>
    <wordcount weight="2" > sorting </wordcount>
    <wordcount weight="2" > tentative </wordcount>
    <wordcount weight="2" > complexity </wordcount>
    <wordcount weight="2" > forget </wordcount>
    <wordcount weight="2" > two </wordcount>
    <wordcount weight="2" > extensive </wordcount>
    <wordcount weight="2" > file </wordcount>
    <wordcount weight="2" > lower </wordcount>
    <wordcount weight="2" > taxa </wordcount>
    <wordcount weight="2" > known </wordcount>
    <wordcount weight="2" > else </wordcount>
    <wordcount weight="2" > either </wordcount>
    <wordcount weight="2" > picture </wordcount>
    <wordcount weight="2" > present </wordcount>
    <wordcount weight="2" > useful </wordcount>
    <wordcount weight="2" > every </wordcount>
    <wordcount weight="2" > name </wordcount>
    <wordcount weight="2" > also </wordcount>
    <wordcount weight="2" > crepis </wordcount>
    <wordcount weight="2" > microspores </wordcount>
    <wordcount weight="2" > set </wordcount>
    <wordcount weight="2" > repository </wordcount>
    <wordcount weight="2" > important </wordcount>
    <wordcount weight="2" > replace </wordcount>
    <wordcount weight="2" > toward </wordcount>
    <wordcount weight="2" > others </wordcount>
    <wordcount weight="2" > view </wordcount>
    <wordcount weight="2" > over </wordcount>
    <wordcount weight="2" > appear </wordcount>
    <wordcount weight="2" > hope </wordcount>
    <wordcount weight="2" > ourselves </wordcount>
    <wordcount weight="2" > advanced </wordcount>
    <wordcount weight="2" > readily </wordcount>
    <wordcount weight="2" > between </wordcount>
    <wordcount weight="2" > descriptive </wordcount>
    <wordcount weight="2" > uses </wordcount>
    <wordcount weight="2" > advance </wordcount>
    <wordcount weight="2" > true </wordcount>
    <wordcount weight="2" > different </wordcount>
    <wordcount weight="2" > book </wordcount>
    <wordcount weight="2" > good </wordcount>
    <wordcount weight="2" > available </wordcount>
    <wordcount weight="2" > best </wordcount>
    <wordcount weight="2" > indicate </wordcount>
    <wordcount weight="2" > brick </wordcount>
    <wordcount weight="2" > genus </wordcount>
    <wordcount weight="2" > discrete </wordcount>
    <wordcount weight="2" > attempt </wordcount>
    <wordcount weight="2" > assembled </wordcount>
    <wordcount weight="2" > particularly </wordcount>
    <wordcount weight="2" > out </wordcount>
    <wordcount weight="2" > able </wordcount>
    <wordcount weight="2" > clearly </wordcount>
    <wordcount weight="2" > london </wordcount>
    <wordcount weight="2" > associated </wordcount>
    <wordcount weight="2" > extinct </wordcount>
    <wordcount weight="2" > real </wordcount>
    <wordcount weight="2" > considerable </wordcount>
    <wordcount weight="2" > initial </wordcount>
    <wordcount weight="2" > anomalous </wordcount>
    <wordcount weight="2" > simple </wordcount>
    <wordcount weight="2" > works </wordcount>
    <wordcount weight="2" > men </wordcount>
    <wordcount weight="2" > state </wordcount>
    <wordcount weight="2" > physiological </wordcount>
    <wordcount weight="2" > boxes </wordcount>
    <wordcount weight="2" > california </wordcount>
    <wordcount weight="2" > within </wordcount>
    <wordcount weight="2" > similar </wordcount>
    <wordcount weight="2" > investigation </wordcount>
    <wordcount weight="2" > device </wordcount>
    <wordcount weight="2" > establish </wordcount>
    <wordcount weight="2" > form </wordcount>
    <wordcount weight="2" > see </wordcount>
    <wordcount weight="2" > ones </wordcount>
    <wordcount weight="2" > artificial </wordcount>
    <wordcount weight="2" > ltd </wordcount>
    <wordcount weight="2" > firmly </wordcount>
    <wordcount weight="2" > books </wordcount>
    <wordcount weight="2" > fully </wordcount>
    <wordcount weight="2" > criteria </wordcount>
    <wordcount weight="2" > deal </wordcount>
    <wordcount weight="2" > years </wordcount>
    <wordcount weight="2" > possible </wordcount>
    <wordcount weight="2" > marked </wordcount>
    <wordcount weight="2" > literature </wordcount>
    <wordcount weight="2" > probably </wordcount>
    <wordcount weight="2" > who </wordcount>
    <wordcount weight="2" > attempting </wordcount>
    <wordcount weight="2" > represented </wordcount>
    <wordcount weight="2" > claim </wordcount>
    <wordcount weight="2" > observation </wordcount>
    <wordcount weight="2" > recognition </wordcount>
    <wordcount weight="2" > g </wordcount>
    <wordcount weight="2" > logical </wordcount>
    <wordcount weight="2" > formal </wordcount>
    <wordcount weight="2" > far </wordcount>
    <wordcount weight="2" > establishment </wordcount>
    <wordcount weight="2" > knowledge </wordcount>
    <wordcount weight="2" > role </wordcount>
    <wordcount weight="2" > along </wordcount>
    <wordcount weight="2" > die </wordcount>
    <wordcount weight="2" > significant </wordcount>
    <wordcount weight="2" > introduction </wordcount>
    <wordcount weight="2" > assumption </wordcount>
    <wordcount weight="2" > during </wordcount>
    <wordcount weight="2" > found </wordcount>
    <wordcount weight="2" > numerous </wordcount>
    <wordcount weight="2" > families </wordcount>
    <wordcount weight="2" > sequence </wordcount>
    <wordcount weight="2" > ideas </wordcount>
    <wordcount weight="2" > succeed </wordcount>
    <wordcount weight="2" > being </wordcount>
    <wordcount weight="2" > structures </wordcount>
    <wordcount weight="2" > thus </wordcount>
    <wordcount weight="2" > merit </wordcount>
    <wordcount weight="2" > come </wordcount>
    <wordcount weight="2" > question </wordcount>
    <wordcount weight="2" > primitively </wordcount>
    <wordcount weight="2" > ultimately </wordcount>
    <wordcount weight="2" > tell </wordcount>
    <wordcount weight="2" > status </wordcount>
    <wordcount weight="2" > interested </wordcount>
    <wordcount weight="2" > since </wordcount>
    <wordcount weight="2" > three </wordcount>
    <wordcount weight="2" > morphological </wordcount>
    <wordcount weight="2" > group </wordcount>
    <wordcount weight="2" > aware </wordcount>
    <wordcount weight="2" > interest </wordcount>
    <wordcount weight="2" > basal </wordcount>
    <wordcount weight="2" > p </wordcount>
    <wordcount weight="2" > contributed </wordcount>
    <wordcount weight="2" > solution </wordcount>
    <wordcount weight="2" > afford </wordcount>
    <wordcount weight="2" > hooker </wordcount>
    <wordcount weight="2" > developmental </wordcount>
    <wordcount weight="2" > stage </wordcount>
    <wordcount weight="2" > tested </wordcount>
    <wordcount weight="2" > corrective </wordcount>
    <wordcount weight="2" > anatomical </wordcount>
    <wordcount weight="2" > stages </wordcount>
    <wordcount weight="2" > kind </wordcount>
    <wordcount weight="2" > ecology </wordcount>
    <wordcount weight="2" > small </wordcount>
    <wordcount weight="2" > systems </wordcount>
    <wordcount weight="2" > substitute </wordcount>
    <wordcount weight="2" > served </wordcount>
    <wordcount weight="2" > cytology </wordcount>
    <wordcount weight="2" > continuous </wordcount>
    <wordcount weight="2" > wisely </wordcount>
    <wordcount weight="2" > drastically </wordcount>
    <wordcount weight="2" > given </wordcount>
    <wordcount weight="2" > macmillan </wordcount>
    <wordcount weight="2" > mature </wordcount>
    <wordcount weight="2" > accretions </wordcount>
    <wordcount weight="2" > assume </wordcount>
    <wordcount weight="2" > basically </wordcount>
    <wordcount weight="2" > tenuous </wordcount>
    <wordcount weight="2" > am </wordcount>
    <wordcount weight="1" > try </wordcount>
    <wordcount weight="1" > smaller </wordcount>
    <wordcount weight="1" > ini </wordcount>
    <wordcount weight="1" > van </wordcount>
    <wordcount weight="1" > entitled </wordcount>
    <wordcount weight="1" > things </wordcount>
    <wordcount weight="1" > woof </wordcount>
    <wordcount weight="1" > portion </wordcount>
    <wordcount weight="1" > does </wordcount>
    <wordcount weight="1" > superiority </wordcount>
    <wordcount weight="1" > naming </wordcount>
    <wordcount weight="1" > trends </wordcount>
    <wordcount weight="1" > undergraduate </wordcount>
    <wordcount weight="1" > complaint </wordcount>
    <wordcount weight="1" > herbaceous </wordcount>
    <wordcount weight="1" > interesting </wordcount>
    <wordcount weight="1" > systemafics </wordcount>
    <wordcount weight="1" > builder </wordcount>
    <wordcount weight="1" > san </wordcount>
    <wordcount weight="1" > currently </wordcount>
    <wordcount weight="1" > unsound </wordcount>
    <wordcount weight="1" > going </wordcount>
    <wordcount weight="1" > modification </wordcount>
    <wordcount weight="1" > adequate </wordcount>
    <wordcount weight="1" > me </wordcount>
    <wordcount weight="1" > indissolubly </wordcount>
    <wordcount weight="1" > child </wordcount>
    <wordcount weight="1" > deny </wordcount>
    <wordcount weight="1" > absorbing </wordcount>
    <wordcount weight="1" > flower </wordcount>
    <wordcount weight="1" > frequent </wordcount>
    <wordcount weight="1" > limits </wordcount>
    <wordcount weight="1" > biologist </wordcount>
    <wordcount weight="1" > foliar </wordcount>
    <wordcount weight="1" > higher </wordcount>
    <wordcount weight="1" > conflicting </wordcount>
    <wordcount weight="1" > cytol </wordcount>
    <wordcount weight="1" > quite </wordcount>
    <wordcount weight="1" > accompanies </wordcount>
    <wordcount weight="1" > lesser </wordcount>
    <wordcount weight="1" > indicated </wordcount>
    <wordcount weight="1" > purely </wordcount>
    <wordcount weight="1" > drag </wordcount>
    <wordcount weight="1" > usually </wordcount>
    <wordcount weight="1" > growth </wordcount>
    <wordcount weight="1" > destroy </wordcount>
    <wordcount weight="1" > next </wordcount>
    <wordcount weight="1" > concern </wordcount>
    <wordcount weight="1" > main </wordcount>
    <wordcount weight="1" > notable </wordcount>
    <wordcount weight="1" > unclassified </wordcount>
    <wordcount weight="1" > silurian </wordcount>
    <wordcount weight="1" > practitioners </wordcount>
    <wordcount weight="1" > feeling </wordcount>
    <wordcount weight="1" > florin </wordcount>
    <wordcount weight="1" > wonder </wordcount>
    <wordcount weight="1" > go </wordcount>
    <wordcount weight="1" > limited </wordcount>
    <wordcount weight="1" > employment </wordcount>
    <wordcount weight="1" > equate </wordcount>
    <wordcount weight="1" > affected </wordcount>
    <wordcount weight="1" > berkeley </wordcount>
    <wordcount weight="1" > appreciation </wordcount>
    <wordcount weight="1" > transition </wordcount>
    <wordcount weight="1" > essence </wordcount>
    <wordcount weight="1" > fruit </wordcount>
    <wordcount weight="1" > reference </wordcount>
    <wordcount weight="1" > les </wordcount>
    <wordcount weight="1" > mysteries </wordcount>
    <wordcount weight="1" > nearly </wordcount>
    <wordcount weight="1" > revolutionary </wordcount>
    <wordcount weight="1" > referred </wordcount>
    <wordcount weight="1" > university </wordcount>
    <wordcount weight="1" > le </wordcount>
    <wordcount weight="1" > constance </wordcount>
    <wordcount weight="1" > line </wordcount>
    <wordcount weight="1" > coloring </wordcount>
    <wordcount weight="1" > neglected </wordcount>
    <wordcount weight="1" > subdivision </wordcount>
    <wordcount weight="1" > bond </wordcount>
    <wordcount weight="1" > broaden </wordcount>
    <wordcount weight="1" > neatly </wordcount>
    <wordcount weight="1" > assure </wordcount>
    <wordcount weight="1" > reason </wordcount>
    <wordcount weight="1" > branches </wordcount>
    <wordcount weight="1" > environments </wordcount>
    <wordcount weight="1" > strongly </wordcount>
    <wordcount weight="1" > eflect </wordcount>
    <wordcount weight="1" > intolerance </wordcount>
    <wordcount weight="1" > forfeit </wordcount>
    <wordcount weight="1" > outlived </wordcount>
    <wordcount weight="1" > ordering </wordcount>
    <wordcount weight="1" > embryogeny </wordcount>
    <wordcount weight="1" > constitution </wordcount>
    <wordcount weight="1" > deprived </wordcount>
    <wordcount weight="1" > says </wordcount>
    <wordcount weight="1" > expanded </wordcount>
    <wordcount weight="1" > indicates </wordcount>
    <wordcount weight="1" > formulate </wordcount>
    <wordcount weight="1" > resume </wordcount>
    <wordcount weight="1" > accumulations </wordcount>
    <wordcount weight="1" > disregard </wordcount>
    <wordcount weight="1" > sporophyte </wordcount>
    <wordcount weight="1" > expect </wordcount>
    <wordcount weight="1" > regrard </wordcount>
    <wordcount weight="1" > minutes </wordcount>
    <wordcount weight="1" > interrelations </wordcount>
    <wordcount weight="1" > hopelessly </wordcount>
    <wordcount weight="1" > remaining </wordcount>
    <wordcount weight="1" > grew </wordcount>
    <wordcount weight="1" > modes </wordcount>
    <wordcount weight="1" > stimulated </wordcount>
    <wordcount weight="1" > obsolete </wordcount>
    <wordcount weight="1" > sponsors </wordcount>
    <wordcount weight="1" > groupings </wordcount>
    <wordcount weight="1" > life </wordcount>
    <wordcount weight="1" > compilations </wordcount>
    <wordcount weight="1" > lexicon </wordcount>
    <wordcount weight="1" > special </wordcount>
    <wordcount weight="1" > resilient </wordcount>
    <wordcount weight="1" > properly </wordcount>
    <wordcount weight="1" > mostly </wordcount>
    <wordcount weight="1" > growswitness </wordcount>
    <wordcount weight="1" > prime </wordcount>
    <wordcount weight="1" > applications </wordcount>
    <wordcount weight="1" > existed </wordcount>
    <wordcount weight="1" > inferior </wordcount>
    <wordcount weight="1" > clarification </wordcount>
    <wordcount weight="1" > contributing </wordcount>
    <wordcount weight="1" > inportance </wordcount>
    <wordcount weight="1" > geneticist </wordcount>
    <wordcount weight="1" > library </wordcount>
    <wordcount weight="1" > designate </wordcount>
    <wordcount weight="1" > supposed </wordcount>
    <wordcount weight="1" > units </wordcount>
    <wordcount weight="1" > ostensibly </wordcount>
    <wordcount weight="1" > elaboration </wordcount>
    <wordcount weight="1" > fields </wordcount>
    <wordcount weight="1" > support </wordcount>
    <wordcount weight="1" > thought </wordcount>
    <wordcount weight="1" > hutchinson </wordcount>
    <wordcount weight="1" > tischler </wordcount>
    <wordcount weight="1" > simplified </wordcount>
    <wordcount weight="1" > itself </wordcount>
    <wordcount weight="1" > master </wordcount>
    <wordcount weight="1" > juvenile </wordcount>
    <wordcount weight="1" > unquestionable </wordcount>
    <wordcount weight="1" > intense </wordcount>
    <wordcount weight="1" > easily </wordcount>
    <wordcount weight="1" > escape </wordcount>
    <wordcount weight="1" > worthless </wordcount>
    <wordcount weight="1" > read </wordcount>
    <wordcount weight="1" > discriminate </wordcount>
    <wordcount weight="1" > happened </wordcount>
    <wordcount weight="1" > older </wordcount>
    <wordcount weight="1" > applied </wordcount>
    <wordcount weight="1" > modern </wordcount>
    <wordcount weight="1" > freely </wordcount>
    <wordcount weight="1" > favor </wordcount>
    <wordcount weight="1" > cytogenetics </wordcount>
    <wordcount weight="1" > attainments </wordcount>
    <wordcount weight="1" > paleobotanical </wordcount>
    <wordcount weight="1" > former </wordcount>
    <wordcount weight="1" > methods </wordcount>
    <wordcount weight="1" > mechanics </wordcount>
    <wordcount weight="1" > varying </wordcount>
    <wordcount weight="1" > consider </wordcount>
    <wordcount weight="1" > reconstruct </wordcount>
    <wordcount weight="1" > matters </wordcount>
    <wordcount weight="1" > trepidation </wordcount>
    <wordcount weight="1" > univ </wordcount>
    <wordcount weight="1" > objects </wordcount>
    <wordcount weight="1" > neither </wordcount>
    <wordcount weight="1" > thesis </wordcount>
    <wordcount weight="1" > established </wordcount>
    <wordcount weight="1" > familiar </wordcount>
    <wordcount weight="1" > substances </wordcount>
    <wordcount weight="1" > laid </wordcount>
    <wordcount weight="1" > fossils </wordcount>
    <wordcount weight="1" > aura </wordcount>
    <wordcount weight="1" > closed </wordcount>
    <wordcount weight="1" > flagging </wordcount>
    <wordcount weight="1" > branch </wordcount>
    <wordcount weight="1" > eventually </wordcount>
    <wordcount weight="1" > mitteleuropas </wordcount>
    <wordcount weight="1" > ascertainable </wordcount>
    <wordcount weight="1" > presumably </wordcount>
    <wordcount weight="1" > linked </wordcount>
    <wordcount weight="1" > light </wordcount>
    <wordcount weight="1" > proved </wordcount>
    <wordcount weight="1" > inherited </wordcount>
    <wordcount weight="1" > productively </wordcount>
    <wordcount weight="1" > remedy </wordcount>
    <wordcount weight="1" > growing </wordcount>
    <wordcount weight="1" > accomplishments </wordcount>
    <wordcount weight="1" > same </wordcount>
    <wordcount weight="1" > viewpoints </wordcount>
    <wordcount weight="1" > n </wordcount>
    <wordcount weight="1" > something </wordcount>
    <wordcount weight="1" > completion </wordcount>
    <wordcount weight="1" > objectivity </wordcount>
    <wordcount weight="1" > impulse </wordcount>
    <wordcount weight="1" > shaking </wordcount>
    <wordcount weight="1" > hallier </wordcount>
    <wordcount weight="1" > ofit </wordcount>
    <wordcount weight="1" > nombres </wordcount>
    <wordcount weight="1" > preoccupation </wordcount>
    <wordcount weight="1" > gratifying </wordcount>
    <wordcount weight="1" > microfossils </wordcount>
    <wordcount weight="1" > appropriately </wordcount>
    <wordcount weight="1" > necessity </wordcount>
    <wordcount weight="1" > blind </wordcount>
    <wordcount weight="1" > experiment </wordcount>
    <wordcount weight="1" > frequently </wordcount>
    <wordcount weight="1" > comparison </wordcount>
    <wordcount weight="1" > satisfactory </wordcount>
    <wordcount weight="1" > accumulating </wordcount>
    <wordcount weight="1" > already </wordcount>
    <wordcount weight="1" > tieghem </wordcount>
    <wordcount weight="1" > situations </wordcount>
    <wordcount weight="1" > age </wordcount>
    <wordcount weight="1" > illustrated </wordcount>
    <wordcount weight="1" > cytologist </wordcount>
    <wordcount weight="1" > receive </wordcount>
    <wordcount weight="1" > glandular </wordcount>
    <wordcount weight="1" > unravel </wordcount>
    <wordcount weight="1" > conclusion </wordcount>
    <wordcount weight="1" > demonstrate </wordcount>
    <wordcount weight="1" > potential </wordcount>
    <wordcount weight="1" > noted </wordcount>
    <wordcount weight="1" > visualize </wordcount>
    <wordcount weight="1" > came </wordcount>
    <wordcount weight="1" > classifiable </wordcount>
    <wordcount weight="1" > stomatal </wordcount>
    <wordcount weight="1" > rise </wordcount>
    <wordcount weight="1" > medically </wordcount>
    <wordcount weight="1" > inheritance </wordcount>
    <wordcount weight="1" > woody </wordcount>
    <wordcount weight="1" > xiv </wordcount>
    <wordcount weight="1" > recombined </wordcount>
    <wordcount weight="1" > cemented </wordcount>
    <wordcount weight="1" > totality </wordcount>
    <wordcount weight="1" > inclined </wordcount>
    <wordcount weight="1" > shed </wordcount>
    <wordcount weight="1" > longer </wordcount>
    <wordcount weight="1" > identical </wordcount>
    <wordcount weight="1" > constructed </wordcount>
    <wordcount weight="1" > long </wordcount>
    <wordcount weight="1" > destroying </wordcount>
    <wordcount weight="1" > zeal </wordcount>
    <wordcount weight="1" > emerge </wordcount>
    <wordcount weight="1" > certainly </wordcount>
    <wordcount weight="1" > endeavors </wordcount>
    <wordcount weight="1" > terminology </wordcount>
    <wordcount weight="1" > text </wordcount>
    <wordcount weight="1" > preceding </wordcount>
    <wordcount weight="1" > embattled </wordcount>
    <wordcount weight="1" > organizational </wordcount>
    <wordcount weight="1" > production </wordcount>
    <wordcount weight="1" > here </wordcount>
    <wordcount weight="1" > darlington </wordcount>
    <wordcount weight="1" > masterly </wordcount>
    <wordcount weight="1" > shifted </wordcount>
    <wordcount weight="1" > exclusive </wordcount>
    <wordcount weight="1" > explain </wordcount>
    <wordcount weight="1" > adolescene </wordcount>
    <wordcount weight="1" > gainsay </wordcount>
    <wordcount weight="1" > equated </wordcount>
    <wordcount weight="1" > delude </wordcount>
    <wordcount weight="1" > der </wordcount>
    <wordcount weight="1" > bot </wordcount>
    <wordcount weight="1" > flow </wordcount>
    <wordcount weight="1" > attempts </wordcount>
    <wordcount weight="1" > conditions </wordcount>
    <wordcount weight="1" > labeling </wordcount>
    <wordcount weight="1" > intricacies </wordcount>
    <wordcount weight="1" > know </wordcount>
    <wordcount weight="1" > clarified </wordcount>
    <wordcount weight="1" > sac </wordcount>
    <wordcount weight="1" > academy </wordcount>
    <wordcount weight="1" > ecological </wordcount>
    <wordcount weight="1" > preoccupied </wordcount>
    <wordcount weight="1" > wodehouse </wordcount>
    <wordcount weight="1" > await </wordcount>
    <wordcount weight="1" > specimens </wordcount>
    <wordcount weight="1" > couraging </wordcount>
    <wordcount weight="1" > many </wordcount>
    <wordcount weight="1" > hornea </wordcount>
    <wordcount weight="1" > ordinarily </wordcount>
    <wordcount weight="1" > analytical </wordcount>
    <wordcount weight="1" > expressed </wordcount>
    <wordcount weight="1" > intricately </wordcount>
    <wordcount weight="1" > efforts </wordcount>
    <wordcount weight="1" > words </wordcount>
    <wordcount weight="1" > organized </wordcount>
    <wordcount weight="1" > fact </wordcount>
    <wordcount weight="1" > based </wordcount>
    <wordcount weight="1" > regrettable </wordcount>
    <wordcount weight="1" > until </wordcount>
    <wordcount weight="1" > lack </wordcount>
    <wordcount weight="1" > d </wordcount>
    <wordcount weight="1" > seriously </wordcount>
    <wordcount weight="1" > s </wordcount>
    <wordcount weight="1" > extent </wordcount>
    <wordcount weight="1" > allow </wordcount>
    <wordcount weight="1" > fundamental </wordcount>
    <wordcount weight="1" > department </wordcount>
    <wordcount weight="1" > xii </wordcount>
    <wordcount weight="1" > irrelevant </wordcount>
    <wordcount weight="1" > secondary </wordcount>
    <wordcount weight="1" > down </wordcount>
    <wordcount weight="1" > devonian </wordcount>
    <wordcount weight="1" > occasionally </wordcount>
    <wordcount weight="1" > wonderfully </wordcount>
    <wordcount weight="1" > train </wordcount>
    <wordcount weight="1" > together </wordcount>
    <wordcount weight="1" > permanently </wordcount>
    <wordcount weight="1" > cauline </wordcount>
    <wordcount weight="1" > fascinating </wordcount>
    <wordcount weight="1" > genecological </wordcount>
    <wordcount weight="1" > called </wordcount>
    <wordcount weight="1" > provided </wordcount>
    <wordcount weight="1" > critically </wordcount>
    <wordcount weight="1" > typical </wordcount>
    <wordcount weight="1" > presence </wordcount>
    <wordcount weight="1" > current </wordcount>
    <wordcount weight="1" > regard </wordcount>
    <wordcount weight="1" > developed </wordcount>
    <wordcount weight="1" > terrms </wordcount>
    <wordcount weight="1" > attack </wordcount>
    <wordcount weight="1" > furtherance </wordcount>
    <wordcount weight="1" > lacks </wordcount>
    <wordcount weight="1" > rich </wordcount>
    <wordcount weight="1" > goals </wordcount>
    <wordcount weight="1" > enable </wordcount>
    <wordcount weight="1" > conspicuous </wordcount>
    <wordcount weight="1" > missionary </wordcount>
    <wordcount weight="1" > studied </wordcount>
    <wordcount weight="1" > classical </wordcount>
    <wordcount weight="1" > testing </wordcount>
    <wordcount weight="1" > diverse </wordcount>
    <wordcount weight="1" > link </wordcount>
    <wordcount weight="1" > themselves </wordcount>
    <wordcount weight="1" > probationary </wordcount>
    <wordcount weight="1" > end </wordcount>
    <wordcount weight="1" > wegnerian </wordcount>
    <wordcount weight="1" > getting </wordcount>
    <wordcount weight="1" > pioneer </wordcount>
    <wordcount weight="1" > remain </wordcount>
    <wordcount weight="1" > fertilized </wordcount>
    <wordcount weight="1" > build </wordcount>
    <wordcount weight="1" > venture </wordcount>
    <wordcount weight="1" > purview </wordcount>
    <wordcount weight="1" > review </wordcount>
    <wordcount weight="1" > carpels </wordcount>
    <wordcount weight="1" > wood </wordcount>
    <wordcount weight="1" > maheshwari </wordcount>
    <wordcount weight="1" > continents </wordcount>
    <wordcount weight="1" > pattern </wordcount>
    <wordcount weight="1" > vigorous </wordcount>
    <wordcount weight="1" > inadvertently </wordcount>
    <wordcount weight="1" > almost </wordcount>
    <wordcount weight="1" > ageold </wordcount>
    <wordcount weight="1" > utilize </wordcount>
    <wordcount weight="1" > mass </wordcount>
    <wordcount weight="1" > above </wordcount>
    <wordcount weight="1" > donie </wordcount>
    <wordcount weight="1" > madronio </wordcount>
    <wordcount weight="1" > term </wordcount>
    <wordcount weight="1" > foreseeable </wordcount>
    <wordcount weight="1" > devil </wordcount>
    <wordcount weight="1" > m </wordcount>
    <wordcount weight="1" > dogmatically </wordcount>
    <wordcount weight="1" > lawrence </wordcount>
    <wordcount weight="1" > better </wordcount>
    <wordcount weight="1" > rejuvenation </wordcount>
    <wordcount weight="1" > taxon </wordcount>
    <wordcount weight="1" > subordinate </wordcount>
    <wordcount weight="1" > publ </wordcount>
    <wordcount weight="1" > phyletic </wordcount>
    <wordcount weight="1" > greatly </wordcount>
    <wordcount weight="1" > lotsy </wordcount>
    <wordcount weight="1" > animal </wordcount>
    <wordcount weight="1" > beginning </wordcount>
    <wordcount weight="1" > concepts </wordcount>
    <wordcount weight="1" > equally </wordcount>
    <wordcount weight="1" > wandering </wordcount>
    <wordcount weight="1" > ground </wordcount>
    <wordcount weight="1" > sorme </wordcount>
    <wordcount weight="1" > pointing </wordcount>
    <wordcount weight="1" > embryological </wordcount>
    <wordcount weight="1" > let </wordcount>
    <wordcount weight="1" > discipline </wordcount>
    <wordcount weight="1" > shown </wordcount>
    <wordcount weight="1" > somewhat </wordcount>
    <wordcount weight="1" > contrived </wordcount>
    <wordcount weight="1" > signs </wordcount>
    <wordcount weight="1" > genera </wordcount>
    <wordcount weight="1" > german </wordcount>
    <wordcount weight="1" > geobotanical </wordcount>
    <wordcount weight="1" > eames </wordcount>
    <wordcount weight="1" > reckoned </wordcount>
    <wordcount weight="1" > purposes </wordcount>
    <wordcount weight="1" > warp </wordcount>
    <wordcount weight="1" > englerian </wordcount>
    <wordcount weight="1" > setting </wordcount>
    <wordcount weight="1" > appears </wordcount>
    <wordcount weight="1" > whether </wordcount>
    <wordcount weight="1" > appreciated </wordcount>
    <wordcount weight="1" > population </wordcount>
    <wordcount weight="1" > produced </wordcount>
    <wordcount weight="1" > selected </wordcount>
    <wordcount weight="1" > inc </wordcount>
    <wordcount weight="1" > embryosac </wordcount>
    <wordcount weight="1" > less </wordcount>
    <wordcount weight="1" > kingdoms </wordcount>
    <wordcount weight="1" > promise </wordcount>
    <wordcount weight="1" > pursue </wordcount>
    <wordcount weight="1" > evaluation </wordcount>
    <wordcount weight="1" > excellent </wordcount>
    <wordcount weight="1" > englewood </wordcount>
    <wordcount weight="1" > polyploid </wordcount>
    <wordcount weight="1" > scale </wordcount>
    <wordcount weight="1" > publications </wordcount>
    <wordcount weight="1" > monograph </wordcount>
    <wordcount weight="1" > grounds </wordcount>
    <wordcount weight="1" > embryo </wordcount>
    <wordcount weight="1" > material </wordcount>
    <wordcount weight="1" > outside </wordcount>
    <wordcount weight="1" > proven </wordcount>
    <wordcount weight="1" > despite </wordcount>
    <wordcount weight="1" > preevolutionary </wordcount>
    <wordcount weight="1" > reconstruction </wordcount>
    <wordcount weight="1" > core </wordcount>
    <wordcount weight="1" > lam </wordcount>
    <wordcount weight="1" > botanical </wordcount>
    <wordcount weight="1" > levels </wordcount>
    <wordcount weight="1" > remarked </wordcount>
    <wordcount weight="1" > theory </wordcount>
    <wordcount weight="1" > sounder </wordcount>
    <wordcount weight="1" > recorded </wordcount>
    <wordcount weight="1" > vii </wordcount>
    <wordcount weight="1" > distribution </wordcount>
    <wordcount weight="1" > goverining </wordcount>
    <wordcount weight="1" > task </wordcount>
    <wordcount weight="1" > capacity </wordcount>
    <wordcount weight="1" > rapidly </wordcount>
    <wordcount weight="1" > after </wordcount>
    <wordcount weight="1" > utilitarian </wordcount>
    <wordcount weight="1" > chief </wordcount>
    <wordcount weight="1" > while </wordcount>
    <wordcount weight="1" > antedate </wordcount>
    <wordcount weight="1" > bases </wordcount>
    <wordcount weight="1" > determine </wordcount>
    <wordcount weight="1" > really </wordcount>
    <wordcount weight="1" > moot </wordcount>
    <wordcount weight="1" > treasuries </wordcount>
    <wordcount weight="1" > indications </wordcount>
    <wordcount weight="1" > junk </wordcount>
    <wordcount weight="1" > healthy </wordcount>
    <wordcount weight="1" > rmeans </wordcount>
    <wordcount weight="1" > pursued </wordcount>
    <wordcount weight="1" > aspects </wordcount>
    <wordcount weight="1" > require </wordcount>
    <wordcount weight="1" > degree </wordcount>
    <wordcount weight="1" > herbalists </wordcount>
    <wordcount weight="1" > enthusiasm </wordcount>
    <wordcount weight="1" > xix </wordcount>
    <wordcount weight="1" > explored </wordcount>
    <wordcount weight="1" > original </wordcount>
    <wordcount weight="1" > dormant </wordcount>
    <wordcount weight="1" > local </wordcount>
    <wordcount weight="1" > polyploids </wordcount>
    <wordcount weight="1" > having </wordcount>
    <wordcount weight="1" > rife </wordcount>
    <wordcount weight="1" > observations </wordcount>
    <wordcount weight="1" > demonstrated </wordcount>
    <wordcount weight="1" > meetings </wordcount>
    <wordcount weight="1" > development </wordcount>
    <wordcount weight="1" > welcome </wordcount>
    <wordcount weight="1" > invaluable </wordcount>
    <wordcount weight="1" > prior </wordcount>
    <wordcount weight="1" > reorganization </wordcount>
    <wordcount weight="1" > future </wordcount>
    <wordcount weight="1" > w </wordcount>
    <wordcount weight="1" > mean </wordcount>
    <wordcount weight="1" > giverl </wordcount>
    <wordcount weight="1" > identification </wordcount>
    <wordcount weight="1" > activity </wordcount>
    <wordcount weight="1" > associates </wordcount>
    <wordcount weight="1" > radkofer </wordcount>
    <wordcount weight="1" > compendia </wordcount>
    <wordcount weight="1" > grand </wordcount>
    <wordcount weight="1" > ideal </wordcount>
    <wordcount weight="1" > babcock </wordcount>
    <wordcount weight="1" > work </wordcount>
    <wordcount weight="1" > periodically </wordcount>
    <wordcount weight="1" > janaki </wordcount>
    <wordcount weight="1" > both </wordcount>
    <wordcount weight="1" > solely </wordcount>
    <wordcount weight="1" > radically </wordcount>
    <wordcount weight="1" > bibliography </wordcount>
    <wordcount weight="1" > completed </wordcount>
    <wordcount weight="1" > founded </wordcount>
    <wordcount weight="1" > alterations </wordcount>
    <wordcount weight="1" > vital </wordcount>
    <wordcount weight="1" > characteristic </wordcount>
    <wordcount weight="1" > obvious </wordcount>
    <wordcount weight="1" > framed </wordcount>
    <wordcount weight="1" > preserved </wordcount>
    <wordcount weight="1" > laboriously </wordcount>
    <wordcount weight="1" > classes </wordcount>
    <wordcount weight="1" > mastery </wordcount>
    <wordcount weight="1" > concept </wordcount>
    <wordcount weight="1" > discovered </wordcount>
    <wordcount weight="1" > marvellously </wordcount>
    <wordcount weight="1" > thereby </wordcount>
    <wordcount weight="1" > conclude </wordcount>
    <wordcount weight="1" > chronica </wordcount>
    <wordcount weight="1" > unalterable </wordcount>
    <wordcount weight="1" > part </wordcount>
    <wordcount weight="1" > x </wordcount>
    <wordcount weight="1" > including </wordcount>
    <wordcount weight="1" > breeding </wordcount>
    <wordcount weight="1" > enhanced </wordcount>
    <wordcount weight="1" > distinctly </wordcount>
    <wordcount weight="1" > attractively </wordcount>
    <wordcount weight="1" > potentialities </wordcount>
    <wordcount weight="1" > systematist </wordcount>
    <wordcount weight="1" > content </wordcount>
    <wordcount weight="1" > malpighi </wordcount>
    <wordcount weight="1" > pollens </wordcount>
    <wordcount weight="1" > sufficiently </wordcount>
    <wordcount weight="1" > desirable </wordcount>
    <wordcount weight="1" > vaguely </wordcount>
    <wordcount weight="1" > manifestations </wordcount>
    <wordcount weight="1" > pulls </wordcount>
    <wordcount weight="1" > anticipated </wordcount>
    <wordcount weight="1" > bailey </wordcount>
    <wordcount weight="1" > jeffrey </wordcount>
    <wordcount weight="1" > revealed </wordcount>
    <wordcount weight="1" > prophetic </wordcount>
    <wordcount weight="1" > durable </wordcount>
    <wordcount weight="1" > description </wordcount>
    <wordcount weight="1" > omit </wordcount>
    <wordcount weight="1" > findings </wordcount>
    <wordcount weight="1" > spermatophyta </wordcount>
    <wordcount weight="1" > et </wordcount>
    <wordcount weight="1" > sclereids </wordcount>
    <wordcount weight="1" > empirical </wordcount>
    <wordcount weight="1" > taxoniomist </wordcount>
    <wordcount weight="1" > paris </wordcount>
    <wordcount weight="1" > measure </wordcount>
    <wordcount weight="1" > cherishing </wordcount>
    <wordcount weight="1" > secondarily </wordcount>
    <wordcount weight="1" > cultivated </wordcount>
    <wordcount weight="1" > wholesome </wordcount>
    <wordcount weight="1" > hybridization </wordcount>
    <wordcount weight="1" > largely </wordcount>
    <wordcount weight="1" > obtain </wordcount>
    <wordcount weight="1" > results </wordcount>
    <wordcount weight="1" > increment </wordcount>
    <wordcount weight="1" > ammal </wordcount>
    <wordcount weight="1" > capitalized </wordcount>
    <wordcount weight="1" > doctrine </wordcount>
    <wordcount weight="1" > make </wordcount>
    <wordcount weight="1" > factor </wordcount>
    <wordcount weight="1" > cytogenetically </wordcount>
    <wordcount weight="1" > cited </wordcount>
    <wordcount weight="1" > categories </wordcount>
    <wordcount weight="1" > waltham </wordcount>
    <wordcount weight="1" > framework </wordcount>
    <wordcount weight="1" > scarcely </wordcount>
    <wordcount weight="1" > wettstein </wordcount>
    <wordcount weight="1" > botanists </wordcount>
    <wordcount weight="1" > embryonic </wordcount>
    <wordcount weight="1" > contrasted </wordcount>
    <wordcount weight="1" > pflanzenfamilien </wordcount>
    <wordcount weight="1" > satisfactorily </wordcount>
    <wordcount weight="1" > aspect </wordcount>
    <wordcount weight="1" > accorded </wordcount>
    <wordcount weight="1" > think </wordcount>
    <wordcount weight="1" > terms </wordcount>
    <wordcount weight="1" > central </wordcount>
    <wordcount weight="1" > ends </wordcount>
    <wordcount weight="1" > maturation </wordcount>
    <wordcount weight="1" > descendents </wordcount>
    <wordcount weight="1" > gametophytic </wordcount>
    <wordcount weight="1" > static </wordcount>
    <wordcount weight="1" > irving </wordcount>
    <wordcount weight="1" > phase </wordcount>
    <wordcount weight="1" > panacea </wordcount>
    <wordcount weight="1" > prepared </wordcount>
    <wordcount weight="1" > documented </wordcount>
    <wordcount weight="1" > crossing </wordcount>
    <wordcount weight="1" > helpful </wordcount>
    <wordcount weight="1" > justification </wordcount>
    <wordcount weight="1" > versatile </wordcount>
    <wordcount weight="1" > vessels </wordcount>
    <wordcount weight="1" > previous </wordcount>
    <wordcount weight="1" > scrap </wordcount>
    <wordcount weight="1" > gefasspflanzen </wordcount>
    <wordcount weight="1" > b </wordcount>
    <wordcount weight="1" > dependence </wordcount>
    <wordcount weight="1" > rev </wordcount>
    <wordcount weight="1" > advantages </wordcount>
    <wordcount weight="1" > dating </wordcount>
    <wordcount weight="1" > branching </wordcount>
    <wordcount weight="1" > turesson </wordcount>
    <wordcount weight="1" > cytogenetical </wordcount>
    <wordcount weight="1" > recording </wordcount>
    <wordcount weight="1" > stamens </wordcount>
    <wordcount weight="1" > establishes </wordcount>
    <wordcount weight="1" > overstatement </wordcount>
    <wordcount weight="1" > monopoly </wordcount>
    <wordcount weight="1" > exceedingly </wordcount>
    <wordcount weight="1" > j </wordcount>
    <wordcount weight="1" > doubtful </wordcount>
    <wordcount weight="1" > clear </wordcount>
    <wordcount weight="1" > chromosomiques </wordcount>
    <wordcount weight="1" > significance </wordcount>
    <wordcount weight="1" > supersede </wordcount>
    <wordcount weight="1" > disposal </wordcount>
    <wordcount weight="1" > professor </wordcount>
    <wordcount weight="1" > outcome </wordcount>
    <wordcount weight="1" > vista </wordcount>
    <wordcount weight="1" > relationship </wordcount>
    <wordcount weight="1" > resembling </wordcount>
    <wordcount weight="1" > minds </wordcount>
    <wordcount weight="1" > permitted </wordcount>
    <wordcount weight="1" > adding </wordcount>
    <wordcount weight="1" > rebuilds </wordcount>
    <wordcount weight="1" > authors </wordcount>
    <wordcount weight="1" > peril </wordcount>
    <wordcount weight="1" > adplication </wordcount>
    <wordcount weight="1" > correctness </wordcount>
    <wordcount weight="1" > wylie </wordcount>
    <wordcount weight="1" > frame </wordcount>
    <wordcount weight="1" > delay </wordcount>
    <wordcount weight="1" > recognize </wordcount>
    <wordcount weight="1" > brittonia </wordcount>
    <wordcount weight="1" > utilized </wordcount>
    <wordcount weight="1" > karyotype </wordcount>
    <wordcount weight="1" > agreement </wordcount>
    <wordcount weight="1" > points </wordcount>
    <wordcount weight="1" > substituting </wordcount>
    <wordcount weight="1" > mode </wordcount>
    <wordcount weight="1" > xylem </wordcount>
    <wordcount weight="1" > tool </wordcount>
    <wordcount weight="1" > someone </wordcount>
    <wordcount weight="1" > interpret </wordcount>
    <wordcount weight="1" > dangerous </wordcount>
    <wordcount weight="1" > validity </wordcount>
    <wordcount weight="1" > exerting </wordcount>
    <wordcount weight="1" > c </wordcount>
    <wordcount weight="1" > moment </wordcount>
    <wordcount weight="1" > accused </wordcount>
    <wordcount weight="1" > instead </wordcount>
    <wordcount weight="1" > advantageous </wordcount>
    <wordcount weight="1" > grown </wordcount>
    <wordcount weight="1" > allowed </wordcount>
    <wordcount weight="1" > touches </wordcount>
    <wordcount weight="1" > successful </wordcount>
    <wordcount weight="1" > land </wordcount>
    <wordcount weight="1" > adult </wordcount>
    <wordcount weight="1" > breaking </wordcount>
    <wordcount weight="1" > period </wordcount>
    <wordcount weight="1" > ahead </wordcount>
    <wordcount weight="1" > cold </wordcount>
    <wordcount weight="1" > zoology </wordcount>
    <wordcount weight="1" > botanica </wordcount>
    <wordcount weight="1" > unified </wordcount>
    <wordcount weight="1" > regarded </wordcount>
    <wordcount weight="1" > atempt </wordcount>
    <wordcount weight="1" > employing </wordcount>
    <wordcount weight="1" > threatens </wordcount>
    <wordcount weight="1" > preliminary </wordcount>
    <wordcount weight="1" > cjassification </wordcount>
    <wordcount weight="1" > extensively </wordcount>
    <wordcount weight="1" > box </wordcount>
    <wordcount weight="1" > applicability </wordcount>
    <wordcount weight="1" > lie </wordcount>
    <wordcount weight="1" > clues </wordcount>
    <wordcount weight="1" > defined </wordcount>
    <wordcount weight="1" > derive </wordcount>
    <wordcount weight="1" > chromosomenzahlen </wordcount>
    <wordcount weight="1" > alone </wordcount>
    <wordcount weight="1" > chez </wordcount>
    <wordcount weight="1" > unity </wordcount>
    <wordcount weight="1" > sporangia </wordcount>
    <wordcount weight="1" > vascularization </wordcount>
    <wordcount weight="1" > diagnostic </wordcount>
    <wordcount weight="1" > cases </wordcount>
    <wordcount weight="1" > abundant </wordcount>
    <wordcount weight="1" > precludes </wordcount>
    <wordcount weight="1" > decided </wordcount>
    <wordcount weight="1" > fine </wordcount>
    <wordcount weight="1" > francisco </wordcount>
    <wordcount weight="1" > association </wordcount>
    <wordcount weight="1" > biol </wordcount>
    <wordcount weight="1" > speak </wordcount>
    <wordcount weight="1" > veget </wordcount>
    <wordcount weight="1" > never </wordcount>
    <wordcount weight="1" > magical </wordcount>
    <wordcount weight="1" > canons </wordcount>
    <wordcount weight="1" > reorganized </wordcount>
    <wordcount weight="1" > voucher </wordcount>
    <wordcount weight="1" > systematically </wordcount>
    <wordcount weight="1" > several </wordcount>
    <wordcount weight="1" > fractioning </wordcount>
    <wordcount weight="1" > close </wordcount>
    <wordcount weight="1" > burgeoning </wordcount>
    <wordcount weight="1" > favored </wordcount>
    <wordcount weight="1" > phylogenetical </wordcount>
    <wordcount weight="1" > characteristics </wordcount>
    <wordcount weight="1" > sufficient </wordcount>
    <wordcount weight="1" > especially </wordcount>
    <wordcount weight="1" > ignore </wordcount>
    <wordcount weight="1" > wary </wordcount>
    <wordcount weight="1" > profound </wordcount>
    <wordcount weight="1" > infrequently </wordcount>
    <wordcount weight="1" > searching </wordcount>
    <wordcount weight="1" > vessel </wordcount>
    <wordcount weight="1" > mark </wordcount>
    <wordcount weight="1" > article </wordcount>
    <wordcount weight="1" > members </wordcount>
    <wordcount weight="1" > highly </wordcount>
    <wordcount weight="1" > problem </wordcount>
    <wordcount weight="1" > aluded </wordcount>
    <wordcount weight="1" > k </wordcount>
    <wordcount weight="1" > compatibility </wordcount>
    <wordcount weight="1" > evolutionary </wordcount>
    <wordcount weight="1" > assumed </wordcount>
    <wordcount weight="1" > telomic </wordcount>
    <wordcount weight="1" > arise </wordcount>
    <wordcount weight="1" > holds </wordcount>
    <wordcount weight="1" > exaggeration </wordcount>
    <wordcount weight="1" > difficulty </wordcount>
    <wordcount weight="1" > classificatory </wordcount>
    <wordcount weight="1" > inclusion </wordcount>
    <wordcount weight="1" > ts </wordcount>
    <wordcount weight="1" > solereder </wordcount>
    <wordcount weight="1" > endeavor </wordcount>
    <wordcount weight="1" > jrhynia </wordcount>
    <wordcount weight="1" > suitable </wordcount>
    <wordcount weight="1" > sight </wordcount>
    <wordcount weight="1" > essentially </wordcount>
    <wordcount weight="1" > distinguished </wordcount>
    <wordcount weight="1" > confidently </wordcount>
    <wordcount weight="1" > interpretations </wordcount>
    <wordcount weight="1" > xvi </wordcount>
    <wordcount weight="1" > succeeded </wordcount>
    <wordcount weight="1" > systematizations </wordcount>
    <wordcount weight="1" > effect </wordcount>
    <wordcount weight="1" > misleading </wordcount>
    <wordcount weight="1" > yielded </wordcount>
    <wordcount weight="1" > incompatibility </wordcount>
    <wordcount weight="1" > johansen </wordcount>
    <wordcount weight="1" > become </wordcount>
    <wordcount weight="1" > enjoyed </wordcount>
    <wordcount weight="1" > structure </wordcount>
    <wordcount weight="1" > weight </wordcount>
    <wordcount weight="1" > listed </wordcount>
    <wordcount weight="1" > designating </wordcount>
    <wordcount weight="1" > richness </wordcount>
    <wordcount weight="1" > dares </wordcount>
    <wordcount weight="1" > equipment </wordcount>
    <wordcount weight="1" > serum </wordcount>
    <wordcount weight="1" > wish </wordcount>
    <wordcount weight="1" > essays </wordcount>
    <wordcount weight="1" > develop </wordcount>
    <wordcount weight="1" > divergent </wordcount>
    <wordcount weight="1" > permutations </wordcount>
    <wordcount weight="1" > dry </wordcount>
    <wordcount weight="1" > filling </wordcount>
    <wordcount weight="1" > fabricated </wordcount>
    <wordcount weight="1" > poorly </wordcount>
    <wordcount weight="1" > versus </wordcount>
    <wordcount weight="1" > propositions </wordcount>
    <wordcount weight="1" > classifiers </wordcount>
    <wordcount weight="1" > preferable </wordcount>
    <wordcount weight="1" > tendency </wordcount>
    <wordcount weight="1" > phanerogames </wordcount>
    <wordcount weight="1" > longterm </wordcount>
    <wordcount weight="1" > appropriate </wordcount>
    <wordcount weight="1" > visualizing </wordcount>
    <wordcount weight="1" > substituted </wordcount>
    <wordcount weight="1" > professional </wordcount>
    <wordcount weight="1" > metcalfe </wordcount>
    <wordcount weight="1" > moveable </wordcount>
    <wordcount weight="1" > lincoln </wordcount>
    <wordcount weight="1" > achieve </wordcount>
    <wordcount weight="1" > built </wordcount>
    <wordcount weight="1" > infinite </wordcount>
    <wordcount weight="1" > impressions </wordcount>
    <wordcount weight="1" > suggest </wordcount>
    <wordcount weight="1" > irritation </wordcount>
    <wordcount weight="1" > cryptogamsthe </wordcount>
    <wordcount weight="1" > bentham </wordcount>
    <wordcount weight="1" > substantial </wordcount>
    <wordcount weight="1" > major </wordcount>
    <wordcount weight="1" > species </wordcount>
    <wordcount weight="1" > hopefully </wordcount>
    <wordcount weight="1" > seemed </wordcount>
    <wordcount weight="1" > scoffed </wordcount>
    <wordcount weight="1" > exhau </wordcount>
    <wordcount weight="1" > walls </wordcount>
    <wordcount weight="1" > hypothesis </wordcount>
</article>
