<?xml version="1.0" encoding="UTF-8"?>
<article id="10.2307/2473722" >
    <wordcount weight="200" > the </wordcount>
    <wordcount weight="172" > and </wordcount>
    <wordcount weight="156" > of </wordcount>
    <wordcount weight="144" > in </wordcount>
    <wordcount weight="101" > to </wordcount>
    <wordcount weight="64" > from </wordcount>
    <wordcount weight="63" > flushing </wordcount>
    <wordcount weight="61" > chilling </wordcount>
    <wordcount weight="59" > temperature </wordcount>
    <wordcount weight="51" > with </wordcount>
    <wordcount weight="46" > at </wordcount>
    <wordcount weight="44" > for </wordcount>
    <wordcount weight="43" > days </wordcount>
    <wordcount weight="42" > were </wordcount>
    <wordcount weight="40" > a </wordcount>
    <wordcount weight="39" > by </wordcount>
    <wordcount weight="39" > population </wordcount>
    <wordcount weight="35" > populations </wordcount>
    <wordcount weight="33" > c </wordcount>
    <wordcount weight="30" > as </wordcount>
    <wordcount weight="29" > on </wordcount>
    <wordcount weight="28" > are </wordcount>
    <wordcount weight="23" > moisture </wordcount>
    <wordcount weight="22" > is </wordcount>
    <wordcount weight="22" > or </wordcount>
    <wordcount weight="21" > burst </wordcount>
    <wordcount weight="21" > bud </wordcount>
    <wordcount weight="20" > was </wordcount>
    <wordcount weight="20" > response </wordcount>
    <wordcount weight="20" > be </wordcount>
    <wordcount weight="20" > than </wordcount>
    <wordcount weight="19" > temperatures </wordcount>
    <wordcount weight="18" > variation </wordcount>
    <wordcount weight="18" > average </wordcount>
    <wordcount weight="17" > dormancy </wordcount>
    <wordcount weight="17" > climatic </wordcount>
    <wordcount weight="17" > an </wordcount>
    <wordcount weight="17" > annual </wordcount>
    <wordcount weight="17" > rates </wordcount>
    <wordcount weight="16" > that </wordcount>
    <wordcount weight="16" > after </wordcount>
    <wordcount weight="16" > we </wordcount>
    <wordcount weight="15" > each </wordcount>
    <wordcount weight="14" > more </wordcount>
    <wordcount weight="14" > elevation </wordcount>
    <wordcount weight="14" > expected </wordcount>
    <wordcount weight="13" > latitude </wordcount>
    <wordcount weight="13" > topographic </wordcount>
    <wordcount weight="13" > i </wordcount>
    <wordcount weight="13" > growing </wordcount>
    <wordcount weight="13" > deficit </wordcount>
    <wordcount weight="13" > variables </wordcount>
    <wordcount weight="13" > period </wordcount>
    <wordcount weight="12" > m </wordcount>
    <wordcount weight="12" > genetic </wordcount>
    <wordcount weight="12" > this </wordcount>
    <wordcount weight="12" > results </wordcount>
    <wordcount weight="11" > r </wordcount>
    <wordcount weight="11" > sugano </wordcount>
    <wordcount weight="11" > these </wordcount>
    <wordcount weight="11" > regression </wordcount>
    <wordcount weight="11" > related </wordcount>
    <wordcount weight="11" > variability </wordcount>
    <wordcount weight="11" > which </wordcount>
    <wordcount weight="10" > model </wordcount>
    <wordcount weight="10" > may </wordcount>
    <wordcount weight="10" > rate </wordcount>
    <wordcount weight="10" > factors </wordcount>
    <wordcount weight="10" > not </wordcount>
    <wordcount weight="10" > sources </wordcount>
    <wordcount weight="10" > all </wordcount>
    <wordcount weight="10" > ocean </wordcount>
    <wordcount weight="10" > distance </wordcount>
    <wordcount weight="10" > buds </wordcount>
    <wordcount weight="9" > higher </wordcount>
    <wordcount weight="9" > deviations </wordcount>
    <wordcount weight="9" > growth </wordcount>
    <wordcount weight="9" > mean </wordcount>
    <wordcount weight="9" > w </wordcount>
    <wordcount weight="9" > also </wordcount>
    <wordcount weight="9" > j </wordcount>
    <wordcount weight="9" > picea </wordcount>
    <wordcount weight="9" > spring </wordcount>
    <wordcount weight="9" > effects </wordcount>
    <wordcount weight="9" > northern </wordcount>
    <wordcount weight="9" > among </wordcount>
    <wordcount weight="9" > provenance </wordcount>
    <wordcount weight="9" > deficits </wordcount>
    <wordcount weight="8" > o </wordcount>
    <wordcount weight="8" > l </wordcount>
    <wordcount weight="8" > later </wordcount>
    <wordcount weight="8" > two </wordcount>
    <wordcount weight="8" > season </wordcount>
    <wordcount weight="8" > seedlings </wordcount>
    <wordcount weight="8" > between </wordcount>
    <wordcount weight="8" > our </wordcount>
    <wordcount weight="8" > timing </wordcount>
    <wordcount weight="8" > given </wordcount>
    <wordcount weight="7" > periods </wordcount>
    <wordcount weight="7" > coastal </wordcount>
    <wordcount weight="7" > selection </wordcount>
    <wordcount weight="7" > pacific </wordcount>
    <wordcount weight="7" > h </wordcount>
    <wordcount weight="7" > pp </wordcount>
    <wordcount weight="7" > forest </wordcount>
    <wordcount weight="7" > variable </wordcount>
    <wordcount weight="7" > equations </wordcount>
    <wordcount weight="7" > drought </wordcount>
    <wordcount weight="7" > continental </wordcount>
    <wordcount weight="7" > other </wordcount>
    <wordcount weight="7" > treatments </wordcount>
    <wordcount weight="7" > x </wordcount>
    <wordcount weight="7" > models </wordcount>
    <wordcount weight="7" > campbell </wordcount>
    <wordcount weight="7" > responses </wordcount>
    <wordcount weight="7" > increased </wordcount>
    <wordcount weight="7" > photoperiod </wordcount>
    <wordcount weight="7" > duration </wordcount>
    <wordcount weight="7" > adaptive </wordcount>
    <wordcount weight="6" > high </wordcount>
    <wordcount weight="6" > associated </wordcount>
    <wordcount weight="6" > southern </wordcount>
    <wordcount weight="6" > total </wordcount>
    <wordcount weight="6" > weather </wordcount>
    <wordcount weight="6" > strategy </wordcount>
    <wordcount weight="6" > treatment </wordcount>
    <wordcount weight="6" > december </wordcount>
    <wordcount weight="6" > longer </wordcount>
    <wordcount weight="6" > areas </wordcount>
    <wordcount weight="6" > frost </wordcount>
    <wordcount weight="6" > oregon </wordcount>
    <wordcount weight="6" > can </wordcount>
    <wordcount weight="6" > seasonal </wordcount>
    <wordcount weight="6" > genet </wordcount>
    <wordcount weight="6" > provenances </wordcount>
    <wordcount weight="6" > some </wordcount>
    <wordcount weight="6" > data </wordcount>
    <wordcount weight="6" > values </wordcount>
    <wordcount weight="6" > it </wordcount>
    <wordcount weight="6" > such </wordcount>
    <wordcount weight="6" > species </wordcount>
    <wordcount weight="5" > cues </wordcount>
    <wordcount weight="5" > both </wordcount>
    <wordcount weight="5" > earlier </wordcount>
    <wordcount weight="5" > k </wordcount>
    <wordcount weight="5" > same </wordcount>
    <wordcount weight="5" > lower </wordcount>
    <wordcount weight="5" > first </wordcount>
    <wordcount weight="5" > monthly </wordcount>
    <wordcount weight="5" > added </wordcount>
    <wordcount weight="5" > phenology </wordcount>
    <wordcount weight="5" > combinations </wordcount>
    <wordcount weight="5" > origin </wordcount>
    <wordcount weight="5" > constant </wordcount>
    <wordcount weight="5" > patterns </wordcount>
    <wordcount weight="5" > those </wordcount>
    <wordcount weight="5" > silvae </wordcount>
    <wordcount weight="5" > has </wordcount>
    <wordcount weight="5" > influenced </wordcount>
    <wordcount weight="5" > elevations </wordcount>
    <wordcount weight="5" > samples </wordcount>
    <wordcount weight="5" > station </wordcount>
    <wordcount weight="5" > during </wordcount>
    <wordcount weight="5" > have </wordcount>
    <wordcount weight="5" > flushed </wordcount>
    <wordcount weight="5" > summer </wordcount>
    <wordcount weight="5" > probabilities </wordcount>
    <wordcount weight="5" > km </wordcount>
    <wordcount weight="5" > even </wordcount>
    <wordcount weight="5" > hypothesis </wordcount>
    <wordcount weight="4" > increasing </wordcount>
    <wordcount weight="4" > york </wordcount>
    <wordcount weight="4" > no </wordcount>
    <wordcount weight="4" > seasons </wordcount>
    <wordcount weight="4" > probability </wordcount>
    <wordcount weight="4" > they </wordcount>
    <wordcount weight="4" > similar </wordcount>
    <wordcount weight="4" > complex </wordcount>
    <wordcount weight="4" > about </wordcount>
    <wordcount weight="4" > under </wordcount>
    <wordcount weight="4" > release </wordcount>
    <wordcount weight="4" > any </wordcount>
    <wordcount weight="4" > clinally </wordcount>
    <wordcount weight="4" > pots </wordcount>
    <wordcount weight="4" > most </wordcount>
    <wordcount weight="4" > generally </wordcount>
    <wordcount weight="4" > starting </wordcount>
    <wordcount weight="4" > set </wordcount>
    <wordcount weight="4" > equation </wordcount>
    <wordcount weight="4" > fig </wordcount>
    <wordcount weight="4" > genecology </wordcount>
    <wordcount weight="4" > winter </wordcount>
    <wordcount weight="4" > water </wordcount>
    <wordcount weight="4" > based </wordcount>
    <wordcount weight="4" > could </wordcount>
    <wordcount weight="4" > new </wordcount>
    <wordcount weight="4" > requirements </wordcount>
    <wordcount weight="4" > amplitude </wordcount>
    <wordcount weight="4" > pattern </wordcount>
    <wordcount weight="4" > date </wordcount>
    <wordcount weight="4" > climate </wordcount>
    <wordcount weight="4" > terms </wordcount>
    <wordcount weight="4" > plants </wordcount>
    <wordcount weight="4" > ed </wordcount>
    <wordcount weight="4" > depending </wordcount>
    <wordcount weight="4" > described </wordcount>
    <wordcount weight="4" > botanical </wordcount>
    <wordcount weight="4" > spruce </wordcount>
    <wordcount weight="4" > because </wordcount>
    <wordcount weight="4" > low </wordcount>
    <wordcount weight="4" > wang </wordcount>
    <wordcount weight="4" > conditions </wordcount>
    <wordcount weight="4" > maritime </wordcount>
    <wordcount weight="4" > curve </wordcount>
    <wordcount weight="4" > gazette </wordcount>
    <wordcount weight="4" > compared </wordcount>
    <wordcount weight="4" > when </wordcount>
    <wordcount weight="4" > occur </wordcount>
    <wordcount weight="4" > climates </wordcount>
    <wordcount weight="4" > cold </wordcount>
    <wordcount weight="4" > col </wordcount>
    <wordcount weight="3" > f </wordcount>
    <wordcount weight="3" > relationship </wordcount>
    <wordcount weight="3" > shortest </wordcount>
    <wordcount weight="3" > if </wordcount>
    <wordcount weight="3" > sitka </wordcount>
    <wordcount weight="3" > toward </wordcount>
    <wordcount weight="3" > en </wordcount>
    <wordcount weight="3" > environmental </wordcount>
    <wordcount weight="3" > lines </wordcount>
    <wordcount weight="3" > process </wordcount>
    <wordcount weight="3" > e </wordcount>
    <wordcount weight="3" > b </wordcount>
    <wordcount weight="3" > one </wordcount>
    <wordcount weight="3" > pages </wordcount>
    <wordcount weight="3" > analysis </wordcount>
    <wordcount weight="3" > mariana </wordcount>
    <wordcount weight="3" > tend </wordcount>
    <wordcount weight="3" > control </wordcount>
    <wordcount weight="3" > chamber </wordcount>
    <wordcount weight="3" > table </wordcount>
    <wordcount weight="3" > sets </wordcount>
    <wordcount weight="3" > pressures </wordcount>
    <wordcount weight="3" > restricted </wordcount>
    <wordcount weight="3" > cycles </wordcount>
    <wordcount weight="3" > into </wordcount>
    <wordcount weight="3" > predicting </wordcount>
    <wordcount weight="3" > occurred </wordcount>
    <wordcount weight="3" > n </wordcount>
    <wordcount weight="3" > experiment </wordcount>
    <wordcount weight="3" > but </wordcount>
    <wordcount weight="3" > four </wordcount>
    <wordcount weight="3" > different </wordcount>
    <wordcount weight="3" > reports </wordcount>
    <wordcount weight="3" > either </wordcount>
    <wordcount weight="3" > us </wordcount>
    <wordcount weight="3" > cm </wordcount>
    <wordcount weight="3" > averages </wordcount>
    <wordcount weight="3" > comparatively </wordcount>
    <wordcount weight="3" > location </wordcount>
    <wordcount weight="3" > differences </wordcount>
    <wordcount weight="3" > wave </wordcount>
    <wordcount weight="3" > government </wordcount>
    <wordcount weight="3" > evapotranspiration </wordcount>
    <wordcount weight="3" > day </wordcount>
    <wordcount weight="3" > within </wordcount>
    <wordcount weight="3" > system </wordcount>
    <wordcount weight="3" > placed </wordcount>
    <wordcount weight="3" > loge </wordcount>
    <wordcount weight="3" > vol </wordcount>
    <wordcount weight="3" > start </wordcount>
    <wordcount weight="3" > range </wordcount>
    <wordcount weight="3" > trees </wordcount>
    <wordcount weight="3" > procedure </wordcount>
    <wordcount weight="3" > apply </wordcount>
    <wordcount weight="3" > northwest </wordcount>
    <wordcount weight="3" > thus </wordcount>
    <wordcount weight="3" > chosen </wordcount>
    <wordcount weight="3" > previous </wordcount>
    <wordcount weight="3" > reaction </wordcount>
    <wordcount weight="3" > calculated </wordcount>
    <wordcount weight="3" > regions </wordcount>
    <wordcount weight="3" > washington </wordcount>
    <wordcount weight="3" > individual </wordcount>
    <wordcount weight="3" > approximately </wordcount>
    <wordcount weight="3" > describing </wordcount>
    <wordcount weight="3" > would </wordcount>
    <wordcount weight="3" > provided </wordcount>
    <wordcount weight="3" > features </wordcount>
    <wordcount weight="3" > influence </wordcount>
    <wordcount weight="3" > potential </wordcount>
    <wordcount weight="3" > columbia </wordcount>
    <wordcount weight="3" > corvallis </wordcount>
    <wordcount weight="3" > respectively </wordcount>
    <wordcount weight="3" > seeds </wordcount>
    <wordcount weight="3" > tended </wordcount>
    <wordcount weight="3" > coast </wordcount>
    <wordcount weight="3" > early </wordcount>
    <wordcount weight="3" > seed </wordcount>
    <wordcount weight="3" > latitudes </wordcount>
    <wordcount weight="3" > north </wordcount>
    <wordcount weight="3" > cycle </wordcount>
    <wordcount weight="3" > preliminary </wordcount>
    <wordcount weight="3" > major </wordcount>
    <wordcount weight="2" > ranging </wordcount>
    <wordcount weight="2" > will </wordcount>
    <wordcount weight="2" > general </wordcount>
    <wordcount weight="2" > protect </wordcount>
    <wordcount weight="2" > stronger </wordcount>
    <wordcount weight="2" > reflects </wordcount>
    <wordcount weight="2" > south </wordcount>
    <wordcount weight="2" > curves </wordcount>
    <wordcount weight="2" > bureau </wordcount>
    <wordcount weight="2" > logarithmically </wordcount>
    <wordcount weight="2" > provide </wordcount>
    <wordcount weight="2" > service </wordcount>
    <wordcount weight="2" > freezing </wordcount>
    <wordcount weight="2" > fastest </wordcount>
    <wordcount weight="2" > natural </wordcount>
    <wordcount weight="2" > strongly </wordcount>
    <wordcount weight="2" > prechilling </wordcount>
    <wordcount weight="2" > indicates </wordcount>
    <wordcount weight="2" > interactions </wordcount>
    <wordcount weight="2" > eight </wordcount>
    <wordcount weight="2" > length </wordcount>
    <wordcount weight="2" > cave </wordcount>
    <wordcount weight="2" > greig </wordcount>
    <wordcount weight="2" > fcl </wordcount>
    <wordcount weight="2" > examined </wordcount>
    <wordcount weight="2" > t </wordcount>
    <wordcount weight="2" > appl </wordcount>
    <wordcount weight="2" > den </wordcount>
    <wordcount weight="2" > sitchensis </wordcount>
    <wordcount weight="2" > quantitatively </wordcount>
    <wordcount weight="2" > western </wordcount>
    <wordcount weight="2" > black </wordcount>
    <wordcount weight="2" > coefficients </wordcount>
    <wordcount weight="2" > included </wordcount>
    <wordcount weight="2" > experimental </wordcount>
    <wordcount weight="2" > series </wordcount>
    <wordcount weight="2" > according </wordcount>
    <wordcount weight="2" > pinus </wordcount>
    <wordcount weight="2" > fitted </wordcount>
    <wordcount weight="2" > shorter </wordcount>
    <wordcount weight="2" > known </wordcount>
    <wordcount weight="2" > skogforsoksvesen </wordcount>
    <wordcount weight="2" > fluctuating </wordcount>
    <wordcount weight="2" > especially </wordcount>
    <wordcount weight="2" > genotypes </wordcount>
    <wordcount weight="2" > camp </wordcount>
    <wordcount weight="2" > providing </wordcount>
    <wordcount weight="2" > over </wordcount>
    <wordcount weight="2" > smith </wordcount>
    <wordcount weight="2" > five </wordcount>
    <wordcount weight="2" > s </wordcount>
    <wordcount weight="2" > believe </wordcount>
    <wordcount weight="2" > slowly </wordcount>
    <wordcount weight="2" > daily </wordcount>
    <wordcount weight="2" > found </wordcount>
    <wordcount weight="2" > entered </wordcount>
    <wordcount weight="2" > genecological </wordcount>
    <wordcount weight="2" > cascades </wordcount>
    <wordcount weight="2" > time </wordcount>
    <wordcount weight="2" > farther </wordcount>
    <wordcount weight="2" > state </wordcount>
    <wordcount weight="2" > mergen </wordcount>
    <wordcount weight="2" > wood </wordcount>
    <wordcount weight="2" > height </wordcount>
    <wordcount weight="2" > inland </wordcount>
    <wordcount weight="2" > faster </wordcount>
    <wordcount weight="2" > forks </wordcount>
    <wordcount weight="2" > last </wordcount>
    <wordcount weight="2" > soc </wordcount>
    <wordcount weight="2" > equal </wordcount>
    <wordcount weight="2" > where </wordcount>
    <wordcount weight="2" > physiol </wordcount>
    <wordcount weight="2" > ecology </wordcount>
    <wordcount weight="2" > mainly </wordcount>
    <wordcount weight="2" > treat </wordcount>
    <wordcount weight="2" > reactions </wordcount>
    <wordcount weight="2" > whether </wordcount>
    <wordcount weight="2" > less </wordcount>
    <wordcount weight="2" > necessary </wordcount>
    <wordcount weight="2" > forestry </wordcount>
    <wordcount weight="2" > lengths </wordcount>
    <wordcount weight="2" > part </wordcount>
    <wordcount weight="2" > germinated </wordcount>
    <wordcount weight="2" > adaptation </wordcount>
    <wordcount weight="2" > primary </wordcount>
    <wordcount weight="2" > information </wordcount>
    <wordcount weight="2" > remained </wordcount>
    <wordcount weight="2" > fc </wordcount>
    <wordcount weight="2" > design </wordcount>
    <wordcount weight="2" > having </wordcount>
    <wordcount weight="2" > sorensen </wordcount>
    <wordcount weight="2" > red </wordcount>
    <wordcount weight="2" > increases </wordcount>
    <wordcount weight="2" > analyzed </wordcount>
    <wordcount weight="2" > used </wordcount>
    <wordcount weight="2" > middle </wordcount>
    <wordcount weight="2" > received </wordcount>
    <wordcount weight="2" > october </wordcount>
    <wordcount weight="2" > dietrichson </wordcount>
    <wordcount weight="2" > optimizing </wordcount>
    <wordcount weight="2" > combination </wordcount>
    <wordcount weight="2" > unexplained </wordcount>
    <wordcount weight="2" > lake </wordcount>
    <wordcount weight="2" > reflecting </wordcount>
    <wordcount weight="2" > depended </wordcount>
    <wordcount weight="2" > increase </wordcount>
    <wordcount weight="2" > test </wordcount>
    <wordcount weight="2" > regulate </wordcount>
    <wordcount weight="2" > correlation </wordcount>
    <wordcount weight="2" > its </wordcount>
    <wordcount weight="2" > hendershott </wordcount>
    <wordcount weight="2" > minimum </wordcount>
    <wordcount weight="2" > entirely </wordcount>
    <wordcount weight="2" > significant </wordcount>
    <wordcount weight="2" > measurement </wordcount>
    <wordcount weight="2" > use </wordcount>
    <wordcount weight="2" > factorial </wordcount>
    <wordcount weight="2" > describe </wordcount>
    <wordcount weight="2" > bot </wordcount>
    <wordcount weight="2" > commonly </wordcount>
    <wordcount weight="2" > throughout </wordcount>
    <wordcount weight="2" > daytime </wordcount>
    <wordcount weight="2" > comparable </wordcount>
    <wordcount weight="2" > until </wordcount>
    <wordcount weight="2" > locations </wordcount>
    <wordcount weight="2" > interpreted </wordcount>
    <wordcount weight="2" > wettstein </wordcount>
    <wordcount weight="2" > development </wordcount>
    <wordcount weight="2" > difference </wordcount>
    <wordcount weight="2" > trends </wordcount>
    <wordcount weight="2" > against </wordcount>
    <wordcount weight="2" > weeks </wordcount>
    <wordcount weight="2" > chilled </wordcount>
    <wordcount weight="2" > relatively </wordcount>
    <wordcount weight="2" > p </wordcount>
    <wordcount weight="2" > grown </wordcount>
    <wordcount weight="2" > although </wordcount>
    <wordcount weight="2" > started </wordcount>
    <wordcount weight="2" > d </wordcount>
    <wordcount weight="2" > jones </wordcount>
    <wordcount weight="2" > coefficientsa </wordcount>
    <wordcount weight="2" > plant </wordcount>
    <wordcount weight="2" > elevational </wordcount>
    <wordcount weight="2" > vegetative </wordcount>
    <wordcount weight="2" > interacting </wordcount>
    <wordcount weight="2" > norske </wordcount>
    <wordcount weight="2" > measured </wordcount>
    <wordcount weight="2" > rubens </wordcount>
    <wordcount weight="2" > several </wordcount>
    <wordcount weight="2" > levins </wordcount>
    <wordcount weight="2" > provisional </wordcount>
    <wordcount weight="2" > effective </wordcount>
    <wordcount weight="2" > vary </wordcount>
    <wordcount weight="2" > effect </wordcount>
    <wordcount weight="2" > rhythm </wordcount>
    <wordcount weight="2" > january </wordcount>
    <wordcount weight="2" > abies </wordcount>
    <wordcount weight="2" > y </wordcount>
    <wordcount weight="2" > severely </wordcount>
    <wordcount weight="2" > sine </wordcount>
    <wordcount weight="2" > apparently </wordcount>
    <wordcount weight="2" > tendency </wordcount>
    <wordcount weight="2" > observed </wordcount>
    <wordcount weight="2" > appropriate </wordcount>
    <wordcount weight="2" > so </wordcount>
    <wordcount weight="2" > lowest </wordcount>
    <wordcount weight="2" > moved </wordcount>
    <wordcount weight="2" > chambers </wordcount>
    <wordcount weight="2" > von </wordcount>
    <wordcount weight="2" > gaz </wordcount>
    <wordcount weight="2" > contorta </wordcount>
    <wordcount weight="1" > limiting </wordcount>
    <wordcount weight="1" > van </wordcount>
    <wordcount weight="1" > followed </wordcount>
    <wordcount weight="1" > site </wordcount>
    <wordcount weight="1" > mangscript </wordcount>
    <wordcount weight="1" > does </wordcount>
    <wordcount weight="1" > assessed </wordcount>
    <wordcount weight="1" > steps </wordcount>
    <wordcount weight="1" > approximated </wordcount>
    <wordcount weight="1" > therefore </wordcount>
    <wordcount weight="1" > accumulate </wordcount>
    <wordcount weight="1" > yr </wordcount>
    <wordcount weight="1" > douglasfir </wordcount>
    <wordcount weight="1" > topography </wordcount>
    <wordcount weight="1" > simultaneously </wordcount>
    <wordcount weight="1" > produces </wordcount>
    <wordcount weight="1" > approximate </wordcount>
    <wordcount weight="1" > climatology </wordcount>
    <wordcount weight="1" > bull </wordcount>
    <wordcount weight="1" > ms </wordcount>
    <wordcount weight="1" > plotted </wordcount>
    <wordcount weight="1" > yearly </wordcount>
    <wordcount weight="1" > air </wordcount>
    <wordcount weight="1" > constrained </wordcount>
    <wordcount weight="1" > interdependent </wordcount>
    <wordcount weight="1" > summarize </wordcount>
    <wordcount weight="1" > predicted </wordcount>
    <wordcount weight="1" > nonsignificant </wordcount>
    <wordcount weight="1" > estimated </wordcount>
    <wordcount weight="1" > steadily </wordcount>
    <wordcount weight="1" > subjected </wordcount>
    <wordcount weight="1" > sometimes </wordcount>
    <wordcount weight="1" > synchronized </wordcount>
    <wordcount weight="1" > determine </wordcount>
    <wordcount weight="1" > excepting </wordcount>
    <wordcount weight="1" > ecological </wordcount>
    <wordcount weight="1" > action </wordcount>
    <wordcount weight="1" > been </wordcount>
    <wordcount weight="1" > cedar </wordcount>
    <wordcount weight="1" > across </wordcount>
    <wordcount weight="1" > indeed </wordcount>
    <wordcount weight="1" > seedling </wordcount>
    <wordcount weight="1" > chemical </wordcount>
    <wordcount weight="1" > located </wordcount>
    <wordcount weight="1" > result </wordcount>
    <wordcount weight="1" > claimed </wordcount>
    <wordcount weight="1" > herein </wordcount>
    <wordcount weight="1" > limited </wordcount>
    <wordcount weight="1" > vegetables </wordcount>
    <wordcount weight="1" > basic </wordcount>
    <wordcount weight="1" > fog </wordcount>
    <wordcount weight="1" > xlystrix </wordcount>
    <wordcount weight="1" > might </wordcount>
    <wordcount weight="1" > totai </wordcount>
    <wordcount weight="1" > junction </wordcount>
    <wordcount weight="1" > longmire </wordcount>
    <wordcount weight="1" > var </wordcount>
    <wordcount weight="1" > levels </wordcount>
    <wordcount weight="1" > fewer </wordcount>
    <wordcount weight="1" > biol </wordcount>
    <wordcount weight="1" > dec </wordcount>
    <wordcount weight="1" > crest </wordcount>
    <wordcount weight="1" > exception </wordcount>
    <wordcount weight="1" > driessche </wordcount>
    <wordcount weight="1" > combined </wordcount>
    <wordcount weight="1" > ecol </wordcount>
    <wordcount weight="1" > experiments </wordcount>
    <wordcount weight="1" > collections </wordcount>
    <wordcount weight="1" > ultimate </wordcount>
    <wordcount weight="1" > afforded </wordcount>
    <wordcount weight="1" > introduction </wordcount>
    <wordcount weight="1" > starts </wordcount>
    <wordcount weight="1" > began </wordcount>
    <wordcount weight="1" > fsm </wordcount>
    <wordcount weight="1" > idleyld </wordcount>
    <wordcount weight="1" > per </wordcount>
    <wordcount weight="1" > precedes </wordcount>
    <wordcount weight="1" > solutions </wordcount>
    <wordcount weight="1" > large </wordcount>
    <wordcount weight="1" > their </wordcount>
    <wordcount weight="1" > balanced </wordcount>
    <wordcount weight="1" > replaced </wordcount>
    <wordcount weight="1" > clinal </wordcount>
    <wordcount weight="1" > pts </wordcount>
    <wordcount weight="1" > unavoidably </wordcount>
    <wordcount weight="1" > life </wordcount>
    <wordcount weight="1" > changes </wordcount>
    <wordcount weight="1" > special </wordcount>
    <wordcount weight="1" > confounded </wordcount>
    <wordcount weight="1" > methods </wordcount>
    <wordcount weight="1" > assigned </wordcount>
    <wordcount weight="1" > opposite </wordcount>
    <wordcount weight="1" > scales </wordcount>
    <wordcount weight="1" > riverbottom </wordcount>
    <wordcount weight="1" > white </wordcount>
    <wordcount weight="1" > fe </wordcount>
    <wordcount weight="1" > secondarily </wordcount>
    <wordcount weight="1" > fall </wordcount>
    <wordcount weight="1" > evenly </wordcount>
    <wordcount weight="1" > extremes </wordcount>
    <wordcount weight="1" > stud </wordcount>
    <wordcount weight="1" > stratified </wordcount>
    <wordcount weight="1" > clines </wordcount>
    <wordcount weight="1" > moves </wordcount>
    <wordcount weight="1" > menzieswi </wordcount>
    <wordcount weight="1" > interpretation </wordcount>
    <wordcount weight="1" > protection </wordcount>
    <wordcount weight="1" > reference </wordcount>
    <wordcount weight="1" > wash </wordcount>
    <wordcount weight="1" > means </wordcount>
    <wordcount weight="1" > contribute </wordcount>
    <wordcount weight="1" > modified </wordcount>
    <wordcount weight="1" > examine </wordcount>
    <wordcount weight="1" > johns </wordcount>
    <wordcount weight="1" > determination </wordcount>
    <wordcount weight="1" > greenhouse </wordcount>
    <wordcount weight="1" > settled </wordcount>
    <wordcount weight="1" > rules </wordcount>
    <wordcount weight="1" > publications </wordcount>
    <wordcount weight="1" > resemble </wordcount>
    <wordcount weight="1" > builds </wordcount>
    <wordcount weight="1" > applied </wordcount>
    <wordcount weight="1" > had </wordcount>
    <wordcount weight="1" > albert </wordcount>
    <wordcount weight="1" > thirdor </wordcount>
    <wordcount weight="1" > interspersed </wordcount>
    <wordcount weight="1" > coniferous </wordcount>
    <wordcount weight="1" > meteorol </wordcount>
    <wordcount weight="1" > plus </wordcount>
    <wordcount weight="1" > exchanged </wordcount>
    <wordcount weight="1" > whereas </wordcount>
    <wordcount weight="1" > considered </wordcount>
    <wordcount weight="1" > stepwise </wordcount>
    <wordcount weight="1" > university </wordcount>
    <wordcount weight="1" > laboratory </wordcount>
    <wordcount weight="1" > baltimore </wordcount>
    <wordcount weight="1" > amplitudes </wordcount>
    <wordcount weight="1" > basis </wordcount>
    <wordcount weight="1" > neither </wordcount>
    <wordcount weight="1" > flower </wordcount>
    <wordcount weight="1" > valsetz </wordcount>
    <wordcount weight="1" > hagner </wordcount>
    <wordcount weight="1" > environment </wordcount>
    <wordcount weight="1" > sizvestris </wordcount>
    <wordcount weight="1" > encourage </wordcount>
    <wordcount weight="1" > evolved </wordcount>
    <wordcount weight="1" > holding </wordcount>
    <wordcount weight="1" > then </wordcount>
    <wordcount weight="1" > adjusted </wordcount>
    <wordcount weight="1" > light </wordcount>
    <wordcount weight="1" > before </wordcount>
    <wordcount weight="1" > note </wordcount>
    <wordcount weight="1" > proposed </wordcount>
    <wordcount weight="1" > following </wordcount>
    <wordcount weight="1" > irregularities </wordcount>
    <wordcount weight="1" > menziesfi </wordcount>
    <wordcount weight="1" > squares </wordcount>
    <wordcount weight="1" > neild </wordcount>
    <wordcount weight="1" > dishes </wordcount>
    <wordcount weight="1" > disparity </wordcount>
    <wordcount weight="1" > corresponding </wordcount>
    <wordcount weight="1" > topographies </wordcount>
    <wordcount weight="1" > rep </wordcount>
    <wordcount weight="1" > conjunction </wordcount>
    <wordcount weight="1" > largest </wordcount>
    <wordcount weight="1" > show </wordcount>
    <wordcount weight="1" > department </wordcount>
    <wordcount weight="1" > fluctuations </wordcount>
    <wordcount weight="1" > objection </wordcount>
    <wordcount weight="1" > geographic </wordcount>
    <wordcount weight="1" > framework </wordcount>
    <wordcount weight="1" > hypothesized </wordcount>
    <wordcount weight="1" > townsend </wordcount>
    <wordcount weight="1" > consistent </wordcount>
    <wordcount weight="1" > additional </wordcount>
    <wordcount weight="1" > regional </wordcount>
    <wordcount weight="1" > accruing </wordcount>
    <wordcount weight="1" > only </wordcount>
    <wordcount weight="1" > resulted </wordcount>
    <wordcount weight="1" > summit </wordcount>
    <wordcount weight="1" > calculations </wordcount>
    <wordcount weight="1" > aspects </wordcount>
    <wordcount weight="1" > nature </wordcount>
    <wordcount weight="1" > satisfactory </wordcount>
    <wordcount weight="1" > considers </wordcount>
    <wordcount weight="1" > conforms </wordcount>
    <wordcount weight="1" > prairie </wordcount>
    <wordcount weight="1" > fast </wordcount>
    <wordcount weight="1" > every </wordcount>
    <wordcount weight="1" > patterning </wordcount>
    <wordcount weight="1" > rather </wordcount>
    <wordcount weight="1" > few </wordcount>
    <wordcount weight="1" > peat </wordcount>
    <wordcount weight="1" > manqxscript </wordcount>
    <wordcount weight="1" > pt </wordcount>
    <wordcount weight="1" > sciences </wordcount>
    <wordcount weight="1" > sums </wordcount>
    <wordcount weight="1" > cooler </wordcount>
    <wordcount weight="1" > polynomial </wordcount>
    <wordcount weight="1" > exaggerated </wordcount>
    <wordcount weight="1" > maple </wordcount>
    <wordcount weight="1" > comparison </wordcount>
    <wordcount weight="1" > modeling </wordcount>
    <wordcount weight="1" > seven </wordcount>
    <wordcount weight="1" > evidence </wordcount>
    <wordcount weight="1" > important </wordcount>
    <wordcount weight="1" > detroit </wordcount>
    <wordcount weight="1" > indicated </wordcount>
    <wordcount weight="1" > planting </wordcount>
    <wordcount weight="1" > others </wordcount>
    <wordcount weight="1" > nested </wordcount>
    <wordcount weight="1" > genotype </wordcount>
    <wordcount weight="1" > delimitation </wordcount>
    <wordcount weight="1" > ordered </wordcount>
    <wordcount weight="1" > highest </wordcount>
    <wordcount weight="1" > dc </wordcount>
    <wordcount weight="1" > printing </wordcount>
    <wordcount weight="1" > thermoperiod </wordcount>
    <wordcount weight="1" > cessation </wordcount>
    <wordcount weight="1" > rainfall </wordcount>
    <wordcount weight="1" > many </wordcount>
    <wordcount weight="1" > greater </wordcount>
    <wordcount weight="1" > complementary </wordcount>
    <wordcount weight="1" > correspond </wordcount>
    <wordcount weight="1" > paper </wordcount>
    <wordcount weight="1" > grow </wordcount>
    <wordcount weight="1" > uses </wordcount>
    <wordcount weight="1" > closely </wordcount>
    <wordcount weight="1" > containing </wordcount>
    <wordcount weight="1" > inhabits </wordcount>
    <wordcount weight="1" > loom </wordcount>
    <wordcount weight="1" > expose </wordcount>
    <wordcount weight="1" > bsp </wordcount>
    <wordcount weight="1" > agr </wordcount>
    <wordcount weight="1" > summation </wordcount>
    <wordcount weight="1" > cd </wordcount>
    <wordcount weight="1" > lacomb </wordcount>
    <wordcount weight="1" > shade </wordcount>
    <wordcount weight="1" > hrodel </wordcount>
    <wordcount weight="1" > morgenstern </wordcount>
    <wordcount weight="1" > future </wordcount>
    <wordcount weight="1" > pressure </wordcount>
    <wordcount weight="1" > chillingflushing </wordcount>
    <wordcount weight="1" > seasonality </wordcount>
    <wordcount weight="1" > acts </wordcount>
    <wordcount weight="1" > correspondingly </wordcount>
    <wordcount weight="1" > marion </wordcount>
    <wordcount weight="1" > plan </wordcount>
    <wordcount weight="1" > begun </wordcount>
    <wordcount weight="1" > plot </wordcount>
    <wordcount weight="1" > agree </wordcount>
    <wordcount weight="1" > arbitrarily </wordcount>
    <wordcount weight="1" > sd </wordcount>
    <wordcount weight="1" > poputjation </wordcount>
    <wordcount weight="1" > solved </wordcount>
    <wordcount weight="1" > rarely </wordcount>
    <wordcount weight="1" > rubrum </wordcount>
    <wordcount weight="1" > perienced </wordcount>
    <wordcount weight="1" > warm </wordcount>
    <wordcount weight="1" > follows </wordcount>
    <wordcount weight="1" > particularly </wordcount>
    <wordcount weight="1" > break </wordcount>
    <wordcount weight="1" > studied </wordcount>
    <wordcount weight="1" > decreases </wordcount>
    <wordcount weight="1" > figure </wordcount>
    <wordcount weight="1" > basin </wordcount>
    <wordcount weight="1" > pass </wordcount>
    <wordcount weight="1" > infer </wordcount>
    <wordcount weight="1" > karst </wordcount>
    <wordcount weight="1" > except </wordcount>
    <wordcount weight="1" > resulting </wordcount>
    <wordcount weight="1" > scheduled </wordcount>
    <wordcount weight="1" > amer </wordcount>
    <wordcount weight="1" > examining </wordcount>
    <wordcount weight="1" > yearbook </wordcount>
    <wordcount weight="1" > differed </wordcount>
    <wordcount weight="1" > expansion </wordcount>
    <wordcount weight="1" > discussed </wordcount>
    <wordcount weight="1" > initiation </wordcount>
    <wordcount weight="1" > above </wordcount>
    <wordcount weight="1" > just </wordcount>
    <wordcount weight="1" > patterned </wordcount>
    <wordcount weight="1" > glauca </wordcount>
    <wordcount weight="1" > type </wordcount>
    <wordcount weight="1" > february </wordcount>
    <wordcount weight="1" > elkton </wordcount>
    <wordcount weight="1" > late </wordcount>
    <wordcount weight="1" > makeup </wordcount>
    <wordcount weight="1" > evident </wordcount>
    <wordcount weight="1" > behind </wordcount>
    <wordcount weight="1" > handbook </wordcount>
    <wordcount weight="1" > phd </wordcount>
    <wordcount weight="1" > emphasized </wordcount>
    <wordcount weight="1" > afternoon </wordcount>
    <wordcount weight="1" > studies </wordcount>
    <wordcount weight="1" > influences </wordcount>
    <wordcount weight="1" > difficult </wordcount>
    <wordcount weight="1" > robert </wordcount>
    <wordcount weight="1" > populus </wordcount>
    <wordcount weight="1" > though </wordcount>
    <wordcount weight="1" > decreased </wordcount>
    <wordcount weight="1" > operating </wordcount>
    <wordcount weight="1" > numbers </wordcount>
    <wordcount weight="1" > meddeleser </wordcount>
    <wordcount weight="1" > literature </wordcount>
    <wordcount weight="1" > resultant </wordcount>
    <wordcount weight="1" > march </wordcount>
    <wordcount weight="1" > rejected </wordcount>
    <wordcount weight="1" > transfers </wordcount>
    <wordcount weight="1" > progresses </wordcount>
    <wordcount weight="1" > context </wordcount>
    <wordcount weight="1" > appears </wordcount>
    <wordcount weight="1" > lathhouse </wordcount>
    <wordcount weight="1" > investigation </wordcount>
    <wordcount weight="1" > worthwhile </wordcount>
    <wordcount weight="1" > dougl </wordcount>
    <wordcount weight="1" > selected </wordcount>
    <wordcount weight="1" > form </wordcount>
    <wordcount weight="1" > res </wordcount>
    <wordcount weight="1" > larger </wordcount>
    <wordcount weight="1" > british </wordcount>
    <wordcount weight="1" > ecotypic </wordcount>
    <wordcount weight="1" > particular </wordcount>
    <wordcount weight="1" > otherwise </wordcount>
    <wordcount weight="1" > material </wordcount>
    <wordcount weight="1" > ahead </wordcount>
    <wordcount weight="1" > cue </wordcount>
    <wordcount weight="1" > agroclimatic </wordcount>
    <wordcount weight="1" > maintain </wordcount>
    <wordcount weight="1" > climatological </wordcount>
    <wordcount weight="1" > sexton </wordcount>
    <wordcount weight="1" > daylength </wordcount>
    <wordcount weight="1" > variances </wordcount>
    <wordcount weight="1" > deltoides </wordcount>
    <wordcount weight="1" > seasonlimiting </wordcount>
    <wordcount weight="1" > interval </wordcount>
    <wordcount weight="1" > facilities </wordcount>
    <wordcount weight="1" > optimized </wordcount>
    <wordcount weight="1" > peach </wordcount>
    <wordcount weight="1" > problem </wordcount>
    <wordcount weight="1" > exceptions </wordcount>
    <wordcount weight="1" > capacity </wordcount>
    <wordcount weight="1" > filter </wordcount>
    <wordcount weight="1" > northsouth </wordcount>
    <wordcount weight="1" > adverse </wordcount>
    <wordcount weight="1" > lowelevation </wordcount>
    <wordcount weight="1" > near </wordcount>
    <wordcount weight="1" > planted </wordcount>
    <wordcount weight="1" > primarily </wordcount>
    <wordcount weight="1" > differs </wordcount>
    <wordcount weight="1" > agriculture </wordcount>
    <wordcount weight="1" > discuss </wordcount>
    <wordcount weight="1" > parts </wordcount>
    <wordcount weight="1" > risks </wordcount>
    <wordcount weight="1" > degree </wordcount>
    <wordcount weight="1" > losses </wordcount>
    <wordcount weight="1" > responded </wordcount>
    <wordcount weight="1" > thursday </wordcount>
    <wordcount weight="1" > brit </wordcount>
    <wordcount weight="1" > interpreting </wordcount>
    <wordcount weight="1" > predict </wordcount>
    <wordcount weight="1" > directly </wordcount>
    <wordcount weight="1" > local </wordcount>
    <wordcount weight="1" > account </wordcount>
    <wordcount weight="1" > minimal </wordcount>
    <wordcount weight="1" > opened </wordcount>
    <wordcount weight="1" > howard </wordcount>
    <wordcount weight="1" > fitting </wordcount>
    <wordcount weight="1" > determined </wordcount>
    <wordcount weight="1" > maximum </wordcount>
    <wordcount weight="1" > acer </wordcount>
    <wordcount weight="1" > incorporated </wordcount>
    <wordcount weight="1" > residuals </wordcount>
    <wordcount weight="1" > cloverdale </wordcount>
    <wordcount weight="1" > port </wordcount>
    <wordcount weight="1" > theoret </wordcount>
    <wordcount weight="1" > illustrate </wordcount>
    <wordcount weight="1" > divided </wordcount>
    <wordcount weight="1" > gains </wordcount>
    <wordcount weight="1" > work </wordcount>
    <wordcount weight="1" > probably </wordcount>
    <wordcount weight="1" > tr </wordcount>
    <wordcount weight="1" > magnified </wordcount>
    <wordcount weight="1" > centralia </wordcount>
    <wordcount weight="1" > treated </wordcount>
    <wordcount weight="1" > functions </wordcount>
    <wordcount weight="1" > alter </wordcount>
    <wordcount weight="1" > obviating </wordcount>
    <wordcount weight="1" > respanse </wordcount>
    <wordcount weight="1" > completed </wordcount>
    <wordcount weight="1" > subscripts </wordcount>
    <wordcount weight="1" > northwestern </wordcount>
    <wordcount weight="1" > janvary </wordcount>
    <wordcount weight="1" > slightly </wordcount>
    <wordcount weight="1" > diss </wordcount>
    <wordcount weight="1" > cushman </wordcount>
    <wordcount weight="1" > significantly </wordcount>
    <wordcount weight="1" > illustrated </wordcount>
    <wordcount weight="1" > characterization </wordcount>
    <wordcount weight="1" > transformed </wordcount>
    <wordcount weight="1" > through </wordcount>
    <wordcount weight="1" > slopes </wordcount>
    <wordcount weight="1" > simplify </wordcount>
    <wordcount weight="1" > passes </wordcount>
    <wordcount weight="1" > beach </wordcount>
    <wordcount weight="1" > newfoundland </wordcount>
    <wordcount weight="1" > river </wordcount>
    <wordcount weight="1" > greatest </wordcount>
    <wordcount weight="1" > selecting </wordcount>
    <wordcount weight="1" > cited </wordcount>
    <wordcount weight="1" > odell </wordcount>
    <wordcount weight="1" > role </wordcount>
    <wordcount weight="1" > november </wordcount>
    <wordcount weight="1" > undoubtedly </wordcount>
    <wordcount weight="1" > warming </wordcount>
    <wordcount weight="1" > experience </wordcount>
    <wordcount weight="1" > stampede </wordcount>
    <wordcount weight="1" > plantarum </wordcount>
    <wordcount weight="1" > decrease </wordcount>
    <wordcount weight="1" > controlling </wordcount>
    <wordcount weight="1" > expression </wordcount>
    <wordcount weight="1" > deviate </wordcount>
    <wordcount weight="1" > loam </wordcount>
    <wordcount weight="1" > prevailed </wordcount>
    <wordcount weight="1" > persisted </wordcount>
    <wordcount weight="1" > slower </wordcount>
    <wordcount weight="1" > sign </wordcount>
    <wordcount weight="1" > refined </wordcount>
    <wordcount weight="1" > substantially </wordcount>
    <wordcount weight="1" > adding </wordcount>
    <wordcount weight="1" > discussion </wordcount>
    <wordcount weight="1" > basins </wordcount>
    <wordcount weight="1" > numerous </wordcount>
    <wordcount weight="1" > controlled </wordcount>
    <wordcount weight="1" > monday </wordcount>
    <wordcount weight="1" > records </wordcount>
    <wordcount weight="1" > sequence </wordcount>
    <wordcount weight="1" > averaged </wordcount>
    <wordcount weight="1" > being </wordcount>
    <wordcount weight="1" > processes </wordcount>
    <wordcount weight="1" > trend </wordcount>
    <wordcount weight="1" > statistics </wordcount>
    <wordcount weight="1" > actual </wordcount>
    <wordcount weight="1" > goal </wordcount>
    <wordcount weight="1" > terminal </wordcount>
    <wordcount weight="1" > sitanion </wordcount>
    <wordcount weight="1" > resource </wordcount>
    <wordcount weight="1" > relates </wordcount>
    <wordcount weight="1" > prepared </wordcount>
    <wordcount weight="1" > cta </wordcount>
    <wordcount weight="1" > come </wordcount>
    <wordcount weight="1" > reflect </wordcount>
    <wordcount weight="1" > autumn </wordcount>
    <wordcount weight="1" > sweetgum </wordcount>
    <wordcount weight="1" > cubic </wordcount>
    <wordcount weight="1" > serve </wordcount>
    <wordcount weight="1" > california </wordcount>
    <wordcount weight="1" > populational </wordcount>
    <wordcount weight="1" > tlle </wordcount>
    <wordcount weight="1" > differentially </wordcount>
    <wordcount weight="1" > southwestern </wordcount>
    <wordcount weight="1" > proceeded </wordcount>
    <wordcount weight="1" > explained </wordcount>
    <wordcount weight="1" > distinctive </wordcount>
    <wordcount weight="1" > cultivars </wordcount>
    <wordcount weight="1" > modify </wordcount>
    <wordcount weight="1" > severe </wordcount>
    <wordcount weight="1" > smallest </wordcount>
    <wordcount weight="1" > immediate </wordcount>
    <wordcount weight="1" > states </wordcount>
    <wordcount weight="1" > significance </wordcount>
    <wordcount weight="1" > points </wordcount>
    <wordcount weight="1" > zones </wordcount>
    <wordcount weight="1" > since </wordcount>
    <wordcount weight="1" > khalil </wordcount>
    <wordcount weight="1" > three </wordcount>
    <wordcount weight="1" > finding </wordcount>
    <wordcount weight="1" > analyzing </wordcount>
    <wordcount weight="1" > ng </wordcount>
    <wordcount weight="1" > sci </wordcount>
    <wordcount weight="1" > sampled </wordcount>
    <wordcount weight="1" > made </wordcount>
    <wordcount weight="1" > exp </wordcount>
    <wordcount weight="1" > scandinavia </wordcount>
    <wordcount weight="1" > exerted </wordcount>
    <wordcount weight="1" > g </wordcount>
    <wordcount weight="1" > accounted </wordcount>
    <wordcount weight="1" > feature </wordcount>
    <wordcount weight="1" > mode </wordcount>
    <wordcount weight="1" > precipitation </wordcount>
    <wordcount weight="1" > glacier </wordcount>
    <wordcount weight="1" > lodgepole </wordcount>
    <wordcount weight="1" > held </wordcount>
    <wordcount weight="1" > wakefield </wordcount>
    <wordcount weight="1" > mixed </wordcount>
    <wordcount weight="1" > burley </wordcount>
    <wordcount weight="1" > sugar </wordcount>
    <wordcount weight="1" > plotting </wordcount>
    <wordcount weight="1" > revised </wordcount>
    <wordcount weight="1" > geographically </wordcount>
    <wordcount weight="1" > american </wordcount>
    <wordcount weight="1" > descriptive </wordcount>
    <wordcount weight="1" > regardless </wordcount>
    <wordcount weight="1" > jr </wordcount>
    <wordcount weight="1" > green </wordcount>
    <wordcount weight="1" > petri </wordcount>
    <wordcount weight="1" > function </wordcount>
    <wordcount weight="1" > smaller </wordcount>
    <wordcount weight="1" > suggest </wordcount>
    <wordcount weight="1" > sample </wordcount>
    <wordcount weight="1" > lli </wordcount>
    <wordcount weight="1" > involving </wordcount>
    <wordcount weight="1" > admitted </wordcount>
    <wordcount weight="1" > variance </wordcount>
    <wordcount weight="1" > sarg </wordcount>
    <wordcount weight="1" > z </wordcount>
    <wordcount weight="1" > maximize </wordcount>
    <wordcount weight="1" > mountain </wordcount>
    <wordcount weight="1" > summary </wordcount>
    <wordcount weight="1" > defined </wordcount>
    <wordcount weight="1" > derive </wordcount>
    <wordcount weight="1" > contrast </wordcount>
    <wordcount weight="1" > shortly </wordcount>
    <wordcount weight="1" > highor </wordcount>
    <wordcount weight="1" > growthchamber </wordcount>
    <wordcount weight="1" > standard </wordcount>
    <wordcount weight="1" > cases </wordcount>
    <wordcount weight="1" > rainier </wordcount>
    <wordcount weight="1" > adjustment </wordcount>
    <wordcount weight="1" > nor </wordcount>
    <wordcount weight="1" > shift </wordcount>
    <wordcount weight="1" > long </wordcount>
    <wordcount weight="1" > tends </wordcount>
    <wordcount weight="1" > classification </wordcount>
    <wordcount weight="1" > willamette </wordcount>
    <wordcount weight="1" > morning </wordcount>
    <wordcount weight="1" > hort </wordcount>
    <wordcount weight="1" > academic </wordcount>
    <wordcount weight="1" > respective </wordcount>
    <wordcount weight="1" > leastsquares </wordcount>
    <wordcount weight="1" > fitness </wordcount>
    <wordcount weight="1" > characteristics </wordcount>
    <wordcount weight="1" > observation </wordcount>
    <wordcount weight="1" > specific </wordcount>
    <wordcount weight="1" > enough </wordcount>
    <wordcount weight="1" > topograpric </wordcount>
    <wordcount weight="1" > multiple </wordcount>
    <wordcount weight="1" > article </wordcount>
    <wordcount weight="1" > gradients </wordcount>
    <wordcount weight="1" > systems </wordcount>
    <wordcount weight="1" > coefficient </wordcount>
    <wordcount weight="1" > removed </wordcount>
    <wordcount weight="1" > transfer </wordcount>
    <wordcount weight="1" > dates </wordcount>
    <wordcount weight="1" > restrict </wordcount>
    <wordcount weight="1" > breaking </wordcount>
    <wordcount weight="1" > normal </wordcount>
    <wordcount weight="1" > soaked </wordcount>
    <wordcount weight="1" > hopkins </wordcount>
    <wordcount weight="1" > relation </wordcount>
    <wordcount weight="1" > graphically </wordcount>
    <wordcount weight="1" > carr </wordcount>
    <wordcount weight="1" > minus </wordcount>
    <wordcount weight="1" > variations </wordcount>
    <wordcount weight="1" > homogeneous </wordcount>
    <wordcount weight="1" > respond </wordcount>
    <wordcount weight="1" > mixing </wordcount>
    <wordcount weight="1" > reached </wordcount>
    <wordcount weight="1" > vancouver </wordcount>
    <wordcount weight="1" > conceptual </wordcount>
    <wordcount weight="1" > durations </wordcount>
    <wordcount weight="1" > vermiculite </wordcount>
    <wordcount weight="1" > agrees </wordcount>
    <wordcount weight="1" > name </wordcount>
    <wordcount weight="1" > partial </wordcount>
    <wordcount weight="1" > bursting </wordcount>
    <wordcount weight="1" > up </wordcount>
    <wordcount weight="1" > consecutive </wordcount>
    <wordcount weight="1" > moist </wordcount>
    <wordcount weight="1" > consequently </wordcount>
    <wordcount weight="1" > df </wordcount>
    <wordcount weight="1" > interaction </wordcount>
    <wordcount weight="1" > copyright </wordcount>
    <wordcount weight="1" > meddelelser </wordcount>
    <wordcount weight="1" > much </wordcount>
    <wordcount weight="1" > sampling </wordcount>
    <wordcount weight="1" > bre </wordcount>
    <wordcount weight="1" > tarum </wordcount>
    <wordcount weight="1" > symp </wordcount>
    <wordcount weight="1" > suecica </wordcount>
    <wordcount weight="1" > should </wordcount>
    <wordcount weight="1" > oakridge </wordcount>
    <wordcount weight="1" > metabolic </wordcount>
    <wordcount weight="1" > developmental </wordcount>
    <wordcount weight="1" > modifications </wordcount>
    <wordcount weight="1" > simple </wordcount>
    <wordcount weight="1" > dam </wordcount>
    <wordcount weight="1" > pot </wordcount>
    <wordcount weight="1" > minimally </wordcount>
    <wordcount weight="1" > phenological </wordcount>
    <wordcount weight="1" > cascade </wordcount>
    <wordcount weight="1" > accentuated </wordcount>
    <wordcount weight="1" > once </wordcount>
    <wordcount weight="1" > reducing </wordcount>
    <wordcount weight="1" > distances </wordcount>
    <wordcount weight="1" > error </wordcount>
    <wordcount weight="1" > reforestation </wordcount>
    <wordcount weight="1" > gold </wordcount>
    <wordcount weight="1" > rocky </wordcount>
    <wordcount weight="1" > mechanism </wordcount>
    <wordcount weight="1" > kept </wordcount>
</article>
