<?xml version="1.0" encoding="UTF-8"?>
<article id="10.2307/2256969" >
    <wordcount weight="376" > the </wordcount>
    <wordcount weight="268" > of </wordcount>
    <wordcount weight="138" > and </wordcount>
    <wordcount weight="137" > in </wordcount>
    <wordcount weight="96" > a </wordcount>
    <wordcount weight="96" > to </wordcount>
    <wordcount weight="51" > by </wordcount>
    <wordcount weight="51" > on </wordcount>
    <wordcount weight="48" > for </wordcount>
    <wordcount weight="42" > mr </wordcount>
    <wordcount weight="40" > was </wordcount>
    <wordcount weight="35" > at </wordcount>
    <wordcount weight="35" > with </wordcount>
    <wordcount weight="35" > that </wordcount>
    <wordcount weight="34" > this </wordcount>
    <wordcount weight="33" > dr </wordcount>
    <wordcount weight="32" > is </wordcount>
    <wordcount weight="30" > are </wordcount>
    <wordcount weight="30" > which </wordcount>
    <wordcount weight="28" > e </wordcount>
    <wordcount weight="28" > c </wordcount>
    <wordcount weight="28" > be </wordcount>
    <wordcount weight="27" > j </wordcount>
    <wordcount weight="27" > were </wordcount>
    <wordcount weight="25" > as </wordcount>
    <wordcount weight="25" > society </wordcount>
    <wordcount weight="23" > h </wordcount>
    <wordcount weight="22" > species </wordcount>
    <wordcount weight="21" > an </wordcount>
    <wordcount weight="20" > it </wordcount>
    <wordcount weight="20" > meeting </wordcount>
    <wordcount weight="19" > from </wordcount>
    <wordcount weight="19" > professor </wordcount>
    <wordcount weight="19" > d </wordcount>
    <wordcount weight="18" > has </wordcount>
    <wordcount weight="17" > members </wordcount>
    <wordcount weight="16" > or </wordcount>
    <wordcount weight="16" > have </wordcount>
    <wordcount weight="14" > ecological </wordcount>
    <wordcount weight="14" > papers </wordcount>
    <wordcount weight="13" > w </wordcount>
    <wordcount weight="13" > these </wordcount>
    <wordcount weight="13" > its </wordcount>
    <wordcount weight="12" > may </wordcount>
    <wordcount weight="11" > will </wordcount>
    <wordcount weight="11" > tetraploid </wordcount>
    <wordcount weight="11" > their </wordcount>
    <wordcount weight="11" > following </wordcount>
    <wordcount weight="11" > had </wordcount>
    <wordcount weight="11" > pattern </wordcount>
    <wordcount weight="11" > g </wordcount>
    <wordcount weight="11" > journal </wordcount>
    <wordcount weight="10" > diploid </wordcount>
    <wordcount weight="10" > council </wordcount>
    <wordcount weight="10" > general </wordcount>
    <wordcount weight="9" > fertile </wordcount>
    <wordcount weight="9" > wind </wordcount>
    <wordcount weight="9" > more </wordcount>
    <wordcount weight="9" > also </wordcount>
    <wordcount weight="9" > m </wordcount>
    <wordcount weight="9" > been </wordcount>
    <wordcount weight="9" > late </wordcount>
    <wordcount weight="9" > where </wordcount>
    <wordcount weight="9" > distribution </wordcount>
    <wordcount weight="9" > some </wordcount>
    <wordcount weight="9" > both </wordcount>
    <wordcount weight="9" > year </wordcount>
    <wordcount weight="9" > annual </wordcount>
    <wordcount weight="8" > no </wordcount>
    <wordcount weight="8" > who </wordcount>
    <wordcount weight="8" > not </wordcount>
    <wordcount weight="8" > two </wordcount>
    <wordcount weight="8" > p </wordcount>
    <wordcount weight="8" > vegetation </wordcount>
    <wordcount weight="8" > british </wordcount>
    <wordcount weight="8" > journals </wordcount>
    <wordcount weight="8" > lichen </wordcount>
    <wordcount weight="8" > snow </wordcount>
    <wordcount weight="8" > secretaries </wordcount>
    <wordcount weight="7" > they </wordcount>
    <wordcount weight="7" > parts </wordcount>
    <wordcount weight="7" > nature </wordcount>
    <wordcount weight="7" > all </wordcount>
    <wordcount weight="7" > animal </wordcount>
    <wordcount weight="7" > one </wordcount>
    <wordcount weight="7" > account </wordcount>
    <wordcount weight="7" > discussion </wordcount>
    <wordcount weight="7" > being </wordcount>
    <wordcount weight="7" > held </wordcount>
    <wordcount weight="7" > ecology </wordcount>
    <wordcount weight="7" > soil </wordcount>
    <wordcount weight="7" > honorary </wordcount>
    <wordcount weight="7" > especially </wordcount>
    <wordcount weight="7" > between </wordcount>
    <wordcount weight="6" > he </wordcount>
    <wordcount weight="6" > biological </wordcount>
    <wordcount weight="6" > pleurococcus </wordcount>
    <wordcount weight="6" > proposed </wordcount>
    <wordcount weight="6" > but </wordcount>
    <wordcount weight="6" > only </wordcount>
    <wordcount weight="6" > suggested </wordcount>
    <wordcount weight="6" > paper </wordcount>
    <wordcount weight="6" > report </wordcount>
    <wordcount weight="6" > very </wordcount>
    <wordcount weight="6" > cobalt </wordcount>
    <wordcount weight="6" > meetings </wordcount>
    <wordcount weight="6" > referred </wordcount>
    <wordcount weight="6" > presented </wordcount>
    <wordcount weight="6" > part </wordcount>
    <wordcount weight="6" > conditions </wordcount>
    <wordcount weight="5" > f </wordcount>
    <wordcount weight="5" > habitats </wordcount>
    <wordcount weight="5" > populations </wordcount>
    <wordcount weight="5" > growth </wordcount>
    <wordcount weight="5" > zoological </wordcount>
    <wordcount weight="5" > b </wordcount>
    <wordcount weight="5" > large </wordcount>
    <wordcount weight="5" > methods </wordcount>
    <wordcount weight="5" > about </wordcount>
    <wordcount weight="5" > factors </wordcount>
    <wordcount weight="5" > same </wordcount>
    <wordcount weight="5" > most </wordcount>
    <wordcount weight="5" > volume </wordcount>
    <wordcount weight="5" > committee </wordcount>
    <wordcount weight="5" > s </wordcount>
    <wordcount weight="5" > other </wordcount>
    <wordcount weight="5" > occurrence </wordcount>
    <wordcount weight="5" > appeared </wordcount>
    <wordcount weight="5" > flora </wordcount>
    <wordcount weight="5" > new </wordcount>
    <wordcount weight="5" > reproductive </wordcount>
    <wordcount weight="5" > took </wordcount>
    <wordcount weight="5" > within </wordcount>
    <wordcount weight="5" > them </wordcount>
    <wordcount weight="5" > accounts </wordcount>
    <wordcount weight="5" > plants </wordcount>
    <wordcount weight="5" > number </wordcount>
    <wordcount weight="5" > work </wordcount>
    <wordcount weight="5" > r </wordcount>
    <wordcount weight="5" > v </wordcount>
    <wordcount weight="5" > during </wordcount>
    <wordcount weight="5" > three </wordcount>
    <wordcount weight="5" > le </wordcount>
    <wordcount weight="5" > area </wordcount>
    <wordcount weight="5" > can </wordcount>
    <wordcount weight="5" > january </wordcount>
    <wordcount weight="5" > than </wordcount>
    <wordcount weight="4" > higher </wordcount>
    <wordcount weight="4" > coombe </wordcount>
    <wordcount weight="4" > due </wordcount>
    <wordcount weight="4" > his </wordcount>
    <wordcount weight="4" > if </wordcount>
    <wordcount weight="4" > indicated </wordcount>
    <wordcount weight="4" > per </wordcount>
    <wordcount weight="4" > similar </wordcount>
    <wordcount weight="4" > behaviour </wordcount>
    <wordcount weight="4" > nitrogen </wordcount>
    <wordcount weight="4" > abundant </wordcount>
    <wordcount weight="4" > membership </wordcount>
    <wordcount weight="4" > important </wordcount>
    <wordcount weight="4" > result </wordcount>
    <wordcount weight="4" > could </wordcount>
    <wordcount weight="4" > hon </wordcount>
    <wordcount weight="4" > while </wordcount>
    <wordcount weight="4" > there </wordcount>
    <wordcount weight="4" > cyparissias </wordcount>
    <wordcount weight="4" > present </wordcount>
    <wordcount weight="4" > form </wordcount>
    <wordcount weight="4" > mayen </wordcount>
    <wordcount weight="4" > method </wordcount>
    <wordcount weight="4" > used </wordcount>
    <wordcount weight="4" > through </wordcount>
    <wordcount weight="4" > related </wordcount>
    <wordcount weight="4" > food </wordcount>
    <wordcount weight="4" > exposed </wordcount>
    <wordcount weight="4" > jan </wordcount>
    <wordcount weight="4" > individuals </wordcount>
    <wordcount weight="4" > type </wordcount>
    <wordcount weight="4" > discussed </wordcount>
    <wordcount weight="4" > t </wordcount>
    <wordcount weight="4" > field </wordcount>
    <wordcount weight="4" > spread </wordcount>
    <wordcount weight="4" > so </wordcount>
    <wordcount weight="4" > plant </wordcount>
    <wordcount weight="4" > small </wordcount>
    <wordcount weight="4" > become </wordcount>
    <wordcount weight="4" > given </wordcount>
    <wordcount weight="4" > those </wordcount>
    <wordcount weight="4" > results </wordcount>
    <wordcount weight="4" > jones </wordcount>
    <wordcount weight="4" > provided </wordcount>
    <wordcount weight="3" > increasing </wordcount>
    <wordcount weight="3" > interesting </wordcount>
    <wordcount weight="3" > second </wordcount>
    <wordcount weight="3" > reduced </wordcount>
    <wordcount weight="3" > provide </wordcount>
    <wordcount weight="3" > various </wordcount>
    <wordcount weight="3" > sterile </wordcount>
    <wordcount weight="3" > aggressive </wordcount>
    <wordcount weight="3" > increase </wordcount>
    <wordcount weight="3" > environmental </wordcount>
    <wordcount weight="3" > address </wordcount>
    <wordcount weight="3" > pigott </wordcount>
    <wordcount weight="3" > examined </wordcount>
    <wordcount weight="3" > pages </wordcount>
    <wordcount weight="3" > rules </wordcount>
    <wordcount weight="3" > formed </wordcount>
    <wordcount weight="3" > conservancy </wordcount>
    <wordcount weight="3" > dead </wordcount>
    <wordcount weight="3" > cren </wordcount>
    <wordcount weight="3" > interpretation </wordcount>
    <wordcount weight="3" > canada </wordcount>
    <wordcount weight="3" > changes </wordcount>
    <wordcount weight="3" > influencing </wordcount>
    <wordcount weight="3" > election </wordcount>
    <wordcount weight="3" > position </wordcount>
    <wordcount weight="3" > freshwater </wordcount>
    <wordcount weight="3" > forest </wordcount>
    <wordcount weight="3" > suggestions </wordcount>
    <wordcount weight="3" > minutes </wordcount>
    <wordcount weight="3" > k </wordcount>
    <wordcount weight="3" > gilson </wordcount>
    <wordcount weight="3" > long </wordcount>
    <wordcount weight="3" > solomon </wordcount>
    <wordcount weight="3" > here </wordcount>
    <wordcount weight="3" > business </wordcount>
    <wordcount weight="3" > taken </wordcount>
    <wordcount weight="3" > hospitality </wordcount>
    <wordcount weight="3" > over </wordcount>
    <wordcount weight="3" > control </wordcount>
    <wordcount weight="3" > working </wordcount>
    <wordcount weight="3" > closely </wordcount>
    <wordcount weight="3" > international </wordcount>
    <wordcount weight="3" > clapham </wordcount>
    <wordcount weight="3" > areas </wordcount>
    <wordcount weight="3" > future </wordcount>
    <wordcount weight="3" > botanical </wordcount>
    <wordcount weight="3" > together </wordcount>
    <wordcount weight="3" > printed </wordcount>
    <wordcount weight="3" > differences </wordcount>
    <wordcount weight="3" > coloured </wordcount>
    <wordcount weight="3" > out </wordcount>
    <wordcount weight="3" > pritchard </wordcount>
    <wordcount weight="3" > reproduction </wordcount>
    <wordcount weight="3" > vegetatively </wordcount>
    <wordcount weight="3" > weed </wordcount>
    <wordcount weight="3" > ground </wordcount>
    <wordcount weight="3" > scale </wordcount>
    <wordcount weight="3" > spoke </wordcount>
    <wordcount weight="3" > feed </wordcount>
    <wordcount weight="3" > series </wordcount>
    <wordcount weight="3" > delays </wordcount>
    <wordcount weight="3" > day </wordcount>
    <wordcount weight="3" > sites </wordcount>
    <wordcount weight="3" > made </wordcount>
    <wordcount weight="3" > thanks </wordcount>
    <wordcount weight="3" > upon </wordcount>
    <wordcount weight="3" > favourable </wordcount>
    <wordcount weight="3" > original </wordcount>
    <wordcount weight="3" > end </wordcount>
    <wordcount weight="3" > data </wordcount>
    <wordcount weight="3" > subject </wordcount>
    <wordcount weight="3" > living </wordcount>
    <wordcount weight="3" > sheltered </wordcount>
    <wordcount weight="3" > winter </wordcount>
    <wordcount weight="3" > full </wordcount>
    <wordcount weight="3" > shelter </wordcount>
    <wordcount weight="3" > described </wordcount>
    <wordcount weight="3" > such </wordcount>
    <wordcount weight="3" > low </wordcount>
    <wordcount weight="3" > interest </wordcount>
    <wordcount weight="3" > evening </wordcount>
    <wordcount weight="3" > level </wordcount>
    <wordcount weight="3" > would </wordcount>
    <wordcount weight="3" > summer </wordcount>
    <wordcount weight="3" > vegetative </wordcount>
    <wordcount weight="3" > effects </wordcount>
    <wordcount weight="3" > forms </wordcount>
    <wordcount weight="3" > several </wordcount>
    <wordcount weight="3" > am </wordcount>
    <wordcount weight="3" > retire </wordcount>
    <wordcount weight="3" > climate </wordcount>
    <wordcount weight="3" > compared </wordcount>
    <wordcount weight="3" > britain </wordcount>
    <wordcount weight="3" > effect </wordcount>
    <wordcount weight="3" > early </wordcount>
    <wordcount weight="3" > thiocyanate </wordcount>
    <wordcount weight="3" > much </wordcount>
    <wordcount weight="3" > north </wordcount>
    <wordcount weight="3" > influence </wordcount>
    <wordcount weight="2" > insolated </wordcount>
    <wordcount weight="2" > speeds </wordcount>
    <wordcount weight="2" > hosts </wordcount>
    <wordcount weight="2" > rate </wordcount>
    <wordcount weight="2" > oxford </wordcount>
    <wordcount weight="2" > now </wordcount>
    <wordcount weight="2" > poisson </wordcount>
    <wordcount weight="2" > escaped </wordcount>
    <wordcount weight="2" > rather </wordcount>
    <wordcount weight="2" > reproduce </wordcount>
    <wordcount weight="2" > later </wordcount>
    <wordcount weight="2" > usually </wordcount>
    <wordcount weight="2" > cent </wordcount>
    <wordcount weight="2" > arctic </wordcount>
    <wordcount weight="2" > fields </wordcount>
    <wordcount weight="2" > grateful </wordcount>
    <wordcount weight="2" > resulted </wordcount>
    <wordcount weight="2" > levels </wordcount>
    <wordcount weight="2" > becomes </wordcount>
    <wordcount weight="2" > means </wordcount>
    <wordcount weight="2" > still </wordcount>
    <wordcount weight="2" > pointed </wordcount>
    <wordcount weight="2" > stands </wordcount>
    <wordcount weight="2" > began </wordcount>
    <wordcount weight="2" > garden </wordcount>
    <wordcount weight="2" > president </wordcount>
    <wordcount weight="2" > reprinting </wordcount>
    <wordcount weight="2" > appearance </wordcount>
    <wordcount weight="2" > selection </wordcount>
    <wordcount weight="2" > leaves </wordcount>
    <wordcount weight="2" > stability </wordcount>
    <wordcount weight="2" > godwin </wordcount>
    <wordcount weight="2" > entomological </wordcount>
    <wordcount weight="2" > types </wordcount>
    <wordcount weight="2" > broadhead </wordcount>
    <wordcount weight="2" > read </wordcount>
    <wordcount weight="2" > presidential </wordcount>
    <wordcount weight="2" > conservation </wordcount>
    <wordcount weight="2" > soiree </wordcount>
    <wordcount weight="2" > former </wordcount>
    <wordcount weight="2" > increased </wordcount>
    <wordcount weight="2" > restricted </wordcount>
    <wordcount weight="2" > consider </wordcount>
    <wordcount weight="2" > into </wordcount>
    <wordcount weight="2" > earned </wordcount>
    <wordcount weight="2" > informal </wordcount>
    <wordcount weight="2" > associated </wordcount>
    <wordcount weight="2" > before </wordcount>
    <wordcount weight="2" > elected </wordcount>
    <wordcount weight="2" > air </wordcount>
    <wordcount weight="2" > standards </wordcount>
    <wordcount weight="2" > conclusion </wordcount>
    <wordcount weight="2" > variety </wordcount>
    <wordcount weight="2" > ornamental </wordcount>
    <wordcount weight="2" > polyploidy </wordcount>
    <wordcount weight="2" > four </wordcount>
    <wordcount weight="2" > containing </wordcount>
    <wordcount weight="2" > show </wordcount>
    <wordcount weight="2" > department </wordcount>
    <wordcount weight="2" > lower </wordcount>
    <wordcount weight="2" > either </wordcount>
    <wordcount weight="2" > concerning </wordcount>
    <wordcount weight="2" > published </wordcount>
    <wordcount weight="2" > editor </wordcount>
    <wordcount weight="2" > macfadyen </wordcount>
    <wordcount weight="2" > offers </wordcount>
    <wordcount weight="2" > remainder </wordcount>
    <wordcount weight="2" > appear </wordcount>
    <wordcount weight="2" > each </wordcount>
    <wordcount weight="2" > freely </wordcount>
    <wordcount weight="2" > humidity </wordcount>
    <wordcount weight="2" > fact </wordcount>
    <wordcount weight="2" > consequently </wordcount>
    <wordcount weight="2" > limit </wordcount>
    <wordcount weight="2" > unknown </wordcount>
    <wordcount weight="2" > proposal </wordcount>
    <wordcount weight="2" > esula </wordcount>
    <wordcount weight="2" > extended </wordcount>
    <wordcount weight="2" > seconded </wordcount>
    <wordcount weight="2" > cooling </wordcount>
    <wordcount weight="2" > origin </wordcount>
    <wordcount weight="2" > rhizomes </wordcount>
    <wordcount weight="2" > exploiting </wordcount>
    <wordcount weight="2" > able </wordcount>
    <wordcount weight="2" > rooms </wordcount>
    <wordcount weight="2" > grows </wordcount>
    <wordcount weight="2" > room </wordcount>
    <wordcount weight="2" > survey </wordcount>
    <wordcount weight="2" > take </wordcount>
    <wordcount weight="2" > twigs </wordcount>
    <wordcount weight="2" > afternoon </wordcount>
    <wordcount weight="2" > beginning </wordcount>
    <wordcount weight="2" > increases </wordcount>
    <wordcount weight="2" > layers </wordcount>
    <wordcount weight="2" > appears </wordcount>
    <wordcount weight="2" > study </wordcount>
    <wordcount weight="2" > terms </wordcount>
    <wordcount weight="2" > population </wordcount>
    <wordcount weight="2" > final </wordcount>
    <wordcount weight="2" > less </wordcount>
    <wordcount weight="2" > cannot </wordcount>
    <wordcount weight="2" > material </wordcount>
    <wordcount weight="2" > maintain </wordcount>
    <wordcount weight="2" > rich </wordcount>
    <wordcount weight="2" > ford </wordcount>
    <wordcount weight="2" > hills </wordcount>
    <wordcount weight="2" > owing </wordcount>
    <wordcount weight="2" > capacity </wordcount>
    <wordcount weight="2" > near </wordcount>
    <wordcount weight="2" > possibility </wordcount>
    <wordcount weight="2" > well </wordcount>
    <wordcount weight="2" > proceeding </wordcount>
    <wordcount weight="2" > having </wordcount>
    <wordcount weight="2" > local </wordcount>
    <wordcount weight="2" > vegetational </wordcount>
    <wordcount weight="2" > when </wordcount>
    <wordcount weight="2" > activity </wordcount>
    <wordcount weight="2" > size </wordcount>
    <wordcount weight="2" > probably </wordcount>
    <wordcount weight="2" > svendsen </wordcount>
    <wordcount weight="2" > gratitude </wordcount>
    <wordcount weight="2" > even </wordcount>
    <wordcount weight="2" > range </wordcount>
    <wordcount weight="2" > programme </wordcount>
    <wordcount weight="2" > summerhayes </wordcount>
    <wordcount weight="2" > introduced </wordcount>
    <wordcount weight="2" > progress </wordcount>
    <wordcount weight="2" > sent </wordcount>
    <wordcount weight="2" > ecologists </wordcount>
    <wordcount weight="2" > dispute </wordcount>
    <wordcount weight="2" > largely </wordcount>
    <wordcount weight="2" > discussions </wordcount>
    <wordcount weight="2" > make </wordcount>
    <wordcount weight="2" > contains </wordcount>
    <wordcount weight="2" > questions </wordcount>
    <wordcount weight="2" > shown </wordcount>
    <wordcount weight="2" > accuracy </wordcount>
    <wordcount weight="2" > disappear </wordcount>
    <wordcount weight="2" > initiated </wordcount>
    <wordcount weight="2" > delay </wordcount>
    <wordcount weight="2" > income </wordcount>
    <wordcount weight="2" > amounts </wordcount>
    <wordcount weight="2" > change </wordcount>
    <wordcount weight="2" > contributors </wordcount>
    <wordcount weight="2" > satisfactory </wordcount>
    <wordcount weight="2" > mixed </wordcount>
    <wordcount weight="2" > individual </wordcount>
    <wordcount weight="2" > symposium </wordcount>
    <wordcount weight="2" > speaking </wordcount>
    <wordcount weight="2" > although </wordcount>
    <wordcount weight="2" > anim </wordcount>
    <wordcount weight="2" > successful </wordcount>
    <wordcount weight="2" > caused </wordcount>
    <wordcount weight="2" > pm </wordcount>
    <wordcount weight="2" > dinner </wordcount>
    <wordcount weight="2" > period </wordcount>
    <wordcount weight="2" > followed </wordcount>
    <wordcount weight="2" > pearsall </wordcount>
    <wordcount weight="2" > regular </wordcount>
    <wordcount weight="2" > order </wordcount>
    <wordcount weight="2" > after </wordcount>
    <wordcount weight="2" > contributions </wordcount>
    <wordcount weight="2" > association </wordcount>
    <wordcount weight="2" > latter </wordcount>
    <wordcount weight="2" > problems </wordcount>
    <wordcount weight="2" > subjects </wordcount>
    <wordcount weight="2" > hoped </wordcount>
    <wordcount weight="2" > editors </wordcount>
    <wordcount weight="2" > research </wordcount>
    <wordcount weight="2" > themselves </wordcount>
    <wordcount weight="2" > tenuis </wordcount>
    <wordcount weight="2" > suitable </wordcount>
    <wordcount weight="2" > arranged </wordcount>
    <wordcount weight="2" > dense </wordcount>
    <wordcount weight="2" > gradient </wordcount>
    <wordcount weight="2" > up </wordcount>
    <wordcount weight="2" > london </wordcount>
    <wordcount weight="2" > seed </wordcount>
    <wordcount weight="2" > lichenophilous </wordcount>
    <wordcount weight="2" > sea </wordcount>
    <wordcount weight="2" > reviews </wordcount>
    <wordcount weight="2" > among </wordcount>
    <wordcount weight="2" > resignation </wordcount>
    <wordcount weight="2" > joint </wordcount>
    <wordcount weight="2" > should </wordcount>
    <wordcount weight="2" > showed </wordcount>
    <wordcount weight="2" > occur </wordcount>
    <wordcount weight="2" > attended </wordcount>
    <wordcount weight="2" > good </wordcount>
    <wordcount weight="2" > summary </wordcount>
    <wordcount weight="1" > inspection </wordcount>
    <wordcount weight="1" > try </wordcount>
    <wordcount weight="1" > ranging </wordcount>
    <wordcount weight="1" > tea </wordcount>
    <wordcount weight="1" > cragg </wordcount>
    <wordcount weight="1" > appeal </wordcount>
    <wordcount weight="1" > does </wordcount>
    <wordcount weight="1" > carexflacca </wordcount>
    <wordcount weight="1" > grid </wordcount>
    <wordcount weight="1" > chromosome </wordcount>
    <wordcount weight="1" > colour </wordcount>
    <wordcount weight="1" > applications </wordcount>
    <wordcount weight="1" > produces </wordcount>
    <wordcount weight="1" > commenting </wordcount>
    <wordcount weight="1" > o </wordcount>
    <wordcount weight="1" > situation </wordcount>
    <wordcount weight="1" > done </wordcount>
    <wordcount weight="1" > dual </wordcount>
    <wordcount weight="1" > whose </wordcount>
    <wordcount weight="1" > correspond </wordcount>
    <wordcount weight="1" > insects </wordcount>
    <wordcount weight="1" > substrates </wordcount>
    <wordcount weight="1" > played </wordcount>
    <wordcount weight="1" > raise </wordcount>
    <wordcount weight="1" > limits </wordcount>
    <wordcount weight="1" > complex </wordcount>
    <wordcount weight="1" > precincts </wordcount>
    <wordcount weight="1" > edge </wordcount>
    <wordcount weight="1" > european </wordcount>
    <wordcount weight="1" > common </wordcount>
    <wordcount weight="1" > fraction </wordcount>
    <wordcount weight="1" > fairly </wordcount>
    <wordcount weight="1" > fell </wordcount>
    <wordcount weight="1" > agreed </wordcount>
    <wordcount weight="1" > concerned </wordcount>
    <wordcount weight="1" > l </wordcount>
    <wordcount weight="1" > union </wordcount>
    <wordcount weight="1" > five </wordcount>
    <wordcount weight="1" > france </wordcount>
    <wordcount weight="1" > guests </wordcount>
    <wordcount weight="1" > ways </wordcount>
    <wordcount weight="1" > groups </wordcount>
    <wordcount weight="1" > example </wordcount>
    <wordcount weight="1" > psocid </wordcount>
    <wordcount weight="1" > short </wordcount>
    <wordcount weight="1" > examining </wordcount>
    <wordcount weight="1" > concentrated </wordcount>
    <wordcount weight="1" > outlined </wordcount>
    <wordcount weight="1" > located </wordcount>
    <wordcount weight="1" > depth </wordcount>
    <wordcount weight="1" > stages </wordcount>
    <wordcount weight="1" > biotypes </wordcount>
    <wordcount weight="1" > opinion </wordcount>
    <wordcount weight="1" > stocks </wordcount>
    <wordcount weight="1" > limited </wordcount>
    <wordcount weight="1" > employment </wordcount>
    <wordcount weight="1" > play </wordcount>
    <wordcount weight="1" > cells </wordcount>
    <wordcount weight="1" > appreciate </wordcount>
    <wordcount weight="1" > deaths </wordcount>
    <wordcount weight="1" > brief </wordcount>
    <wordcount weight="1" > associateship </wordcount>
    <wordcount weight="1" > bare </wordcount>
    <wordcount weight="1" > hollows </wordcount>
    <wordcount weight="1" > widespread </wordcount>
    <wordcount weight="1" > primarily </wordcount>
    <wordcount weight="1" > hughes </wordcount>
    <wordcount weight="1" > euphorbia </wordcount>
    <wordcount weight="1" > mean </wordcount>
    <wordcount weight="1" > sensitive </wordcount>
    <wordcount weight="1" > reduce </wordcount>
    <wordcount weight="1" > concluding </wordcount>
    <wordcount weight="1" > exerts </wordcount>
    <wordcount weight="1" > manbritish </wordcount>
    <wordcount weight="1" > seen </wordcount>
    <wordcount weight="1" > extends </wordcount>
    <wordcount weight="1" > poorer </wordcount>
    <wordcount weight="1" > july </wordcount>
    <wordcount weight="1" > ultimate </wordcount>
    <wordcount weight="1" > originating </wordcount>
    <wordcount weight="1" > financed </wordcount>
    <wordcount weight="1" > diver </wordcount>
    <wordcount weight="1" > illustrating </wordcount>
    <wordcount weight="1" > disseminules </wordcount>
    <wordcount weight="1" > grange </wordcount>
    <wordcount weight="1" > estimations </wordcount>
    <wordcount weight="1" > probability </wordcount>
    <wordcount weight="1" > heard </wordcount>
    <wordcount weight="1" > skellam </wordcount>
    <wordcount weight="1" > debris </wordcount>
    <wordcount weight="1" > connected </wordcount>
    <wordcount weight="1" > contribution </wordcount>
    <wordcount weight="1" > standing </wordcount>
    <wordcount weight="1" > publisher </wordcount>
    <wordcount weight="1" > wilson </wordcount>
    <wordcount weight="1" > remaining </wordcount>
    <wordcount weight="1" > certain </wordcount>
    <wordcount weight="1" > rapidly </wordcount>
    <wordcount weight="1" > renewal </wordcount>
    <wordcount weight="1" > conducted </wordcount>
    <wordcount weight="1" > direct </wordcount>
    <wordcount weight="1" > letter </wordcount>
    <wordcount weight="1" > hitherto </wordcount>
    <wordcount weight="1" > witherslack </wordcount>
    <wordcount weight="1" > mounted </wordcount>
    <wordcount weight="1" > volumes </wordcount>
    <wordcount weight="1" > possessed </wordcount>
    <wordcount weight="1" > denied </wordcount>
    <wordcount weight="1" > life </wordcount>
    <wordcount weight="1" > cooler </wordcount>
    <wordcount weight="1" > special </wordcount>
    <wordcount weight="1" > matched </wordcount>
    <wordcount weight="1" > efficiency </wordcount>
    <wordcount weight="1" > use </wordcount>
    <wordcount weight="1" > vicinity </wordcount>
    <wordcount weight="1" > promoting </wordcount>
    <wordcount weight="1" > analysis </wordcount>
    <wordcount weight="1" > white </wordcount>
    <wordcount weight="1" > whole </wordcount>
    <wordcount weight="1" > rutter </wordcount>
    <wordcount weight="1" > values </wordcount>
    <wordcount weight="1" > represented </wordcount>
    <wordcount weight="1" > continuation </wordcount>
    <wordcount weight="1" > coniston </wordcount>
    <wordcount weight="1" > clift </wordcount>
    <wordcount weight="1" > supposed </wordcount>
    <wordcount weight="1" > units </wordcount>
    <wordcount weight="1" > sets </wordcount>
    <wordcount weight="1" > yet </wordcount>
    <wordcount weight="1" > measured </wordcount>
    <wordcount weight="1" > altitude </wordcount>
    <wordcount weight="1" > effort </wordcount>
    <wordcount weight="1" > reference </wordcount>
    <wordcount weight="1" > permission </wordcount>
    <wordcount weight="1" > assumptions </wordcount>
    <wordcount weight="1" > excessively </wordcount>
    <wordcount weight="1" > opportunities </wordcount>
    <wordcount weight="1" > pernicious </wordcount>
    <wordcount weight="1" > layering </wordcount>
    <wordcount weight="1" > sunbiggin </wordcount>
    <wordcount weight="1" > devotion </wordcount>
    <wordcount weight="1" > microorganisms </wordcount>
    <wordcount weight="1" > thought </wordcount>
    <wordcount weight="1" > upland </wordcount>
    <wordcount weight="1" > many </wordcount>
    <wordcount weight="1" > park </wordcount>
    <wordcount weight="1" > financial </wordcount>
    <wordcount weight="1" > rain </wordcount>
    <wordcount weight="1" > better </wordcount>
    <wordcount weight="1" > transgress </wordcount>
    <wordcount weight="1" > readily </wordcount>
    <wordcount weight="1" > east </wordcount>
    <wordcount weight="1" > ie </wordcount>
    <wordcount weight="1" > exposure </wordcount>
    <wordcount weight="1" > excellent </wordcount>
    <wordcount weight="1" > acceptance </wordcount>
    <wordcount weight="1" > myrtillus </wordcount>
    <wordcount weight="1" > burrows </wordcount>
    <wordcount weight="1" > detail </wordcount>
    <wordcount weight="1" > policy </wordcount>
    <wordcount weight="1" > objects </wordcount>
    <wordcount weight="1" > us </wordcount>
    <wordcount weight="1" > randomness </wordcount>
    <wordcount weight="1" > without </wordcount>
    <wordcount weight="1" > organic </wordcount>
    <wordcount weight="1" > intensive </wordcount>
    <wordcount weight="1" > grains </wordcount>
    <wordcount weight="1" > occurred </wordcount>
    <wordcount weight="1" > crisp </wordcount>
    <wordcount weight="1" > merlewood </wordcount>
    <wordcount weight="1" > departure </wordcount>
    <wordcount weight="1" > pasture </wordcount>
    <wordcount weight="1" > total </wordcount>
    <wordcount weight="1" > then </wordcount>
    <wordcount weight="1" > oviposit </wordcount>
    <wordcount weight="1" > any </wordcount>
    <wordcount weight="1" > wd </wordcount>
    <wordcount weight="1" > excursions </wordcount>
    <wordcount weight="1" > assisted </wordcount>
    <wordcount weight="1" > outstandingly </wordcount>
    <wordcount weight="1" > weather </wordcount>
    <wordcount weight="1" > numbers </wordcount>
    <wordcount weight="1" > completion </wordcount>
    <wordcount weight="1" > receiving </wordcount>
    <wordcount weight="1" > colder </wordcount>
    <wordcount weight="1" > source </wordcount>
    <wordcount weight="1" > sales </wordcount>
    <wordcount weight="1" > bark </wordcount>
    <wordcount weight="1" > observations </wordcount>
    <wordcount weight="1" > contact </wordcount>
    <wordcount weight="1" > already </wordcount>
    <wordcount weight="1" > conciseness </wordcount>
    <wordcount weight="1" > apomixis </wordcount>
    <wordcount weight="1" > subscription </wordcount>
    <wordcount weight="1" > reappointment </wordcount>
    <wordcount weight="1" > fluctuations </wordcount>
    <wordcount weight="1" > extensive </wordcount>
    <wordcount weight="1" > epidermal </wordcount>
    <wordcount weight="1" > serve </wordcount>
    <wordcount weight="1" > superior </wordcount>
    <wordcount weight="1" > appealed </wordcount>
    <wordcount weight="1" > noted </wordcount>
    <wordcount weight="1" > increasingly </wordcount>
    <wordcount weight="1" > williams </wordcount>
    <wordcount weight="1" > pennine </wordcount>
    <wordcount weight="1" > devoted </wordcount>
    <wordcount weight="1" > stablebritish </wordcount>
    <wordcount weight="1" > continues </wordcount>
    <wordcount weight="1" > oppositifolia </wordcount>
    <wordcount weight="1" > n </wordcount>
    <wordcount weight="1" > known </wordcount>
    <wordcount weight="1" > ideas </wordcount>
    <wordcount weight="1" > follow </wordcount>
    <wordcount weight="1" > concluded </wordcount>
    <wordcount weight="1" > emphasize </wordcount>
    <wordcount weight="1" > slope </wordcount>
    <wordcount weight="1" > beyond </wordcount>
    <wordcount weight="1" > explaining </wordcount>
    <wordcount weight="1" > warmed </wordcount>
    <wordcount weight="1" > grazing </wordcount>
    <wordcount weight="1" > efficient </wordcount>
    <wordcount weight="1" > useful </wordcount>
    <wordcount weight="1" > fill </wordcount>
    <wordcount weight="1" > fix </wordcount>
    <wordcount weight="1" > cost </wordcount>
    <wordcount weight="1" > every </wordcount>
    <wordcount weight="1" > pink </wordcount>
    <wordcount weight="1" > organizations </wordcount>
    <wordcount weight="1" > uniformly </wordcount>
    <wordcount weight="1" > cooled </wordcount>
    <wordcount weight="1" > numbered </wordcount>
    <wordcount weight="1" > successfully </wordcount>
    <wordcount weight="1" > tour </wordcount>
    <wordcount weight="1" > restaurant </wordcount>
    <wordcount weight="1" > darlington </wordcount>
    <wordcount weight="1" > attainment </wordcount>
    <wordcount weight="1" > restriction </wordcount>
    <wordcount weight="1" > book </wordcount>
    <wordcount weight="1" > gaps </wordcount>
    <wordcount weight="1" > disappointing </wordcount>
    <wordcount weight="1" > attempts </wordcount>
    <wordcount weight="1" > provisional </wordcount>
    <wordcount weight="1" > secondary </wordcount>
    <wordcount weight="1" > mark </wordcount>
    <wordcount weight="1" > preference </wordcount>
    <wordcount weight="1" > adapted </wordcount>
    <wordcount weight="1" > altitudes </wordcount>
    <wordcount weight="1" > again </wordcount>
    <wordcount weight="1" > genecology </wordcount>
    <wordcount weight="1" > others </wordcount>
    <wordcount weight="1" > retirement </wordcount>
    <wordcount weight="1" > season </wordcount>
    <wordcount weight="1" > branches </wordcount>
    <wordcount weight="1" > view </wordcount>
    <wordcount weight="1" > continental </wordcount>
    <wordcount weight="1" > fontainebleau </wordcount>
    <wordcount weight="1" > varies </wordcount>
    <wordcount weight="1" > bates </wordcount>
    <wordcount weight="1" > quadrat </wordcount>
    <wordcount weight="1" > allow </wordcount>
    <wordcount weight="1" > stem </wordcount>
    <wordcount weight="1" > september </wordcount>
    <wordcount weight="1" > lowering </wordcount>
    <wordcount weight="1" > friends </wordcount>
    <wordcount weight="1" > roudsea </wordcount>
    <wordcount weight="1" > towards </wordcount>
    <wordcount weight="1" > taking </wordcount>
    <wordcount weight="1" > arenaria </wordcount>
    <wordcount weight="1" > greater </wordcount>
    <wordcount weight="1" > ranges </wordcount>
    <wordcount weight="1" > active </wordcount>
    <wordcount weight="1" > parental </wordcount>
    <wordcount weight="1" > headquarters </wordcount>
    <wordcount weight="1" > chamaecistus </wordcount>
    <wordcount weight="1" > response </wordcount>
    <wordcount weight="1" > reciprocal </wordcount>
    <wordcount weight="1" > advance </wordcount>
    <wordcount weight="1" > specialized </wordcount>
    <wordcount weight="1" > apologize </wordcount>
    <wordcount weight="1" > different </wordcount>
    <wordcount weight="1" > aspect </wordcount>
    <wordcount weight="1" > binding </wordcount>
    <wordcount weight="1" > december </wordcount>
    <wordcount weight="1" > best </wordcount>
    <wordcount weight="1" > saxifraga </wordcount>
    <wordcount weight="1" > random </wordcount>
    <wordcount weight="1" > answer </wordcount>
    <wordcount weight="1" > sampling </wordcount>
    <wordcount weight="1" > societies </wordcount>
    <wordcount weight="1" > available </wordcount>
    <wordcount weight="1" > bearing </wordcount>
    <wordcount weight="1" > conduct </wordcount>
    <wordcount weight="1" > incorporating </wordcount>
    <wordcount weight="1" > lowland </wordcount>
    <wordcount weight="1" > laboratory </wordcount>
    <wordcount weight="1" > tolerate </wordcount>
    <wordcount weight="1" > indicate </wordcount>
    <wordcount weight="1" > carrying </wordcount>
    <wordcount weight="1" > accompanied </wordcount>
    <wordcount weight="1" > problem </wordcount>
    <wordcount weight="1" > estimation </wordcount>
    <wordcount weight="1" > weeds </wordcount>
    <wordcount weight="1" > great </wordcount>
    <wordcount weight="1" > turnover </wordcount>
    <wordcount weight="1" > conway </wordcount>
    <wordcount weight="1" > thank </wordcount>
    <wordcount weight="1" > recommendations </wordcount>
    <wordcount weight="1" > speaker </wordcount>
    <wordcount weight="1" > exceptionally </wordcount>
    <wordcount weight="1" > producing </wordcount>
    <wordcount weight="1" > impatiens </wordcount>
    <wordcount weight="1" > treasurers </wordcount>
    <wordcount weight="1" > arises </wordcount>
    <wordcount weight="1" > departments </wordcount>
    <wordcount weight="1" > break </wordcount>
    <wordcount weight="1" > larger </wordcount>
    <wordcount weight="1" > deal </wordcount>
    <wordcount weight="1" > reproduces </wordcount>
    <wordcount weight="1" > relation </wordcount>
    <wordcount weight="1" > associates </wordcount>
    <wordcount weight="1" > service </wordcount>
    <wordcount weight="1" > personal </wordcount>
    <wordcount weight="1" > pass </wordcount>
    <wordcount weight="1" > gimingham </wordcount>
    <wordcount weight="1" > varied </wordcount>
    <wordcount weight="1" > ir </wordcount>
    <wordcount weight="1" > ovington </wordcount>
    <wordcount weight="1" > pioneer </wordcount>
    <wordcount weight="1" > expense </wordcount>
    <wordcount weight="1" > resign </wordcount>
    <wordcount weight="1" > warren </wordcount>
    <wordcount weight="1" > holcus </wordcount>
    <wordcount weight="1" > appearing </wordcount>
    <wordcount weight="1" > i </wordcount>
    <wordcount weight="1" > vigorous </wordcount>
    <wordcount weight="1" > efficiently </wordcount>
    <wordcount weight="1" > past </wordcount>
    <wordcount weight="1" > preferences </wordcount>
    <wordcount weight="1" > admixture </wordcount>
    <wordcount weight="1" > above </wordcount>
    <wordcount weight="1" > serious </wordcount>
    <wordcount weight="1" > reverting </wordcount>
    <wordcount weight="1" > zealand </wordcount>
    <wordcount weight="1" > parviflora </wordcount>
    <wordcount weight="1" > enhanced </wordcount>
    <wordcount weight="1" > chloride </wordcount>
    <wordcount weight="1" > apothecia </wordcount>
    <wordcount weight="1" > confidently </wordcount>
    <wordcount weight="1" > tarn </wordcount>
    <wordcount weight="1" > academic </wordcount>
    <wordcount weight="1" > cytology </wordcount>
    <wordcount weight="1" > further </wordcount>
    <wordcount weight="1" > emphasized </wordcount>
    <wordcount weight="1" > growing </wordcount>
    <wordcount weight="1" > difficult </wordcount>
    <wordcount weight="1" > physiological </wordcount>
    <wordcount weight="1" > parameter </wordcount>
    <wordcount weight="1" > pointing </wordcount>
    <wordcount weight="1" > thanked </wordcount>
    <wordcount weight="1" > centre </wordcount>
    <wordcount weight="1" > canum </wordcount>
    <wordcount weight="1" > offered </wordcount>
    <wordcount weight="1" > unlikely </wordcount>
    <wordcount weight="1" > profitable </wordcount>
    <wordcount weight="1" > rapid </wordcount>
    <wordcount weight="1" > somewhat </wordcount>
    <wordcount weight="1" > because </wordcount>
    <wordcount weight="1" > enjoyment </wordcount>
    <wordcount weight="1" > circular </wordcount>
    <wordcount weight="1" > notable </wordcount>
    <wordcount weight="1" > developing </wordcount>
    <wordcount weight="1" > aspects </wordcount>
    <wordcount weight="1" > experimental </wordcount>
    <wordcount weight="1" > prospers </wordcount>
    <wordcount weight="1" > esthwaite </wordcount>
    <wordcount weight="1" > richards </wordcount>
    <wordcount weight="1" > accepted </wordcount>
    <wordcount weight="1" > setting </wordcount>
    <wordcount weight="1" > contents </wordcount>
    <wordcount weight="1" > professors </wordcount>
    <wordcount weight="1" > list </wordcount>
    <wordcount weight="1" > painstaking </wordcount>
    <wordcount weight="1" > ferry </wordcount>
    <wordcount weight="1" > choice </wordcount>
    <wordcount weight="1" > cause </wordcount>
    <wordcount weight="1" > particular </wordcount>
    <wordcount weight="1" > melts </wordcount>
    <wordcount weight="1" > necessary </wordcount>
    <wordcount weight="1" > allowance </wordcount>
    <wordcount weight="1" > eg </wordcount>
    <wordcount weight="1" > record </wordcount>
    <wordcount weight="1" > deep </wordcount>
    <wordcount weight="1" > delegate </wordcount>
    <wordcount weight="1" > pollen </wordcount>
    <wordcount weight="1" > floristic </wordcount>
    <wordcount weight="1" > edinburgh </wordcount>
    <wordcount weight="1" > invitation </wordcount>
    <wordcount weight="1" > produce </wordcount>
    <wordcount weight="1" > perhaps </wordcount>
    <wordcount weight="1" > native </wordcount>
    <wordcount weight="1" > theory </wordcount>
    <wordcount weight="1" > transactions </wordcount>
    <wordcount weight="1" > facilities </wordcount>
    <wordcount weight="1" > eastern </wordcount>
    <wordcount weight="1" > manage </wordcount>
    <wordcount weight="1" > fernando </wordcount>
    <wordcount weight="1" > college </wordcount>
    <wordcount weight="1" > humidities </wordcount>
    <wordcount weight="1" > extent </wordcount>
    <wordcount weight="1" > vaccinium </wordcount>
    <wordcount weight="1" > localities </wordcount>
    <wordcount weight="1" > illustrated </wordcount>
    <wordcount weight="1" > causation </wordcount>
    <wordcount weight="1" > prepare </wordcount>
    <wordcount weight="1" > compete </wordcount>
    <wordcount weight="1" > expenses </wordcount>
    <wordcount weight="1" > chair </wordcount>
    <wordcount weight="1" > deficit </wordcount>
    <wordcount weight="1" > america </wordcount>
    <wordcount weight="1" > draw </wordcount>
    <wordcount weight="1" > receive </wordcount>
    <wordcount weight="1" > greenland </wordcount>
    <wordcount weight="1" > convenient </wordcount>
    <wordcount weight="1" > march </wordcount>
    <wordcount weight="1" > electing </wordcount>
    <wordcount weight="1" > degree </wordcount>
    <wordcount weight="1" > fisheries </wordcount>
    <wordcount weight="1" > psocoptera </wordcount>
    <wordcount weight="1" > length </wordcount>
    <wordcount weight="1" > balance </wordcount>
    <wordcount weight="1" > bradshaw </wordcount>
    <wordcount weight="1" > enrichment </wordcount>
    <wordcount weight="1" > feeding </wordcount>
    <wordcount weight="1" > nutans </wordcount>
    <wordcount weight="1" > application </wordcount>
    <wordcount weight="1" > announced </wordcount>
    <wordcount weight="1" > development </wordcount>
    <wordcount weight="1" > brings </wordcount>
    <wordcount weight="1" > suggests </wordcount>
    <wordcount weight="1" > basis </wordcount>
    <wordcount weight="1" > fitting </wordcount>
    <wordcount weight="1" > possible </wordcount>
    <wordcount weight="1" > determined </wordcount>
    <wordcount weight="1" > marked </wordcount>
    <wordcount weight="1" > degrees </wordcount>
    <wordcount weight="1" > investment </wordcount>
    <wordcount weight="1" > miss </wordcount>
    <wordcount weight="1" > island </wordcount>
    <wordcount weight="1" > exhibits </wordcount>
    <wordcount weight="1" > authorized </wordcount>
    <wordcount weight="1" > reaching </wordcount>
    <wordcount weight="1" > measures </wordcount>
    <wordcount weight="1" > planning </wordcount>
    <wordcount weight="1" > reprints </wordcount>
    <wordcount weight="1" > officers </wordcount>
    <wordcount weight="1" > denny </wordcount>
    <wordcount weight="1" > examples </wordcount>
    <wordcount weight="1" > etc </wordcount>
    <wordcount weight="1" > abstracts </wordcount>
    <wordcount weight="1" > co </wordcount>
    <wordcount weight="1" > completed </wordcount>
    <wordcount weight="1" > apparatus </wordcount>
    <wordcount weight="1" > start </wordcount>
    <wordcount weight="1" > exception </wordcount>
    <wordcount weight="1" > trees </wordcount>
    <wordcount weight="1" > ecologically </wordcount>
    <wordcount weight="1" > obvious </wordcount>
    <wordcount weight="1" > must </wordcount>
    <wordcount weight="1" > measuring </wordcount>
    <wordcount weight="1" > regretted </wordcount>
    <wordcount weight="1" > fine </wordcount>
    <wordcount weight="1" > persistence </wordcount>
    <wordcount weight="1" > slightly </wordcount>
    <wordcount weight="1" > west </wordcount>
    <wordcount weight="1" > opal </wordcount>
    <wordcount weight="1" > significantly </wordcount>
    <wordcount weight="1" > brought </wordcount>
    <wordcount weight="1" > little </wordcount>
    <wordcount weight="1" > point </wordcount>
    <wordcount weight="1" > europe </wordcount>
    <wordcount weight="1" > except </wordcount>
    <wordcount weight="1" > breeding </wordcount>
    <wordcount weight="1" > raymont </wordcount>
    <wordcount weight="1" > far </wordcount>
    <wordcount weight="1" > establishment </wordcount>
    <wordcount weight="1" > excursion </wordcount>
    <wordcount weight="1" > proportions </wordcount>
    <wordcount weight="1" > content </wordcount>
    <wordcount weight="1" > role </wordcount>
    <wordcount weight="1" > agrostis </wordcount>
    <wordcount weight="1" > test </wordcount>
    <wordcount weight="1" > publishers </wordcount>
    <wordcount weight="1" > correlation </wordcount>
    <wordcount weight="1" > microtopography </wordcount>
    <wordcount weight="1" > giving </wordcount>
    <wordcount weight="1" > reports </wordcount>
    <wordcount weight="1" > interact </wordcount>
    <wordcount weight="1" > plans </wordcount>
    <wordcount weight="1" > though </wordcount>
    <wordcount weight="1" > undue </wordcount>
    <wordcount weight="1" > secretary </wordcount>
    <wordcount weight="1" > holdgate </wordcount>
    <wordcount weight="1" > entirely </wordcount>
    <wordcount weight="1" > spartina </wordcount>
    <wordcount weight="1" > loss </wordcount>
    <wordcount weight="1" > apenninum </wordcount>
    <wordcount weight="1" > oil </wordcount>
    <wordcount weight="1" > along </wordcount>
    <wordcount weight="1" > hybridization </wordcount>
    <wordcount weight="1" > clarifying </wordcount>
    <wordcount weight="1" > contribute </wordcount>
    <wordcount weight="1" > station </wordcount>
    <wordcount weight="1" > illustrate </wordcount>
    <wordcount weight="1" > ammophila </wordcount>
    <wordcount weight="1" > factor </wordcount>
    <wordcount weight="1" > appointed </wordcount>
    <wordcount weight="1" > tolerance </wordcount>
    <wordcount weight="1" > causes </wordcount>
    <wordcount weight="1" > affects </wordcount>
    <wordcount weight="1" > variation </wordcount>
    <wordcount weight="1" > acid </wordcount>
    <wordcount weight="1" > congress </wordcount>
    <wordcount weight="1" > shades </wordcount>
    <wordcount weight="1" > accommodating </wordcount>
    <wordcount weight="1" > submitted </wordcount>
    <wordcount weight="1" > pleasure </wordcount>
    <wordcount weight="1" > unfavourable </wordcount>
    <wordcount weight="1" > fruitful </wordcount>
    <wordcount weight="1" > significance </wordcount>
    <wordcount weight="1" > central </wordcount>
    <wordcount weight="1" > associate </wordcount>
    <wordcount weight="1" > hour </wordcount>
    <wordcount weight="1" > thus </wordcount>
    <wordcount weight="1" > watt </wordcount>
    <wordcount weight="1" > organizing </wordcount>
    <wordcount weight="1" > our </wordcount>
    <wordcount weight="1" > examination </wordcount>
    <wordcount weight="1" > includes </wordcount>
    <wordcount weight="1" > first </wordcount>
    <wordcount weight="1" > come </wordcount>
    <wordcount weight="1" > woods </wordcount>
    <wordcount weight="1" > sometimes </wordcount>
    <wordcount weight="1" > publication </wordcount>
    <wordcount weight="1" > comments </wordcount>
    <wordcount weight="1" > previous </wordcount>
    <wordcount weight="1" > niche </wordcount>
    <wordcount weight="1" > disadvantages </wordcount>
    <wordcount weight="1" > morphological </wordcount>
    <wordcount weight="1" > wild </wordcount>
    <wordcount weight="1" > considerable </wordcount>
    <wordcount weight="1" > algal </wordcount>
    <wordcount weight="1" > necessitated </wordcount>
    <wordcount weight="1" > sound </wordcount>
    <wordcount weight="1" > relationships </wordcount>
    <wordcount weight="1" > staffs </wordcount>
    <wordcount weight="1" > southampton </wordcount>
    <wordcount weight="1" > evidence </wordcount>
    <wordcount weight="1" > until </wordcount>
    <wordcount weight="1" > montreal </wordcount>
    <wordcount weight="1" > asking </wordcount>
    <wordcount weight="1" > showing </wordcount>
    <wordcount weight="1" > few </wordcount>
    <wordcount weight="1" > explained </wordcount>
    <wordcount weight="1" > dying </wordcount>
    <wordcount weight="1" > authorizing </wordcount>
    <wordcount weight="1" > difficulties </wordcount>
    <wordcount weight="1" > immediate </wordcount>
    <wordcount weight="1" > thomson </wordcount>
    <wordcount weight="1" > resignations </wordcount>
    <wordcount weight="1" > arranging </wordcount>
    <wordcount weight="1" > requirements </wordcount>
    <wordcount weight="1" > received </wordcount>
    <wordcount weight="1" > ignored </wordcount>
    <wordcount weight="1" > open </wordcount>
    <wordcount weight="1" > messrs </wordcount>
    <wordcount weight="1" > lands </wordcount>
    <wordcount weight="1" > varley </wordcount>
    <wordcount weight="1" > discovered </wordcount>
    <wordcount weight="1" > since </wordcount>
    <wordcount weight="1" > speakers </wordcount>
    <wordcount weight="1" > against </wordcount>
    <wordcount weight="1" > map </wordcount>
    <wordcount weight="1" > count </wordcount>
    <wordcount weight="1" > tables </wordcount>
    <wordcount weight="1" > scandinavia </wordcount>
    <wordcount weight="1" > exerted </wordcount>
    <wordcount weight="1" > temperature </wordcount>
    <wordcount weight="1" > express </wordcount>
    <wordcount weight="1" > larch </wordcount>
    <wordcount weight="1" > author </wordcount>
    <wordcount weight="1" > programmes </wordcount>
    <wordcount weight="1" > prices </wordcount>
    <wordcount weight="1" > points </wordcount>
    <wordcount weight="1" > scarce </wordcount>
    <wordcount weight="1" > satchell </wordcount>
    <wordcount weight="1" > predators </wordcount>
    <wordcount weight="1" > aided </wordcount>
    <wordcount weight="1" > topics </wordcount>
    <wordcount weight="1" > findings </wordcount>
    <wordcount weight="1" > ecologicalgenetical </wordcount>
    <wordcount weight="1" > wish </wordcount>
    <wordcount weight="1" > tone </wordcount>
    <wordcount weight="1" > evidently </wordcount>
    <wordcount weight="1" > impregnated </wordcount>
    <wordcount weight="1" > slides </wordcount>
    <wordcount weight="1" > running </wordcount>
    <wordcount weight="1" > solution </wordcount>
    <wordcount weight="1" > isles </wordcount>
    <wordcount weight="1" > times </wordcount>
    <wordcount weight="1" > closing </wordcount>
    <wordcount weight="1" > schedule </wordcount>
    <wordcount weight="1" > newly </wordcount>
    <wordcount weight="1" > correlated </wordcount>
    <wordcount weight="1" > characterized </wordcount>
    <wordcount weight="1" > valentine </wordcount>
    <wordcount weight="1" > enabling </wordcount>
    <wordcount weight="1" > revised </wordcount>
    <wordcount weight="1" > liable </wordcount>
    <wordcount weight="1" > meiotic </wordcount>
    <wordcount weight="1" > concentric </wordcount>
    <wordcount weight="1" > delivered </wordcount>
    <wordcount weight="1" > reinforces </wordcount>
    <wordcount weight="1" > appointment </wordcount>
    <wordcount weight="1" > commanding </wordcount>
    <wordcount weight="1" > features </wordcount>
    <wordcount weight="1" > high </wordcount>
    <wordcount weight="1" > introgression </wordcount>
    <wordcount weight="1" > risen </wordcount>
    <wordcount weight="1" > glass </wordcount>
    <wordcount weight="1" > coupled </wordcount>
    <wordcount weight="1" > expected </wordcount>
    <wordcount weight="1" > variance </wordcount>
    <wordcount weight="1" > next </wordcount>
    <wordcount weight="1" > obtained </wordcount>
    <wordcount weight="1" > piece </wordcount>
    <wordcount weight="1" > sample </wordcount>
    <wordcount weight="1" > kind </wordcount>
    <wordcount weight="1" > defined </wordcount>
    <wordcount weight="1" > mollis </wordcount>
    <wordcount weight="1" > kept </wordcount>
    <wordcount weight="1" > eltringham </wordcount>
    <wordcount weight="1" > warmest </wordcount>
    <wordcount weight="1" > whereas </wordcount>
    <wordcount weight="1" > conversation </wordcount>
    <wordcount weight="1" > estimates </wordcount>
    <wordcount weight="1" > unity </wordcount>
    <wordcount weight="1" > harder </wordcount>
    <wordcount weight="1" > cases </wordcount>
    <wordcount weight="1" > captain </wordcount>
    <wordcount weight="1" > inserted </wordcount>
    <wordcount weight="1" > arbitrary </wordcount>
    <wordcount weight="1" > atmosphere </wordcount>
    <wordcount weight="1" > grazes </wordcount>
    <wordcount weight="1" > old </wordcount>
    <wordcount weight="1" > fair </wordcount>
    <wordcount weight="1" > around </wordcount>
    <wordcount weight="1" > spent </wordcount>
    <wordcount weight="1" > approved </wordcount>
    <wordcount weight="1" > places </wordcount>
    <wordcount weight="1" > morning </wordcount>
    <wordcount weight="1" > person </wordcount>
    <wordcount weight="1" > fungal </wordcount>
    <wordcount weight="1" > crosses </wordcount>
    <wordcount weight="1" > depend </wordcount>
    <wordcount weight="1" > subscriptionbritish </wordcount>
    <wordcount weight="1" > comparing </wordcount>
    <wordcount weight="1" > reported </wordcount>
    <wordcount weight="1" > differently </wordcount>
    <wordcount weight="1" > fog </wordcount>
    <wordcount weight="1" > speed </wordcount>
    <wordcount weight="1" > grow </wordcount>
    <wordcount weight="1" > evolutionary </wordcount>
    <wordcount weight="1" > often </wordcount>
    <wordcount weight="1" > arrange </wordcount>
    <wordcount weight="1" > aggressiveness </wordcount>
    <wordcount weight="1" > presence </wordcount>
    <wordcount weight="1" > races </wordcount>
    <wordcount weight="1" > drifts </wordcount>
    <wordcount weight="1" > disturbs </wordcount>
    <wordcount weight="1" > met </wordcount>
    <wordcount weight="1" > distinguished </wordcount>
    <wordcount weight="1" > greatly </wordcount>
    <wordcount weight="1" > supply </wordcount>
    <wordcount weight="1" > mrs </wordcount>
    <wordcount weight="1" > colours </wordcount>
    <wordcount weight="1" > cytological </wordcount>
    <wordcount weight="1" > seeds </wordcount>
    <wordcount weight="1" > lake </wordcount>
    <wordcount weight="1" > influences </wordcount>
    <wordcount weight="1" > estimate </wordcount>
    <wordcount weight="1" > impoverishment </wordcount>
    <wordcount weight="1" > enjoyed </wordcount>
    <wordcount weight="1" > incompletely </wordcount>
    <wordcount weight="1" > penultimate </wordcount>
    <wordcount weight="1" > damper </wordcount>
    <wordcount weight="1" > generally </wordcount>
    <wordcount weight="1" > richness </wordcount>
    <wordcount weight="1" > drawn </wordcount>
    <wordcount weight="1" > suitability </wordcount>
    <wordcount weight="1" > practice </wordcount>
    <wordcount weight="1" > blue </wordcount>
    <wordcount weight="1" > characters </wordcount>
    <wordcount weight="1" > violet </wordcount>
    <wordcount weight="1" > dependent </wordcount>
    <wordcount weight="1" > adopted </wordcount>
    <wordcount weight="1" > inaccessible </wordcount>
    <wordcount weight="1" > spite </wordcount>
    <wordcount weight="1" > delightful </wordcount>
    <wordcount weight="1" > duration </wordcount>
    <wordcount weight="1" > corresponds </wordcount>
    <wordcount weight="1" > counts </wordcount>
    <wordcount weight="1" > details </wordcount>
    <wordcount weight="1" > based </wordcount>
    <wordcount weight="1" > occupied </wordcount>
    <wordcount weight="1" > we </wordcount>
    <wordcount weight="1" > tendency </wordcount>
    <wordcount weight="1" > recent </wordcount>
    <wordcount weight="1" > observed </wordcount>
    <wordcount weight="1" > feeds </wordcount>
    <wordcount weight="1" > value </wordcount>
    <wordcount weight="1" > preliminary </wordcount>
    <wordcount weight="1" > modifications </wordcount>
    <wordcount weight="1" > asked </wordcount>
    <wordcount weight="1" > attendance </wordcount>
    <wordcount weight="1" > acted </wordcount>
    <wordcount weight="1" > attention </wordcount>
    <wordcount weight="1" > animals </wordcount>
    <wordcount weight="1" > extremely </wordcount>
    <wordcount weight="1" > valuable </wordcount>
    <wordcount weight="1" > silene </wordcount>
    <wordcount weight="1" > questioning </wordcount>
    <wordcount weight="1" > gordon </wordcount>
    <wordcount weight="1" > favoured </wordcount>
    <wordcount weight="1" > division </wordcount>
    <wordcount weight="1" > error </wordcount>
    <wordcount weight="1" > major </wordcount>
    <wordcount weight="1" > visitors </wordcount>
    <wordcount weight="1" > decision </wordcount>
    <wordcount weight="1" > tasmania </wordcount>
    <wordcount weight="1" > deficiency </wordcount>
    <wordcount weight="1" > constitution </wordcount>
    <wordcount weight="1" > grants </wordcount>
    <wordcount weight="1" > hypothesis </wordcount>
</article>
