<?xml version="1.0" encoding="UTF-8"?>
<article id="10.2307/2258359" >
    <wordcount weight="1158" > the </wordcount>
    <wordcount weight="650" > of </wordcount>
    <wordcount weight="520" > in </wordcount>
    <wordcount weight="410" > to </wordcount>
    <wordcount weight="409" > and </wordcount>
    <wordcount weight="333" > a </wordcount>
    <wordcount weight="318" > leaf </wordcount>
    <wordcount weight="290" > is </wordcount>
    <wordcount weight="190" > for </wordcount>
    <wordcount weight="190" > be </wordcount>
    <wordcount weight="171" > as </wordcount>
    <wordcount weight="157" > that </wordcount>
    <wordcount weight="137" > size </wordcount>
    <wordcount weight="131" > are </wordcount>
    <wordcount weight="130" > by </wordcount>
    <wordcount weight="123" > with </wordcount>
    <wordcount weight="112" > on </wordcount>
    <wordcount weight="95" > leaves </wordcount>
    <wordcount weight="92" > at </wordcount>
    <wordcount weight="90" > i </wordcount>
    <wordcount weight="89" > water </wordcount>
    <wordcount weight="88" > temperature </wordcount>
    <wordcount weight="81" > efficiency </wordcount>
    <wordcount weight="73" > may </wordcount>
    <wordcount weight="73" > which </wordcount>
    <wordcount weight="73" > convection </wordcount>
    <wordcount weight="72" > not </wordcount>
    <wordcount weight="71" > this </wordcount>
    <wordcount weight="70" > one </wordcount>
    <wordcount weight="70" > have </wordcount>
    <wordcount weight="69" > it </wordcount>
    <wordcount weight="67" > an </wordcount>
    <wordcount weight="64" > s </wordcount>
    <wordcount weight="63" > than </wordcount>
    <wordcount weight="62" > from </wordcount>
    <wordcount weight="61" > model </wordcount>
    <wordcount weight="59" > would </wordcount>
    <wordcount weight="55" > optimal </wordcount>
    <wordcount weight="55" > resistance </wordcount>
    <wordcount weight="55" > or </wordcount>
    <wordcount weight="53" > will </wordcount>
    <wordcount weight="53" > coefficient </wordcount>
    <wordcount weight="51" > t </wordcount>
    <wordcount weight="51" > environment </wordcount>
    <wordcount weight="50" > other </wordcount>
    <wordcount weight="49" > stomatal </wordcount>
    <wordcount weight="49" > air </wordcount>
    <wordcount weight="48" > h </wordcount>
    <wordcount weight="46" > transpiration </wordcount>
    <wordcount weight="46" > plants </wordcount>
    <wordcount weight="46" > radiation </wordcount>
    <wordcount weight="45" > variables </wordcount>
    <wordcount weight="45" > species </wordcount>
    <wordcount weight="44" > its </wordcount>
    <wordcount weight="43" > can </wordcount>
    <wordcount weight="42" > fig </wordcount>
    <wordcount weight="42" > but </wordcount>
    <wordcount weight="41" > e </wordcount>
    <wordcount weight="41" > calculated </wordcount>
    <wordcount weight="40" > plant </wordcount>
    <wordcount weight="39" > some </wordcount>
    <wordcount weight="39" > higher </wordcount>
    <wordcount weight="39" > l </wordcount>
    <wordcount weight="39" > effects </wordcount>
    <wordcount weight="38" > photosynthesis </wordcount>
    <wordcount weight="37" > p </wordcount>
    <wordcount weight="37" > f </wordcount>
    <wordcount weight="37" > function </wordcount>
    <wordcount weight="37" > relative </wordcount>
    <wordcount weight="36" > these </wordcount>
    <wordcount weight="36" > two </wordcount>
    <wordcount weight="36" > given </wordcount>
    <wordcount weight="36" > between </wordcount>
    <wordcount weight="35" > sizes </wordcount>
    <wordcount weight="35" > c </wordcount>
    <wordcount weight="34" > large </wordcount>
    <wordcount weight="34" > such </wordcount>
    <wordcount weight="34" > more </wordcount>
    <wordcount weight="34" > low </wordcount>
    <wordcount weight="34" > high </wordcount>
    <wordcount weight="33" > design </wordcount>
    <wordcount weight="33" > g </wordcount>
    <wordcount weight="33" > small </wordcount>
    <wordcount weight="33" > when </wordcount>
    <wordcount weight="31" > they </wordcount>
    <wordcount weight="31" > has </wordcount>
    <wordcount weight="30" > was </wordcount>
    <wordcount weight="30" > cost </wordcount>
    <wordcount weight="30" > used </wordcount>
    <wordcount weight="30" > through </wordcount>
    <wordcount weight="29" > mean </wordcount>
    <wordcount weight="29" > because </wordcount>
    <wordcount weight="29" > r </wordcount>
    <wordcount weight="29" > change </wordcount>
    <wordcount weight="29" > humidity </wordcount>
    <wordcount weight="29" > values </wordcount>
    <wordcount weight="29" > were </wordcount>
    <wordcount weight="29" > effect </wordcount>
    <wordcount weight="29" > u </wordcount>
    <wordcount weight="28" > might </wordcount>
    <wordcount weight="28" > levels </wordcount>
    <wordcount weight="28" > selection </wordcount>
    <wordcount weight="28" > d </wordcount>
    <wordcount weight="27" > if </wordcount>
    <wordcount weight="27" > independent </wordcount>
    <wordcount weight="27" > results </wordcount>
    <wordcount weight="26" > net </wordcount>
    <wordcount weight="26" > hc </wordcount>
    <wordcount weight="26" > their </wordcount>
    <wordcount weight="26" > so </wordcount>
    <wordcount weight="26" > been </wordcount>
    <wordcount weight="26" > form </wordcount>
    <wordcount weight="25" > normalized </wordcount>
    <wordcount weight="25" > light </wordcount>
    <wordcount weight="24" > growth </wordcount>
    <wordcount weight="24" > factors </wordcount>
    <wordcount weight="24" > transfer </wordcount>
    <wordcount weight="24" > three </wordcount>
    <wordcount weight="24" > variable </wordcount>
    <wordcount weight="24" > temperatures </wordcount>
    <wordcount weight="23" > m </wordcount>
    <wordcount weight="23" > parkhurst </wordcount>
    <wordcount weight="23" > j </wordcount>
    <wordcount weight="23" > main </wordcount>
    <wordcount weight="23" > absorbed </wordcount>
    <wordcount weight="23" > only </wordcount>
    <wordcount weight="23" > factor </wordcount>
    <wordcount weight="23" > shown </wordcount>
    <wordcount weight="23" > loucks </wordcount>
    <wordcount weight="22" > ly </wordcount>
    <wordcount weight="22" > resistances </wordcount>
    <wordcount weight="22" > heat </wordcount>
    <wordcount weight="22" > also </wordcount>
    <wordcount weight="22" > increases </wordcount>
    <wordcount weight="22" > then </wordcount>
    <wordcount weight="22" > principle </wordcount>
    <wordcount weight="22" > both </wordcount>
    <wordcount weight="22" > increase </wordcount>
    <wordcount weight="21" > simple </wordcount>
    <wordcount weight="21" > most </wordcount>
    <wordcount weight="21" > interactions </wordcount>
    <wordcount weight="21" > any </wordcount>
    <wordcount weight="21" > natural </wordcount>
    <wordcount weight="21" > conditions </wordcount>
    <wordcount weight="20" > those </wordcount>
    <wordcount weight="20" > environments </wordcount>
    <wordcount weight="20" > level </wordcount>
    <wordcount weight="20" > wind </wordcount>
    <wordcount weight="20" > boundary </wordcount>
    <wordcount weight="20" > shade </wordcount>
    <wordcount weight="20" > where </wordcount>
    <wordcount weight="20" > often </wordcount>
    <wordcount weight="19" > thus </wordcount>
    <wordcount weight="19" > et </wordcount>
    <wordcount weight="19" > same </wordcount>
    <wordcount weight="19" > al </wordcount>
    <wordcount weight="19" > different </wordcount>
    <wordcount weight="19" > smaller </wordcount>
    <wordcount weight="18" > o </wordcount>
    <wordcount weight="18" > first </wordcount>
    <wordcount weight="18" > important </wordcount>
    <wordcount weight="18" > uptake </wordcount>
    <wordcount weight="18" > expt </wordcount>
    <wordcount weight="18" > under </wordcount>
    <wordcount weight="18" > new </wordcount>
    <wordcount weight="18" > surfaces </wordcount>
    <wordcount weight="18" > less </wordcount>
    <wordcount weight="18" > should </wordcount>
    <wordcount weight="17" > tend </wordcount>
    <wordcount weight="17" > all </wordcount>
    <wordcount weight="17" > surface </wordcount>
    <wordcount weight="17" > could </wordcount>
    <wordcount weight="17" > density </wordcount>
    <wordcount weight="17" > likely </wordcount>
    <wordcount weight="17" > general </wordcount>
    <wordcount weight="17" > table </wordcount>
    <wordcount weight="17" > hypostomatous </wordcount>
    <wordcount weight="17" > considered </wordcount>
    <wordcount weight="17" > each </wordcount>
    <wordcount weight="17" > much </wordcount>
    <wordcount weight="16" > mesophyll </wordcount>
    <wordcount weight="16" > concentration </wordcount>
    <wordcount weight="16" > data </wordcount>
    <wordcount weight="16" > eqn </wordcount>
    <wordcount weight="16" > layer </wordcount>
    <wordcount weight="16" > organism </wordcount>
    <wordcount weight="16" > very </wordcount>
    <wordcount weight="16" > decrease </wordcount>
    <wordcount weight="15" > taken </wordcount>
    <wordcount weight="15" > evolution </wordcount>
    <wordcount weight="15" > combinations </wordcount>
    <wordcount weight="15" > trends </wordcount>
    <wordcount weight="15" > flux </wordcount>
    <wordcount weight="15" > discussed </wordcount>
    <wordcount weight="15" > assumption </wordcount>
    <wordcount weight="15" > trees </wordcount>
    <wordcount weight="15" > carbon </wordcount>
    <wordcount weight="14" > ii </wordcount>
    <wordcount weight="14" > rate </wordcount>
    <wordcount weight="14" > dependence </wordcount>
    <wordcount weight="14" > response </wordcount>
    <wordcount weight="14" > rates </wordcount>
    <wordcount weight="14" > similar </wordcount>
    <wordcount weight="14" > changes </wordcount>
    <wordcount weight="14" > distribution </wordcount>
    <wordcount weight="14" > part </wordcount>
    <wordcount weight="14" > loss </wordcount>
    <wordcount weight="14" > factorial </wordcount>
    <wordcount weight="14" > optimality </wordcount>
    <wordcount weight="14" > become </wordcount>
    <wordcount weight="14" > must </wordcount>
    <wordcount weight="14" > here </wordcount>
    <wordcount weight="14" > specific </wordcount>
    <wordcount weight="13" > does </wordcount>
    <wordcount weight="13" > eqns </wordcount>
    <wordcount weight="13" > total </wordcount>
    <wordcount weight="13" > equations </wordcount>
    <wordcount weight="13" > there </wordcount>
    <wordcount weight="13" > cain </wordcount>
    <wordcount weight="13" > possible </wordcount>
    <wordcount weight="13" > well </wordcount>
    <wordcount weight="13" > many </wordcount>
    <wordcount weight="13" > vapour </wordcount>
    <wordcount weight="13" > relation </wordcount>
    <wordcount weight="13" > increasing </wordcount>
    <wordcount weight="13" > cm </wordcount>
    <wordcount weight="13" > ratio </wordcount>
    <wordcount weight="13" > min </wordcount>
    <wordcount weight="13" > adapted </wordcount>
    <wordcount weight="13" > defined </wordcount>
    <wordcount weight="13" > interaction </wordcount>
    <wordcount weight="12" > system </wordcount>
    <wordcount weight="12" > since </wordcount>
    <wordcount weight="12" > sun </wordcount>
    <wordcount weight="12" > ra </wordcount>
    <wordcount weight="12" > means </wordcount>
    <wordcount weight="12" > w </wordcount>
    <wordcount weight="12" > stated </wordcount>
    <wordcount weight="12" > usually </wordcount>
    <wordcount weight="12" > cal </wordcount>
    <wordcount weight="12" > photosynthesizing </wordcount>
    <wordcount weight="12" > difference </wordcount>
    <wordcount weight="11" > lower </wordcount>
    <wordcount weight="11" > long </wordcount>
    <wordcount weight="11" > herbs </wordcount>
    <wordcount weight="11" > no </wordcount>
    <wordcount weight="11" > predicted </wordcount>
    <wordcount weight="11" > rather </wordcount>
    <wordcount weight="11" > consider </wordcount>
    <wordcount weight="11" > section </wordcount>
    <wordcount weight="11" > structure </wordcount>
    <wordcount weight="11" > field </wordcount>
    <wordcount weight="11" > probably </wordcount>
    <wordcount weight="11" > forest </wordcount>
    <wordcount weight="11" > over </wordcount>
    <wordcount weight="11" > maximum </wordcount>
    <wordcount weight="10" > way </wordcount>
    <wordcount weight="10" > environmental </wordcount>
    <wordcount weight="10" > studies </wordcount>
    <wordcount weight="10" > consistent </wordcount>
    <wordcount weight="10" > actual </wordcount>
    <wordcount weight="10" > dioxide </wordcount>
    <wordcount weight="10" > apply </wordcount>
    <wordcount weight="10" > york </wordcount>
    <wordcount weight="10" > how </wordcount>
    <wordcount weight="10" > symbols </wordcount>
    <wordcount weight="10" > affect </wordcount>
    <wordcount weight="10" > based </wordcount>
    <wordcount weight="10" > found </wordcount>
    <wordcount weight="10" > having </wordcount>
    <wordcount weight="10" > related </wordcount>
    <wordcount weight="10" > q </wordcount>
    <wordcount weight="10" > coupled </wordcount>
    <wordcount weight="10" > several </wordcount>
    <wordcount weight="10" > using </wordcount>
    <wordcount weight="10" > single </wordcount>
    <wordcount weight="10" > larger </wordcount>
    <wordcount weight="10" > enough </wordcount>
    <wordcount weight="10" > physiological </wordcount>
    <wordcount weight="10" > optimum </wordcount>
    <wordcount weight="10" > intrinsic </wordcount>
    <wordcount weight="10" > predict </wordcount>
    <wordcount weight="10" > analysis </wordcount>
    <wordcount weight="10" > predictions </wordcount>
    <wordcount weight="10" > woody </wordcount>
    <wordcount weight="10" > n </wordcount>
    <wordcount weight="10" > them </wordcount>
    <wordcount weight="10" > particular </wordcount>
    <wordcount weight="10" > organ </wordcount>
    <wordcount weight="9" > math </wordcount>
    <wordcount weight="9" > being </wordcount>
    <wordcount weight="9" > nature </wordcount>
    <wordcount weight="9" > available </wordcount>
    <wordcount weight="9" > resulting </wordcount>
    <wordcount weight="9" > reproduction </wordcount>
    <wordcount weight="9" > strength </wordcount>
    <wordcount weight="9" > vegetation </wordcount>
    <wordcount weight="9" > occurring </wordcount>
    <wordcount weight="9" > due </wordcount>
    <wordcount weight="9" > bull </wordcount>
    <wordcount weight="9" > costs </wordcount>
    <wordcount weight="9" > direct </wordcount>
    <wordcount weight="9" > coefficients </wordcount>
    <wordcount weight="9" > shape </wordcount>
    <wordcount weight="9" > least </wordcount>
    <wordcount weight="9" > therefore </wordcount>
    <wordcount weight="9" > above </wordcount>
    <wordcount weight="9" > experimental </wordcount>
    <wordcount weight="9" > experiment </wordcount>
    <wordcount weight="9" > variation </wordcount>
    <wordcount weight="9" > forms </wordcount>
    <wordcount weight="9" > number </wordcount>
    <wordcount weight="9" > ah </wordcount>
    <wordcount weight="9" > agreement </wordcount>
    <wordcount weight="9" > biophys </wordcount>
    <wordcount weight="9" > simulated </wordcount>
    <wordcount weight="9" > cushion </wordcount>
    <wordcount weight="9" > calculations </wordcount>
    <wordcount weight="9" > extrinsic </wordcount>
    <wordcount weight="9" > average </wordcount>
    <wordcount weight="9" > assumed </wordcount>
    <wordcount weight="9" > major </wordcount>
    <wordcount weight="8" > use </wordcount>
    <wordcount weight="8" > second </wordcount>
    <wordcount weight="8" > deg </wordcount>
    <wordcount weight="8" > into </wordcount>
    <wordcount weight="8" > leads </wordcount>
    <wordcount weight="8" > within </wordcount>
    <wordcount weight="8" > combination </wordcount>
    <wordcount weight="8" > bot </wordcount>
    <wordcount weight="8" > tables </wordcount>
    <wordcount weight="8" > third </wordcount>
    <wordcount weight="8" > influence </wordcount>
    <wordcount weight="8" > efficiencies </wordcount>
    <wordcount weight="8" > b </wordcount>
    <wordcount weight="8" > flow </wordcount>
    <wordcount weight="8" > closely </wordcount>
    <wordcount weight="8" > effective </wordcount>
    <wordcount weight="8" > qa </wordcount>
    <wordcount weight="8" > predicts </wordcount>
    <wordcount weight="8" > approach </wordcount>
    <wordcount weight="8" > tropical </wordcount>
    <wordcount weight="8" > included </wordcount>
    <wordcount weight="8" > noted </wordcount>
    <wordcount weight="8" > fact </wordcount>
    <wordcount weight="8" > limit </wordcount>
    <wordcount weight="8" > decreases </wordcount>
    <wordcount weight="8" > another </wordcount>
    <wordcount weight="8" > made </wordcount>
    <wordcount weight="8" > organisms </wordcount>
    <wordcount weight="8" > features </wordcount>
    <wordcount weight="8" > ap </wordcount>
    <wordcount weight="8" > stomata </wordcount>
    <wordcount weight="8" > chloroplasts </wordcount>
    <wordcount weight="8" > life </wordcount>
    <wordcount weight="8" > physical </wordcount>
    <wordcount weight="8" > equation </wordcount>
    <wordcount weight="8" > reproduce </wordcount>
    <wordcount weight="8" > listed </wordcount>
    <wordcount weight="8" > increased </wordcount>
    <wordcount weight="8" > little </wordcount>
    <wordcount weight="7" > determine </wordcount>
    <wordcount weight="7" > true </wordcount>
    <wordcount weight="7" > seems </wordcount>
    <wordcount weight="7" > depends </wordcount>
    <wordcount weight="7" > mass </wordcount>
    <wordcount weight="7" > figs </wordcount>
    <wordcount weight="7" > implies </wordcount>
    <wordcount weight="7" > dew </wordcount>
    <wordcount weight="7" > depend </wordcount>
    <wordcount weight="7" > speed </wordcount>
    <wordcount weight="7" > developed </wordcount>
    <wordcount weight="7" > university </wordcount>
    <wordcount weight="7" > further </wordcount>
    <wordcount weight="7" > population </wordcount>
    <wordcount weight="7" > applied </wordcount>
    <wordcount weight="7" > work </wordcount>
    <wordcount weight="7" > optimize </wordcount>
    <wordcount weight="7" > succulents </wordcount>
    <wordcount weight="7" > example </wordcount>
    <wordcount weight="7" > edn </wordcount>
    <wordcount weight="7" > during </wordcount>
    <wordcount weight="7" > dependent </wordcount>
    <wordcount weight="7" > provided </wordcount>
    <wordcount weight="7" > assimilation </wordcount>
    <wordcount weight="7" > wisconsin </wordcount>
    <wordcount weight="7" > strata </wordcount>
    <wordcount weight="7" > varies </wordcount>
    <wordcount weight="7" > time </wordcount>
    <wordcount weight="7" > do </wordcount>
    <wordcount weight="7" > present </wordcount>
    <wordcount weight="7" > day </wordcount>
    <wordcount weight="7" > greatest </wordcount>
    <wordcount weight="7" > processes </wordcount>
    <wordcount weight="7" > individual </wordcount>
    <wordcount weight="7" > evolve </wordcount>
    <wordcount weight="7" > provide </wordcount>
    <wordcount weight="7" > decreasing </wordcount>
    <wordcount weight="7" > constant </wordcount>
    <wordcount weight="7" > following </wordcount>
    <wordcount weight="7" > control </wordcount>
    <wordcount weight="7" > what </wordcount>
    <wordcount weight="7" > role </wordcount>
    <wordcount weight="7" > area </wordcount>
    <wordcount weight="7" > occur </wordcount>
    <wordcount weight="6" > indicated </wordcount>
    <wordcount weight="6" > easily </wordcount>
    <wordcount weight="6" > experiments </wordcount>
    <wordcount weight="6" > accompanied </wordcount>
    <wordcount weight="6" > molecular </wordcount>
    <wordcount weight="6" > last </wordcount>
    <wordcount weight="6" > minimum </wordcount>
    <wordcount weight="6" > expected </wordcount>
    <wordcount weight="6" > mechanical </wordcount>
    <wordcount weight="6" > even </wordcount>
    <wordcount weight="6" > stratum </wordcount>
    <wordcount weight="6" > climates </wordcount>
    <wordcount weight="6" > importance </wordcount>
    <wordcount weight="6" > tree </wordcount>
    <wordcount weight="6" > enzyme </wordcount>
    <wordcount weight="6" > had </wordcount>
    <wordcount weight="6" > result </wordcount>
    <wordcount weight="6" > bearing </wordcount>
    <wordcount weight="6" > relating </wordcount>
    <wordcount weight="6" > seven </wordcount>
    <wordcount weight="6" > out </wordcount>
    <wordcount weight="6" > rainforest </wordcount>
    <wordcount weight="6" > dimensionless </wordcount>
    <wordcount weight="6" > optimizing </wordcount>
    <wordcount weight="6" > fit </wordcount>
    <wordcount weight="6" > regions </wordcount>
    <wordcount weight="6" > responses </wordcount>
    <wordcount weight="6" > ta </wordcount>
    <wordcount weight="6" > various </wordcount>
    <wordcount weight="6" > whatever </wordcount>
    <wordcount weight="6" > about </wordcount>
    <wordcount weight="6" > compound </wordcount>
    <wordcount weight="6" > affects </wordcount>
    <wordcount weight="6" > synthetic </wordcount>
    <wordcount weight="6" > latter </wordcount>
    <wordcount weight="6" > study </wordcount>
    <wordcount weight="6" > vascular </wordcount>
    <wordcount weight="6" > brown </wordcount>
    <wordcount weight="6" > convective </wordcount>
    <wordcount weight="6" > types </wordcount>
    <wordcount weight="6" > grand </wordcount>
    <wordcount weight="6" > branches </wordcount>
    <wordcount weight="6" > seem </wordcount>
    <wordcount weight="6" > proportional </wordcount>
    <wordcount weight="6" > living </wordcount>
    <wordcount weight="6" > whether </wordcount>
    <wordcount weight="6" > produce </wordcount>
    <wordcount weight="6" > presented </wordcount>
    <wordcount weight="6" > kozlowski </wordcount>
    <wordcount weight="6" > range </wordcount>
    <wordcount weight="6" > need </wordcount>
    <wordcount weight="6" > diffusivity </wordcount>
    <wordcount weight="6" > observed </wordcount>
    <wordcount weight="5" > final </wordcount>
    <wordcount weight="5" > limits </wordcount>
    <wordcount weight="5" > concerned </wordcount>
    <wordcount weight="5" > rev </wordcount>
    <wordcount weight="5" > arctic </wordcount>
    <wordcount weight="5" > fixed </wordcount>
    <wordcount weight="5" > pie </wordcount>
    <wordcount weight="5" > negative </wordcount>
    <wordcount weight="5" > differences </wordcount>
    <wordcount weight="5" > influences </wordcount>
    <wordcount weight="5" > relationships </wordcount>
    <wordcount weight="5" > absorptance </wordcount>
    <wordcount weight="5" > acid </wordcount>
    <wordcount weight="5" > dry </wordcount>
    <wordcount weight="5" > remain </wordcount>
    <wordcount weight="5" > weighted </wordcount>
    <wordcount weight="5" > process </wordcount>
    <wordcount weight="5" > certain </wordcount>
    <wordcount weight="5" > tissue </wordcount>
    <wordcount weight="5" > arid </wordcount>
    <wordcount weight="5" > four </wordcount>
    <wordcount weight="5" > drought </wordcount>
    <wordcount weight="5" > ae </wordcount>
    <wordcount weight="5" > understood </wordcount>
    <wordcount weight="5" > equal </wordcount>
    <wordcount weight="5" > metabolism </wordcount>
    <wordcount weight="5" > explain </wordcount>
    <wordcount weight="5" > apparent </wordcount>
    <wordcount weight="5" > reduction </wordcount>
    <wordcount weight="5" > climatic </wordcount>
    <wordcount weight="5" > either </wordcount>
    <wordcount weight="5" > solution </wordcount>
    <wordcount weight="5" > cold </wordcount>
    <wordcount weight="5" > arbitrary </wordcount>
    <wordcount weight="5" > leaflet </wordcount>
    <wordcount weight="5" > evaporation </wordcount>
    <wordcount weight="5" > indicates </wordcount>
    <wordcount weight="5" > makes </wordcount>
    <wordcount weight="5" > pp </wordcount>
    <wordcount weight="5" > us </wordcount>
    <wordcount weight="5" > published </wordcount>
    <wordcount weight="5" > useful </wordcount>
    <wordcount weight="5" > fundamental </wordcount>
    <wordcount weight="5" > lack </wordcount>
    <wordcount weight="5" > reasons </wordcount>
    <wordcount weight="5" > perhaps </wordcount>
    <wordcount weight="5" > remained </wordcount>
    <wordcount weight="5" > understanding </wordcount>
    <wordcount weight="5" > strongly </wordcount>
    <wordcount weight="5" > individuals </wordcount>
    <wordcount weight="5" > previous </wordcount>
    <wordcount weight="5" > photosynthetic </wordcount>
    <wordcount weight="5" > stress </wordcount>
    <wordcount weight="5" > times </wordcount>
    <wordcount weight="5" > provides </wordcount>
    <wordcount weight="5" > especially </wordcount>
    <wordcount weight="5" > alpine </wordcount>
    <wordcount weight="5" > we </wordcount>
    <wordcount weight="5" > sometimes </wordcount>
    <wordcount weight="5" > figure </wordcount>
    <wordcount weight="5" > ecological </wordcount>
    <wordcount weight="5" > widths </wordcount>
    <wordcount weight="5" > ie </wordcount>
    <wordcount weight="5" > sinnott </wordcount>
    <wordcount weight="5" > set </wordcount>
    <wordcount weight="5" > defining </wordcount>
    <wordcount weight="5" > paper </wordcount>
    <wordcount weight="5" > refinements </wordcount>
    <wordcount weight="5" > ar </wordcount>
    <wordcount weight="5" > explanations </wordcount>
    <wordcount weight="5" > combined </wordcount>
    <wordcount weight="5" > physiology </wordcount>
    <wordcount weight="5" > selected </wordcount>
    <wordcount weight="5" > while </wordcount>
    <wordcount weight="5" > question </wordcount>
    <wordcount weight="5" > include </wordcount>
    <wordcount weight="5" > plentiful </wordcount>
    <wordcount weight="5" > comparison </wordcount>
    <wordcount weight="5" > potential </wordcount>
    <wordcount weight="5" > vary </wordcount>
    <wordcount weight="5" > hypothesis </wordcount>
    <wordcount weight="4" > difficult </wordcount>
    <wordcount weight="4" > represent </wordcount>
    <wordcount weight="4" > alone </wordcount>
    <wordcount weight="4" > expect </wordcount>
    <wordcount weight="4" > ways </wordcount>
    <wordcount weight="4" > amphistomatous </wordcount>
    <wordcount weight="4" > considerations </wordcount>
    <wordcount weight="4" > predicting </wordcount>
    <wordcount weight="4" > diffusion </wordcount>
    <wordcount weight="4" > season </wordcount>
    <wordcount weight="4" > reach </wordcount>
    <wordcount weight="4" > advantage </wordcount>
    <wordcount weight="4" > follows </wordcount>
    <wordcount weight="4" > able </wordcount>
    <wordcount weight="4" > procedure </wordcount>
    <wordcount weight="4" > real </wordcount>
    <wordcount weight="4" > growing </wordcount>
    <wordcount weight="4" > capacity </wordcount>
    <wordcount weight="4" > carbohydrate </wordcount>
    <wordcount weight="4" > vol </wordcount>
    <wordcount weight="4" > functions </wordcount>
    <wordcount weight="4" > variations </wordcount>
    <wordcount weight="4" > far </wordcount>
    <wordcount weight="4" > genetic </wordcount>
    <wordcount weight="4" > goal </wordcount>
    <wordcount weight="4" > expts </wordcount>
    <wordcount weight="4" > against </wordcount>
    <wordcount weight="4" > ability </wordcount>
    <wordcount weight="4" > occurs </wordcount>
    <wordcount weight="4" > simplest </wordcount>
    <wordcount weight="4" > difficulty </wordcount>
    <wordcount weight="4" > apparently </wordcount>
    <wordcount weight="4" > castro </wordcount>
    <wordcount weight="4" > jarvis </wordcount>
    <wordcount weight="4" > mechanisms </wordcount>
    <wordcount weight="4" > whose </wordcount>
    <wordcount weight="4" > unit </wordcount>
    <wordcount weight="4" > taller </wordcount>
    <wordcount weight="4" > altitude </wordcount>
    <wordcount weight="4" > without </wordcount>
    <wordcount weight="4" > too </wordcount>
    <wordcount weight="4" > show </wordcount>
    <wordcount weight="4" > biometeorol </wordcount>
    <wordcount weight="4" > energy </wordcount>
    <wordcount weight="4" > absolute </wordcount>
    <wordcount weight="4" > governing </wordcount>
    <wordcount weight="4" > influenced </wordcount>
    <wordcount weight="4" > gained </wordcount>
    <wordcount weight="4" > directly </wordcount>
    <wordcount weight="4" > basis </wordcount>
    <wordcount weight="4" > rm </wordcount>
    <wordcount weight="4" > whole </wordcount>
    <wordcount weight="4" > mathematical </wordcount>
    <wordcount weight="4" > outdoors </wordcount>
    <wordcount weight="4" > slatyer </wordcount>
    <wordcount weight="4" > below </wordcount>
    <wordcount weight="4" > regardless </wordcount>
    <wordcount weight="4" > few </wordcount>
    <wordcount weight="4" > highly </wordcount>
    <wordcount weight="4" > vein </wordcount>
    <wordcount weight="4" > partially </wordcount>
    <wordcount weight="4" > reduced </wordcount>
    <wordcount weight="4" > curves </wordcount>
    <wordcount weight="4" > limited </wordcount>
    <wordcount weight="4" > reduce </wordcount>
    <wordcount weight="4" > tends </wordcount>
    <wordcount weight="4" > represents </wordcount>
    <wordcount weight="4" > thought </wordcount>
    <wordcount weight="4" > serve </wordcount>
    <wordcount weight="4" > rain </wordcount>
    <wordcount weight="4" > complete </wordcount>
    <wordcount weight="4" > science </wordcount>
    <wordcount weight="4" > technique </wordcount>
    <wordcount weight="4" > shows </wordcount>
    <wordcount weight="4" > conclusions </wordcount>
    <wordcount weight="4" > rashevsky </wordcount>
    <wordcount weight="4" > minimizing </wordcount>
    <wordcount weight="4" > survive </wordcount>
    <wordcount weight="4" > examples </wordcount>
    <wordcount weight="4" > considering </wordcount>
    <wordcount weight="4" > helps </wordcount>
    <wordcount weight="4" > desert </wordcount>
    <wordcount weight="4" > trend </wordcount>
    <wordcount weight="4" > agric </wordcount>
    <wordcount weight="4" > held </wordcount>
    <wordcount weight="4" > obtained </wordcount>
    <wordcount weight="4" > int </wordcount>
    <wordcount weight="4" > cpv </wordcount>
    <wordcount weight="4" > problems </wordcount>
    <wordcount weight="4" > although </wordcount>
    <wordcount weight="4" > systems </wordcount>
    <wordcount weight="4" > let </wordcount>
    <wordcount weight="4" > ann </wordcount>
    <wordcount weight="4" > oak </wordcount>
    <wordcount weight="4" > slightly </wordcount>
    <wordcount weight="4" > tendency </wordcount>
    <wordcount weight="4" > limiting </wordcount>
    <wordcount weight="4" > yields </wordcount>
    <wordcount weight="4" > proc </wordcount>
    <wordcount weight="4" > why </wordcount>
    <wordcount weight="4" > night </wordcount>
    <wordcount weight="4" > pressures </wordcount>
    <wordcount weight="4" > biology </wordcount>
    <wordcount weight="4" > demonstrate </wordcount>
    <wordcount weight="4" > simply </wordcount>
    <wordcount weight="4" > ever </wordcount>
    <wordcount weight="4" > denoted </wordcount>
    <wordcount weight="4" > teleological </wordcount>
    <wordcount weight="4" > iii </wordcount>
    <wordcount weight="4" > tunnels </wordcount>
    <wordcount weight="4" > theory </wordcount>
    <wordcount weight="4" > problem </wordcount>
    <wordcount weight="4" > yield </wordcount>
    <wordcount weight="4" > information </wordcount>
    <wordcount weight="4" > arguments </wordcount>
    <wordcount weight="4" > think </wordcount>
    <wordcount weight="4" > layers </wordcount>
    <wordcount weight="4" > survival </wordcount>
    <wordcount weight="4" > explanation </wordcount>
    <wordcount weight="4" > fecundity </wordcount>
    <wordcount weight="4" > evidence </wordcount>
    <wordcount weight="4" > meteorol </wordcount>
    <wordcount weight="4" > optimization </wordcount>
    <wordcount weight="4" > measured </wordcount>
    <wordcount weight="4" > storey </wordcount>
    <wordcount weight="3" > now </wordcount>
    <wordcount weight="3" > per </wordcount>
    <wordcount weight="3" > laminar </wordcount>
    <wordcount weight="3" > live </wordcount>
    <wordcount weight="3" > potentials </wordcount>
    <wordcount weight="3" > organic </wordcount>
    <wordcount weight="3" > fraction </wordcount>
    <wordcount weight="3" > every </wordcount>
    <wordcount weight="3" > certainly </wordcount>
    <wordcount weight="3" > principles </wordcount>
    <wordcount weight="3" > together </wordcount>
    <wordcount weight="3" > great </wordcount>
    <wordcount weight="3" > take </wordcount>
    <wordcount weight="3" > efficiently </wordcount>
    <wordcount weight="3" > help </wordcount>
    <wordcount weight="3" > somewhat </wordcount>
    <wordcount weight="3" > stand </wordcount>
    <wordcount weight="3" > opposite </wordcount>
    <wordcount weight="3" > circumvent </wordcount>
    <wordcount weight="3" > uu </wordcount>
    <wordcount weight="3" > side </wordcount>
    <wordcount weight="3" > depending </wordcount>
    <wordcount weight="3" > say </wordcount>
    <wordcount weight="3" > x </wordcount>
    <wordcount weight="3" > along </wordcount>
    <wordcount weight="3" > framework </wordcount>
    <wordcount weight="3" > throughout </wordcount>
    <wordcount weight="3" > review </wordcount>
    <wordcount weight="3" > points </wordcount>
    <wordcount weight="3" > bailey </wordcount>
    <wordcount weight="3" > relatively </wordcount>
    <wordcount weight="3" > turn </wordcount>
    <wordcount weight="3" > elements </wordcount>
    <wordcount weight="3" > stored </wordcount>
    <wordcount weight="3" > minus </wordcount>
    <wordcount weight="3" > applying </wordcount>
    <wordcount weight="3" > compare </wordcount>
    <wordcount weight="3" > like </wordcount>
    <wordcount weight="3" > spite </wordcount>
    <wordcount weight="3" > poorly </wordcount>
    <wordcount weight="3" > selectively </wordcount>
    <wordcount weight="3" > interesting </wordcount>
    <wordcount weight="3" > tt </wordcount>
    <wordcount weight="3" > explicit </wordcount>
    <wordcount weight="3" > supports </wordcount>
    <wordcount weight="3" > presumably </wordcount>
    <wordcount weight="3" > warren </wordcount>
    <wordcount weight="3" > just </wordcount>
    <wordcount weight="3" > boyer </wordcount>
    <wordcount weight="3" > situations </wordcount>
    <wordcount weight="3" > follow </wordcount>
    <wordcount weight="3" > consequence </wordcount>
    <wordcount weight="3" > opening </wordcount>
    <wordcount weight="3" > yielding </wordcount>
    <wordcount weight="3" > lead </wordcount>
    <wordcount weight="3" > symbolically </wordcount>
    <wordcount weight="3" > theophrastus </wordcount>
    <wordcount weight="3" > term </wordcount>
    <wordcount weight="3" > equally </wordcount>
    <wordcount weight="3" > required </wordcount>
    <wordcount weight="3" > wide </wordcount>
    <wordcount weight="3" > exp </wordcount>
    <wordcount weight="3" > london </wordcount>
    <wordcount weight="3" > describe </wordcount>
    <wordcount weight="3" > place </wordcount>
    <wordcount weight="3" > broad </wordcount>
    <wordcount weight="3" > blade </wordcount>
    <wordcount weight="3" > good </wordcount>
    <wordcount weight="3" > correct </wordcount>
    <wordcount weight="3" > simpler </wordcount>
    <wordcount weight="3" > next </wordcount>
    <wordcount weight="3" > order </wordcount>
    <wordcount weight="3" > involved </wordcount>
    <wordcount weight="3" > acts </wordcount>
    <wordcount weight="3" > yielded </wordcount>
    <wordcount weight="3" > division </wordcount>
    <wordcount weight="3" > organs </wordcount>
    <wordcount weight="3" > value </wordcount>
    <wordcount weight="3" > am </wordcount>
    <wordcount weight="3" > units </wordcount>
    <wordcount weight="3" > observations </wordcount>
    <wordcount weight="3" > expansion </wordcount>
    <wordcount weight="3" > controls </wordcount>
    <wordcount weight="3" > positive </wordcount>
    <wordcount weight="3" > power </wordcount>
    <wordcount weight="3" > toward </wordcount>
    <wordcount weight="3" > addition </wordcount>
    <wordcount weight="3" > valid </wordcount>
    <wordcount weight="3" > consideration </wordcount>
    <wordcount weight="3" > minimize </wordcount>
    <wordcount weight="3" > v </wordcount>
    <wordcount weight="3" > ground </wordcount>
    <wordcount weight="3" > lobed </wordcount>
    <wordcount weight="3" > see </wordcount>
    <wordcount weight="3" > balance </wordcount>
    <wordcount weight="3" > disagree </wordcount>
    <wordcount weight="3" > including </wordcount>
    <wordcount weight="3" > confidence </wordcount>
    <wordcount weight="3" > chosen </wordcount>
    <wordcount weight="3" > theoretical </wordcount>
    <wordcount weight="3" > significance </wordcount>
    <wordcount weight="3" > sensitivity </wordcount>
    <wordcount weight="3" > period </wordcount>
    <wordcount weight="3" > maximize </wordcount>
    <wordcount weight="3" > probable </wordcount>
    <wordcount weight="3" > evolutionary </wordcount>
    <wordcount weight="3" > normal </wordcount>
    <wordcount weight="3" > enzymes </wordcount>
    <wordcount weight="3" > five </wordcount>
    <wordcount weight="3" > reasonable </wordcount>
    <wordcount weight="3" > thermal </wordcount>
    <wordcount weight="3" > ecol </wordcount>
    <wordcount weight="3" > dimensions </wordcount>
    <wordcount weight="3" > who </wordcount>
    <wordcount weight="3" > lost </wordcount>
    <wordcount weight="3" > wilson </wordcount>
    <wordcount weight="3" > magnitude </wordcount>
    <wordcount weight="3" > known </wordcount>
    <wordcount weight="3" > brazilian </wordcount>
    <wordcount weight="3" > best </wordcount>
    <wordcount weight="3" > obviously </wordcount>
    <wordcount weight="3" > perfectly </wordcount>
    <wordcount weight="3" > according </wordcount>
    <wordcount weight="3" > namely </wordcount>
    <wordcount weight="3" > oxygen </wordcount>
    <wordcount weight="3" > reported </wordcount>
    <wordcount weight="3" > affecting </wordcount>
    <wordcount weight="3" > measure </wordcount>
    <wordcount weight="3" > contribute </wordcount>
    <wordcount weight="3" > divided </wordcount>
    <wordcount weight="3" > isolated </wordcount>
    <wordcount weight="3" > inefficient </wordcount>
    <wordcount weight="3" > models </wordcount>
    <wordcount weight="3" > years </wordcount>
    <wordcount weight="3" > efficient </wordcount>
    <wordcount weight="3" > width </wordcount>
    <wordcount weight="3" > early </wordcount>
    <wordcount weight="3" > deposition </wordcount>
    <wordcount weight="3" > slavik </wordcount>
    <wordcount weight="3" > comparable </wordcount>
    <wordcount weight="3" > recent </wordcount>
    <wordcount weight="3" > col </wordcount>
    <wordcount weight="3" > dt </wordcount>
    <wordcount weight="2" > der </wordcount>
    <wordcount weight="2" > zero </wordcount>
    <wordcount weight="2" > tropics </wordcount>
    <wordcount weight="2" > extreme </wordcount>
    <wordcount weight="2" > physiologia </wordcount>
    <wordcount weight="2" > subspaces </wordcount>
    <wordcount weight="2" > introduction </wordcount>
    <wordcount weight="2" > hot </wordcount>
    <wordcount weight="2" > complex </wordcount>
    <wordcount weight="2" > he </wordcount>
    <wordcount weight="2" > conducting </wordcount>
    <wordcount weight="2" > word </wordcount>
    <wordcount weight="2" > flowering </wordcount>
    <wordcount weight="2" > strictly </wordcount>
    <wordcount weight="2" > ontogeny </wordcount>
    <wordcount weight="2" > former </wordcount>
    <wordcount weight="2" > reasonably </wordcount>
    <wordcount weight="2" > individually </wordcount>
    <wordcount weight="2" > root </wordcount>
    <wordcount weight="2" > fluctuations </wordcount>
    <wordcount weight="2" > hypoor </wordcount>
    <wordcount weight="2" > microhabitats </wordcount>
    <wordcount weight="2" > coexist </wordcount>
    <wordcount weight="2" > biomet </wordcount>
    <wordcount weight="2" > give </wordcount>
    <wordcount weight="2" > falsi </wordcount>
    <wordcount weight="2" > attempt </wordcount>
    <wordcount weight="2" > words </wordcount>
    <wordcount weight="2" > flowers </wordcount>
    <wordcount weight="2" > richards </wordcount>
    <wordcount weight="2" > producing </wordcount>
    <wordcount weight="2" > studied </wordcount>
    <wordcount weight="2" > biochim </wordcount>
    <wordcount weight="2" > feature </wordcount>
    <wordcount weight="2" > sunlit </wordcount>
    <wordcount weight="2" > emphasized </wordcount>
    <wordcount weight="2" > cowan </wordcount>
    <wordcount weight="2" > signs </wordcount>
    <wordcount weight="2" > dissolved </wordcount>
    <wordcount weight="2" > context </wordcount>
    <wordcount weight="2" > opatowski </wordcount>
    <wordcount weight="2" > proceed </wordcount>
    <wordcount weight="2" > moisture </wordcount>
    <wordcount weight="2" > recorded </wordcount>
    <wordcount weight="2" > primary </wordcount>
    <wordcount weight="2" > account </wordcount>
    <wordcount weight="2" > logical </wordcount>
    <wordcount weight="2" > condition </wordcount>
    <wordcount weight="2" > denominator </wordcount>
    <wordcount weight="2" > prove </wordcount>
    <wordcount weight="2" > move </wordcount>
    <wordcount weight="2" > optima </wordcount>
    <wordcount weight="2" > desired </wordcount>
    <wordcount weight="2" > supply </wordcount>
    <wordcount weight="2" > ignores </wordcount>
    <wordcount weight="2" > laws </wordcount>
    <wordcount weight="2" > algorithm </wordcount>
    <wordcount weight="2" > saguaro </wordcount>
    <wordcount weight="2" > fossil </wordcount>
    <wordcount weight="2" > interact </wordcount>
    <wordcount weight="2" > measurement </wordcount>
    <wordcount weight="2" > waxes </wordcount>
    <wordcount weight="2" > electromagnetic </wordcount>
    <wordcount weight="2" > controlled </wordcount>
    <wordcount weight="2" > differential </wordcount>
    <wordcount weight="2" > rv </wordcount>
    <wordcount weight="2" > manihot </wordcount>
    <wordcount weight="2" > explained </wordcount>
    <wordcount weight="2" > component </wordcount>
    <wordcount weight="2" > spectrum </wordcount>
    <wordcount weight="2" > diurnal </wordcount>
    <wordcount weight="2" > de </wordcount>
    <wordcount weight="2" > author </wordcount>
    <wordcount weight="2" > helianthus </wordcount>
    <wordcount weight="2" > humboldt </wordcount>
    <wordcount weight="2" > estimates </wordcount>
    <wordcount weight="2" > cases </wordcount>
    <wordcount weight="2" > extremum </wordcount>
    <wordcount weight="2" > holds </wordcount>
    <wordcount weight="2" > esser </wordcount>
    <wordcount weight="2" > allowing </wordcount>
    <wordcount weight="2" > unchanged </wordcount>
    <wordcount weight="2" > brackets </wordcount>
    <wordcount weight="2" > profit </wordcount>
    <wordcount weight="2" > rosen </wordcount>
    <wordcount weight="2" > explore </wordcount>
    <wordcount weight="2" > vice </wordcount>
    <wordcount weight="2" > deficits </wordcount>
    <wordcount weight="2" > operation </wordcount>
    <wordcount weight="2" > palaeobotanists </wordcount>
    <wordcount weight="2" > simplified </wordcount>
    <wordcount weight="2" > understands </wordcount>
    <wordcount weight="2" > act </wordcount>
    <wordcount weight="2" > dilemma </wordcount>
    <wordcount weight="2" > distinction </wordcount>
    <wordcount weight="2" > purely </wordcount>
    <wordcount weight="2" > qo </wordcount>
    <wordcount weight="2" > basic </wordcount>
    <wordcount weight="2" > represented </wordcount>
    <wordcount weight="2" > determining </wordcount>
    <wordcount weight="2" > proportion </wordcount>
    <wordcount weight="2" > special </wordcount>
    <wordcount weight="2" > lobes </wordcount>
    <wordcount weight="2" > animals </wordcount>
    <wordcount weight="2" > von </wordcount>
    <wordcount weight="2" > reason </wordcount>
    <wordcount weight="2" > modified </wordcount>
    <wordcount weight="2" > cpp </wordcount>
    <wordcount weight="2" > understand </wordcount>
    <wordcount weight="2" > hairs </wordcount>
    <wordcount weight="2" > statistical </wordcount>
    <wordcount weight="2" > artificial </wordcount>
    <wordcount weight="2" > floras </wordcount>
    <wordcount weight="2" > numbers </wordcount>
    <wordcount weight="2" > respiration </wordcount>
    <wordcount weight="2" > differs </wordcount>
    <wordcount weight="2" > commented </wordcount>
    <wordcount weight="2" > unsuitable </wordcount>
    <wordcount weight="2" > vaporization </wordcount>
    <wordcount weight="2" > ferns </wordcount>
    <wordcount weight="2" > genotypes </wordcount>
    <wordcount weight="2" > solve </wordcount>
    <wordcount weight="2" > crassulacean </wordcount>
    <wordcount weight="2" > suggested </wordcount>
    <wordcount weight="2" > cut </wordcount>
    <wordcount weight="2" > view </wordcount>
    <wordcount weight="2" > numerical </wordcount>
    <wordcount weight="2" > greater </wordcount>
    <wordcount weight="2" > ranges </wordcount>
    <wordcount weight="2" > moving </wordcount>
    <wordcount weight="2" > allow </wordcount>
    <wordcount weight="2" > six </wordcount>
    <wordcount weight="2" > determines </wordcount>
    <wordcount weight="2" > typical </wordcount>
    <wordcount weight="2" > nutrients </wordcount>
    <wordcount weight="2" > pass </wordcount>
    <wordcount weight="2" > relate </wordcount>
    <wordcount weight="2" > troughton </wordcount>
    <wordcount weight="2" > discs </wordcount>
    <wordcount weight="2" > fourth </wordcount>
    <wordcount weight="2" > absorption </wordcount>
    <wordcount weight="2" > neither </wordcount>
    <wordcount weight="2" > intensity </wordcount>
    <wordcount weight="2" > however </wordcount>
    <wordcount weight="2" > explored </wordcount>
    <wordcount weight="2" > aspects </wordcount>
    <wordcount weight="2" > improve </wordcount>
    <wordcount weight="2" > none </wordcount>
    <wordcount weight="2" > minimal </wordcount>
    <wordcount weight="2" > degrees </wordcount>
    <wordcount weight="2" > correctly </wordcount>
    <wordcount weight="2" > climb </wordcount>
    <wordcount weight="2" > responding </wordcount>
    <wordcount weight="2" > carries </wordcount>
    <wordcount weight="2" > locus </wordcount>
    <wordcount weight="2" > nearest </wordcount>
    <wordcount weight="2" > federov </wordcount>
    <wordcount weight="2" > rc </wordcount>
    <wordcount weight="2" > concept </wordcount>
    <wordcount weight="2" > differ </wordcount>
    <wordcount weight="2" > appreciable </wordcount>
    <wordcount weight="2" > proportions </wordcount>
    <wordcount weight="2" > closed </wordcount>
    <wordcount weight="2" > description </wordcount>
    <wordcount weight="2" > ten </wordcount>
    <wordcount weight="2" > actually </wordcount>
    <wordcount weight="2" > structures </wordcount>
    <wordcount weight="2" > rows </wordcount>
    <wordcount weight="2" > assimilated </wordcount>
    <wordcount weight="2" > surrounding </wordcount>
    <wordcount weight="2" > corollary </wordcount>
    <wordcount weight="2" > deeply </wordcount>
    <wordcount weight="2" > interpreted </wordcount>
    <wordcount weight="2" > status </wordcount>
    <wordcount weight="2" > attributed </wordcount>
    <wordcount weight="2" > whitehead </wordcount>
    <wordcount weight="2" > sense </wordcount>
    <wordcount weight="2" > describing </wordcount>
    <wordcount weight="2" > fulfilled </wordcount>
    <wordcount weight="2" > negligible </wordcount>
    <wordcount weight="2" > lowest </wordcount>
    <wordcount weight="2" > suggest </wordcount>
    <wordcount weight="2" > tested </wordcount>
    <wordcount weight="2" > le </wordcount>
    <wordcount weight="2" > emphasizes </wordcount>
    <wordcount weight="2" > reaches </wordcount>
    <wordcount weight="2" > sharp </wordcount>
    <wordcount weight="2" > orient </wordcount>
    <wordcount weight="2" > gases </wordcount>
    <wordcount weight="2" > intervals </wordcount>
    <wordcount weight="2" > axiom </wordcount>
    <wordcount weight="2" > shapes </wordcount>
    <wordcount weight="2" > adversely </wordcount>
    <wordcount weight="2" > choose </wordcount>
    <wordcount weight="2" > assimilate </wordcount>
    <wordcount weight="2" > climate </wordcount>
    <wordcount weight="2" > secretions </wordcount>
    <wordcount weight="2" > fully </wordcount>
    <wordcount weight="2" > generally </wordcount>
    <wordcount weight="2" > up </wordcount>
    <wordcount weight="2" > st </wordcount>
    <wordcount weight="2" > dropping </wordcount>
    <wordcount weight="2" > tallest </wordcount>
    <wordcount weight="2" > undesirable </wordcount>
    <wordcount weight="2" > geographical </wordcount>
    <wordcount weight="2" > pose </wordcount>
    <wordcount weight="2" > periods </wordcount>
    <wordcount weight="2" > annuus </wordcount>
    <wordcount weight="2" > portion </wordcount>
    <wordcount weight="2" > arrangement </wordcount>
    <wordcount weight="2" > variety </wordcount>
    <wordcount weight="2" > populations </wordcount>
    <wordcount weight="2" > indeed </wordcount>
    <wordcount weight="2" > play </wordcount>
    <wordcount weight="2" > indication </wordcount>
    <wordcount weight="2" > nearly </wordcount>
    <wordcount weight="2" > drops </wordcount>
    <wordcount weight="2" > object </wordcount>
    <wordcount weight="2" > intensively </wordcount>
    <wordcount weight="2" > still </wordcount>
    <wordcount weight="2" > newton </wordcount>
    <wordcount weight="2" > southern </wordcount>
    <wordcount weight="2" > suppose </wordcount>
    <wordcount weight="2" > kills </wordcount>
    <wordcount weight="2" > calculate </wordcount>
    <wordcount weight="2" > rs </wordcount>
    <wordcount weight="2" > blackbody </wordcount>
    <wordcount weight="2" > yet </wordcount>
    <wordcount weight="2" > howland </wordcount>
    <wordcount weight="2" > impens </wordcount>
    <wordcount weight="2" > tissues </wordcount>
    <wordcount weight="2" > mh </wordcount>
    <wordcount weight="2" > lemon </wordcount>
    <wordcount weight="2" > qc </wordcount>
    <wordcount weight="2" > evolved </wordcount>
    <wordcount weight="2" > selective </wordcount>
    <wordcount weight="2" > thesis </wordcount>
    <wordcount weight="2" > formalized </wordcount>
    <wordcount weight="2" > floor </wordcount>
    <wordcount weight="2" > already </wordcount>
    <wordcount weight="2" > tanner </wordcount>
    <wordcount weight="2" > department </wordcount>
    <wordcount weight="2" > harper </wordcount>
    <wordcount weight="2" > fill </wordcount>
    <wordcount weight="2" > milthorpe </wordcount>
    <wordcount weight="2" > members </wordcount>
    <wordcount weight="2" > others </wordcount>
    <wordcount weight="2" > flat </wordcount>
    <wordcount weight="2" > erect </wordcount>
    <wordcount weight="2" > crops </wordcount>
    <wordcount weight="2" > faster </wordcount>
    <wordcount weight="2" > areas </wordcount>
    <wordcount weight="2" > abstract </wordcount>
    <wordcount weight="2" > crop </wordcount>
    <wordcount weight="2" > geometrical </wordcount>
    <wordcount weight="2" > educated </wordcount>
    <wordcount weight="2" > habitat </wordcount>
    <wordcount weight="2" > omitted </wordcount>
    <wordcount weight="2" > subspace </wordcount>
    <wordcount weight="2" > seldom </wordcount>
    <wordcount weight="2" > external </wordcount>
    <wordcount weight="2" > reproductive </wordcount>
    <wordcount weight="2" > philippine </wordcount>
    <wordcount weight="2" > covered </wordcount>
    <wordcount weight="2" > trunks </wordcount>
    <wordcount weight="2" > developing </wordcount>
    <wordcount weight="2" > rh </wordcount>
    <wordcount weight="2" > necessary </wordcount>
    <wordcount weight="2" > chloroplast </wordcount>
    <wordcount weight="2" > vogel </wordcount>
    <wordcount weight="2" > remarkably </wordcount>
    <wordcount weight="2" > ecology </wordcount>
    <wordcount weight="2" > degree </wordcount>
    <wordcount weight="2" > doubled </wordcount>
    <wordcount weight="2" > calculation </wordcount>
    <wordcount weight="2" > local </wordcount>
    <wordcount weight="2" > spongy </wordcount>
    <wordcount weight="2" > classes </wordcount>
    <wordcount weight="2" > treated </wordcount>
    <wordcount weight="2" > cambridge </wordcount>
    <wordcount weight="2" > virgin </wordcount>
    <wordcount weight="2" > parameter </wordcount>
    <wordcount weight="2" > sufficiently </wordcount>
    <wordcount weight="2" > versa </wordcount>
    <wordcount weight="2" > hypotheses </wordcount>
    <wordcount weight="2" > largely </wordcount>
    <wordcount weight="2" > assume </wordcount>
    <wordcount weight="2" > dipterocarp </wordcount>
    <wordcount weight="2" > hour </wordcount>
    <wordcount weight="2" > evolving </wordcount>
    <wordcount weight="2" > described </wordcount>
    <wordcount weight="2" > reality </wordcount>
    <wordcount weight="2" > appreciably </wordcount>
    <wordcount weight="2" > mt </wordcount>
    <wordcount weight="2" > amounts </wordcount>
    <wordcount weight="2" > supplying </wordcount>
    <wordcount weight="2" > helpful </wordcount>
    <wordcount weight="2" > gates </wordcount>
    <wordcount weight="2" > analysing </wordcount>
    <wordcount weight="2" > raschke </wordcount>
    <wordcount weight="2" > lose </wordcount>
    <wordcount weight="2" > exchange </wordcount>
    <wordcount weight="2" > class </wordcount>
    <wordcount weight="2" > internal </wordcount>
    <wordcount weight="2" > respectively </wordcount>
    <wordcount weight="2" > guess </wordcount>
    <wordcount weight="2" > equivalent </wordcount>
    <wordcount weight="2" > evaluated </wordcount>
    <wordcount weight="2" > adaptive </wordcount>
    <wordcount weight="2" > regimes </wordcount>
    <wordcount weight="2" > concluded </wordcount>
    <wordcount weight="2" > applies </wordcount>
    <wordcount weight="2" > photorespiration </wordcount>
    <wordcount weight="2" > anatomy </wordcount>
    <wordcount weight="2" > derivative </wordcount>
    <wordcount weight="2" > separate </wordcount>
    <wordcount weight="2" > space </wordcount>
    <wordcount weight="2" > carried </wordcount>
    <wordcount weight="2" > bews </wordcount>
    <wordcount weight="2" > testable </wordcount>
    <wordcount weight="2" > saturation </wordcount>
    <wordcount weight="2" > lo </wordcount>
    <wordcount weight="2" > imply </wordcount>
    <wordcount weight="2" > regula </wordcount>
    <wordcount weight="2" > raise </wordcount>
    <wordcount weight="2" > dissected </wordcount>
    <wordcount weight="2" > interdependent </wordcount>
    <wordcount weight="2" > continued </wordcount>
    <wordcount weight="2" > dm </wordcount>
    <wordcount weight="2" > recall </wordcount>
    <wordcount weight="2" > wateruse </wordcount>
    <wordcount weight="2" > bulk </wordcount>
    <wordcount weight="2" > bowen </wordcount>
    <wordcount weight="2" > support </wordcount>
    <wordcount weight="2" > select </wordcount>
    <wordcount weight="2" > vertical </wordcount>
    <wordcount weight="2" > favour </wordcount>
    <wordcount weight="2" > disagreements </wordcount>
    <wordcount weight="2" > physiologically </wordcount>
    <wordcount weight="2" > phytol </wordcount>
    <wordcount weight="2" > contribution </wordcount>
    <wordcount weight="2" > maximizing </wordcount>
    <wordcount weight="2" > deals </wordcount>
    <wordcount weight="2" > length </wordcount>
    <wordcount weight="2" > combines </wordcount>
    <wordcount weight="2" > holmgren </wordcount>
    <wordcount weight="2" > wheeler </wordcount>
    <wordcount weight="2" > cr </wordcount>
    <wordcount weight="2" > transmittance </wordcount>
    <wordcount weight="2" > get </wordcount>
    <wordcount weight="2" > insight </wordcount>
    <wordcount weight="2" > unusual </wordcount>
    <wordcount weight="2" > completeness </wordcount>
    <wordcount weight="2" > res </wordcount>
    <wordcount weight="2" > detail </wordcount>
    <wordcount weight="2" > quantitative </wordcount>
    <wordcount weight="2" > mathematically </wordcount>
    <wordcount weight="2" > sections </wordcount>
    <wordcount weight="2" > stimulates </wordcount>
    <wordcount weight="2" > graphs </wordcount>
    <wordcount weight="2" > series </wordcount>
    <wordcount weight="2" > mentioned </wordcount>
    <wordcount weight="2" > changing </wordcount>
    <wordcount weight="2" > slope </wordcount>
    <wordcount weight="2" > fluctuating </wordcount>
    <wordcount weight="2" > cooled </wordcount>
    <wordcount weight="2" > text </wordcount>
    <wordcount weight="2" > trunk </wordcount>
    <wordcount weight="2" > stem </wordcount>
    <wordcount weight="2" > correspond </wordcount>
    <wordcount weight="2" > grow </wordcount>
    <wordcount weight="2" > coupling </wordcount>
    <wordcount weight="2" > argue </wordcount>
    <wordcount weight="2" > cooling </wordcount>
    <wordcount weight="2" > humphries </wordcount>
    <wordcount weight="2" > specify </wordcount>
    <wordcount weight="2" > past </wordcount>
    <wordcount weight="2" > closest </wordcount>
    <wordcount weight="2" > numerator </wordcount>
    <wordcount weight="2" > thompson </wordcount>
    <wordcount weight="2" > phd </wordcount>
    <wordcount weight="2" > emissivity </wordcount>
    <wordcount weight="2" > reactions </wordcount>
    <wordcount weight="2" > spatial </wordcount>
    <wordcount weight="2" > terms </wordcount>
    <wordcount weight="2" > list </wordcount>
    <wordcount weight="2" > cause </wordcount>
    <wordcount weight="2" > extent </wordcount>
    <wordcount weight="2" > always </wordcount>
    <wordcount weight="2" > mechanistic </wordcount>
    <wordcount weight="2" > convecting </wordcount>
    <wordcount weight="2" > crown </wordcount>
    <wordcount weight="2" > multiple </wordcount>
    <wordcount weight="2" > slopes </wordcount>
    <wordcount weight="2" > atmospheric </wordcount>
    <wordcount weight="2" > diffusive </wordcount>
    <wordcount weight="2" > die </wordcount>
    <wordcount weight="2" > subject </wordcount>
    <wordcount weight="2" > hyperspace </wordcount>
    <wordcount weight="2" > everywhere </wordcount>
    <wordcount weight="2" > describes </wordcount>
    <wordcount weight="2" > phenomenon </wordcount>
    <wordcount weight="2" > allows </wordcount>
    <wordcount weight="2" > metabolic </wordcount>
    <wordcount weight="2" > maintained </wordcount>
    <wordcount weight="2" > aspect </wordcount>
    <wordcount weight="2" > cp </wordcount>
    <wordcount weight="2" > come </wordcount>
    <wordcount weight="2" > palisade </wordcount>
    <wordcount weight="2" > wild </wordcount>
    <wordcount weight="2" > argument </wordcount>
    <wordcount weight="2" > fi </wordcount>
    <wordcount weight="2" > transpirationd </wordcount>
    <wordcount weight="2" > physicists </wordcount>
    <wordcount weight="2" > hormones </wordcount>
    <wordcount weight="2" > similarity </wordcount>
    <wordcount weight="2" > biochemical </wordcount>
    <wordcount weight="2" > write </wordcount>
    <wordcount weight="2" > leavesd </wordcount>
    <wordcount weight="2" > dense </wordcount>
    <wordcount weight="2" > states </wordcount>
    <wordcount weight="2" > anatomical </wordcount>
    <wordcount weight="2" > gentry </wordcount>
    <wordcount weight="2" > off </wordcount>
    <wordcount weight="2" > phenotypes </wordcount>
    <wordcount weight="2" > summary </wordcount>
    <wordcount weight="2" > enclosed </wordcount>
    <wordcount weight="2" > ambient </wordcount>
    <wordcount weight="2" > dh </wordcount>
    <wordcount weight="2" > physiognomic </wordcount>
    <wordcount weight="2" > point </wordcount>
    <wordcount weight="2" > partial </wordcount>
    <wordcount weight="2" > evidently </wordcount>
    <wordcount weight="2" > propagules </wordcount>
    <wordcount weight="2" > characters </wordcount>
    <wordcount weight="2" > among </wordcount>
    <wordcount weight="2" > whenever </wordcount>
    <wordcount weight="2" > broader </wordcount>
    <wordcount weight="2" > doing </wordcount>
    <wordcount weight="2" > termed </wordcount>
    <wordcount weight="2" > close </wordcount>
    <wordcount weight="2" > tube </wordcount>
    <wordcount weight="1" > bernard </wordcount>
    <wordcount weight="1" > winds </wordcount>
    <wordcount weight="1" > modelling </wordcount>
    <wordcount weight="1" > mostly </wordcount>
    <wordcount weight="1" > ohms </wordcount>
    <wordcount weight="1" > horizontal </wordcount>
    <wordcount weight="1" > common </wordcount>
    <wordcount weight="1" > estimated </wordcount>
    <wordcount weight="1" > succulent </wordcount>
    <wordcount weight="1" > later </wordcount>
    <wordcount weight="1" > substances </wordcount>
    <wordcount weight="1" > generated </wordcount>
    <wordcount weight="1" > fireresistant </wordcount>
    <wordcount weight="1" > xeromorphic </wordcount>
    <wordcount weight="1" > reconsidered </wordcount>
    <wordcount weight="1" > heights </wordcount>
    <wordcount weight="1" > conicum </wordcount>
    <wordcount weight="1" > trans </wordcount>
    <wordcount weight="1" > canopy </wordcount>
    <wordcount weight="1" > likewise </wordcount>
    <wordcount weight="1" > biologicalprototypes </wordcount>
    <wordcount weight="1" > needed </wordcount>
    <wordcount weight="1" > prediction </wordcount>
    <wordcount weight="1" > designed </wordcount>
    <wordcount weight="1" > diurnally </wordcount>
    <wordcount weight="1" > habitats </wordcount>
    <wordcount weight="1" > rounded </wordcount>
    <wordcount weight="1" > arv </wordcount>
    <wordcount weight="1" > approaches </wordcount>
    <wordcount weight="1" > oliviera </wordcount>
    <wordcount weight="1" > inconsistent </wordcount>
    <wordcount weight="1" > sunflower </wordcount>
    <wordcount weight="1" > appl </wordcount>
    <wordcount weight="1" > factorialdesign </wordcount>
    <wordcount weight="1" > foliage </wordcount>
    <wordcount weight="1" > decade </wordcount>
    <wordcount weight="1" > comparisons </wordcount>
    <wordcount weight="1" > justified </wordcount>
    <wordcount weight="1" > character </wordcount>
    <wordcount weight="1" > microclimate </wordcount>
    <wordcount weight="1" > cornell </wordcount>
    <wordcount weight="1" > accentuated </wordcount>
    <wordcount weight="1" > assisted </wordcount>
    <wordcount weight="1" > steeply </wordcount>
    <wordcount weight="1" > exceptions </wordcount>
    <wordcount weight="1" > source </wordcount>
    <wordcount weight="1" > properties </wordcount>
    <wordcount weight="1" > test </wordcount>
    <wordcount weight="1" > cutting </wordcount>
    <wordcount weight="1" > geophyte </wordcount>
    <wordcount weight="1" > cast </wordcount>
    <wordcount weight="1" > stressed </wordcount>
    <wordcount weight="1" > posed </wordcount>
    <wordcount weight="1" > fia </wordcount>
    <wordcount weight="1" > qs </wordcount>
    <wordcount weight="1" > evaporated </wordcount>
    <wordcount weight="1" > utilization </wordcount>
    <wordcount weight="1" > maximov </wordcount>
    <wordcount weight="1" > definition </wordcount>
    <wordcount weight="1" > height </wordcount>
    <wordcount weight="1" > fractional </wordcount>
    <wordcount weight="1" > twenty </wordcount>
    <wordcount weight="1" > secondary </wordcount>
    <wordcount weight="1" > vleaf </wordcount>
    <wordcount weight="1" > warm </wordcount>
    <wordcount weight="1" > thank </wordcount>
    <wordcount weight="1" > proves </wordcount>
    <wordcount weight="1" > lh </wordcount>
    <wordcount weight="1" > niche </wordcount>
    <wordcount weight="1" > ober </wordcount>
    <wordcount weight="1" > utilissima </wordcount>
    <wordcount weight="1" > state </wordcount>
    <wordcount weight="1" > soc </wordcount>
    <wordcount weight="1" > wet </wordcount>
    <wordcount weight="1" > classified </wordcount>
    <wordcount weight="1" > heating </wordcount>
    <wordcount weight="1" > case </wordcount>
    <wordcount weight="1" > pl </wordcount>
    <wordcount weight="1" > decimetres </wordcount>
    <wordcount weight="1" > existence </wordcount>
    <wordcount weight="1" > linear </wordcount>
    <wordcount weight="1" > owing </wordcount>
    <wordcount weight="1" > hr </wordcount>
    <wordcount weight="1" > iv </wordcount>
    <wordcount weight="1" > integrals </wordcount>
    <wordcount weight="1" > acad </wordcount>
    <wordcount weight="1" > zur </wordcount>
    <wordcount weight="1" > indirectly </wordcount>
    <wordcount weight="1" > monocotyledonous </wordcount>
    <wordcount weight="1" > den </wordcount>
    <wordcount weight="1" > xeromorphy </wordcount>
    <wordcount weight="1" > slight </wordcount>
    <wordcount weight="1" > alter </wordcount>
    <wordcount weight="1" > except </wordcount>
    <wordcount weight="1" > pairs </wordcount>
    <wordcount weight="1" > indicating </wordcount>
    <wordcount weight="1" > desirable </wordcount>
    <wordcount weight="1" > bottom </wordcount>
    <wordcount weight="1" > representing </wordcount>
    <wordcount weight="1" > correlation </wordcount>
    <wordcount weight="1" > temperatur </wordcount>
    <wordcount weight="1" > leopoldina </wordcount>
    <wordcount weight="1" > beneath </wordcount>
    <wordcount weight="1" > letter </wordcount>
    <wordcount weight="1" > ross </wordcount>
    <wordcount weight="1" > gardner </wordcount>
    <wordcount weight="1" > modelled </wordcount>
    <wordcount weight="1" > lewontin </wordcount>
    <wordcount weight="1" > veins </wordcount>
    <wordcount weight="1" > microclimates </wordcount>
    <wordcount weight="1" > ith </wordcount>
    <wordcount weight="1" > proceeded </wordcount>
    <wordcount weight="1" > severe </wordcount>
    <wordcount weight="1" > difficulties </wordcount>
    <wordcount weight="1" > development </wordcount>
    <wordcount weight="1" > run </wordcount>
    <wordcount weight="1" > visualized </wordcount>
    <wordcount weight="1" > inhibition </wordcount>
    <wordcount weight="1" > swamped </wordcount>
    <wordcount weight="1" > prague </wordcount>
    <wordcount weight="1" > genotype </wordcount>
    <wordcount weight="1" > corner </wordcount>
    <wordcount weight="1" > interest </wordcount>
    <wordcount weight="1" > characteristic </wordcount>
    <wordcount weight="1" > acta </wordcount>
    <wordcount weight="1" > bipinnatifid </wordcount>
    <wordcount weight="1" > grouped </wordcount>
    <wordcount weight="1" > ds </wordcount>
    <wordcount weight="1" > sample </wordcount>
    <wordcount weight="1" > fenn </wordcount>
    <wordcount weight="1" > rinehard </wordcount>
    <wordcount weight="1" > economical </wordcount>
    <wordcount weight="1" > distinct </wordcount>
    <wordcount weight="1" > speculative </wordcount>
    <wordcount weight="1" > hyperspaceare </wordcount>
    <wordcount weight="1" > andd </wordcount>
    <wordcount weight="1" > amount </wordcount>
    <wordcount weight="1" > intensities </wordcount>
    <wordcount weight="1" > herbaceous </wordcount>
    <wordcount weight="1" > gradients </wordcount>
    <wordcount weight="1" > highest </wordcount>
    <wordcount weight="1" > parkhurstt </wordcount>
    <wordcount weight="1" > physics </wordcount>
    <wordcount weight="1" > contributes </wordcount>
    <wordcount weight="1" > diffusionswiderstande </wordcount>
    <wordcount weight="1" > brace </wordcount>
    <wordcount weight="1" > compared </wordcount>
    <wordcount weight="1" > twice </wordcount>
    <wordcount weight="1" > genetics </wordcount>
    <wordcount weight="1" > pure </wordcount>
    <wordcount weight="1" > y </wordcount>
    <wordcount weight="1" > application </wordcount>
    <wordcount weight="1" > look </wordcount>
    <wordcount weight="1" > morphogenetic </wordcount>
    <wordcount weight="1" > pennsylvania </wordcount>
    <wordcount weight="1" > symp </wordcount>
    <wordcount weight="1" > acted </wordcount>
    <wordcount weight="1" > grasp </wordcount>
    <wordcount weight="1" > costa </wordcount>
    <wordcount weight="1" > speeds </wordcount>
    <wordcount weight="1" > via </wordcount>
    <wordcount weight="1" > eines </wordcount>
    <wordcount weight="1" > adequate </wordcount>
    <wordcount weight="1" > windy </wordcount>
    <wordcount weight="1" > his </wordcount>
    <wordcount weight="1" > arising </wordcount>
    <wordcount weight="1" > cushions </wordcount>
    <wordcount weight="1" > elucidations </wordcount>
    <wordcount weight="1" > poses </wordcount>
    <wordcount weight="1" > suffer </wordcount>
    <wordcount weight="1" > dealt </wordcount>
    <wordcount weight="1" > monogr </wordcount>
    <wordcount weight="1" > mile </wordcount>
    <wordcount weight="1" > implicit </wordcount>
    <wordcount weight="1" > ns </wordcount>
    <wordcount weight="1" > lamented </wordcount>
    <wordcount weight="1" > microsc </wordcount>
    <wordcount weight="1" > fat </wordcount>
    <wordcount weight="1" > assuming </wordcount>
    <wordcount weight="1" > white </wordcount>
    <wordcount weight="1" > summarized </wordcount>
    <wordcount weight="1" > limitation </wordcount>
    <wordcount weight="1" > extremes </wordcount>
    <wordcount weight="1" > supposed </wordcount>
    <wordcount weight="1" > lea </wordcount>
    <wordcount weight="1" > fn </wordcount>
    <wordcount weight="1" > mrs </wordcount>
    <wordcount weight="1" > parentheses </wordcount>
    <wordcount weight="1" > lar </wordcount>
    <wordcount weight="1" > cryptophytes </wordcount>
    <wordcount weight="1" > modeld </wordcount>
    <wordcount weight="1" > possibly </wordcount>
    <wordcount weight="1" > exponential </wordcount>
    <wordcount weight="1" > ms </wordcount>
    <wordcount weight="1" > amphior </wordcount>
    <wordcount weight="1" > additive </wordcount>
    <wordcount weight="1" > vapor </wordcount>
    <wordcount weight="1" > horizontally </wordcount>
    <wordcount weight="1" > store </wordcount>
    <wordcount weight="1" > thisd </wordcount>
    <wordcount weight="1" > shorter </wordcount>
    <wordcount weight="1" > followed </wordcount>
    <wordcount weight="1" > neales </wordcount>
    <wordcount weight="1" > reconsideration </wordcount>
    <wordcount weight="1" > plenum </wordcount>
    <wordcount weight="1" > lu </wordcount>
    <wordcount weight="1" > restriction </wordcount>
    <wordcount weight="1" > helped </wordcount>
    <wordcount weight="1" > tu </wordcount>
    <wordcount weight="1" > providing </wordcount>
    <wordcount weight="1" > differently </wordcount>
    <wordcount weight="1" > oblique </wordcount>
    <wordcount weight="1" > stands </wordcount>
    <wordcount weight="1" > liana </wordcount>
    <wordcount weight="1" > ha </wordcount>
    <wordcount weight="1" > fluid </wordcount>
    <wordcount weight="1" > clements </wordcount>
    <wordcount weight="1" > hhdhhh </wordcount>
    <wordcount weight="1" > expressed </wordcount>
    <wordcount weight="1" > physiologiapl </wordcount>
    <wordcount weight="1" > simplifying </wordcount>
    <wordcount weight="1" > appearance </wordcount>
    <wordcount weight="1" > rl </wordcount>
    <wordcount weight="1" > color </wordcount>
    <wordcount weight="1" > traditionally </wordcount>
    <wordcount weight="1" > cell </wordcount>
    <wordcount weight="1" > discrete </wordcount>
    <wordcount weight="1" > effort </wordcount>
    <wordcount weight="1" > international </wordcount>
    <wordcount weight="1" > graphically </wordcount>
    <wordcount weight="1" > zone </wordcount>
    <wordcount weight="1" > approximation </wordcount>
    <wordcount weight="1" > constantly </wordcount>
    <wordcount weight="1" > almost </wordcount>
    <wordcount weight="1" > attained </wordcount>
    <wordcount weight="1" > base </wordcount>
    <wordcount weight="1" > linacre </wordcount>
    <wordcount weight="1" > czech </wordcount>
    <wordcount weight="1" > big </wordcount>
    <wordcount weight="1" > late </wordcount>
    <wordcount weight="1" > academic </wordcount>
    <wordcount weight="1" > though </wordcount>
    <wordcount weight="1" > physiol </wordcount>
    <wordcount weight="1" > kac </wordcount>
    <wordcount weight="1" > recently </wordcount>
    <wordcount weight="1" > produced </wordcount>
    <wordcount weight="1" > criterion </wordcount>
    <wordcount weight="1" > cannot </wordcount>
    <wordcount weight="1" > incoll </wordcount>
    <wordcount weight="1" > appearing </wordcount>
    <wordcount weight="1" > otherwise </wordcount>
    <wordcount weight="1" > placed </wordcount>
    <wordcount weight="1" > numerous </wordcount>
    <wordcount weight="1" > acknowledgments </wordcount>
    <wordcount weight="1" > near </wordcount>
    <wordcount weight="1" > briefly </wordcount>
    <wordcount weight="1" > torn </wordcount>
    <wordcount weight="1" > failure </wordcount>
    <wordcount weight="1" > phytosociological </wordcount>
    <wordcount weight="1" > artifacts </wordcount>
    <wordcount weight="1" > minute </wordcount>
    <wordcount weight="1" > rtos </wordcount>
    <wordcount weight="1" > industrial </wordcount>
    <wordcount weight="1" > carry </wordcount>
    <wordcount weight="1" > favourable </wordcount>
    <wordcount weight="1" > breeding </wordcount>
    <wordcount weight="1" > ahj </wordcount>
    <wordcount weight="1" > dover </wordcount>
    <wordcount weight="1" > knowledge </wordcount>
    <wordcount weight="1" > criticized </wordcount>
    <wordcount weight="1" > migrated </wordcount>
    <wordcount weight="1" > shoots </wordcount>
    <wordcount weight="1" > editorial </wordcount>
    <wordcount weight="1" > contains </wordcount>
    <wordcount weight="1" > records </wordcount>
    <wordcount weight="1" > graner </wordcount>
    <wordcount weight="1" > airspeeds </wordcount>
    <wordcount weight="1" > tair </wordcount>
    <wordcount weight="1" > somewhere </wordcount>
    <wordcount weight="1" > lianas </wordcount>
    <wordcount weight="1" > floors </wordcount>
    <wordcount weight="1" > smallest </wordcount>
    <wordcount weight="1" > own </wordcount>
    <wordcount weight="1" > graph </wordcount>
    <wordcount weight="1" > breeders </wordcount>
    <wordcount weight="1" > transferresistance </wordcount>
    <wordcount weight="1" > contradictions </wordcount>
    <wordcount weight="1" > chemistry </wordcount>
    <wordcount weight="1" > towards </wordcount>
    <wordcount weight="1" > absorb </wordcount>
    <wordcount weight="1" > xylem </wordcount>
    <wordcount weight="1" > computer </wordcount>
    <wordcount weight="1" > working </wordcount>
    <wordcount weight="1" > reliable </wordcount>
    <wordcount weight="1" > grass </wordcount>
    <wordcount weight="1" > costd </wordcount>
    <wordcount weight="1" > mediterranean </wordcount>
    <wordcount weight="1" > quite </wordcount>
    <wordcount weight="1" > frosts </wordcount>
    <wordcount weight="1" > conifer </wordcount>
    <wordcount weight="1" > soil </wordcount>
    <wordcount weight="1" > grams </wordcount>
    <wordcount weight="1" > rr </wordcount>
    <wordcount weight="1" > wider </wordcount>
    <wordcount weight="1" > eighth </wordcount>
    <wordcount weight="1" > shaded </wordcount>
    <wordcount weight="1" > refinement </wordcount>
    <wordcount weight="1" > herb </wordcount>
    <wordcount weight="1" > usual </wordcount>
    <wordcount weight="1" > mossy </wordcount>
    <wordcount weight="1" > firstand </wordcount>
    <wordcount weight="1" > differing </wordcount>
    <wordcount weight="1" > seeds </wordcount>
    <wordcount weight="1" > offspring </wordcount>
    <wordcount weight="1" > meaninglessd </wordcount>
    <wordcount weight="1" > ventilation </wordcount>
    <wordcount weight="1" > und </wordcount>
    <wordcount weight="1" > distinguishing </wordcount>
    <wordcount weight="1" > appropriate </wordcount>
    <wordcount weight="1" > axes </wordcount>
    <wordcount weight="1" > biophysics </wordcount>
    <wordcount weight="1" > seemed </wordcount>
    <wordcount weight="1" > cite </wordcount>
    <wordcount weight="1" > marked </wordcount>
    <wordcount weight="1" > venation </wordcount>
    <wordcount weight="1" > critical </wordcount>
    <wordcount weight="1" > led </wordcount>
    <wordcount weight="1" > san </wordcount>
    <wordcount weight="1" > einfluss </wordcount>
    <wordcount weight="1" > situation </wordcount>
    <wordcount weight="1" > io </wordcount>
    <wordcount weight="1" > hydration </wordcount>
    <wordcount weight="1" > production </wordcount>
    <wordcount weight="1" > scientific </wordcount>
    <wordcount weight="1" > bred </wordcount>
    <wordcount weight="1" > rstom </wordcount>
    <wordcount weight="1" > action </wordcount>
    <wordcount weight="1" > dma </wordcount>
    <wordcount weight="1" > shields </wordcount>
    <wordcount weight="1" > overall </wordcount>
    <wordcount weight="1" > techniques </wordcount>
    <wordcount weight="1" > again </wordcount>
    <wordcount weight="1" > return </wordcount>
    <wordcount weight="1" > islands </wordcount>
    <wordcount weight="1" > geometrically </wordcount>
    <wordcount weight="1" > allowable </wordcount>
    <wordcount weight="1" > loomis </wordcount>
    <wordcount weight="1" > disagreement </wordcount>
    <wordcount weight="1" > importances </wordcount>
    <wordcount weight="1" > met </wordcount>
    <wordcount weight="1" > prevailing </wordcount>
    <wordcount weight="1" > etc </wordcount>
    <wordcount weight="1" > poljakoffmayber </wordcount>
    <wordcount weight="1" > uber </wordcount>
    <wordcount weight="1" > make </wordcount>
    <wordcount weight="1" > expanded </wordcount>
    <wordcount weight="1" > pyykko </wordcount>
    <wordcount weight="1" > eachd </wordcount>
    <wordcount weight="1" > outer </wordcount>
    <wordcount weight="1" > radiant </wordcount>
    <wordcount weight="1" > direction </wordcount>
    <wordcount weight="1" > structural </wordcount>
    <wordcount weight="1" > once </wordcount>
    <wordcount weight="1" > angiosperm </wordcount>
    <wordcount weight="1" > oxford </wordcount>
    <wordcount weight="1" > interpretation </wordcount>
    <wordcount weight="1" > temperate </wordcount>
    <wordcount weight="1" > botany </wordcount>
    <wordcount weight="1" > k </wordcount>
    <wordcount weight="1" > skin </wordcount>
    <wordcount weight="1" > demonstrates </wordcount>
    <wordcount weight="1" > largest </wordcount>
    <wordcount weight="1" > oosting </wordcount>
    <wordcount weight="1" > algebraic </wordcount>
    <wordcount weight="1" > interchanged </wordcount>
    <wordcount weight="1" > lae </wordcount>
    <wordcount weight="1" > bar </wordcount>
    <wordcount weight="1" > predominate </wordcount>
    <wordcount weight="1" > regional </wordcount>
    <wordcount weight="1" > inheritance </wordcount>
    <wordcount weight="1" > longer </wordcount>
    <wordcount weight="1" > lobing </wordcount>
    <wordcount weight="1" > atmometer </wordcount>
    <wordcount weight="1" > nova </wordcount>
    <wordcount weight="1" > enquiry </wordcount>
    <wordcount weight="1" > holch </wordcount>
    <wordcount weight="1" > statements </wordcount>
    <wordcount weight="1" > law </wordcount>
    <wordcount weight="1" > chamaephyte </wordcount>
    <wordcount weight="1" > yon </wordcount>
    <wordcount weight="1" > genecology </wordcount>
    <wordcount weight="1" > death </wordcount>
    <wordcount weight="1" > pointed </wordcount>
    <wordcount weight="1" > similarly </wordcount>
    <wordcount weight="1" > put </wordcount>
    <wordcount weight="1" > added </wordcount>
    <wordcount weight="1" > sky </wordcount>
    <wordcount weight="1" > usefulness </wordcount>
    <wordcount weight="1" > speciation </wordcount>
    <wordcount weight="1" > idea </wordcount>
    <wordcount weight="1" > lowd </wordcount>
    <wordcount weight="1" > pressure </wordcount>
    <wordcount weight="1" > striking </wordcount>
    <wordcount weight="1" > agree </wordcount>
    <wordcount weight="1" > frost </wordcount>
    <wordcount weight="1" > attempting </wordcount>
    <wordcount weight="1" > contradict </wordcount>
    <wordcount weight="1" > diverse </wordcount>
    <wordcount weight="1" > physik </wordcount>
    <wordcount weight="1" > grows </wordcount>
    <wordcount weight="1" > rica </wordcount>
    <wordcount weight="1" > diameter </wordcount>
    <wordcount weight="1" > rae </wordcount>
    <wordcount weight="1" > dependencies </wordcount>
    <wordcount weight="1" > tq </wordcount>
    <wordcount weight="1" > prolegomena </wordcount>
    <wordcount weight="1" > metabolismd </wordcount>
    <wordcount weight="1" > patterns </wordcount>
    <wordcount weight="1" > took </wordcount>
    <wordcount weight="1" > hand </wordcount>
    <wordcount weight="1" > radiative </wordcount>
    <wordcount weight="1" > evaporative </wordcount>
    <wordcount weight="1" > calif </wordcount>
    <wordcount weight="1" > monocotyledon </wordcount>
    <wordcount weight="1" > sh </wordcount>
    <wordcount weight="1" > foregoing </wordcount>
    <wordcount weight="1" > firstor </wordcount>
    <wordcount weight="1" > simplicity </wordcount>
    <wordcount weight="1" > conocephalum </wordcount>
    <wordcount weight="1" > ignoring </wordcount>
    <wordcount weight="1" > proportionately </wordcount>
    <wordcount weight="1" > weakly </wordcount>
    <wordcount weight="1" > gives </wordcount>
    <wordcount weight="1" > explicitly </wordcount>
    <wordcount weight="1" > free </wordcount>
    <wordcount weight="1" > hepatic </wordcount>
    <wordcount weight="1" > elevation </wordcount>
    <wordcount weight="1" > original </wordcount>
    <wordcount weight="1" > exhibit </wordcount>
    <wordcount weight="1" > discussion </wordcount>
    <wordcount weight="1" > averaged </wordcount>
    <wordcount weight="1" > unfavourable </wordcount>
    <wordcount weight="1" > fio </wordcount>
    <wordcount weight="1" > reversed </wordcount>
    <wordcount weight="1" > hundred </wordcount>
    <wordcount weight="1" > maximized </wordcount>
    <wordcount weight="1" > region </wordcount>
    <wordcount weight="1" > previously </wordcount>
    <wordcount weight="1" > patagonian </wordcount>
    <wordcount weight="1" > judge </wordcount>
    <wordcount weight="1" > complexities </wordcount>
    <wordcount weight="1" > top </wordcount>
    <wordcount weight="1" > controlling </wordcount>
    <wordcount weight="1" > combining </wordcount>
    <wordcount weight="1" > complement </wordcount>
    <wordcount weight="1" > qobs </wordcount>
    <wordcount weight="1" > bionics </wordcount>
    <wordcount weight="1" > ideas </wordcount>
    <wordcount weight="1" > harvard </wordcount>
    <wordcount weight="1" > lifeform </wordcount>
    <wordcount weight="1" > auf </wordcount>
    <wordcount weight="1" > examination </wordcount>
    <wordcount weight="1" > chemical </wordcount>
    <wordcount weight="1" > advantages </wordcount>
    <wordcount weight="1" > involves </wordcount>
    <wordcount weight="1" > open </wordcount>
    <wordcount weight="1" > dep </wordcount>
    <wordcount weight="1" > clear </wordcount>
    <wordcount weight="1" > rap </wordcount>
    <wordcount weight="1" > accounted </wordcount>
    <wordcount weight="1" > interpret </wordcount>
    <wordcount weight="1" > co </wordcount>
    <wordcount weight="1" > august </wordcount>
    <wordcount weight="1" > rair </wordcount>
    <wordcount weight="1" > allowed </wordcount>
    <wordcount weight="1" > receipt </wordcount>
    <wordcount weight="1" > played </wordcount>
    <wordcount weight="1" > ge </wordcount>
    <wordcount weight="1" > collected </wordcount>
    <wordcount weight="1" > variance </wordcount>
    <wordcount weight="1" > anyone </wordcount>
    <wordcount weight="1" > after </wordcount>
    <wordcount weight="1" > black </wordcount>
    <wordcount weight="1" > neutral </wordcount>
    <wordcount weight="1" > diagrammatic </wordcount>
    <wordcount weight="1" > mindeg </wordcount>
    <wordcount weight="1" > cup </wordcount>
    <wordcount weight="1" > grown </wordcount>
    <wordcount weight="1" > random </wordcount>
    <wordcount weight="1" > textbooks </wordcount>
    <wordcount weight="1" > methods </wordcount>
    <wordcount weight="1" > exactly </wordcount>
    <wordcount weight="1" > wishing </wordcount>
    <wordcount weight="1" > leaflets </wordcount>
    <wordcount weight="1" > pergamon </wordcount>
    <wordcount weight="1" > parameters </wordcount>
    <wordcount weight="1" > figures </wordcount>
    <wordcount weight="1" > versus </wordcount>
    <wordcount weight="1" > undergrowth </wordcount>
    <wordcount weight="1" > eatj </wordcount>
    <wordcount weight="1" > angiosperms </wordcount>
    <wordcount weight="1" > modifications </wordcount>
    <wordcount weight="1" > investigations </wordcount>
    <wordcount weight="1" > widely </wordcount>
    <wordcount weight="1" > hunt </wordcount>
    <wordcount weight="1" > pohl </wordcount>
    <wordcount weight="1" > afunction </wordcount>
    <wordcount weight="1" > suggestion </wordcount>
    <wordcount weight="1" > applications </wordcount>
    <wordcount weight="1" > storeys </wordcount>
    <wordcount weight="1" > psychrometric </wordcount>
    <wordcount weight="1" > modification </wordcount>
    <wordcount weight="1" > note </wordcount>
    <wordcount weight="1" > canopies </wordcount>
    <wordcount weight="1" > bureau </wordcount>
    <wordcount weight="1" > gram </wordcount>
    <wordcount weight="1" > movements </wordcount>
    <wordcount weight="1" > germ </wordcount>
    <wordcount weight="1" > perennials </wordcount>
    <wordcount weight="1" > arcj </wordcount>
    <wordcount weight="1" > testing </wordcount>
    <wordcount weight="1" > lines </wordcount>
    <wordcount weight="1" > primarily </wordcount>
    <wordcount weight="1" > pa </wordcount>
    <wordcount weight="1" > arcticalpine </wordcount>
    <wordcount weight="1" > theater </wordcount>
    <wordcount weight="1" > seen </wordcount>
    <wordcount weight="1" > detailed </wordcount>
    <wordcount weight="1" > yale </wordcount>
    <wordcount weight="1" > lumbered </wordcount>
    <wordcount weight="1" > effectively </wordcount>
    <wordcount weight="1" > determination </wordcount>
    <wordcount weight="1" > remaining </wordcount>
    <wordcount weight="1" > blattes </wordcount>
    <wordcount weight="1" > rapidly </wordcount>
    <wordcount weight="1" > indicate </wordcount>
    <wordcount weight="1" > talbert </wordcount>
    <wordcount weight="1" > responsible </wordcount>
    <wordcount weight="1" > platitude </wordcount>
    <wordcount weight="1" > surprising </wordcount>
    <wordcount weight="1" > regrand </wordcount>
    <wordcount weight="1" > investigate </wordcount>
    <wordcount weight="1" > unacceptable </wordcount>
    <wordcount weight="1" > blackman </wordcount>
    <wordcount weight="1" > experimentally </wordcount>
    <wordcount weight="1" > matters </wordcount>
    <wordcount weight="1" > obs </wordcount>
    <wordcount weight="1" > deposited </wordcount>
    <wordcount weight="1" > heavy </wordcount>
    <wordcount weight="1" > hemicryptophytes </wordcount>
    <wordcount weight="1" > qrs </wordcount>
    <wordcount weight="1" > dicotyledons </wordcount>
    <wordcount weight="1" > preclude </wordcount>
    <wordcount weight="1" > botanist </wordcount>
    <wordcount weight="1" > deep </wordcount>
    <wordcount weight="1" > measurements </wordcount>
    <wordcount weight="1" > manual </wordcount>
    <wordcount weight="1" > detect </wordcount>
    <wordcount weight="1" > characteristics </wordcount>
    <wordcount weight="1" > hemicryptophyte </wordcount>
    <wordcount weight="1" > terrestrial </wordcount>
    <wordcount weight="1" > symbol </wordcount>
    <wordcount weight="1" > column </wordcount>
    <wordcount weight="1" > cover </wordcount>
    <wordcount weight="1" > forty </wordcount>
    <wordcount weight="1" > shortcoming </wordcount>
    <wordcount weight="1" > know </wordcount>
    <wordcount weight="1" > dimension </wordcount>
    <wordcount weight="1" > enters </wordcount>
    <wordcount weight="1" > tendencies </wordcount>
    <wordcount weight="1" > endurance </wordcount>
    <wordcount weight="1" > confident </wordcount>
    <wordcount weight="1" > east </wordcount>
    <wordcount weight="1" > approximates </wordcount>
    <wordcount weight="1" > capital </wordcount>
    <wordcount weight="1" > did </wordcount>
    <wordcount weight="1" > unknown </wordcount>
    <wordcount weight="1" > half </wordcount>
    <wordcount weight="1" > seedlings </wordcount>
    <wordcount weight="1" > minimized </wordcount>
    <wordcount weight="1" > eventually </wordcount>
    <wordcount weight="1" > foundation </wordcount>
    <wordcount weight="1" > humid </wordcount>
    <wordcount weight="1" > altered </wordcount>
    <wordcount weight="1" > speculation </wordcount>
    <wordcount weight="1" > equilibrium </wordcount>
    <wordcount weight="1" > written </wordcount>
    <wordcount weight="1" > gas </wordcount>
    <wordcount weight="1" > jennifer </wordcount>
    <wordcount weight="1" > chamaephytes </wordcount>
    <wordcount weight="1" > build </wordcount>
    <wordcount weight="1" > sum </wordcount>
    <wordcount weight="1" > pictures </wordcount>
    <wordcount weight="1" > proposed </wordcount>
    <wordcount weight="1" > oliver </wordcount>
    <wordcount weight="1" > places </wordcount>
    <wordcount weight="1" > annuals </wordcount>
    <wordcount weight="1" > qualitatively </wordcount>
    <wordcount weight="1" > fla </wordcount>
    <wordcount weight="1" > microenvironments </wordcount>
    <wordcount weight="1" > unlikely </wordcount>
    <wordcount weight="1" > adv </wordcount>
    <wordcount weight="1" > economy </wordcount>
    <wordcount weight="1" > exposing </wordcount>
    <wordcount weight="1" > carefully </wordcount>
    <wordcount weight="1" > investigation </wordcount>
    <wordcount weight="1" > curvature </wordcount>
    <wordcount weight="1" > unique </wordcount>
    <wordcount weight="1" > shady </wordcount>
    <wordcount weight="1" > wuchs </wordcount>
    <wordcount weight="1" > ones </wordcount>
    <wordcount weight="1" > making </wordcount>
    <wordcount weight="1" > references </wordcount>
    <wordcount weight="1" > propositions </wordcount>
    <wordcount weight="1" > textbook </wordcount>
    <wordcount weight="1" > agricultural </wordcount>
    <wordcount weight="1" > edinburgh </wordcount>
    <wordcount weight="1" > interval </wordcount>
    <wordcount weight="1" > optimized </wordcount>
    <wordcount weight="1" > adaptation </wordcount>
    <wordcount weight="1" > qqbs </wordcount>
    <wordcount weight="1" > foundations </wordcount>
    <wordcount weight="1" > argued </wordcount>
    <wordcount weight="1" > require </wordcount>
    <wordcount weight="1" > property </wordcount>
    <wordcount weight="1" > agreed </wordcount>
    <wordcount weight="1" > suggests </wordcount>
    <wordcount weight="1" > priestley </wordcount>
    <wordcount weight="1" > personal </wordcount>
    <wordcount weight="1" > conveniently </wordcount>
    <wordcount weight="1" > beitrage </wordcount>
    <wordcount weight="1" > outline </wordcount>
    <wordcount weight="1" > fern </wordcount>
    <wordcount weight="1" > severely </wordcount>
    <wordcount weight="1" > transport </wordcount>
    <wordcount weight="1" > thereby </wordcount>
    <wordcount weight="1" > dioxideexchangein </wordcount>
    <wordcount weight="1" > uh </wordcount>
    <wordcount weight="1" > easy </wordcount>
    <wordcount weight="1" > variability </wordcount>
    <wordcount weight="1" > disagreeing </wordcount>
    <wordcount weight="1" > pi </wordcount>
    <wordcount weight="1" > reconstruct </wordcount>
    <wordcount weight="1" > spomer </wordcount>
    <wordcount weight="1" > dilley </wordcount>
    <wordcount weight="1" > qualitative </wordcount>
    <wordcount weight="1" > definitions </wordcount>
    <wordcount weight="1" > da </wordcount>
    <wordcount weight="1" > ho </wordcount>
    <wordcount weight="1" > lands </wordcount>
    <wordcount weight="1" > conn </wordcount>
    <wordcount weight="1" > disposal </wordcount>
    <wordcount weight="1" > abridged </wordcount>
    <wordcount weight="1" > plantenvironment </wordcount>
    <wordcount weight="1" > national </wordcount>
    <wordcount weight="1" > course </wordcount>
    <wordcount weight="1" > instead </wordcount>
    <wordcount weight="1" > integrated </wordcount>
    <wordcount weight="1" > glass </wordcount>
    <wordcount weight="1" > involving </wordcount>
    <wordcount weight="1" > programme </wordcount>
    <wordcount weight="1" > bliss </wordcount>
    <wordcount weight="1" > presenting </wordcount>
    <wordcount weight="1" > madison </wordcount>
    <wordcount weight="1" > remains </wordcount>
    <wordcount weight="1" > francisco </wordcount>
    <wordcount weight="1" > bigger </wordcount>
    <wordcount weight="1" > shift </wordcount>
    <wordcount weight="1" > roughly </wordcount>
    <wordcount weight="1" > doubtless </wordcount>
    <wordcount weight="1" > flora </wordcount>
    <wordcount weight="1" > thalli </wordcount>
    <wordcount weight="1" > cantilevers </wordcount>
    <wordcount weight="1" > removed </wordcount>
    <wordcount weight="1" > penetrated </wordcount>
    <wordcount weight="1" > chicago </wordcount>
    <wordcount weight="1" > entire </wordcount>
    <wordcount weight="1" > re </wordcount>
    <wordcount weight="1" > roe </wordcount>
    <wordcount weight="1" > strong </wordcount>
    <wordcount weight="1" > philippines </wordcount>
    <wordcount weight="1" > roles </wordcount>
    <wordcount weight="1" > martin </wordcount>
</article>
