<?xml version="1.0" encoding="UTF-8"?>
<article id="10.2307/2429220" >
    <wordcount weight="564" > the </wordcount>
    <wordcount weight="413" > of </wordcount>
    <wordcount weight="299" > in </wordcount>
    <wordcount weight="226" > to </wordcount>
    <wordcount weight="189" > is </wordcount>
    <wordcount weight="186" > and </wordcount>
    <wordcount weight="186" > a </wordcount>
    <wordcount weight="101" > it </wordcount>
    <wordcount weight="99" > populations </wordcount>
    <wordcount weight="97" > are </wordcount>
    <wordcount weight="96" > be </wordcount>
    <wordcount weight="78" > that </wordcount>
    <wordcount weight="74" > by </wordcount>
    <wordcount weight="70" > from </wordcount>
    <wordcount weight="64" > this </wordcount>
    <wordcount weight="59" > with </wordcount>
    <wordcount weight="58" > tenuis </wordcount>
    <wordcount weight="56" > not </wordcount>
    <wordcount weight="55" > on </wordcount>
    <wordcount weight="53" > population </wordcount>
    <wordcount weight="53" > plants </wordcount>
    <wordcount weight="50" > which </wordcount>
    <wordcount weight="49" > for </wordcount>
    <wordcount weight="46" > agrostis </wordcount>
    <wordcount weight="44" > were </wordcount>
    <wordcount weight="41" > as </wordcount>
    <wordcount weight="39" > but </wordcount>
    <wordcount weight="38" > species </wordcount>
    <wordcount weight="37" > all </wordcount>
    <wordcount weight="37" > these </wordcount>
    <wordcount weight="36" > pasture </wordcount>
    <wordcount weight="36" > other </wordcount>
    <wordcount weight="34" > have </wordcount>
    <wordcount weight="33" > there </wordcount>
    <wordcount weight="33" > grazed </wordcount>
    <wordcount weight="32" > i </wordcount>
    <wordcount weight="32" > was </wordcount>
    <wordcount weight="32" > plant </wordcount>
    <wordcount weight="32" > very </wordcount>
    <wordcount weight="32" > differentiation </wordcount>
    <wordcount weight="30" > only </wordcount>
    <wordcount weight="29" > at </wordcount>
    <wordcount weight="28" > natural </wordcount>
    <wordcount weight="27" > those </wordcount>
    <wordcount weight="27" > such </wordcount>
    <wordcount weight="27" > goginan </wordcount>
    <wordcount weight="27" > tillers </wordcount>
    <wordcount weight="26" > would </wordcount>
    <wordcount weight="25" > will </wordcount>
    <wordcount weight="25" > rheidol </wordcount>
    <wordcount weight="24" > no </wordcount>
    <wordcount weight="24" > growth </wordcount>
    <wordcount weight="24" > more </wordcount>
    <wordcount weight="24" > wood </wordcount>
    <wordcount weight="23" > conditions </wordcount>
    <wordcount weight="23" > differences </wordcount>
    <wordcount weight="23" > seed </wordcount>
    <wordcount weight="23" > pattern </wordcount>
    <wordcount weight="23" > an </wordcount>
    <wordcount weight="22" > m </wordcount>
    <wordcount weight="22" > has </wordcount>
    <wordcount weight="22" > or </wordcount>
    <wordcount weight="22" > d </wordcount>
    <wordcount weight="21" > than </wordcount>
    <wordcount weight="21" > its </wordcount>
    <wordcount weight="21" > plynlymon </wordcount>
    <wordcount weight="21" > values </wordcount>
    <wordcount weight="21" > grazing </wordcount>
    <wordcount weight="21" > different </wordcount>
    <wordcount weight="20" > they </wordcount>
    <wordcount weight="20" > upland </wordcount>
    <wordcount weight="20" > pen </wordcount>
    <wordcount weight="20" > so </wordcount>
    <wordcount weight="19" > habitats </wordcount>
    <wordcount weight="19" > dinas </wordcount>
    <wordcount weight="19" > rough </wordcount>
    <wordcount weight="19" > between </wordcount>
    <wordcount weight="18" > one </wordcount>
    <wordcount weight="18" > j </wordcount>
    <wordcount weight="18" > been </wordcount>
    <wordcount weight="18" > similar </wordcount>
    <wordcount weight="18" > therefore </wordcount>
    <wordcount weight="17" > found </wordcount>
    <wordcount weight="17" > variation </wordcount>
    <wordcount weight="17" > where </wordcount>
    <wordcount weight="17" > environment </wordcount>
    <wordcount weight="17" > any </wordcount>
    <wordcount weight="16" > since </wordcount>
    <wordcount weight="16" > small </wordcount>
    <wordcount weight="15" > ungrazed </wordcount>
    <wordcount weight="15" > some </wordcount>
    <wordcount weight="15" > mine </wordcount>
    <wordcount weight="15" > dry </wordcount>
    <wordcount weight="15" > selection </wordcount>
    <wordcount weight="15" > same </wordcount>
    <wordcount weight="15" > foot </wordcount>
    <wordcount weight="15" > eg </wordcount>
    <wordcount weight="15" > ynyslas </wordcount>
    <wordcount weight="14" > dale </wordcount>
    <wordcount weight="14" > if </wordcount>
    <wordcount weight="14" > vegetative </wordcount>
    <wordcount weight="14" > may </wordcount>
    <wordcount weight="14" > factors </wordcount>
    <wordcount weight="14" > likely </wordcount>
    <wordcount weight="14" > borth </wordcount>
    <wordcount weight="14" > can </wordcount>
    <wordcount weight="13" > their </wordcount>
    <wordcount weight="13" > inflorescences </wordcount>
    <wordcount weight="13" > do </wordcount>
    <wordcount weight="13" > sampling </wordcount>
    <wordcount weight="13" > although </wordcount>
    <wordcount weight="12" > height </wordcount>
    <wordcount weight="12" > main </wordcount>
    <wordcount weight="12" > most </wordcount>
    <wordcount weight="12" > well </wordcount>
    <wordcount weight="12" > gene </wordcount>
    <wordcount weight="12" > habitat </wordcount>
    <wordcount weight="12" > less </wordcount>
    <wordcount weight="12" > local </wordcount>
    <wordcount weight="12" > adaptive </wordcount>
    <wordcount weight="12" > characters </wordcount>
    <wordcount weight="11" > being </wordcount>
    <wordcount weight="11" > within </wordcount>
    <wordcount weight="11" > out </wordcount>
    <wordcount weight="11" > density </wordcount>
    <wordcount weight="11" > inflorescence </wordcount>
    <wordcount weight="11" > under </wordcount>
    <wordcount weight="11" > new </wordcount>
    <wordcount weight="11" > spread </wordcount>
    <wordcount weight="11" > continuous </wordcount>
    <wordcount weight="11" > relation </wordcount>
    <wordcount weight="11" > effects </wordcount>
    <wordcount weight="10" > extreme </wordcount>
    <wordcount weight="10" > first </wordcount>
    <wordcount weight="10" > possible </wordcount>
    <wordcount weight="10" > festuca </wordcount>
    <wordcount weight="10" > amount </wordcount>
    <wordcount weight="10" > nardetum </wordcount>
    <wordcount weight="10" > could </wordcount>
    <wordcount weight="10" > further </wordcount>
    <wordcount weight="10" > heavily </wordcount>
    <wordcount weight="10" > bradshaw </wordcount>
    <wordcount weight="10" > protected </wordcount>
    <wordcount weight="10" > good </wordcount>
    <wordcount weight="10" > grass </wordcount>
    <wordcount weight="10" > panicle </wordcount>
    <wordcount weight="10" > about </wordcount>
    <wordcount weight="10" > experiment </wordcount>
    <wordcount weight="10" > two </wordcount>
    <wordcount weight="10" > areas </wordcount>
    <wordcount weight="10" > considerable </wordcount>
    <wordcount weight="10" > made </wordcount>
    <wordcount weight="10" > evolution </wordcount>
    <wordcount weight="10" > significance </wordcount>
    <wordcount weight="10" > distribution </wordcount>
    <wordcount weight="10" > area </wordcount>
    <wordcount weight="9" > e </wordcount>
    <wordcount weight="9" > character </wordcount>
    <wordcount weight="9" > into </wordcount>
    <wordcount weight="9" > exposed </wordcount>
    <wordcount weight="9" > general </wordcount>
    <wordcount weight="9" > poor </wordcount>
    <wordcount weight="9" > distinct </wordcount>
    <wordcount weight="9" > w </wordcount>
    <wordcount weight="9" > flow </wordcount>
    <wordcount weight="9" > lead </wordcount>
    <wordcount weight="9" > sites </wordcount>
    <wordcount weight="9" > lowland </wordcount>
    <wordcount weight="9" > region </wordcount>
    <wordcount weight="9" > top </wordcount>
    <wordcount weight="9" > grassland </wordcount>
    <wordcount weight="9" > examination </wordcount>
    <wordcount weight="9" > clear </wordcount>
    <wordcount weight="9" > individual </wordcount>
    <wordcount weight="9" > considered </wordcount>
    <wordcount weight="9" > must </wordcount>
    <wordcount weight="9" > summit </wordcount>
    <wordcount weight="9" > rainfall </wordcount>
    <wordcount weight="9" > each </wordcount>
    <wordcount weight="9" > subject </wordcount>
    <wordcount weight="9" > adapted </wordcount>
    <wordcount weight="9" > value </wordcount>
    <wordcount weight="8" > taken </wordcount>
    <wordcount weight="8" > ecotypes </wordcount>
    <wordcount weight="8" > inland </wordcount>
    <wordcount weight="8" > sand </wordcount>
    <wordcount weight="8" > thin </wordcount>
    <wordcount weight="8" > even </wordcount>
    <wordcount weight="8" > l </wordcount>
    <wordcount weight="8" > altitude </wordcount>
    <wordcount weight="8" > clearly </wordcount>
    <wordcount weight="8" > show </wordcount>
    <wordcount weight="8" > appear </wordcount>
    <wordcount weight="8" > r </wordcount>
    <wordcount weight="8" > when </wordcount>
    <wordcount weight="8" > situation </wordcount>
    <wordcount weight="8" > shows </wordcount>
    <wordcount weight="8" > habit </wordcount>
    <wordcount weight="8" > ground </wordcount>
    <wordcount weight="8" > number </wordcount>
    <wordcount weight="8" > disgwylfa </wordcount>
    <wordcount weight="8" > factor </wordcount>
    <wordcount weight="8" > discontinuities </wordcount>
    <wordcount weight="8" > low </wordcount>
    <wordcount weight="8" > variance </wordcount>
    <wordcount weight="8" > effect </wordcount>
    <wordcount weight="8" > we </wordcount>
    <wordcount weight="8" > lines </wordcount>
    <wordcount weight="8" > aerial </wordcount>
    <wordcount weight="8" > characteristics </wordcount>
    <wordcount weight="8" > sheep </wordcount>
    <wordcount weight="8" > type </wordcount>
    <wordcount weight="8" > isolated </wordcount>
    <wordcount weight="8" > mode </wordcount>
    <wordcount weight="7" > later </wordcount>
    <wordcount weight="7" > units </wordcount>
    <wordcount weight="7" > determined </wordcount>
    <wordcount weight="7" > genetic </wordcount>
    <wordcount weight="7" > back </wordcount>
    <wordcount weight="7" > influence </wordcount>
    <wordcount weight="7" > error </wordcount>
    <wordcount weight="7" > means </wordcount>
    <wordcount weight="7" > changes </wordcount>
    <wordcount weight="7" > though </wordcount>
    <wordcount weight="7" > breeding </wordcount>
    <wordcount weight="7" > woodland </wordcount>
    <wordcount weight="7" > sampled </wordcount>
    <wordcount weight="7" > regions </wordcount>
    <wordcount weight="7" > quite </wordcount>
    <wordcount weight="7" > also </wordcount>
    <wordcount weight="7" > io </wordcount>
    <wordcount weight="7" > experimental </wordcount>
    <wordcount weight="7" > significant </wordcount>
    <wordcount weight="7" > high </wordcount>
    <wordcount weight="7" > lakenheath </wordcount>
    <wordcount weight="7" > ecological </wordcount>
    <wordcount weight="7" > panicles </wordcount>
    <wordcount weight="7" > sea </wordcount>
    <wordcount weight="7" > results </wordcount>
    <wordcount weight="7" > occur </wordcount>
    <wordcount weight="6" > edge </wordcount>
    <wordcount weight="6" > production </wordcount>
    <wordcount weight="6" > s </wordcount>
    <wordcount weight="6" > vegetation </wordcount>
    <wordcount weight="6" > recorded </wordcount>
    <wordcount weight="6" > tiller </wordcount>
    <wordcount weight="6" > variations </wordcount>
    <wordcount weight="6" > thus </wordcount>
    <wordcount weight="6" > g </wordcount>
    <wordcount weight="6" > expected </wordcount>
    <wordcount weight="6" > fig </wordcount>
    <wordcount weight="6" > wet </wordcount>
    <wordcount weight="6" > tufted </wordcount>
    <wordcount weight="6" > bog </wordcount>
    <wordcount weight="6" > rather </wordcount>
    <wordcount weight="6" > grid </wordcount>
    <wordcount weight="6" > hillock </wordcount>
    <wordcount weight="6" > ref </wordcount>
    <wordcount weight="6" > emergence </wordcount>
    <wordcount weight="6" > cliff </wordcount>
    <wordcount weight="6" > isolation </wordcount>
    <wordcount weight="6" > important </wordcount>
    <wordcount weight="6" > cannot </wordcount>
    <wordcount weight="6" > hirnant </wordcount>
    <wordcount weight="6" > soil </wordcount>
    <wordcount weight="6" > various </wordcount>
    <wordcount weight="6" > wind </wordcount>
    <wordcount weight="6" > exposure </wordcount>
    <wordcount weight="6" > selective </wordcount>
    <wordcount weight="6" > many </wordcount>
    <wordcount weight="6" > lack </wordcount>
    <wordcount weight="6" > weeds </wordcount>
    <wordcount weight="6" > another </wordcount>
    <wordcount weight="6" > original </wordcount>
    <wordcount weight="6" > collected </wordcount>
    <wordcount weight="6" > standard </wordcount>
    <wordcount weight="6" > land </wordcount>
    <wordcount weight="6" > analysis </wordcount>
    <wordcount weight="6" > aberystwyth </wordcount>
    <wordcount weight="6" > measured </wordcount>
    <wordcount weight="6" > growing </wordcount>
    <wordcount weight="6" > over </wordcount>
    <wordcount weight="6" > them </wordcount>
    <wordcount weight="6" > adaptation </wordcount>
    <wordcount weight="6" > while </wordcount>
    <wordcount weight="6" > both </wordcount>
    <wordcount weight="6" > damp </wordcount>
    <wordcount weight="6" > much </wordcount>
    <wordcount weight="5" > difficult </wordcount>
    <wordcount weight="5" > chromosome </wordcount>
    <wordcount weight="5" > outbreeding </wordcount>
    <wordcount weight="5" > large </wordcount>
    <wordcount weight="5" > studies </wordcount>
    <wordcount weight="5" > ovina </wordcount>
    <wordcount weight="5" > lower </wordcount>
    <wordcount weight="5" > able </wordcount>
    <wordcount weight="5" > subsequent </wordcount>
    <wordcount weight="5" > occupying </wordcount>
    <wordcount weight="5" > due </wordcount>
    <wordcount weight="5" > cases </wordcount>
    <wordcount weight="5" > concerning </wordcount>
    <wordcount weight="5" > highest </wordcount>
    <wordcount weight="5" > higher </wordcount>
    <wordcount weight="5" > without </wordcount>
    <wordcount weight="5" > arising </wordcount>
    <wordcount weight="5" > coastal </wordcount>
    <wordcount weight="5" > after </wordcount>
    <wordcount weight="5" > morfa </wordcount>
    <wordcount weight="5" > parts </wordcount>
    <wordcount weight="5" > study </wordcount>
    <wordcount weight="5" > result </wordcount>
    <wordcount weight="5" > typical </wordcount>
    <wordcount weight="5" > dunes </wordcount>
    <wordcount weight="5" > arable </wordcount>
    <wordcount weight="5" > mainly </wordcount>
    <wordcount weight="5" > recently </wordcount>
    <wordcount weight="5" > method </wordcount>
    <wordcount weight="5" > near </wordcount>
    <wordcount weight="5" > part </wordcount>
    <wordcount weight="5" > related </wordcount>
    <wordcount weight="5" > distances </wordcount>
    <wordcount weight="5" > scree </wordcount>
    <wordcount weight="5" > bridge </wordcount>
    <wordcount weight="5" > flush </wordcount>
    <wordcount weight="5" > others </wordcount>
    <wordcount weight="5" > diameter </wordcount>
    <wordcount weight="5" > ecotype </wordcount>
    <wordcount weight="5" > necessary </wordcount>
    <wordcount weight="5" > greatest </wordcount>
    <wordcount weight="5" > stolonifera </wordcount>
    <wordcount weight="5" > distinctly </wordcount>
    <wordcount weight="5" > samples </wordcount>
    <wordcount weight="5" > taxonomic </wordcount>
    <wordcount weight="5" > obtained </wordcount>
    <wordcount weight="5" > earlier </wordcount>
    <wordcount weight="5" > facing </wordcount>
    <wordcount weight="5" > table </wordcount>
    <wordcount weight="5" > thick </wordcount>
    <wordcount weight="5" > warren </wordcount>
    <wordcount weight="5" > seem </wordcount>
    <wordcount weight="5" > hafod </wordcount>
    <wordcount weight="5" > cause </wordcount>
    <wordcount weight="5" > sward </wordcount>
    <wordcount weight="5" > upper </wordcount>
    <wordcount weight="5" > size </wordcount>
    <wordcount weight="5" > hen </wordcount>
    <wordcount weight="5" > years </wordcount>
    <wordcount weight="5" > grown </wordcount>
    <wordcount weight="5" > given </wordcount>
    <wordcount weight="5" > strong </wordcount>
    <wordcount weight="5" > north </wordcount>
    <wordcount weight="4" > winds </wordcount>
    <wordcount weight="4" > does </wordcount>
    <wordcount weight="4" > now </wordcount>
    <wordcount weight="4" > way </wordcount>
    <wordcount weight="4" > environmental </wordcount>
    <wordcount weight="4" > tend </wordcount>
    <wordcount weight="4" > true </wordcount>
    <wordcount weight="4" > llety </wordcount>
    <wordcount weight="4" > total </wordcount>
    <wordcount weight="4" > predominantly </wordcount>
    <wordcount weight="4" > ii </wordcount>
    <wordcount weight="4" > give </wordcount>
    <wordcount weight="4" > seems </wordcount>
    <wordcount weight="4" > great </wordcount>
    <wordcount weight="4" > simple </wordcount>
    <wordcount weight="4" > p </wordcount>
    <wordcount weight="4" > case </wordcount>
    <wordcount weight="4" > marked </wordcount>
    <wordcount weight="4" > apply </wordcount>
    <wordcount weight="4" > relatively </wordcount>
    <wordcount weight="4" > sample </wordcount>
    <wordcount weight="4" > lolium </wordcount>
    <wordcount weight="4" > interesting </wordcount>
    <wordcount weight="4" > ns </wordcount>
    <wordcount weight="4" > importance </wordcount>
    <wordcount weight="4" > sandy </wordcount>
    <wordcount weight="4" > possess </wordcount>
    <wordcount weight="4" > numbers </wordcount>
    <wordcount weight="4" > observations </wordcount>
    <wordcount weight="4" > permanent </wordcount>
    <wordcount weight="4" > allow </wordcount>
    <wordcount weight="4" > armeria </wordcount>
    <wordcount weight="4" > wales </wordcount>
    <wordcount weight="4" > maritima </wordcount>
    <wordcount weight="4" > produced </wordcount>
    <wordcount weight="4" > work </wordcount>
    <wordcount weight="4" > steep </wordcount>
    <wordcount weight="4" > turesson </wordcount>
    <wordcount weight="4" > rubra </wordcount>
    <wordcount weight="4" > contrast </wordcount>
    <wordcount weight="4" > few </wordcount>
    <wordcount weight="4" > seeds </wordcount>
    <wordcount weight="4" > hybrids </wordcount>
    <wordcount weight="4" > south </wordcount>
    <wordcount weight="4" > nearly </wordcount>
    <wordcount weight="4" > above </wordcount>
    <wordcount weight="4" > single </wordcount>
    <wordcount weight="4" > already </wordcount>
    <wordcount weight="4" > again </wordcount>
    <wordcount weight="4" > discussed </wordcount>
    <wordcount weight="4" > reasons </wordcount>
    <wordcount weight="4" > conclusions </wordcount>
    <wordcount weight="4" > distance </wordcount>
    <wordcount weight="4" > remarkably </wordcount>
    <wordcount weight="4" > sufficiently </wordcount>
    <wordcount weight="4" > dominated </wordcount>
    <wordcount weight="4" > ruislip </wordcount>
    <wordcount weight="4" > applies </wordcount>
    <wordcount weight="4" > twelve </wordcount>
    <wordcount weight="4" > evolve </wordcount>
    <wordcount weight="4" > usually </wordcount>
    <wordcount weight="4" > reasonable </wordcount>
    <wordcount weight="4" > types </wordcount>
    <wordcount weight="4" > variable </wordcount>
    <wordcount weight="4" > paper </wordcount>
    <wordcount weight="4" > petrea </wordcount>
    <wordcount weight="4" > plantago </wordcount>
    <wordcount weight="4" > particular </wordcount>
    <wordcount weight="4" > always </wordcount>
    <wordcount weight="4" > level </wordcount>
    <wordcount weight="4" > neuadd </wordcount>
    <wordcount weight="4" > shown </wordcount>
    <wordcount weight="4" > classification </wordcount>
    <wordcount weight="4" > comparison </wordcount>
    <wordcount weight="4" > occurring </wordcount>
    <wordcount weight="3" > cepea </wordcount>
    <wordcount weight="3" > scoring </wordcount>
    <wordcount weight="3" > fertile </wordcount>
    <wordcount weight="3" > correlations </wordcount>
    <wordcount weight="3" > determine </wordcount>
    <wordcount weight="3" > grasses </wordcount>
    <wordcount weight="3" > flowering </wordcount>
    <wordcount weight="3" > sudden </wordcount>
    <wordcount weight="3" > eye </wordcount>
    <wordcount weight="3" > source </wordcount>
    <wordcount weight="3" > either </wordcount>
    <wordcount weight="3" > perenne </wordcount>
    <wordcount weight="3" > permit </wordcount>
    <wordcount weight="3" > dwarf </wordcount>
    <wordcount weight="3" > lightly </wordcount>
    <wordcount weight="3" > might </wordcount>
    <wordcount weight="3" > nature </wordcount>
    <wordcount weight="3" > affinities </wordcount>
    <wordcount weight="3" > origin </wordcount>
    <wordcount weight="3" > gregor </wordcount>
    <wordcount weight="3" > studied </wordcount>
    <wordcount weight="3" > lanatus </wordcount>
    <wordcount weight="3" > welsh </wordcount>
    <wordcount weight="3" > system </wordcount>
    <wordcount weight="3" > correlated </wordcount>
    <wordcount weight="3" > professor </wordcount>
    <wordcount weight="3" > except </wordcount>
    <wordcount weight="3" > x </wordcount>
    <wordcount weight="3" > severe </wordcount>
    <wordcount weight="3" > development </wordcount>
    <wordcount weight="3" > ability </wordcount>
    <wordcount weight="3" > response </wordcount>
    <wordcount weight="3" > six </wordcount>
    <wordcount weight="3" > third </wordcount>
    <wordcount weight="3" > nardus </wordcount>
    <wordcount weight="3" > york </wordcount>
    <wordcount weight="3" > whose </wordcount>
    <wordcount weight="3" > acid </wordcount>
    <wordcount weight="3" > his </wordcount>
    <wordcount weight="3" > taxonomy </wordcount>
    <wordcount weight="3" > unit </wordcount>
    <wordcount weight="3" > determining </wordcount>
    <wordcount weight="3" > scattered </wordcount>
    <wordcount weight="3" > university </wordcount>
    <wordcount weight="3" > spreading </wordcount>
    <wordcount weight="3" > n </wordcount>
    <wordcount weight="3" > four </wordcount>
    <wordcount weight="3" > communities </wordcount>
    <wordcount weight="3" > view </wordcount>
    <wordcount weight="3" > greater </wordcount>
    <wordcount weight="3" > closely </wordcount>
    <wordcount weight="3" > plot </wordcount>
    <wordcount weight="3" > richmond </wordcount>
    <wordcount weight="3" > quercus </wordcount>
    <wordcount weight="3" > holcus </wordcount>
    <wordcount weight="3" > genes </wordcount>
    <wordcount weight="3" > equally </wordcount>
    <wordcount weight="3" > record </wordcount>
    <wordcount weight="3" > yield </wordcount>
    <wordcount weight="3" > bow </wordcount>
    <wordcount weight="3" > because </wordcount>
    <wordcount weight="3" > unless </wordcount>
    <wordcount weight="3" > apparent </wordcount>
    <wordcount weight="3" > ten </wordcount>
    <wordcount weight="3" > surrounding </wordcount>
    <wordcount weight="3" > own </wordcount>
    <wordcount weight="3" > hillside </wordcount>
    <wordcount weight="3" > errors </wordcount>
    <wordcount weight="3" > t </wordcount>
    <wordcount weight="3" > order </wordcount>
    <wordcount weight="3" > separately </wordcount>
    <wordcount weight="3" > grow </wordcount>
    <wordcount weight="3" > climate </wordcount>
    <wordcount weight="3" > coast </wordcount>
    <wordcount weight="3" > up </wordcount>
    <wordcount weight="3" > appropriate </wordcount>
    <wordcount weight="3" > sibth </wordcount>
    <wordcount weight="3" > overall </wordcount>
    <wordcount weight="3" > etc </wordcount>
    <wordcount weight="3" > still </wordcount>
    <wordcount weight="3" > garden </wordcount>
    <wordcount weight="3" > direction </wordcount>
    <wordcount weight="3" > fairly </wordcount>
    <wordcount weight="3" > street </wordcount>
    <wordcount weight="3" > intraspecific </wordcount>
    <wordcount weight="3" > fact </wordcount>
    <wordcount weight="3" > time </wordcount>
    <wordcount weight="3" > really </wordcount>
    <wordcount weight="3" > omitted </wordcount>
    <wordcount weight="3" > reproductive </wordcount>
    <wordcount weight="3" > patterns </wordcount>
    <wordcount weight="3" > manner </wordcount>
    <wordcount weight="3" > validity </wordcount>
    <wordcount weight="3" > range </wordcount>
    <wordcount weight="3" > ecologically </wordcount>
    <wordcount weight="3" > detailed </wordcount>
    <wordcount weight="3" > angle </wordcount>
    <wordcount weight="3" > station </wordcount>
    <wordcount weight="3" > actual </wordcount>
    <wordcount weight="3" > described </wordcount>
    <wordcount weight="3" > open </wordcount>
    <wordcount weight="3" > three </wordcount>
    <wordcount weight="3" > agreement </wordcount>
    <wordcount weight="3" > random </wordcount>
    <wordcount weight="3" > often </wordcount>
    <wordcount weight="3" > become </wordcount>
    <wordcount weight="3" > soc </wordcount>
    <wordcount weight="3" > figures </wordcount>
    <wordcount weight="3" > occupy </wordcount>
    <wordcount weight="3" > investigations </wordcount>
    <wordcount weight="3" > farm </wordcount>
    <wordcount weight="3" > relationship </wordcount>
    <wordcount weight="3" > five </wordcount>
    <wordcount weight="3" > hill </wordcount>
    <wordcount weight="3" > resistant </wordcount>
    <wordcount weight="3" > effectively </wordcount>
    <wordcount weight="3" > length </wordcount>
    <wordcount weight="3" > fields </wordcount>
    <wordcount weight="3" > itself </wordcount>
    <wordcount weight="3" > occupies </wordcount>
    <wordcount weight="3" > heavy </wordcount>
    <wordcount weight="3" > then </wordcount>
    <wordcount weight="3" > adjoining </wordcount>
    <wordcount weight="3" > extensive </wordcount>
    <wordcount weight="3" > polymorphic </wordcount>
    <wordcount weight="3" > slope </wordcount>
    <wordcount weight="3" > cm </wordcount>
    <wordcount weight="3" > vulgaris </wordcount>
    <wordcount weight="3" > iii </wordcount>
    <wordcount weight="3" > particularly </wordcount>
    <wordcount weight="3" > glomerata </wordcount>
    <wordcount weight="3" > unlikely </wordcount>
    <wordcount weight="3" > what </wordcount>
    <wordcount weight="3" > whether </wordcount>
    <wordcount weight="3" > agricultural </wordcount>
    <wordcount weight="3" > almost </wordcount>
    <wordcount weight="3" > little </wordcount>
    <wordcount weight="3" > tall </wordcount>
    <wordcount weight="3" > inbreeding </wordcount>
    <wordcount weight="3" > evidence </wordcount>
    <wordcount weight="3" > contamination </wordcount>
    <wordcount weight="3" > drift </wordcount>
    <wordcount weight="3" > nemoralis </wordcount>
    <wordcount weight="3" > valley </wordcount>
    <wordcount weight="3" > develop </wordcount>
    <wordcount weight="3" > immediately </wordcount>
    <wordcount weight="2" > resolve </wordcount>
    <wordcount weight="2" > o </wordcount>
    <wordcount weight="2" > dominating </wordcount>
    <wordcount weight="2" > college </wordcount>
    <wordcount weight="2" > introduction </wordcount>
    <wordcount weight="2" > differentiating </wordcount>
    <wordcount weight="2" > group </wordcount>
    <wordcount weight="2" > discover </wordcount>
    <wordcount weight="2" > complex </wordcount>
    <wordcount weight="2" > designed </wordcount>
    <wordcount weight="2" > ways </wordcount>
    <wordcount weight="2" > h </wordcount>
    <wordcount weight="2" > easily </wordcount>
    <wordcount weight="2" > park </wordcount>
    <wordcount weight="2" > ms </wordcount>
    <wordcount weight="2" > explicable </wordcount>
    <wordcount weight="2" > laid </wordcount>
    <wordcount weight="2" > lowlands </wordcount>
    <wordcount weight="2" > cushion </wordcount>
    <wordcount weight="2" > my </wordcount>
    <wordcount weight="2" > baker </wordcount>
    <wordcount weight="2" > test </wordcount>
    <wordcount weight="2" > ratio </wordcount>
    <wordcount weight="2" > planting </wordcount>
    <wordcount weight="2" > attempt </wordcount>
    <wordcount weight="2" > individuals </wordcount>
    <wordcount weight="2" > reduplication </wordcount>
    <wordcount weight="2" > together </wordcount>
    <wordcount weight="2" > accompanied </wordcount>
    <wordcount weight="2" > gradual </wordcount>
    <wordcount weight="2" > analyses </wordcount>
    <wordcount weight="2" > borne </wordcount>
    <wordcount weight="2" > carnegie </wordcount>
    <wordcount weight="2" > survey </wordcount>
    <wordcount weight="2" > help </wordcount>
    <wordcount weight="2" > damage </wordcount>
    <wordcount weight="2" > mr </wordcount>
    <wordcount weight="2" > raised </wordcount>
    <wordcount weight="2" > dr </wordcount>
    <wordcount weight="2" > delimit </wordcount>
    <wordcount weight="2" > owing </wordcount>
    <wordcount weight="2" > caespitosa </wordcount>
    <wordcount weight="2" > mass </wordcount>
    <wordcount weight="2" > community </wordcount>
    <wordcount weight="2" > apart </wordcount>
    <wordcount weight="2" > jurtina </wordcount>
    <wordcount weight="2" > combination </wordcount>
    <wordcount weight="2" > point </wordcount>
    <wordcount weight="2" > correlation </wordcount>
    <wordcount weight="2" > measurement </wordcount>
    <wordcount weight="2" > altitudes </wordcount>
    <wordcount weight="2" > exist </wordcount>
    <wordcount weight="2" > central </wordcount>
    <wordcount weight="2" > gigantea </wordcount>
    <wordcount weight="2" > objective </wordcount>
    <wordcount weight="2" > z </wordcount>
    <wordcount weight="2" > old </wordcount>
    <wordcount weight="2" > races </wordcount>
    <wordcount weight="2" > output </wordcount>
    <wordcount weight="2" > compared </wordcount>
    <wordcount weight="2" > mobility </wordcount>
    <wordcount weight="2" > cytological </wordcount>
    <wordcount weight="2" > symp </wordcount>
    <wordcount weight="2" > jones </wordcount>
    <wordcount weight="2" > bangor </wordcount>
    <wordcount weight="2" > competitive </wordcount>
    <wordcount weight="2" > breadth </wordcount>
    <wordcount weight="2" > environments </wordcount>
    <wordcount weight="2" > taller </wordcount>
    <wordcount weight="2" > proportion </wordcount>
    <wordcount weight="2" > separable </wordcount>
    <wordcount weight="2" > eight </wordcount>
    <wordcount weight="2" > b </wordcount>
    <wordcount weight="2" > escape </wordcount>
    <wordcount weight="2" > affect </wordcount>
    <wordcount weight="2" > consider </wordcount>
    <wordcount weight="2" > established </wordcount>
    <wordcount weight="2" > thlaspi </wordcount>
    <wordcount weight="2" > gradually </wordcount>
    <wordcount weight="2" > commonly </wordcount>
    <wordcount weight="2" > commented </wordcount>
    <wordcount weight="2" > biotic </wordcount>
    <wordcount weight="2" > shed </wordcount>
    <wordcount weight="2" > cut </wordcount>
    <wordcount weight="2" > reflections </wordcount>
    <wordcount weight="2" > typhina </wordcount>
    <wordcount weight="2" > had </wordcount>
    <wordcount weight="2" > problem </wordcount>
    <wordcount weight="2" > genecological </wordcount>
    <wordcount weight="2" > demands </wordcount>
    <wordcount weight="2" > representative </wordcount>
    <wordcount weight="2" > respects </wordcount>
    <wordcount weight="2" > weed </wordcount>
    <wordcount weight="2" > appears </wordcount>
    <wordcount weight="2" > otherwise </wordcount>
    <wordcount weight="2" > exert </wordcount>
    <wordcount weight="2" > ford </wordcount>
    <wordcount weight="2" > enough </wordcount>
    <wordcount weight="2" > information </wordcount>
    <wordcount weight="2" > failure </wordcount>
    <wordcount weight="2" > outstanding </wordcount>
    <wordcount weight="2" > trial </wordcount>
    <wordcount weight="2" > basis </wordcount>
    <wordcount weight="2" > dwarfness </wordcount>
    <wordcount weight="2" > data </wordcount>
    <wordcount weight="2" > used </wordcount>
    <wordcount weight="2" > exp </wordcount>
    <wordcount weight="2" > concept </wordcount>
    <wordcount weight="2" > london </wordcount>
    <wordcount weight="2" > example </wordcount>
    <wordcount weight="2" > confirms </wordcount>
    <wordcount weight="2" > year </wordcount>
    <wordcount weight="2" > island </wordcount>
    <wordcount weight="2" > during </wordcount>
    <wordcount weight="2" > gently </wordcount>
    <wordcount weight="2" > markedly </wordcount>
    <wordcount weight="2" > change </wordcount>
    <wordcount weight="2" > arise </wordcount>
    <wordcount weight="2" > lowest </wordcount>
    <wordcount weight="2" > sixty </wordcount>
    <wordcount weight="2" > sharp </wordcount>
    <wordcount weight="2" > inst </wordcount>
    <wordcount weight="2" > several </wordcount>
    <wordcount weight="2" > sufficient </wordcount>
    <wordcount weight="2" > highly </wordcount>
    <wordcount weight="2" > research </wordcount>
    <wordcount weight="2" > differing </wordcount>
    <wordcount weight="2" > am </wordcount>
    <wordcount weight="2" > f </wordcount>
    <wordcount weight="2" > variety </wordcount>
    <wordcount weight="2" > absence </wordcount>
    <wordcount weight="2" > bocher </wordcount>
    <wordcount weight="2" > short </wordcount>
    <wordcount weight="2" > trials </wordcount>
    <wordcount weight="2" > converted </wordcount>
    <wordcount weight="2" > whatever </wordcount>
    <wordcount weight="2" > woods </wordcount>
    <wordcount weight="2" > maniola </wordcount>
    <wordcount weight="2" > perennial </wordcount>
    <wordcount weight="2" > damper </wordcount>
    <wordcount weight="2" > competition </wordcount>
    <wordcount weight="2" > randomized </wordcount>
    <wordcount weight="2" > included </wordcount>
    <wordcount weight="2" > complete </wordcount>
    <wordcount weight="2" > department </wordcount>
    <wordcount weight="2" > begins </wordcount>
    <wordcount weight="2" > regional </wordcount>
    <wordcount weight="2" > picture </wordcount>
    <wordcount weight="2" > technique </wordcount>
    <wordcount weight="2" > speciation </wordcount>
    <wordcount weight="2" > longer </wordcount>
    <wordcount weight="2" > valid </wordcount>
    <wordcount weight="2" > pressure </wordcount>
    <wordcount weight="2" > deschampsia </wordcount>
    <wordcount weight="2" > replicates </wordcount>
    <wordcount weight="2" > enable </wordcount>
    <wordcount weight="2" > larger </wordcount>
    <wordcount weight="2" > end </wordcount>
    <wordcount weight="2" > oligogenic </wordcount>
    <wordcount weight="2" > outside </wordcount>
    <wordcount weight="2" > conspicuously </wordcount>
    <wordcount weight="2" > butterfly </wordcount>
    <wordcount weight="2" > knoll </wordcount>
    <wordcount weight="2" > ecology </wordcount>
    <wordcount weight="2" > degree </wordcount>
    <wordcount weight="2" > examples </wordcount>
    <wordcount weight="2" > previously </wordcount>
    <wordcount weight="2" > entirely </wordcount>
    <wordcount weight="2" > waste </wordcount>
    <wordcount weight="2" > reality </wordcount>
    <wordcount weight="2" > authors </wordcount>
    <wordcount weight="2" > aberrant </wordcount>
    <wordcount weight="2" > prevents </wordcount>
    <wordcount weight="2" > workers </wordcount>
    <wordcount weight="2" > period </wordcount>
    <wordcount weight="2" > summer </wordcount>
    <wordcount weight="2" > counted </wordcount>
    <wordcount weight="2" > provides </wordcount>
    <wordcount weight="2" > latter </wordcount>
    <wordcount weight="2" > repeated </wordcount>
    <wordcount weight="2" > especially </wordcount>
    <wordcount weight="2" > k </wordcount>
    <wordcount weight="2" > sense </wordcount>
    <wordcount weight="2" > exactly </wordcount>
    <wordcount weight="2" > availability </wordcount>
    <wordcount weight="2" > differ </wordcount>
    <wordcount weight="2" > present </wordcount>
    <wordcount weight="2" > occupied </wordcount>
    <wordcount weight="2" > tendency </wordcount>
    <wordcount weight="2" > separate </wordcount>
    <wordcount weight="2" > carried </wordcount>
    <wordcount weight="2" > seasons </wordcount>
    <wordcount weight="2" > indication </wordcount>
    <wordcount weight="2" > proc </wordcount>
    <wordcount weight="2" > note </wordcount>
    <wordcount weight="2" > provide </wordcount>
    <wordcount weight="2" > sometimes </wordcount>
    <wordcount weight="2" > ordinary </wordcount>
    <wordcount weight="2" > who </wordcount>
    <wordcount weight="2" > directions </wordcount>
    <wordcount weight="2" > strongly </wordcount>
    <wordcount weight="2" > remaining </wordcount>
    <wordcount weight="2" > rapidly </wordcount>
    <wordcount weight="2" > indicate </wordcount>
    <wordcount weight="2" > rot </wordcount>
    <wordcount weight="2" > subdivided </wordcount>
    <wordcount weight="2" > investigate </wordcount>
    <wordcount weight="2" > reciprocal </wordcount>
    <wordcount weight="2" > comes </wordcount>
    <wordcount weight="2" > series </wordcount>
    <wordcount weight="2" > keck </wordcount>
    <wordcount weight="2" > measurements </wordcount>
    <wordcount weight="2" > smallness </wordcount>
    <wordcount weight="2" > agrostisfestuca </wordcount>
    <wordcount weight="2" > rocky </wordcount>
    <wordcount weight="2" > cover </wordcount>
    <wordcount weight="2" > objectively </wordcount>
    <wordcount weight="2" > prunella </wordcount>
    <wordcount weight="2" > principle </wordcount>
    <wordcount weight="2" > ft </wordcount>
    <wordcount weight="2" > genus </wordcount>
    <wordcount weight="2" > lichen </wordcount>
    <wordcount weight="2" > perfectly </wordcount>
    <wordcount weight="2" > planted </wordcount>
    <wordcount weight="2" > past </wordcount>
    <wordcount weight="2" > anomalous </wordcount>
    <wordcount weight="2" > form </wordcount>
    <wordcount weight="2" > thirty </wordcount>
    <wordcount weight="2" > mosses </wordcount>
    <wordcount weight="2" > maintain </wordcount>
    <wordcount weight="2" > linn </wordcount>
    <wordcount weight="2" > produce </wordcount>
    <wordcount weight="2" > prostrate </wordcount>
    <wordcount weight="2" > suggests </wordcount>
    <wordcount weight="2" > contain </wordcount>
    <wordcount weight="2" > middle </wordcount>
    <wordcount weight="2" > careful </wordcount>
    <wordcount weight="2" > reported </wordcount>
    <wordcount weight="2" > content </wordcount>
    <wordcount weight="2" > easy </wordcount>
    <wordcount weight="2" > indebted </wordcount>
    <wordcount weight="2" > our </wordcount>
    <wordcount weight="2" > formation </wordcount>
    <wordcount weight="2" > devoted </wordcount>
    <wordcount weight="2" > survival </wordcount>
    <wordcount weight="2" > dactylis </wordcount>
    <wordcount weight="2" > difference </wordcount>
    <wordcount weight="2" > encouragement </wordcount>
    <wordcount weight="2" > numerous </wordcount>
    <wordcount weight="2" > canina </wordcount>
    <wordcount weight="2" > morphological </wordcount>
    <wordcount weight="2" > washington </wordcount>
    <wordcount weight="2" > cross </wordcount>
    <wordcount weight="2" > instead </wordcount>
    <wordcount weight="2" > breckland </wordcount>
    <wordcount weight="2" > need </wordcount>
    <wordcount weight="2" > pollination </wordcount>
    <wordcount weight="2" > increased </wordcount>
    <wordcount weight="2" > themselves </wordcount>
    <wordcount weight="2" > correlate </wordcount>
    <wordcount weight="2" > vary </wordcount>
    <wordcount weight="2" > mature </wordcount>
    <wordcount weight="2" > comparable </wordcount>
    <wordcount weight="2" > ss </wordcount>
    <wordcount weight="2" > observed </wordcount>
    <wordcount weight="2" > should </wordcount>
    <wordcount weight="2" > showed </wordcount>
    <wordcount weight="2" > close </wordcount>
    <wordcount weight="2" > continuously </wordcount>
    <wordcount weight="1" > ounces </wordcount>
    <wordcount weight="1" > final </wordcount>
    <wordcount weight="1" > countryside </wordcount>
    <wordcount weight="1" > margins </wordcount>
    <wordcount weight="1" > phenotypic </wordcount>
    <wordcount weight="1" > dies </wordcount>
    <wordcount weight="1" > common </wordcount>
    <wordcount weight="1" > sterile </wordcount>
    <wordcount weight="1" > concerned </wordcount>
    <wordcount weight="1" > indicated </wordcount>
    <wordcount weight="1" > integrating </wordcount>
    <wordcount weight="1" > fractions </wordcount>
    <wordcount weight="1" > deserve </wordcount>
    <wordcount weight="1" > affected </wordcount>
    <wordcount weight="1" > trans </wordcount>
    <wordcount weight="1" > algrostis </wordcount>
    <wordcount weight="1" > measures </wordcount>
    <wordcount weight="1" > propagation </wordcount>
    <wordcount weight="1" > poorer </wordcount>
    <wordcount weight="1" > eliminated </wordcount>
    <wordcount weight="1" > originating </wordcount>
    <wordcount weight="1" > distributed </wordcount>
    <wordcount weight="1" > tetraploid </wordcount>
    <wordcount weight="1" > per </wordcount>
    <wordcount weight="1" > expect </wordcount>
    <wordcount weight="1" > davey </wordcount>
    <wordcount weight="1" > reflection </wordcount>
    <wordcount weight="1" > replaced </wordcount>
    <wordcount weight="1" > elaborated </wordcount>
    <wordcount weight="1" > pixey </wordcount>
    <wordcount weight="1" > formed </wordcount>
    <wordcount weight="1" > inaccuracy </wordcount>
    <wordcount weight="1" > appl </wordcount>
    <wordcount weight="1" > ore </wordcount>
    <wordcount weight="1" > former </wordcount>
    <wordcount weight="1" > grasslands </wordcount>
    <wordcount weight="1" > pollinated </wordcount>
    <wordcount weight="1" > protection </wordcount>
    <wordcount weight="1" > fixed </wordcount>
    <wordcount weight="1" > equated </wordcount>
    <wordcount weight="1" > necessarily </wordcount>
    <wordcount weight="1" > classify </wordcount>
    <wordcount weight="1" > habits </wordcount>
    <wordcount weight="1" > before </wordcount>
    <wordcount weight="1" > iooo </wordcount>
    <wordcount weight="1" > exceptions </wordcount>
    <wordcount weight="1" > cocksfoot </wordcount>
    <wordcount weight="1" > revision </wordcount>
    <wordcount weight="1" > matted </wordcount>
    <wordcount weight="1" > amongst </wordcount>
    <wordcount weight="1" > cutting </wordcount>
    <wordcount weight="1" > round </wordcount>
    <wordcount weight="1" > member </wordcount>
    <wordcount weight="1" > anything </wordcount>
    <wordcount weight="1" > cast </wordcount>
    <wordcount weight="1" > molinietum </wordcount>
    <wordcount weight="1" > rougher </wordcount>
    <wordcount weight="1" > specifically </wordcount>
    <wordcount weight="1" > every </wordcount>
    <wordcount weight="1" > localities </wordcount>
    <wordcount weight="1" > caryologia </wordcount>
    <wordcount weight="1" > originally </wordcount>
    <wordcount weight="1" > phil </wordcount>
    <wordcount weight="1" > anomalies </wordcount>
    <wordcount weight="1" > possesses </wordcount>
    <wordcount weight="1" > season </wordcount>
    <wordcount weight="1" > ynyslasgrazed </wordcount>
    <wordcount weight="1" > demonstrable </wordcount>
    <wordcount weight="1" > did </wordcount>
    <wordcount weight="1" > definition </wordcount>
    <wordcount weight="1" > containing </wordcount>
    <wordcount weight="1" > reach </wordcount>
    <wordcount weight="1" > available </wordcount>
    <wordcount weight="1" > paramount </wordcount>
    <wordcount weight="1" > belong </wordcount>
    <wordcount weight="1" > borders </wordcount>
    <wordcount weight="1" > confusion </wordcount>
    <wordcount weight="1" > accumulated </wordcount>
    <wordcount weight="1" > atlantic </wordcount>
    <wordcount weight="1" > closer </wordcount>
    <wordcount weight="1" > concludes </wordcount>
    <wordcount weight="1" > real </wordcount>
    <wordcount weight="1" > independent </wordcount>
    <wordcount weight="1" > fresh </wordcount>
    <wordcount weight="1" > last </wordcount>
    <wordcount weight="1" > loose </wordcount>
    <wordcount weight="1" > state </wordcount>
    <wordcount weight="1" > date </wordcount>
    <wordcount weight="1" > flowr </wordcount>
    <wordcount weight="1" > influences </wordcount>
    <wordcount weight="1" > keith </wordcount>
    <wordcount weight="1" > delimitation </wordcount>
    <wordcount weight="1" > classified </wordcount>
    <wordcount weight="1" > opposite </wordcount>
    <wordcount weight="1" > dominula </wordcount>
    <wordcount weight="1" > orpopulation </wordcount>
    <wordcount weight="1" > stoloniferous </wordcount>
    <wordcount weight="1" > racial </wordcount>
    <wordcount weight="1" > sq </wordcount>
    <wordcount weight="1" > corroborating </wordcount>
    <wordcount weight="1" > nowhere </wordcount>
    <wordcount weight="1" > woodlands </wordcount>
    <wordcount weight="1" > side </wordcount>
    <wordcount weight="1" > wetter </wordcount>
    <wordcount weight="1" > occasional </wordcount>
    <wordcount weight="1" > narrower </wordcount>
    <wordcount weight="1" > existence </wordcount>
    <wordcount weight="1" > forthcoming </wordcount>
    <wordcount weight="1" > moisture </wordcount>
    <wordcount weight="1" > key </wordcount>
    <wordcount weight="1" > capacity </wordcount>
    <wordcount weight="1" > adopts </wordcount>
    <wordcount weight="1" > primary </wordcount>
    <wordcount weight="1" > bases </wordcount>
    <wordcount weight="1" > iv </wordcount>
    <wordcount weight="1" > march </wordcount>
    <wordcount weight="1" > agronomists </wordcount>
    <wordcount weight="1" > vol </wordcount>
    <wordcount weight="1" > soils </wordcount>
    <wordcount weight="1" > powers </wordcount>
    <wordcount weight="1" > mudstones </wordcount>
    <wordcount weight="1" > west </wordcount>
    <wordcount weight="1" > oligogenes </wordcount>
    <wordcount weight="1" > consequent </wordcount>
    <wordcount weight="1" > far </wordcount>
    <wordcount weight="1" > pairs </wordcount>
    <wordcount weight="1" > climax </wordcount>
    <wordcount weight="1" > done </wordcount>
    <wordcount weight="1" > loam </wordcount>
    <wordcount weight="1" > collection </wordcount>
    <wordcount weight="1" > complicating </wordcount>
    <wordcount weight="1" > controlled </wordcount>
    <wordcount weight="1" > interestingly </wordcount>
    <wordcount weight="1" > bot </wordcount>
    <wordcount weight="1" > drosophila </wordcount>
    <wordcount weight="1" > frequencies </wordcount>
    <wordcount weight="1" > accessible </wordcount>
    <wordcount weight="1" > throughout </wordcount>
    <wordcount weight="1" > gth </wordcount>
    <wordcount weight="1" > reverse </wordcount>
    <wordcount weight="1" > explained </wordcount>
    <wordcount weight="1" > jenkin </wordcount>
    <wordcount weight="1" > facts </wordcount>
    <wordcount weight="1" > difficulties </wordcount>
    <wordcount weight="1" > dynamics </wordcount>
    <wordcount weight="1" > inner </wordcount>
    <wordcount weight="1" > calculated </wordcount>
    <wordcount weight="1" > constantly </wordcount>
    <wordcount weight="1" > against </wordcount>
    <wordcount weight="1" > hierarchy </wordcount>
    <wordcount weight="1" > unpublished </wordcount>
    <wordcount weight="1" > oakwood </wordcount>
    <wordcount weight="1" > dstandard </wordcount>
    <wordcount weight="1" > interest </wordcount>
    <wordcount weight="1" > pitfalls </wordcount>
    <wordcount weight="1" > characteristic </wordcount>
    <wordcount weight="1" > basal </wordcount>
    <wordcount weight="1" > relations </wordcount>
    <wordcount weight="1" > shales </wordcount>
    <wordcount weight="1" > raises </wordcount>
    <wordcount weight="1" > occurs </wordcount>
    <wordcount weight="1" > disruptive </wordcount>
    <wordcount weight="1" > assessment </wordcount>
    <wordcount weight="1" > extensively </wordcount>
    <wordcount weight="1" > montana </wordcount>
    <wordcount weight="1" > prostration </wordcount>
    <wordcount weight="1" > panaxia </wordcount>
    <wordcount weight="1" > inserted </wordcount>
    <wordcount weight="1" > clay </wordcount>
    <wordcount weight="1" > probabilities </wordcount>
    <wordcount weight="1" > glandulosa </wordcount>
    <wordcount weight="1" > underlying </wordcount>
    <wordcount weight="1" > keep </wordcount>
    <wordcount weight="1" > crosses </wordcount>
    <wordcount weight="1" > depend </wordcount>
    <wordcount weight="1" > sized </wordcount>
    <wordcount weight="1" > profound </wordcount>
    <wordcount weight="1" > causing </wordcount>
    <wordcount weight="1" > gradients </wordcount>
    <wordcount weight="1" > oxford </wordcount>
    <wordcount weight="1" > allowing </wordcount>
    <wordcount weight="1" > suitable </wordcount>
    <wordcount weight="1" > dates </wordcount>
    <wordcount weight="1" > left </wordcount>
    <wordcount weight="1" > overcomes </wordcount>
    <wordcount weight="1" > mechanical </wordcount>
    <wordcount weight="1" > find </wordcount>
    <wordcount weight="1" > unequivocally </wordcount>
    <wordcount weight="1" > weight </wordcount>
    <wordcount weight="1" > hybrid </wordcount>
    <wordcount weight="1" > packing </wordcount>
    <wordcount weight="1" > y </wordcount>
    <wordcount weight="1" > drawn </wordcount>
    <wordcount weight="1" > postulate </wordcount>
    <wordcount weight="1" > details </wordcount>
    <wordcount weight="1" > dublin </wordcount>
    <wordcount weight="1" > demonstration </wordcount>
    <wordcount weight="1" > graded </wordcount>
    <wordcount weight="1" > zinc </wordcount>
    <wordcount weight="1" > tolerance </wordcount>
    <wordcount weight="1" > rates </wordcount>
    <wordcount weight="1" > ecodemes </wordcount>
    <wordcount weight="1" > cms </wordcount>
    <wordcount weight="1" > drained </wordcount>
    <wordcount weight="1" > permits </wordcount>
    <wordcount weight="1" > site </wordcount>
    <wordcount weight="1" > go </wordcount>
    <wordcount weight="1" > escaped </wordcount>
    <wordcount weight="1" > isohyets </wordcount>
    <wordcount weight="1" > bull </wordcount>
    <wordcount weight="1" > primordia </wordcount>
    <wordcount weight="1" > exact </wordcount>
    <wordcount weight="1" > flop </wordcount>
    <wordcount weight="1" > across </wordcount>
    <wordcount weight="1" > how </wordcount>
    <wordcount weight="1" > basic </wordcount>
    <wordcount weight="1" > square </wordcount>
    <wordcount weight="1" > levels </wordcount>
    <wordcount weight="1" > modificationspopulation </wordcount>
    <wordcount weight="1" > precluded </wordcount>
    <wordcount weight="1" > active </wordcount>
    <wordcount weight="1" > parasite </wordcount>
    <wordcount weight="1" > caernarvonshire </wordcount>
    <wordcount weight="1" > certain </wordcount>
    <wordcount weight="1" > direct </wordcount>
    <wordcount weight="1" > plots </wordcount>
    <wordcount weight="1" > fungal </wordcount>
    <wordcount weight="1" > scrub </wordcount>
    <wordcount weight="1" > internat </wordcount>
    <wordcount weight="1" > consequences </wordcount>
    <wordcount weight="1" > geneticist </wordcount>
    <wordcount weight="1" > modified </wordcount>
    <wordcount weight="1" > understand </wordcount>
    <wordcount weight="1" > utterly </wordcount>
    <wordcount weight="1" > biased </wordcount>
    <wordcount weight="1" > locally </wordcount>
    <wordcount weight="1" > alps </wordcount>
    <wordcount weight="1" > river </wordcount>
    <wordcount weight="1" > statistical </wordcount>
    <wordcount weight="1" > replications </wordcount>
    <wordcount weight="1" > slowly </wordcount>
    <wordcount weight="1" > presumably </wordcount>
    <wordcount weight="1" > molinia </wordcount>
    <wordcount weight="1" > contaminated </wordcount>
    <wordcount weight="1" > quoted </wordcount>
    <wordcount weight="1" > moderately </wordcount>
    <wordcount weight="1" > days </wordcount>
    <wordcount weight="1" > weather </wordcount>
    <wordcount weight="1" > acris </wordcount>
    <wordcount weight="1" > prevent </wordcount>
    <wordcount weight="1" > mixtures </wordcount>
    <wordcount weight="1" > shorter </wordcount>
    <wordcount weight="1" > surface </wordcount>
    <wordcount weight="1" > follow </wordcount>
    <wordcount weight="1" > drought </wordcount>
    <wordcount weight="1" > beddows </wordcount>
    <wordcount weight="1" > steeper </wordcount>
    <wordcount weight="1" > comparisons </wordcount>
    <wordcount weight="1" > definite </wordcount>
    <wordcount weight="1" > genotypes </wordcount>
    <wordcount weight="1" > subsidiary </wordcount>
    <wordcount weight="1" > ioo </wordcount>
    <wordcount weight="1" > odd </wordcount>
    <wordcount weight="1" > silt </wordcount>
    <wordcount weight="1" > providing </wordcount>
    <wordcount weight="1" > disclosed </wordcount>
    <wordcount weight="1" > microclimate </wordcount>
    <wordcount weight="1" > expressed </wordcount>
    <wordcount weight="1" > habitually </wordcount>
    <wordcount weight="1" > acknowledgments </wordcount>
    <wordcount weight="1" > begun </wordcount>
    <wordcount weight="1" > determines </wordcount>
    <wordcount weight="1" > discrete </wordcount>
    <wordcount weight="1" > camelina </wordcount>
    <wordcount weight="1" > subscribe </wordcount>
    <wordcount weight="1" > shared </wordcount>
    <wordcount weight="1" > pioneer </wordcount>
    <wordcount weight="1" > amer </wordcount>
    <wordcount weight="1" > percentages </wordcount>
    <wordcount weight="1" > initial </wordcount>
    <wordcount weight="1" > correlates </wordcount>
    <wordcount weight="1" > term </wordcount>
    <wordcount weight="1" > late </wordcount>
    <wordcount weight="1" > infected </wordcount>
    <wordcount weight="1" > boxes </wordcount>
    <wordcount weight="1" > block </wordcount>
    <wordcount weight="1" > fisher </wordcount>
    <wordcount weight="1" > precautions </wordcount>
    <wordcount weight="1" > intensity </wordcount>
    <wordcount weight="1" > analogous </wordcount>
    <wordcount weight="1" > scale </wordcount>
    <wordcount weight="1" > wealth </wordcount>
    <wordcount weight="1" > pollen </wordcount>
    <wordcount weight="1" > arenaria </wordcount>
    <wordcount weight="1" > wide </wordcount>
    <wordcount weight="1" > severest </wordcount>
    <wordcount weight="1" > directly </wordcount>
    <wordcount weight="1" > briefly </wordcount>
    <wordcount weight="1" > colonies </wordcount>
    <wordcount weight="1" > keeping </wordcount>
    <wordcount weight="1" > having </wordcount>
    <wordcount weight="1" > closed </wordcount>
    <wordcount weight="1" > polygenically </wordcount>
    <wordcount weight="1" > strict </wordcount>
    <wordcount weight="1" > nearest </wordcount>
    <wordcount weight="1" > significantly </wordcount>
    <wordcount weight="1" > favourable </wordcount>
    <wordcount weight="1" > agronomic </wordcount>
    <wordcount weight="1" > hereditary </wordcount>
    <wordcount weight="1" > appreciable </wordcount>
    <wordcount weight="1" > substantiating </wordcount>
    <wordcount weight="1" > explains </wordcount>
    <wordcount weight="1" > predominately </wordcount>
    <wordcount weight="1" > knowledge </wordcount>
    <wordcount weight="1" > lays </wordcount>
    <wordcount weight="1" > comment </wordcount>
    <wordcount weight="1" > description </wordcount>
    <wordcount weight="1" > ecologist </wordcount>
    <wordcount weight="1" > whole </wordcount>
    <wordcount weight="1" > gave </wordcount>
    <wordcount weight="1" > abilitv </wordcount>
    <wordcount weight="1" > kindly </wordcount>
    <wordcount weight="1" > q </wordcount>
    <wordcount weight="1" > tangled </wordcount>
    <wordcount weight="1" > inferences </wordcount>
    <wordcount weight="1" > climatic </wordcount>
    <wordcount weight="1" > heredity </wordcount>
    <wordcount weight="1" > actually </wordcount>
    <wordcount weight="1" > mathematical </wordcount>
    <wordcount weight="1" > apparently </wordcount>
    <wordcount weight="1" > bud </wordcount>
    <wordcount weight="1" > away </wordcount>
    <wordcount weight="1" > appreciated </wordcount>
    <wordcount weight="1" > showing </wordcount>
    <wordcount weight="1" > genet </wordcount>
    <wordcount weight="1" > smallest </wordcount>
    <wordcount weight="1" > status </wordcount>
    <wordcount weight="1" > trends </wordcount>
    <wordcount weight="1" > hidden </wordcount>
    <wordcount weight="1" > approach </wordcount>
    <wordcount weight="1" > swards </wordcount>
    <wordcount weight="1" > causal </wordcount>
    <wordcount weight="1" > ratios </wordcount>
    <wordcount weight="1" > successful </wordcount>
    <wordcount weight="1" > below </wordcount>
    <wordcount weight="1" > negligible </wordcount>
    <wordcount weight="1" > drier </wordcount>
    <wordcount weight="1" > suggest </wordcount>
    <wordcount weight="1" > tested </wordcount>
    <wordcount weight="1" > stimulated </wordcount>
    <wordcount weight="1" > arbitrary </wordcount>
    <wordcount weight="1" > gradations </wordcount>
    <wordcount weight="1" > exemplifies </wordcount>
    <wordcount weight="1" > cong </wordcount>
    <wordcount weight="1" > acts </wordcount>
    <wordcount weight="1" > presence </wordcount>
    <wordcount weight="1" > rhizomes </wordcount>
    <wordcount weight="1" > grindings </wordcount>
    <wordcount weight="1" > impossible </wordcount>
    <wordcount weight="1" > fully </wordcount>
    <wordcount weight="1" > ranunculus </wordcount>
    <wordcount weight="1" > smallpopulation </wordcount>
    <wordcount weight="1" > spurious </wordcount>
    <wordcount weight="1" > resistance </wordcount>
    <wordcount weight="1" > paid </wordcount>
    <wordcount weight="1" > world </wordcount>
    <wordcount weight="1" > correspondence </wordcount>
    <wordcount weight="1" > notice </wordcount>
    <wordcount weight="1" > notes </wordcount>
    <wordcount weight="1" > holcuts </wordcount>
    <wordcount weight="1" > montane </wordcount>
    <wordcount weight="1" > dowdeswell </wordcount>
    <wordcount weight="1" > reseeded </wordcount>
    <wordcount weight="1" > favoured </wordcount>
    <wordcount weight="1" > geographical </wordcount>
    <wordcount weight="1" > subsequently </wordcount>
    <wordcount weight="1" > snails </wordcount>
    <wordcount weight="1" > contributes </wordcount>
    <wordcount weight="1" > morphology </wordcount>
    <wordcount weight="1" > critical </wordcount>
    <wordcount weight="1" > partially </wordcount>
    <wordcount weight="1" > arrangement </wordcount>
    <wordcount weight="1" > onset </wordcount>
    <wordcount weight="1" > matter </wordcount>
    <wordcount weight="1" > subsp </wordcount>
    <wordcount weight="1" > shedding </wordcount>
    <wordcount weight="1" > guarded </wordcount>
    <wordcount weight="1" > drainage </wordcount>
    <wordcount weight="1" > arvense </wordcount>
    <wordcount weight="1" > constituents </wordcount>
    <wordcount weight="1" > hide </wordcount>
    <wordcount weight="1" > clines </wordcount>
    <wordcount weight="1" > limited </wordcount>
    <wordcount weight="1" > return </wordcount>
    <wordcount weight="1" > edges </wordcount>
    <wordcount weight="1" > prove </wordcount>
    <wordcount weight="1" > make </wordcount>
    <wordcount weight="1" > initially </wordcount>
    <wordcount weight="1" > outer </wordcount>
    <wordcount weight="1" > spot </wordcount>
    <wordcount weight="1" > seemingly </wordcount>
    <wordcount weight="1" > suppose </wordcount>
    <wordcount weight="1" > cultivate </wordcount>
    <wordcount weight="1" > percentage </wordcount>
    <wordcount weight="1" > pastures </wordcount>
    <wordcount weight="1" > studentship </wordcount>
    <wordcount weight="1" > hoeing </wordcount>
    <wordcount weight="1" > collect </wordcount>
    <wordcount weight="1" > potentilla </wordcount>
    <wordcount weight="1" > yet </wordcount>
    <wordcount weight="1" > liability </wordcount>
    <wordcount weight="1" > reference </wordcount>
    <wordcount weight="1" > makes </wordcount>
    <wordcount weight="1" > marginal </wordcount>
    <wordcount weight="1" > soon </wordcount>
    <wordcount weight="1" > evolved </wordcount>
    <wordcount weight="1" > restricted </wordcount>
    <wordcount weight="1" > alpestre </wordcount>
    <wordcount weight="1" > intelligible </wordcount>
    <wordcount weight="1" > ecotypic </wordcount>
    <wordcount weight="1" > rabbit </wordcount>
    <wordcount weight="1" > equalized </wordcount>
    <wordcount weight="1" > hay </wordcount>
    <wordcount weight="1" > evades </wordcount>
    <wordcount weight="1" > belonging </wordcount>
    <wordcount weight="1" > confirmed </wordcount>
    <wordcount weight="1" > prematurely </wordcount>
    <wordcount weight="1" > tum </wordcount>
    <wordcount weight="1" > noted </wordcount>
    <wordcount weight="1" > suggestspopulation </wordcount>
    <wordcount weight="1" > inheritance </wordcount>
    <wordcount weight="1" > surrey </wordcount>
    <wordcount weight="1" > subjective </wordcount>
    <wordcount weight="1" > tennis </wordcount>
    <wordcount weight="1" > members </wordcount>
    <wordcount weight="1" > laterally </wordcount>
    <wordcount weight="1" > stated </wordcount>
    <wordcount weight="1" > genecology </wordcount>
    <wordcount weight="1" > approaching </wordcount>
    <wordcount weight="1" > pointed </wordcount>
    <wordcount weight="1" > put </wordcount>
    <wordcount weight="1" > rock </wordcount>
    <wordcount weight="1" > addition </wordcount>
    <wordcount weight="1" > towards </wordcount>
    <wordcount weight="1" > calluna </wordcount>
    <wordcount weight="1" > clausen </wordcount>
    <wordcount weight="1" > crops </wordcount>
    <wordcount weight="1" > consideration </wordcount>
    <wordcount weight="1" > fundamental </wordcount>
    <wordcount weight="1" > undergrazed </wordcount>
    <wordcount weight="1" > deficient </wordcount>
    <wordcount weight="1" > blocks </wordcount>
    <wordcount weight="1" > seasonality </wordcount>
    <wordcount weight="1" > disturbed </wordcount>
    <wordcount weight="1" > isolate </wordcount>
    <wordcount weight="1" > understandable </wordcount>
    <wordcount weight="1" > grows </wordcount>
    <wordcount weight="1" > doubt </wordcount>
    <wordcount weight="1" > minimize </wordcount>
    <wordcount weight="1" > functionally </wordcount>
    <wordcount weight="1" > waterperry </wordcount>
    <wordcount weight="1" > pairing </wordcount>
    <wordcount weight="1" > snail </wordcount>
    <wordcount weight="1" > rigidum </wordcount>
    <wordcount weight="1" > msc </wordcount>
    <wordcount weight="1" > never </wordcount>
    <wordcount weight="1" > hand </wordcount>
    <wordcount weight="1" > v </wordcount>
    <wordcount weight="1" > arisen </wordcount>
    <wordcount weight="1" > remarkable </wordcount>
    <wordcount weight="1" > increases </wordcount>
    <wordcount weight="1" > covered </wordcount>
    <wordcount weight="1" > operating </wordcount>
    <wordcount weight="1" > developing </wordcount>
    <wordcount weight="1" > existing </wordcount>
    <wordcount weight="1" > ensured </wordcount>
    <wordcount weight="1" > paired </wordcount>
    <wordcount weight="1" > colony </wordcount>
    <wordcount weight="1" > pratensis </wordcount>
    <wordcount weight="1" > breaks </wordcount>
    <wordcount weight="1" > perhaps </wordcount>
    <wordcount weight="1" > gives </wordcount>
    <wordcount weight="1" > spaced </wordcount>
    <wordcount weight="1" > compete </wordcount>
    <wordcount weight="1" > score </wordcount>
    <wordcount weight="1" > day </wordcount>
    <wordcount weight="1" > turf </wordcount>
    <wordcount weight="1" > imagine </wordcount>
    <wordcount weight="1" > demonstrated </wordcount>
    <wordcount weight="1" > collecting </wordcount>
    <wordcount weight="1" > wires </wordcount>
    <wordcount weight="1" > discussion </wordcount>
    <wordcount weight="1" > survive </wordcount>
    <wordcount weight="1" > success </wordcount>
    <wordcount weight="1" > discovery </wordcount>
    <wordcount weight="1" > explanation </wordcount>
    <wordcount weight="1" > upon </wordcount>
    <wordcount weight="1" > maritime </wordcount>
    <wordcount weight="1" > outwards </wordcount>
    <wordcount weight="1" > sides </wordcount>
    <wordcount weight="1" > systematics </wordcount>
    <wordcount weight="1" > including </wordcount>
    <wordcount weight="1" > epichloe </wordcount>
    <wordcount weight="1" > findings </wordcount>
    <wordcount weight="1" > varying </wordcount>
    <wordcount weight="1" > heath </wordcount>
    <wordcount weight="1" > use </wordcount>
    <wordcount weight="1" > characteristically </wordcount>
    <wordcount weight="1" > apomictic </wordcount>
    <wordcount weight="1" > ammophila </wordcount>
    <wordcount weight="1" > assume </wordcount>
    <wordcount weight="1" > resulting </wordcount>
    <wordcount weight="1" > satisfactorily </wordcount>
    <wordcount weight="1" > numbered </wordcount>
    <wordcount weight="1" > trend </wordcount>
    <wordcount weight="1" > maturation </wordcount>
    <wordcount weight="1" > imposes </wordcount>
    <wordcount weight="1" > exerted </wordcount>
    <wordcount weight="1" > chosen </wordcount>
    <wordcount weight="1" > previous </wordcount>
    <wordcount weight="1" > patchwork </wordcount>
    <wordcount weight="1" > roberts </wordcount>
    <wordcount weight="1" > grassy </wordcount>
    <wordcount weight="1" > discovered </wordcount>
    <wordcount weight="1" > melandrium </wordcount>
    <wordcount weight="1" > poisoning </wordcount>
    <wordcount weight="1" > op </wordcount>
    <wordcount weight="1" > ireland </wordcount>
    <wordcount weight="1" > agric </wordcount>
    <wordcount weight="1" > rhizomatous </wordcount>
    <wordcount weight="1" > held </wordcount>
    <wordcount weight="1" > times </wordcount>
    <wordcount weight="1" > geographically </wordcount>
    <wordcount weight="1" > analysing </wordcount>
    <wordcount weight="1" > probable </wordcount>
    <wordcount weight="1" > abundant </wordcount>
    <wordcount weight="1" > thomas </wordcount>
    <wordcount weight="1" > poa </wordcount>
    <wordcount weight="1" > mcm </wordcount>
    <wordcount weight="1" > decide </wordcount>
    <wordcount weight="1" > special </wordcount>
    <wordcount weight="1" > behind </wordcount>
    <wordcount weight="1" > internal </wordcount>
    <wordcount weight="1" > systems </wordcount>
    <wordcount weight="1" > evolutionary </wordcount>
    <wordcount weight="1" > moist </wordcount>
    <wordcount weight="1" > normal </wordcount>
    <wordcount weight="1" > toxicity </wordcount>
    <wordcount weight="1" > sight </wordcount>
    <wordcount weight="1" > sensible </wordcount>
    <wordcount weight="1" > mayr </wordcount>
    <wordcount weight="1" > examine </wordcount>
    <wordcount weight="1" > categorize </wordcount>
    <wordcount weight="1" > probably </wordcount>
    <wordcount weight="1" > equivalent </wordcount>
    <wordcount weight="1" > haven </wordcount>
    <wordcount weight="1" > relative </wordcount>
    <wordcount weight="1" > cliffs </wordcount>
    <wordcount weight="1" > attention </wordcount>
    <wordcount weight="1" > unrelated </wordcount>
    <wordcount weight="1" > leeds </wordcount>
    <wordcount weight="1" > observational </wordcount>
    <wordcount weight="1" > increasing </wordcount>
    <wordcount weight="1" > dealing </wordcount>
    <wordcount weight="1" > purpurea </wordcount>
    <wordcount weight="1" > suggestion </wordcount>
    <wordcount weight="1" > imply </wordcount>
    <wordcount weight="1" > shoot </wordcount>
    <wordcount weight="1" > flower </wordcount>
    <wordcount weight="1" > irregular </wordcount>
    <wordcount weight="1" > tentative </wordcount>
    <wordcount weight="1" > continued </wordcount>
    <wordcount weight="1" > regular </wordcount>
    <wordcount weight="1" > stebbins </wordcount>
    <wordcount weight="1" > alun </wordcount>
    <wordcount weight="1" > maps </wordcount>
    <wordcount weight="1" > polygenic </wordcount>
    <wordcount weight="1" > vertical </wordcount>
    <wordcount weight="1" > foregoing </wordcount>
    <wordcount weight="1" > bare </wordcount>
    <wordcount weight="1" > attacking </wordcount>
    <wordcount weight="1" > slow </wordcount>
    <wordcount weight="1" > referred </wordcount>
    <wordcount weight="1" > excluding </wordcount>
    <wordcount weight="1" > divergences </wordcount>
    <wordcount weight="1" > interplay </wordcount>
    <wordcount weight="1" > recognize </wordcount>
    <wordcount weight="1" > delicacy </wordcount>
    <wordcount weight="1" > life </wordcount>
    <wordcount weight="1" > why </wordcount>
    <wordcount weight="1" > ordovician </wordcount>
    <wordcount weight="1" > methods </wordcount>
    <wordcount weight="1" > fall </wordcount>
    <wordcount weight="1" > surprising </wordcount>
    <wordcount weight="1" > centres </wordcount>
    <wordcount weight="1" > british </wordcount>
    <wordcount weight="1" > months </wordcount>
    <wordcount weight="1" > pembrokeshire </wordcount>
    <wordcount weight="1" > middlesex </wordcount>
    <wordcount weight="1" > pressures </wordcount>
    <wordcount weight="1" > meant </wordcount>
    <wordcount weight="1" > genetical </wordcount>
    <wordcount weight="1" > experimentally </wordcount>
    <wordcount weight="1" > undercurrents </wordcount>
    <wordcount weight="1" > detail </wordcount>
    <wordcount weight="1" > undulating </wordcount>
    <wordcount weight="1" > anthesis </wordcount>
    <wordcount weight="1" > curious </wordcount>
    <wordcount weight="1" > preventing </wordcount>
    <wordcount weight="1" > outlier </wordcount>
    <wordcount weight="1" > herbage </wordcount>
    <wordcount weight="1" > overriding </wordcount>
    <wordcount weight="1" > sloping </wordcount>
    <wordcount weight="1" > exemplified </wordcount>
    <wordcount weight="1" > conjunction </wordcount>
    <wordcount weight="1" > demonstrate </wordcount>
    <wordcount weight="1" > zoo </wordcount>
    <wordcount weight="1" > scarcely </wordcount>
    <wordcount weight="1" > continues </wordcount>
    <wordcount weight="1" > known </wordcount>
    <wordcount weight="1" > discrepancy </wordcount>
    <wordcount weight="1" > satisfactory </wordcount>
    <wordcount weight="1" > nezv </wordcount>
    <wordcount weight="1" > here </wordcount>
    <wordcount weight="1" > alternative </wordcount>
    <wordcount weight="1" > hospitality </wordcount>
    <wordcount weight="1" > continental </wordcount>
    <wordcount weight="1" > colonization </wordcount>
    <wordcount weight="1" > faulty </wordcount>
    <wordcount weight="1" > meadows </wordcount>
    <wordcount weight="1" > sativa </wordcount>
    <wordcount weight="1" > inclined </wordcount>
    <wordcount weight="1" > auxiliary </wordcount>
    <wordcount weight="1" > connection </wordcount>
    <wordcount weight="1" > setting </wordcount>
    <wordcount weight="1" > believe </wordcount>
    <wordcount weight="1" > altering </wordcount>
    <wordcount weight="1" > straightforward </wordcount>
    <wordcount weight="1" > rye </wordcount>
    <wordcount weight="1" > half </wordcount>
    <wordcount weight="1" > unstinted </wordcount>
    <wordcount weight="1" > regard </wordcount>
    <wordcount weight="1" > counting </wordcount>
    <wordcount weight="1" > observe </wordcount>
    <wordcount weight="1" > hiesey </wordcount>
    <wordcount weight="1" > associated </wordcount>
    <wordcount weight="1" > cultivation </wordcount>
    <wordcount weight="1" > narrowed </wordcount>
    <wordcount weight="1" > build </wordcount>
    <wordcount weight="1" > examining </wordcount>
    <wordcount weight="1" > trailing </wordcount>
    <wordcount weight="1" > distinctive </wordcount>
    <wordcount weight="1" > just </wordcount>
    <wordcount weight="1" > discontinuous </wordcount>
    <wordcount weight="1" > scores </wordcount>
    <wordcount weight="1" > following </wordcount>
    <wordcount weight="1" > animal </wordcount>
    <wordcount weight="1" > explanations </wordcount>
    <wordcount weight="1" > automatically </wordcount>
    <wordcount weight="1" > nfs </wordcount>
    <wordcount weight="1" > spatial </wordcount>
    <wordcount weight="1" > references </wordcount>
    <wordcount weight="1" > independently </wordcount>
    <wordcount weight="1" > imposed </wordcount>
    <wordcount weight="1" > nearby </wordcount>
    <wordcount weight="1" > calculations </wordcount>
    <wordcount weight="1" > map </wordcount>
    <wordcount weight="1" > unnecessary </wordcount>
    <wordcount weight="1" > extent </wordcount>
    <wordcount weight="1" > consisting </wordcount>
    <wordcount weight="1" > weights </wordcount>
    <wordcount weight="1" > mendelian </wordcount>
    <wordcount weight="1" > eriophorum </wordcount>
    <wordcount weight="1" > apex </wordcount>
    <wordcount weight="1" > moth </wordcount>
    <wordcount weight="1" > maturing </wordcount>
    <wordcount weight="1" > too </wordcount>
    <wordcount weight="1" > port </wordcount>
    <wordcount weight="1" > basally </wordcount>
    <wordcount weight="1" > occasionally </wordcount>
    <wordcount weight="1" > milford </wordcount>
    <wordcount weight="1" > recognition </wordcount>
    <wordcount weight="1" > affecting </wordcount>
    <wordcount weight="1" > through </wordcount>
    <wordcount weight="1" > uniform </wordcount>
    <wordcount weight="1" > introduced </wordcount>
    <wordcount weight="1" > despite </wordcount>
    <wordcount weight="1" > became </wordcount>
    <wordcount weight="1" > variability </wordcount>
    <wordcount weight="1" > intended </wordcount>
    <wordcount weight="1" > measure </wordcount>
    <wordcount weight="1" > hybridization </wordcount>
    <wordcount weight="1" > obtain </wordcount>
    <wordcount weight="1" > arguments </wordcount>
    <wordcount weight="1" > divided </wordcount>
    <wordcount weight="1" > using </wordcount>
    <wordcount weight="1" > allows </wordcount>
    <wordcount weight="1" > aspect </wordcount>
    <wordcount weight="1" > coming </wordcount>
    <wordcount weight="1" > discontinued </wordcount>
    <wordcount weight="1" > varied </wordcount>
    <wordcount weight="1" > dominant </wordcount>
    <wordcount weight="1" > ends </wordcount>
    <wordcount weight="1" > commercial </wordcount>
    <wordcount weight="1" > unable </wordcount>
    <wordcount weight="1" > lands </wordcount>
    <wordcount weight="1" > average </wordcount>
    <wordcount weight="1" > resist </wordcount>
    <wordcount weight="1" > similarity </wordcount>
    <wordcount weight="1" > genetically </wordcount>
    <wordcount weight="1" > decrease </wordcount>
    <wordcount weight="1" > envisaged </wordcount>
    <wordcount weight="1" > flushed </wordcount>
    <wordcount weight="1" > suffers </wordcount>
    <wordcount weight="1" > dense </wordcount>
    <wordcount weight="1" > define </wordcount>
    <wordcount weight="1" > deduction </wordcount>
    <wordcount weight="1" > smaller </wordcount>
    <wordcount weight="1" > autumn </wordcount>
    <wordcount weight="1" > involving </wordcount>
    <wordcount weight="1" > defined </wordcount>
    <wordcount weight="1" > extremely </wordcount>
    <wordcount weight="1" > remains </wordcount>
    <wordcount weight="1" > summary </wordcount>
    <wordcount weight="1" > intermittently </wordcount>
    <wordcount weight="1" > supported </wordcount>
    <wordcount weight="1" > genotypical </wordcount>
    <wordcount weight="1" > potential </wordcount>
    <wordcount weight="1" > assumed </wordcount>
    <wordcount weight="1" > digitalis </wordcount>
    <wordcount weight="1" > km </wordcount>
    <wordcount weight="1" > anthoxanthum </wordcount>
    <wordcount weight="1" > smooth </wordcount>
    <wordcount weight="1" > transitory </wordcount>
    <wordcount weight="1" > afield </wordcount>
    <wordcount weight="1" > cline </wordcount>
    <wordcount weight="1" > temperatures </wordcount>
    <wordcount weight="1" > podsolized </wordcount>
    <wordcount weight="1" > cardiganshire </wordcount>
    <wordcount weight="1" > indistinguishable </wordcount>
    <wordcount weight="1" > successive </wordcount>
    <wordcount weight="1" > workings </wordcount>
    <wordcount weight="1" > race </wordcount>
    <wordcount weight="1" > major </wordcount>
    <wordcount weight="1" > increase </wordcount>
    <wordcount weight="1" > constitution </wordcount>
</article>
