<?xml version="1.0" encoding="UTF-8"?>
<article id="10.2307/2458766" >
    <wordcount weight="294" > the </wordcount>
    <wordcount weight="263" > of </wordcount>
    <wordcount weight="181" > in </wordcount>
    <wordcount weight="134" > and </wordcount>
    <wordcount weight="106" > a </wordcount>
    <wordcount weight="59" > from </wordcount>
    <wordcount weight="54" > to </wordcount>
    <wordcount weight="51" > species </wordcount>
    <wordcount weight="42" > clones </wordcount>
    <wordcount weight="36" > community </wordcount>
    <wordcount weight="32" > ecotypic </wordcount>
    <wordcount weight="32" > variation </wordcount>
    <wordcount weight="32" > within </wordcount>
    <wordcount weight="29" > flowering </wordcount>
    <wordcount weight="25" > studies </wordcount>
    <wordcount weight="24" > j </wordcount>
    <wordcount weight="23" > under </wordcount>
    <wordcount weight="21" > communities </wordcount>
    <wordcount weight="21" > habitat </wordcount>
    <wordcount weight="20" > were </wordcount>
    <wordcount weight="19" > is </wordcount>
    <wordcount weight="19" > with </wordcount>
    <wordcount weight="19" > was </wordcount>
    <wordcount weight="18" > for </wordcount>
    <wordcount weight="18" > among </wordcount>
    <wordcount weight="17" > at </wordcount>
    <wordcount weight="17" > populations </wordcount>
    <wordcount weight="17" > growth </wordcount>
    <wordcount weight="16" > by </wordcount>
    <wordcount weight="15" > selection </wordcount>
    <wordcount weight="15" > light </wordcount>
    <wordcount weight="15" > that </wordcount>
    <wordcount weight="15" > ecotypes </wordcount>
    <wordcount weight="15" > north </wordcount>
    <wordcount weight="14" > been </wordcount>
    <wordcount weight="14" > on </wordcount>
    <wordcount weight="14" > number </wordcount>
    <wordcount weight="14" > texas </wordcount>
    <wordcount weight="13" > same </wordcount>
    <wordcount weight="13" > patterns </wordcount>
    <wordcount weight="12" > as </wordcount>
    <wordcount weight="12" > these </wordcount>
    <wordcount weight="12" > transplant </wordcount>
    <wordcount weight="12" > northern </wordcount>
    <wordcount weight="11" > andropogon </wordcount>
    <wordcount weight="11" > behavior </wordcount>
    <wordcount weight="11" > demonstrated </wordcount>
    <wordcount weight="11" > american </wordcount>
    <wordcount weight="11" > period </wordcount>
    <wordcount weight="11" > function </wordcount>
    <wordcount weight="11" > be </wordcount>
    <wordcount weight="10" > later </wordcount>
    <wordcount weight="10" > ecological </wordcount>
    <wordcount weight="10" > garden </wordcount>
    <wordcount weight="10" > more </wordcount>
    <wordcount weight="10" > had </wordcount>
    <wordcount weight="10" > different </wordcount>
    <wordcount weight="10" > grassland </wordcount>
    <wordcount weight="10" > flowered </wordcount>
    <wordcount weight="10" > this </wordcount>
    <wordcount weight="10" > an </wordcount>
    <wordcount weight="10" > plant </wordcount>
    <wordcount weight="9" > l </wordcount>
    <wordcount weight="9" > bot </wordcount>
    <wordcount weight="9" > certain </wordcount>
    <wordcount weight="9" > forest </wordcount>
    <wordcount weight="9" > growing </wordcount>
    <wordcount weight="9" > over </wordcount>
    <wordcount weight="9" > are </wordcount>
    <wordcount weight="9" > differences </wordcount>
    <wordcount weight="9" > amer </wordcount>
    <wordcount weight="9" > panicum </wordcount>
    <wordcount weight="9" > role </wordcount>
    <wordcount weight="9" > have </wordcount>
    <wordcount weight="9" > gradient </wordcount>
    <wordcount weight="9" > early </wordcount>
    <wordcount weight="9" > than </wordcount>
    <wordcount weight="9" > showed </wordcount>
    <wordcount weight="8" > common </wordcount>
    <wordcount weight="8" > two </wordcount>
    <wordcount weight="8" > bouteloua </wordcount>
    <wordcount weight="8" > initial </wordcount>
    <wordcount weight="8" > nebraska </wordcount>
    <wordcount weight="8" > v </wordcount>
    <wordcount weight="8" > ecotype </wordcount>
    <wordcount weight="8" > statement </wordcount>
    <wordcount weight="8" > has </wordcount>
    <wordcount weight="8" > during </wordcount>
    <wordcount weight="8" > response </wordcount>
    <wordcount weight="7" > simultaneous </wordcount>
    <wordcount weight="7" > one </wordcount>
    <wordcount weight="7" > analysis </wordcount>
    <wordcount weight="7" > periods </wordcount>
    <wordcount weight="7" > w </wordcount>
    <wordcount weight="7" > natural </wordcount>
    <wordcount weight="7" > many </wordcount>
    <wordcount weight="7" > longer </wordcount>
    <wordcount weight="7" > studied </wordcount>
    <wordcount weight="7" > shown </wordcount>
    <wordcount weight="7" > population </wordcount>
    <wordcount weight="7" > genetic </wordcount>
    <wordcount weight="7" > grass </wordcount>
    <wordcount weight="7" > comparison </wordcount>
    <wordcount weight="7" > gradients </wordcount>
    <wordcount weight="7" > results </wordcount>
    <wordcount weight="6" > south </wordcount>
    <wordcount weight="6" > altitudinal </wordcount>
    <wordcount weight="6" > similar </wordcount>
    <wordcount weight="6" > southern </wordcount>
    <wordcount weight="6" > types </wordcount>
    <wordcount weight="6" > particular </wordcount>
    <wordcount weight="6" > variants </wordcount>
    <wordcount weight="6" > days </wordcount>
    <wordcount weight="6" > geographic </wordcount>
    <wordcount weight="6" > colorado </wordcount>
    <wordcount weight="6" > nature </wordcount>
    <wordcount weight="6" > behavioral </wordcount>
    <wordcount weight="6" > produced </wordcount>
    <wordcount weight="6" > temperatures </wordcount>
    <wordcount weight="6" > experimental </wordcount>
    <wordcount weight="6" > maturity </wordcount>
    <wordcount weight="6" > distribution </wordcount>
    <wordcount weight="6" > america </wordcount>
    <wordcount weight="6" > its </wordcount>
    <wordcount weight="6" > three </wordcount>
    <wordcount weight="6" > transplanted </wordcount>
    <wordcount weight="6" > correlated </wordcount>
    <wordcount weight="6" > naturalist </wordcount>
    <wordcount weight="6" > high </wordcount>
    <wordcount weight="6" > concerning </wordcount>
    <wordcount weight="6" > when </wordcount>
    <wordcount weight="6" > observed </wordcount>
    <wordcount weight="5" > r </wordcount>
    <wordcount weight="5" > habitats </wordcount>
    <wordcount weight="5" > after </wordcount>
    <wordcount weight="5" > length </wordcount>
    <wordcount weight="5" > kinds </wordcount>
    <wordcount weight="5" > h </wordcount>
    <wordcount weight="5" > continuity </wordcount>
    <wordcount weight="5" > earliest </wordcount>
    <wordcount weight="5" > flower </wordcount>
    <wordcount weight="5" > result </wordcount>
    <wordcount weight="5" > controlled </wordcount>
    <wordcount weight="5" > but </wordcount>
    <wordcount weight="5" > members </wordcount>
    <wordcount weight="5" > occurrence </wordcount>
    <wordcount weight="5" > those </wordcount>
    <wordcount weight="5" > oklahoma </wordcount>
    <wordcount weight="5" > genera </wordcount>
    <wordcount weight="5" > plants </wordcount>
    <wordcount weight="5" > trees </wordcount>
    <wordcount weight="5" > combination </wordcount>
    <wordcount weight="5" > harmony </wordcount>
    <wordcount weight="5" > central </wordcount>
    <wordcount weight="5" > et </wordcount>
    <wordcount weight="5" > mcmillan </wordcount>
    <wordcount weight="5" > conditions </wordcount>
    <wordcount weight="5" > responses </wordcount>
    <wordcount weight="5" > genetics </wordcount>
    <wordcount weight="5" > seed </wordcount>
    <wordcount weight="5" > evidence </wordcount>
    <wordcount weight="5" > virgatum </wordcount>
    <wordcount weight="4" > span </wordcount>
    <wordcount weight="4" > will </wordcount>
    <wordcount weight="4" > seasons </wordcount>
    <wordcount weight="4" > bull </wordcount>
    <wordcount weight="4" > no </wordcount>
    <wordcount weight="4" > carnegie </wordcount>
    <wordcount weight="4" > short </wordcount>
    <wordcount weight="4" > indicates </wordcount>
    <wordcount weight="4" > their </wordcount>
    <wordcount weight="4" > coastal </wordcount>
    <wordcount weight="4" > photoperiodic </wordcount>
    <wordcount weight="4" > or </wordcount>
    <wordcount weight="4" > into </wordcount>
    <wordcount weight="4" > hiesey </wordcount>
    <wordcount weight="4" > shorter </wordcount>
    <wordcount weight="4" > stipa </wordcount>
    <wordcount weight="4" > height </wordcount>
    <wordcount weight="4" > toward </wordcount>
    <wordcount weight="4" > each </wordcount>
    <wordcount weight="4" > s </wordcount>
    <wordcount weight="4" > sampling </wordcount>
    <wordcount weight="4" > pattern </wordcount>
    <wordcount weight="4" > there </wordcount>
    <wordcount weight="4" > western </wordcount>
    <wordcount weight="4" > pieces </wordcount>
    <wordcount weight="4" > type </wordcount>
    <wordcount weight="4" > effect </wordcount>
    <wordcount weight="4" > differentiation </wordcount>
    <wordcount weight="4" > sci </wordcount>
    <wordcount weight="4" > day </wordcount>
    <wordcount weight="4" > night </wordcount>
    <wordcount weight="4" > dormant </wordcount>
    <wordcount weight="4" > local </wordcount>
    <wordcount weight="4" > vegetational </wordcount>
    <wordcount weight="4" > kansas </wordcount>
    <wordcount weight="4" > some </wordcount>
    <wordcount weight="4" > examples </wordcount>
    <wordcount weight="4" > both </wordcount>
    <wordcount weight="4" > nine </wordcount>
    <wordcount weight="4" > evolution </wordcount>
    <wordcount weight="4" > individuals </wordcount>
    <wordcount weight="4" > which </wordcount>
    <wordcount weight="4" > spring </wordcount>
    <wordcount weight="4" > dakota </wordcount>
    <wordcount weight="4" > washington </wordcount>
    <wordcount weight="4" > agric </wordcount>
    <wordcount weight="4" > general </wordcount>
    <wordcount weight="4" > although </wordcount>
    <wordcount weight="4" > upon </wordcount>
    <wordcount weight="4" > sporobolus </wordcount>
    <wordcount weight="4" > inst </wordcount>
    <wordcount weight="4" > soil </wordcount>
    <wordcount weight="4" > m </wordcount>
    <wordcount weight="4" > june </wordcount>
    <wordcount weight="4" > herbaceous </wordcount>
    <wordcount weight="4" > between </wordcount>
    <wordcount weight="4" > races </wordcount>
    <wordcount weight="4" > forms </wordcount>
    <wordcount weight="4" > bursting </wordcount>
    <wordcount weight="4" > photoperiod </wordcount>
    <wordcount weight="4" > given </wordcount>
    <wordcount weight="4" > demonstration </wordcount>
    <wordcount weight="4" > late </wordcount>
    <wordcount weight="3" > may </wordcount>
    <wordcount weight="3" > ecologists </wordcount>
    <wordcount weight="3" > site </wordcount>
    <wordcount weight="3" > not </wordcount>
    <wordcount weight="3" > second </wordcount>
    <wordcount weight="3" > various </wordcount>
    <wordcount weight="3" > true </wordcount>
    <wordcount weight="3" > his </wordcount>
    <wordcount weight="3" > april </wordcount>
    <wordcount weight="3" > resulted </wordcount>
    <wordcount weight="3" > widespread </wordcount>
    <wordcount weight="3" > achillea </wordcount>
    <wordcount weight="3" > july </wordcount>
    <wordcount weight="3" > eight </wordcount>
    <wordcount weight="3" > support </wordcount>
    <wordcount weight="3" > applied </wordcount>
    <wordcount weight="3" > latitude </wordcount>
    <wordcount weight="3" > culms </wordcount>
    <wordcount weight="3" > ash </wordcount>
    <wordcount weight="3" > occurred </wordcount>
    <wordcount weight="3" > most </wordcount>
    <wordcount weight="3" > lower </wordcount>
    <wordcount weight="3" > characteristics </wordcount>
    <wordcount weight="3" > only </wordcount>
    <wordcount weight="3" > prairie </wordcount>
    <wordcount weight="3" > other </wordcount>
    <wordcount weight="3" > origin </wordcount>
    <wordcount weight="3" > seven </wordcount>
    <wordcount weight="3" > new </wordcount>
    <wordcount weight="3" > near </wordcount>
    <wordcount weight="3" > february </wordcount>
    <wordcount weight="3" > vegetation </wordcount>
    <wordcount weight="3" > publ </wordcount>
    <wordcount weight="3" > following </wordcount>
    <wordcount weight="3" > soc </wordcount>
    <wordcount weight="3" > investigation </wordcount>
    <wordcount weight="3" > less </wordcount>
    <wordcount weight="3" > evaluation </wordcount>
    <wordcount weight="3" > rana </wordcount>
    <wordcount weight="3" > eastern </wordcount>
    <wordcount weight="3" > wide </wordcount>
    <wordcount weight="3" > iv </wordcount>
    <wordcount weight="3" > resumption </wordcount>
    <wordcount weight="3" > maturing </wordcount>
    <wordcount weight="3" > ecol </wordcount>
    <wordcount weight="3" > e </wordcount>
    <wordcount weight="3" > sorghastrum </wordcount>
    <wordcount weight="3" > extended </wordcount>
    <wordcount weight="3" > elevations </wordcount>
    <wordcount weight="3" > res </wordcount>
    <wordcount weight="3" > through </wordcount>
    <wordcount weight="3" > pipiens </wordcount>
    <wordcount weight="3" > representing </wordcount>
    <wordcount weight="3" > intermediate </wordcount>
    <wordcount weight="3" > climatic </wordcount>
    <wordcount weight="3" > sequence </wordcount>
    <wordcount weight="3" > california </wordcount>
    <wordcount weight="3" > turesson </wordcount>
    <wordcount weight="3" > c </wordcount>
    <wordcount weight="3" > such </wordcount>
    <wordcount weight="3" > development </wordcount>
    <wordcount weight="3" > characteristic </wordcount>
    <wordcount weight="3" > grown </wordcount>
    <wordcount weight="3" > d </wordcount>
    <wordcount weight="3" > cold </wordcount>
    <wordcount weight="3" > maritime </wordcount>
    <wordcount weight="3" > stage </wordcount>
    <wordcount weight="3" > earlier </wordcount>
    <wordcount weight="3" > area </wordcount>
    <wordcount weight="3" > biol </wordcount>
    <wordcount weight="3" > study </wordcount>
    <wordcount weight="3" > race </wordcount>
    <wordcount weight="3" > six </wordcount>
    <wordcount weight="3" > variations </wordcount>
    <wordcount weight="3" > much </wordcount>
    <wordcount weight="3" > lincoln </wordcount>
    <wordcount weight="3" > society </wordcount>
    <wordcount weight="2" > expt </wordcount>
    <wordcount weight="2" > scoparius </wordcount>
    <wordcount weight="2" > increasing </wordcount>
    <wordcount weight="2" > higher </wordcount>
    <wordcount weight="2" > f </wordcount>
    <wordcount weight="2" > acad </wordcount>
    <wordcount weight="2" > partially </wordcount>
    <wordcount weight="2" > stoeckeler </wordcount>
    <wordcount weight="2" > shortest </wordcount>
    <wordcount weight="2" > five </wordcount>
    <wordcount weight="2" > comparative </wordcount>
    <wordcount weight="2" > it </wordcount>
    <wordcount weight="2" > altitude </wordcount>
    <wordcount weight="2" > iowa </wordcount>
    <wordcount weight="2" > latitudinal </wordcount>
    <wordcount weight="2" > environmental </wordcount>
    <wordcount weight="2" > kind </wordcount>
    <wordcount weight="2" > resumed </wordcount>
    <wordcount weight="2" > etc </wordcount>
    <wordcount weight="2" > represented </wordcount>
    <wordcount weight="2" > progressively </wordcount>
    <wordcount weight="2" > schreber </wordcount>
    <wordcount weight="2" > grasses </wordcount>
    <wordcount weight="2" > phytol </wordcount>
    <wordcount weight="2" > seedlings </wordcount>
    <wordcount weight="2" > often </wordcount>
    <wordcount weight="2" > tree </wordcount>
    <wordcount weight="2" > instances </wordcount>
    <wordcount weight="2" > monogr </wordcount>
    <wordcount weight="2" > greenhouse </wordcount>
    <wordcount weight="2" > elymus </wordcount>
    <wordcount weight="2" > investigations </wordcount>
    <wordcount weight="2" > nat </wordcount>
    <wordcount weight="2" > considered </wordcount>
    <wordcount weight="2" > included </wordcount>
    <wordcount weight="2" > series </wordcount>
    <wordcount weight="2" > attuned </wordcount>
    <wordcount weight="2" > source </wordcount>
    <wordcount weight="2" > university </wordcount>
    <wordcount weight="2" > wisconsin </wordcount>
    <wordcount weight="2" > commonly </wordcount>
    <wordcount weight="2" > being </wordcount>
    <wordcount weight="2" > first </wordcount>
    <wordcount weight="2" > drosophila </wordcount>
    <wordcount weight="2" > t </wordcount>
    <wordcount weight="2" > sources </wordcount>
    <wordcount weight="2" > strains </wordcount>
    <wordcount weight="2" > anthesis </wordcount>
    <wordcount weight="2" > all </wordcount>
    <wordcount weight="2" > winter </wordcount>
    <wordcount weight="2" > came </wordcount>
    <wordcount weight="2" > lack </wordcount>
    <wordcount weight="2" > alpine </wordcount>
    <wordcount weight="2" > could </wordcount>
    <wordcount weight="2" > areas </wordcount>
    <wordcount weight="2" > minnesota </wordcount>
    <wordcount weight="2" > warm </wordcount>
    <wordcount weight="2" > found </wordcount>
    <wordcount weight="2" > great </wordcount>
    <wordcount weight="2" > nights </wordcount>
    <wordcount weight="2" > taxonomy </wordcount>
    <wordcount weight="2" > rodents </wordcount>
    <wordcount weight="2" > iii </wordcount>
    <wordcount weight="2" > i </wordcount>
    <wordcount weight="2" > inland </wordcount>
    <wordcount weight="2" > aculeatus </wordcount>
    <wordcount weight="2" > devils </wordcount>
    <wordcount weight="2" > sierra </wordcount>
    <wordcount weight="2" > another </wordcount>
    <wordcount weight="2" > miles </wordcount>
    <wordcount weight="2" > further </wordcount>
    <wordcount weight="2" > animal </wordcount>
    <wordcount weight="2" > p </wordcount>
    <wordcount weight="2" > spatial </wordcount>
    <wordcount weight="2" > selected </wordcount>
    <wordcount weight="2" > list </wordcount>
    <wordcount weight="2" > meddel </wordcount>
    <wordcount weight="2" > native </wordcount>
    <wordcount weight="2" > time </wordcount>
    <wordcount weight="2" > adaptation </wordcount>
    <wordcount weight="2" > method </wordcount>
    <wordcount weight="2" > while </wordcount>
    <wordcount weight="2" > northerly </wordcount>
    <wordcount weight="2" > valleys </wordcount>
    <wordcount weight="2" > well </wordcount>
    <wordcount weight="2" > sites </wordcount>
    <wordcount weight="2" > having </wordcount>
    <wordcount weight="2" > occupying </wordcount>
    <wordcount weight="2" > basis </wordcount>
    <wordcount weight="2" > determined </wordcount>
    <wordcount weight="2" > soils </wordcount>
    <wordcount weight="2" > organisms </wordcount>
    <wordcount weight="2" > emphasis </wordcount>
    <wordcount weight="2" > presented </wordcount>
    <wordcount weight="2" > range </wordcount>
    <wordcount weight="2" > repetition </wordcount>
    <wordcount weight="2" > concept </wordcount>
    <wordcount weight="2" > recognition </wordcount>
    <wordcount weight="2" > forested </wordcount>
    <wordcount weight="2" > along </wordcount>
    <wordcount weight="2" > though </wordcount>
    <wordcount weight="2" > significant </wordcount>
    <wordcount weight="2" > sta </wordcount>
    <wordcount weight="2" > diversity </wordcount>
    <wordcount weight="2" > includes </wordcount>
    <wordcount weight="2" > bud </wordcount>
    <wordcount weight="2" > pine </wordcount>
    <wordcount weight="2" > southerly </wordcount>
    <wordcount weight="2" > since </wordcount>
    <wordcount weight="2" > weeks </wordcount>
    <wordcount weight="2" > gerardi </wordcount>
    <wordcount weight="2" > temperature </wordcount>
    <wordcount weight="2" > solidago </wordcount>
    <wordcount weight="2" > ponca </wordcount>
    <wordcount weight="2" > approximately </wordcount>
    <wordcount weight="2" > would </wordcount>
    <wordcount weight="2" > involving </wordcount>
    <wordcount weight="2" > gasterosteus </wordcount>
    <wordcount weight="2" > adaptive </wordcount>
    <wordcount weight="2" > tricolor </wordcount>
    <wordcount weight="2" > extremely </wordcount>
    <wordcount weight="2" > actively </wordcount>
    <wordcount weight="2" > distinct </wordcount>
    <wordcount weight="2" > involved </wordcount>
    <wordcount weight="2" > buds </wordcount>
    <wordcount weight="2" > few </wordcount>
    <wordcount weight="2" > scrub </wordcount>
    <wordcount weight="2" > hereditas </wordcount>
    <wordcount weight="2" > allowing </wordcount>
    <wordcount weight="2" > dates </wordcount>
    <wordcount weight="2" > compared </wordcount>
    <wordcount weight="2" > latest </wordcount>
    <wordcount weight="2" > third </wordcount>
    <wordcount weight="2" > coast </wordcount>
    <wordcount weight="2" > can </wordcount>
    <wordcount weight="2" > grama </wordcount>
    <wordcount weight="2" > structure </wordcount>
    <wordcount weight="2" > white </wordcount>
    <wordcount weight="2" > unpubl </wordcount>
    <wordcount weight="2" > because </wordcount>
    <wordcount weight="2" > sempervirens </wordcount>
    <wordcount weight="2" > should </wordcount>
    <wordcount weight="2" > grasslands </wordcount>
    <wordcount weight="2" > gaz </wordcount>
    <wordcount weight="1" > arboretum </wordcount>
    <wordcount weight="1" > cite </wordcount>
    <wordcount weight="1" > dealing </wordcount>
    <wordcount weight="1" > failed </wordcount>
    <wordcount weight="1" > johnsen </wordcount>
    <wordcount weight="1" > critical </wordcount>
    <wordcount weight="1" > amphibians </wordcount>
    <wordcount weight="1" > vermont </wordcount>
    <wordcount weight="1" > der </wordcount>
    <wordcount weight="1" > favoring </wordcount>
    <wordcount weight="1" > dominants </wordcount>
    <wordcount weight="1" > plantains </wordcount>
    <wordcount weight="1" > states </wordcount>
    <wordcount weight="1" > relationship </wordcount>
    <wordcount weight="1" > noteworthy </wordcount>
    <wordcount weight="1" > bibl </wordcount>
    <wordcount weight="1" > aid </wordcount>
    <wordcount weight="1" > arrangement </wordcount>
    <wordcount weight="1" > annuus </wordcount>
    <wordcount weight="1" > validation </wordcount>
    <wordcount weight="1" > stanford </wordcount>
    <wordcount weight="1" > proc </wordcount>
    <wordcount weight="1" > essential </wordcount>
    <wordcount weight="1" > insects </wordcount>
    <wordcount weight="1" > perry </wordcount>
    <wordcount weight="1" > frequent </wordcount>
    <wordcount weight="1" > publishing </wordcount>
    <wordcount weight="1" > provide </wordcount>
    <wordcount weight="1" > dudley </wordcount>
    <wordcount weight="1" > european </wordcount>
    <wordcount weight="1" > fairly </wordcount>
    <wordcount weight="1" > continued </wordcount>
    <wordcount weight="1" > montana </wordcount>
    <wordcount weight="1" > science </wordcount>
    <wordcount weight="1" > statements </wordcount>
    <wordcount weight="1" > heterolepls </wordcount>
    <wordcount weight="1" > figure </wordcount>
    <wordcount weight="1" > rev </wordcount>
    <wordcount weight="1" > usually </wordcount>
    <wordcount weight="1" > variable </wordcount>
    <wordcount weight="1" > drought </wordcount>
    <wordcount weight="1" > seriphidium </wordcount>
    <wordcount weight="1" > divergence </wordcount>
    <wordcount weight="1" > taxonomist </wordcount>
    <wordcount weight="1" > tropics </wordcount>
    <wordcount weight="1" > correlations </wordcount>
    <wordcount weight="1" > selections </wordcount>
    <wordcount weight="1" > represent </wordcount>
    <wordcount weight="1" > basic </wordcount>
    <wordcount weight="1" > play </wordcount>
    <wordcount weight="1" > kriebel </wordcount>
    <wordcount weight="1" > might </wordcount>
    <wordcount weight="1" > cytogenetic </wordcount>
    <wordcount weight="1" > extreme </wordcount>
    <wordcount weight="1" > principally </wordcount>
    <wordcount weight="1" > longest </wordcount>
    <wordcount weight="1" > trans </wordcount>
    <wordcount weight="1" > primarily </wordcount>
    <wordcount weight="1" > hfereditas </wordcount>
    <wordcount weight="1" > racial </wordcount>
    <wordcount weight="1" > responded </wordcount>
    <wordcount weight="1" > fertility </wordcount>
    <wordcount weight="1" > red </wordcount>
    <wordcount weight="1" > becomes </wordcount>
    <wordcount weight="1" > unpredicted </wordcount>
    <wordcount weight="1" > sandhill </wordcount>
    <wordcount weight="1" > limnology </wordcount>
    <wordcount weight="1" > directing </wordcount>
    <wordcount weight="1" > prove </wordcount>
    <wordcount weight="1" > manitoba </wordcount>
    <wordcount weight="1" > relations </wordcount>
    <wordcount weight="1" > strongly </wordcount>
    <wordcount weight="1" > cornelius </wordcount>
    <wordcount weight="1" > above </wordcount>
    <wordcount weight="1" > dealt </wordcount>
    <wordcount weight="1" > introduction </wordcount>
    <wordcount weight="1" > abstraction </wordcount>
    <wordcount weight="1" > genotypical </wordcount>
    <wordcount weight="1" > began </wordcount>
    <wordcount weight="1" > expanded </wordcount>
    <wordcount weight="1" > deschampsia </wordcount>
    <wordcount weight="1" > exptl </wordcount>
    <wordcount weight="1" > they </wordcount>
    <wordcount weight="1" > sequences </wordcount>
    <wordcount weight="1" > grew </wordcount>
    <wordcount weight="1" > becoming </wordcount>
    <wordcount weight="1" > perennial </wordcount>
    <wordcount weight="1" > mus </wordcount>
    <wordcount weight="1" > helianthus </wordcount>
    <wordcount weight="1" > va </wordcount>
    <wordcount weight="1" > changes </wordcount>
    <wordcount weight="1" > sandy </wordcount>
    <wordcount weight="1" > mtarch </wordcount>
    <wordcount weight="1" > serpentine </wordcount>
    <wordcount weight="1" > introductory </wordcount>
    <wordcount weight="1" > southeast </wordcount>
    <wordcount weight="1" > vicinity </wordcount>
    <wordcount weight="1" > meuli </wordcount>
    <wordcount weight="1" > biological </wordcount>
    <wordcount weight="1" > mostly </wordcount>
    <wordcount weight="1" > superb </wordcount>
    <wordcount weight="1" > stem </wordcount>
    <wordcount weight="1" > prime </wordcount>
    <wordcount weight="1" > scarcity </wordcount>
    <wordcount weight="1" > about </wordcount>
    <wordcount weight="1" > formed </wordcount>
    <wordcount weight="1" > factors </wordcount>
    <wordcount weight="1" > extremes </wordcount>
    <wordcount weight="1" > silvestris </wordcount>
    <wordcount weight="1" > springs </wordcount>
    <wordcount weight="1" > composed </wordcount>
    <wordcount weight="1" > subspeciation </wordcount>
    <wordcount weight="1" > supporting </wordcount>
    <wordcount weight="1" > consistency </wordcount>
    <wordcount weight="1" > haveecotypes </wordcount>
    <wordcount weight="1" > nutkns </wordcount>
    <wordcount weight="1" > tstudies </wordcount>
    <wordcount weight="1" > remains </wordcount>
    <wordcount weight="1" > club </wordcount>
    <wordcount weight="1" > suited </wordcount>
    <wordcount weight="1" > pp </wordcount>
    <wordcount weight="1" > modern </wordcount>
    <wordcount weight="1" > pressures </wordcount>
    <wordcount weight="1" > england </wordcount>
    <wordcount weight="1" > conservation </wordcount>
    <wordcount weight="1" > experimentally </wordcount>
    <wordcount weight="1" > east </wordcount>
    <wordcount weight="1" > houtt </wordcount>
    <wordcount weight="1" > supports </wordcount>
    <wordcount weight="1" > restricted </wordcount>
    <wordcount weight="1" > exposure </wordcount>
    <wordcount weight="1" > robertianum </wordcount>
    <wordcount weight="1" > distributional </wordcount>
    <wordcount weight="1" > possibly </wordcount>
    <wordcount weight="1" > periodsecotypes </wordcount>
    <wordcount weight="1" > selective </wordcount>
    <wordcount weight="1" > lymantria </wordcount>
    <wordcount weight="1" > dormancy </wordcount>
    <wordcount weight="1" > potentials </wordcount>
    <wordcount weight="1" > hybridization </wordcount>
    <wordcount weight="1" > mammal </wordcount>
    <wordcount weight="1" > reciprocal </wordcount>
    <wordcount weight="1" > vaartaja </wordcount>
    <wordcount weight="1" > pinus </wordcount>
    <wordcount weight="1" > lowland </wordcount>
    <wordcount weight="1" > exercised </wordcount>
    <wordcount weight="1" > rarely </wordcount>
    <wordcount weight="1" > altitudes </wordcount>
    <wordcount weight="1" > associated </wordcount>
    <wordcount weight="1" > section </wordcount>
    <wordcount weight="1" > k </wordcount>
    <wordcount weight="1" > air </wordcount>
    <wordcount weight="1" > plantations </wordcount>
    <wordcount weight="1" > sorting </wordcount>
    <wordcount weight="1" > tidsskr </wordcount>
    <wordcount weight="1" > al </wordcount>
    <wordcount weight="1" > genetical </wordcount>
    <wordcount weight="1" > keck </wordcount>
    <wordcount weight="1" > polyploidy </wordcount>
    <wordcount weight="1" > four </wordcount>
    <wordcount weight="1" > northward </wordcount>
    <wordcount weight="1" > department </wordcount>
    <wordcount weight="1" > pseudotsuga </wordcount>
    <wordcount weight="1" > foothill </wordcount>
    <wordcount weight="1" > predicted </wordcount>
    <wordcount weight="1" > symbolic </wordcount>
    <wordcount weight="1" > inheritance </wordcount>
    <wordcount weight="1" > upland </wordcount>
    <wordcount weight="1" > photoperiodismus </wordcount>
    <wordcount weight="1" > contr </wordcount>
    <wordcount weight="1" > pauley </wordcount>
    <wordcount weight="1" > rugosum </wordcount>
    <wordcount weight="1" > generally </wordcount>
    <wordcount weight="1" > substantiated </wordcount>
    <wordcount weight="1" > long </wordcount>
    <wordcount weight="1" > gracills </wordcount>
    <wordcount weight="1" > rather </wordcount>
    <wordcount weight="1" > scoparlus </wordcount>
    <wordcount weight="1" > topographic </wordcount>
    <wordcount weight="1" > resistance </wordcount>
    <wordcount weight="1" > inflorescences </wordcount>
    <wordcount weight="1" > midland </wordcount>
    <wordcount weight="1" > localities </wordcount>
    <wordcount weight="1" > sweden </wordcount>
    <wordcount weight="1" > offers </wordcount>
    <wordcount weight="1" > sustained </wordcount>
    <wordcount weight="1" > sections </wordcount>
    <wordcount weight="1" > maple </wordcount>
    <wordcount weight="1" > dominant </wordcount>
    <wordcount weight="1" > ray </wordcount>
    <wordcount weight="1" > ii </wordcount>
    <wordcount weight="1" > wyoming </wordcount>
    <wordcount weight="1" > differentiated </wordcount>
    <wordcount weight="1" > give </wordcount>
    <wordcount weight="1" > transplanting </wordcount>
    <wordcount weight="1" > indicated </wordcount>
    <wordcount weight="1" > use </wordcount>
    <wordcount weight="1" > genecology </wordcount>
    <wordcount weight="1" > others </wordcount>
    <wordcount weight="1" > season </wordcount>
    <wordcount weight="1" > view </wordcount>
    <wordcount weight="1" > similarly </wordcount>
    <wordcount weight="1" > statens </wordcount>
    <wordcount weight="1" > curtlpendula </wordcount>
    <wordcount weight="1" > clements </wordcount>
    <wordcount weight="1" > pauleyecotypes </wordcount>
    <wordcount weight="1" > nevada </wordcount>
    <wordcount weight="1" > intraspecific </wordcount>
    <wordcount weight="1" > addition </wordcount>
    <wordcount weight="1" > clausen </wordcount>
    <wordcount weight="1" > ibouteloua </wordcount>
    <wordcount weight="1" > cm </wordcount>
    <wordcount weight="1" > forstgenetik </wordcount>
    <wordcount weight="1" > cedar </wordcount>
    <wordcount weight="1" > eighth </wordcount>
    <wordcount weight="1" > kiefer </wordcount>
    <wordcount weight="1" > december </wordcount>
    <wordcount weight="1" > based </wordcount>
    <wordcount weight="1" > sooner </wordcount>
    <wordcount weight="1" > banksiana </wordcount>
    <wordcount weight="1" > fishes </wordcount>
    <wordcount weight="1" > latitudes </wordcount>
    <wordcount weight="1" > recurrent </wordcount>
    <wordcount weight="1" > our </wordcount>
    <wordcount weight="1" > agron </wordcount>
    <wordcount weight="1" > entered </wordcount>
    <wordcount weight="1" > caespitosa </wordcount>
    <wordcount weight="1" > genus </wordcount>
    <wordcount weight="1" > southernmost </wordcount>
    <wordcount weight="1" > sd </wordcount>
    <wordcount weight="1" > current </wordcount>
    <wordcount weight="1" > discrete </wordcount>
    <wordcount weight="1" > combinations </wordcount>
    <wordcount weight="1" > allied </wordcount>
    <wordcount weight="1" > demonstrations </wordcount>
    <wordcount weight="1" > panhandle </wordcount>
    <wordcount weight="1" > foundation </wordcount>
    <wordcount weight="1" > conspicuous </wordcount>
    <wordcount weight="1" > particularly </wordcount>
    <wordcount weight="1" > out </wordcount>
    <wordcount weight="1" > able </wordcount>
    <wordcount weight="1" > relation </wordcount>
    <wordcount weight="1" > diverse </wordcount>
    <wordcount weight="1" > any </wordcount>
    <wordcount weight="1" > obviously </wordcount>
    <wordcount weight="1" > demonstrating </wordcount>
    <wordcount weight="1" > rudolf </wordcount>
    <wordcount weight="1" > composition </wordcount>
    <wordcount weight="1" > very </wordcount>
    <wordcount weight="1" > massachusetts </wordcount>
    <wordcount weight="1" > bluestem </wordcount>
    <wordcount weight="1" > selskab </wordcount>
    <wordcount weight="1" > watertown </wordcount>
    <wordcount weight="1" > edaphic </wordcount>
    <wordcount weight="1" > constant </wordcount>
    <wordcount weight="1" > resulting </wordcount>
    <wordcount weight="1" > differed </wordcount>
    <wordcount weight="1" > essentially </wordcount>
    <wordcount weight="1" > plantago </wordcount>
    <wordcount weight="1" > emerges </wordcount>
    <wordcount weight="1" > separated </wordcount>
    <wordcount weight="1" > reproductive </wordcount>
    <wordcount weight="1" > arvensis </wordcount>
    <wordcount weight="1" > date </wordcount>
    <wordcount weight="1" > usual </wordcount>
    <wordcount weight="1" > stand </wordcount>
    <wordcount weight="1" > fin </wordcount>
    <wordcount weight="1" > populus </wordcount>
    <wordcount weight="1" > hist </wordcount>
    <wordcount weight="1" > normal </wordcount>
    <wordcount weight="1" > formation </wordcount>
    <wordcount weight="1" > focused </wordcount>
    <wordcount weight="1" > shrubs </wordcount>
    <wordcount weight="1" > profitable </wordcount>
    <wordcount weight="1" > discussing </wordcount>
    <wordcount weight="1" > where </wordcount>
    <wordcount weight="1" > what </wordcount>
    <wordcount weight="1" > climate </wordcount>
    <wordcount weight="1" > stearns </wordcount>
    <wordcount weight="1" > literature </wordcount>
    <wordcount weight="1" > affected </wordcount>
    <wordcount weight="1" > validity </wordcount>
    <wordcount weight="1" > hemlock </wordcount>
    <wordcount weight="1" > murr </wordcount>
    <wordcount weight="1" > combined </wordcount>
    <wordcount weight="1" > unique </wordcount>
    <wordcount weight="1" > univ </wordcount>
    <wordcount weight="1" > thujia </wordcount>
    <wordcount weight="1" > form </wordcount>
    <wordcount weight="1" > ent </wordcount>
    <wordcount weight="1" > accounts </wordcount>
    <wordcount weight="1" > maryland </wordcount>
    <wordcount weight="1" > varying </wordcount>
    <wordcount weight="1" > genotypic </wordcount>
    <wordcount weight="1" > gracilis </wordcount>
    <wordcount weight="1" > material </wordcount>
    <wordcount weight="1" > silen </wordcount>
    <wordcount weight="1" > proven </wordcount>
    <wordcount weight="1" > plains </wordcount>
    <wordcount weight="1" > seasonal </wordcount>
    <wordcount weight="1" > interpopulational </wordcount>
    <wordcount weight="1" > perhaps </wordcount>
    <wordcount weight="1" > daylength </wordcount>
    <wordcount weight="1" > instrumental </wordcount>
    <wordcount weight="1" > owing </wordcount>
    <wordcount weight="1" > key </wordcount>
    <wordcount weight="1" > component </wordcount>
    <wordcount weight="1" > coloration </wordcount>
    <wordcount weight="1" > clone </wordcount>
    <wordcount weight="1" > skogsforsoksanstalt </wordcount>
    <wordcount weight="1" > commonest </wordcount>
    <wordcount weight="1" > scopcirius </wordcount>
    <wordcount weight="1" > halsey </wordcount>
    <wordcount weight="1" > mentioned </wordcount>
    <wordcount weight="1" > lumping </wordcount>
    <wordcount weight="1" > institute </wordcount>
    <wordcount weight="1" > convenient </wordcount>
    <wordcount weight="1" > inflorescence </wordcount>
    <wordcount weight="1" > hybrids </wordcount>
    <wordcount weight="1" > olmsted </wordcount>
    <wordcount weight="1" > annual </wordcount>
    <wordcount weight="1" > original </wordcount>
    <wordcount weight="1" > clearly </wordcount>
    <wordcount weight="1" > jack </wordcount>
    <wordcount weight="1" > prostrate </wordcount>
    <wordcount weight="1" > bradshaw </wordcount>
    <wordcount weight="1" > vol </wordcount>
    <wordcount weight="1" > u </wordcount>
    <wordcount weight="1" > suggests </wordcount>
    <wordcount weight="1" > empirically </wordcount>
    <wordcount weight="1" > acer </wordcount>
    <wordcount weight="1" > degrees </wordcount>
    <wordcount weight="1" > understanding </wordcount>
    <wordcount weight="1" > mice </wordcount>
    <wordcount weight="1" > seedings </wordcount>
    <wordcount weight="1" > discussion </wordcount>
    <wordcount weight="1" > object </wordcount>
    <wordcount weight="1" > publish </wordcount>
    <wordcount weight="1" > peromyscus </wordcount>
    <wordcount weight="1" > reached </wordcount>
    <wordcount weight="1" > prior </wordcount>
    <wordcount weight="1" > sparis </wordcount>
    <wordcount weight="1" > alter </wordcount>
    <wordcount weight="1" > assemblages </wordcount>
    <wordcount weight="1" > capable </wordcount>
    <wordcount weight="1" > chiefly </wordcount>
    <wordcount weight="1" > blue </wordcount>
    <wordcount weight="1" > larsen </wordcount>
    <wordcount weight="1" > future </wordcount>
    <wordcount weight="1" > austin </wordcount>
    <wordcount weight="1" > environments </wordcount>
    <wordcount weight="1" > region </wordcount>
    <wordcount weight="1" > little </wordcount>
    <wordcount weight="1" > lake </wordcount>
    <wordcount weight="1" > part </wordcount>
    <wordcount weight="1" > ohio </wordcount>
    <wordcount weight="1" > sea </wordcount>
    <wordcount weight="1" > previously </wordcount>
    <wordcount weight="1" > indicating </wordcount>
    <wordcount weight="1" > characterizing </wordcount>
    <wordcount weight="1" > cited </wordcount>
    <wordcount weight="1" > trends </wordcount>
    <wordcount weight="1" > kan </wordcount>
    <wordcount weight="1" > daylengths </wordcount>
    <wordcount weight="1" > samples </wordcount>
    <wordcount weight="1" > variability </wordcount>
    <wordcount weight="1" > correlation </wordcount>
    <wordcount weight="1" > subject </wordcount>
    <wordcount weight="1" > ecologist </wordcount>
    <wordcount weight="1" > lies </wordcount>
    <wordcount weight="1" > gemeinem </wordcount>
    <wordcount weight="1" > went </wordcount>
    <wordcount weight="1" > zonation </wordcount>
    <wordcount weight="1" > exceeded </wordcount>
    <wordcount weight="1" > used </wordcount>
    <wordcount weight="1" > colias </wordcount>
    <wordcount weight="1" > generalizing </wordcount>
    <wordcount weight="1" > initialflowering </wordcount>
    <wordcount weight="1" > determining </wordcount>
    <wordcount weight="1" > largely </wordcount>
    <wordcount weight="1" > focus </wordcount>
    <wordcount weight="1" > evaluating </wordcount>
    <wordcount weight="1" > occidentalis </wordcount>
    <wordcount weight="1" > tolerance </wordcount>
    <wordcount weight="1" > broad </wordcount>
    <wordcount weight="1" > collective </wordcount>
    <wordcount weight="1" > scarcely </wordcount>
    <wordcount weight="1" > maintained </wordcount>
    <wordcount weight="1" > exist </wordcount>
    <wordcount weight="1" > yielded </wordcount>
    <wordcount weight="1" > gain </wordcount>
    <wordcount weight="1" > effectively </wordcount>
    <wordcount weight="1" > uninvestigated </wordcount>
    <wordcount weight="1" > violi </wordcount>
    <wordcount weight="1" > saskatchewan </wordcount>
    <wordcount weight="1" > varied </wordcount>
    <wordcount weight="1" > terminal </wordcount>
    <wordcount weight="1" > torrey </wordcount>
    <wordcount weight="1" > connecticut </wordcount>
    <wordcount weight="1" > geranium </wordcount>
    <wordcount weight="1" > nursery </wordcount>
    <wordcount weight="1" > loblolly </wordcount>
    <wordcount weight="1" > review </wordcount>
    <wordcount weight="1" > relegated </wordcount>
    <wordcount weight="1" > provenienz </wordcount>
    <wordcount weight="1" > necessitated </wordcount>
    <wordcount weight="1" > sound </wordcount>
    <wordcount weight="1" > relationships </wordcount>
    <wordcount weight="1" > until </wordcount>
    <wordcount weight="1" > students </wordcount>
    <wordcount weight="1" > survival </wordcount>
    <wordcount weight="1" > revegetation </wordcount>
    <wordcount weight="1" > nebr </wordcount>
    <wordcount weight="1" > locations </wordcount>
    <wordcount weight="1" > unable </wordcount>
    <wordcount weight="1" > years </wordcount>
    <wordcount weight="1" > subspecies </wordcount>
    <wordcount weight="1" > nutans </wordcount>
    <wordcount weight="1" > difference </wordcount>
    <wordcount weight="1" > cambridge </wordcount>
    <wordcount weight="1" > herbs </wordcount>
    <wordcount weight="1" > ecodemal </wordcount>
    <wordcount weight="1" > pursuit </wordcount>
    <wordcount weight="1" > bei </wordcount>
    <wordcount weight="1" > september </wordcount>
    <wordcount weight="1" > does </wordcount>
    <wordcount weight="1" > national </wordcount>
    <wordcount weight="1" > g </wordcount>
    <wordcount weight="1" > uniqueness </wordcount>
    <wordcount weight="1" > yrbk </wordcount>
    <wordcount weight="1" > danske </wordcount>
    <wordcount weight="1" > aided </wordcount>
    <wordcount weight="1" > aa </wordcount>
    <wordcount weight="1" > objection </wordcount>
    <wordcount weight="1" > sioux </wordcount>
    <wordcount weight="1" > arnold </wordcount>
    <wordcount weight="1" > workers </wordcount>
    <wordcount weight="1" > course </wordcount>
    <wordcount weight="1" > hesitance </wordcount>
    <wordcount weight="1" > individual </wordcount>
    <wordcount weight="1" > symposium </wordcount>
    <wordcount weight="1" > times </wordcount>
    <wordcount weight="1" > sugar </wordcount>
    <wordcount weight="1" > include </wordcount>
    <wordcount weight="1" > normally </wordcount>
    <wordcount weight="1" > persimilis </wordcount>
    <wordcount weight="1" > characterized </wordcount>
    <wordcount weight="1" > field </wordcount>
    <wordcount weight="1" > so </wordcount>
    <wordcount weight="1" > pseudoobscura </wordcount>
    <wordcount weight="1" > ptznicum </wordcount>
    <wordcount weight="1" > tallest </wordcount>
    <wordcount weight="1" > august </wordcount>
    <wordcount weight="1" > mexico </wordcount>
    <wordcount weight="1" > extensively </wordcount>
    <wordcount weight="1" > expected </wordcount>
    <wordcount weight="1" > effects </wordcount>
    <wordcount weight="1" > fupatorium </wordcount>
    <wordcount weight="1" > geographical </wordcount>
    <wordcount weight="1" > ecology </wordcount>
    <wordcount weight="1" > turn </wordcount>
    <wordcount weight="1" > mixed </wordcount>
    <wordcount weight="1" > adjustment </wordcount>
    <wordcount weight="1" > genetica </wordcount>
    <wordcount weight="1" > drainage </wordcount>
    <wordcount weight="1" > kans </wordcount>
    <wordcount weight="1" > poa </wordcount>
    <wordcount weight="1" > better </wordcount>
    <wordcount weight="1" > sagebrush </wordcount>
    <wordcount weight="1" > repeated </wordcount>
    <wordcount weight="1" > summary </wordcount>
    <wordcount weight="1" > several </wordcount>
    <wordcount weight="1" > theecotypes </wordcount>
    <wordcount weight="1" > refer </wordcount>
    <wordcount weight="1" > potential </wordcount>
    <wordcount weight="1" > goodwin </wordcount>
    <wordcount weight="1" > cool </wordcount>
    <wordcount weight="1" > armeria </wordcount>
    <wordcount weight="1" > viewpoint </wordcount>
    <wordcount weight="1" > twelve </wordcount>
    <wordcount weight="1" > zeitschr </wordcount>
    <wordcount weight="1" > research </wordcount>
    <wordcount weight="1" > lineage </wordcount>
    <wordcount weight="1" > narrow </wordcount>
    <wordcount weight="1" > cytogeography </wordcount>
    <wordcount weight="1" > ann </wordcount>
    <wordcount weight="1" > cenadensis </wordcount>
    <wordcount weight="1" > xvi </wordcount>
    <wordcount weight="1" > cytological </wordcount>
    <wordcount weight="1" > mainly </wordcount>
    <wordcount weight="1" > differing </wordcount>
    <wordcount weight="1" > seeds </wordcount>
    <wordcount weight="1" > tended </wordcount>
    <wordcount weight="1" > viola </wordcount>
    <wordcount weight="1" > symbol </wordcount>
    <wordcount weight="1" > symposia </wordcount>
    <wordcount weight="1" > partial </wordcount>
    <wordcount weight="1" > barely </wordcount>
    <wordcount weight="1" > directly </wordcount>
    <wordcount weight="1" > including </wordcount>
    <wordcount weight="1" > drawn </wordcount>
    <wordcount weight="1" > weaver </wordcount>
    <wordcount weight="1" > even </wordcount>
    <wordcount weight="1" > valley </wordcount>
    <wordcount weight="1" > characters </wordcount>
    <wordcount weight="1" > videnskab </wordcount>
    <wordcount weight="1" > present </wordcount>
    <wordcount weight="1" > forstpflanzenzdcht </wordcount>
    <wordcount weight="1" > und </wordcount>
    <wordcount weight="1" > natl </wordcount>
    <wordcount weight="1" > comparable </wordcount>
    <wordcount weight="1" > swamps </wordcount>
    <wordcount weight="1" > recent </wordcount>
    <wordcount weight="1" > habeck </wordcount>
    <wordcount weight="1" > florida </wordcount>
    <wordcount weight="1" > green </wordcount>
    <wordcount weight="1" > evaluated </wordcount>
    <wordcount weight="1" > broader </wordcount>
    <wordcount weight="1" > meeting </wordcount>
    <wordcount weight="1" > southeastern </wordcount>
    <wordcount weight="1" > curtipendula </wordcount>
    <wordcount weight="1" > attention </wordcount>
    <wordcount weight="1" > cosponsored </wordcount>
    <wordcount weight="1" > gardens </wordcount>
    <wordcount weight="1" > koeleria </wordcount>
    <wordcount weight="1" > adjust </wordcount>
    <wordcount weight="1" > ninth </wordcount>
    <wordcount weight="1" > close </wordcount>
    <wordcount weight="1" > reducing </wordcount>
    <wordcount weight="1" > widely </wordcount>
    <wordcount weight="1" > climax </wordcount>
    <wordcount weight="1" > applies </wordcount>
    <wordcount weight="1" > duplicated </wordcount>
    <wordcount weight="1" > calvin </wordcount>
    <wordcount weight="1" > operating </wordcount>
    <wordcount weight="1" > grants </wordcount>
    <wordcount weight="1" > mechanism </wordcount>
</article>
