<?xml version="1.0" encoding="UTF-8"?>
<article id="10.2307/2407736" >
    <wordcount weight="95" > and </wordcount>
    <wordcount weight="90" > of </wordcount>
    <wordcount weight="67" > in </wordcount>
    <wordcount weight="67" > the </wordcount>
    <wordcount weight="28" > typha </wordcount>
    <wordcount weight="25" > species </wordcount>
    <wordcount weight="21" > t </wordcount>
    <wordcount weight="19" > for </wordcount>
    <wordcount weight="17" > a </wordcount>
    <wordcount weight="17" > to </wordcount>
    <wordcount weight="16" > populations </wordcount>
    <wordcount weight="16" > latifolia </wordcount>
    <wordcount weight="15" > j </wordcount>
    <wordcount weight="15" > variation </wordcount>
    <wordcount weight="15" > were </wordcount>
    <wordcount weight="14" > r </wordcount>
    <wordcount weight="12" > d </wordcount>
    <wordcount weight="11" > from </wordcount>
    <wordcount weight="11" > genetic </wordcount>
    <wordcount weight="10" > as </wordcount>
    <wordcount weight="9" > was </wordcount>
    <wordcount weight="9" > two </wordcount>
    <wordcount weight="9" > that </wordcount>
    <wordcount weight="9" > bands </wordcount>
    <wordcount weight="9" > has </wordcount>
    <wordcount weight="9" > variability </wordcount>
    <wordcount weight="8" > dehydrogenase </wordcount>
    <wordcount weight="8" > not </wordcount>
    <wordcount weight="8" > but </wordcount>
    <wordcount weight="8" > by </wordcount>
    <wordcount weight="8" > m </wordcount>
    <wordcount weight="8" > domingensis </wordcount>
    <wordcount weight="8" > between </wordcount>
    <wordcount weight="8" > be </wordcount>
    <wordcount weight="7" > l </wordcount>
    <wordcount weight="7" > is </wordcount>
    <wordcount weight="7" > also </wordcount>
    <wordcount weight="7" > are </wordcount>
    <wordcount weight="7" > s </wordcount>
    <wordcount weight="7" > c </wordcount>
    <wordcount weight="7" > we </wordcount>
    <wordcount weight="6" > no </wordcount>
    <wordcount weight="6" > been </wordcount>
    <wordcount weight="6" > with </wordcount>
    <wordcount weight="6" > w </wordcount>
    <wordcount weight="6" > enzyme </wordcount>
    <wordcount weight="6" > electrophoretic </wordcount>
    <wordcount weight="6" > differences </wordcount>
    <wordcount weight="6" > i </wordcount>
    <wordcount weight="6" > within </wordcount>
    <wordcount weight="6" > band </wordcount>
    <wordcount weight="6" > evolution </wordcount>
    <wordcount weight="6" > which </wordcount>
    <wordcount weight="6" > north </wordcount>
    <wordcount weight="5" > at </wordcount>
    <wordcount weight="5" > isozymes </wordcount>
    <wordcount weight="5" > similar </wordcount>
    <wordcount weight="5" > united </wordcount>
    <wordcount weight="5" > studies </wordcount>
    <wordcount weight="5" > k </wordcount>
    <wordcount weight="5" > ecotypic </wordcount>
    <wordcount weight="5" > polymorphisms </wordcount>
    <wordcount weight="5" > gel </wordcount>
    <wordcount weight="5" > found </wordcount>
    <wordcount weight="5" > amer </wordcount>
    <wordcount weight="5" > ecology </wordcount>
    <wordcount weight="5" > bot </wordcount>
    <wordcount weight="5" > this </wordcount>
    <wordcount weight="5" > biochemical </wordcount>
    <wordcount weight="5" > states </wordcount>
    <wordcount weight="5" > distinct </wordcount>
    <wordcount weight="5" > on </wordcount>
    <wordcount weight="5" > systems </wordcount>
    <wordcount weight="5" > than </wordcount>
    <wordcount weight="5" > southeastern </wordcount>
    <wordcount weight="4" > stained </wordcount>
    <wordcount weight="4" > acid </wordcount>
    <wordcount weight="4" > migrated </wordcount>
    <wordcount weight="4" > environmental </wordcount>
    <wordcount weight="4" > comments </wordcount>
    <wordcount weight="4" > american </wordcount>
    <wordcount weight="4" > northeastern </wordcount>
    <wordcount weight="4" > lee </wordcount>
    <wordcount weight="4" > each </wordcount>
    <wordcount weight="4" > intraspecific </wordcount>
    <wordcount weight="4" > did </wordcount>
    <wordcount weight="4" > our </wordcount>
    <wordcount weight="4" > appeared </wordcount>
    <wordcount weight="4" > p </wordcount>
    <wordcount weight="4" > physiological </wordcount>
    <wordcount weight="4" > protein </wordcount>
    <wordcount weight="4" > hybridization </wordcount>
    <wordcount weight="4" > have </wordcount>
    <wordcount weight="4" > research </wordcount>
    <wordcount weight="4" > evidence </wordcount>
    <wordcount weight="3" > may </wordcount>
    <wordcount weight="3" > f </wordcount>
    <wordcount weight="3" > it </wordcount>
    <wordcount weight="3" > straney </wordcount>
    <wordcount weight="3" > scored </wordcount>
    <wordcount weight="3" > science </wordcount>
    <wordcount weight="3" > across </wordcount>
    <wordcount weight="3" > ecol </wordcount>
    <wordcount weight="3" > e </wordcount>
    <wordcount weight="3" > table </wordcount>
    <wordcount weight="3" > h </wordcount>
    <wordcount weight="3" > homozygosity </wordcount>
    <wordcount weight="3" > or </wordcount>
    <wordcount weight="3" > buffer </wordcount>
    <wordcount weight="3" > taken </wordcount>
    <wordcount weight="3" > smith </wordcount>
    <wordcount weight="3" > isozyme </wordcount>
    <wordcount weight="3" > clegg </wordcount>
    <wordcount weight="3" > pattern </wordcount>
    <wordcount weight="3" > patterns </wordcount>
    <wordcount weight="3" > interspecifically </wordcount>
    <wordcount weight="3" > experimental </wordcount>
    <wordcount weight="3" > population </wordcount>
    <wordcount weight="3" > system </wordcount>
    <wordcount weight="3" > plants </wordcount>
    <wordcount weight="3" > regulator </wordcount>
    <wordcount weight="3" > degree </wordcount>
    <wordcount weight="3" > analyzed </wordcount>
    <wordcount weight="3" > activity </wordcount>
    <wordcount weight="3" > these </wordcount>
    <wordcount weight="3" > both </wordcount>
    <wordcount weight="3" > community </wordcount>
    <wordcount weight="3" > four </wordcount>
    <wordcount weight="3" > its </wordcount>
    <wordcount weight="3" > electrophoresis </wordcount>
    <wordcount weight="3" > photosynthetic </wordcount>
    <wordcount weight="3" > introgression </wordcount>
    <wordcount weight="3" > locations </wordcount>
    <wordcount weight="3" > differentiation </wordcount>
    <wordcount weight="3" > g </wordcount>
    <wordcount weight="3" > genetics </wordcount>
    <wordcount weight="3" > responses </wordcount>
    <wordcount weight="3" > high </wordcount>
    <wordcount weight="3" > substitutions </wordcount>
    <wordcount weight="3" > ap </wordcount>
    <wordcount weight="3" > six </wordcount>
    <wordcount weight="3" > races </wordcount>
    <wordcount weight="3" > single </wordcount>
    <wordcount weight="3" > can </wordcount>
    <wordcount weight="3" > among </wordcount>
    <wordcount weight="3" > enzymes </wordcount>
    <wordcount weight="3" > hybrids </wordcount>
    <wordcount weight="3" > selander </wordcount>
    <wordcount weight="2" > gels </wordcount>
    <wordcount weight="2" > south </wordcount>
    <wordcount weight="2" > morphology </wordcount>
    <wordcount weight="2" > natur </wordcount>
    <wordcount weight="2" > carnegie </wordcount>
    <wordcount weight="2" > comparative </wordcount>
    <wordcount weight="2" > altitudinal </wordcount>
    <wordcount weight="2" > latitudinal </wordcount>
    <wordcount weight="2" > peptidase </wordcount>
    <wordcount weight="2" > slower </wordcount>
    <wordcount weight="2" > they </wordcount>
    <wordcount weight="2" > b </wordcount>
    <wordcount weight="2" > aquatic </wordcount>
    <wordcount weight="2" > structural </wordcount>
    <wordcount weight="2" > analysis </wordcount>
    <wordcount weight="2" > factors </wordcount>
    <wordcount weight="2" > inst </wordcount>
    <wordcount weight="2" > wash </wordcount>
    <wordcount weight="2" > starch </wordcount>
    <wordcount weight="2" > mashburn </wordcount>
    <wordcount weight="2" > river </wordcount>
    <wordcount weight="2" > heavy </wordcount>
    <wordcount weight="2" > heterozygotes </wordcount>
    <wordcount weight="2" > light </wordcount>
    <wordcount weight="2" > result </wordcount>
    <wordcount weight="2" > show </wordcount>
    <wordcount weight="2" > geographic </wordcount>
    <wordcount weight="2" > savannah </wordcount>
    <wordcount weight="2" > oxaloacetate </wordcount>
    <wordcount weight="2" > might </wordcount>
    <wordcount weight="2" > fig </wordcount>
    <wordcount weight="2" > natural </wordcount>
    <wordcount weight="2" > congeneric </wordcount>
    <wordcount weight="2" > all </wordcount>
    <wordcount weight="2" > many </wordcount>
    <wordcount weight="2" > nature </wordcount>
    <wordcount weight="2" > different </wordcount>
    <wordcount weight="2" > georgia </wordcount>
    <wordcount weight="2" > lack </wordcount>
    <wordcount weight="2" > other </wordcount>
    <wordcount weight="2" > recipes </wordcount>
    <wordcount weight="2" > ecotypes </wordcount>
    <wordcount weight="2" > habitat </wordcount>
    <wordcount weight="2" > any </wordcount>
    <wordcount weight="2" > molecular </wordcount>
    <wordcount weight="2" > pept </wordcount>
    <wordcount weight="2" > banding </wordcount>
    <wordcount weight="2" > carolina </wordcount>
    <wordcount weight="2" > resulting </wordcount>
    <wordcount weight="2" > fractions </wordcount>
    <wordcount weight="2" > mcnaughton </wordcount>
    <wordcount weight="2" > those </wordcount>
    <wordcount weight="2" > ecotype </wordcount>
    <wordcount weight="2" > heterozygosity </wordcount>
    <wordcount weight="2" > phosphoglucose </wordcount>
    <wordcount weight="2" > esterase </wordcount>
    <wordcount weight="2" > isocitrate </wordcount>
    <wordcount weight="2" > isomerase </wordcount>
    <wordcount weight="2" > monog </wordcount>
    <wordcount weight="2" > number </wordcount>
    <wordcount weight="2" > pub </wordcount>
    <wordcount weight="2" > another </wordcount>
    <wordcount weight="2" > america </wordcount>
    <wordcount weight="2" > well </wordcount>
    <wordcount weight="2" > phosphoglucomutase </wordcount>
    <wordcount weight="2" > demonstrated </wordcount>
    <wordcount weight="2" > data </wordcount>
    <wordcount weight="2" > range </wordcount>
    <wordcount weight="2" > reported </wordcount>
    <wordcount weight="2" > differ </wordcount>
    <wordcount weight="2" > samples </wordcount>
    <wordcount weight="2" > identity </wordcount>
    <wordcount weight="2" > techniques </wordcount>
    <wordcount weight="2" > scoreable </wordcount>
    <wordcount weight="2" > ten </wordcount>
    <wordcount weight="2" > got </wordcount>
    <wordcount weight="2" > central </wordcount>
    <wordcount weight="2" > et </wordcount>
    <wordcount weight="2" > prasad </wordcount>
    <wordcount weight="2" > glutamate </wordcount>
    <wordcount weight="2" > described </wordcount>
    <wordcount weight="2" > low </wordcount>
    <wordcount weight="2" > sampled </wordcount>
    <wordcount weight="2" > morphological </wordcount>
    <wordcount weight="2" > transaminase </wordcount>
    <wordcount weight="2" > correlated </wordcount>
    <wordcount weight="2" > would </wordcount>
    <wordcount weight="2" > need </wordcount>
    <wordcount weight="2" > so </wordcount>
    <wordcount weight="2" > an </wordcount>
    <wordcount weight="2" > phosphatase </wordcount>
    <wordcount weight="2" > plant </wordcount>
    <wordcount weight="2" > fairbrothers </wordcount>
    <wordcount weight="2" > babbel </wordcount>
    <wordcount weight="2" > one </wordcount>
    <wordcount weight="2" > amino </wordcount>
    <wordcount weight="2" > study </wordcount>
    <wordcount weight="2" > evolutionary </wordcount>
    <wordcount weight="2" > assumed </wordcount>
    <wordcount weight="2" > allard </wordcount>
    <wordcount weight="2" > malate </wordcount>
    <wordcount weight="2" > effect </wordcount>
    <wordcount weight="2" > more </wordcount>
    <wordcount weight="2" > occur </wordcount>
    <wordcount weight="2" > loci </wordcount>
    <wordcount weight="2" > using </wordcount>
    <wordcount weight="2" > notes </wordcount>
    <wordcount weight="2" > observed </wordcount>
    <wordcount weight="2" > geographical </wordcount>
    <wordcount weight="1" > contributes </wordcount>
    <wordcount weight="1" > polymorphism </wordcount>
    <wordcount weight="1" > alabama </wordcount>
    <wordcount weight="1" > difficult </wordcount>
    <wordcount weight="1" > enzymatic </wordcount>
    <wordcount weight="1" > pgm </wordcount>
    <wordcount weight="1" > increasing </wordcount>
    <wordcount weight="1" > critical </wordcount>
    <wordcount weight="1" > indication </wordcount>
    <wordcount weight="1" > undergraduate </wordcount>
    <wordcount weight="1" > donhingensns </wordcount>
    <wordcount weight="1" > kahler </wordcount>
    <wordcount weight="1" > sample </wordcount>
    <wordcount weight="1" > o </wordcount>
    <wordcount weight="1" > phenotypic </wordcount>
    <wordcount weight="1" > proc </wordcount>
    <wordcount weight="1" > bull </wordcount>
    <wordcount weight="1" > chances </wordcount>
    <wordcount weight="1" > detected </wordcount>
    <wordcount weight="1" > clones </wordcount>
    <wordcount weight="1" > materials </wordcount>
    <wordcount weight="1" > horizontal </wordcount>
    <wordcount weight="1" > common </wordcount>
    <wordcount weight="1" > lot </wordcount>
    <wordcount weight="1" > continued </wordcount>
    <wordcount weight="1" > contended </wordcount>
    <wordcount weight="1" > if </wordcount>
    <wordcount weight="1" > figure </wordcount>
    <wordcount weight="1" > electromorphic </wordcount>
    <wordcount weight="1" > ecological </wordcount>
    <wordcount weight="1" > usually </wordcount>
    <wordcount weight="1" > mooney </wordcount>
    <wordcount weight="1" > drafting </wordcount>
    <wordcount weight="1" > arctic </wordcount>
    <wordcount weight="1" > unstudied </wordcount>
    <wordcount weight="1" > designated </wordcount>
    <wordcount weight="1" > genecology </wordcount>
    <wordcount weight="1" > randomly </wordcount>
    <wordcount weight="1" > parent </wordcount>
    <wordcount weight="1" > levels </wordcount>
    <wordcount weight="1" > fewer </wordcount>
    <wordcount weight="1" > coleman </wordcount>
    <wordcount weight="1" > digyna </wordcount>
    <wordcount weight="1" > coastal </wordcount>
    <wordcount weight="1" > galapagos </wordcount>
    <wordcount weight="1" > northeast </wordcount>
    <wordcount weight="1" > achillea </wordcount>
    <wordcount weight="1" > peromyscus </wordcount>
    <wordcount weight="1" > reduce </wordcount>
    <wordcount weight="1" > environments </wordcount>
    <wordcount weight="1" > seen </wordcount>
    <wordcount weight="1" > still </wordcount>
    <wordcount weight="1" > examined </wordcount>
    <wordcount weight="1" > grasses </wordcount>
    <wordcount weight="1" > probability </wordcount>
    <wordcount weight="1" > drawer </wordcount>
    <wordcount weight="1" > disc </wordcount>
    <wordcount weight="1" > large </wordcount>
    <wordcount weight="1" > needed </wordcount>
    <wordcount weight="1" > phenotypes </wordcount>
    <wordcount weight="1" > pgi </wordcount>
    <wordcount weight="1" > partially </wordcount>
    <wordcount weight="1" > rick </wordcount>
    <wordcount weight="1" > buffers </wordcount>
    <wordcount weight="1" > leaves </wordcount>
    <wordcount weight="1" > methods </wordcount>
    <wordcount weight="1" > mobility </wordcount>
    <wordcount weight="1" > biochem </wordcount>
    <wordcount weight="1" > designed </wordcount>
    <wordcount weight="1" > about </wordcount>
    <wordcount weight="1" > brackish </wordcount>
    <wordcount weight="1" > surprising </wordcount>
    <wordcount weight="1" > imply </wordcount>
    <wordcount weight="1" > simulated </wordcount>
    <wordcount weight="1" > yet </wordcount>
    <wordcount weight="1" > types </wordcount>
    <wordcount weight="1" > slender </wordcount>
    <wordcount weight="1" > fertility </wordcount>
    <wordcount weight="1" > contribute </wordcount>
    <wordcount weight="1" > tissue </wordcount>
    <wordcount weight="1" > salinity </wordcount>
    <wordcount weight="1" > inconsistent </wordcount>
    <wordcount weight="1" > marshes </wordcount>
    <wordcount weight="1" > pp </wordcount>
    <wordcount weight="1" > compilation </wordcount>
    <wordcount weight="1" > susan </wordcount>
    <wordcount weight="1" > undetected </wordcount>
    <wordcount weight="1" > ms </wordcount>
    <wordcount weight="1" > mouse </wordcount>
    <wordcount weight="1" > under </wordcount>
    <wordcount weight="1" > biology </wordcount>
    <wordcount weight="1" > diffuse </wordcount>
    <wordcount weight="1" > restricted </wordcount>
    <wordcount weight="1" > university </wordcount>
    <wordcount weight="1" > laboratory </wordcount>
    <wordcount weight="1" > selective </wordcount>
    <wordcount weight="1" > us </wordcount>
    <wordcount weight="1" > comparisons </wordcount>
    <wordcount weight="1" > hiesey </wordcount>
    <wordcount weight="1" > western </wordcount>
    <wordcount weight="1" > thesis </wordcount>
    <wordcount weight="1" > syst </wordcount>
    <wordcount weight="1" > into </wordcount>
    <wordcount weight="1" > shaw </wordcount>
    <wordcount weight="1" > genotypic </wordcount>
    <wordcount weight="1" > contained </wordcount>
    <wordcount weight="1" > occurred </wordcount>
    <wordcount weight="1" > nat </wordcount>
    <wordcount weight="1" > assistance </wordcount>
    <wordcount weight="1" > ayala </wordcount>
    <wordcount weight="1" > exceptions </wordcount>
    <wordcount weight="1" > same </wordcount>
    <wordcount weight="1" > markert </wordcount>
    <wordcount weight="1" > al </wordcount>
    <wordcount weight="1" > electrostarch </wordcount>
    <wordcount weight="1" > frequently </wordcount>
    <wordcount weight="1" > too </wordcount>
    <wordcount weight="1" > keck </wordcount>
    <wordcount weight="1" > frozen </wordcount>
    <wordcount weight="1" > insights </wordcount>
    <wordcount weight="1" > illustrated </wordcount>
    <wordcount weight="1" > zool </wordcount>
    <wordcount weight="1" > test </wordcount>
    <wordcount weight="1" > extensive </wordcount>
    <wordcount weight="1" > consistent </wordcount>
    <wordcount weight="1" > esterases </wordcount>
    <wordcount weight="1" > avena </wordcount>
    <wordcount weight="1" > regime </wordcount>
    <wordcount weight="1" > adjacent </wordcount>
    <wordcount weight="1" > prairie </wordcount>
    <wordcount weight="1" > ramets </wordcount>
    <wordcount weight="1" > drift </wordcount>
    <wordcount weight="1" > pultin </wordcount>
    <wordcount weight="1" > rodlandnotes </wordcount>
    <wordcount weight="1" > athens </wordcount>
    <wordcount weight="1" > oat </wordcount>
    <wordcount weight="1" > ii </wordcount>
    <wordcount weight="1" > forty </wordcount>
    <wordcount weight="1" > important </wordcount>
    <wordcount weight="1" > strategy </wordcount>
    <wordcount weight="1" > toward </wordcount>
    <wordcount weight="1" > view </wordcount>
    <wordcount weight="1" > stands </wordcount>
    <wordcount weight="1" > dehydrogenases </wordcount>
    <wordcount weight="1" > nsf </wordcount>
    <wordcount weight="1" > primarily </wordcount>
    <wordcount weight="1" > control </wordcount>
    <wordcount weight="1" > marshall </wordcount>
    <wordcount weight="1" > readily </wordcount>
    <wordcount weight="1" > root </wordcount>
    <wordcount weight="1" > speciation </wordcount>
    <wordcount weight="1" > december </wordcount>
    <wordcount weight="1" > sampling </wordcount>
    <wordcount weight="1" > meristem </wordcount>
    <wordcount weight="1" > distance </wordcount>
    <wordcount weight="1" > could </wordcount>
    <wordcount weight="1" > inner </wordcount>
    <wordcount weight="1" > indicate </wordcount>
    <wordcount weight="1" > genus </wordcount>
    <wordcount weight="1" > identically </wordcount>
    <wordcount weight="1" > thank </wordcount>
    <wordcount weight="1" > numbering </wordcount>
    <wordcount weight="1" > combinations </wordcount>
    <wordcount weight="1" > analyses </wordcount>
    <wordcount weight="1" > origin </wordcount>
    <wordcount weight="1" > iii </wordcount>
    <wordcount weight="1" > behavioral </wordcount>
    <wordcount weight="1" > seven </wordcount>
    <wordcount weight="1" > oxyria </wordcount>
    <wordcount weight="1" > larger </wordcount>
    <wordcount weight="1" > hydrochloric </wordcount>
    <wordcount weight="1" > new </wordcount>
    <wordcount weight="1" > very </wordcount>
    <wordcount weight="1" > chilling </wordcount>
    <wordcount weight="1" > electrophoretically </wordcount>
    <wordcount weight="1" > identical </wordcount>
    <wordcount weight="1" > differed </wordcount>
    <wordcount weight="1" > there </wordcount>
    <wordcount weight="1" > essentially </wordcount>
    <wordcount weight="1" > fatua </wordcount>
    <wordcount weight="1" > mass </wordcount>
    <wordcount weight="1" > type </wordcount>
    <wordcount weight="1" > reproductive </wordcount>
    <wordcount weight="1" > sharitz </wordcount>
    <wordcount weight="1" > billings </wordcount>
    <wordcount weight="1" > further </wordcount>
    <wordcount weight="1" > publ </wordcount>
    <wordcount weight="1" > emphasized </wordcount>
    <wordcount weight="1" > greatly </wordcount>
    <wordcount weight="1" > believed </wordcount>
    <wordcount weight="1" > though </wordcount>
    <wordcount weight="1" > adv </wordcount>
    <wordcount weight="1" > acad </wordcount>
    <wordcount weight="1" > literature </wordcount>
    <wordcount weight="1" > purposes </wordcount>
    <wordcount weight="1" > racial </wordcount>
    <wordcount weight="1" > fobes </wordcount>
    <wordcount weight="1" > univ </wordcount>
    <wordcount weight="1" > rhizomatous </wordcount>
    <wordcount weight="1" > michael </wordcount>
    <wordcount weight="1" > barbata </wordcount>
    <wordcount weight="1" > fla </wordcount>
    <wordcount weight="1" > biases </wordcount>
    <wordcount weight="1" > isleib </wordcount>
    <wordcount weight="1" > duplicates </wordcount>
    <wordcount weight="1" > ny </wordcount>
    <wordcount weight="1" > necessary </wordcount>
    <wordcount weight="1" > energy </wordcount>
    <wordcount weight="1" > material </wordcount>
    <wordcount weight="1" > intrapopulation </wordcount>
    <wordcount weight="1" > staining </wordcount>
    <wordcount weight="1" > res </wordcount>
    <wordcount weight="1" > explain </wordcount>
    <wordcount weight="1" > acids </wordcount>
    <wordcount weight="1" > lffli </wordcount>
    <wordcount weight="1" > wide </wordcount>
    <wordcount weight="1" > widespread </wordcount>
    <wordcount weight="1" > acknowledgments </wordcount>
    <wordcount weight="1" > genet </wordcount>
    <wordcount weight="1" > advice </wordcount>
    <wordcount weight="1" > sinar </wordcount>
    <wordcount weight="1" > bias </wordcount>
    <wordcount weight="1" > technical </wordcount>
    <wordcount weight="1" > aspects </wordcount>
    <wordcount weight="1" > hymenopappus </wordcount>
    <wordcount weight="1" > studied </wordcount>
    <wordcount weight="1" > sites </wordcount>
    <wordcount weight="1" > yield </wordcount>
    <wordcount weight="1" > account </wordcount>
    <wordcount weight="1" > lupinus </wordcount>
    <wordcount weight="1" > alcohol </wordcount>
    <wordcount weight="1" > pers </wordcount>
    <wordcount weight="1" > designation </wordcount>
    <wordcount weight="1" > basis </wordcount>
    <wordcount weight="1" > possible </wordcount>
    <wordcount weight="1" > serological </wordcount>
    <wordcount weight="1" > idh </wordcount>
    <wordcount weight="1" > used </wordcount>
    <wordcount weight="1" > size </wordcount>
    <wordcount weight="1" > discussion </wordcount>
    <wordcount weight="1" > edaphically </wordcount>
    <wordcount weight="1" > properties </wordcount>
    <wordcount weight="1" > photosynthesis </wordcount>
    <wordcount weight="1" > explanation </wordcount>
    <wordcount weight="1" > transplanted </wordcount>
    <wordcount weight="1" > presented </wordcount>
    <wordcount weight="1" > values </wordcount>
    <wordcount weight="1" > locus </wordcount>
    <wordcount weight="1" > concept </wordcount>
    <wordcount weight="1" > west </wordcount>
    <wordcount weight="1" > formal </wordcount>
    <wordcount weight="1" > region </wordcount>
    <wordcount weight="1" > grows </wordcount>
    <wordcount weight="1" > areas </wordcount>
    <wordcount weight="1" > purpose </wordcount>
    <wordcount weight="1" > midl </wordcount>
    <wordcount weight="1" > previously </wordcount>
    <wordcount weight="1" > cited </wordcount>
    <wordcount weight="1" > exhibit </wordcount>
    <wordcount weight="1" > apparent </wordcount>
    <wordcount weight="1" > participant </wordcount>
    <wordcount weight="1" > related </wordcount>
    <wordcount weight="1" > wild </wordcount>
    <wordcount weight="1" > oftoseiso </wordcount>
    <wordcount weight="1" > revealed </wordcount>
    <wordcount weight="1" > administration </wordcount>
    <wordcount weight="1" > grassland </wordcount>
    <wordcount weight="1" > significant </wordcount>
    <wordcount weight="1" > investigated </wordcount>
    <wordcount weight="1" > fixation </wordcount>
    <wordcount weight="1" > ypv </wordcount>
    <wordcount weight="1" > tissues </wordcount>
    <wordcount weight="1" > consistently </wordcount>
    <wordcount weight="1" > collection </wordcount>
    <wordcount weight="1" > botany </wordcount>
    <wordcount weight="1" > distinguishable </wordcount>
    <wordcount weight="1" > demonstrates </wordcount>
    <wordcount weight="1" > controlled </wordcount>
    <wordcount weight="1" > aberrations </wordcount>
    <wordcount weight="1" > climatic </wordcount>
    <wordcount weight="1" > heredity </wordcount>
    <wordcount weight="1" > ideas </wordcount>
    <wordcount weight="1" > survey </wordcount>
    <wordcount weight="1" > manuscript </wordcount>
    <wordcount weight="1" > allozymes </wordcount>
    <wordcount weight="1" > varied </wordcount>
    <wordcount weight="1" > torrey </wordcount>
    <wordcount weight="1" > individuals </wordcount>
    <wordcount weight="1" > examination </wordcount>
    <wordcount weight="1" > prepared </wordcount>
    <wordcount weight="1" > oxidase </wordcount>
    <wordcount weight="1" > chosen </wordcount>
    <wordcount weight="1" > review </wordcount>
    <wordcount weight="1" > differential </wordcount>
    <wordcount weight="1" > taxon </wordcount>
    <wordcount weight="1" > promoted </wordcount>
    <wordcount weight="1" > employed </wordcount>
    <wordcount weight="1" > california </wordcount>
    <wordcount weight="1" > relationships </wordcount>
    <wordcount weight="1" > systematic </wordcount>
    <wordcount weight="1" > showing </wordcount>
    <wordcount weight="1" > only </wordcount>
    <wordcount weight="1" > years </wordcount>
    <wordcount weight="1" > systematics </wordcount>
    <wordcount weight="1" > development </wordcount>
    <wordcount weight="1" > received </wordcount>
    <wordcount weight="1" > quality </wordcount>
    <wordcount weight="1" > inbreeding </wordcount>
    <wordcount weight="1" > suda </wordcount>
    <wordcount weight="1" > proteins </wordcount>
    <wordcount weight="1" > similarity </wordcount>
    <wordcount weight="1" > three </wordcount>
    <wordcount weight="1" > genetically </wordcount>
    <wordcount weight="1" > contract </wordcount>
    <wordcount weight="1" > conditions </wordcount>
    <wordcount weight="1" > stains </wordcount>
    <wordcount weight="1" > either </wordcount>
    <wordcount weight="1" > temperature </wordcount>
    <wordcount weight="1" > brittonia </wordcount>
    <wordcount weight="1" > obtaining </wordcount>
    <wordcount weight="1" > charge </wordcount>
    <wordcount weight="1" > oldfield </wordcount>
    <wordcount weight="1" > rebecca </wordcount>
    <wordcount weight="1" > mdh </wordcount>
    <wordcount weight="1" > relatively </wordcount>
    <wordcount weight="1" > august </wordcount>
    <wordcount weight="1" > basal </wordcount>
    <wordcount weight="1" > although </wordcount>
    <wordcount weight="1" > club </wordcount>
    <wordcount weight="1" > alleles </wordcount>
    <wordcount weight="1" > level </wordcount>
    <wordcount weight="1" > revised </wordcount>
    <wordcount weight="1" > field </wordcount>
    <wordcount weight="1" > nondetectable </wordcount>
    <wordcount weight="1" > function </wordcount>
    <wordcount weight="1" > oiklometers </wordcount>
    <wordcount weight="1" > interspecific </wordcount>
    <wordcount weight="1" > glass </wordcount>
    <wordcount weight="1" > kinetics </wordcount>
    <wordcount weight="1" > variance </wordcount>
    <wordcount weight="1" > maximize </wordcount>
    <wordcount weight="1" > gentry </wordcount>
    <wordcount weight="1" > homogenized </wordcount>
    <wordcount weight="1" > samplin </wordcount>
    <wordcount weight="1" > thawed </wordcount>
    <wordcount weight="1" > nucleotide </wordcount>
    <wordcount weight="1" > nor </wordcount>
    <wordcount weight="1" > increased </wordcount>
    <wordcount weight="1" > underlying </wordcount>
    <wordcount weight="1" > affinities </wordcount>
    <wordcount weight="1" > showed </wordcount>
    <wordcount weight="1" > summary </wordcount>
    <wordcount weight="1" > quebec </wordcount>
    <wordcount weight="1" > several </wordcount>
    <wordcount weight="1" > academic </wordcount>
    <wordcount weight="1" > code </wordcount>
    <wordcount weight="1" > concerning </wordcount>
    <wordcount weight="1" > supported </wordcount>
    <wordcount weight="1" > few </wordcount>
    <wordcount weight="1" > faintly </wordcount>
    <wordcount weight="1" > modifying </wordcount>
    <wordcount weight="1" > gradients </wordcount>
    <wordcount weight="1" > migrating </wordcount>
    <wordcount weight="1" > glycolic </wordcount>
    <wordcount weight="1" > alpine </wordcount>
    <wordcount weight="1" > farthest </wordcount>
    <wordcount weight="1" > inconsistentlynotes </wordcount>
    <wordcount weight="1" > differently </wordcount>
    <wordcount weight="1" > distinguished </wordcount>
    <wordcount weight="1" > texas </wordcount>
    <wordcount weight="1" > genic </wordcount>
    <wordcount weight="1" > respond </wordcount>
    <wordcount weight="1" > effective </wordcount>
    <wordcount weight="1" > vary </wordcount>
    <wordcount weight="1" > accordingly </wordcount>
    <wordcount weight="1" > animal </wordcount>
    <wordcount weight="1" > coast </wordcount>
    <wordcount weight="1" > gradient </wordcount>
    <wordcount weight="1" > structure </wordcount>
    <wordcount weight="1" > sci </wordcount>
    <wordcount weight="1" > hybrid </wordcount>
    <wordcount weight="1" > y </wordcount>
    <wordcount weight="1" > usa </wordcount>
    <wordcount weight="1" > even </wordcount>
    <wordcount weight="1" > characters </wordcount>
    <wordcount weight="1" > given </wordcount>
    <wordcount weight="1" > grinder </wordcount>
    <wordcount weight="1" > results </wordcount>
    <wordcount weight="1" > value </wordcount>
    <wordcount weight="1" > climates </wordcount>
    <wordcount weight="1" > should </wordcount>
    <wordcount weight="1" > labelled </wordcount>
    <wordcount weight="1" > olia </wordcount>
    <wordcount weight="1" > grateful </wordcount>
    <wordcount weight="1" > latif </wordcount>
    <wordcount weight="1" > am </wordcount>
    <wordcount weight="1" > increase </wordcount>
    <wordcount weight="1" > consequences </wordcount>
</article>
