<?xml version="1.0" encoding="UTF-8"?>
<article id="10.2307/2257030" >
    <wordcount weight="149" > the </wordcount>
    <wordcount weight="109" > of </wordcount>
    <wordcount weight="97" > and </wordcount>
    <wordcount weight="90" > in </wordcount>
    <wordcount weight="59" > o </wordcount>
    <wordcount weight="48" > f </wordcount>
    <wordcount weight="47" > is </wordcount>
    <wordcount weight="46" > a </wordcount>
    <wordcount weight="31" > it </wordcount>
    <wordcount weight="26" > from </wordcount>
    <wordcount weight="26" > to </wordcount>
    <wordcount weight="23" > with </wordcount>
    <wordcount weight="23" > by </wordcount>
    <wordcount weight="21" > are </wordcount>
    <wordcount weight="21" > v </wordcount>
    <wordcount weight="20" > been </wordcount>
    <wordcount weight="20" > plant </wordcount>
    <wordcount weight="19" > that </wordcount>
    <wordcount weight="18" > its </wordcount>
    <wordcount weight="18" > which </wordcount>
    <wordcount weight="17" > c </wordcount>
    <wordcount weight="13" > vaccinium </wordcount>
    <wordcount weight="13" > as </wordcount>
    <wordcount weight="12" > at </wordcount>
    <wordcount weight="12" > has </wordcount>
    <wordcount weight="10" > p </wordcount>
    <wordcount weight="10" > r </wordcount>
    <wordcount weight="9" > have </wordcount>
    <wordcount weight="9" > an </wordcount>
    <wordcount weight="9" > on </wordcount>
    <wordcount weight="9" > seed </wordcount>
    <wordcount weight="8" > southern </wordcount>
    <wordcount weight="8" > montane </wordcount>
    <wordcount weight="7" > leaves </wordcount>
    <wordcount weight="7" > most </wordcount>
    <wordcount weight="7" > only </wordcount>
    <wordcount weight="7" > j </wordcount>
    <wordcount weight="7" > cm </wordcount>
    <wordcount weight="7" > there </wordcount>
    <wordcount weight="7" > british </wordcount>
    <wordcount weight="7" > humus </wordcount>
    <wordcount weight="7" > shoots </wordcount>
    <wordcount weight="7" > vegetative </wordcount>
    <wordcount weight="7" > be </wordcount>
    <wordcount weight="6" > heaths </wordcount>
    <wordcount weight="6" > no </wordcount>
    <wordcount weight="6" > l </wordcount>
    <wordcount weight="6" > e </wordcount>
    <wordcount weight="6" > certain </wordcount>
    <wordcount weight="6" > water </wordcount>
    <wordcount weight="6" > was </wordcount>
    <wordcount weight="6" > distilled </wordcount>
    <wordcount weight="6" > upland </wordcount>
    <wordcount weight="6" > m </wordcount>
    <wordcount weight="6" > evidence </wordcount>
    <wordcount weight="6" > flowers </wordcount>
    <wordcount weight="6" > germination </wordcount>
    <wordcount weight="6" > vaccinii </wordcount>
    <wordcount weight="6" > communities </wordcount>
    <wordcount weight="6" > this </wordcount>
    <wordcount weight="6" > heath </wordcount>
    <wordcount weight="6" > than </wordcount>
    <wordcount weight="6" > la </wordcount>
    <wordcount weight="5" > abundance </wordcount>
    <wordcount weight="5" > performance </wordcount>
    <wordcount weight="5" > derbyshire </wordcount>
    <wordcount weight="5" > often </wordcount>
    <wordcount weight="5" > factors </wordcount>
    <wordcount weight="5" > table </wordcount>
    <wordcount weight="5" > types </wordcount>
    <wordcount weight="5" > or </wordcount>
    <wordcount weight="5" > w </wordcount>
    <wordcount weight="5" > more </wordcount>
    <wordcount weight="5" > for </wordcount>
    <wordcount weight="5" > ritchie </wordcount>
    <wordcount weight="5" > seeds </wordcount>
    <wordcount weight="5" > plants </wordcount>
    <wordcount weight="5" > distribution </wordcount>
    <wordcount weight="5" > near </wordcount>
    <wordcount weight="5" > burning </wordcount>
    <wordcount weight="5" > pennines </wordcount>
    <wordcount weight="5" > loam </wordcount>
    <wordcount weight="5" > isles </wordcount>
    <wordcount weight="5" > several </wordcount>
    <wordcount weight="5" > flora </wordcount>
    <wordcount weight="5" > species </wordcount>
    <wordcount weight="4" > berries </wordcount>
    <wordcount weight="4" > growth </wordcount>
    <wordcount weight="4" > substratum </wordcount>
    <wordcount weight="4" > their </wordcount>
    <wordcount weight="4" > flowering </wordcount>
    <wordcount weight="4" > heather </wordcount>
    <wordcount weight="4" > forest </wordcount>
    <wordcount weight="4" > lowland </wordcount>
    <wordcount weight="4" > but </wordcount>
    <wordcount weight="4" > commonly </wordcount>
    <wordcount weight="4" > peat </wordcount>
    <wordcount weight="4" > other </wordcount>
    <wordcount weight="4" > found </wordcount>
    <wordcount weight="4" > habitat </wordcount>
    <wordcount weight="4" > new </wordcount>
    <wordcount weight="4" > i </wordcount>
    <wordcount weight="4" > seedling </wordcount>
    <wordcount weight="4" > coniferous </wordcount>
    <wordcount weight="4" > particular </wordcount>
    <wordcount weight="4" > eroded </wordcount>
    <wordcount weight="4" > climatic </wordcount>
    <wordcount weight="4" > sterile </wordcount>
    <wordcount weight="4" > reproduction </wordcount>
    <wordcount weight="4" > described </wordcount>
    <wordcount weight="4" > gravel </wordcount>
    <wordcount weight="4" > after </wordcount>
    <wordcount weight="4" > area </wordcount>
    <wordcount weight="4" > maximum </wordcount>
    <wordcount weight="4" > bot </wordcount>
    <wordcount weight="4" > lf </wordcount>
    <wordcount weight="4" > north </wordcount>
    <wordcount weight="4" > relative </wordcount>
    <wordcount weight="3" > drained </wordcount>
    <wordcount weight="3" > habitats </wordcount>
    <wordcount weight="3" > absence </wordcount>
    <wordcount weight="3" > horizontal </wordcount>
    <wordcount weight="3" > b </wordcount>
    <wordcount weight="3" > formed </wordcount>
    <wordcount weight="3" > myrtillus </wordcount>
    <wordcount weight="3" > berry </wordcount>
    <wordcount weight="3" > aerial </wordcount>
    <wordcount weight="3" > these </wordcount>
    <wordcount weight="3" > seedlings </wordcount>
    <wordcount weight="3" > two </wordcount>
    <wordcount weight="3" > lower </wordcount>
    <wordcount weight="3" > important </wordcount>
    <wordcount weight="3" > natural </wordcount>
    <wordcount weight="3" > england </wordcount>
    <wordcount weight="3" > nature </wordcount>
    <wordcount weight="3" > mycorrhiza </wordcount>
    <wordcount weight="3" > s </wordcount>
    <wordcount weight="3" > limit </wordcount>
    <wordcount weight="3" > bearing </wordcount>
    <wordcount weight="3" > hybrid </wordcount>
    <wordcount weight="3" > seldom </wordcount>
    <wordcount weight="3" > type </wordcount>
    <wordcount weight="3" > vegetation </wordcount>
    <wordcount weight="3" > reproductive </wordcount>
    <wordcount weight="3" > univ </wordcount>
    <wordcount weight="3" > takes </wordcount>
    <wordcount weight="3" > recorded </wordcount>
    <wordcount weight="3" > local </wordcount>
    <wordcount weight="3" > almost </wordcount>
    <wordcount weight="3" > some </wordcount>
    <wordcount weight="3" > blade </wordcount>
    <wordcount weight="3" > both </wordcount>
    <wordcount weight="3" > presented </wordcount>
    <wordcount weight="3" > marked </wordcount>
    <wordcount weight="3" > weeks </wordcount>
    <wordcount weight="3" > sand </wordcount>
    <wordcount weight="3" > exposed </wordcount>
    <wordcount weight="3" > sylvatica </wordcount>
    <wordcount weight="3" > per </wordcount>
    <wordcount weight="3" > biotic </wordcount>
    <wordcount weight="3" > clear </wordcount>
    <wordcount weight="3" > observed </wordcount>
    <wordcount weight="3" > individual </wordcount>
    <wordcount weight="3" > occurs </wordcount>
    <wordcount weight="3" > features </wordcount>
    <wordcount weight="3" > effects </wordcount>
    <wordcount weight="3" > unsterilized </wordcount>
    <wordcount weight="3" > reaches </wordcount>
    <wordcount weight="3" > black </wordcount>
    <wordcount weight="3" > late </wordcount>
    <wordcount weight="3" > rhizomes </wordcount>
    <wordcount weight="3" > single </wordcount>
    <wordcount weight="3" > effect </wordcount>
    <wordcount weight="3" > northern </wordcount>
    <wordcount weight="3" > results </wordcount>
    <wordcount weight="3" > general </wordcount>
    <wordcount weight="3" > pinewoods </wordcount>
    <wordcount weight="2" > glen </wordcount>
    <wordcount weight="2" > morphology </wordcount>
    <wordcount weight="2" > moor </wordcount>
    <wordcount weight="2" > viii </wordcount>
    <wordcount weight="2" > minor </wordcount>
    <wordcount weight="2" > bog </wordcount>
    <wordcount weight="2" > absent </wordcount>
    <wordcount weight="2" > dispersal </wordcount>
    <wordcount weight="2" > h </wordcount>
    <wordcount weight="2" > altitudinal </wordcount>
    <wordcount weight="2" > low </wordcount>
    <wordcount weight="2" > sw </wordcount>
    <wordcount weight="2" > var </wordcount>
    <wordcount weight="2" > remotely </wordcount>
    <wordcount weight="2" > operation </wordcount>
    <wordcount weight="2" > ecol </wordcount>
    <wordcount weight="2" > shrub </wordcount>
    <wordcount weight="2" > incidence </wordcount>
    <wordcount weight="2" > community </wordcount>
    <wordcount weight="2" > mountains </wordcount>
    <wordcount weight="2" > phytol </wordcount>
    <wordcount weight="2" > squarrosus </wordcount>
    <wordcount weight="2" > se </wordcount>
    <wordcount weight="2" > one </wordcount>
    <wordcount weight="2" > nigrum </wordcount>
    <wordcount weight="2" > sandy </wordcount>
    <wordcount weight="2" > herbarium </wordcount>
    <wordcount weight="2" > biological </wordcount>
    <wordcount weight="2" > sheffield </wordcount>
    <wordcount weight="2" > podsols </wordcount>
    <wordcount weight="2" > lophodermium </wordcount>
    <wordcount weight="2" > ledges </wordcount>
    <wordcount weight="2" > freely </wordcount>
    <wordcount weight="2" > had </wordcount>
    <wordcount weight="2" > greater </wordcount>
    <wordcount weight="2" > place </wordcount>
    <wordcount weight="2" > seems </wordcount>
    <wordcount weight="2" > history </wordcount>
    <wordcount weight="2" > vulgaris </wordcount>
    <wordcount weight="2" > paper </wordcount>
    <wordcount weight="2" > aberdeenshire </wordcount>
    <wordcount weight="2" > finely </wordcount>
    <wordcount weight="2" > n </wordcount>
    <wordcount weight="2" > invariably </wordcount>
    <wordcount weight="2" > upper </wordcount>
    <wordcount weight="2" > must </wordcount>
    <wordcount weight="2" > four </wordcount>
    <wordcount weight="2" > being </wordcount>
    <wordcount weight="2" > surface </wordcount>
    <wordcount weight="2" > parasites </wordcount>
    <wordcount weight="2" > rocky </wordcount>
    <wordcount weight="2" > localities </wordcount>
    <wordcount weight="2" > aspect </wordcount>
    <wordcount weight="2" > restriction </wordcount>
    <wordcount weight="2" > der </wordcount>
    <wordcount weight="2" > moorlands </wordcount>
    <wordcount weight="2" > propagation </wordcount>
    <wordcount weight="2" > fibrous </wordcount>
    <wordcount weight="2" > over </wordcount>
    <wordcount weight="2" > appear </wordcount>
    <wordcount weight="2" > ssp </wordcount>
    <wordcount weight="2" > each </wordcount>
    <wordcount weight="2" > all </wordcount>
    <wordcount weight="2" > many </wordcount>
    <wordcount weight="2" > closely </wordcount>
    <wordcount weight="2" > root </wordcount>
    <wordcount weight="2" > shows </wordcount>
    <wordcount weight="2" > europe </wordcount>
    <wordcount weight="2" > britain </wordcount>
    <wordcount weight="2" > moors </wordcount>
    <wordcount weight="2" > cultivation </wordcount>
    <wordcount weight="2" > associations </wordcount>
    <wordcount weight="2" > vigorous </wordcount>
    <wordcount weight="2" > endotrophic </wordcount>
    <wordcount weight="2" > conclusion </wordcount>
    <wordcount weight="2" > roots </wordcount>
    <wordcount weight="2" > forms </wordcount>
    <wordcount weight="2" > pubescent </wordcount>
    <wordcount weight="2" > wales </wordcount>
    <wordcount weight="2" > coarse </wordcount>
    <wordcount weight="2" > form </wordcount>
    <wordcount weight="2" > intensity </wordcount>
    <wordcount weight="2" > system </wordcount>
    <wordcount weight="2" > sorbus </wordcount>
    <wordcount weight="2" > eg </wordcount>
    <wordcount weight="2" > caerulea </wordcount>
    <wordcount weight="2" > greenhouse </wordcount>
    <wordcount weight="2" > filter </wordcount>
    <wordcount weight="2" > stations </wordcount>
    <wordcount weight="2" > number </wordcount>
    <wordcount weight="2" > america </wordcount>
    <wordcount weight="2" > greenland </wordcount>
    <wordcount weight="2" > years </wordcount>
    <wordcount weight="2" > information </wordcount>
    <wordcount weight="2" > demonstrated </wordcount>
    <wordcount weight="2" > development </wordcount>
    <wordcount weight="2" > data </wordcount>
    <wordcount weight="2" > topographical </wordcount>
    <wordcount weight="2" > reaching </wordcount>
    <wordcount weight="2" > lobes </wordcount>
    <wordcount weight="2" > occasionally </wordcount>
    <wordcount weight="2" > age </wordcount>
    <wordcount weight="2" > empetrum </wordcount>
    <wordcount weight="2" > x </wordcount>
    <wordcount weight="2" > slopes </wordcount>
    <wordcount weight="2" > intermedium </wordcount>
    <wordcount weight="2" > confined </wordcount>
    <wordcount weight="2" > along </wordcount>
    <wordcount weight="2" > considerably </wordcount>
    <wordcount weight="2" > altitudes </wordcount>
    <wordcount weight="2" > factor </wordcount>
    <wordcount weight="2" > records </wordcount>
    <wordcount weight="2" > kincardineshire </wordcount>
    <wordcount weight="2" > bryophytes </wordcount>
    <wordcount weight="2" > stanage </wordcount>
    <wordcount weight="2" > calluna </wordcount>
    <wordcount weight="2" > canina </wordcount>
    <wordcount weight="2" > were </wordcount>
    <wordcount weight="2" > considerable </wordcount>
    <wordcount weight="2" > branching </wordcount>
    <wordcount weight="2" > spring </wordcount>
    <wordcount weight="2" > showing </wordcount>
    <wordcount weight="2" > such </wordcount>
    <wordcount weight="2" > mm </wordcount>
    <wordcount weight="2" > boulders </wordcount>
    <wordcount weight="2" > temperature </wordcount>
    <wordcount weight="2" > regions </wordcount>
    <wordcount weight="2" > g </wordcount>
    <wordcount weight="2" > jb </wordcount>
    <wordcount weight="2" > ireland </wordcount>
    <wordcount weight="2" > correlated </wordcount>
    <wordcount weight="2" > would </wordcount>
    <wordcount weight="2" > summer </wordcount>
    <wordcount weight="2" > high </wordcount>
    <wordcount weight="2" > forming </wordcount>
    <wordcount weight="2" > probable </wordcount>
    <wordcount weight="2" > filaments </wordcount>
    <wordcount weight="2" > cases </wordcount>
    <wordcount weight="2" > t </wordcount>
    <wordcount weight="2" > invernessshire </wordcount>
    <wordcount weight="2" > times </wordcount>
    <wordcount weight="2" > soil </wordcount>
    <wordcount weight="2" > concerning </wordcount>
    <wordcount weight="2" > observation </wordcount>
    <wordcount weight="2" > few </wordcount>
    <wordcount weight="2" > faintly </wordcount>
    <wordcount weight="2" > fig </wordcount>
    <wordcount weight="2" > between </wordcount>
    <wordcount weight="2" > facility </wordcount>
    <wordcount weight="2" > phd </wordcount>
    <wordcount weight="2" > nardus </wordcount>
    <wordcount weight="2" > geographical </wordcount>
    <wordcount weight="2" > can </wordcount>
    <wordcount weight="2" > dark </wordcount>
    <wordcount weight="2" > when </wordcount>
    <wordcount weight="2" > slightly </wordcount>
    <wordcount weight="2" > dominance </wordcount>
    <wordcount weight="2" > wiss </wordcount>
    <wordcount weight="2" > mature </wordcount>
    <wordcount weight="2" > recent </wordcount>
    <wordcount weight="2" > brown </wordcount>
    <wordcount weight="1" > rarity </wordcount>
    <wordcount weight="1" > limiting </wordcount>
    <wordcount weight="1" > globose </wordcount>
    <wordcount weight="1" > axils </wordcount>
    <wordcount weight="1" > south </wordcount>
    <wordcount weight="1" > free </wordcount>
    <wordcount weight="1" > chorology </wordcount>
    <wordcount weight="1" > will </wordcount>
    <wordcount weight="1" > depth </wordcount>
    <wordcount weight="1" > uncommon </wordcount>
    <wordcount weight="1" > phenomena </wordcount>
    <wordcount weight="1" > margins </wordcount>
    <wordcount weight="1" > ptilium </wordcount>
    <wordcount weight="1" > evergreen </wordcount>
    <wordcount weight="1" > suggestion </wordcount>
    <wordcount weight="1" > tests </wordcount>
    <wordcount weight="1" > stricta </wordcount>
    <wordcount weight="1" > chromosome </wordcount>
    <wordcount weight="1" > soaking </wordcount>
    <wordcount weight="1" > he </wordcount>
    <wordcount weight="1" > sample </wordcount>
    <wordcount weight="1" > betula </wordcount>
    <wordcount weight="1" > cladophilum </wordcount>
    <wordcount weight="1" > recovers </wordcount>
    <wordcount weight="1" > november </wordcount>
    <wordcount weight="1" > lucorum </wordcount>
    <wordcount weight="1" > aucupara </wordcount>
    <wordcount weight="1" > flower </wordcount>
    <wordcount weight="1" > alpmium </wordcount>
    <wordcount weight="1" > insects </wordcount>
    <wordcount weight="1" > canopies </wordcount>
    <wordcount weight="1" > polytrichum </wordcount>
    <wordcount weight="1" > chionaspis </wordcount>
    <wordcount weight="1" > various </wordcount>
    <wordcount weight="1" > common </wordcount>
    <wordcount weight="1" > collected </wordcount>
    <wordcount weight="1" > bocher </wordcount>
    <wordcount weight="1" > lanuginosumf </wordcount>
    <wordcount weight="1" > commune </wordcount>
    <wordcount weight="1" > indurated </wordcount>
    <wordcount weight="1" > adventitious </wordcount>
    <wordcount weight="1" > aquilinum </wordcount>
    <wordcount weight="1" > sets </wordcount>
    <wordcount weight="1" > arkiv </wordcount>
    <wordcount weight="1" > later </wordcount>
    <wordcount weight="1" > indicated </wordcount>
    <wordcount weight="1" > rhacomitrium </wordcount>
    <wordcount weight="1" > ecological </wordcount>
    <wordcount weight="1" > usually </wordcount>
    <wordcount weight="1" > cotyledons </wordcount>
    <wordcount weight="1" > foreign </wordcount>
    <wordcount weight="1" > galium </wordcount>
    <wordcount weight="1" > advanced </wordcount>
    <wordcount weight="1" > highlands </wordcount>
    <wordcount weight="1" > developed </wordcount>
    <wordcount weight="1" > solidaginis </wordcount>
    <wordcount weight="1" > obtained </wordcount>
    <wordcount weight="1" > maps </wordcount>
    <wordcount weight="1" > lepidosaphes </wordcount>
    <wordcount weight="1" > gregariousness </wordcount>
    <wordcount weight="1" > comparative </wordcount>
    <wordcount weight="1" > site </wordcount>
    <wordcount weight="1" > crenulate </wordcount>
    <wordcount weight="1" > weaveri </wordcount>
    <wordcount weight="1" > subsequently </wordcount>
    <wordcount weight="1" > pteridium </wordcount>
    <wordcount weight="1" > support </wordcount>
    <wordcount weight="1" > investigation </wordcount>
    <wordcount weight="1" > repens </wordcount>
    <wordcount weight="1" > eulecanium </wordcount>
    <wordcount weight="1" > alternate </wordcount>
    <wordcount weight="1" > parent </wordcount>
    <wordcount weight="1" > af </wordcount>
    <wordcount weight="1" > concomitants </wordcount>
    <wordcount weight="1" > levels </wordcount>
    <wordcount weight="1" > islands </wordcount>
    <wordcount weight="1" > millstone </wordcount>
    <wordcount weight="1" > primarily </wordcount>
    <wordcount weight="1" > ciliare </wordcount>
    <wordcount weight="1" > slow </wordcount>
    <wordcount weight="1" > referred </wordcount>
    <wordcount weight="1" > exceptional </wordcount>
    <wordcount weight="1" > etc </wordcount>
    <wordcount weight="1" > scoparium </wordcount>
    <wordcount weight="1" > extends </wordcount>
    <wordcount weight="1" > linej </wordcount>
    <wordcount weight="1" > detailed </wordcount>
    <wordcount weight="1" > boreal </wordcount>
    <wordcount weight="1" > fossil </wordcount>
    <wordcount weight="1" > compacted </wordcount>
    <wordcount weight="1" > vaginatum </wordcount>
    <wordcount weight="1" > tetraphis </wordcount>
    <wordcount weight="1" > predilection </wordcount>
    <wordcount weight="1" > des </wordcount>
    <wordcount weight="1" > similar </wordcount>
    <wordcount weight="1" > parmelia </wordcount>
    <wordcount weight="1" > remaining </wordcount>
    <wordcount weight="1" > rapidly </wordcount>
    <wordcount weight="1" > cordata </wordcount>
    <wordcount weight="1" > fmbriata </wordcount>
    <wordcount weight="1" > glitzella </wordcount>
    <wordcount weight="1" > length </wordcount>
    <wordcount weight="1" > carsia </wordcount>
    <wordcount weight="1" > recently </wordcount>
    <wordcount weight="1" > honchu </wordcount>
    <wordcount weight="1" > unshaded </wordcount>
    <wordcount weight="1" > hyphae </wordcount>
    <wordcount weight="1" > loss </wordcount>
    <wordcount weight="1" > ix </wordcount>
    <wordcount weight="1" > eucosma </wordcount>
    <wordcount weight="1" > branch </wordcount>
    <wordcount weight="1" > ascribes </wordcount>
    <wordcount weight="1" > pp </wordcount>
    <wordcount weight="1" > lepidoptera </wordcount>
    <wordcount weight="1" > percentage </wordcount>
    <wordcount weight="1" > eaten </wordcount>
    <wordcount weight="1" > selago </wordcount>
    <wordcount weight="1" > longevity </wordcount>
    <wordcount weight="1" > once </wordcount>
    <wordcount weight="1" > hermaphroditum </wordcount>
    <wordcount weight="1" > depends </wordcount>
    <wordcount weight="1" > pellucida </wordcount>
    <wordcount weight="1" > oxford </wordcount>
    <wordcount weight="1" > glossy </wordcount>
    <wordcount weight="1" > hypnum </wordcount>
    <wordcount weight="1" > ie </wordcount>
    <wordcount weight="1" > vaccinietum </wordcount>
    <wordcount weight="1" > glabrous </wordcount>
    <wordcount weight="1" > hercynicum </wordcount>
    <wordcount weight="1" > recognized </wordcount>
    <wordcount weight="1" > museum </wordcount>
    <wordcount weight="1" > means </wordcount>
    <wordcount weight="1" > reason </wordcount>
    <wordcount weight="1" > retardation </wordcount>
    <wordcount weight="1" > examined </wordcount>
    <wordcount weight="1" > flexuosus </wordcount>
    <wordcount weight="1" > mackenzie </wordcount>
    <wordcount weight="1" > represents </wordcount>
    <wordcount weight="1" > changes </wordcount>
    <wordcount weight="1" > lipsiana </wordcount>
    <wordcount weight="1" > ericaceous </wordcount>
    <wordcount weight="1" > pyrola </wordcount>
    <wordcount weight="1" > palatable </wordcount>
    <wordcount weight="1" > relationships </wordcount>
    <wordcount weight="1" > dicranum </wordcount>
    <wordcount weight="1" > shoot </wordcount>
    <wordcount weight="1" > perpetuation </wordcount>
    <wordcount weight="1" > revolute </wordcount>
    <wordcount weight="1" > old </wordcount>
    <wordcount weight="1" > caperata </wordcount>
    <wordcount weight="1" > probably </wordcount>
    <wordcount weight="1" > thick </wordcount>
    <wordcount weight="1" > myosuroides </wordcount>
    <wordcount weight="1" > under </wordcount>
    <wordcount weight="1" > maturation </wordcount>
    <wordcount weight="1" > bogs </wordcount>
    <wordcount weight="1" > juniperinum </wordcount>
    <wordcount weight="1" > exposure </wordcount>
    <wordcount weight="1" > gattung </wordcount>
    <wordcount weight="1" > distributional </wordcount>
    <wordcount weight="1" > detail </wordcount>
    <wordcount weight="1" > selective </wordcount>
    <wordcount weight="1" > explicable </wordcount>
    <wordcount weight="1" > periods </wordcount>
    <wordcount weight="1" > oxyacanthae </wordcount>
    <wordcount weight="1" > stigmella </wordcount>
    <wordcount weight="1" > koch </wordcount>
    <wordcount weight="1" > into </wordcount>
    <wordcount weight="1" > grains </wordcount>
    <wordcount weight="1" > suggestions </wordcount>
    <wordcount weight="1" > grazed </wordcount>
    <wordcount weight="1" > tortrix </wordcount>
    <wordcount weight="1" > zell </wordcount>
    <wordcount weight="1" > rufescens </wordcount>
    <wordcount weight="1" > spirally </wordcount>
    <wordcount weight="1" > then </wordcount>
    <wordcount weight="1" > lund </wordcount>
    <wordcount weight="1" > any </wordcount>
    <wordcount weight="1" > korea </wordcount>
    <wordcount weight="1" > light </wordcount>
    <wordcount weight="1" > before </wordcount>
    <wordcount weight="1" > section </wordcount>
    <wordcount weight="1" > complete </wordcount>
    <wordcount weight="1" > peronea </wordcount>
    <wordcount weight="1" > moderately </wordcount>
    <wordcount weight="1" > clonal </wordcount>
    <wordcount weight="1" > growing </wordcount>
    <wordcount weight="1" > same </wordcount>
    <wordcount weight="1" > exobasidium </wordcount>
    <wordcount weight="1" > ovina </wordcount>
    <wordcount weight="1" > vitisella </wordcount>
    <wordcount weight="1" > nw </wordcount>
    <wordcount weight="1" > locality </wordcount>
    <wordcount weight="1" > viability </wordcount>
    <wordcount weight="1" > restricted </wordcount>
    <wordcount weight="1" > chief </wordcount>
    <wordcount weight="1" > experiment </wordcount>
    <wordcount weight="1" > dansk </wordcount>
    <wordcount weight="1" > conclusive </wordcount>
    <wordcount weight="1" > aleutian </wordcount>
    <wordcount weight="1" > russian </wordcount>
    <wordcount weight="1" > trientalis </wordcount>
    <wordcount weight="1" > conifer </wordcount>
    <wordcount weight="1" > offour </wordcount>
    <wordcount weight="1" > show </wordcount>
    <wordcount weight="1" > middecember </wordcount>
    <wordcount weight="1" > agents </wordcount>
    <wordcount weight="1" > extensive </wordcount>
    <wordcount weight="1" > debiliata </wordcount>
    <wordcount weight="1" > rorida </wordcount>
    <wordcount weight="1" > tentaliseuropaea </wordcount>
    <wordcount weight="1" > anthropogenic </wordcount>
    <wordcount weight="1" > consistent </wordcount>
    <wordcount weight="1" > shorter </wordcount>
    <wordcount weight="1" > vi </wordcount>
    <wordcount weight="1" > cordigera </wordcount>
    <wordcount weight="1" > strata </wordcount>
    <wordcount weight="1" > known </wordcount>
    <wordcount weight="1" > follow </wordcount>
    <wordcount weight="1" > cylindrica </wordcount>
    <wordcount weight="1" > either </wordcount>
    <wordcount weight="1" > slope </wordcount>
    <wordcount weight="1" > exceed </wordcount>
    <wordcount weight="1" > grazing </wordcount>
    <wordcount weight="1" > permanence </wordcount>
    <wordcount weight="1" > peduncles </wordcount>
    <wordcount weight="1" > isolation </wordcount>
    <wordcount weight="1" > generally </wordcount>
    <wordcount weight="1" > pollination </wordcount>
    <wordcount weight="1" > not </wordcount>
    <wordcount weight="1" > nova </wordcount>
    <wordcount weight="1" > stamens </wordcount>
    <wordcount weight="1" > ulmi </wordcount>
    <wordcount weight="1" > mnium </wordcount>
    <wordcount weight="1" > problems </wordcount>
    <wordcount weight="1" > successfully </wordcount>
    <wordcount weight="1" > vacctniorum </wordcount>
    <wordcount weight="1" > fertile </wordcount>
    <wordcount weight="1" > production </wordcount>
    <wordcount weight="1" > linnaea </wordcount>
    <wordcount weight="1" > scree </wordcount>
    <wordcount weight="1" > chamaephyte </wordcount>
    <wordcount weight="1" > set </wordcount>
    <wordcount weight="1" > lycopodium </wordcount>
    <wordcount weight="1" > ii </wordcount>
    <wordcount weight="1" > controversial </wordcount>
    <wordcount weight="1" > pubescens </wordcount>
    <wordcount weight="1" > feeders </wordcount>
    <wordcount weight="1" > estimated </wordcount>
    <wordcount weight="1" > suggested </wordcount>
    <wordcount weight="1" > cowberry </wordcount>
    <wordcount weight="1" > genecology </wordcount>
    <wordcount weight="1" > aucuparia </wordcount>
    <wordcount weight="1" > disturbance </wordcount>
    <wordcount weight="1" > systems </wordcount>
    <wordcount weight="1" > continental </wordcount>
    <wordcount weight="1" > caithness </wordcount>
    <wordcount weight="1" > nerveless </wordcount>
    <wordcount weight="1" > polypodium </wordcount>
    <wordcount weight="1" > extant </wordcount>
    <wordcount weight="1" > deschampsia </wordcount>
    <wordcount weight="1" > agrorum </wordcount>
    <wordcount weight="1" > ruthe </wordcount>
    <wordcount weight="1" > winter </wordcount>
    <wordcount weight="1" > oam </wordcount>
    <wordcount weight="1" > thej </wordcount>
    <wordcount weight="1" > terminal </wordcount>
    <wordcount weight="1" > royal </wordcount>
    <wordcount weight="1" > experiments </wordcount>
    <wordcount weight="1" > shares </wordcount>
    <wordcount weight="1" > innovations </wordcount>
    <wordcount weight="1" > hylocomium </wordcount>
    <wordcount weight="1" > pollen </wordcount>
    <wordcount weight="1" > raceme </wordcount>
    <wordcount weight="1" > zur </wordcount>
    <wordcount weight="1" > heated </wordcount>
    <wordcount weight="1" > different </wordcount>
    <wordcount weight="1" > gritty </wordcount>
    <wordcount weight="1" > dot </wordcount>
    <wordcount weight="1" > december </wordcount>
    <wordcount weight="1" > ustomaculana </wordcount>
    <wordcount weight="1" > wind </wordcount>
    <wordcount weight="1" > reach </wordcount>
    <wordcount weight="1" > perrisia </wordcount>
    <wordcount weight="1" > doubtfully </wordcount>
    <wordcount weight="1" > assimilation </wordcount>
    <wordcount weight="1" > chloroclystis </wordcount>
    <wordcount weight="1" > affinities </wordcount>
    <wordcount weight="1" > plateau </wordcount>
    <wordcount weight="1" > loreus </wordcount>
    <wordcount weight="1" > mycosphaerella </wordcount>
    <wordcount weight="1" > radicans </wordcount>
    <wordcount weight="1" > occurrence </wordcount>
    <wordcount weight="1" > elegantula </wordcount>
    <wordcount weight="1" > spreads </wordcount>
    <wordcount weight="1" > pilze </wordcount>
    <wordcount weight="1" > ph </wordcount>
    <wordcount weight="1" > genus </wordcount>
    <wordcount weight="1" > bigelowii </wordcount>
    <wordcount weight="1" > listera </wordcount>
    <wordcount weight="1" > monopodially </wordcount>
    <wordcount weight="1" > lc </wordcount>
    <wordcount weight="1" > differences </wordcount>
    <wordcount weight="1" > relict </wordcount>
    <wordcount weight="1" > phanerogams </wordcount>
    <wordcount weight="1" > ignition </wordcount>
    <wordcount weight="1" > emarginate </wordcount>
    <wordcount weight="1" > iii </wordcount>
    <wordcount weight="1" > time </wordcount>
    <wordcount weight="1" > angustifolium </wordcount>
    <wordcount weight="1" > ternetz </wordcount>
    <wordcount weight="1" > follows </wordcount>
    <wordcount weight="1" > alchemilla </wordcount>
    <wordcount weight="1" > borne </wordcount>
    <wordcount weight="1" > freisleben </wordcount>
    <wordcount weight="1" > bomolochafontis </wordcount>
    <wordcount weight="1" > grey </wordcount>
    <wordcount weight="1" > banks </wordcount>
    <wordcount weight="1" > aphidoidea </wordcount>
    <wordcount weight="1" > molinia </wordcount>
    <wordcount weight="1" > nivalis </wordcount>
    <wordcount weight="1" > grows </wordcount>
    <wordcount weight="1" > very </wordcount>
    <wordcount weight="1" > berk </wordcount>
    <wordcount weight="1" > ptilidium </wordcount>
    <wordcount weight="1" > zone </wordcount>
    <wordcount weight="1" > while </wordcount>
    <wordcount weight="1" > contemporary </wordcount>
    <wordcount weight="1" > associated </wordcount>
    <wordcount weight="1" > variation </wordcount>
    <wordcount weight="1" > survey </wordcount>
    <wordcount weight="1" > historical </wordcount>
    <wordcount weight="1" > staminal </wordcount>
    <wordcount weight="1" > ptarmigan </wordcount>
    <wordcount weight="1" > zembla </wordcount>
    <wordcount weight="1" > clearing </wordcount>
    <wordcount weight="1" > albicans </wordcount>
    <wordcount weight="1" > setting </wordcount>
    <wordcount weight="1" > discussed </wordcount>
    <wordcount weight="1" > minus </wordcount>
    <wordcount weight="1" > pure </wordcount>
    <wordcount weight="1" > gyrophora </wordcount>
    <wordcount weight="1" > adduced </wordcount>
    <wordcount weight="1" > vitisidaea </wordcount>
    <wordcount weight="1" > mor </wordcount>
    <wordcount weight="1" > morphological </wordcount>
    <wordcount weight="1" > anglica </wordcount>
    <wordcount weight="1" > thekopsora </wordcount>
    <wordcount weight="1" > herbaria </wordcount>
    <wordcount weight="1" > floral </wordcount>
    <wordcount weight="1" > treatment </wordcount>
    <wordcount weight="1" > oxycoccus </wordcount>
    <wordcount weight="1" > subterranean </wordcount>
    <wordcount weight="1" > following </wordcount>
    <wordcount weight="1" > studies </wordcount>
    <wordcount weight="1" > pendulous </wordcount>
    <wordcount weight="1" > triquetrus </wordcount>
    <wordcount weight="1" > physiological </wordcount>
    <wordcount weight="1" > those </wordcount>
    <wordcount weight="1" > consists </wordcount>
    <wordcount weight="1" > corolla </wordcount>
    <wordcount weight="1" > remarkable </wordcount>
    <wordcount weight="1" > available </wordcount>
    <wordcount weight="1" > carex </wordcount>
    <wordcount weight="1" > frost </wordcount>
    <wordcount weight="1" > staffordshire </wordcount>
    <wordcount weight="1" > erica </wordcount>
    <wordcount weight="1" > rapid </wordcount>
    <wordcount weight="1" > where </wordcount>
    <wordcount weight="1" > phoma </wordcount>
    <wordcount weight="1" > rhytidiadelphus </wordcount>
    <wordcount weight="1" > stickstoffes </wordcount>
    <wordcount weight="1" > agrostis </wordcount>
    <wordcount weight="1" > within </wordcount>
    <wordcount weight="1" > march </wordcount>
    <wordcount weight="1" > glaucum </wordcount>
    <wordcount weight="1" > scutata </wordcount>
    <wordcount weight="1" > jubata </wordcount>
    <wordcount weight="1" > terms </wordcount>
    <wordcount weight="1" > coleophora </wordcount>
    <wordcount weight="1" > hypoderma </wordcount>
    <wordcount weight="1" > bluntly </wordcount>
    <wordcount weight="1" > stcta </wordcount>
    <wordcount weight="1" > rmolia </wordcount>
    <wordcount weight="1" > subsere </wordcount>
    <wordcount weight="1" > scale </wordcount>
    <wordcount weight="1" > temperatures </wordcount>
    <wordcount weight="1" > iceland </wordcount>
    <wordcount weight="1" > material </wordcount>
    <wordcount weight="1" > hybridizes </wordcount>
    <wordcount weight="1" > habitual </wordcount>
    <wordcount weight="1" > corniculata </wordcount>
    <wordcount weight="1" > branched </wordcount>
    <wordcount weight="1" > anarta </wordcount>
    <wordcount weight="1" > podosphaera </wordcount>
    <wordcount weight="1" > higher </wordcount>
    <wordcount weight="1" > rhizome </wordcount>
    <wordcount weight="1" > moisture </wordcount>
    <wordcount weight="1" > map </wordcount>
    <wordcount weight="1" > botanical </wordcount>
    <wordcount weight="1" > fruit </wordcount>
    <wordcount weight="1" > diptera </wordcount>
    <wordcount weight="1" > counties </wordcount>
    <wordcount weight="1" > eriophorum </wordcount>
    <wordcount weight="1" > eastern </wordcount>
    <wordcount weight="1" > medd </wordcount>
    <wordcount weight="1" > lonmwofo </wordcount>
    <wordcount weight="1" > atmospharischen </wordcount>
    <wordcount weight="1" > style </wordcount>
    <wordcount weight="1" > drain </wordcount>
    <wordcount weight="1" > venturia </wordcount>
    <wordcount weight="1" > status </wordcount>
    <wordcount weight="1" > leafy </wordcount>
    <wordcount weight="1" > mycorrhizal </wordcount>
    <wordcount weight="1" > partial </wordcount>
    <wordcount weight="1" > rangiferina </wordcount>
    <wordcount weight="1" > plagiothecium </wordcount>
    <wordcount weight="1" > attaining </wordcount>
    <wordcount weight="1" > iv </wordcount>
    <wordcount weight="1" > lithocolletis </wordcount>
    <wordcount weight="1" > presentation </wordcount>
    <wordcount weight="1" > coccomyces </wordcount>
    <wordcount weight="1" > grit </wordcount>
    <wordcount weight="1" > inflorescence </wordcount>
    <wordcount weight="1" > require </wordcount>
    <wordcount weight="1" > rotundifolia </wordcount>
    <wordcount weight="1" > pilulifera </wordcount>
    <wordcount weight="1" > cairngorm </wordcount>
    <wordcount weight="1" > sites </wordcount>
    <wordcount weight="1" > animal </wordcount>
    <wordcount weight="1" > salicis </wordcount>
    <wordcount weight="1" > pseudoscleropodium </wordcount>
    <wordcount weight="1" > aculeata </wordcount>
    <wordcount weight="1" > another </wordcount>
    <wordcount weight="1" > original </wordcount>
    <wordcount weight="1" > rock </wordcount>
    <wordcount weight="1" > vertical </wordcount>
    <wordcount weight="1" > hulten </wordcount>
    <wordcount weight="1" > alpina </wordcount>
    <wordcount weight="1" > possible </wordcount>
    <wordcount weight="1" > kew </wordcount>
    <wordcount weight="1" > private </wordcount>
    <wordcount weight="1" > coccifera </wordcount>
    <wordcount weight="1" > lodd </wordcount>
    <wordcount weight="1" > mean </wordcount>
    <wordcount weight="1" > greatest </wordcount>
    <wordcount weight="1" > closed </wordcount>
    <wordcount weight="1" > mapped </wordcount>
    <wordcount weight="1" > literature </wordcount>
    <wordcount weight="1" > laciniata </wordcount>
    <wordcount weight="1" > pilosa </wordcount>
    <wordcount weight="1" > edaphically </wordcount>
    <wordcount weight="1" > yukon </wordcount>
    <wordcount weight="1" > examples </wordcount>
    <wordcount weight="1" > polyphylla </wordcount>
    <wordcount weight="1" > flowerbearing </wordcount>
    <wordcount weight="1" > cervicornis </wordcount>
    <wordcount weight="1" > made </wordcount>
    <wordcount weight="1" > purum </wordcount>
    <wordcount weight="1" > wahlgreniella </wordcount>
    <wordcount weight="1" > upon </wordcount>
    <wordcount weight="1" > range </wordcount>
    <wordcount weight="1" > junoniella </wordcount>
    <wordcount weight="1" > obvious </wordcount>
    <wordcount weight="1" > limitations </wordcount>
    <wordcount weight="1" > grained </wordcount>
    <wordcount weight="1" > determined </wordcount>
    <wordcount weight="1" > sides </wordcount>
    <wordcount weight="1" > acrolita </wordcount>
    <wordcount weight="1" > bombus </wordcount>
    <wordcount weight="1" > andrena </wordcount>
    <wordcount weight="1" > degenerans </wordcount>
    <wordcount weight="1" > hysterium </wordcount>
    <wordcount weight="1" > fungi </wordcount>
    <wordcount weight="1" > london </wordcount>
    <wordcount weight="1" > mykotrophie </wordcount>
    <wordcount weight="1" > extending </wordcount>
    <wordcount weight="1" > competes </wordcount>
    <wordcount weight="1" > example </wordcount>
    <wordcount weight="1" > proportions </wordcount>
    <wordcount weight="1" > cumberland </wordcount>
    <wordcount weight="1" > uber </wordcount>
    <wordcount weight="1" > proved </wordcount>
    <wordcount weight="1" > confirm </wordcount>
    <wordcount weight="1" > related </wordcount>
    <wordcount weight="1" > pleurozium </wordcount>
    <wordcount weight="1" > grow </wordcount>
    <wordcount weight="1" > medium </wordcount>
    <wordcount weight="1" > die </wordcount>
    <wordcount weight="1" > activity </wordcount>
    <wordcount weight="1" > persists </wordcount>
    <wordcount weight="1" > woodland </wordcount>
    <wordcount weight="1" > serrate </wordcount>
    <wordcount weight="1" > calyx </wordcount>
    <wordcount weight="1" > early </wordcount>
    <wordcount weight="1" > texture </wordcount>
    <wordcount weight="1" > stromatinia </wordcount>
    <wordcount weight="1" > significant </wordcount>
    <wordcount weight="1" > unavailable </wordcount>
    <wordcount weight="1" > inimical </wordcount>
    <wordcount weight="1" > glanddotted </wordcount>
    <wordcount weight="1" > during </wordcount>
    <wordcount weight="1" > forests </wordcount>
    <wordcount weight="1" > summarizes </wordcount>
    <wordcount weight="1" > refers </wordcount>
    <wordcount weight="1" > borealis </wordcount>
    <wordcount weight="1" > describes </wordcount>
    <wordcount weight="1" > orgyia </wordcount>
    <wordcount weight="1" > references </wordcount>
    <wordcount weight="1" > authors </wordcount>
    <wordcount weight="1" > sporomega </wordcount>
    <wordcount weight="1" > norvegica </wordcount>
    <wordcount weight="1" > isolated </wordcount>
    <wordcount weight="1" > resulting </wordcount>
    <wordcount weight="1" > ranked </wordcount>
    <wordcount weight="1" > resolved </wordcount>
    <wordcount weight="1" > vespula </wordcount>
    <wordcount weight="1" > soils </wordcount>
    <wordcount weight="1" > oceanic </wordcount>
    <wordcount weight="1" > isothecium </wordcount>
    <wordcount weight="1" > pohlia </wordcount>
    <wordcount weight="1" > central </wordcount>
    <wordcount weight="1" > palustris </wordcount>
    <wordcount weight="1" > hypogymnia </wordcount>
    <wordcount weight="1" > goodyera </wordcount>
    <wordcount weight="1" > durch </wordcount>
    <wordcount weight="1" > personal </wordcount>
    <wordcount weight="1" > full </wordcount>
    <wordcount weight="1" > exserted </wordcount>
    <wordcount weight="1" > diplophyllum </wordcount>
    <wordcount weight="1" > islandica </wordcount>
    <wordcount weight="1" > hortorum </wordcount>
    <wordcount weight="1" > stockholm </wordcount>
    <wordcount weight="1" > lon </wordcount>
    <wordcount weight="1" > de </wordcount>
    <wordcount weight="1" > undulatum </wordcount>
    <wordcount weight="1" > cytological </wordcount>
    <wordcount weight="1" > layers </wordcount>
    <wordcount weight="1" > secunda </wordcount>
    <wordcount weight="1" > shown </wordcount>
    <wordcount weight="1" > until </wordcount>
    <wordcount weight="1" > shelter </wordcount>
    <wordcount weight="1" > bioticfactors </wordcount>
    <wordcount weight="1" > progress </wordcount>
    <wordcount weight="1" > vii </wordcount>
    <wordcount weight="1" > distinguish </wordcount>
    <wordcount weight="1" > component </wordcount>
    <wordcount weight="1" > slender </wordcount>
    <wordcount weight="1" > severe </wordcount>
    <wordcount weight="1" > cupressiforme </wordcount>
    <wordcount weight="1" > campylopus </wordcount>
    <wordcount weight="1" > destruction </wordcount>
    <wordcount weight="1" > nutans </wordcount>
    <wordcount weight="1" > difference </wordcount>
    <wordcount weight="1" > open </wordcount>
    <wordcount weight="1" > raup </wordcount>
    <wordcount weight="1" > kieff </wordcount>
    <wordcount weight="1" > since </wordcount>
    <wordcount weight="1" > daylight </wordcount>
    <wordcount weight="1" > due </wordcount>
    <wordcount weight="1" > member </wordcount>
    <wordcount weight="1" > extend </wordcount>
    <wordcount weight="1" > virgultorum </wordcount>
    <wordcount weight="1" > schm </wordcount>
    <wordcount weight="1" > conditions </wordcount>
    <wordcount weight="1" > hornum </wordcount>
    <wordcount weight="1" > realized </wordcount>
    <wordcount weight="1" > seasons </wordcount>
    <wordcount weight="1" > assumes </wordcount>
    <wordcount weight="1" > comprehensive </wordcount>
    <wordcount weight="1" > scandinavia </wordcount>
    <wordcount weight="1" > melanopa </wordcount>
    <wordcount weight="1" > national </wordcount>
    <wordcount weight="1" > ascomycetes </wordcount>
    <wordcount weight="1" > lapponica </wordcount>
    <wordcount weight="1" > festuca </wordcount>
    <wordcount weight="1" > alectoria </wordcount>
    <wordcount weight="1" > botany </wordcount>
    <wordcount weight="1" > good </wordcount>
    <wordcount weight="1" > change </wordcount>
    <wordcount weight="1" > characteristic </wordcount>
    <wordcount weight="1" > regarded </wordcount>
    <wordcount weight="1" > large </wordcount>
    <wordcount weight="1" > rhizoctonia </wordcount>
    <wordcount weight="1" > activities </wordcount>
    <wordcount weight="1" > peltigera </wordcount>
    <wordcount weight="1" > acta </wordcount>
    <wordcount weight="1" > bond </wordcount>
    <wordcount weight="1" > tolerant </wordcount>
    <wordcount weight="1" > apically </wordcount>
    <wordcount weight="1" > pollinating </wordcount>
    <wordcount weight="1" > caused </wordcount>
    <wordcount weight="1" > leaf </wordcount>
    <wordcount weight="1" > d </wordcount>
    <wordcount weight="1" > field </wordcount>
    <wordcount weight="1" > morphologically </wordcount>
    <wordcount weight="1" > below </wordcount>
    <wordcount weight="1" > period </wordcount>
    <wordcount weight="1" > spread </wordcount>
    <wordcount weight="1" > so </wordcount>
    <wordcount weight="1" > paucity </wordcount>
    <wordcount weight="1" > ovateoblong </wordcount>
    <wordcount weight="1" > tetralix </wordcount>
    <wordcount weight="1" > stage </wordcount>
    <wordcount weight="1" > cladonia </wordcount>
    <wordcount weight="1" > values </wordcount>
    <wordcount weight="1" > nerved </wordcount>
    <wordcount weight="1" > corni </wordcount>
    <wordcount weight="1" > sororiata </wordcount>
    <wordcount weight="1" > screes </wordcount>
    <wordcount weight="1" > counted </wordcount>
    <wordcount weight="1" > nomenclatural </wordcount>
    <wordcount weight="1" > europaea </wordcount>
    <wordcount weight="1" > maccana </wordcount>
    <wordcount weight="1" > amorphous </wordcount>
    <wordcount weight="1" > splendens </wordcount>
    <wordcount weight="1" > pylargefumata </wordcount>
    <wordcount weight="1" > luzula </wordcount>
    <wordcount weight="1" > abundant </wordcount>
    <wordcount weight="1" > provides </wordcount>
    <wordcount weight="1" > majus </wordcount>
    <wordcount weight="1" > kalchbr </wordcount>
    <wordcount weight="1" > disintegration </wordcount>
    <wordcount weight="1" > elements </wordcount>
    <wordcount weight="1" > association </wordcount>
    <wordcount weight="1" > antiqua </wordcount>
    <wordcount weight="1" > frosts </wordcount>
    <wordcount weight="1" > increased </wordcount>
    <wordcount weight="1" > pheasant </wordcount>
    <wordcount weight="1" > artificial </wordcount>
    <wordcount weight="1" > buds </wordcount>
    <wordcount weight="1" > soapy </wordcount>
    <wordcount weight="1" > specific </wordcount>
    <wordcount weight="1" > awned </wordcount>
    <wordcount weight="1" > concerns </wordcount>
    <wordcount weight="1" > saxatilis </wordcount>
    <wordcount weight="1" > highly </wordcount>
    <wordcount weight="1" > highest </wordcount>
    <wordcount weight="1" > physodes </wordcount>
    <wordcount weight="1" > schreberi </wordcount>
    <wordcount weight="1" > response </wordcount>
    <wordcount weight="1" > clones </wordcount>
    <wordcount weight="1" > macilenta </wordcount>
    <wordcount weight="1" > frage </wordcount>
    <wordcount weight="1" > young </wordcount>
    <wordcount weight="1" > spicant </wordcount>
    <wordcount weight="1" > niches </wordcount>
    <wordcount weight="1" > coryli </wordcount>
    <wordcount weight="1" > gloniopsis </wordcount>
    <wordcount weight="1" > distinguished </wordcount>
    <wordcount weight="1" > alluvial </wordcount>
    <wordcount weight="1" > arranged </wordcount>
    <wordcount weight="1" > continuous </wordcount>
    <wordcount weight="1" > effective </wordcount>
    <wordcount weight="1" > study </wordcount>
    <wordcount weight="1" > lithomoia </wordcount>
    <wordcount weight="1" > dense </wordcount>
    <wordcount weight="1" > deposits </wordcount>
    <wordcount weight="1" > impossible </wordcount>
    <wordcount weight="1" > coast </wordcount>
    <wordcount weight="1" > lapponicus </wordcount>
    <wordcount weight="1" > excluded </wordcount>
    <wordcount weight="1" > rusticana </wordcount>
    <wordcount weight="1" > sylvestris </wordcount>
    <wordcount weight="1" > january </wordcount>
    <wordcount weight="1" > analysis </wordcount>
    <wordcount weight="1" > flexuosa </wordcount>
    <wordcount weight="1" > thelephora </wordcount>
    <wordcount weight="1" > consecutive </wordcount>
    <wordcount weight="1" > universities </wordcount>
    <wordcount weight="1" > basidiomycetes </wordcount>
    <wordcount weight="1" > little </wordcount>
    <wordcount weight="1" > interaction </wordcount>
    <wordcount weight="1" > baccarum </wordcount>
    <wordcount weight="1" > italy </wordcount>
    <wordcount weight="1" > mycena </wordcount>
    <wordcount weight="1" > bicornes </wordcount>
    <wordcount weight="1" > much </wordcount>
    <wordcount weight="1" > vertically </wordcount>
    <wordcount weight="1" > apparently </wordcount>
    <wordcount weight="1" > quadratus </wordcount>
    <wordcount weight="1" > juncus </wordcount>
    <wordcount weight="1" > operative </wordcount>
    <wordcount weight="1" > biology </wordcount>
    <wordcount weight="1" > westmorland </wordcount>
    <wordcount weight="1" > phacidium </wordcount>
    <wordcount weight="1" > classified </wordcount>
    <wordcount weight="1" > cross </wordcount>
    <wordcount weight="1" > green </wordcount>
    <wordcount weight="1" > platysma </wordcount>
    <wordcount weight="1" > climates </wordcount>
    <wordcount weight="1" > should </wordcount>
    <wordcount weight="1" > adult </wordcount>
    <wordcount weight="1" > cetraria </wordcount>
    <wordcount weight="1" > develop </wordcount>
    <wordcount weight="1" > broader </wordcount>
    <wordcount weight="1" > daughter </wordcount>
    <wordcount weight="1" > hybrids </wordcount>
    <wordcount weight="1" > coccidoidea </wordcount>
    <wordcount weight="1" > icelandic </wordcount>
    <wordcount weight="1" > lsylvatica </wordcount>
    <wordcount weight="1" > petiole </wordcount>
    <wordcount weight="1" > devonshire </wordcount>
    <wordcount weight="1" > major </wordcount>
    <wordcount weight="1" > blechnum </wordcount>
    <wordcount weight="1" > poorly </wordcount>
    <wordcount weight="1" > phenology </wordcount>
    <wordcount weight="1" > hoffm </wordcount>
    <wordcount weight="1" > geminana </wordcount>
    <wordcount weight="1" > stands </wordcount>
    <wordcount weight="1" > alaska </wordcount>
    <wordcount weight="1" > intermediacy </wordcount>
    <wordcount weight="1" > gravity </wordcount>
</article>
