<?xml version="1.0" encoding="UTF-8"?>
<article id="10.2307/1936871" >
    <wordcount weight="444" > the </wordcount>
    <wordcount weight="404" > of </wordcount>
    <wordcount weight="284" > in </wordcount>
    <wordcount weight="273" > and </wordcount>
    <wordcount weight="189" > to </wordcount>
    <wordcount weight="165" > a </wordcount>
    <wordcount weight="124" > for </wordcount>
    <wordcount weight="98" > variation </wordcount>
    <wordcount weight="98" > is </wordcount>
    <wordcount weight="84" > by </wordcount>
    <wordcount weight="75" > from </wordcount>
    <wordcount weight="70" > genetic </wordcount>
    <wordcount weight="68" > on </wordcount>
    <wordcount weight="60" > were </wordcount>
    <wordcount weight="54" > at </wordcount>
    <wordcount weight="53" > be </wordcount>
    <wordcount weight="49" > are </wordcount>
    <wordcount weight="48" > with </wordcount>
    <wordcount weight="47" > as </wordcount>
    <wordcount weight="46" > seed </wordcount>
    <wordcount weight="40" > source </wordcount>
    <wordcount weight="39" > an </wordcount>
    <wordcount weight="39" > among </wordcount>
    <wordcount weight="38" > seedlings </wordcount>
    <wordcount weight="38" > traits </wordcount>
    <wordcount weight="34" > variability </wordcount>
    <wordcount weight="33" > or </wordcount>
    <wordcount weight="32" > watershed </wordcount>
    <wordcount weight="32" > selection </wordcount>
    <wordcount weight="31" > this </wordcount>
    <wordcount weight="31" > variance </wordcount>
    <wordcount weight="31" > trait </wordcount>
    <wordcount weight="30" > that </wordcount>
    <wordcount weight="30" > l </wordcount>
    <wordcount weight="30" > bud </wordcount>
    <wordcount weight="30" > which </wordcount>
    <wordcount weight="30" > forest </wordcount>
    <wordcount weight="29" > was </wordcount>
    <wordcount weight="28" > within </wordcount>
    <wordcount weight="28" > not </wordcount>
    <wordcount weight="26" > between </wordcount>
    <wordcount weight="25" > family </wordcount>
    <wordcount weight="24" > m </wordcount>
    <wordcount weight="24" > total </wordcount>
    <wordcount weight="24" > j </wordcount>
    <wordcount weight="24" > p </wordcount>
    <wordcount weight="23" > i </wordcount>
    <wordcount weight="23" > location </wordcount>
    <wordcount weight="23" > proportions </wordcount>
    <wordcount weight="23" > have </wordcount>
    <wordcount weight="22" > height </wordcount>
    <wordcount weight="22" > regression </wordcount>
    <wordcount weight="22" > principal </wordcount>
    <wordcount weight="22" > trees </wordcount>
    <wordcount weight="22" > families </wordcount>
    <wordcount weight="21" > environmental </wordcount>
    <wordcount weight="21" > component </wordcount>
    <wordcount weight="21" > usa </wordcount>
    <wordcount weight="19" > differences </wordcount>
    <wordcount weight="19" > weight </wordcount>
    <wordcount weight="19" > may </wordcount>
    <wordcount weight="19" > burst </wordcount>
    <wordcount weight="19" > r </wordcount>
    <wordcount weight="19" > new </wordcount>
    <wordcount weight="19" > been </wordcount>
    <wordcount weight="19" > seedling </wordcount>
    <wordcount weight="19" > environment </wordcount>
    <wordcount weight="19" > differentiation </wordcount>
    <wordcount weight="18" > more </wordcount>
    <wordcount weight="18" > elevation </wordcount>
    <wordcount weight="18" > set </wordcount>
    <wordcount weight="18" > each </wordcount>
    <wordcount weight="17" > estimated </wordcount>
    <wordcount weight="17" > other </wordcount>
    <wordcount weight="17" > proportion </wordcount>
    <wordcount weight="17" > population </wordcount>
    <wordcount weight="17" > variables </wordcount>
    <wordcount weight="16" > one </wordcount>
    <wordcount weight="16" > k </wordcount>
    <wordcount weight="16" > components </wordcount>
    <wordcount weight="16" > but </wordcount>
    <wordcount weight="16" > can </wordcount>
    <wordcount weight="16" > nonadapted </wordcount>
    <wordcount weight="16" > table </wordcount>
    <wordcount weight="15" > some </wordcount>
    <wordcount weight="15" > due </wordcount>
    <wordcount weight="15" > number </wordcount>
    <wordcount weight="15" > elevations </wordcount>
    <wordcount weight="15" > natural </wordcount>
    <wordcount weight="15" > locations </wordcount>
    <wordcount weight="14" > tree </wordcount>
    <wordcount weight="14" > genotypes </wordcount>
    <wordcount weight="14" > second </wordcount>
    <wordcount weight="14" > values </wordcount>
    <wordcount weight="14" > high </wordcount>
    <wordcount weight="14" > has </wordcount>
    <wordcount weight="13" > e </wordcount>
    <wordcount weight="13" > large </wordcount>
    <wordcount weight="13" > growth </wordcount>
    <wordcount weight="13" > coefficients </wordcount>
    <wordcount weight="13" > part </wordcount>
    <wordcount weight="13" > related </wordcount>
    <wordcount weight="13" > f </wordcount>
    <wordcount weight="13" > two </wordcount>
    <wordcount weight="13" > only </wordcount>
    <wordcount weight="13" > larger </wordcount>
    <wordcount weight="13" > analysis </wordcount>
    <wordcount weight="13" > slopes </wordcount>
    <wordcount weight="13" > average </wordcount>
    <wordcount weight="12" > it </wordcount>
    <wordcount weight="12" > if </wordcount>
    <wordcount weight="12" > equations </wordcount>
    <wordcount weight="12" > t </wordcount>
    <wordcount weight="12" > all </wordcount>
    <wordcount weight="12" > fig </wordcount>
    <wordcount weight="12" > than </wordcount>
    <wordcount weight="12" > based </wordcount>
    <wordcount weight="12" > because </wordcount>
    <wordcount weight="12" > seeds </wordcount>
    <wordcount weight="12" > variates </wordcount>
    <wordcount weight="12" > range </wordcount>
    <wordcount weight="12" > described </wordcount>
    <wordcount weight="12" > parent </wordcount>
    <wordcount weight="12" > life </wordcount>
    <wordcount weight="12" > both </wordcount>
    <wordcount weight="12" > adapted </wordcount>
    <wordcount weight="12" > temperature </wordcount>
    <wordcount weight="12" > d </wordcount>
    <wordcount weight="11" > into </wordcount>
    <wordcount weight="11" > such </wordcount>
    <wordcount weight="11" > calculated </wordcount>
    <wordcount weight="11" > higher </wordcount>
    <wordcount weight="11" > environments </wordcount>
    <wordcount weight="11" > populations </wordcount>
    <wordcount weight="11" > genecology </wordcount>
    <wordcount weight="11" > oregon </wordcount>
    <wordcount weight="11" > factors </wordcount>
    <wordcount weight="11" > transformed </wordcount>
    <wordcount weight="11" > c </wordcount>
    <wordcount weight="10" > along </wordcount>
    <wordcount weight="10" > g </wordcount>
    <wordcount weight="10" > even </wordcount>
    <wordcount weight="10" > journal </wordcount>
    <wordcount weight="10" > mean </wordcount>
    <wordcount weight="10" > w </wordcount>
    <wordcount weight="10" > most </wordcount>
    <wordcount weight="10" > used </wordcount>
    <wordcount weight="10" > gene </wordcount>
    <wordcount weight="10" > experimental </wordcount>
    <wordcount weight="10" > experiment </wordcount>
    <wordcount weight="10" > patterns </wordcount>
    <wordcount weight="10" > where </wordcount>
    <wordcount weight="10" > ecology </wordcount>
    <wordcount weight="10" > low </wordcount>
    <wordcount weight="10" > any </wordcount>
    <wordcount weight="10" > associated </wordcount>
    <wordcount weight="10" > zones </wordcount>
    <wordcount weight="9" > western </wordcount>
    <wordcount weight="9" > first </wordcount>
    <wordcount weight="9" > sources </wordcount>
    <wordcount weight="9" > s </wordcount>
    <wordcount weight="9" > germination </wordcount>
    <wordcount weight="9" > ith </wordcount>
    <wordcount weight="9" > campbell </wordcount>
    <wordcount weight="9" > gradients </wordcount>
    <wordcount weight="9" > apparently </wordcount>
    <wordcount weight="9" > error </wordcount>
    <wordcount weight="9" > after </wordcount>
    <wordcount weight="9" > study </wordcount>
    <wordcount weight="9" > found </wordcount>
    <wordcount weight="9" > dispersal </wordcount>
    <wordcount weight="9" > change </wordcount>
    <wordcount weight="9" > species </wordcount>
    <wordcount weight="9" > eigenvector </wordcount>
    <wordcount weight="9" > mainly </wordcount>
    <wordcount weight="9" > probably </wordcount>
    <wordcount weight="9" > united </wordcount>
    <wordcount weight="9" > column </wordcount>
    <wordcount weight="9" > different </wordcount>
    <wordcount weight="8" > being </wordcount>
    <wordcount weight="8" > there </wordcount>
    <wordcount weight="8" > stand </wordcount>
    <wordcount weight="8" > robert </wordcount>
    <wordcount weight="8" > expected </wordcount>
    <wordcount weight="8" > estimates </wordcount>
    <wordcount weight="8" > b </wordcount>
    <wordcount weight="8" > derived </wordcount>
    <wordcount weight="8" > data </wordcount>
    <wordcount weight="8" > transfer </wordcount>
    <wordcount weight="8" > results </wordcount>
    <wordcount weight="8" > nursery </wordcount>
    <wordcount weight="8" > lack </wordcount>
    <wordcount weight="8" > variances </wordcount>
    <wordcount weight="8" > would </wordcount>
    <wordcount weight="8" > dry </wordcount>
    <wordcount weight="8" > types </wordcount>
    <wordcount weight="8" > transfers </wordcount>
    <wordcount weight="8" > selected </wordcount>
    <wordcount weight="8" > forestry </wordcount>
    <wordcount weight="8" > effects </wordcount>
    <wordcount weight="7" > common </wordcount>
    <wordcount weight="7" > likely </wordcount>
    <wordcount weight="7" > h </wordcount>
    <wordcount weight="7" > vol </wordcount>
    <wordcount weight="7" > no </wordcount>
    <wordcount weight="7" > probability </wordcount>
    <wordcount weight="7" > days </wordcount>
    <wordcount weight="7" > flow </wordcount>
    <wordcount weight="7" > greater </wordcount>
    <wordcount weight="7" > could </wordcount>
    <wordcount weight="7" > pollen </wordcount>
    <wordcount weight="7" > breeding </wordcount>
    <wordcount weight="7" > research </wordcount>
    <wordcount weight="7" > gradient </wordcount>
    <wordcount weight="7" > included </wordcount>
    <wordcount weight="7" > department </wordcount>
    <wordcount weight="7" > individuals </wordcount>
    <wordcount weight="7" > genetics </wordcount>
    <wordcount weight="7" > science </wordcount>
    <wordcount weight="7" > north </wordcount>
    <wordcount weight="7" > equation </wordcount>
    <wordcount weight="7" > survival </wordcount>
    <wordcount weight="7" > states </wordcount>
    <wordcount weight="7" > km </wordcount>
    <wordcount weight="7" > heterogeneous </wordcount>
    <wordcount weight="6" > rate </wordcount>
    <wordcount weight="6" > later </wordcount>
    <wordcount weight="6" > designed </wordcount>
    <wordcount weight="6" > test </wordcount>
    <wordcount weight="6" > elevational </wordcount>
    <wordcount weight="6" > depending </wordcount>
    <wordcount weight="6" > account </wordcount>
    <wordcount weight="6" > except </wordcount>
    <wordcount weight="6" > explained </wordcount>
    <wordcount weight="6" > vegetative </wordcount>
    <wordcount weight="6" > compared </wordcount>
    <wordcount weight="6" > predicted </wordcount>
    <wordcount weight="6" > their </wordcount>
    <wordcount weight="6" > genetica </wordcount>
    <wordcount weight="6" > means </wordcount>
    <wordcount weight="6" > additive </wordcount>
    <wordcount weight="6" > comparisons </wordcount>
    <wordcount weight="6" > zone </wordcount>
    <wordcount weight="6" > applied </wordcount>
    <wordcount weight="6" > hypothetical </wordcount>
    <wordcount weight="6" > its </wordcount>
    <wordcount weight="6" > fit </wordcount>
    <wordcount weight="6" > northwest </wordcount>
    <wordcount weight="6" > lookout </wordcount>
    <wordcount weight="6" > distances </wordcount>
    <wordcount weight="6" > small </wordcount>
    <wordcount weight="6" > several </wordcount>
    <wordcount weight="6" > value </wordcount>
    <wordcount weight="6" > al </wordcount>
    <wordcount weight="6" > these </wordcount>
    <wordcount weight="6" > model </wordcount>
    <wordcount weight="6" > another </wordcount>
    <wordcount weight="6" > scaled </wordcount>
    <wordcount weight="6" > load </wordcount>
    <wordcount weight="6" > respectively </wordcount>
    <wordcount weight="6" > effect </wordcount>
    <wordcount weight="6" > adaptive </wordcount>
    <wordcount weight="6" > ecological </wordcount>
    <wordcount weight="6" > cotyledon </wordcount>
    <wordcount weight="6" > measured </wordcount>
    <wordcount weight="6" > slope </wordcount>
    <wordcount weight="6" > microenvironments </wordcount>
    <wordcount weight="6" > silvae </wordcount>
    <wordcount weight="6" > almost </wordcount>
    <wordcount weight="6" > fitness </wordcount>
    <wordcount weight="6" > should </wordcount>
    <wordcount weight="5" > complex </wordcount>
    <wordcount weight="5" > corresponding </wordcount>
    <wordcount weight="5" > ii </wordcount>
    <wordcount weight="5" > procedure </wordcount>
    <wordcount weight="5" > system </wordcount>
    <wordcount weight="5" > british </wordcount>
    <wordcount weight="5" > bottom </wordcount>
    <wordcount weight="5" > correlation </wordcount>
    <wordcount weight="5" > estimating </wordcount>
    <wordcount weight="5" > response </wordcount>
    <wordcount weight="5" > estimate </wordcount>
    <wordcount weight="5" > ridge </wordcount>
    <wordcount weight="5" > pacific </wordcount>
    <wordcount weight="5" > deviations </wordcount>
    <wordcount weight="5" > reflects </wordcount>
    <wordcount weight="5" > performance </wordcount>
    <wordcount weight="5" > coastal </wordcount>
    <wordcount weight="5" > vs </wordcount>
    <wordcount weight="5" > similar </wordcount>
    <wordcount weight="5" > parts </wordcount>
    <wordcount weight="5" > represents </wordcount>
    <wordcount weight="5" > creek </wordcount>
    <wordcount weight="5" > isograms </wordcount>
    <wordcount weight="5" > describe </wordcount>
    <wordcount weight="5" > dines </wordcount>
    <wordcount weight="5" > et </wordcount>
    <wordcount weight="5" > provenance </wordcount>
    <wordcount weight="5" > will </wordcount>
    <wordcount weight="5" > single </wordcount>
    <wordcount weight="5" > same </wordcount>
    <wordcount weight="5" > also </wordcount>
    <wordcount weight="5" > adjacent </wordcount>
    <wordcount weight="5" > v </wordcount>
    <wordcount weight="5" > distance </wordcount>
    <wordcount weight="5" > original </wordcount>
    <wordcount weight="5" > significance </wordcount>
    <wordcount weight="5" > individual </wordcount>
    <wordcount weight="5" > plant </wordcount>
    <wordcount weight="5" > mountain </wordcount>
    <wordcount weight="5" > relative </wordcount>
    <wordcount weight="5" > yr </wordcount>
    <wordcount weight="5" > biology </wordcount>
    <wordcount weight="5" > then </wordcount>
    <wordcount weight="5" > over </wordcount>
    <wordcount weight="5" > cm </wordcount>
    <wordcount weight="5" > migration </wordcount>
    <wordcount weight="5" > differed </wordcount>
    <wordcount weight="5" > plants </wordcount>
    <wordcount weight="5" > culling </wordcount>
    <wordcount weight="5" > pine </wordcount>
    <wordcount weight="5" > difference </wordcount>
    <wordcount weight="5" > area </wordcount>
    <wordcount weight="4" > exhibiting </wordcount>
    <wordcount weight="4" > correlations </wordcount>
    <wordcount weight="4" > separated </wordcount>
    <wordcount weight="4" > they </wordcount>
    <wordcount weight="4" > american </wordcount>
    <wordcount weight="4" > before </wordcount>
    <wordcount weight="4" > lower </wordcount>
    <wordcount weight="4" > coadapted </wordcount>
    <wordcount weight="4" > regeneration </wordcount>
    <wordcount weight="4" > resulting </wordcount>
    <wordcount weight="4" > those </wordcount>
    <wordcount weight="4" > coniferous </wordcount>
    <wordcount weight="4" > genotypic </wordcount>
    <wordcount weight="4" > central </wordcount>
    <wordcount weight="4" > timber </wordcount>
    <wordcount weight="4" > accounted </wordcount>
    <wordcount weight="4" > heterogeneity </wordcount>
    <wordcount weight="4" > roche </wordcount>
    <wordcount weight="4" > drainage </wordcount>
    <wordcount weight="4" > lammas </wordcount>
    <wordcount weight="4" > six </wordcount>
    <wordcount weight="4" > grid </wordcount>
    <wordcount weight="4" > district </wordcount>
    <wordcount weight="4" > var </wordcount>
    <wordcount weight="4" > eigenvalues </wordcount>
    <wordcount weight="4" > observations </wordcount>
    <wordcount weight="4" > drought </wordcount>
    <wordcount weight="4" > steeper </wordcount>
    <wordcount weight="4" > highest </wordcount>
    <wordcount weight="4" > international </wordcount>
    <wordcount weight="4" > academic </wordcount>
    <wordcount weight="4" > method </wordcount>
    <wordcount weight="4" > well </wordcount>
    <wordcount weight="4" > directly </wordcount>
    <wordcount weight="4" > partitioned </wordcount>
    <wordcount weight="4" > year </wordcount>
    <wordcount weight="4" > reflect </wordcount>
    <wordcount weight="4" > showing </wordcount>
    <wordcount weight="4" > conkle </wordcount>
    <wordcount weight="4" > sampled </wordcount>
    <wordcount weight="4" > precipitation </wordcount>
    <wordcount weight="4" > corvallis </wordcount>
    <wordcount weight="4" > climate </wordcount>
    <wordcount weight="4" > variate </wordcount>
    <wordcount weight="4" > annual </wordcount>
    <wordcount weight="4" > when </wordcount>
    <wordcount weight="4" > attributable </wordcount>
    <wordcount weight="4" > flush </wordcount>
    <wordcount weight="4" > many </wordcount>
    <wordcount weight="4" > smith </wordcount>
    <wordcount weight="4" > frost </wordcount>
    <wordcount weight="4" > habitat </wordcount>
    <wordcount weight="4" > less </wordcount>
    <wordcount weight="4" > matrix </wordcount>
    <wordcount weight="4" > significant </wordcount>
    <wordcount weight="4" > trend </wordcount>
    <wordcount weight="4" > three </wordcount>
    <wordcount weight="4" > andrews </wordcount>
    <wordcount weight="4" > publication </wordcount>
    <wordcount weight="4" > earlier </wordcount>
    <wordcount weight="4" > relation </wordcount>
    <wordcount weight="4" > sig </wordcount>
    <wordcount weight="4" > provide </wordcount>
    <wordcount weight="4" > randomly </wordcount>
    <wordcount weight="4" > bulletin </wordcount>
    <wordcount weight="4" > methods </wordcount>
    <wordcount weight="4" > mortality </wordcount>
    <wordcount weight="4" > variable </wordcount>
    <wordcount weight="4" > university </wordcount>
    <wordcount weight="4" > december </wordcount>
    <wordcount weight="4" > particularly </wordcount>
    <wordcount weight="4" > terms </wordcount>
    <wordcount weight="4" > theory </wordcount>
    <wordcount weight="4" > multiple </wordcount>
    <wordcount weight="4" > little </wordcount>
    <wordcount weight="4" > years </wordcount>
    <wordcount weight="4" > grown </wordcount>
    <wordcount weight="4" > although </wordcount>
    <wordcount weight="4" > canadian </wordcount>
    <wordcount weight="4" > evidence </wordcount>
    <wordcount weight="4" > summary </wordcount>
    <wordcount weight="4" > comparison </wordcount>
    <wordcount weight="4" > specific </wordcount>
    <wordcount weight="4" > early </wordcount>
    <wordcount weight="4" > dine </wordcount>
    <wordcount weight="4" > hypothesis </wordcount>
    <wordcount weight="3" > fir </wordcount>
    <wordcount weight="3" > der </wordcount>
    <wordcount weight="3" > indicated </wordcount>
    <wordcount weight="3" > strategy </wordcount>
    <wordcount weight="3" > represent </wordcount>
    <wordcount weight="3" > affected </wordcount>
    <wordcount weight="3" > surviving </wordcount>
    <wordcount weight="3" > easily </wordcount>
    <wordcount weight="3" > fra </wordcount>
    <wordcount weight="3" > history </wordcount>
    <wordcount weight="3" > pinus </wordcount>
    <wordcount weight="3" > baker </wordcount>
    <wordcount weight="3" > reach </wordcount>
    <wordcount weight="3" > great </wordcount>
    <wordcount weight="3" > transferred </wordcount>
    <wordcount weight="3" > last </wordcount>
    <wordcount weight="3" > east </wordcount>
    <wordcount weight="3" > primary </wordcount>
    <wordcount weight="3" > insight </wordcount>
    <wordcount weight="3" > naturalist </wordcount>
    <wordcount weight="3" > variations </wordcount>
    <wordcount weight="3" > x </wordcount>
    <wordcount weight="3" > phase </wordcount>
    <wordcount weight="3" > germinate </wordcount>
    <wordcount weight="3" > mm </wordcount>
    <wordcount weight="3" > since </wordcount>
    <wordcount weight="3" > site </wordcount>
    <wordcount weight="3" > poorly </wordcount>
    <wordcount weight="3" > whose </wordcount>
    <wordcount weight="3" > constellations </wordcount>
    <wordcount weight="3" > rather </wordcount>
    <wordcount weight="3" > neighborhood </wordcount>
    <wordcount weight="3" > pages </wordcount>
    <wordcount weight="3" > colonizing </wordcount>
    <wordcount weight="3" > statistical </wordcount>
    <wordcount weight="3" > replications </wordcount>
    <wordcount weight="3" > weather </wordcount>
    <wordcount weight="3" > age </wordcount>
    <wordcount weight="3" > commonly </wordcount>
    <wordcount weight="3" > shorter </wordcount>
    <wordcount weight="3" > generally </wordcount>
    <wordcount weight="3" > had </wordcount>
    <wordcount weight="3" > result </wordcount>
    <wordcount weight="3" > pc </wordcount>
    <wordcount weight="3" > plot </wordcount>
    <wordcount weight="3" > cascades </wordcount>
    <wordcount weight="3" > late </wordcount>
    <wordcount weight="3" > founder </wordcount>
    <wordcount weight="3" > none </wordcount>
    <wordcount weight="3" > sorensen </wordcount>
    <wordcount weight="3" > significantly </wordcount>
    <wordcount weight="3" > microenvironmental </wordcount>
    <wordcount weight="3" > description </wordcount>
    <wordcount weight="3" > during </wordcount>
    <wordcount weight="3" > rows </wordcount>
    <wordcount weight="3" > trends </wordcount>
    <wordcount weight="3" > either </wordcount>
    <wordcount weight="3" > optimal </wordcount>
    <wordcount weight="3" > quite </wordcount>
    <wordcount weight="3" > few </wordcount>
    <wordcount weight="3" > preliminary </wordcount>
    <wordcount weight="3" > society </wordcount>
    <wordcount weight="3" > local </wordcount>
    <wordcount weight="3" > absence </wordcount>
    <wordcount weight="3" > various </wordcount>
    <wordcount weight="3" > above </wordcount>
    <wordcount weight="3" > indicates </wordcount>
    <wordcount weight="3" > communities </wordcount>
    <wordcount weight="3" > competition </wordcount>
    <wordcount weight="3" > cohorts </wordcount>
    <wordcount weight="3" > skogforskning </wordcount>
    <wordcount weight="3" > eigenvalue </wordcount>
    <wordcount weight="3" > under </wordcount>
    <wordcount weight="3" > us </wordcount>
    <wordcount weight="3" > subpopulations </wordcount>
    <wordcount weight="3" > chance </wordcount>
    <wordcount weight="3" > maternal </wordcount>
    <wordcount weight="3" > areas </wordcount>
    <wordcount weight="3" > time </wordcount>
    <wordcount weight="3" > identical </wordcount>
    <wordcount weight="3" > diameter </wordcount>
    <wordcount weight="3" > pattern </wordcount>
    <wordcount weight="3" > reproductive </wordcount>
    <wordcount weight="3" > do </wordcount>
    <wordcount weight="3" > degree </wordcount>
    <wordcount weight="3" > made </wordcount>
    <wordcount weight="3" > top </wordcount>
    <wordcount weight="3" > expression </wordcount>
    <wordcount weight="3" > processes </wordcount>
    <wordcount weight="3" > norsk </wordcount>
    <wordcount weight="3" > theoretical </wordcount>
    <wordcount weight="3" > points </wordcount>
    <wordcount weight="3" > general </wordcount>
    <wordcount weight="3" > function </wordcount>
    <wordcount weight="3" > optimum </wordcount>
    <wordcount weight="3" > characteristics </wordcount>
    <wordcount weight="3" > often </wordcount>
    <wordcount weight="3" > structure </wordcount>
    <wordcount weight="3" > vector </wordcount>
    <wordcount weight="3" > offspring </wordcount>
    <wordcount weight="3" > relationship </wordcount>
    <wordcount weight="3" > fewer </wordcount>
    <wordcount weight="3" > indicate </wordcount>
    <wordcount weight="3" > association </wordcount>
    <wordcount weight="3" > magnitude </wordcount>
    <wordcount weight="3" > growing </wordcount>
    <wordcount weight="3" > culled </wordcount>
    <wordcount weight="3" > rocky </wordcount>
    <wordcount weight="3" > institutt </wordcount>
    <wordcount weight="3" > northwestand </wordcount>
    <wordcount weight="3" > did </wordcount>
    <wordcount weight="3" > n </wordcount>
    <wordcount weight="3" > spatial </wordcount>
    <wordcount weight="3" > map </wordcount>
    <wordcount weight="3" > adaptation </wordcount>
    <wordcount weight="3" > influenced </wordcount>
    <wordcount weight="3" > size </wordcount>
    <wordcount weight="3" > stern </wordcount>
    <wordcount weight="3" > reported </wordcount>
    <wordcount weight="3" > affecting </wordcount>
    <wordcount weight="3" > through </wordcount>
    <wordcount weight="3" > die </wordcount>
    <wordcount weight="3" > botany </wordcount>
    <wordcount weight="3" > varied </wordcount>
    <wordcount weight="3" > terminal </wordcount>
    <wordcount weight="3" > spring </wordcount>
    <wordcount weight="3" > initiated </wordcount>
    <wordcount weight="3" > contributed </wordcount>
    <wordcount weight="3" > microstructure </wordcount>
    <wordcount weight="3" > correlated </wordcount>
    <wordcount weight="3" > smaller </wordcount>
    <wordcount weight="3" > extremely </wordcount>
    <wordcount weight="3" > morgenstern </wordcount>
    <wordcount weight="3" > potential </wordcount>
    <wordcount weight="3" > vary </wordcount>
    <wordcount weight="3" > meddelelser </wordcount>
    <wordcount weight="3" > northand </wordcount>
    <wordcount weight="3" > major </wordcount>
    <wordcount weight="3" > occur </wordcount>
    <wordcount weight="2" > bossert </wordcount>
    <wordcount weight="2" > way </wordcount>
    <wordcount weight="2" > norway </wordcount>
    <wordcount weight="2" > extreme </wordcount>
    <wordcount weight="2" > kiesling </wordcount>
    <wordcount weight="2" > poorer </wordcount>
    <wordcount weight="2" > introduction </wordcount>
    <wordcount weight="2" > stands </wordcount>
    <wordcount weight="2" > referring </wordcount>
    <wordcount weight="2" > control </wordcount>
    <wordcount weight="2" > habitats </wordcount>
    <wordcount weight="2" > subregional </wordcount>
    <wordcount weight="2" > nio </wordcount>
    <wordcount weight="2" > completely </wordcount>
    <wordcount weight="2" > union </wordcount>
    <wordcount weight="2" > studies </wordcount>
    <wordcount weight="2" > hamrick </wordcount>
    <wordcount weight="2" > reasonably </wordcount>
    <wordcount weight="2" > position </wordcount>
    <wordcount weight="2" > genetically </wordcount>
    <wordcount weight="2" > fluctuations </wordcount>
    <wordcount weight="2" > topographic </wordcount>
    <wordcount weight="2" > taken </wordcount>
    <wordcount weight="2" > reforestation </wordcount>
    <wordcount weight="2" > experiments </wordcount>
    <wordcount weight="2" > tion </wordcount>
    <wordcount weight="2" > latent </wordcount>
    <wordcount weight="2" > physiographic </wordcount>
    <wordcount weight="2" > secondary </wordcount>
    <wordcount weight="2" > tactic </wordcount>
    <wordcount weight="2" > origin </wordcount>
    <wordcount weight="2" > follows </wordcount>
    <wordcount weight="2" > beds </wordcount>
    <wordcount weight="2" > subsequent </wordcount>
    <wordcount weight="2" > state </wordcount>
    <wordcount weight="2" > normal </wordcount>
    <wordcount weight="2" > decreased </wordcount>
    <wordcount weight="2" > somewhat </wordcount>
    <wordcount weight="2" > depends </wordcount>
    <wordcount weight="2" > departures </wordcount>
    <wordcount weight="2" > case </wordcount>
    <wordcount weight="2" > spruce </wordcount>
    <wordcount weight="2" > holzer </wordcount>
    <wordcount weight="2" > determined </wordcount>
    <wordcount weight="2" > world </wordcount>
    <wordcount weight="2" > point </wordcount>
    <wordcount weight="2" > indicating </wordcount>
    <wordcount weight="2" > selecting </wordcount>
    <wordcount weight="2" > representing </wordcount>
    <wordcount weight="2" > phenotype </wordcount>
    <wordcount weight="2" > withinand </wordcount>
    <wordcount weight="2" > throughout </wordcount>
    <wordcount weight="2" > clearcut </wordcount>
    <wordcount weight="2" > review </wordcount>
    <wordcount weight="2" > differential </wordcount>
    <wordcount weight="2" > relationships </wordcount>
    <wordcount weight="2" > delimit </wordcount>
    <wordcount weight="2" > relatively </wordcount>
    <wordcount weight="2" > preconditioning </wordcount>
    <wordcount weight="2" > survivors </wordcount>
    <wordcount weight="2" > underlying </wordcount>
    <wordcount weight="2" > loadings </wordcount>
    <wordcount weight="2" > intensities </wordcount>
    <wordcount weight="2" > columbia </wordcount>
    <wordcount weight="2" > find </wordcount>
    <wordcount weight="2" > photoperiod </wordcount>
    <wordcount weight="2" > suecica </wordcount>
    <wordcount weight="2" > surprisingly </wordcount>
    <wordcount weight="2" > steps </wordcount>
    <wordcount weight="2" > process </wordcount>
    <wordcount weight="2" > parents </wordcount>
    <wordcount weight="2" > killing </wordcount>
    <wordcount weight="2" > scales </wordcount>
    <wordcount weight="2" > white </wordcount>
    <wordcount weight="2" > diameters </wordcount>
    <wordcount weight="2" > von </wordcount>
    <wordcount weight="2" > space </wordcount>
    <wordcount weight="2" > extremes </wordcount>
    <wordcount weight="2" > multivariate </wordcount>
    <wordcount weight="2" > picea </wordcount>
    <wordcount weight="2" > injury </wordcount>
    <wordcount weight="2" > changes </wordcount>
    <wordcount weight="2" > consultation </wordcount>
    <wordcount weight="2" > established </wordcount>
    <wordcount weight="2" > severity </wordcount>
    <wordcount weight="2" > presumably </wordcount>
    <wordcount weight="2" > allocation </wordcount>
    <wordcount weight="2" > proposed </wordcount>
    <wordcount weight="2" > squares </wordcount>
    <wordcount weight="2" > levins </wordcount>
    <wordcount weight="2" > solve </wordcount>
    <wordcount weight="2" > iteroparity </wordcount>
    <wordcount weight="2" > screened </wordcount>
    <wordcount weight="2" > textured </wordcount>
    <wordcount weight="2" > sscp </wordcount>
    <wordcount weight="2" > dispersion </wordcount>
    <wordcount weight="2" > closely </wordcount>
    <wordcount weight="2" > my </wordcount>
    <wordcount weight="2" > sooner </wordcount>
    <wordcount weight="2" > called </wordcount>
    <wordcount weight="2" > scaling </wordcount>
    <wordcount weight="2" > probit </wordcount>
    <wordcount weight="2" > density </wordcount>
    <wordcount weight="2" > third </wordcount>
    <wordcount weight="2" > circular </wordcount>
    <wordcount weight="2" > indirect </wordcount>
    <wordcount weight="2" > intensity </wordcount>
    <wordcount weight="2" > cannot </wordcount>
    <wordcount weight="2" > franco </wordcount>
    <wordcount weight="2" > explain </wordcount>
    <wordcount weight="2" > stations </wordcount>
    <wordcount weight="2" > near </wordcount>
    <wordcount weight="2" > aspects </wordcount>
    <wordcount weight="2" > gained </wordcount>
    <wordcount weight="2" > having </wordcount>
    <wordcount weight="2" > differ </wordcount>
    <wordcount weight="2" > scope </wordcount>
    <wordcount weight="2" > received </wordcount>
    <wordcount weight="2" > steep </wordcount>
    <wordcount weight="2" > italy </wordcount>
    <wordcount weight="2" > studia </wordcount>
    <wordcount weight="2" > zobel </wordcount>
    <wordcount weight="2" > consistently </wordcount>
    <wordcount weight="2" > intermediate </wordcount>
    <wordcount weight="2" > flight </wordcount>
    <wordcount weight="2" > climatic </wordcount>
    <wordcount weight="2" > intersections </wordcount>
    <wordcount weight="2" > weeks </wordcount>
    <wordcount weight="2" > regions </wordcount>
    <wordcount weight="2" > olson </wordcount>
    <wordcount weight="2" > computer </wordcount>
    <wordcount weight="2" > arise </wordcount>
    <wordcount weight="2" > lowest </wordcount>
    <wordcount weight="2" > uncorrelated </wordcount>
    <wordcount weight="2" > stage </wordcount>
    <wordcount weight="2" > arbitrary </wordcount>
    <wordcount weight="2" > conifer </wordcount>
    <wordcount weight="2" > soil </wordcount>
    <wordcount weight="2" > sufficient </wordcount>
    <wordcount weight="2" > visible </wordcount>
    <wordcount weight="2" > up </wordcount>
    <wordcount weight="2" > using </wordcount>
    <wordcount weight="2" > und </wordcount>
    <wordcount weight="2" > cycle </wordcount>
    <wordcount weight="2" > appropriate </wordcount>
    <wordcount weight="2" > cascade </wordcount>
    <wordcount weight="2" > periods </wordcount>
    <wordcount weight="2" > span </wordcount>
    <wordcount weight="2" > portion </wordcount>
    <wordcount weight="2" > units </wordcount>
    <wordcount weight="2" > conditioning </wordcount>
    <wordcount weight="2" > reduced </wordcount>
    <wordcount weight="2" > minor </wordcount>
    <wordcount weight="2" > materials </wordcount>
    <wordcount weight="2" > schmidt </wordcount>
    <wordcount weight="2" > indeed </wordcount>
    <wordcount weight="2" > service </wordcount>
    <wordcount weight="2" > etc </wordcount>
    <wordcount weight="2" > july </wordcount>
    <wordcount weight="2" > still </wordcount>
    <wordcount weight="2" > expanded </wordcount>
    <wordcount weight="2" > ponderosa </wordcount>
    <wordcount weight="2" > needles </wordcount>
    <wordcount weight="2" > biological </wordcount>
    <wordcount weight="2" > about </wordcount>
    <wordcount weight="2" > reference </wordcount>
    <wordcount weight="2" > suited </wordcount>
    <wordcount weight="2" > homogeneous </wordcount>
    <wordcount weight="2" > forestalia </wordcount>
    <wordcount weight="2" > largest </wordcount>
    <wordcount weight="2" > illustrated </wordcount>
    <wordcount weight="2" > pci </wordcount>
    <wordcount weight="2" > water </wordcount>
    <wordcount weight="2" > averages </wordcount>
    <wordcount weight="2" > genecological </wordcount>
    <wordcount weight="2" > appeared </wordcount>
    <wordcount weight="2" > menziesii </wordcount>
    <wordcount weight="2" > simple </wordcount>
    <wordcount weight="2" > enough </wordcount>
    <wordcount weight="2" > performances </wordcount>
    <wordcount weight="2" > developing </wordcount>
    <wordcount weight="2" > coarse </wordcount>
    <wordcount weight="2" > analyses </wordcount>
    <wordcount weight="2" > native </wordcount>
    <wordcount weight="2" > germinated </wordcount>
    <wordcount weight="2" > averaged </wordcount>
    <wordcount weight="2" > survive </wordcount>
    <wordcount weight="2" > region </wordcount>
    <wordcount weight="2" > samples </wordcount>
    <wordcount weight="2" > mosaic </wordcount>
    <wordcount weight="2" > food </wordcount>
    <wordcount weight="2" > assumption </wordcount>
    <wordcount weight="2" > virtually </wordcount>
    <wordcount weight="2" > harvard </wordcount>
    <wordcount weight="2" > ledig </wordcount>
    <wordcount weight="2" > transect </wordcount>
    <wordcount weight="2" > libby </wordcount>
    <wordcount weight="2" > biome </wordcount>
    <wordcount weight="2" > times </wordcount>
    <wordcount weight="2" > lavender </wordcount>
    <wordcount weight="2" > so </wordcount>
    <wordcount weight="2" > responses </wordcount>
    <wordcount weight="2" > diversity </wordcount>
    <wordcount weight="2" > collected </wordcount>
    <wordcount weight="2" > probable </wordcount>
    <wordcount weight="2" > standard </wordcount>
    <wordcount weight="2" > provides </wordcount>
    <wordcount weight="2" > latter </wordcount>
    <wordcount weight="2" > artificial </wordcount>
    <wordcount weight="2" > especially </wordcount>
    <wordcount weight="2" > random </wordcount>
    <wordcount weight="2" > kth </wordcount>
    <wordcount weight="2" > alpine </wordcount>
    <wordcount weight="2" > editors </wordcount>
    <wordcount weight="2" > airline </wordcount>
    <wordcount weight="2" > accordingly </wordcount>
    <wordcount weight="2" > monographs </wordcount>
    <wordcount weight="2" > percent </wordcount>
    <wordcount weight="2" > southwest </wordcount>
    <wordcount weight="2" > parameters </wordcount>
    <wordcount weight="2" > grain </wordcount>
    <wordcount weight="2" > we </wordcount>
    <wordcount weight="2" > gashwiler </wordcount>
    <wordcount weight="2" > topography </wordcount>
    <wordcount weight="2" > eiche </wordcount>
    <wordcount weight="2" > note </wordcount>
    <wordcount weight="2" > particular </wordcount>
    <wordcount weight="2" > residual </wordcount>
    <wordcount weight="2" > obtained </wordcount>
    <wordcount weight="2" > usually </wordcount>
    <wordcount weight="2" > five </wordcount>
    <wordcount weight="2" > maps </wordcount>
    <wordcount weight="2" > lines </wordcount>
    <wordcount weight="2" > seedfall </wordcount>
    <wordcount weight="2" > excluding </wordcount>
    <wordcount weight="2" > strongly </wordcount>
    <wordcount weight="2" > wilson </wordcount>
    <wordcount weight="2" > remaining </wordcount>
    <wordcount weight="2" > clinal </wordcount>
    <wordcount weight="2" > fall </wordcount>
    <wordcount weight="2" > snowmelt </wordcount>
    <wordcount weight="2" > canada </wordcount>
    <wordcount weight="2" > pressures </wordcount>
    <wordcount weight="2" > zygotes </wordcount>
    <wordcount weight="2" > interpolated </wordcount>
    <wordcount weight="2" > earliest </wordcount>
    <wordcount weight="2" > quantitative </wordcount>
    <wordcount weight="2" > series </wordcount>
    <wordcount weight="2" > conclusion </wordcount>
    <wordcount weight="2" > topocline </wordcount>
    <wordcount weight="2" > geographic </wordcount>
    <wordcount weight="2" > diagonal </wordcount>
    <wordcount weight="2" > discrepancy </wordcount>
    <wordcount weight="2" > observation </wordcount>
    <wordcount weight="2" > temporal </wordcount>
    <wordcount weight="2" > arcsin </wordcount>
    <wordcount weight="2" > jth </wordcount>
    <wordcount weight="2" > systems </wordcount>
    <wordcount weight="2" > correspond </wordcount>
    <wordcount weight="2" > scots </wordcount>
    <wordcount weight="2" > ratio </wordcount>
    <wordcount weight="2" > sampling </wordcount>
    <wordcount weight="2" > cochran </wordcount>
    <wordcount weight="2" > constant </wordcount>
    <wordcount weight="2" > distinctive </wordcount>
    <wordcount weight="2" > replication </wordcount>
    <wordcount weight="2" > type </wordcount>
    <wordcount weight="2" > whether </wordcount>
    <wordcount weight="2" > coast </wordcount>
    <wordcount weight="2" > cause </wordcount>
    <wordcount weight="2" > varying </wordcount>
    <wordcount weight="2" > agricultural </wordcount>
    <wordcount weight="2" > weights </wordcount>
    <wordcount weight="2" > yield </wordcount>
    <wordcount weight="2" > step </wordcount>
    <wordcount weight="2" > nussbaum </wordcount>
    <wordcount weight="2" > encounter </wordcount>
    <wordcount weight="2" > contribute </wordcount>
    <wordcount weight="2" > organization </wordcount>
    <wordcount weight="2" > resistance </wordcount>
    <wordcount weight="2" > metabolic </wordcount>
    <wordcount weight="2" > eigenvectors </wordcount>
    <wordcount weight="2" > shown </wordcount>
    <wordcount weight="2" > national </wordcount>
    <wordcount weight="2" > washington </wordcount>
    <wordcount weight="2" > include </wordcount>
    <wordcount weight="2" > green </wordcount>
    <wordcount weight="2" > developmental </wordcount>
    <wordcount weight="2" > montane </wordcount>
    <wordcount weight="2" > defined </wordcount>
    <wordcount weight="2" > classification </wordcount>
    <wordcount weight="2" > indices </wordcount>
    <wordcount weight="2" > respective </wordcount>
    <wordcount weight="2" > assumed </wordcount>
    <wordcount weight="2" > maximum </wordcount>
    <wordcount weight="2" > severely </wordcount>
    <wordcount weight="2" > df </wordcount>
    <wordcount weight="2" > much </wordcount>
    <wordcount weight="2" > strong </wordcount>
    <wordcount weight="2" > here </wordcount>
    <wordcount weight="2" > southeastern </wordcount>
    <wordcount weight="2" > resources </wordcount>
    <wordcount weight="2" > delayed </wordcount>
    <wordcount weight="1" > admirably </wordcount>
    <wordcount weight="1" > problem </wordcount>
    <wordcount weight="1" > final </wordcount>
    <wordcount weight="1" > withinsource </wordcount>
    <wordcount weight="1" > does </wordcount>
    <wordcount weight="1" > douglasfir </wordcount>
    <wordcount weight="1" > withinfamily </wordcount>
    <wordcount weight="1" > produces </wordcount>
    <wordcount weight="1" > o </wordcount>
    <wordcount weight="1" > annuus </wordcount>
    <wordcount weight="1" > sugano </wordcount>
    <wordcount weight="1" > subpopulation </wordcount>
    <wordcount weight="1" > outbreeding </wordcount>
    <wordcount weight="1" > meteorological </wordcount>
    <wordcount weight="1" > heights </wordcount>
    <wordcount weight="1" > loading </wordcount>
    <wordcount weight="1" > measures </wordcount>
    <wordcount weight="1" > hemlock </wordcount>
    <wordcount weight="1" > considerably </wordcount>
    <wordcount weight="1" > succession </wordcount>
    <wordcount weight="1" > manuscript </wordcount>
    <wordcount weight="1" > distributed </wordcount>
    <wordcount weight="1" > debris </wordcount>
    <wordcount weight="1" > per </wordcount>
    <wordcount weight="1" > expect </wordcount>
    <wordcount weight="1" > replaced </wordcount>
    <wordcount weight="1" > screening </wordcount>
    <wordcount weight="1" > nienstaedt </wordcount>
    <wordcount weight="1" > kinds </wordcount>
    <wordcount weight="1" > ample </wordcount>
    <wordcount weight="1" > zusammenhang </wordcount>
    <wordcount weight="1" > dyrness </wordcount>
    <wordcount weight="1" > columns </wordcount>
    <wordcount weight="1" > constitutes </wordcount>
    <wordcount weight="1" > sets </wordcount>
    <wordcount weight="1" > mit </wordcount>
    <wordcount weight="1" > favor </wordcount>
    <wordcount weight="1" > considerations </wordcount>
    <wordcount weight="1" > station </wordcount>
    <wordcount weight="1" > former </wordcount>
    <wordcount weight="1" > dietrichson </wordcount>
    <wordcount weight="1" > necessarily </wordcount>
    <wordcount weight="1" > emphasize </wordcount>
    <wordcount weight="1" > organic </wordcount>
    <wordcount weight="1" > predicting </wordcount>
    <wordcount weight="1" > habits </wordcount>
    <wordcount weight="1" > sv </wordcount>
    <wordcount weight="1" > individually </wordcount>
    <wordcount weight="1" > paper </wordcount>
    <wordcount weight="1" > abietina </wordcount>
    <wordcount weight="1" > steeply </wordcount>
    <wordcount weight="1" > finely </wordcount>
    <wordcount weight="1" > plantations </wordcount>
    <wordcount weight="1" > beispiel </wordcount>
    <wordcount weight="1" > revision </wordcount>
    <wordcount weight="1" > properties </wordcount>
    <wordcount weight="1" > leads </wordcount>
    <wordcount weight="1" > predominantly </wordcount>
    <wordcount weight="1" > island </wordcount>
    <wordcount weight="1" > schaffer </wordcount>
    <wordcount weight="1" > hence </wordcount>
    <wordcount weight="1" > every </wordcount>
    <wordcount weight="1" > microhabitats </wordcount>
    <wordcount weight="1" > deren </wordcount>
    <wordcount weight="1" > production </wordcount>
    <wordcount weight="1" > topoclines </wordcount>
    <wordcount weight="1" > might </wordcount>
    <wordcount weight="1" > season </wordcount>
    <wordcount weight="1" > watersheds </wordcount>
    <wordcount weight="1" > rare </wordcount>
    <wordcount weight="1" > seems </wordcount>
    <wordcount weight="1" > nature </wordcount>
    <wordcount weight="1" > departure </wordcount>
    <wordcount weight="1" > kiefer </wordcount>
    <wordcount weight="1" > communality </wordcount>
    <wordcount weight="1" > matrand </wordcount>
    <wordcount weight="1" > possibilities </wordcount>
    <wordcount weight="1" > agronomy </wordcount>
    <wordcount weight="1" > available </wordcount>
    <wordcount weight="1" > surrate </wordcount>
    <wordcount weight="1" > withholding </wordcount>
    <wordcount weight="1" > crops </wordcount>
    <wordcount weight="1" > warm </wordcount>
    <wordcount weight="1" > estimation </wordcount>
    <wordcount weight="1" > selffertilization </wordcount>
    <wordcount weight="1" > reasons </wordcount>
    <wordcount weight="1" > thank </wordcount>
    <wordcount weight="1" > accumulated </wordcount>
    <wordcount weight="1" > producing </wordcount>
    <wordcount weight="1" > vectors </wordcount>
    <wordcount weight="1" > minagerdon </wordcount>
    <wordcount weight="1" > scheme </wordcount>
    <wordcount weight="1" > composition </wordcount>
    <wordcount weight="1" > greatly </wordcount>
    <wordcount weight="1" > take </wordcount>
    <wordcount weight="1" > reproduction </wordcount>
    <wordcount weight="1" > niche </wordcount>
    <wordcount weight="1" > ober </wordcount>
    <wordcount weight="1" > fitt </wordcount>
    <wordcount weight="1" > help </wordcount>
    <wordcount weight="1" > damage </wordcount>
    <wordcount weight="1" > devised </wordcount>
    <wordcount weight="1" > consist </wordcount>
    <wordcount weight="1" > replicated </wordcount>
    <wordcount weight="1" > emphasized </wordcount>
    <wordcount weight="1" > concepts </wordcount>
    <wordcount weight="1" > ber </wordcount>
    <wordcount weight="1" > welsh </wordcount>
    <wordcount weight="1" > hostile </wordcount>
    <wordcount weight="1" > iowa </wordcount>
    <wordcount weight="1" > deduced </wordcount>
    <wordcount weight="1" > context </wordcount>
    <wordcount weight="1" > balsam </wordcount>
    <wordcount weight="1" > side </wordcount>
    <wordcount weight="1" > takes </wordcount>
    <wordcount weight="1" > catastrophes </wordcount>
    <wordcount weight="1" > botanical </wordcount>
    <wordcount weight="1" > recorded </wordcount>
    <wordcount weight="1" > eastern </wordcount>
    <wordcount weight="1" > statens </wordcount>
    <wordcount weight="1" > key </wordcount>
    <wordcount weight="1" > bird </wordcount>
    <wordcount weight="1" > capacity </wordcount>
    <wordcount weight="1" > u </wordcount>
    <wordcount weight="1" > conditioned </wordcount>
    <wordcount weight="1" > america </wordcount>
    <wordcount weight="1" > victims </wordcount>
    <wordcount weight="1" > zur </wordcount>
    <wordcount weight="1" > placement </wordcount>
    <wordcount weight="1" > prior </wordcount>
    <wordcount weight="1" > fitting </wordcount>
    <wordcount weight="1" > possible </wordcount>
    <wordcount weight="1" > ax </wordcount>
    <wordcount weight="1" > condition </wordcount>
    <wordcount weight="1" > illustrate </wordcount>
    <wordcount weight="1" > moorland </wordcount>
    <wordcount weight="1" > functions </wordcount>
    <wordcount weight="1" > october </wordcount>
    <wordcount weight="1" > occupy </wordcount>
    <wordcount weight="1" > vital </wordcount>
    <wordcount weight="1" > apart </wordcount>
    <wordcount weight="1" > taking </wordcount>
    <wordcount weight="1" > combination </wordcount>
    <wordcount weight="1" > sporadically </wordcount>
    <wordcount weight="1" > establishment </wordcount>
    <wordcount weight="1" > coordinating </wordcount>
    <wordcount weight="1" > fur </wordcount>
    <wordcount weight="1" > cited </wordcount>
    <wordcount weight="1" > minimum </wordcount>
    <wordcount weight="1" > beneath </wordcount>
    <wordcount weight="1" > sweet </wordcount>
    <wordcount weight="1" > collection </wordcount>
    <wordcount weight="1" > altitudes </wordcount>
    <wordcount weight="1" > controlled </wordcount>
    <wordcount weight="1" > exist </wordcount>
    <wordcount weight="1" > september </wordcount>
    <wordcount weight="1" > comments </wordcount>
    <wordcount weight="1" > ronald </wordcount>
    <wordcount weight="1" > southwestern </wordcount>
    <wordcount weight="1" > weakened </wordcount>
    <wordcount weight="1" > heatly </wordcount>
    <wordcount weight="1" > development </wordcount>
    <wordcount weight="1" > winged </wordcount>
    <wordcount weight="1" > genotype </wordcount>
    <wordcount weight="1" > inoperative </wordcount>
    <wordcount weight="1" > corner </wordcount>
    <wordcount weight="1" > predators </wordcount>
    <wordcount weight="1" > patchy </wordcount>
    <wordcount weight="1" > sapling </wordcount>
    <wordcount weight="1" > untersuchungen </wordcount>
    <wordcount weight="1" > characteristic </wordcount>
    <wordcount weight="1" > ability </wordcount>
    <wordcount weight="1" > ern </wordcount>
    <wordcount weight="1" > occurs </wordcount>
    <wordcount weight="1" > club </wordcount>
    <wordcount weight="1" > skogsforsoksanstalt </wordcount>
    <wordcount weight="1" > contorta </wordcount>
    <wordcount weight="1" > assessment </wordcount>
    <wordcount weight="1" > sample </wordcount>
    <wordcount weight="1" > dick </wordcount>
    <wordcount weight="1" > century </wordcount>
    <wordcount weight="1" > mild </wordcount>
    <wordcount weight="1" > z </wordcount>
    <wordcount weight="1" > ai </wordcount>
    <wordcount weight="1" > wiley </wordcount>
    <wordcount weight="1" > candidates </wordcount>
    <wordcount weight="1" > distinct </wordcount>
    <wordcount weight="1" > elements </wordcount>
    <wordcount weight="1" > old </wordcount>
    <wordcount weight="1" > lagerhergii </wordcount>
    <wordcount weight="1" > stabilized </wordcount>
    <wordcount weight="1" > spanned </wordcount>
    <wordcount weight="1" > ha </wordcount>
    <wordcount weight="1" > simplest </wordcount>
    <wordcount weight="1" > dates </wordcount>
    <wordcount weight="1" > amalgam </wordcount>
    <wordcount weight="1" > continuous </wordcount>
    <wordcount weight="1" > effective </wordcount>
    <wordcount weight="1" > transectprovenance </wordcount>
    <wordcount weight="1" > vancouver </wordcount>
    <wordcount weight="1" > rhythm </wordcount>
    <wordcount weight="1" > died </wordcount>
    <wordcount weight="1" > y </wordcount>
    <wordcount weight="1" > geological </wordcount>
    <wordcount weight="1" > consequently </wordcount>
    <wordcount weight="1" > sprouting </wordcount>
    <wordcount weight="1" > repatterning </wordcount>
    <wordcount weight="1" > tentatively </wordcount>
    <wordcount weight="1" > graded </wordcount>
    <wordcount weight="1" > climates </wordcount>
    <wordcount weight="1" > hardly </wordcount>
    <wordcount weight="1" > acted </wordcount>
    <wordcount weight="1" > influence </wordcount>
    <wordcount weight="1" > poor </wordcount>
    <wordcount weight="1" > adequate </wordcount>
    <wordcount weight="1" > boreal </wordcount>
    <wordcount weight="1" > partition </wordcount>
    <wordcount weight="1" > microevolution </wordcount>
    <wordcount weight="1" > variabilitat </wordcount>
    <wordcount weight="1" > principally </wordcount>
    <wordcount weight="1" > stresses </wordcount>
    <wordcount weight="1" > peaks </wordcount>
    <wordcount weight="1" > topoclinal </wordcount>
    <wordcount weight="1" > elongation </wordcount>
    <wordcount weight="1" > levels </wordcount>
    <wordcount weight="1" > represented </wordcount>
    <wordcount weight="1" > opportunity </wordcount>
    <wordcount weight="1" > contour </wordcount>
    <wordcount weight="1" > connected </wordcount>
    <wordcount weight="1" > certain </wordcount>
    <wordcount weight="1" > direct </wordcount>
    <wordcount weight="1" > spores </wordcount>
    <wordcount weight="1" > contributions </wordcount>
    <wordcount weight="1" > assuming </wordcount>
    <wordcount weight="1" > ciated </wordcount>
    <wordcount weight="1" > special </wordcount>
    <wordcount weight="1" > fitll </wordcount>
    <wordcount weight="1" > augmented </wordcount>
    <wordcount weight="1" > consequences </wordcount>
    <wordcount weight="1" > predictersectiones </wordcount>
    <wordcount weight="1" > conformed </wordcount>
    <wordcount weight="1" > discernible </wordcount>
    <wordcount weight="1" > experimentally </wordcount>
    <wordcount weight="1" > ensure </wordcount>
    <wordcount weight="1" > preclude </wordcount>
    <wordcount weight="1" > possibly </wordcount>
    <wordcount weight="1" > flexibility </wordcount>
    <wordcount weight="1" > fij </wordcount>
    <wordcount weight="1" > entry </wordcount>
    <wordcount weight="1" > river </wordcount>
    <wordcount weight="1" > ebell </wordcount>
    <wordcount weight="1" > randomness </wordcount>
    <wordcount weight="1" > sihlxestris </wordcount>
    <wordcount weight="1" > slowly </wordcount>
    <wordcount weight="1" > expectancy </wordcount>
    <wordcount weight="1" > maladapted </wordcount>
    <wordcount weight="1" > vival </wordcount>
    <wordcount weight="1" > stabilizing </wordcount>
    <wordcount weight="1" > air </wordcount>
    <wordcount weight="1" > numbers </wordcount>
    <wordcount weight="1" > northeastern </wordcount>
    <wordcount weight="1" > wk </wordcount>
    <wordcount weight="1" > lester </wordcount>
    <wordcount weight="1" > upper </wordcount>
    <wordcount weight="1" > xi </wordcount>
    <wordcount weight="1" > experienced </wordcount>
    <wordcount weight="1" > additional </wordcount>
    <wordcount weight="1" > powerful </wordcount>
    <wordcount weight="1" > surface </wordcount>
    <wordcount weight="1" > isolation </wordcount>
    <wordcount weight="1" > definite </wordcount>
    <wordcount weight="1" > comprising </wordcount>
    <wordcount weight="1" > harsher </wordcount>
    <wordcount weight="1" > zewier </wordcount>
    <wordcount weight="1" > important </wordcount>
    <wordcount weight="1" > suggested </wordcount>
    <wordcount weight="1" > gametes </wordcount>
    <wordcount weight="1" > decades </wordcount>
    <wordcount weight="1" > differently </wordcount>
    <wordcount weight="1" > appear </wordcount>
    <wordcount weight="1" > matching </wordcount>
    <wordcount weight="1" > regenerate </wordcount>
    <wordcount weight="1" > whereas </wordcount>
    <wordcount weight="1" > ordinarily </wordcount>
    <wordcount weight="1" > gremmen </wordcount>
    <wordcount weight="1" > okotypen </wordcount>
    <wordcount weight="1" > horielecomcomponent </wordcount>
    <wordcount weight="1" > kenntnis </wordcount>
    <wordcount weight="1" > equationoctober </wordcount>
    <wordcount weight="1" > varliation </wordcount>
    <wordcount weight="1" > acknowledgments </wordcount>
    <wordcount weight="1" > yjjk </wordcount>
    <wordcount weight="1" > conservative </wordcount>
    <wordcount weight="1" > color </wordcount>
    <wordcount weight="1" > item </wordcount>
    <wordcount weight="1" > meddelanden </wordcount>
    <wordcount weight="1" > relating </wordcount>
    <wordcount weight="1" > effort </wordcount>
    <wordcount weight="1" > missouri </wordcount>
    <wordcount weight="1" > seven </wordcount>
    <wordcount weight="1" > adaptability </wordcount>
    <wordcount weight="1" > objectives </wordcount>
    <wordcount weight="1" > events </wordcount>
    <wordcount weight="1" > vigorous </wordcount>
    <wordcount weight="1" > base </wordcount>
    <wordcount weight="1" > representative </wordcount>
    <wordcount weight="1" > term </wordcount>
    <wordcount weight="1" > genes </wordcount>
    <wordcount weight="1" > further </wordcount>
    <wordcount weight="1" > coarsely </wordcount>
    <wordcount weight="1" > evapotranspiration </wordcount>
    <wordcount weight="1" > furthermore </wordcount>
    <wordcount weight="1" > moir </wordcount>
    <wordcount weight="1" > transactions </wordcount>
    <wordcount weight="1" > equal </wordcount>
    <wordcount weight="1" > omitting </wordcount>
    <wordcount weight="1" > hanson </wordcount>
    <wordcount weight="1" > lathrop </wordcount>
    <wordcount weight="1" > appears </wordcount>
    <wordcount weight="1" > recently </wordcount>
    <wordcount weight="1" > analogous </wordcount>
    <wordcount weight="1" > scale </wordcount>
    <wordcount weight="1" > monograph </wordcount>
    <wordcount weight="1" > energy </wordcount>
    <wordcount weight="1" > required </wordcount>
    <wordcount weight="1" > weyerhaeuser </wordcount>
    <wordcount weight="1" > eliminate </wordcount>
    <wordcount weight="1" > impression </wordcount>
    <wordcount weight="1" > technical </wordcount>
    <wordcount weight="1" > pricked </wordcount>
    <wordcount weight="1" > basis </wordcount>
    <wordcount weight="1" > accounting </wordcount>
    <wordcount weight="1" > formerly </wordcount>
    <wordcount weight="1" > start </wordcount>
    <wordcount weight="1" > comprises </wordcount>
    <wordcount weight="1" > grained </wordcount>
    <wordcount weight="1" > concept </wordcount>
    <wordcount weight="1" > heavily </wordcount>
    <wordcount weight="1" > appreciable </wordcount>
    <wordcount weight="1" > phenotypically </wordcount>
    <wordcount weight="1" > commonalities </wordcount>
    <wordcount weight="1" > patterning </wordcount>
    <wordcount weight="1" > northern </wordcount>
    <wordcount weight="1" > literature </wordcount>
    <wordcount weight="1" > fail </wordcount>
    <wordcount weight="1" > hereinafter </wordcount>
    <wordcount weight="1" > reduces </wordcount>
    <wordcount weight="1" > heredity </wordcount>
    <wordcount weight="1" > figures </wordcount>
    <wordcount weight="1" > microenvironment </wordcount>
    <wordcount weight="1" > falling </wordcount>
    <wordcount weight="1" > sourcet </wordcount>
    <wordcount weight="1" > winter </wordcount>
    <wordcount weight="1" > augment </wordcount>
    <wordcount weight="1" > cubic </wordcount>
    <wordcount weight="1" > turesson </wordcount>
    <wordcount weight="1" > interpreted </wordcount>
    <wordcount weight="1" > rowe </wordcount>
    <wordcount weight="1" > graph </wordcount>
    <wordcount weight="1" > herkunftsversuche </wordcount>
    <wordcount weight="1" > tolerance </wordcount>
    <wordcount weight="1" > causal </wordcount>
    <wordcount weight="1" > yj </wordcount>
    <wordcount weight="1" > multiplicity </wordcount>
    <wordcount weight="1" > statistically </wordcount>
    <wordcount weight="1" > least </wordcount>
    <wordcount weight="1" > brush </wordcount>
    <wordcount weight="1" > hereditas </wordcount>
    <wordcount weight="1" > viable </wordcount>
    <wordcount weight="1" > caused </wordcount>
    <wordcount weight="1" > working </wordcount>
    <wordcount weight="1" > tight </wordcount>
    <wordcount weight="1" > negligible </wordcount>
    <wordcount weight="1" > cold </wordcount>
    <wordcount weight="1" > unexpected </wordcount>
    <wordcount weight="1" > suggest </wordcount>
    <wordcount weight="1" > tested </wordcount>
    <wordcount weight="1" > seedbeds </wordcount>
    <wordcount weight="1" > adequacy </wordcount>
    <wordcount weight="1" > saccharum </wordcount>
    <wordcount weight="1" > homogenous </wordcount>
    <wordcount weight="1" > slash </wordcount>
    <wordcount weight="1" > heat </wordcount>
    <wordcount weight="1" > autonomy </wordcount>
    <wordcount weight="1" > june </wordcount>
    <wordcount weight="1" > replace </wordcount>
    <wordcount weight="1" > migrating </wordcount>
    <wordcount weight="1" > vation </wordcount>
    <wordcount weight="1" > ts </wordcount>
    <wordcount weight="1" > massachusetts </wordcount>
    <wordcount weight="1" > distinguished </wordcount>
    <wordcount weight="1" > usual </wordcount>
    <wordcount weight="1" > dem </wordcount>
    <wordcount weight="1" > symposia </wordcount>
    <wordcount weight="1" > sylvestris </wordcount>
    <wordcount weight="1" > always </wordcount>
    <wordcount weight="1" > bursting </wordcount>
    <wordcount weight="1" > inability </wordcount>
    <wordcount weight="1" > st </wordcount>
    <wordcount weight="1" > erlautert </wordcount>
    <wordcount weight="1" > dependent </wordcount>
    <wordcount weight="1" > productivity </wordcount>
    <wordcount weight="1" > proparison </wordcount>
    <wordcount weight="1" > provided </wordcount>
    <wordcount weight="1" > am </wordcount>
    <wordcount weight="1" > valuable </wordcount>
    <wordcount weight="1" > reducing </wordcount>
    <wordcount weight="1" > transforming </wordcount>
    <wordcount weight="1" > south </wordcount>
    <wordcount weight="1" > evaporation </wordcount>
    <wordcount weight="1" > forstund </wordcount>
    <wordcount weight="1" > watercourses </wordcount>
    <wordcount weight="1" > mariana </wordcount>
    <wordcount weight="1" > approximate </wordcount>
    <wordcount weight="1" > seedbed </wordcount>
    <wordcount weight="1" > irrespective </wordcount>
    <wordcount weight="1" > roughness </wordcount>
    <wordcount weight="1" > matter </wordcount>
    <wordcount weight="1" > elimination </wordcount>
    <wordcount weight="1" > summarize </wordcount>
    <wordcount weight="1" > visually </wordcount>
    <wordcount weight="1" > succumbing </wordcount>
    <wordcount weight="1" > synchronized </wordcount>
    <wordcount weight="1" > identified </wordcount>
    <wordcount weight="1" > cessation </wordcount>
    <wordcount weight="1" > britain </wordcount>
    <wordcount weight="1" > short </wordcount>
    <wordcount weight="1" > located </wordcount>
    <wordcount weight="1" > expansion </wordcount>
    <wordcount weight="1" > ternational </wordcount>
    <wordcount weight="1" > schleroderis </wordcount>
    <wordcount weight="1" > edges </wordcount>
    <wordcount weight="1" > nearly </wordcount>
    <wordcount weight="1" > exception </wordcount>
    <wordcount weight="1" > uber </wordcount>
    <wordcount weight="1" > garden </wordcount>
    <wordcount weight="1" > xl </wordcount>
    <wordcount weight="1" > interactions </wordcount>
    <wordcount weight="1" > daytime </wordcount>
    <wordcount weight="1" > studien </wordcount>
    <wordcount weight="1" > lo </wordcount>
    <wordcount weight="1" > spot </wordcount>
    <wordcount weight="1" > strategic </wordcount>
    <wordcount weight="1" > draper </wordcount>
    <wordcount weight="1" > percentage </wordcount>
    <wordcount weight="1" > applications </wordcount>
    <wordcount weight="1" > calculate </wordcount>
    <wordcount weight="1" > rs </wordcount>
    <wordcount weight="1" > springs </wordcount>
    <wordcount weight="1" > tylebud </wordcount>
    <wordcount weight="1" > randomized </wordcount>
    <wordcount weight="1" > examined </wordcount>
    <wordcount weight="1" > opportunities </wordcount>
    <wordcount weight="1" > makes </wordcount>
    <wordcount weight="1" > pp </wordcount>
    <wordcount weight="1" > rules </wordcount>
    <wordcount weight="1" > optimally </wordcount>
    <wordcount weight="1" > soon </wordcount>
    <wordcount weight="1" > den </wordcount>
    <wordcount weight="1" > restricted </wordcount>
    <wordcount weight="1" > exposes </wordcount>
    <wordcount weight="1" > neither </wordcount>
    <wordcount weight="1" > hagner </wordcount>
    <wordcount weight="1" > acting </wordcount>
    <wordcount weight="1" > falls </wordcount>
    <wordcount weight="1" > complete </wordcount>
    <wordcount weight="1" > transects </wordcount>
    <wordcount weight="1" > ecotypic </wordcount>
    <wordcount weight="1" > congruent </wordcount>
    <wordcount weight="1" > physiologische </wordcount>
    <wordcount weight="1" > transpose </wordcount>
    <wordcount weight="1" > dessen </wordcount>
    <wordcount weight="1" > harper </wordcount>
    <wordcount weight="1" > useful </wordcount>
    <wordcount weight="1" > chose </wordcount>
    <wordcount weight="1" > volume </wordcount>
    <wordcount weight="1" > balancing </wordcount>
    <wordcount weight="1" > successfully </wordcount>
    <wordcount weight="1" > california </wordcount>
    <wordcount weight="1" > lapse </wordcount>
    <wordcount weight="1" > fell </wordcount>
    <wordcount weight="1" > others </wordcount>
    <wordcount weight="1" > academy </wordcount>
    <wordcount weight="1" > flushing </wordcount>
    <wordcount weight="1" > added </wordcount>
    <wordcount weight="1" > projects </wordcount>
    <wordcount weight="1" > efforts </wordcount>
    <wordcount weight="1" > faster </wordcount>
    <wordcount weight="1" > bsp </wordcount>
    <wordcount weight="1" > coincidence </wordcount>
    <wordcount weight="1" > treatment </wordcount>
    <wordcount weight="1" > shade </wordcount>
    <wordcount weight="1" > underestimated </wordcount>
    <wordcount weight="1" > cumulative </wordcount>
    <wordcount weight="1" > striking </wordcount>
    <wordcount weight="1" > mountainous </wordcount>
    <wordcount weight="1" > abstract </wordcount>
    <wordcount weight="1" > crop </wordcount>
    <wordcount weight="1" > coordinates </wordcount>
    <wordcount weight="1" > surfaces </wordcount>
    <wordcount weight="1" > john </wordcount>
    <wordcount weight="1" > omitted </wordcount>
    <wordcount weight="1" > end </wordcount>
    <wordcount weight="1" > substantially </wordcount>
    <wordcount weight="1" > mold </wordcount>
    <wordcount weight="1" > foster </wordcount>
    <wordcount weight="1" > considerable </wordcount>
    <wordcount weight="1" > minimize </wordcount>
    <wordcount weight="1" > succeeding </wordcount>
    <wordcount weight="1" > discussed </wordcount>
    <wordcount weight="1" > pq </wordcount>
    <wordcount weight="1" > ages </wordcount>
    <wordcount weight="1" > likelihood </wordcount>
    <wordcount weight="1" > physiological </wordcount>
    <wordcount weight="1" > present </wordcount>
    <wordcount weight="1" > ground </wordcount>
    <wordcount weight="1" > murphy </wordcount>
    <wordcount weight="1" > crowns </wordcount>
    <wordcount weight="1" > manner </wordcount>
    <wordcount weight="1" > purposes </wordcount>
    <wordcount weight="1" > superimposed </wordcount>
    <wordcount weight="1" > accepted </wordcount>
    <wordcount weight="1" > relevant </wordcount>
    <wordcount weight="1" > dougl </wordcount>
    <wordcount weight="1" > see </wordcount>
    <wordcount weight="1" > answer </wordcount>
    <wordcount weight="1" > eg </wordcount>
    <wordcount weight="1" > silen </wordcount>
    <wordcount weight="1" > frequency </wordcount>
    <wordcount weight="1" > conceivably </wordcount>
    <wordcount weight="1" > thoroughly </wordcount>
    <wordcount weight="1" > upslope </wordcount>
    <wordcount weight="1" > erigeron </wordcount>
    <wordcount weight="1" > coefficientst </wordcount>
    <wordcount weight="1" > calculation </wordcount>
    <wordcount weight="1" > thousands </wordcount>
    <wordcount weight="1" > kansas </wordcount>
    <wordcount weight="1" > becomes </wordcount>
    <wordcount weight="1" > analyzed </wordcount>
    <wordcount weight="1" > interrelated </wordcount>
    <wordcount weight="1" > meaningful </wordcount>
    <wordcount weight="1" > extended </wordcount>
    <wordcount weight="1" > discussion </wordcount>
    <wordcount weight="1" > supplies </wordcount>
    <wordcount weight="1" > disease </wordcount>
    <wordcount weight="1" > background </wordcount>
    <wordcount weight="1" > infraspecific </wordcount>
    <wordcount weight="1" > completed </wordcount>
    <wordcount weight="1" > contours </wordcount>
    <wordcount weight="1" > active </wordcount>
    <wordcount weight="1" > snowfall </wordcount>
    <wordcount weight="1" > grafius </wordcount>
    <wordcount weight="1" > depended </wordcount>
    <wordcount weight="1" > increase </wordcount>
    <wordcount weight="1" > judge </wordcount>
    <wordcount weight="1" > findings </wordcount>
    <wordcount weight="1" > fredriksen </wordcount>
    <wordcount weight="1" > entirely </wordcount>
    <wordcount weight="1" > persisted </wordcount>
    <wordcount weight="1" > assume </wordcount>
    <wordcount weight="1" > ideas </wordcount>
    <wordcount weight="1" > survey </wordcount>
    <wordcount weight="1" > exhibited </wordcount>
    <wordcount weight="1" > actual </wordcount>
    <wordcount weight="1" > pack </wordcount>
    <wordcount weight="1" > torrey </wordcount>
    <wordcount weight="1" > distributions </wordcount>
    <wordcount weight="1" > hyopthesis </wordcount>
    <wordcount weight="1" > biologic </wordcount>
    <wordcount weight="1" > complicated </wordcount>
    <wordcount weight="1" > photosynthetic </wordcount>
    <wordcount weight="1" > rejected </wordcount>
    <wordcount weight="1" > efficiently </wordcount>
    <wordcount weight="1" > discovered </wordcount>
    <wordcount weight="1" > colonizes </wordcount>
    <wordcount weight="1" > iteroparious </wordcount>
    <wordcount weight="1" > bi </wordcount>
    <wordcount weight="1" > dominated </wordcount>
    <wordcount weight="1" > maintenance </wordcount>
    <wordcount weight="1" > august </wordcount>
    <wordcount weight="1" > held </wordcount>
    <wordcount weight="1" > helpful </wordcount>
    <wordcount weight="1" > period </wordcount>
    <wordcount weight="1" > summer </wordcount>
    <wordcount weight="1" > multiplier </wordcount>
    <wordcount weight="1" > abundant </wordcount>
    <wordcount weight="1" > zwecke </wordcount>
    <wordcount weight="1" > adequately </wordcount>
    <wordcount weight="1" > repeated </wordcount>
    <wordcount weight="1" > graphic </wordcount>
    <wordcount weight="1" > facing </wordcount>
    <wordcount weight="1" > comparing </wordcount>
    <wordcount weight="1" > problems </wordcount>
    <wordcount weight="1" > internal </wordcount>
    <wordcount weight="1" > leaves </wordcount>
    <wordcount weight="1" > nicely </wordcount>
    <wordcount weight="1" > evolutionary </wordcount>
    <wordcount weight="1" > sense </wordcount>
    <wordcount weight="1" > zu </wordcount>
    <wordcount weight="1" > become </wordcount>
    <wordcount weight="1" > exactly </wordcount>
    <wordcount weight="1" > abies </wordcount>
    <wordcount weight="1" > seeking </wordcount>
    <wordcount weight="1" > field </wordcount>
    <wordcount weight="1" > slightly </wordcount>
    <wordcount weight="1" > unexplained </wordcount>
    <wordcount weight="1" > mycological </wordcount>
    <wordcount weight="1" > equivalent </wordcount>
    <wordcount weight="1" > occupied </wordcount>
    <wordcount weight="1" > negligibly </wordcount>
    <wordcount weight="1" > quarterly </wordcount>
    <wordcount weight="1" > imperfectly </wordcount>
    <wordcount weight="1" > evaluated </wordcount>
    <wordcount weight="1" > delimited </wordcount>
    <wordcount weight="1" > contributes </wordcount>
    <wordcount weight="1" > microand </wordcount>
    <wordcount weight="1" > tests </wordcount>
    <wordcount weight="1" > progeny </wordcount>
    <wordcount weight="1" > assigned </wordcount>
    <wordcount weight="1" > backward </wordcount>
    <wordcount weight="1" > highand </wordcount>
    <wordcount weight="1" > marginally </wordcount>
    <wordcount weight="1" > threetree </wordcount>
    <wordcount weight="1" > independent </wordcount>
    <wordcount weight="1" > sometimes </wordcount>
    <wordcount weight="1" > mcardle </wordcount>
    <wordcount weight="1" > mckenzie </wordcount>
    <wordcount weight="1" > program </wordcount>
    <wordcount weight="1" > fryer </wordcount>
    <wordcount weight="1" > deaths </wordcount>
    <wordcount weight="1" > insufficient </wordcount>
    <wordcount weight="1" > assotable </wordcount>
    <wordcount weight="1" > seen </wordcount>
    <wordcount weight="1" > ordering </wordcount>
    <wordcount weight="1" > force </wordcount>
    <wordcount weight="1" > proposition </wordcount>
    <wordcount weight="1" > contribution </wordcount>
    <wordcount weight="1" > thirteen </wordcount>
    <wordcount weight="1" > betweensource </wordcount>
    <wordcount weight="1" > plasticity </wordcount>
    <wordcount weight="1" > vanlnation </wordcount>
    <wordcount weight="1" > hierarchical </wordcount>
    <wordcount weight="1" > culls </wordcount>
    <wordcount weight="1" > biotype </wordcount>
    <wordcount weight="1" > stratified </wordcount>
    <wordcount weight="1" > fields </wordcount>
    <wordcount weight="1" > months </wordcount>
    <wordcount weight="1" > itself </wordcount>
    <wordcount weight="1" > face </wordcount>
    <wordcount weight="1" > occupies </wordcount>
    <wordcount weight="1" > considered </wordcount>
    <wordcount weight="1" > isaac </wordcount>
    <wordcount weight="1" > subscript </wordcount>
    <wordcount weight="1" > dissertation </wordcount>
    <wordcount weight="1" > withinpopulation </wordcount>
    <wordcount weight="1" > steepest </wordcount>
    <wordcount weight="1" > homogeneity </wordcount>
    <wordcount weight="1" > must </wordcount>
    <wordcount weight="1" > measurements </wordcount>
    <wordcount weight="1" > agents </wordcount>
    <wordcount weight="1" > extensive </wordcount>
    <wordcount weight="1" > constituted </wordcount>
    <wordcount weight="1" > hypothesized </wordcount>
    <wordcount weight="1" > extension </wordcount>
    <wordcount weight="1" > satisfactory </wordcount>
    <wordcount weight="1" > favors </wordcount>
    <wordcount weight="1" > pollination </wordcount>
    <wordcount weight="1" > spots </wordcount>
    <wordcount weight="1" > peat </wordcount>
    <wordcount weight="1" > sums </wordcount>
    <wordcount weight="1" > sweden </wordcount>
    <wordcount weight="1" > cdines </wordcount>
    <wordcount weight="1" > austriebstermin </wordcount>
    <wordcount weight="1" > dormancy </wordcount>
    <wordcount weight="1" > forty </wordcount>
    <wordcount weight="1" > transplanting </wordcount>
    <wordcount weight="1" > highly </wordcount>
    <wordcount weight="1" > darwinian </wordcount>
    <wordcount weight="1" > diamdry </wordcount>
    <wordcount weight="1" > delimitation </wordcount>
    <wordcount weight="1" > ordered </wordcount>
    <wordcount weight="1" > exceeds </wordcount>
    <wordcount weight="1" > hydrologic </wordcount>
    <wordcount weight="1" > rk </wordcount>
    <wordcount weight="1" > downslope </wordcount>
    <wordcount weight="1" > sizes </wordcount>
    <wordcount weight="1" > referees </wordcount>
    <wordcount weight="1" > hx </wordcount>
    <wordcount weight="1" > best </wordcount>
    <wordcount weight="1" > nality </wordcount>
    <wordcount weight="1" > genus </wordcount>
    <wordcount weight="1" > half </wordcount>
    <wordcount weight="1" > episodic </wordcount>
    <wordcount weight="1" > westernmost </wordcount>
    <wordcount weight="1" > proportional </wordcount>
    <wordcount weight="1" > episodically </wordcount>
    <wordcount weight="1" > eugenics </wordcount>
    <wordcount weight="1" > iii </wordcount>
    <wordcount weight="1" > solved </wordcount>
    <wordcount weight="1" > ar </wordcount>
    <wordcount weight="1" > obviously </wordcount>
    <wordcount weight="1" > preadapt </wordcount>
    <wordcount weight="1" > reflected </wordcount>
    <wordcount weight="1" > minanumset </wordcount>
    <wordcount weight="1" > historical </wordcount>
    <wordcount weight="1" > examining </wordcount>
    <wordcount weight="1" > past </wordcount>
    <wordcount weight="1" > living </wordcount>
    <wordcount weight="1" > advances </wordcount>
    <wordcount weight="1" > better </wordcount>
    <wordcount weight="1" > qualitatively </wordcount>
    <wordcount weight="1" > latest </wordcount>
    <wordcount weight="1" > following </wordcount>
    <wordcount weight="1" > animal </wordcount>
    <wordcount weight="1" > beginning </wordcount>
    <wordcount weight="1" > frdn </wordcount>
    <wordcount weight="1" > according </wordcount>
    <wordcount weight="1" > unlikely </wordcount>
    <wordcount weight="1" > catastrophic </wordcount>
    <wordcount weight="1" > proceedings </wordcount>
    <wordcount weight="1" > march </wordcount>
    <wordcount weight="1" > investigation </wordcount>
    <wordcount weight="1" > physiologic </wordcount>
    <wordcount weight="1" > remained </wordcount>
    <wordcount weight="1" > phytologist </wordcount>
    <wordcount weight="1" > seasonal </wordcount>
    <wordcount weight="1" > calculations </wordcount>
    <wordcount weight="1" > ceased </wordcount>
    <wordcount weight="1" > tightly </wordcount>
    <wordcount weight="1" > distribution </wordcount>
    <wordcount weight="1" > heavier </wordcount>
    <wordcount weight="1" > extent </wordcount>
    <wordcount weight="1" > merkmalen </wordcount>
    <wordcount weight="1" > fully </wordcount>
    <wordcount weight="1" > roadless </wordcount>
    <wordcount weight="1" > zontal </wordcount>
    <wordcount weight="1" > precursor </wordcount>
    <wordcount weight="1" > modellversuche </wordcount>
    <wordcount weight="1" > produce </wordcount>
    <wordcount weight="1" > too </wordcount>
    <wordcount weight="1" > agreed </wordcount>
    <wordcount weight="1" > coordinate </wordcount>
    <wordcount weight="1" > categories </wordcount>
    <wordcount weight="1" > noticeably </wordcount>
    <wordcount weight="1" > beitrage </wordcount>
    <wordcount weight="1" > occasionally </wordcount>
    <wordcount weight="1" > northwestern </wordcount>
    <wordcount weight="1" > classes </wordcount>
    <wordcount weight="1" > transport </wordcount>
    <wordcount weight="1" > acer </wordcount>
    <wordcount weight="1" > anderen </wordcount>
    <wordcount weight="1" > despite </wordcount>
    <wordcount weight="1" > alternatives </wordcount>
    <wordcount weight="1" > role </wordcount>
    <wordcount weight="1" > yearly </wordcount>
    <wordcount weight="1" > assumptions </wordcount>
    <wordcount weight="1" > measure </wordcount>
    <wordcount weight="1" > zuchter </wordcount>
    <wordcount weight="1" > presupposes </wordcount>
    <wordcount weight="1" > underestimate </wordcount>
    <wordcount weight="1" > summarizes </wordcount>
    <wordcount weight="1" > jagdzeitung </wordcount>
    <wordcount weight="1" > immediately </wordcount>
    <wordcount weight="1" > allows </wordcount>
    <wordcount weight="1" > isolated </wordcount>
    <wordcount weight="1" > representation </wordcount>
    <wordcount weight="1" > gain </wordcount>
    <wordcount weight="1" > seepage </wordcount>
    <wordcount weight="1" > wereoctober </wordcount>
    <wordcount weight="1" > tusco </wordcount>
    <wordcount weight="1" > named </wordcount>
    <wordcount weight="1" > ghijk </wordcount>
    <wordcount weight="1" > comparable </wordcount>
    <wordcount weight="1" > formation </wordcount>
    <wordcount weight="1" > spacing </wordcount>
    <wordcount weight="1" > editor </wordcount>
    <wordcount weight="1" > fichten </wordcount>
    <wordcount weight="1" > similarity </wordcount>
    <wordcount weight="1" > finding </wordcount>
    <wordcount weight="1" > allgemeine </wordcount>
    <wordcount weight="1" > numerous </wordcount>
    <wordcount weight="1" > mode </wordcount>
    <wordcount weight="1" > wish </wordcount>
    <wordcount weight="1" > nondistance </wordcount>
    <wordcount weight="1" > move </wordcount>
    <wordcount weight="1" > approximately </wordcount>
    <wordcount weight="1" > typically </wordcount>
    <wordcount weight="1" > nonsignificant </wordcount>
    <wordcount weight="1" > snowpacks </wordcount>
    <wordcount weight="1" > approach </wordcount>
    <wordcount weight="1" > helps </wordcount>
    <wordcount weight="1" > forming </wordcount>
    <wordcount weight="1" > discounted </wordcount>
    <wordcount weight="1" > limitations </wordcount>
    <wordcount weight="1" > remains </wordcount>
    <wordcount weight="1" > bigger </wordcount>
    <wordcount weight="1" > eter </wordcount>
    <wordcount weight="1" > increased </wordcount>
    <wordcount weight="1" > ranged </wordcount>
    <wordcount weight="1" > clinally </wordcount>
    <wordcount weight="1" > treats </wordcount>
    <wordcount weight="1" > charles </wordcount>
    <wordcount weight="1" > commutrait </wordcount>
    <wordcount weight="1" > preadapted </wordcount>
    <wordcount weight="1" > klima </wordcount>
    <wordcount weight="1" > southern </wordcount>
    <wordcount weight="1" > themselves </wordcount>
    <wordcount weight="1" > pathways </wordcount>
    <wordcount weight="1" > consisted </wordcount>
    <wordcount weight="1" > reached </wordcount>
    <wordcount weight="1" > temperatures </wordcount>
    <wordcount weight="1" > pool </wordcount>
    <wordcount weight="1" > including </wordcount>
    <wordcount weight="1" > beziehungen </wordcount>
    <wordcount weight="1" > exclusively </wordcount>
    <wordcount weight="1" > import </wordcount>
    <wordcount weight="1" > element </wordcount>
    <wordcount weight="1" > given </wordcount>
    <wordcount weight="1" > interaction </wordcount>
    <wordcount weight="1" > xth </wordcount>
    <wordcount weight="1" > turbulence </wordcount>
    <wordcount weight="1" > ends </wordcount>
    <wordcount weight="1" > cross </wordcount>
    <wordcount weight="1" > meeting </wordcount>
    <wordcount weight="1" > showed </wordcount>
    <wordcount weight="1" > close </wordcount>
    <wordcount weight="1" > row </wordcount>
    <wordcount weight="1" > continuously </wordcount>
</article>
