<?xml version="1.0" encoding="UTF-8"?>
<article id="10.2307/2402537" >
    <wordcount weight="159" > of </wordcount>
    <wordcount weight="129" > the </wordcount>
    <wordcount weight="119" > and </wordcount>
    <wordcount weight="88" > in </wordcount>
    <wordcount weight="60" > nepal </wordcount>
    <wordcount weight="50" > pakistan </wordcount>
    <wordcount weight="44" > from </wordcount>
    <wordcount weight="44" > variation </wordcount>
    <wordcount weight="41" > wheat </wordcount>
    <wordcount weight="38" > barley </wordcount>
    <wordcount weight="36" > to </wordcount>
    <wordcount weight="33" > for </wordcount>
    <wordcount weight="30" > were </wordcount>
    <wordcount weight="29" > is </wordcount>
    <wordcount weight="28" > plants </wordcount>
    <wordcount weight="27" > a </wordcount>
    <wordcount weight="26" > awn </wordcount>
    <wordcount weight="26" > number </wordcount>
    <wordcount weight="24" > was </wordcount>
    <wordcount weight="22" > length </wordcount>
    <wordcount weight="21" > that </wordcount>
    <wordcount weight="20" > be </wordcount>
    <wordcount weight="20" > characters </wordcount>
    <wordcount weight="17" > are </wordcount>
    <wordcount weight="17" > on </wordcount>
    <wordcount weight="14" > by </wordcount>
    <wordcount weight="14" > collected </wordcount>
    <wordcount weight="14" > grain </wordcount>
    <wordcount weight="12" > at </wordcount>
    <wordcount weight="12" > flag </wordcount>
    <wordcount weight="12" > middle </wordcount>
    <wordcount weight="12" > leaf </wordcount>
    <wordcount weight="12" > than </wordcount>
    <wordcount weight="11" > m </wordcount>
    <wordcount weight="11" > not </wordcount>
    <wordcount weight="11" > centres </wordcount>
    <wordcount weight="11" > r </wordcount>
    <wordcount weight="11" > genetic </wordcount>
    <wordcount weight="11" > collection </wordcount>
    <wordcount weight="11" > diversity </wordcount>
    <wordcount weight="11" > bangor </wordcount>
    <wordcount weight="11" > cereals </wordcount>
    <wordcount weight="10" > it </wordcount>
    <wordcount weight="10" > similar </wordcount>
    <wordcount weight="10" > table </wordcount>
    <wordcount weight="10" > tillers </wordcount>
    <wordcount weight="10" > accessions </wordcount>
    <wordcount weight="10" > have </wordcount>
    <wordcount weight="10" > variance </wordcount>
    <wordcount weight="10" > between </wordcount>
    <wordcount weight="9" > sampling </wordcount>
    <wordcount weight="9" > there </wordcount>
    <wordcount weight="9" > has </wordcount>
    <wordcount weight="9" > disease </wordcount>
    <wordcount weight="9" > this </wordcount>
    <wordcount weight="9" > plant </wordcount>
    <wordcount weight="9" > awned </wordcount>
    <wordcount weight="8" > been </wordcount>
    <wordcount weight="8" > quantitative </wordcount>
    <wordcount weight="8" > more </wordcount>
    <wordcount weight="8" > j </wordcount>
    <wordcount weight="8" > within </wordcount>
    <wordcount weight="8" > variances </wordcount>
    <wordcount weight="8" > grown </wordcount>
    <wordcount weight="7" > mean </wordcount>
    <wordcount weight="7" > selection </wordcount>
    <wordcount weight="7" > as </wordcount>
    <wordcount weight="7" > vavilovian </wordcount>
    <wordcount weight="7" > or </wordcount>
    <wordcount weight="7" > these </wordcount>
    <wordcount weight="7" > character </wordcount>
    <wordcount weight="7" > covered </wordcount>
    <wordcount weight="7" > environmental </wordcount>
    <wordcount weight="7" > because </wordcount>
    <wordcount weight="7" > both </wordcount>
    <wordcount weight="7" > infertile </wordcount>
    <wordcount weight="6" > no </wordcount>
    <wordcount weight="6" > fertile </wordcount>
    <wordcount weight="6" > populations </wordcount>
    <wordcount weight="6" > university </wordcount>
    <wordcount weight="6" > two </wordcount>
    <wordcount weight="6" > lateral </wordcount>
    <wordcount weight="6" > naked </wordcount>
    <wordcount weight="6" > witcombe </wordcount>
    <wordcount weight="6" > variability </wordcount>
    <wordcount weight="6" > which </wordcount>
    <wordcount weight="6" > seed </wordcount>
    <wordcount weight="6" > major </wordcount>
    <wordcount weight="6" > row </wordcount>
    <wordcount weight="5" > expedition </wordcount>
    <wordcount weight="5" > only </wordcount>
    <wordcount weight="5" > natural </wordcount>
    <wordcount weight="5" > variable </wordcount>
    <wordcount weight="5" > areas </wordcount>
    <wordcount weight="5" > crop </wordcount>
    <wordcount weight="5" > recorded </wordcount>
    <wordcount weight="5" > sites </wordcount>
    <wordcount weight="5" > awnless </wordcount>
    <wordcount weight="5" > greatest </wordcount>
    <wordcount weight="5" > since </wordcount>
    <wordcount weight="5" > regions </wordcount>
    <wordcount weight="5" > would </wordcount>
    <wordcount weight="5" > breadth </wordcount>
    <wordcount weight="5" > coefficient </wordcount>
    <wordcount weight="5" > d </wordcount>
    <wordcount weight="5" > weight </wordcount>
    <wordcount weight="5" > when </wordcount>
    <wordcount weight="4" > likely </wordcount>
    <wordcount weight="4" > resistant </wordcount>
    <wordcount weight="4" > college </wordcount>
    <wordcount weight="4" > they </wordcount>
    <wordcount weight="4" > their </wordcount>
    <wordcount weight="4" > with </wordcount>
    <wordcount weight="4" > means </wordcount>
    <wordcount weight="4" > coefficients </wordcount>
    <wordcount weight="4" > also </wordcount>
    <wordcount weight="4" > height </wordcount>
    <wordcount weight="4" > cultivated </wordcount>
    <wordcount weight="4" > germplasm </wordcount>
    <wordcount weight="4" > can </wordcount>
    <wordcount weight="4" > agriculture </wordcount>
    <wordcount weight="4" > used </wordcount>
    <wordcount weight="4" > made </wordcount>
    <wordcount weight="4" > range </wordcount>
    <wordcount weight="4" > central </wordcount>
    <wordcount weight="4" > wild </wordcount>
    <wordcount weight="4" > conditions </wordcount>
    <wordcount weight="4" > an </wordcount>
    <wordcount weight="4" > measured </wordcount>
    <wordcount weight="4" > amount </wordcount>
    <wordcount weight="4" > species </wordcount>
    <wordcount weight="4" > probably </wordcount>
    <wordcount weight="4" > results </wordcount>
    <wordcount weight="4" > we </wordcount>
    <wordcount weight="3" > higher </wordcount>
    <wordcount weight="3" > if </wordcount>
    <wordcount weight="3" > released </wordcount>
    <wordcount weight="3" > collections </wordcount>
    <wordcount weight="3" > one </wordcount>
    <wordcount weight="3" > h </wordcount>
    <wordcount weight="3" > conservation </wordcount>
    <wordcount weight="3" > quantitatively </wordcount>
    <wordcount weight="3" > total </wordcount>
    <wordcount weight="3" > n </wordcount>
    <wordcount weight="3" > gilani </wordcount>
    <wordcount weight="3" > rainfed </wordcount>
    <wordcount weight="3" > but </wordcount>
    <wordcount weight="3" > lower </wordcount>
    <wordcount weight="3" > resistance </wordcount>
    <wordcount weight="3" > strategy </wordcount>
    <wordcount weight="3" > all </wordcount>
    <wordcount weight="3" > found </wordcount>
    <wordcount weight="3" > differences </wordcount>
    <wordcount weight="3" > conspicuous </wordcount>
    <wordcount weight="3" > isozyme </wordcount>
    <wordcount weight="3" > forms </wordcount>
    <wordcount weight="3" > genes </wordcount>
    <wordcount weight="3" > present </wordcount>
    <wordcount weight="3" > centre </wordcount>
    <wordcount weight="3" > where </wordcount>
    <wordcount weight="3" > burial </wordcount>
    <wordcount weight="3" > less </wordcount>
    <wordcount weight="3" > dispersal </wordcount>
    <wordcount weight="3" > strategies </wordcount>
    <wordcount weight="3" > applied </wordcount>
    <wordcount weight="3" > theory </wordcount>
    <wordcount weight="3" > rao </wordcount>
    <wordcount weight="3" > varieties </wordcount>
    <wordcount weight="3" > resources </wordcount>
    <wordcount weight="3" > collecting </wordcount>
    <wordcount weight="3" > related </wordcount>
    <wordcount weight="3" > varying </wordcount>
    <wordcount weight="3" > qualitative </wordcount>
    <wordcount weight="3" > lyallpur </wordcount>
    <wordcount weight="3" > proportion </wordcount>
    <wordcount weight="3" > trust </wordcount>
    <wordcount weight="3" > shown </wordcount>
    <wordcount weight="3" > such </wordcount>
    <wordcount weight="3" > basal </wordcount>
    <wordcount weight="3" > individual </wordcount>
    <wordcount weight="3" > so </wordcount>
    <wordcount weight="3" > obtained </wordcount>
    <wordcount weight="3" > few </wordcount>
    <wordcount weight="3" > ear </wordcount>
    <wordcount weight="3" > awns </wordcount>
    <wordcount weight="3" > study </wordcount>
    <wordcount weight="3" > displayed </wordcount>
    <wordcount weight="3" > universities </wordcount>
    <wordcount weight="3" > should </wordcount>
    <wordcount weight="2" > absence </wordcount>
    <wordcount weight="2" > various </wordcount>
    <wordcount weight="2" > expected </wordcount>
    <wordcount weight="2" > limited </wordcount>
    <wordcount weight="2" > determine </wordcount>
    <wordcount weight="2" > vulgare </wordcount>
    <wordcount weight="2" > incidence </wordcount>
    <wordcount weight="2" > among </wordcount>
    <wordcount weight="2" > tillerst </wordcount>
    <wordcount weight="2" > large </wordcount>
    <wordcount weight="2" > examined </wordcount>
    <wordcount weight="2" > sown </wordcount>
    <wordcount weight="2" > studies </wordcount>
    <wordcount weight="2" > country </wordcount>
    <wordcount weight="2" > under </wordcount>
    <wordcount weight="2" > considered </wordcount>
    <wordcount weight="2" > seems </wordcount>
    <wordcount weight="2" > aestivum </wordcount>
    <wordcount weight="2" > same </wordcount>
    <wordcount weight="2" > durum </wordcount>
    <wordcount weight="2" > commonly </wordcount>
    <wordcount weight="2" > satisfactory </wordcount>
    <wordcount weight="2" > comparisons </wordcount>
    <wordcount weight="2" > genotypes </wordcount>
    <wordcount weight="2" > hypersensitive </wordcount>
    <wordcount weight="2" > fertility </wordcount>
    <wordcount weight="2" > taken </wordcount>
    <wordcount weight="2" > important </wordcount>
    <wordcount weight="2" > wageningen </wordcount>
    <wordcount weight="2" > each </wordcount>
    <wordcount weight="2" > many </wordcount>
    <wordcount weight="2" > greater </wordcount>
    <wordcount weight="2" > crops </wordcount>
    <wordcount weight="2" > apical </wordcount>
    <wordcount weight="2" > polygenic </wordcount>
    <wordcount weight="2" > i </wordcount>
    <wordcount weight="2" > outside </wordcount>
    <wordcount weight="2" > domestication </wordcount>
    <wordcount weight="2" > eg </wordcount>
    <wordcount weight="2" > botanical </wordcount>
    <wordcount weight="2" > march </wordcount>
    <wordcount weight="2" > hybrid </wordcount>
    <wordcount weight="2" > basis </wordcount>
    <wordcount weight="2" > possible </wordcount>
    <wordcount weight="2" > tiller </wordcount>
    <wordcount weight="2" > nepalese </wordcount>
    <wordcount weight="2" > explanation </wordcount>
    <wordcount weight="2" > irrigated </wordcount>
    <wordcount weight="2" > himalayas </wordcount>
    <wordcount weight="2" > conclude </wordcount>
    <wordcount weight="2" > except </wordcount>
    <wordcount weight="2" > breeding </wordcount>
    <wordcount weight="2" > previously </wordcount>
    <wordcount weight="2" > cited </wordcount>
    <wordcount weight="2" > samples </wordcount>
    <wordcount weight="2" > journal </wordcount>
    <wordcount weight="2" > controlling </wordcount>
    <wordcount weight="2" > loss </wordcount>
    <wordcount weight="2" > measure </wordcount>
    <wordcount weight="2" > fixation </wordcount>
    <wordcount weight="2" > barbing </wordcount>
    <wordcount weight="2" > spikelets </wordcount>
    <wordcount weight="2" > maintained </wordcount>
    <wordcount weight="2" > thus </wordcount>
    <wordcount weight="2" > wheats </wordcount>
    <wordcount weight="2" > t </wordcount>
    <wordcount weight="2" > approximately </wordcount>
    <wordcount weight="2" > heterogeneity </wordcount>
    <wordcount weight="2" > although </wordcount>
    <wordcount weight="2" > optimum </wordcount>
    <wordcount weight="2" > defined </wordcount>
    <wordcount weight="2" > forming </wordcount>
    <wordcount weight="2" > supported </wordcount>
    <wordcount weight="2" > km </wordcount>
    <wordcount weight="2" > villages </wordcount>
    <wordcount weight="2" > compare </wordcount>
    <wordcount weight="2" > maximum </wordcount>
    <wordcount weight="2" > little </wordcount>
    <wordcount weight="2" > those </wordcount>
    <wordcount weight="2" > northern </wordcount>
    <wordcount weight="2" > using </wordcount>
    <wordcount weight="2" > strong </wordcount>
    <wordcount weight="2" > showed </wordcount>
    <wordcount weight="2" > occur </wordcount>
    <wordcount weight="2" > wales </wordcount>
    <wordcount weight="2" > hypothesis </wordcount>
    <wordcount weight="1" > commensurate </wordcount>
    <wordcount weight="1" > fails </wordcount>
    <wordcount weight="1" > may </wordcount>
    <wordcount weight="1" > difficult </wordcount>
    <wordcount weight="1" > f </wordcount>
    <wordcount weight="1" > morphology </wordcount>
    <wordcount weight="1" > critical </wordcount>
    <wordcount weight="1" > therefore </wordcount>
    <wordcount weight="1" > porceddu </wordcount>
    <wordcount weight="1" > interesting </wordcount>
    <wordcount weight="1" > he </wordcount>
    <wordcount weight="1" > glasshouse </wordcount>
    <wordcount weight="1" > high </wordcount>
    <wordcount weight="1" > mostly </wordcount>
    <wordcount weight="1" > phenotypic </wordcount>
    <wordcount weight="1" > dictionary </wordcount>
    <wordcount weight="1" > whose </wordcount>
    <wordcount weight="1" > reduced </wordcount>
    <wordcount weight="1" > today </wordcount>
    <wordcount weight="1" > materials </wordcount>
    <wordcount weight="1" > foliar </wordcount>
    <wordcount weight="1" > tomorrow </wordcount>
    <wordcount weight="1" > true </wordcount>
    <wordcount weight="1" > science </wordcount>
    <wordcount weight="1" > scientific </wordcount>
    <wordcount weight="1" > primitive </wordcount>
    <wordcount weight="1" > kosi </wordcount>
    <wordcount weight="1" > ecological </wordcount>
    <wordcount weight="1" > l </wordcount>
    <wordcount weight="1" > usually </wordcount>
    <wordcount weight="1" > five </wordcount>
    <wordcount weight="1" > differs </wordcount>
    <wordcount weight="1" > main </wordcount>
    <wordcount weight="1" > groups </wordcount>
    <wordcount weight="1" > compactum </wordcount>
    <wordcount weight="1" > accountj </wordcount>
    <wordcount weight="1" > altitudinal </wordcount>
    <wordcount weight="1" > reasonable </wordcount>
    <wordcount weight="1" > unit </wordcount>
    <wordcount weight="1" > affected </wordcount>
    <wordcount weight="1" > extreme </wordcount>
    <wordcount weight="1" > reconsidered </wordcount>
    <wordcount weight="1" > vavilov </wordcount>
    <wordcount weight="1" > var </wordcount>
    <wordcount weight="1" > levels </wordcount>
    <wordcount weight="1" > plastic </wordcount>
    <wordcount weight="1" > capture </wordcount>
    <wordcount weight="1" > bulletin </wordcount>
    <wordcount weight="1" > descriptors </wordcount>
    <wordcount weight="1" > e </wordcount>
    <wordcount weight="1" > intensively </wordcount>
    <wordcount weight="1" > attempt </wordcount>
    <wordcount weight="1" > environments </wordcount>
    <wordcount weight="1" > considerably </wordcount>
    <wordcount weight="1" > threshing </wordcount>
    <wordcount weight="1" > introduction </wordcount>
    <wordcount weight="1" > distributed </wordcount>
    <wordcount weight="1" > interactions </wordcount>
    <wordcount weight="1" > per </wordcount>
    <wordcount weight="1" > case </wordcount>
    <wordcount weight="1" > countries </wordcount>
    <wordcount weight="1" > plots </wordcount>
    <wordcount weight="1" > leaves </wordcount>
    <wordcount weight="1" > often </wordcount>
    <wordcount weight="1" > opposite </wordcount>
    <wordcount weight="1" > gratefully </wordcount>
    <wordcount weight="1" > ibp </wordcount>
    <wordcount weight="1" > percentage </wordcount>
    <wordcount weight="1" > designed </wordcount>
    <wordcount weight="1" > predation </wordcount>
    <wordcount weight="1" > european </wordcount>
    <wordcount weight="1" > once </wordcount>
    <wordcount weight="1" > extremes </wordcount>
    <wordcount weight="1" > multivariate </wordcount>
    <wordcount weight="1" > extremely </wordcount>
    <wordcount weight="1" > british </wordcount>
    <wordcount weight="1" > altitude </wordcount>
    <wordcount weight="1" > metrical </wordcount>
    <wordcount weight="1" > pp </wordcount>
    <wordcount weight="1" > conformed </wordcount>
    <wordcount weight="1" > association </wordcount>
    <wordcount weight="1" > modern </wordcount>
    <wordcount weight="1" > pressures </wordcount>
    <wordcount weight="1" > ie </wordcount>
    <wordcount weight="1" > diseases </wordcount>
    <wordcount weight="1" > restricted </wordcount>
    <wordcount weight="1" > consider </wordcount>
    <wordcount weight="1" > mortimer </wordcount>
    <wordcount weight="1" > selective </wordcount>
    <wordcount weight="1" > neither </wordcount>
    <wordcount weight="1" > glumes </wordcount>
    <wordcount weight="1" > river </wordcount>
    <wordcount weight="1" > school </wordcount>
    <wordcount weight="1" > necessarily </wordcount>
    <wordcount weight="1" > into </wordcount>
    <wordcount weight="1" > environment </wordcount>
    <wordcount weight="1" > unlike </wordcount>
    <wordcount weight="1" > included </wordcount>
    <wordcount weight="1" > light </wordcount>
    <wordcount weight="1" > essential </wordcount>
    <wordcount weight="1" > culture </wordcount>
    <wordcount weight="1" > pots </wordcount>
    <wordcount weight="1" > days </wordcount>
    <wordcount weight="1" > growing </wordcount>
    <wordcount weight="1" > experimental </wordcount>
    <wordcount weight="1" > hordeum </wordcount>
    <wordcount weight="1" > variety </wordcount>
    <wordcount weight="1" > frequently </wordcount>
    <wordcount weight="1" > listed </wordcount>
    <wordcount weight="1" > comparison </wordcount>
    <wordcount weight="1" > already </wordcount>
    <wordcount weight="1" > chitral </wordcount>
    <wordcount weight="1" > must </wordcount>
    <wordcount weight="1" > chronica </wordcount>
    <wordcount weight="1" > memorial </wordcount>
    <wordcount weight="1" > test </wordcount>
    <wordcount weight="1" > leverhulme </wordcount>
    <wordcount weight="1" > said </wordcount>
    <wordcount weight="1" > store </wordcount>
    <wordcount weight="1" > had </wordcount>
    <wordcount weight="1" > regional </wordcount>
    <wordcount weight="1" > agronomical </wordcount>
    <wordcount weight="1" > drought </wordcount>
    <wordcount weight="1" > either </wordcount>
    <wordcount weight="1" > useful </wordcount>
    <wordcount weight="1" > studley </wordcount>
    <wordcount weight="1" > random </wordcount>
    <wordcount weight="1" > amongst </wordcount>
    <wordcount weight="1" > members </wordcount>
    <wordcount weight="1" > certainly </wordcount>
    <wordcount weight="1" > here </wordcount>
    <wordcount weight="1" > zhukovsky </wordcount>
    <wordcount weight="1" > technique </wordcount>
    <wordcount weight="1" > fund </wordcount>
    <wordcount weight="1" > cover </wordcount>
    <wordcount weight="1" > barleys </wordcount>
    <wordcount weight="1" > indicated </wordcount>
    <wordcount weight="1" > defining </wordcount>
    <wordcount weight="1" > flow </wordcount>
    <wordcount weight="1" > varies </wordcount>
    <wordcount weight="1" > marshall </wordcount>
    <wordcount weight="1" > cm </wordcount>
    <wordcount weight="1" > paper </wordcount>
    <wordcount weight="1" > different </wordcount>
    <wordcount weight="1" > zeitschrift </wordcount>
    <wordcount weight="1" > incomplete </wordcount>
    <wordcount weight="1" > attribute </wordcount>
    <wordcount weight="1" > based </wordcount>
    <wordcount weight="1" > shows </wordcount>
    <wordcount weight="1" > longer </wordcount>
    <wordcount weight="1" > shaped </wordcount>
    <wordcount weight="1" > other </wordcount>
    <wordcount weight="1" > region </wordcount>
    <wordcount weight="1" > advantage </wordcount>
    <wordcount weight="1" > governed </wordcount>
    <wordcount weight="1" > dudh </wordcount>
    <wordcount weight="1" > basins </wordcount>
    <wordcount weight="1" > p </wordcount>
    <wordcount weight="1" > pakistani </wordcount>
    <wordcount weight="1" > graminis </wordcount>
    <wordcount weight="1" > fate </wordcount>
    <wordcount weight="1" > particularly </wordcount>
    <wordcount weight="1" > larger </wordcount>
    <wordcount weight="1" > john </wordcount>
    <wordcount weight="1" > very </wordcount>
    <wordcount weight="1" > gene </wordcount>
    <wordcount weight="1" > identical </wordcount>
    <wordcount weight="1" > persist </wordcount>
    <wordcount weight="1" > fashion </wordcount>
    <wordcount weight="1" > pattern </wordcount>
    <wordcount weight="1" > efficiently </wordcount>
    <wordcount weight="1" > help </wordcount>
    <wordcount weight="1" > great </wordcount>
    <wordcount weight="1" > nonmetrical </wordcount>
    <wordcount weight="1" > february </wordcount>
    <wordcount weight="1" > tworowed </wordcount>
    <wordcount weight="1" > patterns </wordcount>
    <wordcount weight="1" > density </wordcount>
    <wordcount weight="1" > spontaneum </wordcount>
    <wordcount weight="1" > innes </wordcount>
    <wordcount weight="1" > phd </wordcount>
    <wordcount weight="1" > blackwell </wordcount>
    <wordcount weight="1" > adjacent </wordcount>
    <wordcount weight="1" > equally </wordcount>
    <wordcount weight="1" > vernalize </wordcount>
    <wordcount weight="1" > traits </wordcount>
    <wordcount weight="1" > cultural </wordcount>
    <wordcount weight="1" > equal </wordcount>
    <wordcount weight="1" > arun </wordcount>
    <wordcount weight="1" > cereal </wordcount>
    <wordcount weight="1" > ecology </wordcount>
    <wordcount weight="1" > drs </wordcount>
    <wordcount weight="1" > seedling </wordcount>
    <wordcount weight="1" > infection </wordcount>
    <wordcount weight="1" > them </wordcount>
    <wordcount weight="1" > physiology </wordcount>
    <wordcount weight="1" > whether </wordcount>
    <wordcount weight="1" > mildew </wordcount>
    <wordcount weight="1" > population </wordcount>
    <wordcount weight="1" > form </wordcount>
    <wordcount weight="1" > intensity </wordcount>
    <wordcount weight="1" > ones </wordcount>
    <wordcount weight="1" > references </wordcount>
    <wordcount weight="1" > evaluation </wordcount>
    <wordcount weight="1" > particular </wordcount>
    <wordcount weight="1" > acknowledged </wordcount>
    <wordcount weight="1" > royal </wordcount>
    <wordcount weight="1" > grounds </wordcount>
    <wordcount weight="1" > origin </wordcount>
    <wordcount weight="1" > depending </wordcount>
    <wordcount weight="1" > lengths </wordcount>
    <wordcount weight="1" > native </wordcount>
    <wordcount weight="1" > adaptation </wordcount>
    <wordcount weight="1" > distance </wordcount>
    <wordcount weight="1" > acknowledgments </wordcount>
    <wordcount weight="1" > unheated </wordcount>
    <wordcount weight="1" > always </wordcount>
    <wordcount weight="1" > remarkably </wordcount>
    <wordcount weight="1" > argued </wordcount>
    <wordcount weight="1" > spike </wordcount>
    <wordcount weight="1" > convenient </wordcount>
    <wordcount weight="1" > require </wordcount>
    <wordcount weight="1" > none </wordcount>
    <wordcount weight="1" > pakistanj </wordcount>
    <wordcount weight="1" > yield </wordcount>
    <wordcount weight="1" > design </wordcount>
    <wordcount weight="1" > fao </wordcount>
    <wordcount weight="1" > observations </wordcount>
    <wordcount weight="1" > some </wordcount>
    <wordcount weight="1" > recommended </wordcount>
    <wordcount weight="1" > determined </wordcount>
    <wordcount weight="1" > up </wordcount>
    <wordcount weight="1" > revealed </wordcount>
    <wordcount weight="1" > discussion </wordcount>
    <wordcount weight="1" > intense </wordcount>
    <wordcount weight="1" > alone </wordcount>
    <wordcount weight="1" > concept </wordcount>
    <wordcount weight="1" > apart </wordcount>
    <wordcount weight="1" > significantly </wordcount>
    <wordcount weight="1" > favourable </wordcount>
    <wordcount weight="1" > x </wordcount>
    <wordcount weight="1" > including </wordcount>
    <wordcount weight="1" > most </wordcount>
    <wordcount weight="1" > devising </wordcount>
    <wordcount weight="1" > fur </wordcount>
    <wordcount weight="1" > apparent </wordcount>
    <wordcount weight="1" > adaptive </wordcount>
    <wordcount weight="1" > its </wordcount>
    <wordcount weight="1" > data </wordcount>
    <wordcount weight="1" > description </wordcount>
    <wordcount weight="1" > though </wordcount>
    <wordcount weight="1" > sladen </wordcount>
    <wordcount weight="1" > frankel </wordcount>
    <wordcount weight="1" > significant </wordcount>
    <wordcount weight="1" > whole </wordcount>
    <wordcount weight="1" > investigated </wordcount>
    <wordcount weight="1" > implications </wordcount>
    <wordcount weight="1" > gave </wordcount>
    <wordcount weight="1" > swarms </wordcount>
    <wordcount weight="1" > largely </wordcount>
    <wordcount weight="1" > place </wordcount>
    <wordcount weight="1" > botany </wordcount>
    <wordcount weight="1" > altitudes </wordcount>
    <wordcount weight="1" > controlled </wordcount>
    <wordcount weight="1" > world </wordcount>
    <wordcount weight="1" > gain </wordcount>
    <wordcount weight="1" > frequencies </wordcount>
    <wordcount weight="1" > susceptible </wordcount>
    <wordcount weight="1" > genecology </wordcount>
    <wordcount weight="1" > fungus </wordcount>
    <wordcount weight="1" > comparable </wordcount>
    <wordcount weight="1" > employed </wordcount>
    <wordcount weight="1" > g </wordcount>
    <wordcount weight="1" > theories </wordcount>
    <wordcount weight="1" > described </wordcount>
    <wordcount weight="1" > hayes </wordcount>
    <wordcount weight="1" > low </wordcount>
    <wordcount weight="1" > conform </wordcount>
    <wordcount weight="1" > cambridge </wordcount>
    <wordcount weight="1" > average </wordcount>
    <wordcount weight="1" > percy </wordcount>
    <wordcount weight="1" > powdery </wordcount>
    <wordcount weight="1" > trends </wordcount>
    <wordcount weight="1" > stress </wordcount>
    <wordcount weight="1" > discussed </wordcount>
    <wordcount weight="1" > diam </wordcount>
    <wordcount weight="1" > genotype </wordcount>
    <wordcount weight="1" > certain </wordcount>
    <wordcount weight="1" > compost </wordcount>
    <wordcount weight="1" > analysed </wordcount>
    <wordcount weight="1" > newsletter </wordcount>
    <wordcount weight="1" > accessionsj </wordcount>
    <wordcount weight="1" > himalayan </wordcount>
    <wordcount weight="1" > florets </wordcount>
    <wordcount weight="1" > amounts </wordcount>
    <wordcount weight="1" > relatively </wordcount>
    <wordcount weight="1" > whilst </wordcount>
    <wordcount weight="1" > thinned </wordcount>
    <wordcount weight="1" > normally </wordcount>
    <wordcount weight="1" > correlated </wordcount>
    <wordcount weight="1" > alleles </wordcount>
    <wordcount weight="1" > define </wordcount>
    <wordcount weight="1" > glume </wordcount>
    <wordcount weight="1" > field </wordcount>
    <wordcount weight="1" > gwynedd </wordcount>
    <wordcount weight="1" > agronomically </wordcount>
    <wordcount weight="1" > expeditions </wordcount>
    <wordcount weight="1" > sample </wordcount>
    <wordcount weight="1" > extensively </wordcount>
    <wordcount weight="1" > gilgit </wordcount>
    <wordcount weight="1" > after </wordcount>
    <wordcount weight="1" > nor </wordcount>
    <wordcount weight="1" > least </wordcount>
    <wordcount weight="1" > definitive </wordcount>
    <wordcount weight="1" > repeated </wordcount>
    <wordcount weight="1" > summary </wordcount>
    <wordcount weight="1" > fitness </wordcount>
    <wordcount weight="1" > characteristics </wordcount>
    <wordcount weight="1" > sufficient </wordcount>
    <wordcount weight="1" > separately </wordcount>
    <wordcount weight="1" > birds </wordcount>
    <wordcount weight="1" > highly </wordcount>
    <wordcount weight="1" > occurring </wordcount>
    <wordcount weight="1" > systems </wordcount>
    <wordcount weight="1" > unrelated </wordcount>
    <wordcount weight="1" > response </wordcount>
    <wordcount weight="1" > methods </wordcount>
    <wordcount weight="1" > drying </wordcount>
    <wordcount weight="1" > viewpoint </wordcount>
    <wordcount weight="1" > presence </wordcount>
    <wordcount weight="1" > relation </wordcount>
    <wordcount weight="1" > exploited </wordcount>
    <wordcount weight="1" > allowing </wordcount>
    <wordcount weight="1" > suitable </wordcount>
    <wordcount weight="1" > combating </wordcount>
    <wordcount weight="1" > c </wordcount>
    <wordcount weight="1" > compared </wordcount>
    <wordcount weight="1" > respectively </wordcount>
    <wordcount weight="1" > colours </wordcount>
    <wordcount weight="1" > effect </wordcount>
    <wordcount weight="1" > advancement </wordcount>
    <wordcount weight="1" > publications </wordcount>
    <wordcount weight="1" > fully </wordcount>
    <wordcount weight="1" > triticum </wordcount>
    <wordcount weight="1" > annual </wordcount>
    <wordcount weight="1" > london </wordcount>
    <wordcount weight="1" > slightly </wordcount>
    <wordcount weight="1" > equivalent </wordcount>
    <wordcount weight="1" > much </wordcount>
    <wordcount weight="1" > ab </wordcount>
    <wordcount weight="1" > tendency </wordcount>
    <wordcount weight="1" > north </wordcount>
    <wordcount weight="1" > observed </wordcount>
    <wordcount weight="1" > evidence </wordcount>
    <wordcount weight="1" > meeting </wordcount>
    <wordcount weight="1" > immunity </wordcount>
    <wordcount weight="1" > pot </wordcount>
    <wordcount weight="1" > pigmentation </wordcount>
    <wordcount weight="1" > widely </wordcount>
    <wordcount weight="1" > brown </wordcount>
    <wordcount weight="1" > society </wordcount>
    <wordcount weight="1" > zeven </wordcount>
    <wordcount weight="1" > grants </wordcount>
</article>
