<?xml version="1.0" encoding="UTF-8"?>
<article id="10.2307/1948565" >
    <wordcount weight="900" > the </wordcount>
    <wordcount weight="799" > of </wordcount>
    <wordcount weight="500" > and </wordcount>
    <wordcount weight="332" > in </wordcount>
    <wordcount weight="282" > to </wordcount>
    <wordcount weight="248" > a </wordcount>
    <wordcount weight="163" > from </wordcount>
    <wordcount weight="110" > was </wordcount>
    <wordcount weight="98" > for </wordcount>
    <wordcount weight="96" > were </wordcount>
    <wordcount weight="88" > collections </wordcount>
    <wordcount weight="88" > plants </wordcount>
    <wordcount weight="85" > or </wordcount>
    <wordcount weight="77" > that </wordcount>
    <wordcount weight="77" > seed </wordcount>
    <wordcount weight="76" > with </wordcount>
    <wordcount weight="76" > be </wordcount>
    <wordcount weight="75" > growth </wordcount>
    <wordcount weight="73" > on </wordcount>
    <wordcount weight="65" > plant </wordcount>
    <wordcount weight="62" > at </wordcount>
    <wordcount weight="62" > collection </wordcount>
    <wordcount weight="62" > leaf </wordcount>
    <wordcount weight="62" > materials </wordcount>
    <wordcount weight="62" > as </wordcount>
    <wordcount weight="55" > sand </wordcount>
    <wordcount weight="55" > maximum </wordcount>
    <wordcount weight="54" > between </wordcount>
    <wordcount weight="52" > growing </wordcount>
    <wordcount weight="51" > variation </wordcount>
    <wordcount weight="51" > area </wordcount>
    <wordcount weight="49" > this </wordcount>
    <wordcount weight="48" > dropseed </wordcount>
    <wordcount weight="48" > by </wordcount>
    <wordcount weight="45" > clonal </wordcount>
    <wordcount weight="44" > not </wordcount>
    <wordcount weight="43" > height </wordcount>
    <wordcount weight="43" > crown </wordcount>
    <wordcount weight="42" > season </wordcount>
    <wordcount weight="41" > more </wordcount>
    <wordcount weight="41" > is </wordcount>
    <wordcount weight="40" > first </wordcount>
    <wordcount weight="40" > data </wordcount>
    <wordcount weight="39" > number </wordcount>
    <wordcount weight="38" > differences </wordcount>
    <wordcount weight="38" > colorado </wordcount>
    <wordcount weight="37" > which </wordcount>
    <wordcount weight="37" > relative </wordcount>
    <wordcount weight="34" > clones </wordcount>
    <wordcount weight="34" > flag </wordcount>
    <wordcount weight="34" > inflorescences </wordcount>
    <wordcount weight="34" > ecological </wordcount>
    <wordcount weight="31" > it </wordcount>
    <wordcount weight="31" > each </wordcount>
    <wordcount weight="31" > showed </wordcount>
    <wordcount weight="30" > within </wordcount>
    <wordcount weight="30" > no </wordcount>
    <wordcount weight="30" > phenological </wordcount>
    <wordcount weight="30" > different </wordcount>
    <wordcount weight="29" > inflorescence </wordcount>
    <wordcount weight="29" > these </wordcount>
    <wordcount weight="29" > parent </wordcount>
    <wordcount weight="29" > length </wordcount>
    <wordcount weight="28" > taken </wordcount>
    <wordcount weight="28" > south </wordcount>
    <wordcount weight="28" > significant </wordcount>
    <wordcount weight="27" > loam </wordcount>
    <wordcount weight="27" > production </wordcount>
    <wordcount weight="27" > also </wordcount>
    <wordcount weight="27" > differentiation </wordcount>
    <wordcount weight="26" > other </wordcount>
    <wordcount weight="26" > garden </wordcount>
    <wordcount weight="26" > apparent </wordcount>
    <wordcount weight="26" > soil </wordcount>
    <wordcount weight="25" > correlation </wordcount>
    <wordcount weight="25" > development </wordcount>
    <wordcount weight="25" > pattern </wordcount>
    <wordcount weight="24" > appearance </wordcount>
    <wordcount weight="24" > sites </wordcount>
    <wordcount weight="24" > an </wordcount>
    <wordcount weight="24" > exsertion </wordcount>
    <wordcount weight="24" > average </wordcount>
    <wordcount weight="23" > range </wordcount>
    <wordcount weight="23" > would </wordcount>
    <wordcount weight="22" > long </wordcount>
    <wordcount weight="22" > response </wordcount>
    <wordcount weight="22" > than </wordcount>
    <wordcount weight="22" > sandy </wordcount>
    <wordcount weight="22" > clone </wordcount>
    <wordcount weight="22" > same </wordcount>
    <wordcount weight="22" > species </wordcount>
    <wordcount weight="21" > site </wordcount>
    <wordcount weight="21" > higher </wordcount>
    <wordcount weight="21" > could </wordcount>
    <wordcount weight="21" > during </wordcount>
    <wordcount weight="21" > expansion </wordcount>
    <wordcount weight="21" > southern </wordcount>
    <wordcount weight="21" > only </wordcount>
    <wordcount weight="21" > both </wordcount>
    <wordcount weight="21" > among </wordcount>
    <wordcount weight="20" > general </wordcount>
    <wordcount weight="20" > most </wordcount>
    <wordcount weight="20" > ecotypic </wordcount>
    <wordcount weight="20" > stages </wordcount>
    <wordcount weight="20" > are </wordcount>
    <wordcount weight="20" > level </wordcount>
    <wordcount weight="20" > morphological </wordcount>
    <wordcount weight="19" > indicated </wordcount>
    <wordcount weight="19" > measurements </wordcount>
    <wordcount weight="19" > results </wordcount>
    <wordcount weight="18" > environmental </wordcount>
    <wordcount weight="18" > recorded </wordcount>
    <wordcount weight="18" > their </wordcount>
    <wordcount weight="18" > habitat </wordcount>
    <wordcount weight="18" > new </wordcount>
    <wordcount weight="18" > particular </wordcount>
    <wordcount weight="18" > although </wordcount>
    <wordcount weight="18" > observed </wordcount>
    <wordcount weight="17" > one </wordcount>
    <wordcount weight="17" > bioclimatic </wordcount>
    <wordcount weight="17" > blade </wordcount>
    <wordcount weight="17" > mi </wordcount>
    <wordcount weight="17" > value </wordcount>
    <wordcount weight="17" > various </wordcount>
    <wordcount weight="17" > lack </wordcount>
    <wordcount weight="17" > time </wordcount>
    <wordcount weight="17" > relation </wordcount>
    <wordcount weight="16" > transplant </wordcount>
    <wordcount weight="16" > salida </wordcount>
    <wordcount weight="16" > fort </wordcount>
    <wordcount weight="16" > certain </wordcount>
    <wordcount weight="16" > hopkins </wordcount>
    <wordcount weight="16" > selection </wordcount>
    <wordcount weight="16" > exhibited </wordcount>
    <wordcount weight="16" > when </wordcount>
    <wordcount weight="15" > origin </wordcount>
    <wordcount weight="15" > altitudinal </wordcount>
    <wordcount weight="15" > coefficients </wordcount>
    <wordcount weight="15" > but </wordcount>
    <wordcount weight="15" > two </wordcount>
    <wordcount weight="15" > fork </wordcount>
    <wordcount weight="15" > progeny </wordcount>
    <wordcount weight="15" > geographic </wordcount>
    <wordcount weight="15" > observations </wordcount>
    <wordcount weight="14" > lower </wordcount>
    <wordcount weight="14" > nature </wordcount>
    <wordcount weight="14" > amount </wordcount>
    <wordcount weight="14" > color </wordcount>
    <wordcount weight="14" > p </wordcount>
    <wordcount weight="14" > guymon </wordcount>
    <wordcount weight="14" > width </wordcount>
    <wordcount weight="14" > northern </wordcount>
    <wordcount weight="14" > characteristics </wordcount>
    <wordcount weight="14" > uniform </wordcount>
    <wordcount weight="14" > north </wordcount>
    <wordcount weight="13" > had </wordcount>
    <wordcount weight="13" > j </wordcount>
    <wordcount weight="13" > possible </wordcount>
    <wordcount weight="13" > genetic </wordcount>
    <wordcount weight="13" > emerging </wordcount>
    <wordcount weight="13" > involved </wordcount>
    <wordcount weight="13" > degree </wordcount>
    <wordcount weight="13" > often </wordcount>
    <wordcount weight="13" > grand </wordcount>
    <wordcount weight="13" > grown </wordcount>
    <wordcount weight="12" > may </wordcount>
    <wordcount weight="12" > study </wordcount>
    <wordcount weight="12" > morphologic </wordcount>
    <wordcount weight="12" > essentially </wordcount>
    <wordcount weight="12" > curves </wordcount>
    <wordcount weight="12" > under </wordcount>
    <wordcount weight="12" > been </wordcount>
    <wordcount weight="12" > period </wordcount>
    <wordcount weight="12" > obtained </wordcount>
    <wordcount weight="12" > la </wordcount>
    <wordcount weight="12" > wray </wordcount>
    <wordcount weight="12" > similarity </wordcount>
    <wordcount weight="11" > before </wordcount>
    <wordcount weight="11" > such </wordcount>
    <wordcount weight="11" > james </wordcount>
    <wordcount weight="11" > field </wordcount>
    <wordcount weight="11" > clay </wordcount>
    <wordcount weight="11" > areas </wordcount>
    <wordcount weight="11" > brown </wordcount>
    <wordcount weight="11" > ranging </wordcount>
    <wordcount weight="11" > have </wordcount>
    <wordcount weight="11" > evidence </wordcount>
    <wordcount weight="10" > greater </wordcount>
    <wordcount weight="10" > culms </wordcount>
    <wordcount weight="10" > t </wordcount>
    <wordcount weight="10" > all </wordcount>
    <wordcount weight="10" > found </wordcount>
    <wordcount weight="10" > infloreseences </wordcount>
    <wordcount weight="10" > i </wordcount>
    <wordcount weight="10" > those </wordcount>
    <wordcount weight="10" > some </wordcount>
    <wordcount weight="10" > variations </wordcount>
    <wordcount weight="10" > bot </wordcount>
    <wordcount weight="10" > phenologic </wordcount>
    <wordcount weight="10" > due </wordcount>
    <wordcount weight="10" > veta </wordcount>
    <wordcount weight="10" > maybell </wordcount>
    <wordcount weight="10" > w </wordcount>
    <wordcount weight="10" > show </wordcount>
    <wordcount weight="10" > genotypes </wordcount>
    <wordcount weight="10" > amer </wordcount>
    <wordcount weight="10" > further </wordcount>
    <wordcount weight="10" > ranking </wordcount>
    <wordcount weight="10" > its </wordcount>
    <wordcount weight="10" > description </wordcount>
    <wordcount weight="10" > either </wordcount>
    <wordcount weight="10" > quinn </wordcount>
    <wordcount weight="10" > will </wordcount>
    <wordcount weight="10" > initiation </wordcount>
    <wordcount weight="10" > elevations </wordcount>
    <wordcount weight="10" > high </wordcount>
    <wordcount weight="10" > sloping </wordcount>
    <wordcount weight="10" > has </wordcount>
    <wordcount weight="10" > did </wordcount>
    <wordcount weight="10" > collins </wordcount>
    <wordcount weight="10" > while </wordcount>
    <wordcount weight="10" > shown </wordcount>
    <wordcount weight="10" > d </wordcount>
    <wordcount weight="10" > should </wordcount>
    <wordcount weight="9" > latitudinal </wordcount>
    <wordcount weight="9" > grasses </wordcount>
    <wordcount weight="9" > studies </wordcount>
    <wordcount weight="9" > s </wordcount>
    <wordcount weight="9" > eastern </wordcount>
    <wordcount weight="9" > richard </wordcount>
    <wordcount weight="9" > expected </wordcount>
    <wordcount weight="9" > suggested </wordcount>
    <wordcount weight="9" > appears </wordcount>
    <wordcount weight="9" > wide </wordcount>
    <wordcount weight="9" > basis </wordcount>
    <wordcount weight="9" > gently </wordcount>
    <wordcount weight="9" > grass </wordcount>
    <wordcount weight="9" > ward </wordcount>
    <wordcount weight="9" > several </wordcount>
    <wordcount weight="9" > populations </wordcount>
    <wordcount weight="9" > april </wordcount>
    <wordcount weight="9" > community </wordcount>
    <wordcount weight="9" > panicle </wordcount>
    <wordcount weight="9" > complete </wordcount>
    <wordcount weight="9" > phenology </wordcount>
    <wordcount weight="9" > appeared </wordcount>
    <wordcount weight="9" > variables </wordcount>
    <wordcount weight="9" > significance </wordcount>
    <wordcount weight="9" > three </wordcount>
    <wordcount weight="9" > infloreseence </wordcount>
    <wordcount weight="9" > can </wordcount>
    <wordcount weight="9" > provide </wordcount>
    <wordcount weight="9" > plains </wordcount>
    <wordcount weight="9" > environment </wordcount>
    <wordcount weight="9" > any </wordcount>
    <wordcount weight="9" > sampling </wordcount>
    <wordcount weight="8" > large </wordcount>
    <wordcount weight="8" > into </wordcount>
    <wordcount weight="8" > state </wordcount>
    <wordcount weight="8" > u </wordcount>
    <wordcount weight="8" > west </wordcount>
    <wordcount weight="8" > since </wordcount>
    <wordcount weight="8" > even </wordcount>
    <wordcount weight="8" > after </wordcount>
    <wordcount weight="8" > m </wordcount>
    <wordcount weight="8" > population </wordcount>
    <wordcount weight="8" > manitou </wordcount>
    <wordcount weight="8" > weekly </wordcount>
    <wordcount weight="8" > showing </wordcount>
    <wordcount weight="8" > comparative </wordcount>
    <wordcount weight="8" > relationship </wordcount>
    <wordcount weight="8" > light </wordcount>
    <wordcount weight="8" > reproductive </wordcount>
    <wordcount weight="8" > adjacent </wordcount>
    <wordcount weight="8" > germination </wordcount>
    <wordcount weight="8" > active </wordcount>
    <wordcount weight="8" > low </wordcount>
    <wordcount weight="8" > collected </wordcount>
    <wordcount weight="8" > topography </wordcount>
    <wordcount weight="8" > table </wordcount>
    <wordcount weight="8" > earliest </wordcount>
    <wordcount weight="8" > very </wordcount>
    <wordcount weight="8" > prostrate </wordcount>
    <wordcount weight="8" > spring </wordcount>
    <wordcount weight="7" > heights </wordcount>
    <wordcount weight="7" > might </wordcount>
    <wordcount weight="7" > analyses </wordcount>
    <wordcount weight="7" > subsequent </wordcount>
    <wordcount weight="7" > soils </wordcount>
    <wordcount weight="7" > characteristic </wordcount>
    <wordcount weight="7" > dates </wordcount>
    <wordcount weight="7" > continuous </wordcount>
    <wordcount weight="7" > similar </wordcount>
    <wordcount weight="7" > dormancy </wordcount>
    <wordcount weight="7" > replications </wordcount>
    <wordcount weight="7" > emergence </wordcount>
    <wordcount weight="7" > upper </wordcount>
    <wordcount weight="7" > four </wordcount>
    <wordcount weight="7" > surface </wordcount>
    <wordcount weight="7" > because </wordcount>
    <wordcount weight="7" > agr </wordcount>
    <wordcount weight="7" > statistically </wordcount>
    <wordcount weight="7" > least </wordcount>
    <wordcount weight="7" > order </wordcount>
    <wordcount weight="7" > latest </wordcount>
    <wordcount weight="7" > habitats </wordcount>
    <wordcount weight="7" > end </wordcount>
    <wordcount weight="7" > monographs </wordcount>
    <wordcount weight="7" > cortez </wordcount>
    <wordcount weight="7" > structure </wordcount>
    <wordcount weight="7" > fairly </wordcount>
    <wordcount weight="7" > fall </wordcount>
    <wordcount weight="7" > ordway </wordcount>
    <wordcount weight="7" > size </wordcount>
    <wordcount weight="7" > initiated </wordcount>
    <wordcount weight="7" > conditions </wordcount>
    <wordcount weight="7" > temperatures </wordcount>
    <wordcount weight="7" > much </wordcount>
    <wordcount weight="6" > determine </wordcount>
    <wordcount weight="6" > per </wordcount>
    <wordcount weight="6" > former </wordcount>
    <wordcount weight="6" > there </wordcount>
    <wordcount weight="6" > sheath </wordcount>
    <wordcount weight="6" > measurement </wordcount>
    <wordcount weight="6" > central </wordcount>
    <wordcount weight="6" > responded </wordcount>
    <wordcount weight="6" > factors </wordcount>
    <wordcount weight="6" > miscellaneous </wordcount>
    <wordcount weight="6" > university </wordcount>
    <wordcount weight="6" > important </wordcount>
    <wordcount weight="6" > based </wordcount>
    <wordcount weight="6" > location </wordcount>
    <wordcount weight="6" > though </wordcount>
    <wordcount weight="6" > placed </wordcount>
    <wordcount weight="6" > well </wordcount>
    <wordcount weight="6" > significantly </wordcount>
    <wordcount weight="6" > research </wordcount>
    <wordcount weight="6" > nearly </wordcount>
    <wordcount weight="6" > exception </wordcount>
    <wordcount weight="6" > expanded </wordcount>
    <wordcount weight="6" > randomized </wordcount>
    <wordcount weight="6" > experimental </wordcount>
    <wordcount weight="6" > apomixis </wordcount>
    <wordcount weight="6" > native </wordcount>
    <wordcount weight="6" > made </wordcount>
    <wordcount weight="6" > continued </wordcount>
    <wordcount weight="6" > figure </wordcount>
    <wordcount weight="6" > variable </wordcount>
    <wordcount weight="6" > mentioned </wordcount>
    <wordcount weight="6" > ramets </wordcount>
    <wordcount weight="6" > readily </wordcount>
    <wordcount weight="6" > cm </wordcount>
    <wordcount weight="6" > rolling </wordcount>
    <wordcount weight="6" > interval </wordcount>
    <wordcount weight="6" > produce </wordcount>
    <wordcount weight="6" > given </wordcount>
    <wordcount weight="6" > through </wordcount>
    <wordcount weight="6" > locations </wordcount>
    <wordcount weight="6" > ranged </wordcount>
    <wordcount weight="6" > little </wordcount>
    <wordcount weight="5" > h </wordcount>
    <wordcount weight="5" > upland </wordcount>
    <wordcount weight="5" > containing </wordcount>
    <wordcount weight="5" > ecotypes </wordcount>
    <wordcount weight="5" > grenville </wordcount>
    <wordcount weight="5" > univ </wordcount>
    <wordcount weight="5" > moisture </wordcount>
    <wordcount weight="5" > establishment </wordcount>
    <wordcount weight="5" > differently </wordcount>
    <wordcount weight="5" > apparently </wordcount>
    <wordcount weight="5" > competitive </wordcount>
    <wordcount weight="5" > failed </wordcount>
    <wordcount weight="5" > mechanisms </wordcount>
    <wordcount weight="5" > junction </wordcount>
    <wordcount weight="5" > bunch </wordcount>
    <wordcount weight="5" > ulysses </wordcount>
    <wordcount weight="5" > additional </wordcount>
    <wordcount weight="5" > shorter </wordcount>
    <wordcount weight="5" > readings </wordcount>
    <wordcount weight="5" > appear </wordcount>
    <wordcount weight="5" > descriptive </wordcount>
    <wordcount weight="5" > result </wordcount>
    <wordcount weight="5" > initial </wordcount>
    <wordcount weight="5" > breeding </wordcount>
    <wordcount weight="5" > used </wordcount>
    <wordcount weight="5" > climatic </wordcount>
    <wordcount weight="5" > sterling </wordcount>
    <wordcount weight="5" > precipitation </wordcount>
    <wordcount weight="5" > selfed </wordcount>
    <wordcount weight="5" > hereditas </wordcount>
    <wordcount weight="5" > quite </wordcount>
    <wordcount weight="5" > sufficient </wordcount>
    <wordcount weight="5" > few </wordcount>
    <wordcount weight="5" > highly </wordcount>
    <wordcount weight="5" > resistance </wordcount>
    <wordcount weight="5" > genoa </wordcount>
    <wordcount weight="5" > requirement </wordcount>
    <wordcount weight="5" > heritability </wordcount>
    <wordcount weight="5" > greenhouse </wordcount>
    <wordcount weight="5" > included </wordcount>
    <wordcount weight="5" > natural </wordcount>
    <wordcount weight="5" > where </wordcount>
    <wordcount weight="5" > less </wordcount>
    <wordcount weight="5" > upon </wordcount>
    <wordcount weight="5" > full </wordcount>
    <wordcount weight="5" > august </wordcount>
    <wordcount weight="5" > times </wordcount>
    <wordcount weight="5" > five </wordcount>
    <wordcount weight="5" > united </wordcount>
    <wordcount weight="5" > homozygosity </wordcount>
    <wordcount weight="5" > set </wordcount>
    <wordcount weight="5" > over </wordcount>
    <wordcount weight="5" > distinctive </wordcount>
    <wordcount weight="5" > replication </wordcount>
    <wordcount weight="5" > type </wordcount>
    <wordcount weight="5" > lengths </wordcount>
    <wordcount weight="5" > transplanted </wordcount>
    <wordcount weight="5" > approximately </wordcount>
    <wordcount weight="5" > states </wordcount>
    <wordcount weight="5" > coefficient </wordcount>
    <wordcount weight="5" > c </wordcount>
    <wordcount weight="5" > strong </wordcount>
    <wordcount weight="5" > close </wordcount>
    <wordcount weight="4" > later </wordcount>
    <wordcount weight="4" > iowa </wordcount>
    <wordcount weight="4" > e </wordcount>
    <wordcount weight="4" > they </wordcount>
    <wordcount weight="4" > american </wordcount>
    <wordcount weight="4" > completely </wordcount>
    <wordcount weight="4" > organic </wordcount>
    <wordcount weight="4" > pasture </wordcount>
    <wordcount weight="4" > sequential </wordcount>
    <wordcount weight="4" > last </wordcount>
    <wordcount weight="4" > date </wordcount>
    <wordcount weight="4" > discrete </wordcount>
    <wordcount weight="4" > system </wordcount>
    <wordcount weight="4" > east </wordcount>
    <wordcount weight="4" > pub </wordcount>
    <wordcount weight="4" > vol </wordcount>
    <wordcount weight="4" > exist </wordcount>
    <wordcount weight="4" > thus </wordcount>
    <wordcount weight="4" > relationships </wordcount>
    <wordcount weight="4" > g </wordcount>
    <wordcount weight="4" > races </wordcount>
    <wordcount weight="4" > plotted </wordcount>
    <wordcount weight="4" > rather </wordcount>
    <wordcount weight="4" > basic </wordcount>
    <wordcount weight="4" > determining </wordcount>
    <wordcount weight="4" > selected </wordcount>
    <wordcount weight="4" > intensive </wordcount>
    <wordcount weight="4" > recombination </wordcount>
    <wordcount weight="4" > fig </wordcount>
    <wordcount weight="4" > substantiation </wordcount>
    <wordcount weight="4" > produced </wordcount>
    <wordcount weight="4" > intensity </wordcount>
    <wordcount weight="4" > method </wordcount>
    <wordcount weight="4" > influenced </wordcount>
    <wordcount weight="4" > almost </wordcount>
    <wordcount weight="4" > related </wordcount>
    <wordcount weight="4" > texture </wordcount>
    <wordcount weight="4" > viable </wordcount>
    <wordcount weight="4" > stage </wordcount>
    <wordcount weight="4" > matter </wordcount>
    <wordcount weight="4" > indicative </wordcount>
    <wordcount weight="4" > above </wordcount>
    <wordcount weight="4" > about </wordcount>
    <wordcount weight="4" > reference </wordcount>
    <wordcount weight="4" > selective </wordcount>
    <wordcount weight="4" > noted </wordcount>
    <wordcount weight="4" > fact </wordcount>
    <wordcount weight="4" > intraspecific </wordcount>
    <wordcount weight="4" > occurrence </wordcount>
    <wordcount weight="4" > mountainous </wordcount>
    <wordcount weight="4" > disturbed </wordcount>
    <wordcount weight="4" > surfaces </wordcount>
    <wordcount weight="4" > v </wordcount>
    <wordcount weight="4" > present </wordcount>
    <wordcount weight="4" > existing </wordcount>
    <wordcount weight="4" > heywood </wordcount>
    <wordcount weight="4" > decumbent </wordcount>
    <wordcount weight="4" > previously </wordcount>
    <wordcount weight="4" > increase </wordcount>
    <wordcount weight="4" > grassland </wordcount>
    <wordcount weight="4" > previous </wordcount>
    <wordcount weight="4" > dep </wordcount>
    <wordcount weight="4" > individual </wordcount>
    <wordcount weight="4" > indicate </wordcount>
    <wordcount weight="4" > summer </wordcount>
    <wordcount weight="4" > sporobolus </wordcount>
    <wordcount weight="4" > leaves </wordcount>
    <wordcount weight="4" > become </wordcount>
    <wordcount weight="4" > effect </wordcount>
    <wordcount weight="4" > adaptive </wordcount>
    <wordcount weight="4" > widely </wordcount>
    <wordcount weight="4" > farm </wordcount>
    <wordcount weight="4" > respect </wordcount>
    <wordcount weight="4" > primarily </wordcount>
    <wordcount weight="4" > widths </wordcount>
    <wordcount weight="4" > methods </wordcount>
    <wordcount weight="4" > quantitative </wordcount>
    <wordcount weight="4" > anthesis </wordcount>
    <wordcount weight="4" > springfield </wordcount>
    <wordcount weight="4" > panicles </wordcount>
    <wordcount weight="4" > known </wordcount>
    <wordcount weight="4" > grazing </wordcount>
    <wordcount weight="4" > cryptandrus </wordcount>
    <wordcount weight="4" > utilized </wordcount>
    <wordcount weight="4" > notable </wordcount>
    <wordcount weight="4" > distribution </wordcount>
    <wordcount weight="4" > original </wordcount>
    <wordcount weight="4" > information </wordcount>
    <wordcount weight="4" > inbreeding </wordcount>
    <wordcount weight="4" > regular </wordcount>
    <wordcount weight="4" > substantiated </wordcount>
    <wordcount weight="4" > occur </wordcount>
    <wordcount weight="3" > rate </wordcount>
    <wordcount weight="3" > fineness </wordcount>
    <wordcount weight="3" > common </wordcount>
    <wordcount weight="3" > if </wordcount>
    <wordcount weight="3" > fractions </wordcount>
    <wordcount weight="3" > eliminated </wordcount>
    <wordcount weight="3" > originating </wordcount>
    <wordcount weight="3" > distributed </wordcount>
    <wordcount weight="3" > use </wordcount>
    <wordcount weight="3" > tend </wordcount>
    <wordcount weight="3" > formed </wordcount>
    <wordcount weight="3" > culm </wordcount>
    <wordcount weight="3" > diversity </wordcount>
    <wordcount weight="3" > file </wordcount>
    <wordcount weight="3" > every </wordcount>
    <wordcount weight="3" > available </wordcount>
    <wordcount weight="3" > coarseness </wordcount>
    <wordcount weight="3" > producing </wordcount>
    <wordcount weight="3" > studied </wordcount>
    <wordcount weight="3" > carnegie </wordcount>
    <wordcount weight="3" > sandhills </wordcount>
    <wordcount weight="3" > genotypic </wordcount>
    <wordcount weight="3" > occasional </wordcount>
    <wordcount weight="3" > depending </wordcount>
    <wordcount weight="3" > corresponded </wordcount>
    <wordcount weight="3" > america </wordcount>
    <wordcount weight="3" > determined </wordcount>
    <wordcount weight="3" > illustrate </wordcount>
    <wordcount weight="3" > october </wordcount>
    <wordcount weight="3" > obvious </wordcount>
    <wordcount weight="3" > disadvantage </wordcount>
    <wordcount weight="3" > point </wordcount>
    <wordcount weight="3" > x </wordcount>
    <wordcount weight="3" > along </wordcount>
    <wordcount weight="3" > altitudes </wordcount>
    <wordcount weight="3" > phase </wordcount>
    <wordcount weight="3" > includes </wordcount>
    <wordcount weight="3" > mm </wordcount>
    <wordcount weight="3" > calculated </wordcount>
    <wordcount weight="3" > september </wordcount>
    <wordcount weight="3" > relatively </wordcount>
    <wordcount weight="3" > basal </wordcount>
    <wordcount weight="3" > z </wordcount>
    <wordcount weight="3" > rank </wordcount>
    <wordcount weight="3" > bay </wordcount>
    <wordcount weight="3" > six </wordcount>
    <wordcount weight="3" > photoperiod </wordcount>
    <wordcount weight="3" > operative </wordcount>
    <wordcount weight="3" > roadside </wordcount>
    <wordcount weight="3" > recognized </wordcount>
    <wordcount weight="3" > bull </wordcount>
    <wordcount weight="3" > l </wordcount>
    <wordcount weight="3" > remain </wordcount>
    <wordcount weight="3" > square </wordcount>
    <wordcount weight="3" > highway </wordcount>
    <wordcount weight="3" > support </wordcount>
    <wordcount weight="3" > wash </wordcount>
    <wordcount weight="3" > means </wordcount>
    <wordcount weight="3" > reason </wordcount>
    <wordcount weight="3" > statistical </wordcount>
    <wordcount weight="3" > hiesey </wordcount>
    <wordcount weight="3" > statement </wordcount>
    <wordcount weight="3" > prairie </wordcount>
    <wordcount weight="3" > character </wordcount>
    <wordcount weight="3" > plot </wordcount>
    <wordcount weight="3" > out </wordcount>
    <wordcount weight="3" > attained </wordcount>
    <wordcount weight="3" > late </wordcount>
    <wordcount weight="3" > oklahoma </wordcount>
    <wordcount weight="3" > recently </wordcount>
    <wordcount weight="3" > inches </wordcount>
    <wordcount weight="3" > near </wordcount>
    <wordcount weight="3" > rocks </wordcount>
    <wordcount weight="3" > knowledge </wordcount>
    <wordcount weight="3" > place </wordcount>
    <wordcount weight="3" > presented </wordcount>
    <wordcount weight="3" > rutgers </wordcount>
    <wordcount weight="3" > frosts </wordcount>
    <wordcount weight="3" > inst </wordcount>
    <wordcount weight="3" > june </wordcount>
    <wordcount weight="3" > portions </wordcount>
    <wordcount weight="3" > tended </wordcount>
    <wordcount weight="3" > generally </wordcount>
    <wordcount weight="3" > correspondence </wordcount>
    <wordcount weight="3" > provided </wordcount>
    <wordcount weight="3" > f </wordcount>
    <wordcount weight="3" > portion </wordcount>
    <wordcount weight="3" > morphology </wordcount>
    <wordcount weight="3" > variety </wordcount>
    <wordcount weight="3" > visually </wordcount>
    <wordcount weight="3" > comments </wordcount>
    <wordcount weight="3" > single </wordcount>
    <wordcount weight="3" > percentage </wordcount>
    <wordcount weight="3" > communities </wordcount>
    <wordcount weight="3" > us </wordcount>
    <wordcount weight="3" > favorable </wordcount>
    <wordcount weight="3" > department </wordcount>
    <wordcount weight="3" > prematurely </wordcount>
    <wordcount weight="3" > units </wordcount>
    <wordcount weight="3" > name </wordcount>
    <wordcount weight="3" > law </wordcount>
    <wordcount weight="3" > averages </wordcount>
    <wordcount weight="3" > longer </wordcount>
    <wordcount weight="3" > considerable </wordcount>
    <wordcount weight="3" > discussed </wordcount>
    <wordcount weight="3" > forms </wordcount>
    <wordcount weight="3" > ground </wordcount>
    <wordcount weight="3" > vertical </wordcount>
    <wordcount weight="3" > ecology </wordcount>
    <wordcount weight="3" > elevation </wordcount>
    <wordcount weight="3" > demonstrated </wordcount>
    <wordcount weight="3" > observable </wordcount>
    <wordcount weight="3" > lake </wordcount>
    <wordcount weight="3" > samples </wordcount>
    <wordcount weight="3" > entirely </wordcount>
    <wordcount weight="3" > factor </wordcount>
    <wordcount weight="3" > numerous </wordcount>
    <wordcount weight="3" > authors </wordcount>
    <wordcount weight="3" > so </wordcount>
    <wordcount weight="3" > especially </wordcount>
    <wordcount weight="3" > availability </wordcount>
    <wordcount weight="3" > slightly </wordcount>
    <wordcount weight="3" > southwest </wordcount>
    <wordcount weight="3" > figures </wordcount>
    <wordcount weight="3" > occupied </wordcount>
    <wordcount weight="3" > seasons </wordcount>
    <wordcount weight="3" > shoot </wordcount>
    <wordcount weight="3" > tentative </wordcount>
    <wordcount weight="3" > shortest </wordcount>
    <wordcount weight="3" > consistency </wordcount>
    <wordcount weight="3" > strongly </wordcount>
    <wordcount weight="3" > regularly </wordcount>
    <wordcount weight="3" > heavy </wordcount>
    <wordcount weight="3" > then </wordcount>
    <wordcount weight="3" > following </wordcount>
    <wordcount weight="3" > keck </wordcount>
    <wordcount weight="3" > peat </wordcount>
    <wordcount weight="3" > here </wordcount>
    <wordcount weight="3" > control </wordcount>
    <wordcount weight="3" > ph </wordcount>
    <wordcount weight="3" > differed </wordcount>
    <wordcount weight="3" > past </wordcount>
    <wordcount weight="3" > climate </wordcount>
    <wordcount weight="3" > uppermost </wordcount>
    <wordcount weight="3" > noticeable </wordcount>
    <wordcount weight="3" > agricultural </wordcount>
    <wordcount weight="3" > adaptation </wordcount>
    <wordcount weight="3" > early </wordcount>
    <wordcount weight="3" > varieties </wordcount>
    <wordcount weight="3" > aggregate </wordcount>
    <wordcount weight="3" > slopes </wordcount>
    <wordcount weight="3" > measure </wordcount>
    <wordcount weight="3" > divided </wordcount>
    <wordcount weight="3" > exserted </wordcount>
    <wordcount weight="3" > national </wordcount>
    <wordcount weight="3" > temperature </wordcount>
    <wordcount weight="3" > gravel </wordcount>
    <wordcount weight="3" > comparison </wordcount>
    <wordcount weight="3" > potential </wordcount>
    <wordcount weight="3" > anova </wordcount>
    <wordcount weight="3" > valley </wordcount>
    <wordcount weight="3" > immediately </wordcount>
    <wordcount weight="3" > recent </wordcount>
    <wordcount weight="3" > row </wordcount>
    <wordcount weight="2" > difficult </wordcount>
    <wordcount weight="2" > does </wordcount>
    <wordcount weight="2" > o </wordcount>
    <wordcount weight="2" > phenotypic </wordcount>
    <wordcount weight="2" > limits </wordcount>
    <wordcount weight="2" > correlations </wordcount>
    <wordcount weight="2" > enclosing </wordcount>
    <wordcount weight="2" > introduction </wordcount>
    <wordcount weight="2" > flowering </wordcount>
    <wordcount weight="2" > easily </wordcount>
    <wordcount weight="2" > history </wordcount>
    <wordcount weight="2" > total </wordcount>
    <wordcount weight="2" > pots </wordcount>
    <wordcount weight="2" > absence </wordcount>
    <wordcount weight="2" > according </wordcount>
    <wordcount weight="2" > fluctuations </wordcount>
    <wordcount weight="2" > consistent </wordcount>
    <wordcount weight="2" > preceding </wordcount>
    <wordcount weight="2" > selfing </wordcount>
    <wordcount weight="2" > originally </wordcount>
    <wordcount weight="2" > ii </wordcount>
    <wordcount weight="2" > fenced </wordcount>
    <wordcount weight="2" > progression </wordcount>
    <wordcount weight="2" > principles </wordcount>
    <wordcount weight="2" > advantage </wordcount>
    <wordcount weight="2" > estimation </wordcount>
    <wordcount weight="2" > relations </wordcount>
    <wordcount weight="2" > infection </wordcount>
    <wordcount weight="2" > similarities </wordcount>
    <wordcount weight="2" > dissemination </wordcount>
    <wordcount weight="2" > abbreviated </wordcount>
    <wordcount weight="2" > crowley </wordcount>
    <wordcount weight="2" > primary </wordcount>
    <wordcount weight="2" > design </wordcount>
    <wordcount weight="2" > lodging </wordcount>
    <wordcount weight="2" > except </wordcount>
    <wordcount weight="2" > cited </wordcount>
    <wordcount weight="2" > clipped </wordcount>
    <wordcount weight="2" > behavior </wordcount>
    <wordcount weight="2" > throughout </wordcount>
    <wordcount weight="2" > against </wordcount>
    <wordcount weight="2" > silty </wordcount>
    <wordcount weight="2" > author </wordcount>
    <wordcount weight="2" > occurs </wordcount>
    <wordcount weight="2" > vegetative </wordcount>
    <wordcount weight="2" > drainage </wordcount>
    <wordcount weight="2" > distinct </wordcount>
    <wordcount weight="2" > fair </wordcount>
    <wordcount weight="2" > handbook </wordcount>
    <wordcount weight="2" > storage </wordcount>
    <wordcount weight="2" > rates </wordcount>
    <wordcount weight="2" > mechanism </wordcount>
    <wordcount weight="2" > natur </wordcount>
    <wordcount weight="2" > augusttime </wordcount>
    <wordcount weight="2" > his </wordcount>
    <wordcount weight="2" > subjected </wordcount>
    <wordcount weight="2" > harrington </wordcount>
    <wordcount weight="2" > cleaned </wordcount>
    <wordcount weight="2" > across </wordcount>
    <wordcount weight="2" > taxonomy </wordcount>
    <wordcount weight="2" > dry </wordcount>
    <wordcount weight="2" > how </wordcount>
    <wordcount weight="2" > unit </wordcount>
    <wordcount weight="2" > elongation </wordcount>
    <wordcount weight="2" > presentation </wordcount>
    <wordcount weight="2" > killing </wordcount>
    <wordcount weight="2" > opportunity </wordcount>
    <wordcount weight="2" > emery </wordcount>
    <wordcount weight="2" > derived </wordcount>
    <wordcount weight="2" > assuming </wordcount>
    <wordcount weight="2" > matched </wordcount>
    <wordcount weight="2" > enabled </wordcount>
    <wordcount weight="2" > govern </wordcount>
    <wordcount weight="2" > discernible </wordcount>
    <wordcount weight="2" > anthers </wordcount>
    <wordcount weight="2" > proved </wordcount>
    <wordcount weight="2" > days </wordcount>
    <wordcount weight="2" > weather </wordcount>
    <wordcount weight="2" > stubble </wordcount>
    <wordcount weight="2" > jersey </wordcount>
    <wordcount weight="2" > listed </wordcount>
    <wordcount weight="2" > efficient </wordcount>
    <wordcount weight="2" > definite </wordcount>
    <wordcount weight="2" > occurred </wordcount>
    <wordcount weight="2" > base </wordcount>
    <wordcount weight="2" > representative </wordcount>
    <wordcount weight="2" > block </wordcount>
    <wordcount weight="2" > prechill </wordcount>
    <wordcount weight="2" > acknowledgements </wordcount>
    <wordcount weight="2" > failure </wordcount>
    <wordcount weight="2" > line </wordcount>
    <wordcount weight="2" > literature </wordcount>
    <wordcount weight="2" > whole </wordcount>
    <wordcount weight="2" > year </wordcount>
    <wordcount weight="2" > consistently </wordcount>
    <wordcount weight="2" > fail </wordcount>
    <wordcount weight="2" > shoots </wordcount>
    <wordcount weight="2" > postulated </wordcount>
    <wordcount weight="2" > contains </wordcount>
    <wordcount weight="2" > records </wordcount>
    <wordcount weight="2" > work </wordcount>
    <wordcount weight="2" > rows </wordcount>
    <wordcount weight="2" > winter </wordcount>
    <wordcount weight="2" > surrounding </wordcount>
    <wordcount weight="2" > turesson </wordcount>
    <wordcount weight="2" > graduate </wordcount>
    <wordcount weight="2" > weeks </wordcount>
    <wordcount weight="2" > good </wordcount>
    <wordcount weight="2" > below </wordcount>
    <wordcount weight="2" > constituent </wordcount>
    <wordcount weight="2" > unexpected </wordcount>
    <wordcount weight="2" > next </wordcount>
    <wordcount weight="2" > small </wordcount>
    <wordcount weight="2" > grams </wordcount>
    <wordcount weight="2" > vation </wordcount>
    <wordcount weight="2" > texas </wordcount>
    <wordcount weight="2" > differing </wordcount>
    <wordcount weight="2" > seeds </wordcount>
    <wordcount weight="2" > annual </wordcount>
    <wordcount weight="2" > gould </wordcount>
    <wordcount weight="2" > environmentally </wordcount>
    <wordcount weight="2" > cycle </wordcount>
    <wordcount weight="2" > leveled </wordcount>
    <wordcount weight="2" > converge </wordcount>
    <wordcount weight="2" > partially </wordcount>
    <wordcount weight="2" > minor </wordcount>
    <wordcount weight="2" > short </wordcount>
    <wordcount weight="2" > july </wordcount>
    <wordcount weight="2" > poncha </wordcount>
    <wordcount weight="2" > extremely </wordcount>
    <wordcount weight="2" > perennial </wordcount>
    <wordcount weight="2" > herbarium </wordcount>
    <wordcount weight="2" > yet </wordcount>
    <wordcount weight="2" > interpretation </wordcount>
    <wordcount weight="2" > serve </wordcount>
    <wordcount weight="2" > soon </wordcount>
    <wordcount weight="2" > restricted </wordcount>
    <wordcount weight="2" > latitude </wordcount>
    <wordcount weight="2" > specimens </wordcount>
    <wordcount weight="2" > falls </wordcount>
    <wordcount weight="2" > watson </wordcount>
    <wordcount weight="2" > clipping </wordcount>
    <wordcount weight="2" > toward </wordcount>
    <wordcount weight="2" > again </wordcount>
    <wordcount weight="2" > pointed </wordcount>
    <wordcount weight="2" > many </wordcount>
    <wordcount weight="2" > efforts </wordcount>
    <wordcount weight="2" > striking </wordcount>
    <wordcount weight="2" > utilizing </wordcount>
    <wordcount weight="2" > frost </wordcount>
    <wordcount weight="2" > layer </wordcount>
    <wordcount weight="2" > mcmillan </wordcount>
    <wordcount weight="2" > do </wordcount>
    <wordcount weight="2" > ecotype </wordcount>
    <wordcount weight="2" > accepted </wordcount>
    <wordcount weight="2" > material </wordcount>
    <wordcount weight="2" > colony </wordcount>
    <wordcount weight="2" > thoroughly </wordcount>
    <wordcount weight="2" > local </wordcount>
    <wordcount weight="2" > transferred </wordcount>
    <wordcount weight="2" > greatest </wordcount>
    <wordcount weight="2" > discussion </wordcount>
    <wordcount weight="2" > expand </wordcount>
    <wordcount weight="2" > varying </wordcount>
    <wordcount weight="2" > expression </wordcount>
    <wordcount weight="2" > ecophenic </wordcount>
    <wordcount weight="2" > angle </wordcount>
    <wordcount weight="2" > elename </wordcount>
    <wordcount weight="2" > individuals </wordcount>
    <wordcount weight="2" > described </wordcount>
    <wordcount weight="2" > open </wordcount>
    <wordcount weight="2" > maintenance </wordcount>
    <wordcount weight="2" > watered </wordcount>
    <wordcount weight="2" > allowed </wordcount>
    <wordcount weight="2" > helpful </wordcount>
    <wordcount weight="2" > function </wordcount>
    <wordcount weight="2" > curve </wordcount>
    <wordcount weight="2" > mexico </wordcount>
    <wordcount weight="2" > earlier </wordcount>
    <wordcount weight="2" > abundant </wordcount>
    <wordcount weight="2" > segment </wordcount>
    <wordcount weight="2" > successful </wordcount>
    <wordcount weight="2" > narrow </wordcount>
    <wordcount weight="2" > land </wordcount>
    <wordcount weight="2" > respectively </wordcount>
    <wordcount weight="2" > concluded </wordcount>
    <wordcount weight="2" > indication </wordcount>
    <wordcount weight="2" > modification </wordcount>
    <wordcount weight="2" > involving </wordcount>
    <wordcount weight="2" > sometimes </wordcount>
    <wordcount weight="2" > usually </wordcount>
    <wordcount weight="2" > altitude </wordcount>
    <wordcount weight="2" > sporoboleae </wordcount>
    <wordcount weight="2" > plastic </wordcount>
    <wordcount weight="2" > ecol </wordcount>
    <wordcount weight="2" > who </wordcount>
    <wordcount weight="2" > dissimilarity </wordcount>
    <wordcount weight="2" > remaining </wordcount>
    <wordcount weight="2" > fields </wordcount>
    <wordcount weight="2" > months </wordcount>
    <wordcount weight="2" > suggestions </wordcount>
    <wordcount weight="2" > grazed </wordcount>
    <wordcount weight="2" > constant </wordcount>
    <wordcount weight="2" > manual </wordcount>
    <wordcount weight="2" > extensive </wordcount>
    <wordcount weight="2" > pollination </wordcount>
    <wordcount weight="2" > besides </wordcount>
    <wordcount weight="2" > rocky </wordcount>
    <wordcount weight="2" > quickly </wordcount>
    <wordcount weight="2" > ecologic </wordcount>
    <wordcount weight="2" > colonization </wordcount>
    <wordcount weight="2" > monthly </wordcount>
    <wordcount weight="2" > expanding </wordcount>
    <wordcount weight="2" > best </wordcount>
    <wordcount weight="2" > ramet </wordcount>
    <wordcount weight="2" > current </wordcount>
    <wordcount weight="2" > eventually </wordcount>
    <wordcount weight="2" > iii </wordcount>
    <wordcount weight="2" > munsell </wordcount>
    <wordcount weight="2" > associated </wordcount>
    <wordcount weight="2" > cultivation </wordcount>
    <wordcount weight="2" > section </wordcount>
    <wordcount weight="2" > alluvial </wordcount>
    <wordcount weight="2" > heads </wordcount>
    <wordcount weight="2" > completion </wordcount>
    <wordcount weight="2" > them </wordcount>
    <wordcount weight="2" > whether </wordcount>
    <wordcount weight="2" > rockies </wordcount>
    <wordcount weight="2" > form </wordcount>
    <wordcount weight="2" > imposed </wordcount>
    <wordcount weight="2" > xeric </wordcount>
    <wordcount weight="2" > tip </wordcount>
    <wordcount weight="2" > suggests </wordcount>
    <wordcount weight="2" > vigor </wordcount>
    <wordcount weight="2" > middle </wordcount>
    <wordcount weight="2" > gradation </wordcount>
    <wordcount weight="2" > entire </wordcount>
    <wordcount weight="2" > develop </wordcount>
    <wordcount weight="2" > role </wordcount>
    <wordcount weight="2" > variability </wordcount>
    <wordcount weight="2" > botany </wordcount>
    <wordcount weight="2" > varied </wordcount>
    <wordcount weight="2" > our </wordcount>
    <wordcount weight="2" > copies </wordcount>
    <wordcount weight="2" > illinois </wordcount>
    <wordcount weight="2" > mode </wordcount>
    <wordcount weight="2" > correlated </wordcount>
    <wordcount weight="2" > need </wordcount>
    <wordcount weight="2" > discernable </wordcount>
    <wordcount weight="2" > smaller </wordcount>
    <wordcount weight="2" > off </wordcount>
    <wordcount weight="2" > measured </wordcount>
    <wordcount weight="2" > internodes </wordcount>
    <wordcount weight="2" > observation </wordcount>
    <wordcount weight="2" > supported </wordcount>
    <wordcount weight="2" > consisted </wordcount>
    <wordcount weight="2" > vary </wordcount>
    <wordcount weight="2" > abandoned </wordcount>
    <wordcount weight="2" > comparable </wordcount>
    <wordcount weight="2" > southeastern </wordcount>
    <wordcount weight="2" > major </wordcount>
    <wordcount weight="1" > sa </wordcount>
    <wordcount weight="1" > redlands </wordcount>
    <wordcount weight="1" > exhibiting </wordcount>
    <wordcount weight="1" > productiona </wordcount>
    <wordcount weight="1" > ield </wordcount>
    <wordcount weight="1" > mostly </wordcount>
    <wordcount weight="1" > ramnet </wordcount>
    <wordcount weight="1" > narrowest </wordcount>
    <wordcount weight="1" > overgrazing </wordcount>
    <wordcount weight="1" > horizontal </wordcount>
    <wordcount weight="1" > estimated </wordcount>
    <wordcount weight="1" > concerned </wordcount>
    <wordcount weight="1" > rev </wordcount>
    <wordcount weight="1" > tion </wordcount>
    <wordcount weight="1" > represent </wordcount>
    <wordcount weight="1" > extreme </wordcount>
    <wordcount weight="1" > introductions </wordcount>
    <wordcount weight="1" > college </wordcount>
    <wordcount weight="1" > alone </wordcount>
    <wordcount weight="1" > mountains </wordcount>
    <wordcount weight="1" > group </wordcount>
    <wordcount weight="1" > reflection </wordcount>
    <wordcount weight="1" > needed </wordcount>
    <wordcount weight="1" > complex </wordcount>
    <wordcount weight="1" > moss </wordcount>
    <wordcount weight="1" > he </wordcount>
    <wordcount weight="1" > inch </wordcount>
    <wordcount weight="1" > true </wordcount>
    <wordcount weight="1" > seedlings </wordcount>
    <wordcount weight="1" > progenv </wordcount>
    <wordcount weight="1" > park </wordcount>
    <wordcount weight="1" > photoperiodic </wordcount>
    <wordcount weight="1" > foliage </wordcount>
    <wordcount weight="1" > assumption </wordcount>
    <wordcount weight="1" > conclusive </wordcount>
    <wordcount weight="1" > grasslands </wordcount>
    <wordcount weight="1" > protection </wordcount>
    <wordcount weight="1" > western </wordcount>
    <wordcount weight="1" > necessarily </wordcount>
    <wordcount weight="1" > tillering </wordcount>
    <wordcount weight="1" > presents </wordcount>
    <wordcount weight="1" > silted </wordcount>
    <wordcount weight="1" > variants </wordcount>
    <wordcount weight="1" > apiece </wordcount>
    <wordcount weight="1" > steeply </wordcount>
    <wordcount weight="1" > exceptions </wordcount>
    <wordcount weight="1" > cocksfoot </wordcount>
    <wordcount weight="1" > nineteenth </wordcount>
    <wordcount weight="1" > assume </wordcount>
    <wordcount weight="1" > migration </wordcount>
    <wordcount weight="1" > source </wordcount>
    <wordcount weight="1" > turning </wordcount>
    <wordcount weight="1" > leads </wordcount>
    <wordcount weight="1" > being </wordcount>
    <wordcount weight="1" > said </wordcount>
    <wordcount weight="1" > productionb </wordcount>
    <wordcount weight="1" > permanence </wordcount>
    <wordcount weight="1" > sources </wordcount>
    <wordcount weight="1" > davis </wordcount>
    <wordcount weight="1" > distinguishing </wordcount>
    <wordcount weight="1" > exclusive </wordcount>
    <wordcount weight="1" > adaptable </wordcount>
    <wordcount weight="1" > colors </wordcount>
    <wordcount weight="1" > stults </wordcount>
    <wordcount weight="1" > archer </wordcount>
    <wordcount weight="1" > emerged </wordcount>
    <wordcount weight="1" > knowing </wordcount>
    <wordcount weight="1" > experiments </wordcount>
    <wordcount weight="1" > strip </wordcount>
    <wordcount weight="1" > hitchcock </wordcount>
    <wordcount weight="1" > layout </wordcount>
    <wordcount weight="1" > comparatively </wordcount>
    <wordcount weight="1" > undisturbed </wordcount>
    <wordcount weight="1" > growingwinter </wordcount>
    <wordcount weight="1" > reach </wordcount>
    <wordcount weight="1" > genecologic </wordcount>
    <wordcount weight="1" > germinators </wordcount>
    <wordcount weight="1" > latitudes </wordcount>
    <wordcount weight="1" > broken </wordcount>
    <wordcount weight="1" > together </wordcount>
    <wordcount weight="1" > great </wordcount>
    <wordcount weight="1" > reasons </wordcount>
    <wordcount weight="1" > inbreeder </wordcount>
    <wordcount weight="1" > indifferent </wordcount>
    <wordcount weight="1" > spaced </wordcount>
    <wordcount weight="1" > approximnating </wordcount>
    <wordcount weight="1" > gregor </wordcount>
    <wordcount weight="1" > able </wordcount>
    <wordcount weight="1" > government </wordcount>
    <wordcount weight="1" > rzj </wordcount>
    <wordcount weight="1" > closer </wordcount>
    <wordcount weight="1" > characterizing </wordcount>
    <wordcount weight="1" > room </wordcount>
    <wordcount weight="1" > locality </wordcount>
    <wordcount weight="1" > survey </wordcount>
    <wordcount weight="1" > yearbook </wordcount>
    <wordcount weight="1" > feature </wordcount>
    <wordcount weight="1" > consist </wordcount>
    <wordcount weight="1" > miles </wordcount>
    <wordcount weight="1" > influences </wordcount>
    <wordcount weight="1" > concepts </wordcount>
    <wordcount weight="1" > normal </wordcount>
    <wordcount weight="1" > reading </wordcount>
    <wordcount weight="1" > unravels </wordcount>
    <wordcount weight="1" > southclay </wordcount>
    <wordcount weight="1" > ary </wordcount>
    <wordcount weight="1" > agrostis </wordcount>
    <wordcount weight="1" > elucidating </wordcount>
    <wordcount weight="1" > moffat </wordcount>
    <wordcount weight="1" > contents </wordcount>
    <wordcount weight="1" > weighing </wordcount>
    <wordcount weight="1" > sq </wordcount>
    <wordcount weight="1" > selfpollination </wordcount>
    <wordcount weight="1" > depends </wordcount>
    <wordcount weight="1" > tillers </wordcount>
    <wordcount weight="1" > mounsandy </wordcount>
    <wordcount weight="1" > evaluation </wordcount>
    <wordcount weight="1" > side </wordcount>
    <wordcount weight="1" > existence </wordcount>
    <wordcount weight="1" > polymorphic </wordcount>
    <wordcount weight="1" > adaptability </wordcount>
    <wordcount weight="1" > planted </wordcount>
    <wordcount weight="1" > iv </wordcount>
    <wordcount weight="1" > wetted </wordcount>
    <wordcount weight="1" > agriculture </wordcount>
    <wordcount weight="1" > resumption </wordcount>
    <wordcount weight="1" > retain </wordcount>
    <wordcount weight="1" > gardens </wordcount>
    <wordcount weight="1" > occupying </wordcount>
    <wordcount weight="1" > prior </wordcount>
    <wordcount weight="1" > capable </wordcount>
    <wordcount weight="1" > marked </wordcount>
    <wordcount weight="1" > condition </wordcount>
    <wordcount weight="1" > denver </wordcount>
    <wordcount weight="1" > slight </wordcount>
    <wordcount weight="1" > pursue </wordcount>
    <wordcount weight="1" > irrigated </wordcount>
    <wordcount weight="1" > taking </wordcount>
    <wordcount weight="1" > combination </wordcount>
    <wordcount weight="1" > sheathing </wordcount>
    <wordcount weight="1" > acknowledgement </wordcount>
    <wordcount weight="1" > invader </wordcount>
    <wordcount weight="1" > complicating </wordcount>
    <wordcount weight="1" > controlled </wordcount>
    <wordcount weight="1" > migrationwinter </wordcount>
    <wordcount weight="1" > regarding </wordcount>
    <wordcount weight="1" > possessing </wordcount>
    <wordcount weight="1" > review </wordcount>
    <wordcount weight="1" > differential </wordcount>
    <wordcount weight="1" > surely </wordcount>
    <wordcount weight="1" > southwestern </wordcount>
    <wordcount weight="1" > blades </wordcount>
    <wordcount weight="1" > contrasted </wordcount>
    <wordcount weight="1" > pictures </wordcount>
    <wordcount weight="1" > estimating </wordcount>
    <wordcount weight="1" > definitely </wordcount>
    <wordcount weight="1" > havewinter </wordcount>
    <wordcount weight="1" > daylight </wordcount>
    <wordcount weight="1" > objective </wordcount>
    <wordcount weight="1" > genotype </wordcount>
    <wordcount weight="1" > center </wordcount>
    <wordcount weight="1" > occupancy </wordcount>
    <wordcount weight="1" > capped </wordcount>
    <wordcount weight="1" > uniformity </wordcount>
    <wordcount weight="1" > shatter </wordcount>
    <wordcount weight="1" > pig </wordcount>
    <wordcount weight="1" > sample </wordcount>
    <wordcount weight="1" > century </wordcount>
    <wordcount weight="1" > pammel </wordcount>
    <wordcount weight="1" > hieslv </wordcount>
    <wordcount weight="1" > adjustment </wordcount>
    <wordcount weight="1" > inflorescenees </wordcount>
    <wordcount weight="1" > teller </wordcount>
    <wordcount weight="1" > old </wordcount>
    <wordcount weight="1" > self </wordcount>
    <wordcount weight="1" > genes </wordcount>
    <wordcount weight="1" > document </wordcount>
    <wordcount weight="1" > thinned </wordcount>
    <wordcount weight="1" > amodal </wordcount>
    <wordcount weight="1" > uniformly </wordcount>
    <wordcount weight="1" > intensities </wordcount>
    <wordcount weight="1" > highest </wordcount>
    <wordcount weight="1" > young </wordcount>
    <wordcount weight="1" > suitable </wordcount>
    <wordcount weight="1" > estimate </wordcount>
    <wordcount weight="1" > thin </wordcount>
    <wordcount weight="1" > weight </wordcount>
    <wordcount weight="1" > y </wordcount>
    <wordcount weight="1" > drawn </wordcount>
    <wordcount weight="1" > details </wordcount>
    <wordcount weight="1" > tentatively </wordcount>
    <wordcount weight="1" > graded </wordcount>
    <wordcount weight="1" > sigmoidshaped </wordcount>
    <wordcount weight="1" > climates </wordcount>
    <wordcount weight="1" > cooperative </wordcount>
    <wordcount weight="1" > generation </wordcount>
    <wordcount weight="1" > dayton </wordcount>
    <wordcount weight="1" > bagged </wordcount>
    <wordcount weight="1" > influence </wordcount>
    <wordcount weight="1" > unused </wordcount>
    <wordcount weight="1" > selectively </wordcount>
    <wordcount weight="1" > ridge </wordcount>
    <wordcount weight="1" > surprisingly </wordcount>
    <wordcount weight="1" > talks </wordcount>
    <wordcount weight="1" > interesting </wordcount>
    <wordcount weight="1" > r </wordcount>
    <wordcount weight="1" > whose </wordcount>
    <wordcount weight="1" > reflects </wordcount>
    <wordcount weight="1" > upright </wordcount>
    <wordcount weight="1" > without </wordcount>
    <wordcount weight="1" > terminates </wordcount>
    <wordcount weight="1" > exact </wordcount>
    <wordcount weight="1" > act </wordcount>
    <wordcount weight="1" > bring </wordcount>
    <wordcount weight="1" > huerfano </wordcount>
    <wordcount weight="1" > grid </wordcount>
    <wordcount weight="1" > main </wordcount>
    <wordcount weight="1" > infestation </wordcount>
    <wordcount weight="1" > adapt </wordcount>
    <wordcount weight="1" > bonnier </wordcount>
    <wordcount weight="1" > longest </wordcount>
    <wordcount weight="1" > flory </wordcount>
    <wordcount weight="1" > demonstration </wordcount>
    <wordcount weight="1" > colleetions </wordcount>
    <wordcount weight="1" > represented </wordcount>
    <wordcount weight="1" > environments </wordcount>
    <wordcount weight="1" > parents </wordcount>
    <wordcount weight="1" > taller </wordcount>
    <wordcount weight="1" > theirwinter </wordcount>
    <wordcount weight="1" > eight </wordcount>
    <wordcount weight="1" > importance </wordcount>
    <wordcount weight="1" > contrib </wordcount>
    <wordcount weight="1" > parts </wordcount>
    <wordcount weight="1" > plots </wordcount>
    <wordcount weight="1" > contributions </wordcount>
    <wordcount weight="1" > andropogon </wordcount>
    <wordcount weight="1" > creek </wordcount>
    <wordcount weight="1" > clayton </wordcount>
    <wordcount weight="1" > distant </wordcount>
    <wordcount weight="1" > white </wordcount>
    <wordcount weight="1" > denuded </wordcount>
    <wordcount weight="1" > textural </wordcount>
    <wordcount weight="1" > clarification </wordcount>
    <wordcount weight="1" > sparsity </wordcount>
    <wordcount weight="1" > extremes </wordcount>
    <wordcount weight="1" > ocortez </wordcount>
    <wordcount weight="1" > normals </wordcount>
    <wordcount weight="1" > guides </wordcount>
    <wordcount weight="1" > lots </wordcount>
    <wordcount weight="1" > category </wordcount>
    <wordcount weight="1" > susceptibility </wordcount>
    <wordcount weight="1" > conformed </wordcount>
    <wordcount weight="1" > hairs </wordcount>
    <wordcount weight="1" > facilitated </wordcount>
    <wordcount weight="1" > panicoideae </wordcount>
    <wordcount weight="1" > flexibility </wordcount>
    <wordcount weight="1" > branch </wordcount>
    <wordcount weight="1" > sum </wordcount>
    <wordcount weight="1" > just </wordcount>
    <wordcount weight="1" > air </wordcount>
    <wordcount weight="1" > desirability </wordcount>
    <wordcount weight="1" > northeastern </wordcount>
    <wordcount weight="1" > reasonably </wordcount>
    <wordcount weight="1" > solid </wordcount>
    <wordcount weight="1" > situations </wordcount>
    <wordcount weight="1" > commonly </wordcount>
    <wordcount weight="1" > climatological </wordcount>
    <wordcount weight="1" > florescencea </wordcount>
    <wordcount weight="1" > biotic </wordcount>
    <wordcount weight="1" > follow </wordcount>
    <wordcount weight="1" > exceed </wordcount>
    <wordcount weight="1" > followed </wordcount>
    <wordcount weight="1" > varialce </wordcount>
    <wordcount weight="1" > northernwinter </wordcount>
    <wordcount weight="1" > comparisons </wordcount>
    <wordcount weight="1" > furnishing </wordcount>
    <wordcount weight="1" > comprising </wordcount>
    <wordcount weight="1" > terminology </wordcount>
    <wordcount weight="1" > helped </wordcount>
    <wordcount weight="1" > numerical </wordcount>
    <wordcount weight="1" > nebraska </wordcount>
    <wordcount weight="1" > nsf </wordcount>
    <wordcount weight="1" > reflections </wordcount>
    <wordcount weight="1" > purpling </wordcount>
    <wordcount weight="1" > union </wordcount>
    <wordcount weight="1" > sheaths </wordcount>
    <wordcount weight="1" > experimentation </wordcount>
    <wordcount weight="1" > ranges </wordcount>
    <wordcount weight="1" > expressed </wordcount>
    <wordcount weight="1" > closely </wordcount>
    <wordcount weight="1" > lieu </wordcount>
    <wordcount weight="1" > remembered </wordcount>
    <wordcount weight="1" > lead </wordcount>
    <wordcount weight="1" > yuma </wordcount>
    <wordcount weight="1" > allow </wordcount>
    <wordcount weight="1" > bearing </wordcount>
    <wordcount weight="1" > inherent </wordcount>
    <wordcount weight="1" > erosion </wordcount>
    <wordcount weight="1" > critically </wordcount>
    <wordcount weight="1" > typical </wordcount>
    <wordcount weight="1" > mapping </wordcount>
    <wordcount weight="1" > behavioral </wordcount>
    <wordcount weight="1" > conspicuous </wordcount>
    <wordcount weight="1" > jn </wordcount>
    <wordcount weight="1" > facilitate </wordcount>
    <wordcount weight="1" > pass </wordcount>
    <wordcount weight="1" > events </wordcount>
    <wordcount weight="1" > requirements </wordcount>
    <wordcount weight="1" > eu </wordcount>
    <wordcount weight="1" > emerge </wordcount>
    <wordcount weight="1" > persist </wordcount>
    <wordcount weight="1" > vigorous </wordcount>
    <wordcount weight="1" > hybridize </wordcount>
    <wordcount weight="1" > makeup </wordcount>
    <wordcount weight="1" > accurately </wordcount>
    <wordcount weight="1" > infected </wordcount>
    <wordcount weight="1" > boxes </wordcount>
    <wordcount weight="1" > michigan </wordcount>
    <wordcount weight="1" > viewed </wordcount>
    <wordcount weight="1" > excellent </wordcount>
    <wordcount weight="1" > handled </wordcount>
    <wordcount weight="1" > saguache </wordcount>
    <wordcount weight="1" > chips </wordcount>
    <wordcount weight="1" > absolute </wordcount>
    <wordcount weight="1" > ecoclinal </wordcount>
    <wordcount weight="1" > possibility </wordcount>
    <wordcount weight="1" > periodical </wordcount>
    <wordcount weight="1" > coional </wordcount>
    <wordcount weight="1" > expensive </wordcount>
    <wordcount weight="1" > aspects </wordcount>
    <wordcount weight="1" > directly </wordcount>
    <wordcount weight="1" > none </wordcount>
    <wordcount weight="1" > having </wordcount>
    <wordcount weight="1" > distinctiveness </wordcount>
    <wordcount weight="1" > distinguish </wordcount>
    <wordcount weight="1" > future </wordcount>
    <wordcount weight="1" > revealed </wordcount>
    <wordcount weight="1" > wmw </wordcount>
    <wordcount weight="1" > scope </wordcount>
    <wordcount weight="1" > exp </wordcount>
    <wordcount weight="1" > nearest </wordcount>
    <wordcount weight="1" > protected </wordcount>
    <wordcount weight="1" > alanitou </wordcount>
    <wordcount weight="1" > brought </wordcount>
    <wordcount weight="1" > part </wordcount>
    <wordcount weight="1" > phenotypically </wordcount>
    <wordcount weight="1" > example </wordcount>
    <wordcount weight="1" > reduction </wordcount>
    <wordcount weight="1" > patterning </wordcount>
    <wordcount weight="1" > positions </wordcount>
    <wordcount weight="1" > loss </wordcount>
    <wordcount weight="1" > sta </wordcount>
    <wordcount weight="1" > older </wordcount>
    <wordcount weight="1" > northwest </wordcount>
    <wordcount weight="1" > demonstrates </wordcount>
    <wordcount weight="1" > spikelets </wordcount>
    <wordcount weight="1" > taxa </wordcount>
    <wordcount weight="1" > et </wordcount>
    <wordcount weight="1" > okla </wordcount>
    <wordcount weight="1" > personal </wordcount>
    <wordcount weight="1" > reflect </wordcount>
    <wordcount weight="1" > compact </wordcount>
    <wordcount weight="1" > misc </wordcount>
    <wordcount weight="1" > indays </wordcount>
    <wordcount weight="1" > sampled </wordcount>
    <wordcount weight="1" > ariz </wordcount>
    <wordcount weight="1" > ecpreued </wordcount>
    <wordcount weight="1" > nostrand </wordcount>
    <wordcount weight="1" > arise </wordcount>
    <wordcount weight="1" > indicator </wordcount>
    <wordcount weight="1" > composite </wordcount>
    <wordcount weight="1" > cold </wordcount>
    <wordcount weight="1" > lowest </wordcount>
    <wordcount weight="1" > reliable </wordcount>
    <wordcount weight="1" > involve </wordcount>
    <wordcount weight="1" > microfilms </wordcount>
    <wordcount weight="1" > tested </wordcount>
    <wordcount weight="1" > box </wordcount>
    <wordcount weight="1" > hummocky </wordcount>
    <wordcount weight="1" > standpoint </wordcount>
    <wordcount weight="1" > mosher </wordcount>
    <wordcount weight="1" > sharp </wordcount>
    <wordcount weight="1" > around </wordcount>
    <wordcount weight="1" > heat </wordcount>
    <wordcount weight="1" > separately </wordcount>
    <wordcount weight="1" > rr </wordcount>
    <wordcount weight="1" > accomplished </wordcount>
    <wordcount weight="1" > wider </wordcount>
    <wordcount weight="1" > grow </wordcount>
    <wordcount weight="1" > presence </wordcount>
    <wordcount weight="1" > gene </wordcount>
    <wordcount weight="1" > distinguished </wordcount>
    <wordcount weight="1" > boundaries </wordcount>
    <wordcount weight="1" > coloration </wordcount>
    <wordcount weight="1" > always </wordcount>
    <wordcount weight="1" > up </wordcount>
    <wordcount weight="1" > necessity </wordcount>
    <wordcount weight="1" > cattle </wordcount>
    <wordcount weight="1" > productivity </wordcount>
    <wordcount weight="1" > using </wordcount>
    <wordcount weight="1" > tufted </wordcount>
    <wordcount weight="1" > tallest </wordcount>
    <wordcount weight="1" > lincoln </wordcount>
    <wordcount weight="1" > am </wordcount>
    <wordcount weight="1" > triangular </wordcount>
    <wordcount weight="1" > rest </wordcount>
    <wordcount weight="1" > geographical </wordcount>
    <wordcount weight="1" > avoid </wordcount>
    <wordcount weight="1" > interception </wordcount>
    <wordcount weight="1" > lend </wordcount>
    <wordcount weight="1" > subsequently </wordcount>
    <wordcount weight="1" > span </wordcount>
    <wordcount weight="1" > furnished </wordcount>
    <wordcount weight="1" > approximate </wordcount>
    <wordcount weight="1" > trampling </wordcount>
    <wordcount weight="1" > sibth </wordcount>
    <wordcount weight="1" > hillsides </wordcount>
    <wordcount weight="1" > mesa </wordcount>
    <wordcount weight="1" > atypical </wordcount>
    <wordcount weight="1" > action </wordcount>
    <wordcount weight="1" > doctoral </wordcount>
    <wordcount weight="1" > indeed </wordcount>
    <wordcount weight="1" > located </wordcount>
    <wordcount weight="1" > labeled </wordcount>
    <wordcount weight="1" > play </wordcount>
    <wordcount weight="1" > appreciate </wordcount>
    <wordcount weight="1" > grande </wordcount>
    <wordcount weight="1" > still </wordcount>
    <wordcount weight="1" > illustrating </wordcount>
    <wordcount weight="1" > make </wordcount>
    <wordcount weight="1" > presently </wordcount>
    <wordcount weight="1" > signifieant </wordcount>
    <wordcount weight="1" > curtain </wordcount>
    <wordcount weight="1" > initially </wordcount>
    <wordcount weight="1" > wind </wordcount>
    <wordcount weight="1" > wellstabilized </wordcount>
    <wordcount weight="1" > westerly </wordcount>
    <wordcount weight="1" > ponderosa </wordcount>
    <wordcount weight="1" > pastures </wordcount>
    <wordcount weight="1" > guide </wordcount>
    <wordcount weight="1" > angiosperm </wordcount>
    <wordcount weight="1" > lids </wordcount>
    <wordcount weight="1" > emray </wordcount>
    <wordcount weight="1" > chauge </wordcount>
    <wordcount weight="1" > monogr </wordcount>
    <wordcount weight="1" > suited </wordcount>
    <wordcount weight="1" > towards </wordcount>
    <wordcount weight="1" > financial </wordcount>
    <wordcount weight="1" > rain </wordcount>
    <wordcount weight="1" > hilly </wordcount>
    <wordcount weight="1" > compiled </wordcount>
    <wordcount weight="1" > homogeneous </wordcount>
    <wordcount weight="1" > assistance </wordcount>
    <wordcount weight="1" > cleistogamy </wordcount>
    <wordcount weight="1" > ed </wordcount>
    <wordcount weight="1" > tuft </wordcount>
    <wordcount weight="1" > colored </wordcount>
    <wordcount weight="1" > al </wordcount>
    <wordcount weight="1" > hiesly </wordcount>
    <wordcount weight="1" > illustrated </wordcount>
    <wordcount weight="1" > begins </wordcount>
    <wordcount weight="1" > maintained </wordcount>
    <wordcount weight="1" > inheritance </wordcount>
    <wordcount weight="1" > discreteness </wordcount>
    <wordcount weight="1" > isolated </wordcount>
    <wordcount weight="1" > published </wordcount>
    <wordcount weight="1" > considers </wordcount>
    <wordcount weight="1" > regardless </wordcount>
    <wordcount weight="1" > tennis </wordcount>
    <wordcount weight="1" > science </wordcount>
    <wordcount weight="1" > book </wordcount>
    <wordcount weight="1" > multiplying </wordcount>
    <wordcount weight="1" > technique </wordcount>
    <wordcount weight="1" > stated </wordcount>
    <wordcount weight="1" > loams </wordcount>
    <wordcount weight="1" > genecology </wordcount>
    <wordcount weight="1" > europe </wordcount>
    <wordcount weight="1" > varies </wordcount>
    <wordcount weight="1" > printing </wordcount>
    <wordcount weight="1" > addition </wordcount>
    <wordcount weight="1" > added </wordcount>
    <wordcount weight="1" > water </wordcount>
    <wordcount weight="1" > headquarters </wordcount>
    <wordcount weight="1" > shows </wordcount>
    <wordcount weight="1" > consideration </wordcount>
    <wordcount weight="1" > subtend </wordcount>
    <wordcount weight="1" > collar </wordcount>
    <wordcount weight="1" > cumulative </wordcount>
    <wordcount weight="1" > relates </wordcount>
    <wordcount weight="1" > moistened </wordcount>
    <wordcount weight="1" > match </wordcount>
    <wordcount weight="1" > sphagnum </wordcount>
    <wordcount weight="1" > governed </wordcount>
    <wordcount weight="1" > larger </wordcount>
    <wordcount weight="1" > diverse </wordcount>
    <wordcount weight="1" > grows </wordcount>
    <wordcount weight="1" > granting </wordcount>
    <wordcount weight="1" > regrassing </wordcount>
    <wordcount weight="1" > removal </wordcount>
    <wordcount weight="1" > conclusions </wordcount>
    <wordcount weight="1" > took </wordcount>
    <wordcount weight="1" > uppermostwinter </wordcount>
    <wordcount weight="1" > remarkable </wordcount>
    <wordcount weight="1" > increases </wordcount>
    <wordcount weight="1" > covered </wordcount>
    <wordcount weight="1" > road </wordcount>
    <wordcount weight="1" > purposes </wordcount>
    <wordcount weight="1" > airdry </wordcount>
    <wordcount weight="1" > maturity </wordcount>
    <wordcount weight="1" > sterlingwere </wordcount>
    <wordcount weight="1" > exceeds </wordcount>
    <wordcount weight="1" > frequency </wordcount>
    <wordcount weight="1" > markings </wordcount>
    <wordcount weight="1" > distance </wordcount>
    <wordcount weight="1" > forage </wordcount>
    <wordcount weight="1" > lumping </wordcount>
    <wordcount weight="1" > transparent </wordcount>
    <wordcount weight="1" > imagine </wordcount>
    <wordcount weight="1" > granitic </wordcount>
    <wordcount weight="1" > status </wordcount>
    <wordcount weight="1" > kansas </wordcount>
    <wordcount weight="1" > analyzed </wordcount>
    <wordcount weight="1" > classes </wordcount>
    <wordcount weight="1" > understanding </wordcount>
    <wordcount weight="1" > exhibit </wordcount>
    <wordcount weight="1" > aptly </wordcount>
    <wordcount weight="1" > extended </wordcount>
    <wordcount weight="1" > rio </wordcount>
    <wordcount weight="1" > achillea </wordcount>
    <wordcount weight="1" > examples </wordcount>
    <wordcount weight="1" > considering </wordcount>
    <wordcount weight="1" > subjectivity </wordcount>
    <wordcount weight="1" > preferential </wordcount>
    <wordcount weight="1" > ecologically </wordcount>
    <wordcount weight="1" > elonal </wordcount>
    <wordcount weight="1" > puccinia </wordcount>
    <wordcount weight="1" > region </wordcount>
    <wordcount weight="1" > quan </wordcount>
    <wordcount weight="1" > distinctly </wordcount>
    <wordcount weight="1" > sufficiently </wordcount>
    <wordcount weight="1" > microfilm </wordcount>
    <wordcount weight="1" > arbitrarily </wordcount>
    <wordcount weight="1" > prostrateness </wordcount>
    <wordcount weight="1" > medium </wordcount>
    <wordcount weight="1" > kerner </wordcount>
    <wordcount weight="1" > top </wordcount>
    <wordcount weight="1" > elucidated </wordcount>
    <wordcount weight="1" > confidence </wordcount>
    <wordcount weight="1" > rust </wordcount>
    <wordcount weight="1" > substantiate </wordcount>
    <wordcount weight="1" > apomictic </wordcount>
    <wordcount weight="1" > largely </wordcount>
    <wordcount weight="1" > ulymes </wordcount>
    <wordcount weight="1" > plhenological </wordcount>
    <wordcount weight="1" > harvard </wordcount>
    <wordcount weight="1" > satisfactorily </wordcount>
    <wordcount weight="1" > erlanson </wordcount>
    <wordcount weight="1" > evolution </wordcount>
    <wordcount weight="1" > trend </wordcount>
    <wordcount weight="1" > laboratory </wordcount>
    <wordcount weight="1" > chosen </wordcount>
    <wordcount weight="1" > junior </wordcount>
    <wordcount weight="1" > involves </wordcount>
    <wordcount weight="1" > monograps </wordcount>
    <wordcount weight="1" > op </wordcount>
    <wordcount weight="1" > publication </wordcount>
    <wordcount weight="1" > points </wordcount>
    <wordcount weight="1" > held </wordcount>
    <wordcount weight="1" > geographically </wordcount>
    <wordcount weight="1" > optimum </wordcount>
    <wordcount weight="1" > responses </wordcount>
    <wordcount weight="1" > features </wordcount>
    <wordcount weight="1" > lie </wordcount>
    <wordcount weight="1" > filled </wordcount>
    <wordcount weight="1" > practiced </wordcount>
    <wordcount weight="1" > provides </wordcount>
    <wordcount weight="1" > stapledon </wordcount>
    <wordcount weight="1" > special </wordcount>
    <wordcount weight="1" > include </wordcount>
    <wordcount weight="1" > alpine </wordcount>
    <wordcount weight="1" > correction </wordcount>
    <wordcount weight="1" > sueh </wordcount>
    <wordcount weight="1" > january </wordcount>
    <wordcount weight="1" > hardy </wordcount>
    <wordcount weight="1" > probably </wordcount>
    <wordcount weight="1" > tendency </wordcount>
    <wordcount weight="1" > yellowing </wordcount>
    <wordcount weight="1" > basically </wordcount>
    <wordcount weight="1" > quarter </wordcount>
    <wordcount weight="1" > kwk </wordcount>
    <wordcount weight="1" > pichar </wordcount>
    <wordcount weight="1" > applies </wordcount>
    <wordcount weight="1" > concerted </wordcount>
    <wordcount weight="1" > consists </wordcount>
    <wordcount weight="1" > aid </wordcount>
    <wordcount weight="1" > stems </wordcount>
    <wordcount weight="1" > note </wordcount>
    <wordcount weight="1" > outbreeder </wordcount>
    <wordcount weight="1" > erect </wordcount>
    <wordcount weight="1" > larimer </wordcount>
    <wordcount weight="1" > naturally </wordcount>
    <wordcount weight="1" > program </wordcount>
    <wordcount weight="1" > select </wordcount>
    <wordcount weight="1" > logan </wordcount>
    <wordcount weight="1" > bulletin </wordcount>
    <wordcount weight="1" > phytol </wordcount>
    <wordcount weight="1" > began </wordcount>
    <wordcount weight="1" > visual </wordcount>
    <wordcount weight="1" > originated </wordcount>
    <wordcount weight="1" > furnish </wordcount>
    <wordcount weight="1" > montezuma </wordcount>
    <wordcount weight="1" > contributor </wordcount>
    <wordcount weight="1" > compiling </wordcount>
    <wordcount weight="1" > analysis </wordcount>
    <wordcount weight="1" > existed </wordcount>
    <wordcount weight="1" > sage </wordcount>
    <wordcount weight="1" > environnients </wordcount>
    <wordcount weight="1" > simulated </wordcount>
    <wordcount weight="1" > fluctuate </wordcount>
    <wordcount weight="1" > exists </wordcount>
    <wordcount weight="1" > instances </wordcount>
    <wordcount weight="1" > prechilling </wordcount>
    <wordcount weight="1" > canada </wordcount>
    <wordcount weight="1" > gathered </wordcount>
    <wordcount weight="1" > case </wordcount>
    <wordcount weight="1" > forest </wordcount>
    <wordcount weight="1" > res </wordcount>
    <wordcount weight="1" > dissertation </wordcount>
    <wordcount weight="1" > proof </wordcount>
    <wordcount weight="1" > reciprocal </wordcount>
    <wordcount weight="1" > deposited </wordcount>
    <wordcount weight="1" > monument </wordcount>
    <wordcount weight="1" > practice </wordcount>
    <wordcount weight="1" > summary </wordcount>
    <wordcount weight="1" > van </wordcount>
    <wordcount weight="1" > series </wordcount>
    <wordcount weight="1" > heritable </wordcount>
    <wordcount weight="1" > filewinter </wordcount>
    <wordcount weight="1" > extending </wordcount>
    <wordcount weight="1" > suppl </wordcount>
    <wordcount weight="1" > adjoining </wordcount>
    <wordcount weight="1" > farmed </wordcount>
    <wordcount weight="1" > detect </wordcount>
    <wordcount weight="1" > too </wordcount>
    <wordcount weight="1" > intraipecile </wordcount>
    <wordcount weight="1" > discrepancy </wordcount>
    <wordcount weight="1" > slope </wordcount>
    <wordcount weight="1" > invade </wordcount>
    <wordcount weight="1" > offers </wordcount>
    <wordcount weight="1" > established </wordcount>
    <wordcount weight="1" > cover </wordcount>
    <wordcount weight="1" > transplanting </wordcount>
    <wordcount weight="1" > know </wordcount>
    <wordcount weight="1" > mass </wordcount>
    <wordcount weight="1" > branches </wordcount>
    <wordcount weight="1" > pioneering </wordcount>
    <wordcount weight="1" > principle </wordcount>
    <wordcount weight="1" > loamy </wordcount>
    <wordcount weight="1" > hoover </wordcount>
    <wordcount weight="1" > granular </wordcount>
    <wordcount weight="1" > correspond </wordcount>
    <wordcount weight="1" > vasey </wordcount>
    <wordcount weight="1" > spec </wordcount>
    <wordcount weight="1" > share </wordcount>
    <wordcount weight="1" > lying </wordcount>
    <wordcount weight="1" > setting </wordcount>
    <wordcount weight="1" > laird </wordcount>
    <wordcount weight="1" > ft </wordcount>
    <wordcount weight="1" > denoted </wordcount>
    <wordcount weight="1" > bit </wordcount>
    <wordcount weight="1" > half </wordcount>
    <wordcount weight="1" > regard </wordcount>
    <wordcount weight="1" > stefferud </wordcount>
    <wordcount weight="1" > reliability </wordcount>
    <wordcount weight="1" > exhibits </wordcount>
    <wordcount weight="1" > xerographic </wordcount>
    <wordcount weight="1" > bases </wordcount>
    <wordcount weight="1" > aeach </wordcount>
    <wordcount weight="1" > placing </wordcount>
    <wordcount weight="1" > beginning </wordcount>
    <wordcount weight="1" > stature </wordcount>
    <wordcount weight="1" > exsert </wordcount>
    <wordcount weight="1" > nomenclature </wordcount>
    <wordcount weight="1" > barth </wordcount>
    <wordcount weight="1" > delineated </wordcount>
    <wordcount weight="1" > senior </wordcount>
    <wordcount weight="1" > what </wordcount>
    <wordcount weight="1" > hidden </wordcount>
    <wordcount weight="1" > investigation </wordcount>
    <wordcount weight="1" > unique </wordcount>
    <wordcount weight="1" > aiding </wordcount>
    <wordcount weight="1" > making </wordcount>
    <wordcount weight="1" > cleistogamous </wordcount>
    <wordcount weight="1" > springf </wordcount>
    <wordcount weight="1" > shortgrass </wordcount>
    <wordcount weight="1" > calculations </wordcount>
    <wordcount weight="1" > ceased </wordcount>
    <wordcount weight="1" > heavier </wordcount>
    <wordcount weight="1" > consisting </wordcount>
    <wordcount weight="1" > require </wordcount>
    <wordcount weight="1" > awarded </wordcount>
    <wordcount weight="1" > conjunction </wordcount>
    <wordcount weight="1" > prevent </wordcount>
    <wordcount weight="1" > photoperiods </wordcount>
    <wordcount weight="1" > heredity </wordcount>
    <wordcount weight="1" > adjacet </wordcount>
    <wordcount weight="1" > orientation </wordcount>
    <wordcount weight="1" > apt </wordcount>
    <wordcount weight="1" > ill </wordcount>
    <wordcount weight="1" > reported </wordcount>
    <wordcount weight="1" > introduced </wordcount>
    <wordcount weight="1" > beach </wordcount>
    <wordcount weight="1" > collecting </wordcount>
    <wordcount weight="1" > yearly </wordcount>
    <wordcount weight="1" > easy </wordcount>
    <wordcount weight="1" > went </wordcount>
    <wordcount weight="1" > vertically </wordcount>
    <wordcount weight="1" > contribute </wordcount>
    <wordcount weight="1" > alternating </wordcount>
    <wordcount weight="1" > qualitative </wordcount>
    <wordcount weight="1" > allows </wordcount>
    <wordcount weight="1" > baca </wordcount>
    <wordcount weight="1" > twin </wordcount>
    <wordcount weight="1" > snow </wordcount>
    <wordcount weight="1" > tall </wordcount>
    <wordcount weight="1" > aspect </wordcount>
    <wordcount weight="1" > crenville </wordcount>
    <wordcount weight="1" > shores </wordcount>
    <wordcount weight="1" > extension </wordcount>
    <wordcount weight="1" > crosspollination </wordcount>
    <wordcount weight="1" > layers </wordcount>
    <wordcount weight="1" > moderate </wordcount>
    <wordcount weight="1" > until </wordcount>
    <wordcount weight="1" > survival </wordcount>
    <wordcount weight="1" > commercial </wordcount>
    <wordcount weight="1" > difference </wordcount>
    <wordcount weight="1" > reveals </wordcount>
    <wordcount weight="1" > notes </wordcount>
    <wordcount weight="1" > zones </wordcount>
    <wordcount weight="1" > strikingly </wordcount>
    <wordcount weight="1" > position </wordcount>
    <wordcount weight="1" > grant </wordcount>
    <wordcount weight="1" > flowered </wordcount>
    <wordcount weight="1" > course </wordcount>
    <wordcount weight="1" > contributed </wordcount>
    <wordcount weight="1" > romine </wordcount>
    <wordcount weight="1" > typically </wordcount>
    <wordcount weight="1" > enabling </wordcount>
    <wordcount weight="1" > morphologically </wordcount>
    <wordcount weight="1" > canadian </wordcount>
    <wordcount weight="1" > nmi </wordcount>
    <wordcount weight="1" > effects </wordcount>
    <wordcount weight="1" > piece </wordcount>
    <wordcount weight="1" > forming </wordcount>
    <wordcount weight="1" > increased </wordcount>
    <wordcount weight="1" > simulans </wordcount>
    <wordcount weight="1" > vi </wordcount>
    <wordcount weight="1" > genotypical </wordcount>
    <wordcount weight="1" > eurasiatic </wordcount>
    <wordcount weight="1" > discontinuous </wordcount>
    <wordcount weight="1" > sterlingwinter </wordcount>
    <wordcount weight="1" > pool </wordcount>
    <wordcount weight="1" > dark </wordcount>
    <wordcount weight="1" > deposition </wordcount>
    <wordcount weight="1" > import </wordcount>
    <wordcount weight="1" > characters </wordcount>
    <wordcount weight="1" > severely </wordcount>
    <wordcount weight="1" > verified </wordcount>
    <wordcount weight="1" > fellowship </wordcount>
    <wordcount weight="1" > mature </wordcount>
    <wordcount weight="1" > glomerata </wordcount>
    <wordcount weight="1" > fortuitous </wordcount>
    <wordcount weight="1" > selfpollinated </wordcount>
    <wordcount weight="1" > noon </wordcount>
    <wordcount weight="1" > continuously </wordcount>
</article>
