<?xml version="1.0" encoding="UTF-8"?>
<article id="10.2307/1217837" >
    <wordcount weight="44" > the </wordcount>
    <wordcount weight="29" > of </wordcount>
    <wordcount weight="22" > and </wordcount>
    <wordcount weight="20" > classe </wordcount>
    <wordcount weight="15" > to </wordcount>
    <wordcount weight="13" > with </wordcount>
    <wordcount weight="13" > a </wordcount>
    <wordcount weight="10" > in </wordcount>
    <wordcount weight="8" > des </wordcount>
    <wordcount weight="7" > modern </wordcount>
    <wordcount weight="7" > rafinesque </wordcount>
    <wordcount weight="7" > et </wordcount>
    <wordcount weight="6" > by </wordcount>
    <wordcount weight="6" > der </wordcount>
    <wordcount weight="5" > dealing </wordcount>
    <wordcount weight="5" > o </wordcount>
    <wordcount weight="5" > as </wordcount>
    <wordcount weight="5" > discipline </wordcount>
    <wordcount weight="5" > le </wordcount>
    <wordcount weight="5" > la </wordcount>
    <wordcount weight="4" > one </wordcount>
    <wordcount weight="4" > table </wordcount>
    <wordcount weight="4" > or </wordcount>
    <wordcount weight="4" > that </wordcount>
    <wordcount weight="4" > floral </wordcount>
    <wordcount weight="4" > j </wordcount>
    <wordcount weight="4" > system </wordcount>
    <wordcount weight="4" > between </wordcount>
    <wordcount weight="4" > be </wordcount>
    <wordcount weight="3" > it </wordcount>
    <wordcount weight="3" > may </wordcount>
    <wordcount weight="3" > taxonomy </wordcount>
    <wordcount weight="3" > en </wordcount>
    <wordcount weight="3" > is </wordcount>
    <wordcount weight="3" > not </wordcount>
    <wordcount weight="3" > h </wordcount>
    <wordcount weight="3" > pp </wordcount>
    <wordcount weight="3" > also </wordcount>
    <wordcount weight="3" > environment </wordcount>
    <wordcount weight="3" > proposed </wordcount>
    <wordcount weight="3" > more </wordcount>
    <wordcount weight="3" > oekologie </wordcount>
    <wordcount weight="3" > bionomics </wordcount>
    <wordcount weight="3" > i </wordcount>
    <wordcount weight="3" > c </wordcount>
    <wordcount weight="3" > terms </wordcount>
    <wordcount weight="3" > ecology </wordcount>
    <wordcount weight="3" > taxon </wordcount>
    <wordcount weight="3" > have </wordcount>
    <wordcount weight="3" > de </wordcount>
    <wordcount weight="3" > relations </wordcount>
    <wordcount weight="3" > und </wordcount>
    <wordcount weight="2" > comparatif </wordcount>
    <wordcount weight="2" > f </wordcount>
    <wordcount weight="2" > portion </wordcount>
    <wordcount weight="2" > mesogynia </wordcount>
    <wordcount weight="2" > symphogynia </wordcount>
    <wordcount weight="2" > his </wordcount>
    <wordcount weight="2" > science </wordcount>
    <wordcount weight="2" > concerned </wordcount>
    <wordcount weight="2" > choripetalous </wordcount>
    <wordcount weight="2" > e </wordcount>
    <wordcount weight="2" > b </wordcount>
    <wordcount weight="2" > confounded </wordcount>
    <wordcount weight="2" > cryptogynia </wordcount>
    <wordcount weight="2" > animaux </wordcount>
    <wordcount weight="2" > into </wordcount>
    <wordcount weight="2" > nom </wordcount>
    <wordcount weight="2" > eltrogynia </wordcount>
    <wordcount weight="2" > ed </wordcount>
    <wordcount weight="2" > from </wordcount>
    <wordcount weight="2" > epigynous </wordcount>
    <wordcount weight="2" > but </wordcount>
    <wordcount weight="2" > w </wordcount>
    <wordcount weight="2" > mesecology </wordcount>
    <wordcount weight="2" > two </wordcount>
    <wordcount weight="2" > first </wordcount>
    <wordcount weight="2" > precis </wordcount>
    <wordcount weight="2" > sympetalous </wordcount>
    <wordcount weight="2" > paclt </wordcount>
    <wordcount weight="2" > qui </wordcount>
    <wordcount weight="2" > descriptive </wordcount>
    <wordcount weight="2" > mycolia </wordcount>
    <wordcount weight="2" > ou </wordcount>
    <wordcount weight="2" > par </wordcount>
    <wordcount weight="2" > s </wordcount>
    <wordcount weight="2" > other </wordcount>
    <wordcount weight="2" > flowers </wordcount>
    <wordcount weight="2" > gynoecium </wordcount>
    <wordcount weight="2" > celui </wordcount>
    <wordcount weight="2" > biosystematics </wordcount>
    <wordcount weight="2" > animal </wordcount>
    <wordcount weight="2" > taxonomie </wordcount>
    <wordcount weight="2" > corps </wordcount>
    <wordcount weight="2" > see </wordcount>
    <wordcount weight="2" > biocenosis </wordcount>
    <wordcount weight="2" > series </wordcount>
    <wordcount weight="2" > hypogynous </wordcount>
    <wordcount weight="2" > zur </wordcount>
    <wordcount weight="2" > classes </wordcount>
    <wordcount weight="2" > both </wordcount>
    <wordcount weight="2" > algolia </wordcount>
    <wordcount weight="2" > concept </wordcount>
    <wordcount weight="2" > london </wordcount>
    <wordcount weight="2" > die </wordcount>
    <wordcount weight="2" > our </wordcount>
    <wordcount weight="2" > zoologie </wordcount>
    <wordcount weight="2" > phanerogynia </wordcount>
    <wordcount weight="2" > such </wordcount>
    <wordcount weight="2" > g </wordcount>
    <wordcount weight="2" > d </wordcount>
    <wordcount weight="2" > field </wordcount>
    <wordcount weight="2" > jena </wordcount>
    <wordcount weight="2" > parietales </wordcount>
    <wordcount weight="2" > class </wordcount>
    <wordcount weight="2" > on </wordcount>
    <wordcount weight="2" > y </wordcount>
    <wordcount weight="2" > gymnogynia </wordcount>
    <wordcount weight="2" > endogynia </wordcount>
    <wordcount weight="2" > we </wordcount>
    <wordcount weight="2" > botanique </wordcount>
    <wordcount weight="2" > species </wordcount>
    <wordcount weight="2" > angiogynia </wordcount>
    <wordcount weight="2" > plant </wordcount>
    <wordcount weight="1" > at </wordcount>
    <wordcount weight="1" > appartiennent </wordcount>
    <wordcount weight="1" > phases </wordcount>
    <wordcount weight="1" > frequent </wordcount>
    <wordcount weight="1" > wortforin </wordcount>
    <wordcount weight="1" > ichtyolia </wordcount>
    <wordcount weight="1" > trangress </wordcount>
    <wordcount weight="1" > pflanzen </wordcount>
    <wordcount weight="1" > angiologie </wordcount>
    <wordcount weight="1" > ventured </wordcount>
    <wordcount weight="1" > true </wordcount>
    <wordcount weight="1" > loix </wordcount>
    <wordcount weight="1" > scientific </wordcount>
    <wordcount weight="1" > kenneth </wordcount>
    <wordcount weight="1" > autecology </wordcount>
    <wordcount weight="1" > names </wordcount>
    <wordcount weight="1" > main </wordcount>
    <wordcount weight="1" > unies </wordcount>
    <wordcount weight="1" > fields </wordcount>
    <wordcount weight="1" > bionomiae </wordcount>
    <wordcount weight="1" > giornale </wordcount>
    <wordcount weight="1" > scitamineae </wordcount>
    <wordcount weight="1" > mesologie </wordcount>
    <wordcount weight="1" > mineralogie </wordcount>
    <wordcount weight="1" > phyton </wordcount>
    <wordcount weight="1" > tunicates </wordcount>
    <wordcount weight="1" > physiologia </wordcount>
    <wordcount weight="1" > etc </wordcount>
    <wordcount weight="1" > natural </wordcount>
    <wordcount weight="1" > un </wordcount>
    <wordcount weight="1" > zoological </wordcount>
    <wordcount weight="1" > mastodia </wordcount>
    <wordcount weight="1" > becoming </wordcount>
    <wordcount weight="1" > large </wordcount>
    <wordcount weight="1" > their </wordcount>
    <wordcount weight="1" > naturf </wordcount>
    <wordcount weight="1" > complex </wordcount>
    <wordcount weight="1" > gymnologie </wordcount>
    <wordcount weight="1" > pflanzensoziologie </wordcount>
    <wordcount weight="1" > pages </wordcount>
    <wordcount weight="1" > k </wordcount>
    <wordcount weight="1" > often </wordcount>
    <wordcount weight="1" > dans </wordcount>
    <wordcount weight="1" > gymnospermy </wordcount>
    <wordcount weight="1" > biological </wordcount>
    <wordcount weight="1" > physiologische </wordcount>
    <wordcount weight="1" > fagales </wordcount>
    <wordcount weight="1" > erpetia </wordcount>
    <wordcount weight="1" > plaxolia </wordcount>
    <wordcount weight="1" > di </wordcount>
    <wordcount weight="1" > modified </wordcount>
    <wordcount weight="1" > easily </wordcount>
    <wordcount weight="1" > tems </wordcount>
    <wordcount weight="1" > plants </wordcount>
    <wordcount weight="1" > premier </wordcount>
    <wordcount weight="1" > myrtiflorae </wordcount>
    <wordcount weight="1" > ges </wordcount>
    <wordcount weight="1" > under </wordcount>
    <wordcount weight="1" > biology </wordcount>
    <wordcount weight="1" > entomologie </wordcount>
    <wordcount weight="1" > algologie </wordcount>
    <wordcount weight="1" > boundary </wordcount>
    <wordcount weight="1" > endologie </wordcount>
    <wordcount weight="1" > was </wordcount>
    <wordcount weight="1" > nachschrift </wordcount>
    <wordcount weight="1" > nebst </wordcount>
    <wordcount weight="1" > reciprocal </wordcount>
    <wordcount weight="1" > included </wordcount>
    <wordcount weight="1" > complete </wordcount>
    <wordcount weight="1" > accent </wordcount>
    <wordcount weight="1" > aux </wordcount>
    <wordcount weight="1" > n </wordcount>
    <wordcount weight="1" > experimental </wordcount>
    <wordcount weight="1" > differs </wordcount>
    <wordcount weight="1" > somiologie </wordcount>
    <wordcount weight="1" > glossary </wordcount>
    <wordcount weight="1" > already </wordcount>
    <wordcount weight="1" > most </wordcount>
    <wordcount weight="1" > proctologie </wordcount>
    <wordcount weight="1" > show </wordcount>
    <wordcount weight="1" > concordance </wordcount>
    <wordcount weight="1" > taxa </wordcount>
    <wordcount weight="1" > ancilla </wordcount>
    <wordcount weight="1" > studium </wordcount>
    <wordcount weight="1" > known </wordcount>
    <wordcount weight="1" > shows </wordcount>
    <wordcount weight="1" > entomia </wordcount>
    <wordcount weight="1" > fiir </wordcount>
    <wordcount weight="1" > vorbegriffe </wordcount>
    <wordcount weight="1" > symphologie </wordcount>
    <wordcount weight="1" > biol </wordcount>
    <wordcount weight="1" > parabiology </wordcount>
    <wordcount weight="1" > darwin </wordcount>
    <wordcount weight="1" > jackson </wordcount>
    <wordcount weight="1" > sciences </wordcount>
    <wordcount weight="1" > helminthosia </wordcount>
    <wordcount weight="1" > reservant </wordcount>
    <wordcount weight="1" > here </wordcount>
    <wordcount weight="1" > meme </wordcount>
    <wordcount weight="1" > mastozoology </wordcount>
    <wordcount weight="1" > ii </wordcount>
    <wordcount weight="1" > m </wordcount>
    <wordcount weight="1" > mon </wordcount>
    <wordcount weight="1" > hypothetic </wordcount>
    <wordcount weight="1" > genecology </wordcount>
    <wordcount weight="1" > branches </wordcount>
    <wordcount weight="1" > collectivement </wordcount>
    <wordcount weight="1" > addition </wordcount>
    <wordcount weight="1" > many </wordcount>
    <wordcount weight="1" > seems </wordcount>
    <wordcount weight="1" > entwicklung </wordcount>
    <wordcount weight="1" > erasmus </wordcount>
    <wordcount weight="1" > symphysiology </wordcount>
    <wordcount weight="1" > words </wordcount>
    <wordcount weight="1" > definition </wordcount>
    <wordcount weight="1" > plantes </wordcount>
    <wordcount weight="1" > for </wordcount>
    <wordcount weight="1" > immense </wordcount>
    <wordcount weight="1" > schilder </wordcount>
    <wordcount weight="1" > consideration </wordcount>
    <wordcount weight="1" > europe </wordcount>
    <wordcount weight="1" > coelenterata </wordcount>
    <wordcount weight="1" > together </wordcount>
    <wordcount weight="1" > travaux </wordcount>
    <wordcount weight="1" > predominant </wordcount>
    <wordcount weight="1" > scienze </wordcount>
    <wordcount weight="1" > gedanken </wordcount>
    <wordcount weight="1" > mycologie </wordcount>
    <wordcount weight="1" > helminthologie </wordcount>
    <wordcount weight="1" > classical </wordcount>
    <wordcount weight="1" > signifie </wordcount>
    <wordcount weight="1" > gymnospermae </wordcount>
    <wordcount weight="1" > pteridophyta </wordcount>
    <wordcount weight="1" > take </wordcount>
    <wordcount weight="1" > problematik </wordcount>
    <wordcount weight="1" > carcinology </wordcount>
    <wordcount weight="1" > eltrologie </wordcount>
    <wordcount weight="1" > chorologie </wordcount>
    <wordcount weight="1" > donc </wordcount>
    <wordcount weight="1" > tableau </wordcount>
    <wordcount weight="1" > minbralogique </wordcount>
    <wordcount weight="1" > pour </wordcount>
    <wordcount weight="1" > einfiihrung </wordcount>
    <wordcount weight="1" > enough </wordcount>
    <wordcount weight="1" > cytology </wordcount>
    <wordcount weight="1" > redefined </wordcount>
    <wordcount weight="1" > biotaxonomie </wordcount>
    <wordcount weight="1" > v </wordcount>
    <wordcount weight="1" > donner </wordcount>
    <wordcount weight="1" > understood </wordcount>
    <wordcount weight="1" > investigations </wordcount>
    <wordcount weight="1" > equal </wordcount>
    <wordcount weight="1" > what </wordcount>
    <wordcount weight="1" > deing </wordcount>
    <wordcount weight="1" > derivation </wordcount>
    <wordcount weight="1" > cryptologie </wordcount>
    <wordcount weight="1" > them </wordcount>
    <wordcount weight="1" > physiology </wordcount>
    <wordcount weight="1" > applied </wordcount>
    <wordcount weight="1" > surnom </wordcount>
    <wordcount weight="1" > practice </wordcount>
    <wordcount weight="1" > fused </wordcount>
    <wordcount weight="1" > farinosae </wordcount>
    <wordcount weight="1" > edinburgh </wordcount>
    <wordcount weight="1" > botanical </wordcount>
    <wordcount weight="1" > inorganique </wordcount>
    <wordcount weight="1" > axis </wordcount>
    <wordcount weight="1" > owing </wordcount>
    <wordcount weight="1" > ces </wordcount>
    <wordcount weight="1" > has </wordcount>
    <wordcount weight="1" > while </wordcount>
    <wordcount weight="1" > plaxologie </wordcount>
    <wordcount weight="1" > choisi </wordcount>
    <wordcount weight="1" > free </wordcount>
    <wordcount weight="1" > ziirich </wordcount>
    <wordcount weight="1" > synanthae </wordcount>
    <wordcount weight="1" > gegenstand </wordcount>
    <wordcount weight="1" > chaque </wordcount>
    <wordcount weight="1" > somiologique </wordcount>
    <wordcount weight="1" > delle </wordcount>
    <wordcount weight="1" > another </wordcount>
    <wordcount weight="1" > liliiflorae </wordcount>
    <wordcount weight="1" > demonstrated </wordcount>
    <wordcount weight="1" > some </wordcount>
    <wordcount weight="1" > ingenious </wordcount>
    <wordcount weight="1" > correctly </wordcount>
    <wordcount weight="1" > literature </wordcount>
    <wordcount weight="1" > somiologiques </wordcount>
    <wordcount weight="1" > erpritologie </wordcount>
    <wordcount weight="1" > organisms </wordcount>
    <wordcount weight="1" > upon </wordcount>
    <wordcount weight="1" > range </wordcount>
    <wordcount weight="1" > characters </wordcount>
    <wordcount weight="1" > wien </wordcount>
    <wordcount weight="1" > malacosia </wordcount>
    <wordcount weight="1" > phanrerologie </wordcount>
    <wordcount weight="1" > introduced </wordcount>
    <wordcount weight="1" > polypologie </wordcount>
    <wordcount weight="1" > cited </wordcount>
    <wordcount weight="1" > apparent </wordcount>
    <wordcount weight="1" > ornithia </wordcount>
    <wordcount weight="1" > tous </wordcount>
    <wordcount weight="1" > polypia </wordcount>
    <wordcount weight="1" > epitome </wordcount>
    <wordcount weight="1" > versa </wordcount>
    <wordcount weight="1" > undoubtedly </wordcount>
    <wordcount weight="1" > primulales </wordcount>
    <wordcount weight="1" > campanulatae </wordcount>
    <wordcount weight="1" > disciplines </wordcount>
    <wordcount weight="1" > use </wordcount>
    <wordcount weight="1" > ornithologie </wordcount>
    <wordcount weight="1" > designate </wordcount>
    <wordcount weight="1" > microspormae </wordcount>
    <wordcount weight="1" > ein </wordcount>
    <wordcount weight="1" > somiology </wordcount>
    <wordcount weight="1" > thus </wordcount>
    <wordcount weight="1" > individuals </wordcount>
    <wordcount weight="1" > includes </wordcount>
    <wordcount weight="1" > generale </wordcount>
    <wordcount weight="1" > which </wordcount>
    <wordcount weight="1" > theile </wordcount>
    <wordcount weight="1" > question </wordcount>
    <wordcount weight="1" > devoir </wordcount>
    <wordcount weight="1" > morphological </wordcount>
    <wordcount weight="1" > que </wordcount>
    <wordcount weight="1" > systematic </wordcount>
    <wordcount weight="1" > kinne </wordcount>
    <wordcount weight="1" > only </wordcount>
    <wordcount weight="1" > difficulties </wordcount>
    <wordcount weight="1" > celle </wordcount>
    <wordcount weight="1" > allgemeine </wordcount>
    <wordcount weight="1" > authors </wordcount>
    <wordcount weight="1" > naturwissenschaftliche </wordcount>
    <wordcount weight="1" > specchio </wordcount>
    <wordcount weight="1" > although </wordcount>
    <wordcount weight="1" > botanic </wordcount>
    <wordcount weight="1" > genetics </wordcount>
    <wordcount weight="1" > forschungsgebiet </wordcount>
    <wordcount weight="1" > belongs </wordcount>
    <wordcount weight="1" > strange </wordcount>
    <wordcount weight="1" > dont </wordcount>
    <wordcount weight="1" > dictionary </wordcount>
    <wordcount weight="1" > cucurbitales </wordcount>
    <wordcount weight="1" > malacozoology </wordcount>
    <wordcount weight="1" > variously </wordcount>
    <wordcount weight="1" > mastodologie </wordcount>
    <wordcount weight="1" > ai </wordcount>
    <wordcount weight="1" > organ </wordcount>
    <wordcount weight="1" > quite </wordcount>
    <wordcount weight="1" > oryktognostischen </wordcount>
    <wordcount weight="1" > oldest </wordcount>
    <wordcount weight="1" > urticales </wordcount>
    <wordcount weight="1" > prfiparativen </wordcount>
    <wordcount weight="1" > classification </wordcount>
    <wordcount weight="1" > respective </wordcount>
    <wordcount weight="1" > flora </wordcount>
    <wordcount weight="1" > especially </wordcount>
    <wordcount weight="1" > pacilt </wordcount>
    <wordcount weight="1" > je </wordcount>
    <wordcount weight="1" > systems </wordcount>
    <wordcount weight="1" > groupe </wordcount>
    <wordcount weight="1" > methods </wordcount>
    <wordcount weight="1" > methodik </wordcount>
    <wordcount weight="1" > synecology </wordcount>
    <wordcount weight="1" > relation </wordcount>
    <wordcount weight="1" > research </wordcount>
    <wordcount weight="1" > sight </wordcount>
    <wordcount weight="1" > chorology </wordcount>
    <wordcount weight="1" > essentially </wordcount>
    <wordcount weight="1" > modernes </wordcount>
    <wordcount weight="1" > compared </wordcount>
    <wordcount weight="1" > zoonomy </wordcount>
    <wordcount weight="1" > single </wordcount>
    <wordcount weight="1" > dem </wordcount>
    <wordcount weight="1" > bryophyta </wordcount>
    <wordcount weight="1" > plumbaginales </wordcount>
    <wordcount weight="1" > when </wordcount>
    <wordcount weight="1" > even </wordcount>
    <wordcount weight="1" > necessity </wordcount>
    <wordcount weight="1" > slightly </wordcount>
    <wordcount weight="1" > henderson </wordcount>
    <wordcount weight="1" > journal </wordcount>
    <wordcount weight="1" > vice </wordcount>
    <wordcount weight="1" > proper </wordcount>
    <wordcount weight="1" > numero </wordcount>
    <wordcount weight="1" > using </wordcount>
    <wordcount weight="1" > elemens </wordcount>
    <wordcount weight="1" > french </wordcount>
    <wordcount weight="1" > recent </wordcount>
    <wordcount weight="1" > mycetes </wordcount>
    <wordcount weight="1" > enciclopedico </wordcount>
    <wordcount weight="1" > zbl </wordcount>
    <wordcount weight="1" > influence </wordcount>
    <wordcount weight="1" > voici </wordcount>
    <wordcount weight="1" > vjschr </wordcount>
    <wordcount weight="1" > bionomie </wordcount>
    <wordcount weight="1" > palerme </wordcount>
    <wordcount weight="1" > proctolia </wordcount>
</article>
