<?xml version="1.0" encoding="UTF-8"?>
<article id="10.2307/1716414" >
    <wordcount weight="58" > the </wordcount>
    <wordcount weight="52" > of </wordcount>
    <wordcount weight="44" > and </wordcount>
    <wordcount weight="25" > on </wordcount>
    <wordcount weight="22" > to </wordcount>
    <wordcount weight="20" > a </wordcount>
    <wordcount weight="18" > in </wordcount>
    <wordcount weight="11" > is </wordcount>
    <wordcount weight="11" > are </wordcount>
    <wordcount weight="11" > adaptation </wordcount>
    <wordcount weight="10" > by </wordcount>
    <wordcount weight="10" > that </wordcount>
    <wordcount weight="9" > volume </wordcount>
    <wordcount weight="8" > as </wordcount>
    <wordcount weight="8" > chapters </wordcount>
    <wordcount weight="8" > have </wordcount>
    <wordcount weight="7" > for </wordcount>
    <wordcount weight="6" > it </wordcount>
    <wordcount weight="6" > subject </wordcount>
    <wordcount weight="6" > this </wordcount>
    <wordcount weight="5" > been </wordcount>
    <wordcount weight="5" > most </wordcount>
    <wordcount weight="5" > more </wordcount>
    <wordcount weight="5" > be </wordcount>
    <wordcount weight="4" > will </wordcount>
    <wordcount weight="4" > an </wordcount>
    <wordcount weight="4" > which </wordcount>
    <wordcount weight="4" > comprehensive </wordcount>
    <wordcount weight="4" > general </wordcount>
    <wordcount weight="4" > research </wordcount>
    <wordcount weight="3" > they </wordcount>
    <wordcount weight="3" > sections </wordcount>
    <wordcount weight="3" > environment </wordcount>
    <wordcount weight="3" > there </wordcount>
    <wordcount weight="3" > other </wordcount>
    <wordcount weight="3" > physiological </wordcount>
    <wordcount weight="3" > physiology </wordcount>
    <wordcount weight="3" > population </wordcount>
    <wordcount weight="3" > has </wordcount>
    <wordcount weight="3" > emphasis </wordcount>
    <wordcount weight="3" > significant </wordcount>
    <wordcount weight="3" > synthetic </wordcount>
    <wordcount weight="3" > level </wordcount>
    <wordcount weight="2" > at </wordcount>
    <wordcount weight="2" > difficult </wordcount>
    <wordcount weight="2" > f </wordcount>
    <wordcount weight="2" > higher </wordcount>
    <wordcount weight="2" > provide </wordcount>
    <wordcount weight="2" > ecological </wordcount>
    <wordcount weight="2" > comparative </wordcount>
    <wordcount weight="2" > e </wordcount>
    <wordcount weight="2" > attempt </wordcount>
    <wordcount weight="2" > indicates </wordcount>
    <wordcount weight="2" > interactions </wordcount>
    <wordcount weight="2" > their </wordcount>
    <wordcount weight="2" > american </wordcount>
    <wordcount weight="2" > complex </wordcount>
    <wordcount weight="2" > animals </wordcount>
    <wordcount weight="2" > not </wordcount>
    <wordcount weight="2" > reference </wordcount>
    <wordcount weight="2" > serve </wordcount>
    <wordcount weight="2" > source </wordcount>
    <wordcount weight="2" > index </wordcount>
    <wordcount weight="2" > from </wordcount>
    <wordcount weight="2" > topical </wordcount>
    <wordcount weight="2" > but </wordcount>
    <wordcount weight="2" > published </wordcount>
    <wordcount weight="2" > long </wordcount>
    <wordcount weight="2" > genecology </wordcount>
    <wordcount weight="2" > control </wordcount>
    <wordcount weight="2" > nature </wordcount>
    <wordcount weight="2" > principles </wordcount>
    <wordcount weight="2" > treatment </wordcount>
    <wordcount weight="2" > current </wordcount>
    <wordcount weight="2" > c </wordcount>
    <wordcount weight="2" > chauncey </wordcount>
    <wordcount weight="2" > greatly </wordcount>
    <wordcount weight="2" > present </wordcount>
    <wordcount weight="2" > notable </wordcount>
    <wordcount weight="2" > less </wordcount>
    <wordcount weight="2" > because </wordcount>
    <wordcount weight="2" > aspects </wordcount>
    <wordcount weight="2" > some </wordcount>
    <wordcount weight="2" > understanding </wordcount>
    <wordcount weight="2" > phenomena </wordcount>
    <wordcount weight="2" > desirable </wordcount>
    <wordcount weight="2" > its </wordcount>
    <wordcount weight="2" > metabolic </wordcount>
    <wordcount weight="2" > processes </wordcount>
    <wordcount weight="2" > review </wordcount>
    <wordcount weight="2" > approach </wordcount>
    <wordcount weight="2" > author </wordcount>
    <wordcount weight="2" > contributors </wordcount>
    <wordcount weight="2" > although </wordcount>
    <wordcount weight="2" > would </wordcount>
    <wordcount weight="2" > high </wordcount>
    <wordcount weight="2" > integration </wordcount>
    <wordcount weight="2" > organ </wordcount>
    <wordcount weight="2" > emphasizes </wordcount>
    <wordcount weight="2" > handbook </wordcount>
    <wordcount weight="2" > truly </wordcount>
    <wordcount weight="2" > than </wordcount>
    <wordcount weight="1" > periods </wordcount>
    <wordcount weight="1" > may </wordcount>
    <wordcount weight="1" > mechanisms </wordcount>
    <wordcount weight="1" > intricate </wordcount>
    <wordcount weight="1" > amphibians </wordcount>
    <wordcount weight="1" > photoand </wordcount>
    <wordcount weight="1" > now </wordcount>
    <wordcount weight="1" > currently </wordcount>
    <wordcount weight="1" > done </wordcount>
    <wordcount weight="1" > perspectives </wordcount>
    <wordcount weight="1" > oriented </wordcount>
    <wordcount weight="1" > bookshelf </wordcount>
    <wordcount weight="1" > without </wordcount>
    <wordcount weight="1" > extensively </wordcount>
    <wordcount weight="1" > biologist </wordcount>
    <wordcount weight="1" > various </wordcount>
    <wordcount weight="1" > identified </wordcount>
    <wordcount weight="1" > usually </wordcount>
    <wordcount weight="1" > superficial </wordcount>
    <wordcount weight="1" > taxonomy </wordcount>
    <wordcount weight="1" > basic </wordcount>
    <wordcount weight="1" > acknowledged </wordcount>
    <wordcount weight="1" > merits </wordcount>
    <wordcount weight="1" > presentation </wordcount>
    <wordcount weight="1" > whatever </wordcount>
    <wordcount weight="1" > utility </wordcount>
    <wordcount weight="1" > yet </wordcount>
    <wordcount weight="1" > b </wordcount>
    <wordcount weight="1" > certain </wordcount>
    <wordcount weight="1" > becoming </wordcount>
    <wordcount weight="1" > one </wordcount>
    <wordcount weight="1" > contributions </wordcount>
    <wordcount weight="1" > aquatic </wordcount>
    <wordcount weight="1" > introductory </wordcount>
    <wordcount weight="1" > often </wordcount>
    <wordcount weight="1" > offerings </wordcount>
    <wordcount weight="1" > biological </wordcount>
    <wordcount weight="1" > designed </wordcount>
    <wordcount weight="1" > about </wordcount>
    <wordcount weight="1" > invertebrates </wordcount>
    <wordcount weight="1" > respect </wordcount>
    <wordcount weight="1" > ing </wordcount>
    <wordcount weight="1" > with </wordcount>
    <wordcount weight="1" > summaries </wordcount>
    <wordcount weight="1" > altitude </wordcount>
    <wordcount weight="1" > means </wordcount>
    <wordcount weight="1" > tissue </wordcount>
    <wordcount weight="1" > canada </wordcount>
    <wordcount weight="1" > coverage </wordcount>
    <wordcount weight="1" > represents </wordcount>
    <wordcount weight="1" > pp </wordcount>
    <wordcount weight="1" > thought </wordcount>
    <wordcount weight="1" > modern </wordcount>
    <wordcount weight="1" > unacceptable </wordcount>
    <wordcount weight="1" > considerations </wordcount>
    <wordcount weight="1" > biology </wordcount>
    <wordcount weight="1" > radiant </wordcount>
    <wordcount weight="1" > earnest </wordcount>
    <wordcount weight="1" > detail </wordcount>
    <wordcount weight="1" > organization </wordcount>
    <wordcount weight="1" > differentiate </wordcount>
    <wordcount weight="1" > school </wordcount>
    <wordcount weight="1" > or </wordcount>
    <wordcount weight="1" > perpetuations </wordcount>
    <wordcount weight="1" > compiled </wordcount>
    <wordcount weight="1" > organic </wordcount>
    <wordcount weight="1" > into </wordcount>
    <wordcount weight="1" > ambitious </wordcount>
    <wordcount weight="1" > before </wordcount>
    <wordcount weight="1" > complete </wordcount>
    <wordcount weight="1" > material </wordcount>
    <wordcount weight="1" > exceptions </wordcount>
    <wordcount weight="1" > weather </wordcount>
    <wordcount weight="1" > mary </wordcount>
    <wordcount weight="1" > bruce </wordcount>
    <wordcount weight="1" > series </wordcount>
    <wordcount weight="1" > conclusion </wordcount>
    <wordcount weight="1" > vol </wordcount>
    <wordcount weight="1" > four </wordcount>
    <wordcount weight="1" > two </wordcount>
    <wordcount weight="1" > department </wordcount>
    <wordcount weight="1" > indexes </wordcount>
    <wordcount weight="1" > matters </wordcount>
    <wordcount weight="1" > increasingly </wordcount>
    <wordcount weight="1" > williams </wordcount>
    <wordcount weight="1" > enzyme </wordcount>
    <wordcount weight="1" > t </wordcount>
    <wordcount weight="1" > postnatal </wordcount>
    <wordcount weight="1" > useful </wordcount>
    <wordcount weight="1" > rather </wordcount>
    <wordcount weight="1" > starting </wordcount>
    <wordcount weight="1" > meat </wordcount>
    <wordcount weight="1" > book </wordcount>
    <wordcount weight="1" > courageous </wordcount>
    <wordcount weight="1" > attempts </wordcount>
    <wordcount weight="1" > toward </wordcount>
    <wordcount weight="1" > facilities </wordcount>
    <wordcount weight="1" > natural </wordcount>
    <wordcount weight="1" > appear </wordcount>
    <wordcount weight="1" > humans </wordcount>
    <wordcount weight="1" > categorical </wordcount>
    <wordcount weight="1" > varies </wordcount>
    <wordcount weight="1" > l </wordcount>
    <wordcount weight="1" > reptiles </wordcount>
    <wordcount weight="1" > emerged </wordcount>
    <wordcount weight="1" > each </wordcount>
    <wordcount weight="1" > addition </wordcount>
    <wordcount weight="1" > many </wordcount>
    <wordcount weight="1" > welch </wordcount>
    <wordcount weight="1" > interested </wordcount>
    <wordcount weight="1" > available </wordcount>
    <wordcount weight="1" > stimulus </wordcount>
    <wordcount weight="1" > could </wordcount>
    <wordcount weight="1" > leaders </wordcount>
    <wordcount weight="1" > our </wordcount>
    <wordcount weight="1" > analyses </wordcount>
    <wordcount weight="1" > time </wordcount>
    <wordcount weight="1" > humid </wordcount>
    <wordcount weight="1" > classical </wordcount>
    <wordcount weight="1" > obviously </wordcount>
    <wordcount weight="1" > molecular </wordcount>
    <wordcount weight="1" > events </wordcount>
    <wordcount weight="1" > very </wordcount>
    <wordcount weight="1" > relate </wordcount>
    <wordcount weight="1" > end </wordcount>
    <wordcount weight="1" > historical </wordcount>
    <wordcount weight="1" > considerable </wordcount>
    <wordcount weight="1" > i </wordcount>
    <wordcount weight="1" > free </wordcount>
    <wordcount weight="1" > man </wordcount>
    <wordcount weight="1" > serious </wordcount>
    <wordcount weight="1" > biologists </wordcount>
    <wordcount weight="1" > merely </wordcount>
    <wordcount weight="1" > cosmopolitian </wordcount>
    <wordcount weight="1" > date </wordcount>
    <wordcount weight="1" > companion </wordcount>
    <wordcount weight="1" > marine </wordcount>
    <wordcount weight="1" > burnett </wordcount>
    <wordcount weight="1" > noise </wordcount>
    <wordcount weight="1" > geography </wordcount>
    <wordcount weight="1" > william </wordcount>
    <wordcount weight="1" > discipline </wordcount>
    <wordcount weight="1" > profited </wordcount>
    <wordcount weight="1" > what </wordcount>
    <wordcount weight="1" > existing </wordcount>
    <wordcount weight="1" > worthwhile </wordcount>
    <wordcount weight="1" > list </wordcount>
    <wordcount weight="1" > toxic </wordcount>
    <wordcount weight="1" > case </wordcount>
    <wordcount weight="1" > induction </wordcount>
    <wordcount weight="1" > wealth </wordcount>
    <wordcount weight="1" > entomology </wordcount>
    <wordcount weight="1" > covers </wordcount>
    <wordcount weight="1" > abbreviated </wordcount>
    <wordcount weight="1" > acids </wordcount>
    <wordcount weight="1" > eds </wordcount>
    <wordcount weight="1" > recorded </wordcount>
    <wordcount weight="1" > college </wordcount>
    <wordcount weight="1" > owing </wordcount>
    <wordcount weight="1" > extremetemperature </wordcount>
    <wordcount weight="1" > controversy </wordcount>
    <wordcount weight="1" > htandbook </wordcount>
    <wordcount weight="1" > albeit </wordcount>
    <wordcount weight="1" > parasitism </wordcount>
    <wordcount weight="1" > number </wordcount>
    <wordcount weight="1" > particularly </wordcount>
    <wordcount weight="1" > governing </wordcount>
    <wordcount weight="1" > institute </wordcount>
    <wordcount weight="1" > chapter </wordcount>
    <wordcount weight="1" > information </wordcount>
    <wordcount weight="1" > phenomenological </wordcount>
    <wordcount weight="1" > basis </wordcount>
    <wordcount weight="1" > omissions </wordcount>
    <wordcount weight="1" > data </wordcount>
    <wordcount weight="1" > literature </wordcount>
    <wordcount weight="1" > compendia </wordcount>
    <wordcount weight="1" > sensory </wordcount>
    <wordcount weight="1" > work </wordcount>
    <wordcount weight="1" > osmoregulation </wordcount>
    <wordcount weight="1" > treated </wordcount>
    <wordcount weight="1" > made </wordcount>
    <wordcount weight="1" > presented </wordcount>
    <wordcount weight="1" > son </wordcount>
    <wordcount weight="1" > point </wordcount>
    <wordcount weight="1" > conceptual </wordcount>
    <wordcount weight="1" > part </wordcount>
    <wordcount weight="1" > prosser </wordcount>
    <wordcount weight="1" > hydrodynamics </wordcount>
    <wordcount weight="1" > discusses </wordcount>
    <wordcount weight="1" > enhanced </wordcount>
    <wordcount weight="1" > previously </wordcount>
    <wordcount weight="1" > deplores </wordcount>
    <wordcount weight="1" > knowledge </wordcount>
    <wordcount weight="1" > apparent </wordcount>
    <wordcount weight="1" > role </wordcount>
    <wordcount weight="1" > prenatal </wordcount>
    <wordcount weight="1" > whole </wordcount>
    <wordcount weight="1" > combining </wordcount>
    <wordcount weight="1" > largely </wordcount>
    <wordcount weight="1" > collection </wordcount>
    <wordcount weight="1" > engineer </wordcount>
    <wordcount weight="1" > ideas </wordcount>
    <wordcount weight="1" > inclusions </wordcount>
    <wordcount weight="1" > trend </wordcount>
    <wordcount weight="1" > laboratory </wordcount>
    <wordcount weight="1" > ladd </wordcount>
    <wordcount weight="1" > were </wordcount>
    <wordcount weight="1" > question </wordcount>
    <wordcount weight="1" > theoretical </wordcount>
    <wordcount weight="1" > endocrine </wordcount>
    <wordcount weight="1" > only </wordcount>
    <wordcount weight="1" > differentiation </wordcount>
    <wordcount weight="1" > such </wordcount>
    <wordcount weight="1" > quality </wordcount>
    <wordcount weight="1" > own </wordcount>
    <wordcount weight="1" > applied </wordcount>
    <wordcount weight="1" > authors </wordcount>
    <wordcount weight="1" > adipose </wordcount>
    <wordcount weight="1" > either </wordcount>
    <wordcount weight="1" > vertebrates </wordcount>
    <wordcount weight="1" > temperature </wordcount>
    <wordcount weight="1" > g </wordcount>
    <wordcount weight="1" > dominated </wordcount>
    <wordcount weight="1" > essay </wordcount>
    <wordcount weight="1" > authoritative </wordcount>
    <wordcount weight="1" > exemplary </wordcount>
    <wordcount weight="1" > individual </wordcount>
    <wordcount weight="1" > include </wordcount>
    <wordcount weight="1" > d </wordcount>
    <wordcount weight="1" > need </wordcount>
    <wordcount weight="1" > specialists </wordcount>
    <wordcount weight="1" > so </wordcount>
    <wordcount weight="1" > cold </wordcount>
    <wordcount weight="1" > plant </wordcount>
    <wordcount weight="1" > toxicology </wordcount>
    <wordcount weight="1" > dry </wordcount>
    <wordcount weight="1" > forced </wordcount>
    <wordcount weight="1" > commentaries </wordcount>
    <wordcount weight="1" > amino </wordcount>
    <wordcount weight="1" > latter </wordcount>
    <wordcount weight="1" > exchange </wordcount>
    <wordcount weight="1" > heat </wordcount>
    <wordcount weight="1" > several </wordcount>
    <wordcount weight="1" > cellular </wordcount>
    <wordcount weight="1" > terrestrial </wordcount>
    <wordcount weight="1" > few </wordcount>
    <wordcount weight="1" > subjects </wordcount>
    <wordcount weight="1" > highly </wordcount>
    <wordcount weight="1" > study </wordcount>
    <wordcount weight="1" > between </wordcount>
    <wordcount weight="1" > assimilate </wordcount>
    <wordcount weight="1" > methods </wordcount>
    <wordcount weight="1" > inclusion </wordcount>
    <wordcount weight="1" > become </wordcount>
    <wordcount weight="1" > climate </wordcount>
    <wordcount weight="1" > morphogenic </wordcount>
    <wordcount weight="1" > can </wordcount>
    <wordcount weight="1" > undertaking </wordcount>
    <wordcount weight="1" > concepts </wordcount>
    <wordcount weight="1" > early </wordcount>
    <wordcount weight="1" > sincerely </wordcount>
    <wordcount weight="1" > landmark </wordcount>
    <wordcount weight="1" > cybernetic </wordcount>
    <wordcount weight="1" > even </wordcount>
    <wordcount weight="1" > pathway </wordcount>
    <wordcount weight="1" > opensystem </wordcount>
    <wordcount weight="1" > adaptations </wordcount>
    <wordcount weight="1" > spite </wordcount>
    <wordcount weight="1" > much </wordcount>
    <wordcount weight="1" > professional </wordcount>
    <wordcount weight="1" > adaptive </wordcount>
    <wordcount weight="1" > provided </wordcount>
    <wordcount weight="1" > hope </wordcount>
    <wordcount weight="1" > attention </wordcount>
    <wordcount weight="1" > influence </wordcount>
    <wordcount weight="1" > valuable </wordcount>
    <wordcount weight="1" > disturbing </wordcount>
    <wordcount weight="1" > major </wordcount>
    <wordcount weight="1" > poorly </wordcount>
    <wordcount weight="1" > society </wordcount>
    <wordcount weight="1" > neurophysiological </wordcount>
</article>
