<?xml version="1.0" encoding="UTF-8"?>
<article id="10.2307/1217249" >
    <wordcount weight="109" > the </wordcount>
    <wordcount weight="69" > of </wordcount>
    <wordcount weight="34" > shall </wordcount>
    <wordcount weight="30" > be </wordcount>
    <wordcount weight="29" > and </wordcount>
    <wordcount weight="28" > a </wordcount>
    <wordcount weight="25" > to </wordcount>
    <wordcount weight="20" > members </wordcount>
    <wordcount weight="18" > in </wordcount>
    <wordcount weight="17" > by </wordcount>
    <wordcount weight="16" > for </wordcount>
    <wordcount weight="15" > article </wordcount>
    <wordcount weight="14" > council </wordcount>
    <wordcount weight="12" > organization </wordcount>
    <wordcount weight="12" > committee </wordcount>
    <wordcount weight="11" > international </wordcount>
    <wordcount weight="10" > not </wordcount>
    <wordcount weight="10" > than </wordcount>
    <wordcount weight="9" > may </wordcount>
    <wordcount weight="9" > office </wordcount>
    <wordcount weight="8" > executive </wordcount>
    <wordcount weight="7" > other </wordcount>
    <wordcount weight="7" > as </wordcount>
    <wordcount weight="7" > plant </wordcount>
    <wordcount weight="6" > at </wordcount>
    <wordcount weight="6" > botanical </wordcount>
    <wordcount weight="6" > more </wordcount>
    <wordcount weight="6" > any </wordcount>
    <wordcount weight="6" > section </wordcount>
    <wordcount weight="6" > same </wordcount>
    <wordcount weight="5" > regular </wordcount>
    <wordcount weight="5" > is </wordcount>
    <wordcount weight="4" > amendments </wordcount>
    <wordcount weight="4" > two </wordcount>
    <wordcount weight="4" > member </wordcount>
    <wordcount weight="4" > meeting </wordcount>
    <wordcount weight="4" > when </wordcount>
    <wordcount weight="4" > secretary </wordcount>
    <wordcount weight="4" > constitution </wordcount>
    <wordcount weight="4" > treasurer </wordcount>
    <wordcount weight="4" > president </wordcount>
    <wordcount weight="4" > are </wordcount>
    <wordcount weight="4" > on </wordcount>
    <wordcount weight="4" > iapt </wordcount>
    <wordcount weight="4" > become </wordcount>
    <wordcount weight="4" > three </wordcount>
    <wordcount weight="4" > with </wordcount>
    <wordcount weight="4" > nominating </wordcount>
    <wordcount weight="4" > congress </wordcount>
    <wordcount weight="4" > business </wordcount>
    <wordcount weight="4" > eligible </wordcount>
    <wordcount weight="4" > elected </wordcount>
    <wordcount weight="4" > mail </wordcount>
    <wordcount weight="3" > slate </wordcount>
    <wordcount weight="3" > it </wordcount>
    <wordcount weight="3" > but </wordcount>
    <wordcount weight="3" > reelection </wordcount>
    <wordcount weight="3" > ballot </wordcount>
    <wordcount weight="3" > that </wordcount>
    <wordcount weight="3" > membership </wordcount>
    <wordcount weight="3" > upon </wordcount>
    <wordcount weight="3" > number </wordcount>
    <wordcount weight="3" > general </wordcount>
    <wordcount weight="3" > next </wordcount>
    <wordcount weight="3" > hold </wordcount>
    <wordcount weight="3" > association </wordcount>
    <wordcount weight="3" > residents </wordcount>
    <wordcount weight="3" > this </wordcount>
    <wordcount weight="3" > one </wordcount>
    <wordcount weight="3" > between </wordcount>
    <wordcount weight="3" > votes </wordcount>
    <wordcount weight="3" > purpose </wordcount>
    <wordcount weight="3" > months </wordcount>
    <wordcount weight="3" > iopb </wordcount>
    <wordcount weight="3" > majority </wordcount>
    <wordcount weight="3" > country </wordcount>
    <wordcount weight="3" > term </wordcount>
    <wordcount weight="3" > or </wordcount>
    <wordcount weight="3" > biosystematics </wordcount>
    <wordcount weight="3" > personal </wordcount>
    <wordcount weight="2" > will </wordcount>
    <wordcount weight="2" > incorporated </wordcount>
    <wordcount weight="2" > these </wordcount>
    <wordcount weight="2" > vacancy </wordcount>
    <wordcount weight="2" > publication </wordcount>
    <wordcount weight="2" > cast </wordcount>
    <wordcount weight="2" > exceed </wordcount>
    <wordcount weight="2" > nominate </wordcount>
    <wordcount weight="2" > least </wordcount>
    <wordcount weight="2" > five </wordcount>
    <wordcount weight="2" > groups </wordcount>
    <wordcount weight="2" > affairs </wordcount>
    <wordcount weight="2" > biosystematists </wordcount>
    <wordcount weight="2" > immediate </wordcount>
    <wordcount weight="2" > who </wordcount>
    <wordcount weight="2" > prior </wordcount>
    <wordcount weight="2" > candidates </wordcount>
    <wordcount weight="2" > proposed </wordcount>
    <wordcount weight="2" > meetings </wordcount>
    <wordcount weight="2" > all </wordcount>
    <wordcount weight="2" > they </wordcount>
    <wordcount weight="2" > their </wordcount>
    <wordcount weight="2" > if </wordcount>
    <wordcount weight="2" > four </wordcount>
    <wordcount weight="2" > favourable </wordcount>
    <wordcount weight="2" > strive </wordcount>
    <wordcount weight="2" > objectives </wordcount>
    <wordcount weight="2" > election </wordcount>
    <wordcount weight="2" > officers </wordcount>
    <wordcount weight="2" > writing </wordcount>
    <wordcount weight="2" > call </wordcount>
    <wordcount weight="1" > receiving </wordcount>
    <wordcount weight="1" > decision </wordcount>
    <wordcount weight="1" > single </wordcount>
    <wordcount weight="1" > endorsed </wordcount>
    <wordcount weight="1" > experimental </wordcount>
    <wordcount weight="1" > have </wordcount>
    <wordcount weight="1" > within </wordcount>
    <wordcount weight="1" > unable </wordcount>
    <wordcount weight="1" > such </wordcount>
    <wordcount weight="1" > interpreted </wordcount>
    <wordcount weight="1" > operation </wordcount>
    <wordcount weight="1" > received </wordcount>
    <wordcount weight="1" > interested </wordcount>
    <wordcount weight="1" > open </wordcount>
    <wordcount weight="1" > them </wordcount>
    <wordcount weight="1" > terms </wordcount>
    <wordcount weight="1" > rejected </wordcount>
    <wordcount weight="1" > secretariat </wordcount>
    <wordcount weight="1" > persons </wordcount>
    <wordcount weight="1" > less </wordcount>
    <wordcount weight="1" > acceptance </wordcount>
    <wordcount weight="1" > there </wordcount>
    <wordcount weight="1" > urged </wordcount>
    <wordcount weight="1" > extend </wordcount>
    <wordcount weight="1" > case </wordcount>
    <wordcount weight="1" > voting </wordcount>
    <wordcount weight="1" > filed </wordcount>
    <wordcount weight="1" > resubmitted </wordcount>
    <wordcount weight="1" > duties </wordcount>
    <wordcount weight="1" > committees </wordcount>
    <wordcount weight="1" > consistent </wordcount>
    <wordcount weight="1" > no </wordcount>
    <wordcount weight="1" > either </wordcount>
    <wordcount weight="1" > maintenance </wordcount>
    <wordcount weight="1" > act </wordcount>
    <wordcount weight="1" > good </wordcount>
    <wordcount weight="1" > card </wordcount>
    <wordcount weight="1" > elect </wordcount>
    <wordcount weight="1" > fill </wordcount>
    <wordcount weight="1" > held </wordcount>
    <wordcount weight="1" > ensuing </wordcount>
    <wordcount weight="1" > books </wordcount>
    <wordcount weight="1" > times </wordcount>
    <wordcount weight="1" > actively </wordcount>
    <wordcount weight="1" > include </wordcount>
    <wordcount weight="1" > his </wordcount>
    <wordcount weight="1" > taxonomy </wordcount>
    <wordcount weight="1" > name </wordcount>
    <wordcount weight="1" > appoint </wordcount>
    <wordcount weight="1" > application </wordcount>
    <wordcount weight="1" > begin </wordcount>
    <wordcount weight="1" > sought </wordcount>
    <wordcount weight="1" > jointly </wordcount>
    <wordcount weight="1" > out </wordcount>
    <wordcount weight="1" > vote </wordcount>
    <wordcount weight="1" > subjects </wordcount>
    <wordcount weight="1" > require </wordcount>
    <wordcount weight="1" > well </wordcount>
    <wordcount weight="1" > into </wordcount>
    <wordcount weight="1" > approval </wordcount>
    <wordcount weight="1" > considering </wordcount>
    <wordcount weight="1" > balance </wordcount>
    <wordcount weight="1" > information </wordcount>
    <wordcount weight="1" > mover </wordcount>
    <wordcount weight="1" > account </wordcount>
    <wordcount weight="1" > order </wordcount>
    <wordcount weight="1" > exercise </wordcount>
    <wordcount weight="1" > filled </wordcount>
    <wordcount weight="1" > over </wordcount>
    <wordcount weight="1" > basis </wordcount>
    <wordcount weight="1" > power </wordcount>
    <wordcount weight="1" > cooperation </wordcount>
    <wordcount weight="1" > activity </wordcount>
    <wordcount weight="1" > make </wordcount>
    <wordcount weight="1" > new </wordcount>
    <wordcount weight="1" > exchange </wordcount>
    <wordcount weight="1" > nominations </wordcount>
    <wordcount weight="1" > fees </wordcount>
    <wordcount weight="1" > different </wordcount>
    <wordcount weight="1" > remaining </wordcount>
    <wordcount weight="1" > each </wordcount>
    <wordcount weight="1" > specific </wordcount>
    <wordcount weight="1" > problems </wordcount>
    <wordcount weight="1" > geographical </wordcount>
    <wordcount weight="1" > carry </wordcount>
    <wordcount weight="1" > affiliated </wordcount>
    <wordcount weight="1" > applicants </wordcount>
    <wordcount weight="1" > voted </wordcount>
    <wordcount weight="1" > promote </wordcount>
    <wordcount weight="1" > deciding </wordcount>
    <wordcount weight="1" > payment </wordcount>
    <wordcount weight="1" > arrange </wordcount>
    <wordcount weight="1" > study </wordcount>
    <wordcount weight="1" > methods </wordcount>
    <wordcount weight="1" > six </wordcount>
    <wordcount weight="1" > adoption </wordcount>
    <wordcount weight="1" > carrying </wordcount>
    <wordcount weight="1" > rule </wordcount>
    <wordcount weight="1" > aegis </wordcount>
    <wordcount weight="1" > research </wordcount>
    <wordcount weight="1" > desire </wordcount>
    <wordcount weight="1" > establishment </wordcount>
    <wordcount weight="1" > area </wordcount>
    <wordcount weight="1" > sent </wordcount>
    <wordcount weight="1" > arranged </wordcount>
    <wordcount weight="1" > control </wordcount>
    <wordcount weight="1" > mainly </wordcount>
    <wordcount weight="1" > congresses </wordcount>
    <wordcount weight="1" > periodic </wordcount>
    <wordcount weight="1" > role </wordcount>
    <wordcount weight="1" > delegated </wordcount>
    <wordcount weight="1" > composed </wordcount>
    <wordcount weight="1" > sense </wordcount>
    <wordcount weight="1" > symposia </wordcount>
    <wordcount weight="1" > subject </wordcount>
    <wordcount weight="1" > ten </wordcount>
    <wordcount weight="1" > elections </wordcount>
    <wordcount weight="1" > including </wordcount>
    <wordcount weight="1" > candidate </wordcount>
    <wordcount weight="1" > create </wordcount>
    <wordcount weight="1" > facilitate </wordcount>
    <wordcount weight="1" > report </wordcount>
    <wordcount weight="1" > procedure </wordcount>
    <wordcount weight="1" > period </wordcount>
    <wordcount weight="1" > during </wordcount>
    <wordcount weight="1" > manifests </wordcount>
    <wordcount weight="1" > take </wordcount>
    <wordcount weight="1" > kingdom </wordcount>
    <wordcount weight="1" > discussion </wordcount>
    <wordcount weight="1" > under </wordcount>
    <wordcount weight="1" > deemed </wordcount>
    <wordcount weight="1" > whenever </wordcount>
    <wordcount weight="1" > broad </wordcount>
    <wordcount weight="1" > controlled </wordcount>
    <wordcount weight="1" > past </wordcount>
    <wordcount weight="1" > automatically </wordcount>
    <wordcount weight="1" > appropriate </wordcount>
    <wordcount weight="1" > listed </wordcount>
    <wordcount weight="1" > submitted </wordcount>
    <wordcount weight="1" > unil </wordcount>
    <wordcount weight="1" > an </wordcount>
    <wordcount weight="1" > representative </wordcount>
    <wordcount weight="1" > provided </wordcount>
    <wordcount weight="1" > type </wordcount>
    <wordcount weight="1" > acquired </wordcount>
    <wordcount weight="1" > propose </wordcount>
    <wordcount weight="1" > occurring </wordcount>
    <wordcount weight="1" > varied </wordcount>
    <wordcount weight="1" > continuity </wordcount>
    <wordcount weight="1" > consist </wordcount>
    <wordcount weight="1" > person </wordcount>
    <wordcount weight="1" > engaged </wordcount>
    <wordcount weight="1" > necessary </wordcount>
    <wordcount weight="1" > residency </wordcount>
    <wordcount weight="1" > total </wordcount>
    <wordcount weight="1" > which </wordcount>
    <wordcount weight="1" > then </wordcount>
    <wordcount weight="1" > those </wordcount>
    <wordcount weight="1" > sees </wordcount>
    <wordcount weight="1" > before </wordcount>
</article>
