<?xml version="1.0" encoding="UTF-8"?>
<article id="10.2307/41423233" >
    <wordcount weight="70" > the </wordcount>
    <wordcount weight="61" > of </wordcount>
    <wordcount weight="38" > and </wordcount>
    <wordcount weight="32" > in </wordcount>
    <wordcount weight="26" > cuttings </wordcount>
    <wordcount weight="19" > rooting </wordcount>
    <wordcount weight="15" > a </wordcount>
    <wordcount weight="15" > to </wordcount>
    <wordcount weight="12" > was </wordcount>
    <wordcount weight="12" > were </wordcount>
    <wordcount weight="11" > desert </wordcount>
    <wordcount weight="10" > with </wordcount>
    <wordcount weight="9" > from </wordcount>
    <wordcount weight="9" > ppm </wordcount>
    <wordcount weight="9" > species </wordcount>
    <wordcount weight="8" > woody </wordcount>
    <wordcount weight="7" > by </wordcount>
    <wordcount weight="7" > for </wordcount>
    <wordcount weight="7" > iaa </wordcount>
    <wordcount weight="7" > on </wordcount>
    <wordcount weight="6" > perennials </wordcount>
    <wordcount weight="6" > lots </wordcount>
    <wordcount weight="6" > rootone </wordcount>
    <wordcount weight="6" > stem </wordcount>
    <wordcount weight="6" > plants </wordcount>
    <wordcount weight="6" > some </wordcount>
    <wordcount weight="6" > an </wordcount>
    <wordcount weight="6" > box </wordcount>
    <wordcount weight="6" > be </wordcount>
    <wordcount weight="5" > f </wordcount>
    <wordcount weight="5" > second </wordcount>
    <wordcount weight="5" > lot </wordcount>
    <wordcount weight="5" > salsola </wordcount>
    <wordcount weight="5" > that </wordcount>
    <wordcount weight="5" > taken </wordcount>
    <wordcount weight="5" > hymenoclea </wordcount>
    <wordcount weight="5" > each </wordcount>
    <wordcount weight="5" > gray </wordcount>
    <wordcount weight="5" > which </wordcount>
    <wordcount weight="5" > c </wordcount>
    <wordcount weight="5" > simmondsia </wordcount>
    <wordcount weight="4" > may </wordcount>
    <wordcount weight="4" > chinensis </wordcount>
    <wordcount weight="4" > one </wordcount>
    <wordcount weight="4" > percentage </wordcount>
    <wordcount weight="4" > or </wordcount>
    <wordcount weight="4" > light </wordcount>
    <wordcount weight="4" > first </wordcount>
    <wordcount weight="4" > dumosa </wordcount>
    <wordcount weight="4" > placed </wordcount>
    <wordcount weight="4" > treated </wordcount>
    <wordcount weight="4" > franseria </wordcount>
    <wordcount weight="4" > encelia </wordcount>
    <wordcount weight="4" > as </wordcount>
    <wordcount weight="4" > propagated </wordcount>
    <wordcount weight="4" > relative </wordcount>
    <wordcount weight="3" > various </wordcount>
    <wordcount weight="3" > growth </wordcount>
    <wordcount weight="3" > propagation </wordcount>
    <wordcount weight="3" > b </wordcount>
    <wordcount weight="3" > not </wordcount>
    <wordcount weight="3" > under </wordcount>
    <wordcount weight="3" > hours </wordcount>
    <wordcount weight="3" > into </wordcount>
    <wordcount weight="3" > schottü </wordcount>
    <wordcount weight="3" > two </wordcount>
    <wordcount weight="3" > only </wordcount>
    <wordcount weight="3" > isomeris </wordcount>
    <wordcount weight="3" > natural </wordcount>
    <wordcount weight="3" > control </wordcount>
    <wordcount weight="3" > water </wordcount>
    <wordcount weight="3" > dalea </wordcount>
    <wordcount weight="3" > shrubs </wordcount>
    <wordcount weight="3" > linearis </wordcount>
    <wordcount weight="3" > r </wordcount>
    <wordcount weight="3" > greggii </wordcount>
    <wordcount weight="3" > arborea </wordcount>
    <wordcount weight="3" > this </wordcount>
    <wordcount weight="3" > g </wordcount>
    <wordcount weight="3" > solution </wordcount>
    <wordcount weight="3" > plant </wordcount>
    <wordcount weight="3" > rooted </wordcount>
    <wordcount weight="3" > schottii </wordcount>
    <wordcount weight="2" > at </wordcount>
    <wordcount weight="2" > periods </wordcount>
    <wordcount weight="2" > ana </wordcount>
    <wordcount weight="2" > inch </wordcount>
    <wordcount weight="2" > proc </wordcount>
    <wordcount weight="2" > clonal </wordcount>
    <wordcount weight="2" > acid </wordcount>
    <wordcount weight="2" > chase </wordcount>
    <wordcount weight="2" > l </wordcount>
    <wordcount weight="2" > sonoran </wordcount>
    <wordcount weight="2" > peucephyllum </wordcount>
    <wordcount weight="2" > determine </wordcount>
    <wordcount weight="2" > pluchea </wordcount>
    <wordcount weight="2" > per </wordcount>
    <wordcount weight="2" > remaining </wordcount>
    <wordcount weight="2" > group </wordcount>
    <wordcount weight="2" > perennial </wordcount>
    <wordcount weight="2" > indicate </wordcount>
    <wordcount weight="2" > single </wordcount>
    <wordcount weight="2" > is </wordcount>
    <wordcount weight="2" > formed </wordcount>
    <wordcount weight="2" > table </wordcount>
    <wordcount weight="2" > pis </wordcount>
    <wordcount weight="2" > chilopsis </wordcount>
    <wordcount weight="2" > cercidium </wordcount>
    <wordcount weight="2" > santa </wordcount>
    <wordcount weight="2" > any </wordcount>
    <wordcount weight="2" > numbers </wordcount>
    <wordcount weight="2" > induced </wordcount>
    <wordcount weight="2" > are </wordcount>
    <wordcount weight="2" > ornamental </wordcount>
    <wordcount weight="2" > t </wordcount>
    <wordcount weight="2" > members </wordcount>
    <wordcount weight="2" > all </wordcount>
    <wordcount weight="2" > j </wordcount>
    <wordcount weight="2" > humidity </wordcount>
    <wordcount weight="2" > root </wordcount>
    <wordcount weight="2" > s </wordcount>
    <wordcount weight="2" > other </wordcount>
    <wordcount weight="2" > treatment </wordcount>
    <wordcount weight="2" > could </wordcount>
    <wordcount weight="2" > ephedra </wordcount>
    <wordcount weight="2" > p </wordcount>
    <wordcount weight="2" > report </wordcount>
    <wordcount weight="2" > while </wordcount>
    <wordcount weight="2" > variation </wordcount>
    <wordcount weight="2" > acacia </wordcount>
    <wordcount weight="2" > torr </wordcount>
    <wordcount weight="2" > nutrient </wordcount>
    <wordcount weight="2" > soc </wordcount>
    <wordcount weight="2" > larrea </wordcount>
    <wordcount weight="2" > california </wordcount>
    <wordcount weight="2" > material </wordcount>
    <wordcount weight="2" > has </wordcount>
    <wordcount weight="2" > number </wordcount>
    <wordcount weight="2" > march </wordcount>
    <wordcount weight="2" > well </wordcount>
    <wordcount weight="2" > used </wordcount>
    <wordcount weight="2" > divaricata </wordcount>
    <wordcount weight="2" > farinosa </wordcount>
    <wordcount weight="2" > bottom </wordcount>
    <wordcount weight="2" > genetic </wordcount>
    <wordcount weight="2" > schneid </wordcount>
    <wordcount weight="2" > its </wordcount>
    <wordcount weight="2" > minimum </wordcount>
    <wordcount weight="2" > during </wordcount>
    <wordcount weight="2" > garden </wordcount>
    <wordcount weight="2" > work </wordcount>
    <wordcount weight="2" > commercial </wordcount>
    <wordcount weight="2" > с </wordcount>
    <wordcount weight="2" > average </wordcount>
    <wordcount weight="2" > three </wordcount>
    <wordcount weight="2" > botanic </wordcount>
    <wordcount weight="2" > high </wordcount>
    <wordcount weight="2" > vegetative </wordcount>
    <wordcount weight="2" > provides </wordcount>
    <wordcount weight="2" > heat </wordcount>
    <wordcount weight="2" > hort </wordcount>
    <wordcount weight="2" > am </wordcount>
    <wordcount weight="2" > june </wordcount>
    <wordcount weight="2" > nutt </wordcount>
    <wordcount weight="2" > respectively </wordcount>
    <wordcount weight="2" > parenthesis </wordcount>
    <wordcount weight="2" > sci </wordcount>
    <wordcount weight="2" > maximum </wordcount>
    <wordcount weight="2" > photoperiod </wordcount>
    <wordcount weight="2" > physiological </wordcount>
    <wordcount weight="2" > little </wordcount>
    <wordcount weight="2" > than </wordcount>
    <wordcount weight="2" > recent </wordcount>
    <wordcount weight="2" > rancho </wordcount>
    <wordcount weight="2" > juliflora </wordcount>
    <wordcount weight="1" > sa </wordcount>
    <wordcount weight="1" > it </wordcount>
    <wordcount weight="1" > undergraduate </wordcount>
    <wordcount weight="1" > jubatum </wordcount>
    <wordcount weight="1" > o </wordcount>
    <wordcount weight="1" > york </wordcount>
    <wordcount weight="1" > no </wordcount>
    <wordcount weight="1" > education </wordcount>
    <wordcount weight="1" > collected </wordcount>
    <wordcount weight="1" > his </wordcount>
    <wordcount weight="1" > science </wordcount>
    <wordcount weight="1" > substances </wordcount>
    <wordcount weight="1" > ecological </wordcount>
    <wordcount weight="1" > cent </wordcount>
    <wordcount weight="1" > carnegie </wordcount>
    <wordcount weight="1" > everett </wordcount>
    <wordcount weight="1" > testing </wordcount>
    <wordcount weight="1" > comparative </wordcount>
    <wordcount weight="1" > program </wordcount>
    <wordcount weight="1" > sericea </wordcount>
    <wordcount weight="1" > plastic </wordcount>
    <wordcount weight="1" > bags </wordcount>
    <wordcount weight="1" > cut </wordcount>
    <wordcount weight="1" > responded </wordcount>
    <wordcount weight="1" > assurance </wordcount>
    <wordcount weight="1" > arino </wordcount>
    <wordcount weight="1" > shrub </wordcount>
    <wordcount weight="1" > precluded </wordcount>
    <wordcount weight="1" > success </wordcount>
    <wordcount weight="1" > above </wordcount>
    <wordcount weight="1" > returned </wordcount>
    <wordcount weight="1" > earlier </wordcount>
    <wordcount weight="1" > eight </wordcount>
    <wordcount weight="1" > solutions </wordcount>
    <wordcount weight="1" > fluorescent </wordcount>
    <wordcount weight="1" > life </wordcount>
    <wordcount weight="1" > k </wordcount>
    <wordcount weight="1" > soaked </wordcount>
    <wordcount weight="1" > analysis </wordcount>
    <wordcount weight="1" > enhance </wordcount>
    <wordcount weight="1" > vely </wordcount>
    <wordcount weight="1" > yucca </wordcount>
    <wordcount weight="1" > about </wordcount>
    <wordcount weight="1" > aerated </wordcount>
    <wordcount weight="1" > factors </wordcount>
    <wordcount weight="1" > h </wordcount>
    <wordcount weight="1" > wash </wordcount>
    <wordcount weight="1" > cav </wordcount>
    <wordcount weight="1" > greenhouse </wordcount>
    <wordcount weight="1" > university </wordcount>
    <wordcount weight="1" > suggestions </wordcount>
    <wordcount weight="1" > proposed </wordcount>
    <wordcount weight="1" > culture </wordcount>
    <wordcount weight="1" > pots </wordcount>
    <wordcount weight="1" > days </wordcount>
    <wordcount weight="1" > growing </wordcount>
    <wordcount weight="1" > same </wordcount>
    <wordcount weight="1" > senior </wordcount>
    <wordcount weight="1" > ed </wordcount>
    <wordcount weight="1" > hordeum </wordcount>
    <wordcount weight="1" > outlined </wordcount>
    <wordcount weight="1" > baker </wordcount>
    <wordcount weight="1" > four </wordcount>
    <wordcount weight="1" > most </wordcount>
    <wordcount weight="1" > test </wordcount>
    <wordcount weight="1" > riverside </wordcount>
    <wordcount weight="1" > being </wordcount>
    <wordcount weight="1" > maintained </wordcount>
    <wordcount weight="1" > elicited </wordcount>
    <wordcount weight="1" > known </wordcount>
    <wordcount weight="1" > fairly </wordcount>
    <wordcount weight="1" > chiiopsis </wordcount>
    <wordcount weight="1" > serica </wordcount>
    <wordcount weight="1" > more </wordcount>
    <wordcount weight="1" > pasadena </wordcount>
    <wordcount weight="1" > ornica </wordcount>
    <wordcount weight="1" > stated </wordcount>
    <wordcount weight="1" > forty </wordcount>
    <wordcount weight="1" > palm </wordcount>
    <wordcount weight="1" > genecology </wordcount>
    <wordcount weight="1" > dc </wordcount>
    <wordcount weight="1" > history </wordcount>
    <wordcount weight="1" > intraspecific </wordcount>
    <wordcount weight="1" > many </wordcount>
    <wordcount weight="1" > been </wordcount>
    <wordcount weight="1" > had </wordcount>
    <wordcount weight="1" > powder </wordcount>
    <wordcount weight="1" > containing </wordcount>
    <wordcount weight="1" > came </wordcount>
    <wordcount weight="1" > acceptable </wordcount>
    <wordcount weight="1" > lack </wordcount>
    <wordcount weight="1" > sampling </wordcount>
    <wordcount weight="1" > concentration </wordcount>
    <wordcount weight="1" > did </wordcount>
    <wordcount weight="1" > ft </wordcount>
    <wordcount weight="1" > our </wordcount>
    <wordcount weight="1" > daily </wordcount>
    <wordcount weight="1" > genus </wordcount>
    <wordcount weight="1" > bush </wordcount>
    <wordcount weight="1" > predominant </wordcount>
    <wordcount weight="1" > treatments </wordcount>
    <wordcount weight="1" > foundation </wordcount>
    <wordcount weight="1" > pubi </wordcount>
    <wordcount weight="1" > changed </wordcount>
    <wordcount weight="1" > abbey </wordcount>
    <wordcount weight="1" > new </wordcount>
    <wordcount weight="1" > link </wordcount>
    <wordcount weight="1" > к </wordcount>
    <wordcount weight="1" > facilitate </wordcount>
    <wordcount weight="1" > author </wordcount>
    <wordcount weight="1" > vegetati </wordcount>
    <wordcount weight="1" > weekly </wordcount>
    <wordcount weight="1" > bulbs </wordcount>
    <wordcount weight="1" > i </wordcount>
    <wordcount weight="1" > subsequent </wordcount>
    <wordcount weight="1" > vegetation </wordcount>
    <wordcount weight="1" > gove </wordcount>
    <wordcount weight="1" > better </wordcount>
    <wordcount weight="1" > conclusions </wordcount>
    <wordcount weight="1" > further </wordcount>
    <wordcount weight="1" > respond </wordcount>
    <wordcount weight="1" > mr </wordcount>
    <wordcount weight="1" > those </wordcount>
    <wordcount weight="1" > neighboring </wordcount>
    <wordcount weight="1" > investigations </wordcount>
    <wordcount weight="1" > differences </wordcount>
    <wordcount weight="1" > heating </wordcount>
    <wordcount weight="1" > within </wordcount>
    <wordcount weight="1" > moderate </wordcount>
    <wordcount weight="1" > aspects </wordcount>
    <wordcount weight="1" > cactaceae </wordcount>
    <wordcount weight="1" > selected </wordcount>
    <wordcount weight="1" > form </wordcount>
    <wordcount weight="1" > less </wordcount>
    <wordcount weight="1" > intensity </wordcount>
    <wordcount weight="1" > environmental </wordcount>
    <wordcount weight="1" > calif </wordcount>
    <wordcount weight="1" > excellent </wordcount>
    <wordcount weight="1" > can </wordcount>
    <wordcount weight="1" > chìnensis </wordcount>
    <wordcount weight="1" > inert </wordcount>
    <wordcount weight="1" > supplemented </wordcount>
    <wordcount weight="1" > madroño </wordcount>
    <wordcount weight="1" > near </wordcount>
    <wordcount weight="1" > planted </wordcount>
    <wordcount weight="1" > possibility </wordcount>
    <wordcount weight="1" > degree </wordcount>
    <wordcount weight="1" > suspended </wordcount>
    <wordcount weight="1" > information </wordcount>
    <wordcount weight="1" > gardens </wordcount>
    <wordcount weight="1" > intersci </wordcount>
    <wordcount weight="1" > divided </wordcount>
    <wordcount weight="1" > averaged </wordcount>
    <wordcount weight="1" > strain </wordcount>
    <wordcount weight="1" > pr </wordcount>
    <wordcount weight="1" > photoperiods </wordcount>
    <wordcount weight="1" > dipped </wordcount>
    <wordcount weight="1" > juli </wordcount>
    <wordcount weight="1" > transplanted </wordcount>
    <wordcount weight="1" > level </wordcount>
    <wordcount weight="1" > exception </wordcount>
    <wordcount weight="1" > trees </wordcount>
    <wordcount weight="1" > nine </wordcount>
    <wordcount weight="1" > apart </wordcount>
    <wordcount weight="1" > significantly </wordcount>
    <wordcount weight="1" > succulents </wordcount>
    <wordcount weight="1" > parameter </wordcount>
    <wordcount weight="1" > indicating </wordcount>
    <wordcount weight="1" > cited </wordcount>
    <wordcount weight="1" > econ </wordcount>
    <wordcount weight="1" > department </wordcount>
    <wordcount weight="1" > techniques </wordcount>
    <wordcount weight="1" > literature </wordcount>
    <wordcount weight="1" > substance </wordcount>
    <wordcount weight="1" > sweet </wordcount>
    <wordcount weight="1" > obtain </wordcount>
    <wordcount weight="1" > collection </wordcount>
    <wordcount weight="1" > basipetal </wordcount>
    <wordcount weight="1" > controlled </wordcount>
    <wordcount weight="1" > wats </wordcount>
    <wordcount weight="1" > bot </wordcount>
    <wordcount weight="1" > indicates </wordcount>
    <wordcount weight="1" > thermistated </wordcount>
    <wordcount weight="1" > hour </wordcount>
    <wordcount weight="1" > jojoba </wordcount>
    <wordcount weight="1" > laboratory </wordcount>
    <wordcount weight="1" > transported </wordcount>
    <wordcount weight="1" > benth </wordcount>
    <wordcount weight="1" > previous </wordcount>
    <wordcount weight="1" > opis </wordcount>
    <wordcount weight="1" > employed </wordcount>
    <wordcount weight="1" > formation </wordcount>
    <wordcount weight="1" > plantlets </wordcount>
    <wordcount weight="1" > propagating </wordcount>
    <wordcount weight="1" > environmentally </wordcount>
    <wordcount weight="1" > grant </wordcount>
    <wordcount weight="1" > years </wordcount>
    <wordcount weight="1" > hormones </wordcount>
    <wordcount weight="1" > percy </wordcount>
    <wordcount weight="1" > ali </wordcount>
    <wordcount weight="1" > fouquieria </wordcount>
    <wordcount weight="1" > national </wordcount>
    <wordcount weight="1" > morphological </wordcount>
    <wordcount weight="1" > maintenance </wordcount>
    <wordcount weight="1" > valerie </wordcount>
    <wordcount weight="1" > relatively </wordcount>
    <wordcount weight="1" > ease </wordcount>
    <wordcount weight="1" > fresh </wordcount>
    <wordcount weight="1" > individual </wordcount>
    <wordcount weight="1" > grown </wordcount>
    <wordcount weight="1" > although </wordcount>
    <wordcount weight="1" > caused </wordcount>
    <wordcount weight="1" > meahl </wordcount>
    <wordcount weight="1" > d </wordcount>
    <wordcount weight="1" > cultural </wordcount>
    <wordcount weight="1" > application </wordcount>
    <wordcount weight="1" > ray </wordcount>
    <wordcount weight="1" > untreated </wordcount>
    <wordcount weight="1" > stage </wordcount>
    <wordcount weight="1" > values </wordcount>
    <wordcount weight="1" > effects </wordcount>
    <wordcount weight="1" > after </wordcount>
    <wordcount weight="1" > advances </wordcount>
    <wordcount weight="1" > floridum </wordcount>
    <wordcount weight="1" > splendens </wordcount>
    <wordcount weight="1" > tape </wordcount>
    <wordcount weight="1" > ranged </wordcount>
    <wordcount weight="1" > artificial </wordcount>
    <wordcount weight="1" > inst </wordcount>
    <wordcount weight="1" > summary </wordcount>
    <wordcount weight="1" > several </wordcount>
    <wordcount weight="1" > flora </wordcount>
    <wordcount weight="1" > soil </wordcount>
    <wordcount weight="1" > concerning </wordcount>
    <wordcount weight="1" > random </wordcount>
    <wordcount weight="1" > contrary </wordcount>
    <wordcount weight="1" > response </wordcount>
    <wordcount weight="1" > prompted </wordcount>
    <wordcount weight="1" > proso </wordcount>
    <wordcount weight="1" > rhizomes </wordcount>
    <wordcount weight="1" > research </wordcount>
    <wordcount weight="1" > compared </wordcount>
    <wordcount weight="1" > pro </wordcount>
    <wordcount weight="1" > continuous </wordcount>
    <wordcount weight="1" > effect </wordcount>
    <wordcount weight="1" > о </wordcount>
    <wordcount weight="1" > temperatures </wordcount>
    <wordcount weight="1" > vermiculite </wordcount>
    <wordcount weight="1" > died </wordcount>
    <wordcount weight="1" > student </wordcount>
    <wordcount weight="1" > os </wordcount>
    <wordcount weight="1" > we </wordcount>
    <wordcount weight="1" > establishment </wordcount>
    <wordcount weight="1" > roots </wordcount>
    <wordcount weight="1" > general </wordcount>
    <wordcount weight="1" > grateful </wordcount>
    <wordcount weight="1" > provided </wordcount>
    <wordcount weight="1" > showed </wordcount>
    <wordcount weight="1" > influence </wordcount>
    <wordcount weight="1" > equal </wordcount>
    <wordcount weight="1" > prosopis </wordcount>
    <wordcount weight="1" > manner </wordcount>
    <wordcount weight="1" > poorly </wordcount>
</article>
