<?xml version="1.0" encoding="UTF-8"?>
<article id="10.2307/1218836" >
    <wordcount weight="106" > the </wordcount>
    <wordcount weight="91" > of </wordcount>
    <wordcount weight="46" > and </wordcount>
    <wordcount weight="41" > a </wordcount>
    <wordcount weight="39" > in </wordcount>
    <wordcount weight="24" > on </wordcount>
    <wordcount weight="19" > by </wordcount>
    <wordcount weight="18" > to </wordcount>
    <wordcount weight="15" > taxonomy </wordcount>
    <wordcount weight="14" > that </wordcount>
    <wordcount weight="13" > plant </wordcount>
    <wordcount weight="12" > with </wordcount>
    <wordcount weight="11" > for </wordcount>
    <wordcount weight="11" > which </wordcount>
    <wordcount weight="10" > at </wordcount>
    <wordcount weight="10" > as </wordcount>
    <wordcount weight="10" > is </wordcount>
    <wordcount weight="9" > new </wordcount>
    <wordcount weight="9" > this </wordcount>
    <wordcount weight="8" > or </wordcount>
    <wordcount weight="8" > are </wordcount>
    <wordcount weight="7" > it </wordcount>
    <wordcount weight="7" > one </wordcount>
    <wordcount weight="7" > methods </wordcount>
    <wordcount weight="7" > was </wordcount>
    <wordcount weight="7" > has </wordcount>
    <wordcount weight="6" > visual </wordcount>
    <wordcount weight="6" > modern </wordcount>
    <wordcount weight="6" > from </wordcount>
    <wordcount weight="6" > published </wordcount>
    <wordcount weight="6" > more </wordcount>
    <wordcount weight="6" > present </wordcount>
    <wordcount weight="6" > information </wordcount>
    <wordcount weight="6" > systematics </wordcount>
    <wordcount weight="6" > london </wordcount>
    <wordcount weight="6" > taxonomic </wordcount>
    <wordcount weight="6" > be </wordcount>
    <wordcount weight="6" > than </wordcount>
    <wordcount weight="5" > not </wordcount>
    <wordcount weight="5" > had </wordcount>
    <wordcount weight="5" > first </wordcount>
    <wordcount weight="5" > volume </wordcount>
    <wordcount weight="5" > papers </wordcount>
    <wordcount weight="5" > role </wordcount>
    <wordcount weight="5" > taxon </wordcount>
    <wordcount weight="5" > have </wordcount>
    <wordcount weight="5" > field </wordcount>
    <wordcount weight="4" > may </wordcount>
    <wordcount weight="4" > rather </wordcount>
    <wordcount weight="4" > special </wordcount>
    <wordcount weight="4" > these </wordcount>
    <wordcount weight="4" > picture </wordcount>
    <wordcount weight="4" > also </wordcount>
    <wordcount weight="4" > chemotaxonomy </wordcount>
    <wordcount weight="4" > paper </wordcount>
    <wordcount weight="4" > accounts </wordcount>
    <wordcount weight="4" > well </wordcount>
    <wordcount weight="4" > conference </wordcount>
    <wordcount weight="4" > presented </wordcount>
    <wordcount weight="4" > very </wordcount>
    <wordcount weight="4" > an </wordcount>
    <wordcount weight="4" > developments </wordcount>
    <wordcount weight="4" > society </wordcount>
    <wordcount weight="3" > f </wordcount>
    <wordcount weight="3" > now </wordcount>
    <wordcount weight="3" > interesting </wordcount>
    <wordcount weight="3" > situation </wordcount>
    <wordcount weight="3" > his </wordcount>
    <wordcount weight="3" > ecological </wordcount>
    <wordcount weight="3" > been </wordcount>
    <wordcount weight="3" > brief </wordcount>
    <wordcount weight="3" > h </wordcount>
    <wordcount weight="3" > association </wordcount>
    <wordcount weight="3" > us </wordcount>
    <wordcount weight="3" > title </wordcount>
    <wordcount weight="3" > but </wordcount>
    <wordcount weight="3" > most </wordcount>
    <wordcount weight="3" > turner </wordcount>
    <wordcount weight="3" > book </wordcount>
    <wordcount weight="3" > m </wordcount>
    <wordcount weight="3" > serotaxonomy </wordcount>
    <wordcount weight="3" > berkeley </wordcount>
    <wordcount weight="3" > numerical </wordcount>
    <wordcount weight="3" > j </wordcount>
    <wordcount weight="3" > fact </wordcount>
    <wordcount weight="3" > d </wordcount>
    <wordcount weight="3" > other </wordcount>
    <wordcount weight="3" > time </wordcount>
    <wordcount weight="3" > far </wordcount>
    <wordcount weight="3" > review </wordcount>
    <wordcount weight="3" > academic </wordcount>
    <wordcount weight="3" > another </wordcount>
    <wordcount weight="3" > almost </wordcount>
    <wordcount weight="3" > emphasis </wordcount>
    <wordcount weight="3" > botany </wordcount>
    <wordcount weight="3" > systematic </wordcount>
    <wordcount weight="3" > such </wordcount>
    <wordcount weight="3" > held </wordcount>
    <wordcount weight="3" > general </wordcount>
    <wordcount weight="3" > symposium </wordcount>
    <wordcount weight="3" > like </wordcount>
    <wordcount weight="3" > no </wordcount>
    <wordcount weight="3" > so </wordcount>
    <wordcount weight="3" > earlier </wordcount>
    <wordcount weight="3" > become </wordcount>
    <wordcount weight="3" > generation </wordcount>
    <wordcount weight="3" > geographical </wordcount>
    <wordcount weight="2" > increasing </wordcount>
    <wordcount weight="2" > he </wordcount>
    <wordcount weight="2" > york </wordcount>
    <wordcount weight="2" > whose </wordcount>
    <wordcount weight="2" > today </wordcount>
    <wordcount weight="2" > variety </wordcount>
    <wordcount weight="2" > various </wordcount>
    <wordcount weight="2" > science </wordcount>
    <wordcount weight="2" > main </wordcount>
    <wordcount weight="2" > synthesis </wordcount>
    <wordcount weight="2" > overall </wordcount>
    <wordcount weight="2" > genecology </wordcount>
    <wordcount weight="2" > square </wordcount>
    <wordcount weight="2" > others </wordcount>
    <wordcount weight="2" > itself </wordcount>
    <wordcount weight="2" > they </wordcount>
    <wordcount weight="2" > similar </wordcount>
    <wordcount weight="2" > b </wordcount>
    <wordcount weight="2" > their </wordcount>
    <wordcount weight="2" > emphasizes </wordcount>
    <wordcount weight="2" > contributions </wordcount>
    <wordcount weight="2" > birmingham </wordcount>
    <wordcount weight="2" > edited </wordcount>
    <wordcount weight="2" > yet </wordcount>
    <wordcount weight="2" > studies </wordcount>
    <wordcount weight="2" > biology </wordcount>
    <wordcount weight="2" > linnean </wordcount>
    <wordcount weight="2" > into </wordcount>
    <wordcount weight="2" > presents </wordcount>
    <wordcount weight="2" > organized </wordcount>
    <wordcount weight="2" > any </wordcount>
    <wordcount weight="2" > section </wordcount>
    <wordcount weight="2" > impact </wordcount>
    <wordcount weight="2" > experimental </wordcount>
    <wordcount weight="2" > w </wordcount>
    <wordcount weight="2" > nowadays </wordcount>
    <wordcount weight="2" > begins </wordcount>
    <wordcount weight="2" > theme </wordcount>
    <wordcount weight="2" > t </wordcount>
    <wordcount weight="2" > all </wordcount>
    <wordcount weight="2" > many </wordcount>
    <wordcount weight="2" > five </wordcount>
    <wordcount weight="2" > words </wordcount>
    <wordcount weight="2" > simple </wordcount>
    <wordcount weight="2" > molecular </wordcount>
    <wordcount weight="2" > v </wordcount>
    <wordcount weight="2" > what </wordcount>
    <wordcount weight="2" > reviews </wordcount>
    <wordcount weight="2" > aspects </wordcount>
    <wordcount weight="2" > british </wordcount>
    <wordcount weight="2" > evaluation </wordcount>
    <wordcount weight="2" > botanical </wordcount>
    <wordcount weight="2" > perhaps </wordcount>
    <wordcount weight="2" > books </wordcount>
    <wordcount weight="2" > endproducts </wordcount>
    <wordcount weight="2" > gives </wordcount>
    <wordcount weight="2" > shape </wordcount>
    <wordcount weight="2" > heywood </wordcount>
    <wordcount weight="2" > account </wordcount>
    <wordcount weight="2" > application </wordcount>
    <wordcount weight="2" > status </wordcount>
    <wordcount weight="2" > some </wordcount>
    <wordcount weight="2" > data </wordcount>
    <wordcount weight="2" > used </wordcount>
    <wordcount weight="2" > illustrate </wordcount>
    <wordcount weight="2" > pluriformity </wordcount>
    <wordcount weight="2" > hawkes </wordcount>
    <wordcount weight="2" > combination </wordcount>
    <wordcount weight="2" > biochemical </wordcount>
    <wordcount weight="2" > subvisual </wordcount>
    <wordcount weight="2" > its </wordcount>
    <wordcount weight="2" > newest </wordcount>
    <wordcount weight="2" > computers </wordcount>
    <wordcount weight="2" > whole </wordcount>
    <wordcount weight="2" > year </wordcount>
    <wordcount weight="2" > use </wordcount>
    <wordcount weight="2" > refined </wordcount>
    <wordcount weight="2" > contains </wordcount>
    <wordcount weight="2" > ideas </wordcount>
    <wordcount weight="2" > buckram </wordcount>
    <wordcount weight="2" > were </wordcount>
    <wordcount weight="2" > electron </wordcount>
    <wordcount weight="2" > synthetic </wordcount>
    <wordcount weight="2" > proteins </wordcount>
    <wordcount weight="2" > importance </wordcount>
    <wordcount weight="2" > numerous </wordcount>
    <wordcount weight="2" > author </wordcount>
    <wordcount weight="2" > isles </wordcount>
    <wordcount weight="2" > good </wordcount>
    <wordcount weight="2" > relatively </wordcount>
    <wordcount weight="2" > unending </wordcount>
    <wordcount weight="2" > price </wordcount>
    <wordcount weight="2" > obtained </wordcount>
    <wordcount weight="2" > stafleu </wordcount>
    <wordcount weight="2" > extremely </wordcount>
    <wordcount weight="2" > characteristics </wordcount>
    <wordcount weight="2" > wider </wordcount>
    <wordcount weight="2" > highly </wordcount>
    <wordcount weight="2" > frans </wordcount>
    <wordcount weight="2" > single </wordcount>
    <wordcount weight="2" > can </wordcount>
    <wordcount weight="2" > symposia </wordcount>
    <wordcount weight="2" > when </wordcount>
    <wordcount weight="2" > recent </wordcount>
    <wordcount weight="1" > diversify </wordcount>
    <wordcount weight="1" > seems </wordcount>
    <wordcount weight="1" > four </wordcount>
    <wordcount weight="1" > enough </wordcount>
    <wordcount weight="1" > will </wordcount>
    <wordcount weight="1" > depth </wordcount>
    <wordcount weight="1" > go </wordcount>
    <wordcount weight="1" > critical </wordcount>
    <wordcount weight="1" > take </wordcount>
    <wordcount weight="1" > dale </wordcount>
    <wordcount weight="1" > via </wordcount>
    <wordcount weight="1" > second </wordcount>
    <wordcount weight="1" > backward </wordcount>
    <wordcount weight="1" > note </wordcount>
    <wordcount weight="1" > independent </wordcount>
    <wordcount weight="1" > later </wordcount>
    <wordcount weight="1" > l </wordcount>
    <wordcount weight="1" > phylogeny </wordcount>
    <wordcount weight="1" > groups </wordcount>
    <wordcount weight="1" > corporate </wordcount>
    <wordcount weight="1" > metcalf </wordcount>
    <wordcount weight="1" > taxonomist </wordcount>
    <wordcount weight="1" > compatible </wordcount>
    <wordcount weight="1" > fields </wordcount>
    <wordcount weight="1" > ultrafine </wordcount>
    <wordcount weight="1" > techniques </wordcount>
    <wordcount weight="1" > play </wordcount>
    <wordcount weight="1" > affected </wordcount>
    <wordcount weight="1" > resulted </wordcount>
    <wordcount weight="1" > cullen </wordcount>
    <wordcount weight="1" > wlx </wordcount>
    <wordcount weight="1" > outburst </wordcount>
    <wordcount weight="1" > brings </wordcount>
    <wordcount weight="1" > e </wordcount>
    <wordcount weight="1" > mean </wordcount>
    <wordcount weight="1" > who </wordcount>
    <wordcount weight="1" > prove </wordcount>
    <wordcount weight="1" > realizes </wordcount>
    <wordcount weight="1" > detailed </wordcount>
    <wordcount weight="1" > still </wordcount>
    <wordcount weight="1" > above </wordcount>
    <wordcount weight="1" > stearn </wordcount>
    <wordcount weight="1" > introduction </wordcount>
    <wordcount weight="1" > starts </wordcount>
    <wordcount weight="1" > illustrating </wordcount>
    <wordcount weight="1" > make </wordcount>
    <wordcount weight="1" > deals </wordcount>
    <wordcount weight="1" > monocotyledons </wordcount>
    <wordcount weight="1" > excretions </wordcount>
    <wordcount weight="1" > certain </wordcount>
    <wordcount weight="1" > outer </wordcount>
    <wordcount weight="1" > large </wordcount>
    <wordcount weight="1" > plasticity </wordcount>
    <wordcount weight="1" > methodology </wordcount>
    <wordcount weight="1" > covering </wordcount>
    <wordcount weight="1" > replaced </wordcount>
    <wordcount weight="1" > tends </wordcount>
    <wordcount weight="1" > changes </wordcount>
    <wordcount weight="1" > elaborate </wordcount>
    <wordcount weight="1" > ample </wordcount>
    <wordcount weight="1" > herbarium </wordcount>
    <wordcount weight="1" > anno </wordcount>
    <wordcount weight="1" > explosively </wordcount>
    <wordcount weight="1" > elaboration </wordcount>
    <wordcount weight="1" > exists </wordcount>
    <wordcount weight="1" > approaches </wordcount>
    <wordcount weight="1" > eighteen </wordcount>
    <wordcount weight="1" > devoted </wordcount>
    <wordcount weight="1" > pp </wordcount>
    <wordcount weight="1" > serology </wordcount>
    <wordcount weight="1" > resemble </wordcount>
    <wordcount weight="1" > microscope </wordcount>
    <wordcount weight="1" > considerations </wordcount>
    <wordcount weight="1" > under </wordcount>
    <wordcount weight="1" > issue </wordcount>
    <wordcount weight="1" > chemosystematics </wordcount>
    <wordcount weight="1" > university </wordcount>
    <wordcount weight="1" > nucleic </wordcount>
    <wordcount weight="1" > haemoglobin </wordcount>
    <wordcount weight="1" > detail </wordcount>
    <wordcount weight="1" > macromolecular </wordcount>
    <wordcount weight="1" > processing </wordcount>
    <wordcount weight="1" > symptomatic </wordcount>
    <wordcount weight="1" > included </wordcount>
    <wordcount weight="1" > then </wordcount>
    <wordcount weight="1" > instance </wordcount>
    <wordcount weight="1" > complete </wordcount>
    <wordcount weight="1" > proposed </wordcount>
    <wordcount weight="1" > days </wordcount>
    <wordcount weight="1" > repercussions </wordcount>
    <wordcount weight="1" > exemplified </wordcount>
    <wordcount weight="1" > source </wordcount>
    <wordcount weight="1" > mentioned </wordcount>
    <wordcount weight="1" > excellence </wordcount>
    <wordcount weight="1" > too </wordcount>
    <wordcount weight="1" > already </wordcount>
    <wordcount weight="1" > themes </wordcount>
    <wordcount weight="1" > two </wordcount>
    <wordcount weight="1" > shorter </wordcount>
    <wordcount weight="1" > surface </wordcount>
    <wordcount weight="1" > beyond </wordcount>
    <wordcount weight="1" > satisfactory </wordcount>
    <wordcount weight="1" > useful </wordcount>
    <wordcount weight="1" > titles </wordcount>
    <wordcount weight="1" > long </wordcount>
    <wordcount weight="1" > lead </wordcount>
    <wordcount weight="1" > june </wordcount>
    <wordcount weight="1" > here </wordcount>
    <wordcount weight="1" > wax </wordcount>
    <wordcount weight="1" > sections </wordcount>
    <wordcount weight="1" > taken </wordcount>
    <wordcount weight="1" > important </wordcount>
    <wordcount weight="1" > chemotaxonomic </wordcount>
    <wordcount weight="1" > know </wordcount>
    <wordcount weight="1" > toward </wordcount>
    <wordcount weight="1" > again </wordcount>
    <wordcount weight="1" > might </wordcount>
    <wordcount weight="1" > academy </wordcount>
    <wordcount weight="1" > sixties </wordcount>
    <wordcount weight="1" > put </wordcount>
    <wordcount weight="1" > wix </wordcount>
    <wordcount weight="1" > whereas </wordcount>
    <wordcount weight="1" > greater </wordcount>
    <wordcount weight="1" > character </wordcount>
    <wordcount weight="1" > yielding </wordcount>
    <wordcount weight="1" > did </wordcount>
    <wordcount weight="1" > speaks </wordcount>
    <wordcount weight="1" > par </wordcount>
    <wordcount weight="1" > handling </wordcount>
    <wordcount weight="1" > based </wordcount>
    <wordcount weight="1" > sooner </wordcount>
    <wordcount weight="1" > seem </wordcount>
    <wordcount weight="1" > treatment </wordcount>
    <wordcount weight="1" > transmission </wordcount>
    <wordcount weight="1" > best </wordcount>
    <wordcount weight="1" > twenty </wordcount>
    <wordcount weight="1" > indicate </wordcount>
    <wordcount weight="1" > subdiscipline </wordcount>
    <wordcount weight="1" > great </wordcount>
    <wordcount weight="1" > called </wordcount>
    <wordcount weight="1" > exines </wordcount>
    <wordcount weight="1" > current </wordcount>
    <wordcount weight="1" > p </wordcount>
    <wordcount weight="1" > rich </wordcount>
    <wordcount weight="1" > liverpool </wordcount>
    <wordcount weight="1" > out </wordcount>
    <wordcount weight="1" > studied </wordcount>
    <wordcount weight="1" > classical </wordcount>
    <wordcount weight="1" > concludes </wordcount>
    <wordcount weight="1" > variation </wordcount>
    <wordcount weight="1" > survey </wordcount>
    <wordcount weight="1" > generalized </wordcount>
    <wordcount weight="1" > evolving </wordcount>
    <wordcount weight="1" > i </wordcount>
    <wordcount weight="1" > marches </wordcount>
    <wordcount weight="1" > achieved </wordcount>
    <wordcount weight="1" > display </wordcount>
    <wordcount weight="1" > works </wordcount>
    <wordcount weight="1" > assessment </wordcount>
    <wordcount weight="1" > last </wordcount>
    <wordcount weight="1" > herbaria </wordcount>
    <wordcount weight="1" > took </wordcount>
    <wordcount weight="1" > hand </wordcount>
    <wordcount weight="1" > animal </wordcount>
    <wordcount weight="1" > let </wordcount>
    <wordcount weight="1" > discipline </wordcount>
    <wordcount weight="1" > reading </wordcount>
    <wordcount weight="1" > where </wordcount>
    <wordcount weight="1" > mainly </wordcount>
    <wordcount weight="1" > literature </wordcount>
    <wordcount weight="1" > continuing </wordcount>
    <wordcount weight="1" > developing </wordcount>
    <wordcount weight="1" > proceedings </wordcount>
    <wordcount weight="1" > accepted </wordcount>
    <wordcount weight="1" > receives </wordcount>
    <wordcount weight="1" > whether </wordcount>
    <wordcount weight="1" > contents </wordcount>
    <wordcount weight="1" > population </wordcount>
    <wordcount weight="1" > less </wordcount>
    <wordcount weight="1" > ones </wordcount>
    <wordcount weight="1" > case </wordcount>
    <wordcount weight="1" > subdisciplines </wordcount>
    <wordcount weight="1" > excellent </wordcount>
    <wordcount weight="1" > independently </wordcount>
    <wordcount weight="1" > quote </wordcount>
    <wordcount weight="1" > sh </wordcount>
    <wordcount weight="1" > microbiology </wordcount>
    <wordcount weight="1" > molecules </wordcount>
    <wordcount weight="1" > forward </wordcount>
    <wordcount weight="1" > acids </wordcount>
    <wordcount weight="1" > mathematics </wordcount>
    <wordcount weight="1" > problem </wordcount>
    <wordcount weight="1" > extent </wordcount>
    <wordcount weight="1" > wide </wordcount>
    <wordcount weight="1" > nonvisual </wordcount>
    <wordcount weight="1" > draws </wordcount>
    <wordcount weight="1" > after </wordcount>
    <wordcount weight="1" > ecology </wordcount>
    <wordcount weight="1" > epidermology </wordcount>
    <wordcount weight="1" > degree </wordcount>
    <wordcount weight="1" > alston </wordcount>
    <wordcount weight="1" > representations </wordcount>
    <wordcount weight="1" > microscopy </wordcount>
    <wordcount weight="1" > wilkens </wordcount>
    <wordcount weight="1" > property </wordcount>
    <wordcount weight="1" > image </wordcount>
    <wordcount weight="1" > welcome </wordcount>
    <wordcount weight="1" > r </wordcount>
    <wordcount weight="1" > tempting </wordcount>
    <wordcount weight="1" > reveals </wordcount>
    <wordcount weight="1" > art </wordcount>
    <wordcount weight="1" > discussion </wordcount>
    <wordcount weight="1" > ehrendorfer </wordcount>
    <wordcount weight="1" > session </wordcount>
    <wordcount weight="1" > examples </wordcount>
    <wordcount weight="1" > radically </wordcount>
    <wordcount weight="1" > phenomena </wordcount>
    <wordcount weight="1" > made </wordcount>
    <wordcount weight="1" > leone </wordcount>
    <wordcount weight="1" > infraspecific </wordcount>
    <wordcount weight="1" > apparatus </wordcount>
    <wordcount weight="1" > characters </wordcount>
    <wordcount weight="1" > rapidity </wordcount>
    <wordcount weight="1" > apart </wordcount>
    <wordcount weight="1" > leads </wordcount>
    <wordcount weight="1" > although </wordcount>
    <wordcount weight="1" > part </wordcount>
    <wordcount weight="1" > including </wordcount>
    <wordcount weight="1" > advent </wordcount>
    <wordcount weight="1" > knowledge </wordcount>
    <wordcount weight="1" > press </wordcount>
    <wordcount weight="1" > correlation </wordcount>
    <wordcount weight="1" > penetrating </wordcount>
    <wordcount weight="1" > himself </wordcount>
    <wordcount weight="1" > wonder </wordcount>
    <wordcount weight="1" > disciplines </wordcount>
    <wordcount weight="1" > surprise </wordcount>
    <wordcount weight="1" > overview </wordcount>
    <wordcount weight="1" > hybridization </wordcount>
    <wordcount weight="1" > treatise </wordcount>
    <wordcount weight="1" > epidermal </wordcount>
    <wordcount weight="1" > micromolecules </wordcount>
    <wordcount weight="1" > discussions </wordcount>
    <wordcount weight="1" > collection </wordcount>
    <wordcount weight="1" > arguments </wordcount>
    <wordcount weight="1" > diversity </wordcount>
    <wordcount weight="1" > congress </wordcount>
    <wordcount weight="1" > metabolic </wordcount>
    <wordcount weight="1" > phanerogamy </wordcount>
    <wordcount weight="1" > central </wordcount>
    <wordcount weight="1" > varied </wordcount>
    <wordcount weight="1" > electrophoresis </wordcount>
    <wordcount weight="1" > holm </wordcount>
    <wordcount weight="1" > continue </wordcount>
    <wordcount weight="1" > our </wordcount>
    <wordcount weight="1" > come </wordcount>
    <wordcount weight="1" > away </wordcount>
    <wordcount weight="1" > we </wordcount>
    <wordcount weight="1" > montreal </wordcount>
    <wordcount weight="1" > differentiation </wordcount>
    <wordcount weight="1" > immediate </wordcount>
    <wordcount weight="1" > years </wordcount>
    <wordcount weight="1" > dynamics </wordcount>
    <wordcount weight="1" > development </wordcount>
    <wordcount weight="1" > scanning </wordcount>
    <wordcount weight="1" > discovered </wordcount>
    <wordcount weight="1" > illustrates </wordcount>
    <wordcount weight="1" > three </wordcount>
    <wordcount weight="1" > stomatography </wordcount>
    <wordcount weight="1" > authors </wordcount>
    <wordcount weight="1" > october </wordcount>
    <wordcount weight="1" > september </wordcount>
    <wordcount weight="1" > national </wordcount>
    <wordcount weight="1" > publication </wordcount>
    <wordcount weight="1" > g </wordcount>
    <wordcount weight="1" > karyotype </wordcount>
    <wordcount weight="1" > rapidly </wordcount>
    <wordcount weight="1" > makes </wordcount>
    <wordcount weight="1" > ranunculi </wordcount>
    <wordcount weight="1" > biochemistry </wordcount>
    <wordcount weight="1" > change </wordcount>
    <wordcount weight="1" > interchangeably </wordcount>
    <wordcount weight="1" > include </wordcount>
    <wordcount weight="1" > hectic </wordcount>
    <wordcount weight="1" > divisions </wordcount>
    <wordcount weight="1" > characterized </wordcount>
    <wordcount weight="1" > would </wordcount>
    <wordcount weight="1" > period </wordcount>
    <wordcount weight="1" > need </wordcount>
    <wordcount weight="1" > august </wordcount>
    <wordcount weight="1" > sterility </wordcount>
    <wordcount weight="1" > high </wordcount>
    <wordcount weight="1" > fairbrothers </wordcount>
    <wordcount weight="1" > extensively </wordcount>
    <wordcount weight="1" > level </wordcount>
    <wordcount weight="1" > next </wordcount>
    <wordcount weight="1" > harbored </wordcount>
    <wordcount weight="1" > kind </wordcount>
    <wordcount weight="1" > off </wordcount>
    <wordcount weight="1" > cases </wordcount>
    <wordcount weight="1" > shift </wordcount>
    <wordcount weight="1" > old </wordcount>
    <wordcount weight="1" > classification </wordcount>
    <wordcount weight="1" > person </wordcount>
    <wordcount weight="1" > patterns </wordcount>
    <wordcount weight="1" > treats </wordcount>
    <wordcount weight="1" > few </wordcount>
    <wordcount weight="1" > problems </wordcount>
    <wordcount weight="1" > profound </wordcount>
    <wordcount weight="1" > characterised </wordcount>
    <wordcount weight="1" > subjects </wordcount>
    <wordcount weight="1" > contrary </wordcount>
    <wordcount weight="1" > k </wordcount>
    <wordcount weight="1" > brenan </wordcount>
    <wordcount weight="1" > grow </wordcount>
    <wordcount weight="1" > evolutionary </wordcount>
    <wordcount weight="1" > often </wordcount>
    <wordcount weight="1" > alpine </wordcount>
    <wordcount weight="1" > concert </wordcount>
    <wordcount weight="1" > microscopes </wordcount>
    <wordcount weight="1" > reads </wordcount>
    <wordcount weight="1" > dramatic </wordcount>
    <wordcount weight="1" > research </wordcount>
    <wordcount weight="1" > themselves </wordcount>
    <wordcount weight="1" > essentially </wordcount>
    <wordcount weight="1" > phenotypic </wordcount>
    <wordcount weight="1" > compared </wordcount>
    <wordcount weight="1" > ann </wordcount>
    <wordcount weight="1" > effective </wordcount>
    <wordcount weight="1" > effect </wordcount>
    <wordcount weight="1" > impossible </wordcount>
    <wordcount weight="1" > biosynthetic </wordcount>
    <wordcount weight="1" > micromolecular </wordcount>
    <wordcount weight="1" > structure </wordcount>
    <wordcount weight="1" > barely </wordcount>
    <wordcount weight="1" > up </wordcount>
    <wordcount weight="1" > through </wordcount>
    <wordcount weight="1" > looks </wordcount>
    <wordcount weight="1" > even </wordcount>
    <wordcount weight="1" > sciences </wordcount>
    <wordcount weight="1" > given </wordcount>
    <wordcount weight="1" > instruments </wordcount>
    <wordcount weight="1" > look </wordcount>
    <wordcount weight="1" > results </wordcount>
    <wordcount weight="1" > world </wordcount>
    <wordcount weight="1" > technological </wordcount>
    <wordcount weight="1" > comparable </wordcount>
    <wordcount weight="1" > tendency </wordcount>
    <wordcount weight="1" > newly </wordcount>
    <wordcount weight="1" > lincoln </wordcount>
    <wordcount weight="1" > attention </wordcount>
    <wordcount weight="1" > sophistication </wordcount>
    <wordcount weight="1" > promising </wordcount>
    <wordcount weight="1" > species </wordcount>
    <wordcount weight="1" > attended </wordcount>
    <wordcount weight="1" > anatomy </wordcount>
    <wordcount weight="1" > readable </wordcount>
    <wordcount weight="1" > walls </wordcount>
</article>
