<?xml version="1.0" encoding="UTF-8"?>
<article id="10.2307/2407014" >
    <wordcount weight="352" > the </wordcount>
    <wordcount weight="275" > of </wordcount>
    <wordcount weight="262" > in </wordcount>
    <wordcount weight="242" > and </wordcount>
    <wordcount weight="101" > to </wordcount>
    <wordcount weight="99" > populations </wordcount>
    <wordcount weight="99" > between </wordcount>
    <wordcount weight="97" > plant </wordcount>
    <wordcount weight="87" > a </wordcount>
    <wordcount weight="80" > were </wordcount>
    <wordcount weight="76" > yield </wordcount>
    <wordcount weight="74" > on </wordcount>
    <wordcount weight="64" > morphological </wordcount>
    <wordcount weight="62" > with </wordcount>
    <wordcount weight="62" > differences </wordcount>
    <wordcount weight="55" > plots </wordcount>
    <wordcount weight="52" > environmental </wordcount>
    <wordcount weight="50" > height </wordcount>
    <wordcount weight="47" > from </wordcount>
    <wordcount weight="46" > june </wordcount>
    <wordcount weight="43" > for </wordcount>
    <wordcount weight="42" > population </wordcount>
    <wordcount weight="42" > characters </wordcount>
    <wordcount weight="41" > grass </wordcount>
    <wordcount weight="39" > panicle </wordcount>
    <wordcount weight="38" > at </wordcount>
    <wordcount weight="37" > park </wordcount>
    <wordcount weight="37" > correlated </wordcount>
    <wordcount weight="35" > collected </wordcount>
    <wordcount weight="32" > be </wordcount>
    <wordcount weight="30" > that </wordcount>
    <wordcount weight="30" > correlations </wordcount>
    <wordcount weight="29" > per </wordcount>
    <wordcount weight="29" > source </wordcount>
    <wordcount weight="27" > is </wordcount>
    <wordcount weight="27" > m </wordcount>
    <wordcount weight="27" > each </wordcount>
    <wordcount weight="26" > are </wordcount>
    <wordcount weight="24" > spaced </wordcount>
    <wordcount weight="24" > odoratum </wordcount>
    <wordcount weight="24" > have </wordcount>
    <wordcount weight="23" > was </wordcount>
    <wordcount weight="23" > within </wordcount>
    <wordcount weight="22" > herbage </wordcount>
    <wordcount weight="22" > weight </wordcount>
    <wordcount weight="21" > selection </wordcount>
    <wordcount weight="21" > these </wordcount>
    <wordcount weight="21" > soil </wordcount>
    <wordcount weight="19" > total </wordcount>
    <wordcount weight="19" > experiment </wordcount>
    <wordcount weight="19" > j </wordcount>
    <wordcount weight="19" > variation </wordcount>
    <wordcount weight="19" > vegetation </wordcount>
    <wordcount weight="19" > r </wordcount>
    <wordcount weight="19" > conditions </wordcount>
    <wordcount weight="19" > grown </wordcount>
    <wordcount weight="18" > not </wordcount>
    <wordcount weight="18" > table </wordcount>
    <wordcount weight="18" > closely </wordcount>
    <wordcount weight="18" > p </wordcount>
    <wordcount weight="18" > level </wordcount>
    <wordcount weight="18" > which </wordcount>
    <wordcount weight="18" > response </wordcount>
    <wordcount weight="17" > or </wordcount>
    <wordcount weight="17" > by </wordcount>
    <wordcount weight="17" > this </wordcount>
    <wordcount weight="17" > both </wordcount>
    <wordcount weight="17" > measured </wordcount>
    <wordcount weight="16" > ratio </wordcount>
    <wordcount weight="16" > but </wordcount>
    <wordcount weight="16" > w </wordcount>
    <wordcount weight="16" > most </wordcount>
    <wordcount weight="16" > correlation </wordcount>
    <wordcount weight="16" > vegetative </wordcount>
    <wordcount weight="15" > large </wordcount>
    <wordcount weight="15" > environment </wordcount>
    <wordcount weight="15" > mosaic </wordcount>
    <wordcount weight="15" > since </wordcount>
    <wordcount weight="15" > when </wordcount>
    <wordcount weight="15" > seed </wordcount>
    <wordcount weight="14" > been </wordcount>
    <wordcount weight="14" > i </wordcount>
    <wordcount weight="14" > reproductive </wordcount>
    <wordcount weight="14" > due </wordcount>
    <wordcount weight="14" > x </wordcount>
    <wordcount weight="14" > variables </wordcount>
    <wordcount weight="13" > mean </wordcount>
    <wordcount weight="13" > plants </wordcount>
    <wordcount weight="13" > plot </wordcount>
    <wordcount weight="13" > mildew </wordcount>
    <wordcount weight="13" > number </wordcount>
    <wordcount weight="13" > kg </wordcount>
    <wordcount weight="13" > some </wordcount>
    <wordcount weight="13" > than </wordcount>
    <wordcount weight="12" > flowering </wordcount>
    <wordcount weight="12" > other </wordcount>
    <wordcount weight="12" > physiological </wordcount>
    <wordcount weight="12" > contrasting </wordcount>
    <wordcount weight="12" > genotype </wordcount>
    <wordcount weight="12" > anthoxanthum </wordcount>
    <wordcount weight="12" > adaptive </wordcount>
    <wordcount weight="11" > snaydon </wordcount>
    <wordcount weight="11" > e </wordcount>
    <wordcount weight="11" > as </wordcount>
    <wordcount weight="11" > character </wordcount>
    <wordcount weight="11" > s </wordcount>
    <wordcount weight="11" > trial </wordcount>
    <wordcount weight="11" > upon </wordcount>
    <wordcount weight="11" > score </wordcount>
    <wordcount weight="11" > effects </wordcount>
    <wordcount weight="11" > several </wordcount>
    <wordcount weight="11" > those </wordcount>
    <wordcount weight="10" > it </wordcount>
    <wordcount weight="10" > fertilizer </wordcount>
    <wordcount weight="10" > genotypes </wordcount>
    <wordcount weight="10" > october </wordcount>
    <wordcount weight="9" > no </wordcount>
    <wordcount weight="9" > n </wordcount>
    <wordcount weight="9" > natural </wordcount>
    <wordcount weight="9" > two </wordcount>
    <wordcount weight="9" > more </wordcount>
    <wordcount weight="9" > could </wordcount>
    <wordcount weight="9" > treatments </wordcount>
    <wordcount weight="9" > based </wordcount>
    <wordcount weight="9" > tiller </wordcount>
    <wordcount weight="9" > genetic </wordcount>
    <wordcount weight="9" > g </wordcount>
    <wordcount weight="9" > their </wordcount>
    <wordcount weight="9" > fig </wordcount>
    <wordcount weight="8" > may </wordcount>
    <wordcount weight="8" > l </wordcount>
    <wordcount weight="8" > factors </wordcount>
    <wordcount weight="8" > studies </wordcount>
    <wordcount weight="8" > ii </wordcount>
    <wordcount weight="8" > date </wordcount>
    <wordcount weight="8" > trials </wordcount>
    <wordcount weight="8" > has </wordcount>
    <wordcount weight="8" > rust </wordcount>
    <wordcount weight="8" > heredity </wordcount>
    <wordcount weight="8" > evolution </wordcount>
    <wordcount weight="8" > years </wordcount>
    <wordcount weight="8" > liming </wordcount>
    <wordcount weight="8" > accounted </wordcount>
    <wordcount weight="8" > leaf </wordcount>
    <wordcount weight="8" > d </wordcount>
    <wordcount weight="8" > k </wordcount>
    <wordcount weight="8" > y </wordcount>
    <wordcount weight="8" > we </wordcount>
    <wordcount weight="8" > davies </wordcount>
    <wordcount weight="8" > species </wordcount>
    <wordcount weight="7" > therefore </wordcount>
    <wordcount weight="7" > environments </wordcount>
    <wordcount weight="7" > h </wordcount>
    <wordcount weight="7" > experimental </wordcount>
    <wordcount weight="7" > also </wordcount>
    <wordcount weight="7" > over </wordcount>
    <wordcount weight="7" > rothamsted </wordcount>
    <wordcount weight="7" > differed </wordcount>
    <wordcount weight="7" > there </wordcount>
    <wordcount weight="7" > regression </wordcount>
    <wordcount weight="7" > eg </wordcount>
    <wordcount weight="7" > data </wordcount>
    <wordcount weight="7" > significant </wordcount>
    <wordcount weight="7" > year </wordcount>
    <wordcount weight="7" > during </wordcount>
    <wordcount weight="7" > pop </wordcount>
    <wordcount weight="7" > differentiation </wordcount>
    <wordcount weight="7" > z </wordcount>
    <wordcount weight="7" > among </wordcount>
    <wordcount weight="6" > extractable </wordcount>
    <wordcount weight="6" > square </wordcount>
    <wordcount weight="6" > means </wordcount>
    <wordcount weight="6" > they </wordcount>
    <wordcount weight="6" > complex </wordcount>
    <wordcount weight="6" > adapted </wordcount>
    <wordcount weight="6" > various </wordcount>
    <wordcount weight="6" > only </wordcount>
    <wordcount weight="6" > time </wordcount>
    <wordcount weight="6" > analogous </wordcount>
    <wordcount weight="6" > generally </wordcount>
    <wordcount weight="6" > width </wordcount>
    <wordcount weight="6" > significantly </wordcount>
    <wordcount weight="6" > its </wordcount>
    <wordcount weight="6" > relationships </wordcount>
    <wordcount weight="6" > compared </wordcount>
    <wordcount weight="6" > figures </wordcount>
    <wordcount weight="6" > content </wordcount>
    <wordcount weight="5" > autumn </wordcount>
    <wordcount weight="5" > na </wordcount>
    <wordcount weight="5" > collections </wordcount>
    <wordcount weight="5" > after </wordcount>
    <wordcount weight="5" > case </wordcount>
    <wordcount weight="5" > similar </wordcount>
    <wordcount weight="5" > nitrogen </wordcount>
    <wordcount weight="5" > into </wordcount>
    <wordcount weight="5" > might </wordcount>
    <wordcount weight="5" > cut </wordcount>
    <wordcount weight="5" > greater </wordcount>
    <wordcount weight="5" > induced </wordcount>
    <wordcount weight="5" > transmitted </wordcount>
    <wordcount weight="5" > less </wordcount>
    <wordcount weight="5" > recorded </wordcount>
    <wordcount weight="5" > harvested </wordcount>
    <wordcount weight="5" > tillers </wordcount>
    <wordcount weight="5" > et </wordcount>
    <wordcount weight="5" > difference </wordcount>
    <wordcount weight="5" > individual </wordcount>
    <wordcount weight="5" > would </wordcount>
    <wordcount weight="5" > distances </wordcount>
    <wordcount weight="5" > breese </wordcount>
    <wordcount weight="5" > few </wordcount>
    <wordcount weight="5" > six </wordcount>
    <wordcount weight="5" > gene </wordcount>
    <wordcount weight="5" > occur </wordcount>
    <wordcount weight="4" > twelve </wordcount>
    <wordcount weight="4" > likely </wordcount>
    <wordcount weight="4" > bold </wordcount>
    <wordcount weight="4" > short </wordcount>
    <wordcount weight="4" > ecol </wordcount>
    <wordcount weight="4" > lolium </wordcount>
    <wordcount weight="4" > garden </wordcount>
    <wordcount weight="4" > b </wordcount>
    <wordcount weight="4" > se </wordcount>
    <wordcount weight="4" > one </wordcount>
    <wordcount weight="4" > study </wordcount>
    <wordcount weight="4" > rate </wordcount>
    <wordcount weight="4" > pressures </wordcount>
    <wordcount weight="4" > evolved </wordcount>
    <wordcount weight="4" > comparisons </wordcount>
    <wordcount weight="4" > four </wordcount>
    <wordcount weight="4" > perenne </wordcount>
    <wordcount weight="4" > appear </wordcount>
    <wordcount weight="4" > similarly </wordcount>
    <wordcount weight="4" > all </wordcount>
    <wordcount weight="4" > water </wordcount>
    <wordcount weight="4" > fact </wordcount>
    <wordcount weight="4" > variable </wordcount>
    <wordcount weight="4" > ph </wordcount>
    <wordcount weight="4" > composition </wordcount>
    <wordcount weight="4" > adjacent </wordcount>
    <wordcount weight="4" > where </wordcount>
    <wordcount weight="4" > planted </wordcount>
    <wordcount weight="4" > information </wordcount>
    <wordcount weight="4" > mg </wordcount>
    <wordcount weight="4" > greatest </wordcount>
    <wordcount weight="4" > physiologically </wordcount>
    <wordcount weight="4" > tall </wordcount>
    <wordcount weight="4" > significance </wordcount>
    <wordcount weight="4" > three </wordcount>
    <wordcount weight="4" > limed </wordcount>
    <wordcount weight="4" > so </wordcount>
    <wordcount weight="4" > an </wordcount>
    <wordcount weight="4" > high </wordcount>
    <wordcount weight="4" > multiple </wordcount>
    <wordcount weight="4" > often </wordcount>
    <wordcount weight="4" > single </wordcount>
    <wordcount weight="4" > vary </wordcount>
    <wordcount weight="3" > natur </wordcount>
    <wordcount weight="3" > f </wordcount>
    <wordcount weight="3" > morphology </wordcount>
    <wordcount weight="3" > flow </wordcount>
    <wordcount weight="3" > acid </wordcount>
    <wordcount weight="3" > increased </wordcount>
    <wordcount weight="3" > result </wordcount>
    <wordcount weight="3" > subject </wordcount>
    <wordcount weight="3" > rapid </wordcount>
    <wordcount weight="3" > represented </wordcount>
    <wordcount weight="3" > methods </wordcount>
    <wordcount weight="3" > mortality </wordcount>
    <wordcount weight="3" > fitness </wordcount>
    <wordcount weight="3" > months </wordcount>
    <wordcount weight="3" > transplant </wordcount>
    <wordcount weight="3" > boundary </wordcount>
    <wordcount weight="3" > history </wordcount>
    <wordcount weight="3" > reciprocal </wordcount>
    <wordcount weight="3" > following </wordcount>
    <wordcount weight="3" > squares </wordcount>
    <wordcount weight="3" > first </wordcount>
    <wordcount weight="3" > t </wordcount>
    <wordcount weight="3" > resistance </wordcount>
    <wordcount weight="3" > again </wordcount>
    <wordcount weight="3" > calcareous </wordcount>
    <wordcount weight="3" > action </wordcount>
    <wordcount weight="3" > many </wordcount>
    <wordcount weight="3" > nature </wordcount>
    <wordcount weight="3" > layout </wordcount>
    <wordcount weight="3" > simple </wordcount>
    <wordcount weight="3" > amer </wordcount>
    <wordcount weight="3" > reproduction </wordcount>
    <wordcount weight="3" > present </wordcount>
    <wordcount weight="3" > though </wordcount>
    <wordcount weight="3" > particular </wordcount>
    <wordcount weight="3" > imposed </wordcount>
    <wordcount weight="3" > material </wordcount>
    <wordcount weight="3" > botanical </wordcount>
    <wordcount weight="3" > native </wordcount>
    <wordcount weight="3" > adaptation </wordcount>
    <wordcount weight="3" > hay </wordcount>
    <wordcount weight="3" > well </wordcount>
    <wordcount weight="3" > figs </wordcount>
    <wordcount weight="3" > basis </wordcount>
    <wordcount weight="3" > calculated </wordcount>
    <wordcount weight="3" > conclude </wordcount>
    <wordcount weight="3" > use </wordcount>
    <wordcount weight="3" > shown </wordcount>
    <wordcount weight="3" > survival </wordcount>
    <wordcount weight="3" > known </wordcount>
    <wordcount weight="3" > relatively </wordcount>
    <wordcount weight="3" > whilst </wordcount>
    <wordcount weight="3" > approximately </wordcount>
    <wordcount weight="3" > presented </wordcount>
    <wordcount weight="3" > morphologically </wordcount>
    <wordcount weight="3" > dry </wordcount>
    <wordcount weight="3" > changes </wordcount>
    <wordcount weight="3" > area </wordcount>
    <wordcount weight="3" > cases </wordcount>
    <wordcount weight="3" > involved </wordcount>
    <wordcount weight="3" > annually </wordcount>
    <wordcount weight="3" > further </wordcount>
    <wordcount weight="3" > increase </wordcount>
    <wordcount weight="3" > effect </wordcount>
    <wordcount weight="3" > ryegrass </wordcount>
    <wordcount weight="3" > results </wordcount>
    <wordcount weight="3" > apparently </wordcount>
    <wordcount weight="3" > environmentally </wordcount>
    <wordcount weight="3" > should </wordcount>
    <wordcount weight="3" > unlimed </wordcount>
    <wordcount weight="3" > close </wordcount>
    <wordcount weight="3" > error </wordcount>
    <wordcount weight="2" > contributes </wordcount>
    <wordcount weight="2" > ise </wordcount>
    <wordcount weight="2" > seems </wordcount>
    <wordcount weight="2" > difficult </wordcount>
    <wordcount weight="2" > does </wordcount>
    <wordcount weight="2" > via </wordcount>
    <wordcount weight="2" > habitats </wordcount>
    <wordcount weight="2" > reprod </wordcount>
    <wordcount weight="2" > if </wordcount>
    <wordcount weight="2" > attributes </wordcount>
    <wordcount weight="2" > usually </wordcount>
    <wordcount weight="2" > veg </wordcount>
    <wordcount weight="2" > although </wordcount>
    <wordcount weight="2" > differentials </wordcount>
    <wordcount weight="2" > site </wordcount>
    <wordcount weight="2" > lines </wordcount>
    <wordcount weight="2" > sexual </wordcount>
    <wordcount weight="2" > johnston </wordcount>
    <wordcount weight="2" > determine </wordcount>
    <wordcount weight="2" > phytol </wordcount>
    <wordcount weight="2" > pk </wordcount>
    <wordcount weight="2" > macroand </wordcount>
    <wordcount weight="2" > test </wordcount>
    <wordcount weight="2" > initially </wordcount>
    <wordcount weight="2" > perennial </wordcount>
    <wordcount weight="2" > indicate </wordcount>
    <wordcount weight="2" > direct </wordcount>
    <wordcount weight="2" > analysis </wordcount>
    <wordcount weight="2" > susceptibility </wordcount>
    <wordcount weight="2" > appl </wordcount>
    <wordcount weight="2" > stable </wordcount>
    <wordcount weight="2" > res </wordcount>
    <wordcount weight="2" > university </wordcount>
    <wordcount weight="2" > then </wordcount>
    <wordcount weight="2" > any </wordcount>
    <wordcount weight="2" > coefficients </wordcount>
    <wordcount weight="2" > light </wordcount>
    <wordcount weight="2" > panicles </wordcount>
    <wordcount weight="2" > warington </wordcount>
    <wordcount weight="2" > hayward </wordcount>
    <wordcount weight="2" > al </wordcount>
    <wordcount weight="2" > partly </wordcount>
    <wordcount weight="2" > heritable </wordcount>
    <wordcount weight="2" > fertilizers </wordcount>
    <wordcount weight="2" > appears </wordcount>
    <wordcount weight="2" > inheritance </wordcount>
    <wordcount weight="2" > biotic </wordcount>
    <wordcount weight="2" > organisation </wordcount>
    <wordcount weight="2" > every </wordcount>
    <wordcount weight="2" > bradshaw </wordcount>
    <wordcount weight="2" > outcrossing </wordcount>
    <wordcount weight="2" > lu </wordcount>
    <wordcount weight="2" > column </wordcount>
    <wordcount weight="2" > carneg </wordcount>
    <wordcount weight="2" > varied </wordcount>
    <wordcount weight="2" > had </wordcount>
    <wordcount weight="2" > different </wordcount>
    <wordcount weight="2" > seem </wordcount>
    <wordcount weight="2" > did </wordcount>
    <wordcount weight="2" > stringent </wordcount>
    <wordcount weight="2" > maternal </wordcount>
    <wordcount weight="2" > down </wordcount>
    <wordcount weight="2" > broken </wordcount>
    <wordcount weight="2" > together </wordcount>
    <wordcount weight="2" > ecotypes </wordcount>
    <wordcount weight="2" > replicates </wordcount>
    <wordcount weight="2" > new </wordcount>
    <wordcount weight="2" > research </wordcount>
    <wordcount weight="2" > beds </wordcount>
    <wordcount weight="2" > vegetatively </wordcount>
    <wordcount weight="2" > nicotiana </wordcount>
    <wordcount weight="2" > patterns </wordcount>
    <wordcount weight="2" > enough </wordcount>
    <wordcount weight="2" > publ </wordcount>
    <wordcount weight="2" > iii </wordcount>
    <wordcount weight="2" > block </wordcount>
    <wordcount weight="2" > agrostis </wordcount>
    <wordcount weight="2" > contents </wordcount>
    <wordcount weight="2" > produced </wordcount>
    <wordcount weight="2" > cannot </wordcount>
    <wordcount weight="2" > prep </wordcount>
    <wordcount weight="2" > council </wordcount>
    <wordcount weight="2" > induction </wordcount>
    <wordcount weight="2" > agricultural </wordcount>
    <wordcount weight="2" > u </wordcount>
    <wordcount weight="2" > because </wordcount>
    <wordcount weight="2" > design </wordcount>
    <wordcount weight="2" > another </wordcount>
    <wordcount weight="2" > possible </wordcount>
    <wordcount weight="2" > nutrition </wordcount>
    <wordcount weight="2" > size </wordcount>
    <wordcount weight="2" > soils </wordcount>
    <wordcount weight="2" > explanation </wordcount>
    <wordcount weight="2" > linum </wordcount>
    <wordcount weight="2" > apart </wordcount>
    <wordcount weight="2" > rustica </wordcount>
    <wordcount weight="2" > subplots </wordcount>
    <wordcount weight="2" > london </wordcount>
    <wordcount weight="2" > previously </wordcount>
    <wordcount weight="2" > atmospheric </wordcount>
    <wordcount weight="2" > rametes </wordcount>
    <wordcount weight="2" > related </wordcount>
    <wordcount weight="2" > topsoil </wordcount>
    <wordcount weight="2" > november </wordcount>
    <wordcount weight="2" > variability </wordcount>
    <wordcount weight="2" > top </wordcount>
    <wordcount weight="2" > grassland </wordcount>
    <wordcount weight="2" > theory </wordcount>
    <wordcount weight="2" > botany </wordcount>
    <wordcount weight="2" > climatic </wordcount>
    <wordcount weight="2" > maynard </wordcount>
    <wordcount weight="2" > rows </wordcount>
    <wordcount weight="2" > winter </wordcount>
    <wordcount weight="2" > previous </wordcount>
    <wordcount weight="2" > il </wordcount>
    <wordcount weight="2" > until </wordcount>
    <wordcount weight="2" > mine </wordcount>
    <wordcount weight="2" > such </wordcount>
    <wordcount weight="2" > comparing </wordcount>
    <wordcount weight="2" > mm </wordcount>
    <wordcount weight="2" > average </wordcount>
    <wordcount weight="2" > powdery </wordcount>
    <wordcount weight="2" > september </wordcount>
    <wordcount weight="2" > either </wordcount>
    <wordcount weight="2" > wash </wordcount>
    <wordcount weight="2" > agric </wordcount>
    <wordcount weight="2" > developmental </wordcount>
    <wordcount weight="2" > sample </wordcount>
    <wordcount weight="2" > probable </wordcount>
    <wordcount weight="2" > association </wordcount>
    <wordcount weight="2" > least </wordcount>
    <wordcount weight="2" > repeated </wordcount>
    <wordcount weight="2" > small </wordcount>
    <wordcount weight="2" > intervals </wordcount>
    <wordcount weight="2" > inst </wordcount>
    <wordcount weight="2" > themselves </wordcount>
    <wordcount weight="2" > c </wordcount>
    <wordcount weight="2" > respectively </wordcount>
    <wordcount weight="2" > ann </wordcount>
    <wordcount weight="2" > genetics </wordcount>
    <wordcount weight="2" > managed </wordcount>
    <wordcount weight="2" > early </wordcount>
    <wordcount weight="2" > annual </wordcount>
    <wordcount weight="2" > up </wordcount>
    <wordcount weight="2" > probably </wordcount>
    <wordcount weight="2" > equivalent </wordcount>
    <wordcount weight="2" > details </wordcount>
    <wordcount weight="2" > uk </wordcount>
    <wordcount weight="2" > value </wordcount>
    <wordcount weight="2" > ca </wordcount>
    <wordcount weight="2" > negative </wordcount>
    <wordcount weight="2" > heterogeneous </wordcount>
    <wordcount weight="1" > expt </wordcount>
    <wordcount weight="1" > pattern </wordcount>
    <wordcount weight="1" > space </wordcount>
    <wordcount weight="1" > will </wordcount>
    <wordcount weight="1" > xa </wordcount>
    <wordcount weight="1" > ascertained </wordcount>
    <wordcount weight="1" > now </wordcount>
    <wordcount weight="1" > equation </wordcount>
    <wordcount weight="1" > saturation </wordcount>
    <wordcount weight="1" > lo </wordcount>
    <wordcount weight="1" > simultaneously </wordcount>
    <wordcount weight="1" > relationship </wordcount>
    <wordcount weight="1" > applications </wordcount>
    <wordcount weight="1" > o </wordcount>
    <wordcount weight="1" > itrogln </wordcount>
    <wordcount weight="1" > abundance </wordcount>
    <wordcount weight="1" > along </wordcount>
    <wordcount weight="1" > transformations </wordcount>
    <wordcount weight="1" > matter </wordcount>
    <wordcount weight="1" > lt </wordcount>
    <wordcount weight="1" > upright </wordcount>
    <wordcount weight="1" > materials </wordcount>
    <wordcount weight="1" > identification </wordcount>
    <wordcount weight="1" > production </wordcount>
    <wordcount weight="1" > continued </wordcount>
    <wordcount weight="1" > dm </wordcount>
    <wordcount weight="1" > subjected </wordcount>
    <wordcount weight="1" > rev </wordcount>
    <wordcount weight="1" > generated </wordcount>
    <wordcount weight="1" > barley </wordcount>
    <wordcount weight="1" > inoct </wordcount>
    <wordcount weight="1" > taxonomy </wordcount>
    <wordcount weight="1" > suc </wordcount>
    <wordcount weight="1" > transmissible </wordcount>
    <wordcount weight="1" > created </wordcount>
    <wordcount weight="1" > hill </wordcount>
    <wordcount weight="1" > financed </wordcount>
    <wordcount weight="1" > resistant </wordcount>
    <wordcount weight="1" > infection </wordcount>
    <wordcount weight="1" > coll </wordcount>
    <wordcount weight="1" > account </wordcount>
    <wordcount weight="1" > levels </wordcount>
    <wordcount weight="1" > biol </wordcount>
    <wordcount weight="1" > ames </wordcount>
    <wordcount weight="1" > offset </wordcount>
    <wordcount weight="1" > responded </wordcount>
    <wordcount weight="1" > process </wordcount>
    <wordcount weight="1" > measures </wordcount>
    <wordcount weight="1" > rorison </wordcount>
    <wordcount weight="1" > spacings </wordcount>
    <wordcount weight="1" > above </wordcount>
    <wordcount weight="1" > taller </wordcount>
    <wordcount weight="1" > necessary </wordcount>
    <wordcount weight="1" > grasses </wordcount>
    <wordcount weight="1" > began </wordcount>
    <wordcount weight="1" > proportion </wordcount>
    <wordcount weight="1" > interactions </wordcount>
    <wordcount weight="1" > interrelations </wordcount>
    <wordcount weight="1" > certain </wordcount>
    <wordcount weight="1" > rapidly </wordcount>
    <wordcount weight="1" > maniola </wordcount>
    <wordcount weight="1" > southern </wordcount>
    <wordcount weight="1" > american </wordcount>
    <wordcount weight="1" > led </wordcount>
    <wordcount weight="1" > induce </wordcount>
    <wordcount weight="1" > clinal </wordcount>
    <wordcount weight="1" > life </wordcount>
    <wordcount weight="1" > positive </wordcount>
    <wordcount weight="1" > opposite </wordcount>
    <wordcount weight="1" > pastures </wordcount>
    <wordcount weight="1" > about </wordcount>
    <wordcount weight="1" > once </wordcount>
    <wordcount weight="1" > holmgren </wordcount>
    <wordcount weight="1" > sulphate </wordcount>
    <wordcount weight="1" > permanent </wordcount>
    <wordcount weight="1" > sets </wordcount>
    <wordcount weight="1" > yet </wordcount>
    <wordcount weight="1" > types </wordcount>
    <wordcount weight="1" > british </wordcount>
    <wordcount weight="1" > centuries </wordcount>
    <wordcount weight="1" > liability </wordcount>
    <wordcount weight="1" > randomized </wordcount>
    <wordcount weight="1" > thomas </wordcount>
    <wordcount weight="1" > exceptional </wordcount>
    <wordcount weight="1" > separate </wordcount>
    <wordcount weight="1" > distinct </wordcount>
    <wordcount weight="1" > specified </wordcount>
    <wordcount weight="1" > intensity </wordcount>
    <wordcount weight="1" > investigate </wordcount>
    <wordcount weight="1" > biology </wordcount>
    <wordcount weight="1" > stepwise </wordcount>
    <wordcount weight="1" > melanism </wordcount>
    <wordcount weight="1" > investigations </wordcount>
    <wordcount weight="1" > onpopulations </wordcount>
    <wordcount weight="1" > supply </wordcount>
    <wordcount weight="1" > differentiate </wordcount>
    <wordcount weight="1" > smith </wordcount>
    <wordcount weight="1" > necessarily </wordcount>
    <wordcount weight="1" > frederick </wordcount>
    <wordcount weight="1" > mainland </wordcount>
    <wordcount weight="1" > grazed </wordcount>
    <wordcount weight="1" > acting </wordcount>
    <wordcount weight="1" > cytoplasmically </wordcount>
    <wordcount weight="1" > magnitude </wordcount>
    <wordcount weight="1" > pasture </wordcount>
    <wordcount weight="1" > replicate </wordcount>
    <wordcount weight="1" > usual </wordcount>
    <wordcount weight="1" > emergence </wordcount>
    <wordcount weight="1" > em </wordcount>
    <wordcount weight="1" > copper </wordcount>
    <wordcount weight="1" > presumably </wordcount>
    <wordcount weight="1" > associated </wordcount>
    <wordcount weight="1" > warren </wordcount>
    <wordcount weight="1" > under </wordcount>
    <wordcount weight="1" > elsewhere </wordcount>
    <wordcount weight="1" > director </wordcount>
    <wordcount weight="1" > edition </wordcount>
    <wordcount weight="1" > fw </wordcount>
    <wordcount weight="1" > watson </wordcount>
    <wordcount weight="1" > cocksfoot </wordcount>
    <wordcount weight="1" > sharply </wordcount>
    <wordcount weight="1" > otal </wordcount>
    <wordcount weight="1" > npkn </wordcount>
    <wordcount weight="1" > si </wordcount>
    <wordcount weight="1" > reviewed </wordcount>
    <wordcount weight="1" > observations </wordcount>
    <wordcount weight="1" > xi </wordcount>
    <wordcount weight="1" > literature </wordcount>
    <wordcount weight="1" > must </wordcount>
    <wordcount weight="1" > confirmed </wordcount>
    <wordcount weight="1" > cutting </wordcount>
    <wordcount weight="1" > pathol </wordcount>
    <wordcount weight="1" > predominantly </wordcount>
    <wordcount weight="1" > diallel </wordcount>
    <wordcount weight="1" > being </wordcount>
    <wordcount weight="1" > measuredthe </wordcount>
    <wordcount weight="1" > fitted </wordcount>
    <wordcount weight="1" > drosophila </wordcount>
    <wordcount weight="1" > characteristics </wordcount>
    <wordcount weight="1" > flexibility </wordcount>
    <wordcount weight="1" > published </wordcount>
    <wordcount weight="1" > shed </wordcount>
    <wordcount weight="1" > considers </wordcount>
    <wordcount weight="1" > mineral </wordcount>
    <wordcount weight="1" > regime </wordcount>
    <wordcount weight="1" > specific </wordcount>
    <wordcount weight="1" > imply </wordcount>
    <wordcount weight="1" > specifically </wordcount>
    <wordcount weight="1" > levins </wordcount>
    <wordcount weight="1" > vet </wordcount>
    <wordcount weight="1" > western </wordcount>
    <wordcount weight="1" > science </wordcount>
    <wordcount weight="1" > sums </wordcount>
    <wordcount weight="1" > injune </wordcount>
    <wordcount weight="1" > statistical </wordcount>
    <wordcount weight="1" > sativa </wordcount>
    <wordcount weight="1" > lou </wordcount>
    <wordcount weight="1" > valid </wordcount>
    <wordcount weight="1" > set </wordcount>
    <wordcount weight="1" > mo </wordcount>
    <wordcount weight="1" > forty </wordcount>
    <wordcount weight="1" > intensities </wordcount>
    <wordcount weight="1" > differencesthe </wordcount>
    <wordcount weight="1" > strategy </wordcount>
    <wordcount weight="1" > cd </wordcount>
    <wordcount weight="1" > darwinian </wordcount>
    <wordcount weight="1" > maximised </wordcount>
    <wordcount weight="1" > treatment </wordcount>
    <wordcount weight="1" > randomised </wordcount>
    <wordcount weight="1" > ecological </wordcount>
    <wordcount weight="1" > varies </wordcount>
    <wordcount weight="1" > reflections </wordcount>
    <wordcount weight="1" > intraspecific </wordcount>
    <wordcount weight="1" > addition </wordcount>
    <wordcount weight="1" > lime </wordcount>
    <wordcount weight="1" > vascular </wordcount>
    <wordcount weight="1" > turn </wordcount>
    <wordcount weight="1" > paper </wordcount>
    <wordcount weight="1" > crops </wordcount>
    <wordcount weight="1" > speciation </wordcount>
    <wordcount weight="1" > soiln </wordcount>
    <wordcount weight="1" > longer </wordcount>
    <wordcount weight="1" > possibilities </wordcount>
    <wordcount weight="1" > reach </wordcount>
    <wordcount weight="1" > groups </wordcount>
    <wordcount weight="1" > location </wordcount>
    <wordcount weight="1" > best </wordcount>
    <wordcount weight="1" > twenty </wordcount>
    <wordcount weight="1" > our </wordcount>
    <wordcount weight="1" > mcwhirter </wordcount>
    <wordcount weight="1" > found </wordcount>
    <wordcount weight="1" > adv </wordcount>
    <wordcount weight="1" > borders </wordcount>
    <wordcount weight="1" > plan </wordcount>
    <wordcount weight="1" > compound </wordcount>
    <wordcount weight="1" > lappaceus </wordcount>
    <wordcount weight="1" > britain </wordcount>
    <wordcount weight="1" > viii </wordcount>
    <wordcount weight="1" > origin </wordcount>
    <wordcount weight="1" > harvest </wordcount>
    <wordcount weight="1" > aluminium </wordcount>
    <wordcount weight="1" > adaptability </wordcount>
    <wordcount weight="1" > gregor </wordcount>
    <wordcount weight="1" > habitat </wordcount>
    <wordcount weight="1" > able </wordcount>
    <wordcount weight="1" > thurston </wordcount>
    <wordcount weight="1" > sometime </wordcount>
    <wordcount weight="1" > hiesey </wordcount>
    <wordcount weight="1" > john </wordcount>
    <wordcount weight="1" > very </wordcount>
    <wordcount weight="1" > panicleheightinjune </wordcount>
    <wordcount weight="1" > state </wordcount>
    <wordcount weight="1" > recombination </wordcount>
    <wordcount weight="1" > edaphic </wordcount>
    <wordcount weight="1" > shaded </wordcount>
    <wordcount weight="1" > before </wordcount>
    <wordcount weight="1" > yearbook </wordcount>
    <wordcount weight="1" > odoratuin </wordcount>
    <wordcount weight="1" > considerable </wordcount>
    <wordcount weight="1" > subsequent </wordcount>
    <wordcount weight="1" > identically </wordcount>
    <wordcount weight="1" > help </wordcount>
    <wordcount weight="1" > past </wordcount>
    <wordcount weight="1" > discussed </wordcount>
    <wordcount weight="1" > fresh </wordcount>
    <wordcount weight="1" > appeared </wordcount>
    <wordcount weight="1" > plantago </wordcount>
    <wordcount weight="1" > last </wordcount>
    <wordcount weight="1" > mortensen </wordcount>
    <wordcount weight="1" > late </wordcount>
    <wordcount weight="1" > replicated </wordcount>
    <wordcount weight="1" > innes </wordcount>
    <wordcount weight="1" > consisted </wordcount>
    <wordcount weight="1" > greatly </wordcount>
    <wordcount weight="1" > exceptions </wordcount>
    <wordcount weight="1" > mr </wordcount>
    <wordcount weight="1" > equally </wordcount>
    <wordcount weight="1" > ground </wordcount>
    <wordcount weight="1" > rep </wordcount>
    <wordcount weight="1" > boxes </wordcount>
    <wordcount weight="1" > reading </wordcount>
    <wordcount weight="1" > physiol </wordcount>
    <wordcount weight="1" > ecology </wordcount>
    <wordcount weight="1" > mainly </wordcount>
    <wordcount weight="1" > maritima </wordcount>
    <wordcount weight="1" > seedling </wordcount>
    <wordcount weight="1" > perkins </wordcount>
    <wordcount weight="1" > iowa </wordcount>
    <wordcount weight="1" > reproductiv </wordcount>
    <wordcount weight="1" > incidence </wordcount>
    <wordcount weight="1" > spatial </wordcount>
    <wordcount weight="1" > aston </wordcount>
    <wordcount weight="1" > physiology </wordcount>
    <wordcount weight="1" > whether </wordcount>
    <wordcount weight="1" > see </wordcount>
    <wordcount weight="1" > accounts </wordcount>
    <wordcount weight="1" > applied </wordcount>
    <wordcount weight="1" > independently </wordcount>
    <wordcount weight="1" > genotypic </wordcount>
    <wordcount weight="1" > maturity </wordcount>
    <wordcount weight="1" > singly </wordcount>
    <wordcount weight="1" > tyson </wordcount>
    <wordcount weight="1" > closespaced </wordcount>
    <wordcount weight="1" > seasonal </wordcount>
    <wordcount weight="1" > perhaps </wordcount>
    <wordcount weight="1" > linear </wordcount>
    <wordcount weight="1" > mode </wordcount>
    <wordcount weight="1" > ceased </wordcount>
    <wordcount weight="1" > somatic </wordcount>
    <wordcount weight="1" > distance </wordcount>
    <wordcount weight="1" > acknowledgments </wordcount>
    <wordcount weight="1" > herbageuoct </wordcount>
    <wordcount weight="1" > sir </wordcount>
    <wordcount weight="1" > eq </wordcount>
    <wordcount weight="1" > march </wordcount>
    <wordcount weight="1" > inflorescence </wordcount>
    <wordcount weight="1" > griffiths </wordcount>
    <wordcount weight="1" > ranunculus </wordcount>
    <wordcount weight="1" > stages </wordcount>
    <wordcount weight="1" > degree </wordcount>
    <wordcount weight="1" > sites </wordcount>
    <wordcount weight="1" > oo </wordcount>
    <wordcount weight="1" > balance </wordcount>
    <wordcount weight="1" > original </wordcount>
    <wordcount weight="1" > second </wordcount>
    <wordcount weight="1" > ideal </wordcount>
    <wordcount weight="1" > stolonifera </wordcount>
    <wordcount weight="1" > investigated </wordcount>
    <wordcount weight="1" > aspects </wordcount>
    <wordcount weight="1" > discussion </wordcount>
    <wordcount weight="1" > achillea </wordcount>
    <wordcount weight="1" > kn </wordcount>
    <wordcount weight="1" > nucleus </wordcount>
    <wordcount weight="1" > examples </wordcount>
    <wordcount weight="1" > treated </wordcount>
    <wordcount weight="1" > industrial </wordcount>
    <wordcount weight="1" > phenomena </wordcount>
    <wordcount weight="1" > parental </wordcount>
    <wordcount weight="1" > apparatus </wordcount>
    <wordcount weight="1" > maritime </wordcount>
    <wordcount weight="1" > pathology </wordcount>
    <wordcount weight="1" > exp </wordcount>
    <wordcount weight="1" > determined </wordcount>
    <wordcount weight="1" > sides </wordcount>
    <wordcount weight="1" > inbred </wordcount>
    <wordcount weight="1" > ce </wordcount>
    <wordcount weight="1" > met </wordcount>
    <wordcount weight="1" > little </wordcount>
    <wordcount weight="1" > andpopulations </wordcount>
    <wordcount weight="1" > tive </wordcount>
    <wordcount weight="1" > pairs </wordcount>
    <wordcount weight="1" > cited </wordcount>
    <wordcount weight="1" > sufficiently </wordcount>
    <wordcount weight="1" > permission </wordcount>
    <wordcount weight="1" > compares </wordcount>
    <wordcount weight="1" > sexually </wordcount>
    <wordcount weight="1" > np </wordcount>
    <wordcount weight="1" > samples </wordcount>
    <wordcount weight="1" > terms </wordcount>
    <wordcount weight="1" > giving </wordcount>
    <wordcount weight="1" > soc </wordcount>
    <wordcount weight="1" > against </wordcount>
    <wordcount weight="1" > techniques </wordcount>
    <wordcount weight="1" > ten </wordcount>
    <wordcount weight="1" > vegetativeyield </wordcount>
    <wordcount weight="1" > whole </wordcount>
    <wordcount weight="1" > genotrophs </wordcount>
    <wordcount weight="1" > hybridization </wordcount>
    <wordcount weight="1" > sta </wordcount>
    <wordcount weight="1" > largely </wordcount>
    <wordcount weight="1" > dosely </wordcount>
    <wordcount weight="1" > collection </wordcount>
    <wordcount weight="1" > phenotype </wordcount>
    <wordcount weight="1" > make </wordcount>
    <wordcount weight="1" > factor </wordcount>
    <wordcount weight="1" > xve </wordcount>
    <wordcount weight="1" > iz </wordcount>
    <wordcount weight="1" > fertilized </wordcount>
    <wordcount weight="1" > dyke </wordcount>
    <wordcount weight="1" > immediately </wordcount>
    <wordcount weight="1" > exposed </wordcount>
    <wordcount weight="1" > exist </wordcount>
    <wordcount weight="1" > sd </wordcount>
    <wordcount weight="1" > genotypical </wordcount>
    <wordcount weight="1" > panreproductive </wordcount>
    <wordcount weight="1" > confounds </wordcount>
    <wordcount weight="1" > grassl </wordcount>
    <wordcount weight="1" > individuals </wordcount>
    <wordcount weight="1" > disease </wordcount>
    <wordcount weight="1" > sympatric </wordcount>
    <wordcount weight="1" > cp </wordcount>
    <wordcount weight="1" > royal </wordcount>
    <wordcount weight="1" > temperature </wordcount>
    <wordcount weight="1" > genecology </wordcount>
    <wordcount weight="1" > lq </wordcount>
    <wordcount weight="1" > intercorrelated </wordcount>
    <wordcount weight="1" > differential </wordcount>
    <wordcount weight="1" > comparable </wordcount>
    <wordcount weight="1" > wild </wordcount>
    <wordcount weight="1" > observed </wordcount>
    <wordcount weight="1" > nicotianapopulations </wordcount>
    <wordcount weight="1" > nuclear </wordcount>
    <wordcount weight="1" > photosynthetic </wordcount>
    <wordcount weight="1" > spring </wordcount>
    <wordcount weight="1" > used </wordcount>
    <wordcount weight="1" > low </wordcount>
    <wordcount weight="1" > received </wordcount>
    <wordcount weight="1" > miss </wordcount>
    <wordcount weight="1" > wheat </wordcount>
    <wordcount weight="1" > unexpectedly </wordcount>
    <wordcount weight="1" > initial </wordcount>
    <wordcount weight="1" > genetically </wordcount>
    <wordcount weight="1" > attributed </wordcount>
    <wordcount weight="1" > heigh </wordcount>
    <wordcount weight="1" > made </wordcount>
    <wordcount weight="1" > chemical </wordcount>
    <wordcount weight="1" > potting </wordcount>
    <wordcount weight="1" > obtaining </wordcount>
    <wordcount weight="1" > compost </wordcount>
    <wordcount weight="1" > group </wordcount>
    <wordcount weight="1" > glomerata </wordcount>
    <wordcount weight="1" > soilk </wordcount>
    <wordcount weight="1" > makes </wordcount>
    <wordcount weight="1" > interest </wordcount>
    <wordcount weight="1" > swards </wordcount>
    <wordcount weight="1" > multiplicity </wordcount>
    <wordcount weight="1" > august </wordcount>
    <wordcount weight="1" > tolerant </wordcount>
    <wordcount weight="1" > characterised </wordcount>
    <wordcount weight="1" > hereditas </wordcount>
    <wordcount weight="1" > occurs </wordcount>
    <wordcount weight="1" > field </wordcount>
    <wordcount weight="1" > function </wordcount>
    <wordcount weight="1" > responses </wordcount>
    <wordcount weight="1" > fertiliser </wordcount>
    <wordcount weight="1" > interspecific </wordcount>
    <wordcount weight="1" > century </wordcount>
    <wordcount weight="1" > variance </wordcount>
    <wordcount weight="1" > contamination </wordcount>
    <wordcount weight="1" > approach </wordcount>
    <wordcount weight="1" > defined </wordcount>
    <wordcount weight="1" > contrast </wordcount>
    <wordcount weight="1" > attempted </wordcount>
    <wordcount weight="1" > phenomenon </wordcount>
    <wordcount weight="1" > earlier </wordcount>
    <wordcount weight="1" > sharp </wordcount>
    <wordcount weight="1" > lepidoptera </wordcount>
    <wordcount weight="1" > measure </wordcount>
    <wordcount weight="1" > cytoplasmic </wordcount>
    <wordcount weight="1" > remains </wordcount>
    <wordcount weight="1" > ct </wordcount>
    <wordcount weight="1" > latter </wordcount>
    <wordcount weight="1" > nielsen </wordcount>
    <wordcount weight="1" > antonovics </wordcount>
    <wordcount weight="1" > hawkes </wordcount>
    <wordcount weight="1" > summary </wordcount>
    <wordcount weight="1" > times </wordcount>
    <wordcount weight="1" > niche </wordcount>
    <wordcount weight="1" > oct </wordcount>
    <wordcount weight="1" > english </wordcount>
    <wordcount weight="1" > concerning </wordcount>
    <wordcount weight="1" > especially </wordcount>
    <wordcount weight="1" > random </wordcount>
    <wordcount weight="1" > amount </wordcount>
    <wordcount weight="1" > back </wordcount>
    <wordcount weight="1" > ratios </wordcount>
    <wordcount weight="1" > coefficient </wordcount>
    <wordcount weight="1" > components </wordcount>
    <wordcount weight="1" > tions </wordcount>
    <wordcount weight="1" > evolutionary </wordcount>
    <wordcount weight="1" > posture </wordcount>
    <wordcount weight="1" > certainty </wordcount>
    <wordcount weight="1" > soilp </wordcount>
    <wordcount weight="1" > oxford </wordcount>
    <wordcount weight="1" > infected </wordcount>
    <wordcount weight="1" > races </wordcount>
    <wordcount weight="1" > relation </wordcount>
    <wordcount weight="1" > tenuis </wordcount>
    <wordcount weight="1" > half </wordcount>
    <wordcount weight="1" > twice </wordcount>
    <wordcount weight="1" > lucerne </wordcount>
    <wordcount weight="1" > ent </wordcount>
    <wordcount weight="1" > yielded </wordcount>
    <wordcount weight="1" > can </wordcount>
    <wordcount weight="1" > th </wordcount>
    <wordcount weight="1" > compare </wordcount>
    <wordcount weight="1" > died </wordcount>
    <wordcount weight="1" > v </wordcount>
    <wordcount weight="1" > departmental </wordcount>
    <wordcount weight="1" > extent </wordcount>
    <wordcount weight="1" > even </wordcount>
    <wordcount weight="1" > application </wordcount>
    <wordcount weight="1" > differ </wordcount>
    <wordcount weight="1" > spite </wordcount>
    <wordcount weight="1" > corrected </wordcount>
    <wordcount weight="1" > introduced </wordcount>
    <wordcount weight="1" > using </wordcount>
    <wordcount weight="1" > nln </wordcount>
    <wordcount weight="1" > north </wordcount>
    <wordcount weight="1" > relative </wordcount>
    <wordcount weight="1" > cross </wordcount>
    <wordcount weight="1" > jones </wordcount>
    <wordcount weight="1" > grateful </wordcount>
    <wordcount weight="1" > pollen </wordcount>
    <wordcount weight="1" > am </wordcount>
    <wordcount weight="1" > sodium </wordcount>
    <wordcount weight="1" > brenchley </wordcount>
</article>
