<?xml version="1.0" encoding="UTF-8"?>
<article id="10.2307/2988111" >
    <wordcount weight="106" > the </wordcount>
    <wordcount weight="74" > of </wordcount>
    <wordcount weight="58" > and </wordcount>
    <wordcount weight="33" > to </wordcount>
    <wordcount weight="31" > in </wordcount>
    <wordcount weight="21" > aov </wordcount>
    <wordcount weight="21" > by </wordcount>
    <wordcount weight="20" > pca </wordcount>
    <wordcount weight="20" > a </wordcount>
    <wordcount weight="19" > are </wordcount>
    <wordcount weight="18" > is </wordcount>
    <wordcount weight="17" > residual </wordcount>
    <wordcount weight="16" > table </wordcount>
    <wordcount weight="15" > as </wordcount>
    <wordcount weight="15" > analysis </wordcount>
    <wordcount weight="14" > data </wordcount>
    <wordcount weight="13" > be </wordcount>
    <wordcount weight="11" > with </wordcount>
    <wordcount weight="11" > effects </wordcount>
    <wordcount weight="10" > mean </wordcount>
    <wordcount weight="10" > from </wordcount>
    <wordcount weight="10" > treatments </wordcount>
    <wordcount weight="10" > variation </wordcount>
    <wordcount weight="9" > blocks </wordcount>
    <wordcount weight="9" > used </wordcount>
    <wordcount weight="8" > treatment </wordcount>
    <wordcount weight="8" > orthogonal </wordcount>
    <wordcount weight="8" > on </wordcount>
    <wordcount weight="8" > between </wordcount>
    <wordcount weight="7" > no </wordcount>
    <wordcount weight="7" > squares </wordcount>
    <wordcount weight="7" > for </wordcount>
    <wordcount weight="7" > axes </wordcount>
    <wordcount weight="7" > an </wordcount>
    <wordcount weight="6" > may </wordcount>
    <wordcount weight="6" > tests </wordcount>
    <wordcount weight="6" > h </wordcount>
    <wordcount weight="6" > new </wordcount>
    <wordcount weight="6" > matrix </wordcount>
    <wordcount weight="6" > assumptions </wordcount>
    <wordcount weight="6" > hypotheses </wordcount>
    <wordcount weight="6" > principal </wordcount>
    <wordcount weight="5" > transformation </wordcount>
    <wordcount weight="5" > not </wordcount>
    <wordcount weight="5" > sum </wordcount>
    <wordcount weight="5" > two </wordcount>
    <wordcount weight="5" > that </wordcount>
    <wordcount weight="5" > m </wordcount>
    <wordcount weight="5" > give </wordcount>
    <wordcount weight="5" > each </wordcount>
    <wordcount weight="5" > j </wordcount>
    <wordcount weight="5" > vectors </wordcount>
    <wordcount weight="5" > where </wordcount>
    <wordcount weight="5" > block </wordcount>
    <wordcount weight="5" > r </wordcount>
    <wordcount weight="5" > example </wordcount>
    <wordcount weight="5" > test </wordcount>
    <wordcount weight="5" > rotation </wordcount>
    <wordcount weight="4" > deviations </wordcount>
    <wordcount weight="4" > squared </wordcount>
    <wordcount weight="4" > five </wordcount>
    <wordcount weight="4" > represented </wordcount>
    <wordcount weight="4" > multivariate </wordcount>
    <wordcount weight="4" > when </wordcount>
    <wordcount weight="4" > statistical </wordcount>
    <wordcount weight="4" > was </wordcount>
    <wordcount weight="4" > experimental </wordcount>
    <wordcount weight="4" > but </wordcount>
    <wordcount weight="4" > only </wordcount>
    <wordcount weight="4" > also </wordcount>
    <wordcount weight="4" > do </wordcount>
    <wordcount weight="4" > both </wordcount>
    <wordcount weight="4" > point </wordcount>
    <wordcount weight="4" > use </wordcount>
    <wordcount weight="4" > have </wordcount>
    <wordcount weight="4" > tables </wordcount>
    <wordcount weight="4" > components </wordcount>
    <wordcount weight="3" > it </wordcount>
    <wordcount weight="3" > figure </wordcount>
    <wordcount weight="3" > testing </wordcount>
    <wordcount weight="3" > means </wordcount>
    <wordcount weight="3" > geometric </wordcount>
    <wordcount weight="3" > any </wordcount>
    <wordcount weight="3" > experiment </wordcount>
    <wordcount weight="3" > latent </wordcount>
    <wordcount weight="3" > centroid </wordcount>
    <wordcount weight="3" > s </wordcount>
    <wordcount weight="3" > set </wordcount>
    <wordcount weight="3" > coordinates </wordcount>
    <wordcount weight="3" > premultiplication </wordcount>
    <wordcount weight="3" > very </wordcount>
    <wordcount weight="3" > identical </wordcount>
    <wordcount weight="3" > there </wordcount>
    <wordcount weight="3" > animal </wordcount>
    <wordcount weight="3" > within </wordcount>
    <wordcount weight="3" > variances </wordcount>
    <wordcount weight="3" > gives </wordcount>
    <wordcount weight="3" > well </wordcount>
    <wordcount weight="3" > information </wordcount>
    <wordcount weight="3" > sums </wordcount>
    <wordcount weight="3" > variables </wordcount>
    <wordcount weight="3" > which </wordcount>
    <wordcount weight="3" > systematic </wordcount>
    <wordcount weight="3" > component </wordcount>
    <wordcount weight="3" > such </wordcount>
    <wordcount weight="3" > this </wordcount>
    <wordcount weight="3" > since </wordcount>
    <wordcount weight="3" > d </wordcount>
    <wordcount weight="3" > would </wordcount>
    <wordcount weight="3" > so </wordcount>
    <wordcount weight="3" > variance </wordcount>
    <wordcount weight="3" > random </wordcount>
    <wordcount weight="3" > c </wordcount>
    <wordcount weight="3" > can </wordcount>
    <wordcount weight="3" > using </wordcount>
    <wordcount weight="3" > division </wordcount>
    <wordcount weight="3" > row </wordcount>
    <wordcount weight="2" > model </wordcount>
    <wordcount weight="2" > will </wordcount>
    <wordcount weight="2" > therefore </wordcount>
    <wordcount weight="2" > equality </wordcount>
    <wordcount weight="2" > note </wordcount>
    <wordcount weight="2" > rather </wordcount>
    <wordcount weight="2" > if </wordcount>
    <wordcount weight="2" > populations </wordcount>
    <wordcount weight="2" > overall </wordcount>
    <wordcount weight="2" > subject </wordcount>
    <wordcount weight="2" > sec </wordcount>
    <wordcount weight="2" > make </wordcount>
    <wordcount weight="2" > weighting </wordcount>
    <wordcount weight="2" > b </wordcount>
    <wordcount weight="2" > plots </wordcount>
    <wordcount weight="2" > psych </wordcount>
    <wordcount weight="2" > about </wordcount>
    <wordcount weight="2" > interpretation </wordcount>
    <wordcount weight="2" > case </wordcount>
    <wordcount weight="2" > total </wordcount>
    <wordcount weight="2" > then </wordcount>
    <wordcount weight="2" > associated </wordcount>
    <wordcount weight="2" > n </wordcount>
    <wordcount weight="2" > observations </wordcount>
    <wordcount weight="2" > comparison </wordcount>
    <wordcount weight="2" > university </wordcount>
    <wordcount weight="2" > show </wordcount>
    <wordcount weight="2" > first </wordcount>
    <wordcount weight="2" > more </wordcount>
    <wordcount weight="2" > genecology </wordcount>
    <wordcount weight="2" > different </wordcount>
    <wordcount weight="2" > shows </wordcount>
    <wordcount weight="2" > p </wordcount>
    <wordcount weight="2" > arranged </wordcount>
    <wordcount weight="2" > subtracting </wordcount>
    <wordcount weight="2" > them </wordcount>
    <wordcount weight="2" > applied </wordcount>
    <wordcount weight="2" > required </wordcount>
    <wordcount weight="2" > leaving </wordcount>
    <wordcount weight="2" > has </wordcount>
    <wordcount weight="2" > method </wordcount>
    <wordcount weight="2" > because </wordcount>
    <wordcount weight="2" > some </wordcount>
    <wordcount weight="2" > residuals </wordcount>
    <wordcount weight="2" > determined </wordcount>
    <wordcount weight="2" > london </wordcount>
    <wordcount weight="2" > williamson </wordcount>
    <wordcount weight="2" > techniques </wordcount>
    <wordcount weight="2" > factor </wordcount>
    <wordcount weight="2" > thus </wordcount>
    <wordcount weight="2" > were </wordcount>
    <wordcount weight="2" > orthogonality </wordcount>
    <wordcount weight="2" > significance </wordcount>
    <wordcount weight="2" > clear </wordcount>
    <wordcount weight="2" > similarity </wordcount>
    <wordcount weight="2" > conditions </wordcount>
    <wordcount weight="2" > mixed </wordcount>
    <wordcount weight="2" > br </wordcount>
    <wordcount weight="2" > defined </wordcount>
    <wordcount weight="2" > specific </wordcount>
    <wordcount weight="2" > removed </wordcount>
    <wordcount weight="2" > exactly </wordcount>
    <wordcount weight="2" > structure </wordcount>
    <wordcount weight="2" > up </wordcount>
    <wordcount weight="2" > than </wordcount>
    <wordcount weight="2" > should </wordcount>
    <wordcount weight="2" > provided </wordcount>
    <wordcount weight="2" > reducing </wordcount>
    <wordcount weight="2" > separate </wordcount>
    <wordcount weight="1" > at </wordcount>
    <wordcount weight="1" > summed </wordcount>
    <wordcount weight="1" > f </wordcount>
    <wordcount weight="1" > does </wordcount>
    <wordcount weight="1" > now </wordcount>
    <wordcount weight="1" > basing </wordcount>
    <wordcount weight="1" > san </wordcount>
    <wordcount weight="1" > relationship </wordcount>
    <wordcount weight="1" > zero </wordcount>
    <wordcount weight="1" > o </wordcount>
    <wordcount weight="1" > investigating </wordcount>
    <wordcount weight="1" > bull </wordcount>
    <wordcount weight="1" > behavioural </wordcount>
    <wordcount weight="1" > independent </wordcount>
    <wordcount weight="1" > matrices </wordcount>
    <wordcount weight="1" > concerned </wordcount>
    <wordcount weight="1" > scientific </wordcount>
    <wordcount weight="1" > sometimes </wordcount>
    <wordcount weight="1" > purely </wordcount>
    <wordcount weight="1" > usually </wordcount>
    <wordcount weight="1" > been </wordcount>
    <wordcount weight="1" > superficially </wordcount>
    <wordcount weight="1" > taxonomy </wordcount>
    <wordcount weight="1" > adds </wordcount>
    <wordcount weight="1" > how </wordcount>
    <wordcount weight="1" > separated </wordcount>
    <wordcount weight="1" > represent </wordcount>
    <wordcount weight="1" > might </wordcount>
    <wordcount weight="1" > randomly </wordcount>
    <wordcount weight="1" > int </wordcount>
    <wordcount weight="1" > ordination </wordcount>
    <wordcount weight="1" > math </wordcount>
    <wordcount weight="1" > measures </wordcount>
    <wordcount weight="1" > strains </wordcount>
    <wordcount weight="1" > environments </wordcount>
    <wordcount weight="1" > still </wordcount>
    <wordcount weight="1" > introduction </wordcount>
    <wordcount weight="1" > determining </wordcount>
    <wordcount weight="1" > covariances </wordcount>
    <wordcount weight="1" > similar </wordcount>
    <wordcount weight="1" > inadequate </wordcount>
    <wordcount weight="1" > large </wordcount>
    <wordcount weight="1" > conducted </wordcount>
    <wordcount weight="1" > balanced </wordcount>
    <wordcount weight="1" > parts </wordcount>
    <wordcount weight="1" > k </wordcount>
    <wordcount weight="1" > often </wordcount>
    <wordcount weight="1" > extra </wordcount>
    <wordcount weight="1" > construction </wordcount>
    <wordcount weight="1" > biological </wordcount>
    <wordcount weight="1" > designed </wordcount>
    <wordcount weight="1" > summarized </wordcount>
    <wordcount weight="1" > mortality </wordcount>
    <wordcount weight="1" > formed </wordcount>
    <wordcount weight="1" > factors </wordcount>
    <wordcount weight="1" > additivity </wordcount>
    <wordcount weight="1" > measured </wordcount>
    <wordcount weight="1" > situation </wordcount>
    <wordcount weight="1" > statisticians </wordcount>
    <wordcount weight="1" > reason </wordcount>
    <wordcount weight="1" > ensure </wordcount>
    <wordcount weight="1" > ms </wordcount>
    <wordcount weight="1" > under </wordcount>
    <wordcount weight="1" > biology </wordcount>
    <wordcount weight="1" > reasonably </wordcount>
    <wordcount weight="1" > respect </wordcount>
    <wordcount weight="1" > calculations </wordcount>
    <wordcount weight="1" > split </wordcount>
    <wordcount weight="1" > into </wordcount>
    <wordcount weight="1" > just </wordcount>
    <wordcount weight="1" > amenable </wordcount>
    <wordcount weight="1" > same </wordcount>
    <wordcount weight="1" > numbers </wordcount>
    <wordcount weight="1" > source </wordcount>
    <wordcount weight="1" > these </wordcount>
    <wordcount weight="1" > situations </wordcount>
    <wordcount weight="1" > department </wordcount>
    <wordcount weight="1" > noted </wordcount>
    <wordcount weight="1" > additional </wordcount>
    <wordcount weight="1" > powerful </wordcount>
    <wordcount weight="1" > pick </wordcount>
    <wordcount weight="1" > useful </wordcount>
    <wordcount weight="1" > definite </wordcount>
    <wordcount weight="1" > long </wordcount>
    <wordcount weight="1" > genotypes </wordcount>
    <wordcount weight="1" > here </wordcount>
    <wordcount weight="1" > column </wordcount>
    <wordcount weight="1" > triangle </wordcount>
    <wordcount weight="1" > suggested </wordcount>
    <wordcount weight="1" > over </wordcount>
    <wordcount weight="1" > dispersion </wordcount>
    <wordcount weight="1" > numerical </wordcount>
    <wordcount weight="1" > externally </wordcount>
    <wordcount weight="1" > analogies </wordcount>
    <wordcount weight="1" > added </wordcount>
    <wordcount weight="1" > many </wordcount>
    <wordcount weight="1" > smith </wordcount>
    <wordcount weight="1" > correspond </wordcount>
    <wordcount weight="1" > experiments </wordcount>
    <wordcount weight="1" > expressed </wordcount>
    <wordcount weight="1" > projections </wordcount>
    <wordcount weight="1" > based </wordcount>
    <wordcount weight="1" > lack </wordcount>
    <wordcount weight="1" > sizes </wordcount>
    <wordcount weight="1" > main </wordcount>
    <wordcount weight="1" > other </wordcount>
    <wordcount weight="1" > seem </wordcount>
    <wordcount weight="1" > stringent </wordcount>
    <wordcount weight="1" > assess </wordcount>
    <wordcount weight="1" > together </wordcount>
    <wordcount weight="1" > genus </wordcount>
    <wordcount weight="1" > simple </wordcount>
    <wordcount weight="1" > differences </wordcount>
    <wordcount weight="1" > geometrical </wordcount>
    <wordcount weight="1" > freeman </wordcount>
    <wordcount weight="1" > out </wordcount>
    <wordcount weight="1" > objectives </wordcount>
    <wordcount weight="1" > obviously </wordcount>
    <wordcount weight="1" > arbitrarily </wordcount>
    <wordcount weight="1" > allowing </wordcount>
    <wordcount weight="1" > algebraically </wordcount>
    <wordcount weight="1" > i </wordcount>
    <wordcount weight="1" > pattern </wordcount>
    <wordcount weight="1" > never </wordcount>
    <wordcount weight="1" > further </wordcount>
    <wordcount weight="1" > v </wordcount>
    <wordcount weight="1" > equal </wordcount>
    <wordcount weight="1" > derivation </wordcount>
    <wordcount weight="1" > confused </wordcount>
    <wordcount weight="1" > investigation </wordcount>
    <wordcount weight="1" > whether </wordcount>
    <wordcount weight="1" > similarities </wordcount>
    <wordcount weight="1" > form </wordcount>
    <wordcount weight="1" > less </wordcount>
    <wordcount weight="1" > references </wordcount>
    <wordcount weight="1" > analogous </wordcount>
    <wordcount weight="1" > scale </wordcount>
    <wordcount weight="1" > necessary </wordcount>
    <wordcount weight="1" > practice </wordcount>
    <wordcount weight="1" > ao </wordcount>
    <wordcount weight="1" > agricultural </wordcount>
    <wordcount weight="1" > hypothetical </wordcount>
    <wordcount weight="1" > linear </wordcount>
    <wordcount weight="1" > unnecessary </wordcount>
    <wordcount weight="1" > distance </wordcount>
    <wordcount weight="1" > while </wordcount>
    <wordcount weight="1" > really </wordcount>
    <wordcount weight="1" > criteria </wordcount>
    <wordcount weight="1" > institute </wordcount>
    <wordcount weight="1" > divide </wordcount>
    <wordcount weight="1" > produce </wordcount>
    <wordcount weight="1" > colhimn </wordcount>
    <wordcount weight="1" > vol </wordcount>
    <wordcount weight="1" > discriminant </wordcount>
    <wordcount weight="1" > w </wordcount>
    <wordcount weight="1" > condition </wordcount>
    <wordcount weight="1" > illustrate </wordcount>
    <wordcount weight="1" > discussion </wordcount>
    <wordcount weight="1" > who </wordcount>
    <wordcount weight="1" > lycosa </wordcount>
    <wordcount weight="1" > examples </wordcount>
    <wordcount weight="1" > made </wordcount>
    <wordcount weight="1" > directions </wordcount>
    <wordcount weight="1" > educ </wordcount>
    <wordcount weight="1" > rat </wordcount>
    <wordcount weight="1" > except </wordcount>
    <wordcount weight="1" > conceptual </wordcount>
    <wordcount weight="1" > x </wordcount>
    <wordcount weight="1" > treating </wordcount>
    <wordcount weight="1" > pairs </wordcount>
    <wordcount weight="1" > partitioned </wordcount>
    <wordcount weight="1" > constrained </wordcount>
    <wordcount weight="1" > multiplied </wordcount>
    <wordcount weight="1" > representing </wordcount>
    <wordcount weight="1" > against </wordcount>
    <wordcount weight="1" > entirely </wordcount>
    <wordcount weight="1" > emphasize </wordcount>
    <wordcount weight="1" > demonstrates </wordcount>
    <wordcount weight="1" > polynomials </wordcount>
    <wordcount weight="1" > people </wordcount>
    <wordcount weight="1" > aims </wordcount>
    <wordcount weight="1" > representation </wordcount>
    <wordcount weight="1" > rows </wordcount>
    <wordcount weight="1" > real </wordcount>
    <wordcount weight="1" > mc </wordcount>
    <wordcount weight="1" > covariance </wordcount>
    <wordcount weight="1" > illustrative </wordcount>
    <wordcount weight="1" > confuse </wordcount>
    <wordcount weight="1" > involves </wordcount>
    <wordcount weight="1" > berkshire </wordcount>
    <wordcount weight="1" > brit </wordcount>
    <wordcount weight="1" > generate </wordcount>
    <wordcount weight="1" > remaining </wordcount>
    <wordcount weight="1" > abc </wordcount>
    <wordcount weight="1" > g </wordcount>
    <wordcount weight="1" > perpendicular </wordcount>
    <wordcount weight="1" > change </wordcount>
    <wordcount weight="1" > statistically </wordcount>
    <wordcount weight="1" > keep </wordcount>
    <wordcount weight="1" > include </wordcount>
    <wordcount weight="1" > plotting </wordcount>
    <wordcount weight="1" > application </wordcount>
    <wordcount weight="1" > distances </wordcount>
    <wordcount weight="1" > plant </wordcount>
    <wordcount weight="1" > geometry </wordcount>
    <wordcount weight="1" > kept </wordcount>
    <wordcount weight="1" > after </wordcount>
    <wordcount weight="1" > quite </wordcount>
    <wordcount weight="1" > precludes </wordcount>
    <wordcount weight="1" > francisco </wordcount>
    <wordcount weight="1" > defining </wordcount>
    <wordcount weight="1" > shift </wordcount>
    <wordcount weight="1" > classification </wordcount>
    <wordcount weight="1" > underlying </wordcount>
    <wordcount weight="1" > artificial </wordcount>
    <wordcount weight="1" > depend </wordcount>
    <wordcount weight="1" > sufficient </wordcount>
    <wordcount weight="1" > comparing </wordcount>
    <wordcount weight="1" > satisfy </wordcount>
    <wordcount weight="1" > univariate </wordcount>
    <wordcount weight="1" > response </wordcount>
    <wordcount weight="1" > methods </wordcount>
    <wordcount weight="1" > mwean </wordcount>
    <wordcount weight="1" > relation </wordcount>
    <wordcount weight="1" > graphically </wordcount>
    <wordcount weight="1" > respectively </wordcount>
    <wordcount weight="1" > applying </wordcount>
    <wordcount weight="1" > effect </wordcount>
    <wordcount weight="1" > mixing </wordcount>
    <wordcount weight="1" > misleading </wordcount>
    <wordcount weight="1" > sci </wordcount>
    <wordcount weight="1" > generally </wordcount>
    <wordcount weight="1" > drawn </wordcount>
    <wordcount weight="1" > df </wordcount>
    <wordcount weight="1" > journal </wordcount>
    <wordcount weight="1" > results </wordcount>
    <wordcount weight="1" > theorem </wordcount>
    <wordcount weight="1" > ss </wordcount>
    <wordcount weight="1" > roots </wordcount>
    <wordcount weight="1" > relative </wordcount>
    <wordcount weight="1" > appropriate </wordcount>
    <wordcount weight="1" > general </wordcount>
    <wordcount weight="1" > hope </wordcount>
    <wordcount weight="1" > widely </wordcount>
    <wordcount weight="1" > arach </wordcount>
</article>
