<?xml version="1.0" encoding="UTF-8"?>
<article id="10.2307/2402534" >
    <wordcount weight="337" > x </wordcount>
    <wordcount weight="280" > the </wordcount>
    <wordcount weight="234" > of </wordcount>
    <wordcount weight="206" > and </wordcount>
    <wordcount weight="151" > a </wordcount>
    <wordcount weight="81" > to </wordcount>
    <wordcount weight="79" > in </wordcount>
    <wordcount weight="65" > n </wordcount>
    <wordcount weight="62" > o </wordcount>
    <wordcount weight="60" > en </wordcount>
    <wordcount weight="58" > on </wordcount>
    <wordcount weight="51" > was </wordcount>
    <wordcount weight="50" > were </wordcount>
    <wordcount weight="50" > be </wordcount>
    <wordcount weight="49" > populations </wordcount>
    <wordcount weight="45" > cd </wordcount>
    <wordcount weight="42" > is </wordcount>
    <wordcount weight="41" > at </wordcount>
    <wordcount weight="41" > are </wordcount>
    <wordcount weight="40" > by </wordcount>
    <wordcount weight="38" > d </wordcount>
    <wordcount weight="36" > tolerant </wordcount>
    <wordcount weight="35" > f </wordcount>
    <wordcount weight="35" > l </wordcount>
    <wordcount weight="33" > metal </wordcount>
    <wordcount weight="33" > sites </wordcount>
    <wordcount weight="32" > with </wordcount>
    <wordcount weight="29" > that </wordcount>
    <wordcount weight="28" > t </wordcount>
    <wordcount weight="28" > fertilizer </wordcount>
    <wordcount weight="28" > as </wordcount>
    <wordcount weight="28" > cq </wordcount>
    <wordcount weight="28" > u </wordcount>
    <wordcount weight="28" > trelogan </wordcount>
    <wordcount weight="28" > species </wordcount>
    <wordcount weight="27" > c </wordcount>
    <wordcount weight="26" > it </wordcount>
    <wordcount weight="26" > m </wordcount>
    <wordcount weight="25" > but </wordcount>
    <wordcount weight="25" > r </wordcount>
    <wordcount weight="24" > not </wordcount>
    <wordcount weight="24" > for </wordcount>
    <wordcount weight="24" > than </wordcount>
    <wordcount weight="23" > heavy </wordcount>
    <wordcount weight="22" > w </wordcount>
    <wordcount weight="22" > rubra </wordcount>
    <wordcount weight="22" > dry </wordcount>
    <wordcount weight="21" > h </wordcount>
    <wordcount weight="21" > perenne </wordcount>
    <wordcount weight="20" > wastes </wordcount>
    <wordcount weight="20" > reclamation </wordcount>
    <wordcount weight="20" > tolerance </wordcount>
    <wordcount weight="20" > this </wordcount>
    <wordcount weight="19" > trials </wordcount>
    <wordcount weight="19" > more </wordcount>
    <wordcount weight="19" > mine </wordcount>
    <wordcount weight="18" > metalliferous </wordcount>
    <wordcount weight="18" > these </wordcount>
    <wordcount weight="17" > e </wordcount>
    <wordcount weight="17" > been </wordcount>
    <wordcount weight="17" > j </wordcount>
    <wordcount weight="17" > agrostis </wordcount>
    <wordcount weight="16" > matter </wordcount>
    <wordcount weight="16" > acid </wordcount>
    <wordcount weight="16" > or </wordcount>
    <wordcount weight="16" > metals </wordcount>
    <wordcount weight="16" > most </wordcount>
    <wordcount weight="16" > ji </wordcount>
    <wordcount weight="16" > calcareous </wordcount>
    <wordcount weight="16" > z </wordcount>
    <wordcount weight="16" > bradshaw </wordcount>
    <wordcount weight="16" > commercial </wordcount>
    <wordcount weight="15" > growth </wordcount>
    <wordcount weight="15" > from </wordcount>
    <wordcount weight="15" > s </wordcount>
    <wordcount weight="15" > used </wordcount>
    <wordcount weight="15" > range </wordcount>
    <wordcount weight="15" > et </wordcount>
    <wordcount weight="14" > all </wordcount>
    <wordcount weight="14" > xx </wordcount>
    <wordcount weight="14" > population </wordcount>
    <wordcount weight="14" > has </wordcount>
    <wordcount weight="14" > seed </wordcount>
    <wordcount weight="14" > festuca </wordcount>
    <wordcount weight="13" > organic </wordcount>
    <wordcount weight="13" > tn </wordcount>
    <wordcount weight="13" > very </wordcount>
    <wordcount weight="13" > there </wordcount>
    <wordcount weight="13" > vegetation </wordcount>
    <wordcount weight="13" > q </wordcount>
    <wordcount weight="12" > site </wordcount>
    <wordcount weight="12" > plants </wordcount>
    <wordcount weight="12" > al </wordcount>
    <wordcount weight="12" > can </wordcount>
    <wordcount weight="12" > goginan </wordcount>
    <wordcount weight="12" > stolonifera </wordcount>
    <wordcount weight="12" > waste </wordcount>
    <wordcount weight="12" > use </wordcount>
    <wordcount weight="12" > which </wordcount>
    <wordcount weight="12" > have </wordcount>
    <wordcount weight="11" > yields </wordcount>
    <wordcount weight="11" > material </wordcount>
    <wordcount weight="11" > only </wordcount>
    <wordcount weight="11" > other </wordcount>
    <wordcount weight="11" > produced </wordcount>
    <wordcount weight="11" > conditions </wordcount>
    <wordcount weight="10" > they </wordcount>
    <wordcount weight="10" > plots </wordcount>
    <wordcount weight="10" > since </wordcount>
    <wordcount weight="10" > tennis </wordcount>
    <wordcount weight="10" > would </wordcount>
    <wordcount weight="10" > an </wordcount>
    <wordcount weight="10" > plant </wordcount>
    <wordcount weight="10" > mining </wordcount>
    <wordcount weight="9" > because </wordcount>
    <wordcount weight="9" > applied </wordcount>
    <wordcount weight="9" > wide </wordcount>
    <wordcount weight="9" > establishment </wordcount>
    <wordcount weight="9" > content </wordcount>
    <wordcount weight="9" > fig </wordcount>
    <wordcount weight="9" > results </wordcount>
    <wordcount weight="8" > sown </wordcount>
    <wordcount weight="8" > greater </wordcount>
    <wordcount weight="8" > two </wordcount>
    <wordcount weight="8" > lead </wordcount>
    <wordcount weight="8" > spring </wordcount>
    <wordcount weight="8" > cover </wordcount>
    <wordcount weight="8" > control </wordcount>
    <wordcount weight="8" > could </wordcount>
    <wordcount weight="8" > variation </wordcount>
    <wordcount weight="8" > i </wordcount>
    <wordcount weight="8" > base </wordcount>
    <wordcount weight="8" > present </wordcount>
    <wordcount weight="8" > where </wordcount>
    <wordcount weight="8" > less </wordcount>
    <wordcount weight="8" > lolium </wordcount>
    <wordcount weight="8" > g </wordcount>
    <wordcount weight="8" > soil </wordcount>
    <wordcount weight="8" > toxicity </wordcount>
    <wordcount weight="8" > also </wordcount>
    <wordcount weight="8" > using </wordcount>
    <wordcount weight="7" > materials </wordcount>
    <wordcount weight="7" > if </wordcount>
    <wordcount weight="7" > one </wordcount>
    <wordcount weight="7" > had </wordcount>
    <wordcount weight="7" > technique </wordcount>
    <wordcount weight="7" > many </wordcount>
    <wordcount weight="7" > smith </wordcount>
    <wordcount weight="7" > further </wordcount>
    <wordcount weight="7" > within </wordcount>
    <wordcount weight="7" > toxic </wordcount>
    <wordcount weight="7" > native </wordcount>
    <wordcount weight="7" > copper </wordcount>
    <wordcount weight="7" > calcicole </wordcount>
    <wordcount weight="7" > three </wordcount>
    <wordcount weight="7" > so </wordcount>
    <wordcount weight="7" > high </wordcount>
    <wordcount weight="7" > between </wordcount>
    <wordcount weight="7" > effective </wordcount>
    <wordcount weight="7" > much </wordcount>
    <wordcount weight="7" > zinc </wordcount>
    <wordcount weight="7" > normal </wordcount>
    <wordcount weight="6" > therefore </wordcount>
    <wordcount weight="6" > halkyn </wordcount>
    <wordcount weight="6" > phosphorus </wordcount>
    <wordcount weight="6" > nitrogen </wordcount>
    <wordcount weight="6" > different </wordcount>
    <wordcount weight="6" > areas </wordcount>
    <wordcount weight="6" > differences </wordcount>
    <wordcount weight="6" > yield </wordcount>
    <wordcount weight="6" > lime </wordcount>
    <wordcount weight="6" > when </wordcount>
    <wordcount weight="6" > possible </wordcount>
    <wordcount weight="6" > probably </wordcount>
    <wordcount weight="6" > soils </wordcount>
    <wordcount weight="6" > although </wordcount>
    <wordcount weight="6" > factor </wordcount>
    <wordcount weight="6" > autumn </wordcount>
    <wordcount weight="6" > revegetation </wordcount>
    <wordcount weight="6" > such </wordcount>
    <wordcount weight="6" > both </wordcount>
    <wordcount weight="6" > chemical </wordcount>
    <wordcount weight="6" > after </wordcount>
    <wordcount weight="6" > v </wordcount>
    <wordcount weight="6" > journal </wordcount>
    <wordcount weight="6" > la </wordcount>
    <wordcount weight="6" > rates </wordcount>
    <wordcount weight="6" > fr </wordcount>
    <wordcount weight="5" > limiting </wordcount>
    <wordcount weight="5" > applications </wordcount>
    <wordcount weight="5" > no </wordcount>
    <wordcount weight="5" > large </wordcount>
    <wordcount weight="5" > often </wordcount>
    <wordcount weight="5" > environment </wordcount>
    <wordcount weight="5" > pp </wordcount>
    <wordcount weight="5" > any </wordcount>
    <wordcount weight="5" > contaminated </wordcount>
    <wordcount weight="5" > without </wordcount>
    <wordcount weight="5" > lower </wordcount>
    <wordcount weight="5" > initial </wordcount>
    <wordcount weight="5" > natural </wordcount>
    <wordcount weight="5" > treatment </wordcount>
    <wordcount weight="5" > available </wordcount>
    <wordcount weight="5" > treatments </wordcount>
    <wordcount weight="5" > suitable </wordcount>
    <wordcount weight="5" > nutrient </wordcount>
    <wordcount weight="5" > ovina </wordcount>
    <wordcount weight="5" > together </wordcount>
    <wordcount weight="5" > agricultural </wordcount>
    <wordcount weight="5" > oo </wordcount>
    <wordcount weight="5" > quantities </wordcount>
    <wordcount weight="5" > work </wordcount>
    <wordcount weight="5" > evolution </wordcount>
    <wordcount weight="5" > low </wordcount>
    <wordcount weight="5" > following </wordcount>
    <wordcount weight="5" > amounts </wordcount>
    <wordcount weight="5" > concentrations </wordcount>
    <wordcount weight="5" > successful </wordcount>
    <wordcount weight="5" > land </wordcount>
    <wordcount weight="5" > mines </wordcount>
    <wordcount weight="5" > effect </wordcount>
    <wordcount weight="5" > generally </wordcount>
    <wordcount weight="5" > those </wordcount>
    <wordcount weight="5" > should </wordcount>
    <wordcount weight="4" > may </wordcount>
    <wordcount weight="4" > will </wordcount>
    <wordcount weight="4" > rate </wordcount>
    <wordcount weight="4" > higher </wordcount>
    <wordcount weight="4" > ecological </wordcount>
    <wordcount weight="4" > usually </wordcount>
    <wordcount weight="4" > go </wordcount>
    <wordcount weight="4" > levels </wordcount>
    <wordcount weight="4" > production </wordcount>
    <wordcount weight="4" > appears </wordcount>
    <wordcount weight="4" > institution </wordcount>
    <wordcount weight="4" > under </wordcount>
    <wordcount weight="4" > gr </wordcount>
    <wordcount weight="4" > then </wordcount>
    <wordcount weight="4" > about </wordcount>
    <wordcount weight="4" > satisfactory </wordcount>
    <wordcount weight="4" > important </wordcount>
    <wordcount weight="4" > again </wordcount>
    <wordcount weight="4" > each </wordcount>
    <wordcount weight="4" > water </wordcount>
    <wordcount weight="4" > found </wordcount>
    <wordcount weight="4" > grazing </wordcount>
    <wordcount weight="4" > great </wordcount>
    <wordcount weight="4" > p </wordcount>
    <wordcount weight="4" > some </wordcount>
    <wordcount weight="4" > particularly </wordcount>
    <wordcount weight="4" > parc </wordcount>
    <wordcount weight="4" > better </wordcount>
    <wordcount weight="4" > necessary </wordcount>
    <wordcount weight="4" > superior </wordcount>
    <wordcount weight="4" > sowing </wordcount>
    <wordcount weight="4" > local </wordcount>
    <wordcount weight="4" > facultative </wordcount>
    <wordcount weight="4" > suggests </wordcount>
    <wordcount weight="4" > kg </wordcount>
    <wordcount weight="4" > trial </wordcount>
    <wordcount weight="4" > varieties </wordcount>
    <wordcount weight="4" > greenside </wordcount>
    <wordcount weight="4" > its </wordcount>
    <wordcount weight="4" > techniques </wordcount>
    <wordcount weight="4" > exceed </wordcount>
    <wordcount weight="4" > nenthead </wordcount>
    <wordcount weight="4" > lw </wordcount>
    <wordcount weight="4" > years </wordcount>
    <wordcount weight="4" > development </wordcount>
    <wordcount weight="4" > co </wordcount>
    <wordcount weight="4" > field </wordcount>
    <wordcount weight="4" > mineral </wordcount>
    <wordcount weight="4" > need </wordcount>
    <wordcount weight="4" > darley </wordcount>
    <wordcount weight="4" > small </wordcount>
    <wordcount weight="4" > always </wordcount>
    <wordcount weight="4" > deficiency </wordcount>
    <wordcount weight="3" > van </wordcount>
    <wordcount weight="3" > difficult </wordcount>
    <wordcount weight="3" > carried </wordcount>
    <wordcount weight="3" > now </wordcount>
    <wordcount weight="3" > adequate </wordcount>
    <wordcount weight="3" > developed </wordcount>
    <wordcount weight="3" > limited </wordcount>
    <wordcount weight="3" > bare </wordcount>
    <wordcount weight="3" > slow </wordcount>
    <wordcount weight="3" > sect </wordcount>
    <wordcount weight="3" > visual </wordcount>
    <wordcount weight="3" > similar </wordcount>
    <wordcount weight="3" > their </wordcount>
    <wordcount weight="3" > ten </wordcount>
    <wordcount weight="3" > ppm </wordcount>
    <wordcount weight="3" > analysis </wordcount>
    <wordcount weight="3" > productive </wordcount>
    <wordcount weight="3" > zs </wordcount>
    <wordcount weight="3" > seedlings </wordcount>
    <wordcount weight="3" > months </wordcount>
    <wordcount weight="3" > nl </wordcount>
    <wordcount weight="3" > alpestre </wordcount>
    <wordcount weight="3" > university </wordcount>
    <wordcount weight="3" > bo </wordcount>
    <wordcount weight="3" > total </wordcount>
    <wordcount weight="3" > thlaspi </wordcount>
    <wordcount weight="3" > npki </wordcount>
    <wordcount weight="3" > must </wordcount>
    <wordcount weight="3" > calcium </wordcount>
    <wordcount weight="3" > drought </wordcount>
    <wordcount weight="3" > either </wordcount>
    <wordcount weight="3" > cv </wordcount>
    <wordcount weight="3" > cost </wordcount>
    <wordcount weight="3" > vi </wordcount>
    <wordcount weight="3" > successfully </wordcount>
    <wordcount weight="3" > extracted </wordcount>
    <wordcount weight="3" > fenced </wordcount>
    <wordcount weight="3" > flat </wordcount>
    <wordcount weight="3" > experiments </wordcount>
    <wordcount weight="3" > ph </wordcount>
    <wordcount weight="3" > erosion </wordcount>
    <wordcount weight="3" > simple </wordcount>
    <wordcount weight="3" > tailings </wordcount>
    <wordcount weight="3" > origin </wordcount>
    <wordcount weight="3" > out </wordcount>
    <wordcount weight="3" > new </wordcount>
    <wordcount weight="3" > composition </wordcount>
    <wordcount weight="3" > fo </wordcount>
    <wordcount weight="3" > minerals </wordcount>
    <wordcount weight="3" > swansea </wordcount>
    <wordcount weight="3" > seeding </wordcount>
    <wordcount weight="3" > establish </wordcount>
    <wordcount weight="3" > received </wordcount>
    <wordcount weight="3" > scale </wordcount>
    <wordcount weight="3" > germination </wordcount>
    <wordcount weight="3" > transactions </wordcount>
    <wordcount weight="3" > method </wordcount>
    <wordcount weight="3" > institute </wordcount>
    <wordcount weight="3" > ecology </wordcount>
    <wordcount weight="3" > demonstrated </wordcount>
    <wordcount weight="3" > goodman </wordcount>
    <wordcount weight="3" > data </wordcount>
    <wordcount weight="3" > contain </wordcount>
    <wordcount weight="3" > mm </wordcount>
    <wordcount weight="3" > made </wordcount>
    <wordcount weight="3" > presented </wordcount>
    <wordcount weight="3" > determined </wordcount>
    <wordcount weight="3" > occurring </wordcount>
    <wordcount weight="3" > significantly </wordcount>
    <wordcount weight="3" > liable </wordcount>
    <wordcount weight="3" > ecton </wordcount>
    <wordcount weight="3" > significant </wordcount>
    <wordcount weight="3" > adapted </wordcount>
    <wordcount weight="3" > climatic </wordcount>
    <wordcount weight="3" > london </wordcount>
    <wordcount weight="3" > time </wordcount>
    <wordcount weight="3" > hydraulic </wordcount>
    <wordcount weight="3" > previous </wordcount>
    <wordcount weight="3" > metallophytes </wordcount>
    <wordcount weight="3" > b </wordcount>
    <wordcount weight="3" > pollution </wordcount>
    <wordcount weight="3" > relatively </wordcount>
    <wordcount weight="3" > normally </wordcount>
    <wordcount weight="3" > effects </wordcount>
    <wordcount weight="3" > grass </wordcount>
    <wordcount weight="3" > old </wordcount>
    <wordcount weight="3" > especially </wordcount>
    <wordcount weight="3" > highly </wordcount>
    <wordcount weight="3" > snailbeach </wordcount>
    <wordcount weight="3" > six </wordcount>
    <wordcount weight="3" > calcifuge </wordcount>
    <wordcount weight="3" > tenuis </wordcount>
    <wordcount weight="3" > overcome </wordcount>
    <wordcount weight="3" > occur </wordcount>
    <wordcount weight="3" > valley </wordcount>
    <wordcount weight="3" > little </wordcount>
    <wordcount weight="3" > seven </wordcount>
    <wordcount weight="3" > om </wordcount>
    <wordcount weight="3" > spoil </wordcount>
    <wordcount weight="3" > provided </wordcount>
    <wordcount weight="3" > major </wordcount>
    <wordcount weight="2" > der </wordcount>
    <wordcount weight="2" > reduced </wordcount>
    <wordcount weight="2" > investigated </wordcount>
    <wordcount weight="2" > absence </wordcount>
    <wordcount weight="2" > common </wordcount>
    <wordcount weight="2" > provide </wordcount>
    <wordcount weight="2" > ml </wordcount>
    <wordcount weight="2" > scientific </wordcount>
    <wordcount weight="2" > conservancy </wordcount>
    <wordcount weight="2" > main </wordcount>
    <wordcount weight="2" > die </wordcount>
    <wordcount weight="2" > resistant </wordcount>
    <wordcount weight="2" > landscape </wordcount>
    <wordcount weight="2" > extreme </wordcount>
    <wordcount weight="2" > environmental </wordcount>
    <wordcount weight="2" > coarse </wordcount>
    <wordcount weight="2" > poor </wordcount>
    <wordcount weight="2" > april </wordcount>
    <wordcount weight="2" > reduce </wordcount>
    <wordcount weight="2" > proportion </wordcount>
    <wordcount weight="2" > persistent </wordcount>
    <wordcount weight="2" > whether </wordcount>
    <wordcount weight="2" > grew </wordcount>
    <wordcount weight="2" > wind </wordcount>
    <wordcount weight="2" > costs </wordcount>
    <wordcount weight="2" > potassium </wordcount>
    <wordcount weight="2" > reflection </wordcount>
    <wordcount weight="2" > adaptation </wordcount>
    <wordcount weight="2" > britain </wordcount>
    <wordcount weight="2" > council </wordcount>
    <wordcount weight="2" > spectrophotometer </wordcount>
    <wordcount weight="2" > xxx </wordcount>
    <wordcount weight="2" > cheap </wordcount>
    <wordcount weight="2" > factors </wordcount>
    <wordcount weight="2" > habitats </wordcount>
    <wordcount weight="2" > extremely </wordcount>
    <wordcount weight="2" > latter </wordcount>
    <wordcount weight="2" > considered </wordcount>
    <wordcount weight="2" > improvement </wordcount>
    <wordcount weight="2" > established </wordcount>
    <wordcount weight="2" > acting </wordcount>
    <wordcount weight="2" > associated </wordcount>
    <wordcount weight="2" > cultivars </wordcount>
    <wordcount weight="2" > same </wordcount>
    <wordcount weight="2" > stabilizing </wordcount>
    <wordcount weight="2" > sloping </wordcount>
    <wordcount weight="2" > variety </wordcount>
    <wordcount weight="2" > too </wordcount>
    <wordcount weight="2" > four </wordcount>
    <wordcount weight="2" > toronto </wordcount>
    <wordcount weight="2" > being </wordcount>
    <wordcount weight="2" > characteristics </wordcount>
    <wordcount weight="2" > stabilization </wordcount>
    <wordcount weight="2" > physical </wordcount>
    <wordcount weight="2" > llanrwst </wordcount>
    <wordcount weight="2" > unicam </wordcount>
    <wordcount weight="2" > rather </wordcount>
    <wordcount weight="2" > lu </wordcount>
    <wordcount weight="2" > nitric </wordcount>
    <wordcount weight="2" > jeffrey </wordcount>
    <wordcount weight="2" > coon </wordcount>
    <wordcount weight="2" > set </wordcount>
    <wordcount weight="2" > give </wordcount>
    <wordcount weight="2" > suggested </wordcount>
    <wordcount weight="2" > rapid </wordcount>
    <wordcount weight="2" > over </wordcount>
    <wordcount weight="2" > highest </wordcount>
    <wordcount weight="2" > unnecessary </wordcount>
    <wordcount weight="2" > colonization </wordcount>
    <wordcount weight="2" > stabilizers </wordcount>
    <wordcount weight="2" > performance </wordcount>
    <wordcount weight="2" > nature </wordcount>
    <wordcount weight="2" > extraction </wordcount>
    <wordcount weight="2" > deficient </wordcount>
    <wordcount weight="2" > zi </wordcount>
    <wordcount weight="2" > assess </wordcount>
    <wordcount weight="2" > advantage </wordcount>
    <wordcount weight="2" > appearance </wordcount>
    <wordcount weight="2" > analyses </wordcount>
    <wordcount weight="2" > larger </wordcount>
    <wordcount weight="2" > atomic </wordcount>
    <wordcount weight="2" > leached </wordcount>
    <wordcount weight="2" > except </wordcount>
    <wordcount weight="2" > eu </wordcount>
    <wordcount weight="2" > survey </wordcount>
    <wordcount weight="2" > pseudometallophytes </wordcount>
    <wordcount weight="2" > tm </wordcount>
    <wordcount weight="2" > almost </wordcount>
    <wordcount weight="2" > achieved </wordcount>
    <wordcount weight="2" > damage </wordcount>
    <wordcount weight="2" > plantago </wordcount>
    <wordcount weight="2" > nm </wordcount>
    <wordcount weight="2" > blackwell </wordcount>
    <wordcount weight="2" > adjacent </wordcount>
    <wordcount weight="2" > do </wordcount>
    <wordcount weight="2" > mr </wordcount>
    <wordcount weight="2" > equally </wordcount>
    <wordcount weight="2" > ground </wordcount>
    <wordcount weight="2" > due </wordcount>
    <wordcount weight="2" > na </wordcount>
    <wordcount weight="2" > particular </wordcount>
    <wordcount weight="2" > absorption </wordcount>
    <wordcount weight="2" > crop </wordcount>
    <wordcount weight="2" > selected </wordcount>
    <wordcount weight="2" > british </wordcount>
    <wordcount weight="2" > damp </wordcount>
    <wordcount weight="2" > acidic </wordcount>
    <wordcount weight="2" > eg </wordcount>
    <wordcount weight="2" > fertilizers </wordcount>
    <wordcount weight="2" > dr </wordcount>
    <wordcount weight="2" > auquier </wordcount>
    <wordcount weight="2" > perhaps </wordcount>
    <wordcount weight="2" > inert </wordcount>
    <wordcount weight="2" > amenity </wordcount>
    <wordcount weight="2" > required </wordcount>
    <wordcount weight="2" > spp </wordcount>
    <wordcount weight="2" > liverpool </wordcount>
    <wordcount weight="2" > cases </wordcount>
    <wordcount weight="2" > expensive </wordcount>
    <wordcount weight="2" > improve </wordcount>
    <wordcount weight="2" > colliery </wordcount>
    <wordcount weight="2" > degree </wordcount>
    <wordcount weight="2" > stabilize </wordcount>
    <wordcount weight="2" > regrading </wordcount>
    <wordcount weight="2" > blue </wordcount>
    <wordcount weight="2" > fine </wordcount>
    <wordcount weight="2" > slightly </wordcount>
    <wordcount weight="2" > county </wordcount>
    <wordcount weight="2" > through </wordcount>
    <wordcount weight="2" > slopes </wordcount>
    <wordcount weight="2" > develop </wordcount>
    <wordcount weight="2" > samples </wordcount>
    <wordcount weight="2" > equivalent </wordcount>
    <wordcount weight="2" > year </wordcount>
    <wordcount weight="2" > deleterious </wordcount>
    <wordcount weight="2" > persisted </wordcount>
    <wordcount weight="2" > nurse </wordcount>
    <wordcount weight="2" > invaluable </wordcount>
    <wordcount weight="2" > appeared </wordcount>
    <wordcount weight="2" > reclaim </wordcount>
    <wordcount weight="2" > severe </wordcount>
    <wordcount weight="2" > difference </wordcount>
    <wordcount weight="2" > fertilized </wordcount>
    <wordcount weight="2" > calorimetrically </wordcount>
    <wordcount weight="2" > de </wordcount>
    <wordcount weight="2" > rapidly </wordcount>
    <wordcount weight="2" > characteristic </wordcount>
    <wordcount weight="2" > sp </wordcount>
    <wordcount weight="2" > swards </wordcount>
    <wordcount weight="2" > tit </wordcount>
    <wordcount weight="2" > indicate </wordcount>
    <wordcount weight="2" > level </wordcount>
    <wordcount weight="2" > rabbits </wordcount>
    <wordcount weight="2" > type </wordcount>
    <wordcount weight="2" > zo </wordcount>
    <wordcount weight="2" > suggest </wordcount>
    <wordcount weight="2" > lightly </wordcount>
    <wordcount weight="2" > approach </wordcount>
    <wordcount weight="2" > slope </wordcount>
    <wordcount weight="2" > commercially </wordcount>
    <wordcount weight="2" > ct </wordcount>
    <wordcount weight="2" > increased </wordcount>
    <wordcount weight="2" > antonovics </wordcount>
    <wordcount weight="2" > times </wordcount>
    <wordcount weight="2" > sufficient </wordcount>
    <wordcount weight="2" > grown </wordcount>
    <wordcount weight="2" > few </wordcount>
    <wordcount weight="2" > gemmell </wordcount>
    <wordcount weight="2" > potential </wordcount>
    <wordcount weight="2" > ha </wordcount>
    <wordcount weight="2" > k </wordcount>
    <wordcount weight="2" > grow </wordcount>
    <wordcount weight="2" > relation </wordcount>
    <wordcount weight="2" > mainly </wordcount>
    <wordcount weight="2" > ne </wordcount>
    <wordcount weight="2" > up </wordcount>
    <wordcount weight="2" > nt </wordcount>
    <wordcount weight="2" > even </wordcount>
    <wordcount weight="2" > sept </wordcount>
    <wordcount weight="2" > spoils </wordcount>
    <wordcount weight="2" > we </wordcount>
    <wordcount weight="2" > showed </wordcount>
    <wordcount weight="2" > influence </wordcount>
    <wordcount weight="2" > particles </wordcount>
    <wordcount weight="2" > wales </wordcount>
    <wordcount weight="1" > heavily </wordcount>
    <wordcount weight="1" > seems </wordcount>
    <wordcount weight="1" > survived </wordcount>
    <wordcount weight="1" > faunula </wordcount>
    <wordcount weight="1" > molybdophosphoric </wordcount>
    <wordcount weight="1" > qqqqqq </wordcount>
    <wordcount weight="1" > fails </wordcount>
    <wordcount weight="1" > parish </wordcount>
    <wordcount weight="1" > oxford </wordcount>
    <wordcount weight="1" > consists </wordcount>
    <wordcount weight="1" > cij </wordcount>
    <wordcount weight="1" > seasons </wordcount>
    <wordcount weight="1" > sulphate </wordcount>
    <wordcount weight="1" > topography </wordcount>
    <wordcount weight="1" > lo </wordcount>
    <wordcount weight="1" > colour </wordcount>
    <wordcount weight="1" > tcn </wordcount>
    <wordcount weight="1" > terrestrial </wordcount>
    <wordcount weight="1" > resistenz </wordcount>
    <wordcount weight="1" > modification </wordcount>
    <wordcount weight="1" > griffith </wordcount>
    <wordcount weight="1" > situation </wordcount>
    <wordcount weight="1" > york </wordcount>
    <wordcount weight="1" > vv </wordcount>
    <wordcount weight="1" > reflects </wordcount>
    <wordcount weight="1" > raise </wordcount>
    <wordcount weight="1" > eleven </wordcount>
    <wordcount weight="1" > easy </wordcount>
    <wordcount weight="1" > collected </wordcount>
    <wordcount weight="1" > fraction </wordcount>
    <wordcount weight="1" > logarithmically </wordcount>
    <wordcount weight="1" > fell </wordcount>
    <wordcount weight="1" > sulphuric </wordcount>
    <wordcount weight="1" > sometimes </wordcount>
    <wordcount weight="1" > indicated </wordcount>
    <wordcount weight="1" > variable </wordcount>
    <wordcount weight="1" > phosphorous </wordcount>
    <wordcount weight="1" > names </wordcount>
    <wordcount weight="1" > groups </wordcount>
    <wordcount weight="1" > blanketing </wordcount>
    <wordcount weight="1" > continuing </wordcount>
    <wordcount weight="1" > dispersal </wordcount>
    <wordcount weight="1" > bretland </wordcount>
    <wordcount weight="1" > naturally </wordcount>
    <wordcount weight="1" > flore </wordcount>
    <wordcount weight="1" > obtained </wordcount>
    <wordcount weight="1" > influenced </wordcount>
    <wordcount weight="1" > spectrometry </wordcount>
    <wordcount weight="1" > result </wordcount>
    <wordcount weight="1" > ra </wordcount>
    <wordcount weight="1" > reasonable </wordcount>
    <wordcount weight="1" > support </wordcount>
    <wordcount weight="1" > superiority </wordcount>
    <wordcount weight="1" > various </wordcount>
    <wordcount weight="1" > affected </wordcount>
    <wordcount weight="1" > parent </wordcount>
    <wordcount weight="1" > sand </wordcount>
    <wordcount weight="1" > rcd </wordcount>
    <wordcount weight="1" > widespread </wordcount>
    <wordcount weight="1" > nearly </wordcount>
    <wordcount weight="1" > fiat </wordcount>
    <wordcount weight="1" > departments </wordcount>
    <wordcount weight="1" > exception </wordcount>
    <wordcount weight="1" > process </wordcount>
    <wordcount weight="1" > object </wordcount>
    <wordcount weight="1" > season </wordcount>
    <wordcount weight="1" > developments </wordcount>
    <wordcount weight="1" > attempt </wordcount>
    <wordcount weight="1" > phosphate </wordcount>
    <wordcount weight="1" > mercuric </wordcount>
    <wordcount weight="1" > detailed </wordcount>
    <wordcount weight="1" > still </wordcount>
    <wordcount weight="1" > considerably </wordcount>
    <wordcount weight="1" > preferable </wordcount>
    <wordcount weight="1" > introduction </wordcount>
    <wordcount weight="1" > grasses </wordcount>
    <wordcount weight="1" > force </wordcount>
    <wordcount weight="1" > owusasoqd </wordcount>
    <wordcount weight="1" > make </wordcount>
    <wordcount weight="1" > surviving </wordcount>
    <wordcount weight="1" > effectively </wordcount>
    <wordcount weight="1" > freely </wordcount>
    <wordcount weight="1" > case </wordcount>
    <wordcount weight="1" > wilson </wordcount>
    <wordcount weight="1" > group </wordcount>
    <wordcount weight="1" > hot </wordcount>
    <wordcount weight="1" > covering </wordcount>
    <wordcount weight="1" > complex </wordcount>
    <wordcount weight="1" > mulches </wordcount>
    <wordcount weight="1" > chadwick </wordcount>
    <wordcount weight="1" > easily </wordcount>
    <wordcount weight="1" > panicle </wordcount>
    <wordcount weight="1" > determinant </wordcount>
    <wordcount weight="1" > aqueous </wordcount>
    <wordcount weight="1" > lz </wordcount>
    <wordcount weight="1" > study </wordcount>
    <wordcount weight="1" > stability </wordcount>
    <wordcount weight="1" > efficiency </wordcount>
    <wordcount weight="1" > maybury </wordcount>
    <wordcount weight="1" > extra </wordcount>
    <wordcount weight="1" > flexuosa </wordcount>
    <wordcount weight="1" > standard </wordcount>
    <wordcount weight="1" > prime </wordcount>
    <wordcount weight="1" > zz </wordcount>
    <wordcount weight="1" > chlorostannous </wordcount>
    <wordcount weight="1" > stone </wordcount>
    <wordcount weight="1" > hope </wordcount>
    <wordcount weight="1" > animals </wordcount>
    <wordcount weight="1" > listed </wordcount>
    <wordcount weight="1" > chorologiques </wordcount>
    <wordcount weight="1" > vigour </wordcount>
    <wordcount weight="1" > dead </wordcount>
    <wordcount weight="1" > table </wordcount>
    <wordcount weight="1" > bericht </wordcount>
    <wordcount weight="1" > yet </wordcount>
    <wordcount weight="1" > types </wordcount>
    <wordcount weight="1" > saturated </wordcount>
    <wordcount weight="1" > nant </wordcount>
    <wordcount weight="1" > randomized </wordcount>
    <wordcount weight="1" > means </wordcount>
    <wordcount weight="1" > completely </wordcount>
    <wordcount weight="1" > references </wordcount>
    <wordcount weight="1" > sheldon </wordcount>
    <wordcount weight="1" > mrs </wordcount>
    <wordcount weight="1" > baser </wordcount>
    <wordcount weight="1" > greener </wordcount>
    <wordcount weight="1" > unusual </wordcount>
    <wordcount weight="1" > effluent </wordcount>
    <wordcount weight="1" > decompose </wordcount>
    <wordcount weight="1" > nine </wordcount>
    <wordcount weight="1" > frongoch </wordcount>
    <wordcount weight="1" > parts </wordcount>
    <wordcount weight="1" > investigate </wordcount>
    <wordcount weight="1" > england </wordcount>
    <wordcount weight="1" > influencing </wordcount>
    <wordcount weight="1" > rain </wordcount>
    <wordcount weight="1" > countries </wordcount>
    <wordcount weight="1" > financial </wordcount>
    <wordcount weight="1" > thick </wordcount>
    <wordcount weight="1" > enu </wordcount>
    <wordcount weight="1" > rigorous </wordcount>
    <wordcount weight="1" > ore </wordcount>
    <wordcount weight="1" > fibre </wordcount>
    <wordcount weight="1" > former </wordcount>
    <wordcount weight="1" > restricted </wordcount>
    <wordcount weight="1" > ranges </wordcount>
    <wordcount weight="1" > rumex </wordcount>
    <wordcount weight="1" > omncnocn </wordcount>
    <wordcount weight="1" > contents </wordcount>
    <wordcount weight="1" > detail </wordcount>
    <wordcount weight="1" > gold </wordcount>
    <wordcount weight="1" > terrains </wordcount>
    <wordcount weight="1" > quite </wordcount>
    <wordcount weight="1" > comparisons </wordcount>
    <wordcount weight="1" > usbm </wordcount>
    <wordcount weight="1" > river </wordcount>
    <wordcount weight="1" > classify </wordcount>
    <wordcount weight="1" > emission </wordcount>
    <wordcount weight="1" > pasture </wordcount>
    <wordcount weight="1" > cespitosa </wordcount>
    <wordcount weight="1" > lfo </wordcount>
    <wordcount weight="1" > introduced </wordcount>
    <wordcount weight="1" > ci </wordcount>
    <wordcount weight="1" > natura </wordcount>
    <wordcount weight="1" > light </wordcount>
    <wordcount weight="1" > ti </wordcount>
    <wordcount weight="1" > elsewhere </wordcount>
    <wordcount weight="1" > during </wordcount>
    <wordcount weight="1" > carbonate </wordcount>
    <wordcount weight="1" > growing </wordcount>
    <wordcount weight="1" > air </wordcount>
    <wordcount weight="1" > ro </wordcount>
    <wordcount weight="1" > rtrn </wordcount>
    <wordcount weight="1" > series </wordcount>
    <wordcount weight="1" > ecologiques </wordcount>
    <wordcount weight="1" > sludge </wordcount>
    <wordcount weight="1" > annals </wordcount>
    <wordcount weight="1" > tcq </wordcount>
    <wordcount weight="1" > exposure </wordcount>
    <wordcount weight="1" > conjunction </wordcount>
    <wordcount weight="1" > prevent </wordcount>
    <wordcount weight="1" > industrial </wordcount>
    <wordcount weight="1" > lanceolata </wordcount>
    <wordcount weight="1" > measurements </wordcount>
    <wordcount weight="1" > show </wordcount>
    <wordcount weight="1" > department </wordcount>
    <wordcount weight="1" > commonly </wordcount>
    <wordcount weight="1" > extensive </wordcount>
    <wordcount weight="1" > constituted </wordcount>
    <wordcount weight="1" > havens </wordcount>
    <wordcount weight="1" > williams </wordcount>
    <wordcount weight="1" > resource </wordcount>
    <wordcount weight="1" > smelting </wordcount>
    <wordcount weight="1" > neighbouring </wordcount>
    <wordcount weight="1" > surface </wordcount>
    <wordcount weight="1" > suspension </wordcount>
    <wordcount weight="1" > www </wordcount>
    <wordcount weight="1" > dressings </wordcount>
    <wordcount weight="1" > longer </wordcount>
    <wordcount weight="1" > organisation </wordcount>
    <wordcount weight="1" > sdd </wordcount>
    <wordcount weight="1" > subsamples </wordcount>
    <wordcount weight="1" > zn </wordcount>
    <wordcount weight="1" > ui </wordcount>
    <wordcount weight="1" > advisable </wordcount>
    <wordcount weight="1" > comparing </wordcount>
    <wordcount weight="1" > problems </wordcount>
    <wordcount weight="1" > symbol </wordcount>
    <wordcount weight="1" > wood </wordcount>
    <wordcount weight="1" > fertility </wordcount>
    <wordcount weight="1" > here </wordcount>
    <wordcount weight="1" > epj </wordcount>
    <wordcount weight="1" > alternative </wordcount>
    <wordcount weight="1" > presumably </wordcount>
    <wordcount weight="1" > newly </wordcount>
    <wordcount weight="1" > sold </wordcount>
    <wordcount weight="1" > mo </wordcount>
    <wordcount weight="1" > helped </wordcount>
    <wordcount weight="1" > septentrionale </wordcount>
    <wordcount weight="1" > alginate </wordcount>
    <wordcount weight="1" > handley </wordcount>
    <wordcount weight="1" > frl </wordcount>
    <wordcount weight="1" > enables </wordcount>
    <wordcount weight="1" > might </wordcount>
    <wordcount weight="1" > ran </wordcount>
    <wordcount weight="1" > mcneilly </wordcount>
    <wordcount weight="1" > dessication </wordcount>
    <wordcount weight="1" > rn </wordcount>
    <wordcount weight="1" > dc </wordcount>
    <wordcount weight="1" > deficiencies </wordcount>
    <wordcount weight="1" > economic </wordcount>
    <wordcount weight="1" > addition </wordcount>
    <wordcount weight="1" > recovery </wordcount>
    <wordcount weight="1" > readily </wordcount>
    <wordcount weight="1" > gale </wordcount>
    <wordcount weight="1" > microclimate </wordcount>
    <wordcount weight="1" > release </wordcount>
    <wordcount weight="1" > supplied </wordcount>
    <wordcount weight="1" > souiloplvis </wordcount>
    <wordcount weight="1" > descriptions </wordcount>
    <wordcount weight="1" > sheep </wordcount>
    <wordcount weight="1" > root </wordcount>
    <wordcount weight="1" > stabilisation </wordcount>
    <wordcount weight="1" > unnnna </wordcount>
    <wordcount weight="1" > fitted </wordcount>
    <wordcount weight="1" > including </wordcount>
    <wordcount weight="1" > faster </wordcount>
    <wordcount weight="1" > lack </wordcount>
    <wordcount weight="1" > ugtuj </wordcount>
    <wordcount weight="1" > occurred </wordcount>
    <wordcount weight="1" > least </wordcount>
    <wordcount weight="1" > turner </wordcount>
    <wordcount weight="1" > ft </wordcount>
    <wordcount weight="1" > spreads </wordcount>
    <wordcount weight="1" > carrying </wordcount>
    <wordcount weight="1" > engineering </wordcount>
    <wordcount weight="1" > polluted </wordcount>
    <wordcount weight="1" > thurman </wordcount>
    <wordcount weight="1" > vigorous </wordcount>
    <wordcount weight="1" > renewal </wordcount>
    <wordcount weight="1" > compound </wordcount>
    <wordcount weight="1" > outlay </wordcount>
    <wordcount weight="1" > typical </wordcount>
    <wordcount weight="1" > infertility </wordcount>
    <wordcount weight="1" > compounds </wordcount>
    <wordcount weight="1" > rarely </wordcount>
    <wordcount weight="1" > recommendations </wordcount>
    <wordcount weight="1" > xxxxxx </wordcount>
    <wordcount weight="1" > conventional </wordcount>
    <wordcount weight="1" > eventually </wordcount>
    <wordcount weight="1" > iii </wordcount>
    <wordcount weight="1" > fovina </wordcount>
    <wordcount weight="1" > layer </wordcount>
    <wordcount weight="1" > ammonia </wordcount>
    <wordcount weight="1" > enable </wordcount>
    <wordcount weight="1" > conspicuous </wordcount>
    <wordcount weight="1" > nutrients </wordcount>
    <wordcount weight="1" > deschampsia </wordcount>
    <wordcount weight="1" > planted </wordcount>
    <wordcount weight="1" > able </wordcount>
    <wordcount weight="1" > incorporation </wordcount>
    <wordcount weight="1" > obviously </wordcount>
    <wordcount weight="1" > scheme </wordcount>
    <wordcount weight="1" > palliative </wordcount>
    <wordcount weight="1" > cwoodcq </wordcount>
    <wordcount weight="1" > hutnik </wordcount>
    <wordcount weight="1" > oxide </wordcount>
    <wordcount weight="1" > edaphic </wordcount>
    <wordcount weight="1" > cultivation </wordcount>
    <wordcount weight="1" > ami </wordcount>
    <wordcount weight="1" > appropriately </wordcount>
    <wordcount weight="1" > considerable </wordcount>
    <wordcount weight="1" > complete </wordcount>
    <wordcount weight="1" > sauooli </wordcount>
    <wordcount weight="1" > vba </wordcount>
    <wordcount weight="1" > wooo </wordcount>
    <wordcount weight="1" > tq </wordcount>
    <wordcount weight="1" > mined </wordcount>
    <wordcount weight="1" > cc </wordcount>
    <wordcount weight="1" > term </wordcount>
    <wordcount weight="1" > longmans </wordcount>
    <wordcount weight="1" > legislation </wordcount>
    <wordcount weight="1" > advances </wordcount>
    <wordcount weight="1" > places </wordcount>
    <wordcount weight="1" > density </wordcount>
    <wordcount weight="1" > enough </wordcount>
    <wordcount weight="1" > conspicuously </wordcount>
    <wordcount weight="1" > importantr </wordcount>
    <wordcount weight="1" > previously </wordcount>
    <wordcount weight="1" > sd </wordcount>
    <wordcount weight="1" > ron </wordcount>
    <wordcount weight="1" > investigations </wordcount>
    <wordcount weight="1" > complicated </wordcount>
    <wordcount weight="1" > covered </wordcount>
    <wordcount weight="1" > johnson </wordcount>
    <wordcount weight="1" > ruined </wordcount>
    <wordcount weight="1" > cu </wordcount>
    <wordcount weight="1" > deep </wordcount>
    <wordcount weight="1" > stony </wordcount>
    <wordcount weight="1" > breeding </wordcount>
    <wordcount weight="1" > stock </wordcount>
    <wordcount weight="1" > autoanalyser </wordcount>
    <wordcount weight="1" > confirming </wordcount>
    <wordcount weight="1" > purposes </wordcount>
    <wordcount weight="1" > cerastium </wordcount>
    <wordcount weight="1" > valdey </wordcount>
    <wordcount weight="1" > treat </wordcount>
    <wordcount weight="1" > attention </wordcount>
    <wordcount weight="1" > phd </wordcount>
    <wordcount weight="1" > uu </wordcount>
    <wordcount weight="1" > vulnerable </wordcount>
    <wordcount weight="1" > form </wordcount>
    <wordcount weight="1" > subsoil </wordcount>
    <wordcount weight="1" > lm </wordcount>
    <wordcount weight="1" > system </wordcount>
    <wordcount weight="1" > cannot </wordcount>
    <wordcount weight="1" > degradation </wordcount>
    <wordcount weight="1" > cause </wordcount>
    <wordcount weight="1" > excellent </wordcount>
    <wordcount weight="1" > levinge </wordcount>
    <wordcount weight="1" > ed </wordcount>
    <wordcount weight="1" > ul </wordcount>
    <wordcount weight="1" > botanischen </wordcount>
    <wordcount weight="1" > maintain </wordcount>
    <wordcount weight="1" > newnes </wordcount>
    <wordcount weight="1" > resulted </wordcount>
    <wordcount weight="1" > temporarily </wordcount>
    <wordcount weight="1" > passed </wordcount>
    <wordcount weight="1" > edinburgh </wordcount>
    <wordcount weight="1" > explain </wordcount>
    <wordcount weight="1" > recorded </wordcount>
    <wordcount weight="1" > howells </wordcount>
    <wordcount weight="1" > germinated </wordcount>
    <wordcount weight="1" > skid </wordcount>
    <wordcount weight="1" > march </wordcount>
    <wordcount weight="1" > directly </wordcount>
    <wordcount weight="1" > raked </wordcount>
    <wordcount weight="1" > sewage </wordcount>
    <wordcount weight="1" > structure </wordcount>
    <wordcount weight="1" > gives </wordcount>
    <wordcount weight="1" > advice </wordcount>
    <wordcount weight="1" > earlier </wordcount>
    <wordcount weight="1" > adverse </wordcount>
    <wordcount weight="1" > near </wordcount>
    <wordcount weight="1" > number </wordcount>
    <wordcount weight="1" > producedr </wordcount>
    <wordcount weight="1" > eliminate </wordcount>
    <wordcount weight="1" > sparse </wordcount>
    <wordcount weight="1" > extract </wordcount>
    <wordcount weight="1" > geochemistry </wordcount>
    <wordcount weight="1" > ther </wordcount>
    <wordcount weight="1" > grit </wordcount>
    <wordcount weight="1" > require </wordcount>
    <wordcount weight="1" > well </wordcount>
    <wordcount weight="1" > studied </wordcount>
    <wordcount weight="1" > sward </wordcount>
    <wordcount weight="1" > explored </wordcount>
    <wordcount weight="1" > retain </wordcount>
    <wordcount weight="1" > design </wordcount>
    <wordcount weight="1" > peters </wordcount>
    <wordcount weight="1" > filtrate </wordcount>
    <wordcount weight="1" > none </wordcount>
    <wordcount weight="1" > minimal </wordcount>
    <wordcount weight="1" > qqqq </wordcount>
    <wordcount weight="1" > atomizer </wordcount>
    <wordcount weight="1" > capable </wordcount>
    <wordcount weight="1" > maximum </wordcount>
    <wordcount weight="1" > cooperation </wordcount>
    <wordcount weight="1" > situated </wordcount>
    <wordcount weight="1" > discussion </wordcount>
    <wordcount weight="1" > who </wordcount>
    <wordcount weight="1" > planning </wordcount>
    <wordcount weight="1" > rz </wordcount>
    <wordcount weight="1" > survive </wordcount>
    <wordcount weight="1" > rocks </wordcount>
    <wordcount weight="1" > reaction </wordcount>
    <wordcount weight="1" > steep </wordcount>
    <wordcount weight="1" > amendments </wordcount>
    <wordcount weight="1" > nene </wordcount>
    <wordcount weight="1" > uboio </wordcount>
    <wordcount weight="1" > basis </wordcount>
    <wordcount weight="1" > situations </wordcount>
    <wordcount weight="1" > upon </wordcount>
    <wordcount weight="1" > john </wordcount>
    <wordcount weight="1" > orz </wordcount>
    <wordcount weight="1" > caused </wordcount>
    <wordcount weight="1" > revegetated </wordcount>
    <wordcount weight="1" > west </wordcount>
    <wordcount weight="1" > marked </wordcount>
    <wordcount weight="1" > yo </wordcount>
    <wordcount weight="1" > assessment </wordcount>
    <wordcount weight="1" > variations </wordcount>
    <wordcount weight="1" > wen </wordcount>
    <wordcount weight="1" > affecting </wordcount>
    <wordcount weight="1" > lanatus </wordcount>
    <wordcount weight="1" > odoratum </wordcount>
    <wordcount weight="1" > despite </wordcount>
    <wordcount weight="1" > owners </wordcount>
    <wordcount weight="1" > vegetated </wordcount>
    <wordcount weight="1" > indicating </wordcount>
    <wordcount weight="1" > apparent </wordcount>
    <wordcount weight="1" > see </wordcount>
    <wordcount weight="1" > sufficiently </wordcount>
    <wordcount weight="1" > proved </wordcount>
    <wordcount weight="1" > original </wordcount>
    <wordcount weight="1" > cold </wordcount>
    <wordcount weight="1" > related </wordcount>
    <wordcount weight="1" > inorganic </wordcount>
    <wordcount weight="1" > test </wordcount>
    <wordcount weight="1" > variability </wordcount>
    <wordcount weight="1" > fluorspar </wordcount>
    <wordcount weight="1" > medium </wordcount>
    <wordcount weight="1" > positions </wordcount>
    <wordcount weight="1" > tried </wordcount>
    <wordcount weight="1" > deutschen </wordcount>
    <wordcount weight="1" > findings </wordcount>
    <wordcount weight="1" > innocuous </wordcount>
    <wordcount weight="1" > gegen </wordcount>
    <wordcount weight="1" > controls </wordcount>
    <wordcount weight="1" > rm </wordcount>
    <wordcount weight="1" > entirely </wordcount>
    <wordcount weight="1" > loss </wordcount>
    <wordcount weight="1" > prevented </wordcount>
    <wordcount weight="1" > complexing </wordcount>
    <wordcount weight="1" > gave </wordcount>
    <wordcount weight="1" > macronutrients </wordcount>
    <wordcount weight="1" > prevailed </wordcount>
    <wordcount weight="1" > largely </wordcount>
    <wordcount weight="1" > obtain </wordcount>
    <wordcount weight="1" > nuf </wordcount>
    <wordcount weight="1" > putwain </wordcount>
    <wordcount weight="1" > place </wordcount>
    <wordcount weight="1" > rivers </wordcount>
    <wordcount weight="1" > shoots </wordcount>
    <wordcount weight="1" > drier </wordcount>
    <wordcount weight="1" > coca </wordcount>
    <wordcount weight="1" > outline </wordcount>
    <wordcount weight="1" > quartered </wordcount>
    <wordcount weight="1" > diversity </wordcount>
    <wordcount weight="1" > colonized </wordcount>
    <wordcount weight="1" > wherever </wordcount>
    <wordcount weight="1" > people </wordcount>
    <wordcount weight="1" > des </wordcount>
    <wordcount weight="1" > acknowledgments </wordcount>
    <wordcount weight="1" > wt </wordcount>
    <wordcount weight="1" > catalyst </wordcount>
    <wordcount weight="1" > indicates </wordcount>
    <wordcount weight="1" > wallonie </wordcount>
    <wordcount weight="1" > trend </wordcount>
    <wordcount weight="1" > recovered </wordcount>
    <wordcount weight="1" > winter </wordcount>
    <wordcount weight="1" > gangue </wordcount>
    <wordcount weight="1" > while </wordcount>
    <wordcount weight="1" > tottn </wordcount>
    <wordcount weight="1" > first </wordcount>
    <wordcount weight="1" > smlth </wordcount>
    <wordcount weight="1" > national </wordcount>
    <wordcount weight="1" > full </wordcount>
    <wordcount weight="1" > genecology </wordcount>
    <wordcount weight="1" > review </wordcount>
    <wordcount weight="1" > qqu </wordcount>
    <wordcount weight="1" > assistance </wordcount>
    <wordcount weight="1" > holcus </wordcount>
    <wordcount weight="1" > inn </wordcount>
    <wordcount weight="1" > oi </wordcount>
    <wordcount weight="1" > layers </wordcount>
    <wordcount weight="1" > recreational </wordcount>
    <wordcount weight="1" > latex </wordcount>
    <wordcount weight="1" > shown </wordcount>
    <wordcount weight="1" > acetosa </wordcount>
    <wordcount weight="1" > kjeldahl </wordcount>
    <wordcount weight="1" > project </wordcount>
    <wordcount weight="1" > nn </wordcount>
    <wordcount weight="1" > score </wordcount>
    <wordcount weight="1" > immediate </wordcount>
    <wordcount weight="1" > significance </wordcount>
    <wordcount weight="1" > adcd </wordcount>
    <wordcount weight="1" > digestion </wordcount>
    <wordcount weight="1" > help </wordcount>
    <wordcount weight="1" > axx </wordcount>
    <wordcount weight="1" > germinating </wordcount>
    <wordcount weight="1" > against </wordcount>
    <wordcount weight="1" > poisoning </wordcount>
    <wordcount weight="1" > seriously </wordcount>
    <wordcount weight="1" > liming </wordcount>
    <wordcount weight="1" > adding </wordcount>
    <wordcount weight="1" > discussed </wordcount>
    <wordcount weight="1" > endangering </wordcount>
    <wordcount weight="1" > se </wordcount>
    <wordcount weight="1" > siope </wordcount>
    <wordcount weight="1" > temperature </wordcount>
    <wordcount weight="1" > stolons </wordcount>
    <wordcount weight="1" > rooting </wordcount>
    <wordcount weight="1" > tl </wordcount>
    <wordcount weight="1" > patchy </wordcount>
    <wordcount weight="1" > prevents </wordcount>
    <wordcount weight="1" > lambinon </wordcount>
    <wordcount weight="1" > perennial </wordcount>
    <wordcount weight="1" > ability </wordcount>
    <wordcount weight="1" > oooo </wordcount>
    <wordcount weight="1" > aixoise </wordcount>
    <wordcount weight="1" > prolonged </wordcount>
    <wordcount weight="1" > symposium </wordcount>
    <wordcount weight="1" > nontolerant </wordcount>
    <wordcount weight="1" > include </wordcount>
    <wordcount weight="1" > consolidated </wordcount>
    <wordcount weight="1" > uo </wordcount>
    <wordcount weight="1" > spread </wordcount>
    <wordcount weight="1" > reclaiming </wordcount>
    <wordcount weight="1" > contentr </wordcount>
    <wordcount weight="1" > polluting </wordcount>
    <wordcount weight="1" > unhealthy </wordcount>
    <wordcount weight="1" > assisted </wordcount>
    <wordcount weight="1" > tested </wordcount>
    <wordcount weight="1" > expected </wordcount>
    <wordcount weight="1" > rheidol </wordcount>
    <wordcount weight="1" > distinction </wordcount>
    <wordcount weight="1" > promote </wordcount>
    <wordcount weight="1" > minuartia </wordcount>
    <wordcount weight="1" > reach </wordcount>
    <wordcount weight="1" > devastated </wordcount>
    <wordcount weight="1" > stimulated </wordcount>
    <wordcount weight="1" > deionized </wordcount>
    <wordcount weight="1" > calaminaires </wordcount>
    <wordcount weight="1" > routes </wordcount>
    <wordcount weight="1" > measured </wordcount>
    <wordcount weight="1" > did </wordcount>
    <wordcount weight="1" > ep </wordcount>
    <wordcount weight="1" > repeat </wordcount>
    <wordcount weight="1" > association </wordcount>
    <wordcount weight="1" > thornton </wordcount>
    <wordcount weight="1" > accumulated </wordcount>
    <wordcount weight="1" > repeated </wordcount>
    <wordcount weight="1" > cespifosa </wordcount>
    <wordcount weight="1" > summary </wordcount>
    <wordcount weight="1" > erblichkeit </wordcount>
    <wordcount weight="1" > several </wordcount>
    <wordcount weight="1" > restored </wordcount>
    <wordcount weight="1" > amount </wordcount>
    <wordcount weight="1" > took </wordcount>
    <wordcount weight="1" > flame </wordcount>
    <wordcount weight="1" > apart </wordcount>
    <wordcount weight="1" > workings </wordcount>
    <wordcount weight="1" > alleviate </wordcount>
    <wordcount weight="1" > methods </wordcount>
    <wordcount weight="1" > nnnnnn </wordcount>
    <wordcount weight="1" > restrict </wordcount>
    <wordcount weight="1" > replicated </wordcount>
    <wordcount weight="1" > ril </wordcount>
    <wordcount weight="1" > innes </wordcount>
    <wordcount weight="1" > topographically </wordcount>
    <wordcount weight="1" > become </wordcount>
    <wordcount weight="1" > research </wordcount>
    <wordcount weight="1" > themselves </wordcount>
    <wordcount weight="1" > favourable </wordcount>
    <wordcount weight="1" > decline </wordcount>
    <wordcount weight="1" > anthoxanthum </wordcount>
    <wordcount weight="1" > apr </wordcount>
    <wordcount weight="1" > respectively </wordcount>
    <wordcount weight="1" > cl </wordcount>
    <wordcount weight="1" > dense </wordcount>
    <wordcount weight="1" > slolonifera </wordcount>
    <wordcount weight="1" > tended </wordcount>
    <wordcount weight="1" > viola </wordcount>
    <wordcount weight="1" > yielded </wordcount>
    <wordcount weight="1" > publications </wordcount>
    <wordcount weight="1" > excluded </wordcount>
    <wordcount weight="1" > unstable </wordcount>
    <wordcount weight="1" > growthmax </wordcount>
    <wordcount weight="1" > pitcairn </wordcount>
    <wordcount weight="1" > died </wordcount>
    <wordcount weight="1" > partial </wordcount>
    <wordcount weight="1" > rhodesia </wordcount>
    <wordcount weight="1" > early </wordcount>
    <wordcount weight="1" > y </wordcount>
    <wordcount weight="1" > substantial </wordcount>
    <wordcount weight="1" > drawn </wordcount>
    <wordcount weight="1" > practice </wordcount>
    <wordcount weight="1" > obscure </wordcount>
    <wordcount weight="1" > ttn </wordcount>
    <wordcount weight="1" > consequently </wordcount>
    <wordcount weight="1" > spurious </wordcount>
    <wordcount weight="1" > cardiganshire </wordcount>
    <wordcount weight="1" > section </wordcount>
    <wordcount weight="1" > spite </wordcount>
    <wordcount weight="1" > ot </wordcount>
    <wordcount weight="1" > costly </wordcount>
    <wordcount weight="1" > shale </wordcount>
    <wordcount weight="1" > mortimer </wordcount>
    <wordcount weight="1" > campanula </wordcount>
    <wordcount weight="1" > staff </wordcount>
    <wordcount weight="1" > details </wordcount>
    <wordcount weight="1" > rhenanie </wordcount>
    <wordcount weight="1" > oooon </wordcount>
    <wordcount weight="1" > uchaf </wordcount>
    <wordcount weight="1" > recent </wordcount>
    <wordcount weight="1" > livestock </wordcount>
    <wordcount weight="1" > beauty </wordcount>
    <wordcount weight="1" > appropriate </wordcount>
    <wordcount weight="1" > kupfer </wordcount>
    <wordcount weight="1" > remarkable </wordcount>
    <wordcount weight="1" > evidence </wordcount>
    <wordcount weight="1" > jones </wordcount>
    <wordcount weight="1" > indophenol </wordcount>
    <wordcount weight="1" > finds </wordcount>
    <wordcount weight="1" > dam </wordcount>
    <wordcount weight="1" > inferior </wordcount>
    <wordcount weight="1" > restricting </wordcount>
    <wordcount weight="1" > nickel </wordcount>
    <wordcount weight="1" > gordon </wordcount>
    <wordcount weight="1" > reducing </wordcount>
    <wordcount weight="1" > widely </wordcount>
    <wordcount weight="1" > rit </wordcount>
    <wordcount weight="1" > ment </wordcount>
    <wordcount weight="1" > weathering </wordcount>
    <wordcount weight="1" > cont </wordcount>
    <wordcount weight="1" > seemed </wordcount>
    <wordcount weight="1" > noon </wordcount>
    <wordcount weight="1" > continuously </wordcount>
    <wordcount weight="1" > camouflage </wordcount>
    <wordcount weight="1" > likely </wordcount>
</article>
