<?xml version="1.0" encoding="UTF-8"?>
<article id="10.2307/2428935" >
    <wordcount weight="337" > the </wordcount>
    <wordcount weight="222" > of </wordcount>
    <wordcount weight="164" > and </wordcount>
    <wordcount weight="132" > to </wordcount>
    <wordcount weight="126" > in </wordcount>
    <wordcount weight="94" > a </wordcount>
    <wordcount weight="91" > is </wordcount>
    <wordcount weight="60" > are </wordcount>
    <wordcount weight="59" > be </wordcount>
    <wordcount weight="56" > with </wordcount>
    <wordcount weight="55" > by </wordcount>
    <wordcount weight="51" > that </wordcount>
    <wordcount weight="49" > or </wordcount>
    <wordcount weight="48" > as </wordcount>
    <wordcount weight="40" > not </wordcount>
    <wordcount weight="35" > which </wordcount>
    <wordcount weight="34" > on </wordcount>
    <wordcount weight="34" > species </wordcount>
    <wordcount weight="33" > it </wordcount>
    <wordcount weight="33" > from </wordcount>
    <wordcount weight="33" > for </wordcount>
    <wordcount weight="33" > ecospecies </wordcount>
    <wordcount weight="32" > but </wordcount>
    <wordcount weight="27" > there </wordcount>
    <wordcount weight="27" > ecotype </wordcount>
    <wordcount weight="27" > this </wordcount>
    <wordcount weight="26" > have </wordcount>
    <wordcount weight="25" > may </wordcount>
    <wordcount weight="25" > other </wordcount>
    <wordcount weight="24" > ecological </wordcount>
    <wordcount weight="24" > one </wordcount>
    <wordcount weight="24" > an </wordcount>
    <wordcount weight="23" > ecotypes </wordcount>
    <wordcount weight="23" > has </wordcount>
    <wordcount weight="22" > he </wordcount>
    <wordcount weight="22" > s </wordcount>
    <wordcount weight="21" > his </wordcount>
    <wordcount weight="19" > experimental </wordcount>
    <wordcount weight="19" > between </wordcount>
    <wordcount weight="18" > two </wordcount>
    <wordcount weight="16" > been </wordcount>
    <wordcount weight="16" > they </wordcount>
    <wordcount weight="16" > must </wordcount>
    <wordcount weight="16" > more </wordcount>
    <wordcount weight="16" > terms </wordcount>
    <wordcount weight="16" > some </wordcount>
    <wordcount weight="16" > such </wordcount>
    <wordcount weight="16" > can </wordcount>
    <wordcount weight="15" > we </wordcount>
    <wordcount weight="14" > only </wordcount>
    <wordcount weight="14" > genecological </wordcount>
    <wordcount weight="14" > very </wordcount>
    <wordcount weight="14" > taxonomic </wordcount>
    <wordcount weight="13" > groups </wordcount>
    <wordcount weight="13" > nature </wordcount>
    <wordcount weight="13" > coenospecies </wordcount>
    <wordcount weight="13" > turesson </wordcount>
    <wordcount weight="13" > their </wordcount>
    <wordcount weight="13" > classification </wordcount>
    <wordcount weight="12" > at </wordcount>
    <wordcount weight="12" > sterility </wordcount>
    <wordcount weight="12" > genetical </wordcount>
    <wordcount weight="12" > concept </wordcount>
    <wordcount weight="11" > no </wordcount>
    <wordcount weight="11" > if </wordcount>
    <wordcount weight="11" > populations </wordcount>
    <wordcount weight="11" > taxonomist </wordcount>
    <wordcount weight="11" > was </wordcount>
    <wordcount weight="11" > w </wordcount>
    <wordcount weight="11" > all </wordcount>
    <wordcount weight="11" > within </wordcount>
    <wordcount weight="11" > accepted </wordcount>
    <wordcount weight="11" > its </wordcount>
    <wordcount weight="10" > taxonomy </wordcount>
    <wordcount weight="10" > population </wordcount>
    <wordcount weight="10" > so </wordcount>
    <wordcount weight="10" > distinct </wordcount>
    <wordcount weight="9" > any </wordcount>
    <wordcount weight="9" > these </wordcount>
    <wordcount weight="9" > most </wordcount>
    <wordcount weight="9" > barriers </wordcount>
    <wordcount weight="9" > different </wordcount>
    <wordcount weight="9" > hybrid </wordcount>
    <wordcount weight="9" > term </wordcount>
    <wordcount weight="9" > plants </wordcount>
    <wordcount weight="9" > group </wordcount>
    <wordcount weight="9" > made </wordcount>
    <wordcount weight="9" > three </wordcount>
    <wordcount weight="9" > g </wordcount>
    <wordcount weight="9" > would </wordcount>
    <wordcount weight="9" > field </wordcount>
    <wordcount weight="8" > maritima </wordcount>
    <wordcount weight="8" > b </wordcount>
    <wordcount weight="8" > paper </wordcount>
    <wordcount weight="8" > proposed </wordcount>
    <wordcount weight="8" > same </wordcount>
    <wordcount weight="8" > experiments </wordcount>
    <wordcount weight="8" > habitat </wordcount>
    <wordcount weight="8" > what </wordcount>
    <wordcount weight="8" > less </wordcount>
    <wordcount weight="8" > criterion </wordcount>
    <wordcount weight="8" > far </wordcount>
    <wordcount weight="8" > definitions </wordcount>
    <wordcount weight="8" > writer </wordcount>
    <wordcount weight="8" > research </wordcount>
    <wordcount weight="8" > when </wordcount>
    <wordcount weight="8" > given </wordcount>
    <wordcount weight="8" > present </wordcount>
    <wordcount weight="8" > results </wordcount>
    <wordcount weight="8" > much </wordcount>
    <wordcount weight="8" > than </wordcount>
    <wordcount weight="7" > result </wordcount>
    <wordcount weight="7" > study </wordcount>
    <wordcount weight="7" > units </wordcount>
    <wordcount weight="7" > british </wordcount>
    <wordcount weight="7" > natural </wordcount>
    <wordcount weight="7" > based </wordcount>
    <wordcount weight="7" > do </wordcount>
    <wordcount weight="7" > cannot </wordcount>
    <wordcount weight="7" > another </wordcount>
    <wordcount weight="7" > criteria </wordcount>
    <wordcount weight="7" > data </wordcount>
    <wordcount weight="7" > used </wordcount>
    <wordcount weight="7" > use </wordcount>
    <wordcount weight="7" > general </wordcount>
    <wordcount weight="7" > methods </wordcount>
    <wordcount weight="7" > distinguished </wordcount>
    <wordcount weight="7" > up </wordcount>
    <wordcount weight="6" > m </wordcount>
    <wordcount weight="6" > subsp </wordcount>
    <wordcount weight="6" > sometimes </wordcount>
    <wordcount weight="6" > separated </wordcount>
    <wordcount weight="6" > often </wordcount>
    <wordcount weight="6" > under </wordcount>
    <wordcount weight="6" > fertility </wordcount>
    <wordcount weight="6" > every </wordcount>
    <wordcount weight="6" > controlled </wordcount>
    <wordcount weight="6" > extensive </wordcount>
    <wordcount weight="6" > published </wordcount>
    <wordcount weight="6" > also </wordcount>
    <wordcount weight="6" > later </wordcount>
    <wordcount weight="6" > j </wordcount>
    <wordcount weight="6" > seems </wordcount>
    <wordcount weight="6" > genes </wordcount>
    <wordcount weight="6" > physiological </wordcount>
    <wordcount weight="6" > though </wordcount>
    <wordcount weight="6" > system </wordcount>
    <wordcount weight="6" > because </wordcount>
    <wordcount weight="6" > basis </wordcount>
    <wordcount weight="6" > conditions </wordcount>
    <wordcount weight="6" > morphological </wordcount>
    <wordcount weight="6" > high </wordcount>
    <wordcount weight="6" > obtained </wordcount>
    <wordcount weight="6" > hybrids </wordcount>
    <wordcount weight="6" > recent </wordcount>
    <wordcount weight="6" > value </wordcount>
    <wordcount weight="6" > cucubalus </wordcount>
    <wordcount weight="5" > usually </wordcount>
    <wordcount weight="5" > crossing </wordcount>
    <wordcount weight="5" > turrill </wordcount>
    <wordcount weight="5" > special </wordcount>
    <wordcount weight="5" > factors </wordcount>
    <wordcount weight="5" > yet </wordcount>
    <wordcount weight="5" > considered </wordcount>
    <wordcount weight="5" > al </wordcount>
    <wordcount weight="5" > show </wordcount>
    <wordcount weight="5" > first </wordcount>
    <wordcount weight="5" > genecology </wordcount>
    <wordcount weight="5" > over </wordcount>
    <wordcount weight="5" > many </wordcount>
    <wordcount weight="5" > differences </wordcount>
    <wordcount weight="5" > p </wordcount>
    <wordcount weight="5" > fully </wordcount>
    <wordcount weight="5" > studies </wordcount>
    <wordcount weight="5" > concepts </wordcount>
    <wordcount weight="5" > those </wordcount>
    <wordcount weight="5" > cultural </wordcount>
    <wordcount weight="5" > genera </wordcount>
    <wordcount weight="5" > them </wordcount>
    <wordcount weight="5" > whether </wordcount>
    <wordcount weight="5" > particular </wordcount>
    <wordcount weight="5" > wide </wordcount>
    <wordcount weight="5" > while </wordcount>
    <wordcount weight="5" > number </wordcount>
    <wordcount weight="5" > e </wordcount>
    <wordcount weight="5" > work </wordcount>
    <wordcount weight="5" > both </wordcount>
    <wordcount weight="5" > crossed </wordcount>
    <wordcount weight="5" > correlation </wordcount>
    <wordcount weight="5" > thus </wordcount>
    <wordcount weight="5" > et </wordcount>
    <wordcount weight="5" > since </wordcount>
    <wordcount weight="5" > inherent </wordcount>
    <wordcount weight="5" > small </wordcount>
    <wordcount weight="5" > problems </wordcount>
    <wordcount weight="5" > become </wordcount>
    <wordcount weight="5" > cytological </wordcount>
    <wordcount weight="5" > occur </wordcount>
    <wordcount weight="5" > geographical </wordcount>
    <wordcount weight="5" > plant </wordcount>
    <wordcount weight="4" > will </wordcount>
    <wordcount weight="4" > constituents </wordcount>
    <wordcount weight="4" > second </wordcount>
    <wordcount weight="4" > without </wordcount>
    <wordcount weight="4" > common </wordcount>
    <wordcount weight="4" > unit </wordcount>
    <wordcount weight="4" > etc </wordcount>
    <wordcount weight="4" > importance </wordcount>
    <wordcount weight="4" > consider </wordcount>
    <wordcount weight="4" > into </wordcount>
    <wordcount weight="4" > following </wordcount>
    <wordcount weight="4" > here </wordcount>
    <wordcount weight="4" > cover </wordcount>
    <wordcount weight="4" > give </wordcount>
    <wordcount weight="4" > important </wordcount>
    <wordcount weight="4" > clausen </wordcount>
    <wordcount weight="4" > greater </wordcount>
    <wordcount weight="4" > definition </wordcount>
    <wordcount weight="4" > shows </wordcount>
    <wordcount weight="4" > together </wordcount>
    <wordcount weight="4" > origin </wordcount>
    <wordcount weight="4" > genecologists </wordcount>
    <wordcount weight="4" > groupings </wordcount>
    <wordcount weight="4" > clearly </wordcount>
    <wordcount weight="4" > researches </wordcount>
    <wordcount weight="4" > apomicts </wordcount>
    <wordcount weight="4" > help </wordcount>
    <wordcount weight="4" > recorded </wordcount>
    <wordcount weight="4" > characters </wordcount>
    <wordcount weight="4" > differentiation </wordcount>
    <wordcount weight="4" > possible </wordcount>
    <wordcount weight="4" > determined </wordcount>
    <wordcount weight="4" > examples </wordcount>
    <wordcount weight="4" > ecologically </wordcount>
    <wordcount weight="4" > recognition </wordcount>
    <wordcount weight="4" > x </wordcount>
    <wordcount weight="4" > through </wordcount>
    <wordcount weight="4" > breeding </wordcount>
    <wordcount weight="4" > whole </wordcount>
    <wordcount weight="4" > individuals </wordcount>
    <wordcount weight="4" > full </wordcount>
    <wordcount weight="4" > facts </wordcount>
    <wordcount weight="4" > difficulties </wordcount>
    <wordcount weight="4" > subspecies </wordcount>
    <wordcount weight="4" > status </wordcount>
    <wordcount weight="4" > own </wordcount>
    <wordcount weight="4" > individual </wordcount>
    <wordcount weight="4" > glandulosa </wordcount>
    <wordcount weight="4" > response </wordcount>
    <wordcount weight="4" > difficulty </wordcount>
    <wordcount weight="4" > themselves </wordcount>
    <wordcount weight="4" > gene </wordcount>
    <wordcount weight="4" > even </wordcount>
    <wordcount weight="4" > immediately </wordcount>
    <wordcount weight="4" > apparently </wordcount>
    <wordcount weight="4" > modifications </wordcount>
    <wordcount weight="3" > genetic </wordcount>
    <wordcount weight="3" > now </wordcount>
    <wordcount weight="3" > recognized </wordcount>
    <wordcount weight="3" > stated </wordcount>
    <wordcount weight="3" > absence </wordcount>
    <wordcount weight="3" > sterile </wordcount>
    <wordcount weight="3" > fairly </wordcount>
    <wordcount weight="3" > concerned </wordcount>
    <wordcount weight="3" > purely </wordcount>
    <wordcount weight="3" > arising </wordcount>
    <wordcount weight="3" > remain </wordcount>
    <wordcount weight="3" > limited </wordcount>
    <wordcount weight="3" > regard </wordcount>
    <wordcount weight="3" > taxonomically </wordcount>
    <wordcount weight="3" > appear </wordcount>
    <wordcount weight="3" > continental </wordcount>
    <wordcount weight="3" > certain </wordcount>
    <wordcount weight="3" > american </wordcount>
    <wordcount weight="3" > makes </wordcount>
    <wordcount weight="3" > erophila </wordcount>
    <wordcount weight="3" > reference </wordcount>
    <wordcount weight="3" > means </wordcount>
    <wordcount weight="3" > remains </wordcount>
    <wordcount weight="3" > changes </wordcount>
    <wordcount weight="3" > pp </wordcount>
    <wordcount weight="3" > established </wordcount>
    <wordcount weight="3" > linnean </wordcount>
    <wordcount weight="3" > then </wordcount>
    <wordcount weight="3" > rightly </wordcount>
    <wordcount weight="3" > before </wordcount>
    <wordcount weight="3" > noted </wordcount>
    <wordcount weight="3" > being </wordcount>
    <wordcount weight="3" > isolation </wordcount>
    <wordcount weight="3" > generally </wordcount>
    <wordcount weight="3" > theory </wordcount>
    <wordcount weight="3" > geum </wordcount>
    <wordcount weight="3" > each </wordcount>
    <wordcount weight="3" > towards </wordcount>
    <wordcount weight="3" > able </wordcount>
    <wordcount weight="3" > belong </wordcount>
    <wordcount weight="3" > oect </wordcount>
    <wordcount weight="3" > great </wordcount>
    <wordcount weight="3" > combinations </wordcount>
    <wordcount weight="3" > new </wordcount>
    <wordcount weight="3" > scheme </wordcount>
    <wordcount weight="3" > criticisms </wordcount>
    <wordcount weight="3" > i </wordcount>
    <wordcount weight="3" > further </wordcount>
    <wordcount weight="3" > genospecies </wordcount>
    <wordcount weight="3" > purposes </wordcount>
    <wordcount weight="3" > establish </wordcount>
    <wordcount weight="3" > form </wordcount>
    <wordcount weight="3" > theoretical </wordcount>
    <wordcount weight="3" > environmental </wordcount>
    <wordcount weight="3" > classifying </wordcount>
    <wordcount weight="3" > absolute </wordcount>
    <wordcount weight="3" > early </wordcount>
    <wordcount weight="3" > failure </wordcount>
    <wordcount weight="3" > well </wordcount>
    <wordcount weight="3" > account </wordcount>
    <wordcount weight="3" > having </wordcount>
    <wordcount weight="3" > observations </wordcount>
    <wordcount weight="3" > orthodox </wordcount>
    <wordcount weight="3" > upon </wordcount>
    <wordcount weight="3" > range </wordcount>
    <wordcount weight="3" > vital </wordcount>
    <wordcount weight="3" > genotypical </wordcount>
    <wordcount weight="3" > combination </wordcount>
    <wordcount weight="3" > part </wordcount>
    <wordcount weight="3" > introduced </wordcount>
    <wordcount weight="3" > entirely </wordcount>
    <wordcount weight="3" > nothing </wordcount>
    <wordcount weight="3" > were </wordcount>
    <wordcount weight="3" > shown </wordcount>
    <wordcount weight="3" > significance </wordcount>
    <wordcount weight="3" > agamospecies </wordcount>
    <wordcount weight="3" > clear </wordcount>
    <wordcount weight="3" > genotype </wordcount>
    <wordcount weight="3" > nomenclatural </wordcount>
    <wordcount weight="3" > least </wordcount>
    <wordcount weight="3" > exchanging </wordcount>
    <wordcount weight="3" > distinction </wordcount>
    <wordcount weight="3" > mountain </wordcount>
    <wordcount weight="3" > defined </wordcount>
    <wordcount weight="3" > standpoint </wordcount>
    <wordcount weight="3" > der </wordcount>
    <wordcount weight="3" > summary </wordcount>
    <wordcount weight="3" > alpine </wordcount>
    <wordcount weight="3" > classificatory </wordcount>
    <wordcount weight="3" > offspring </wordcount>
    <wordcount weight="3" > mainly </wordcount>
    <wordcount weight="3" > find </wordcount>
    <wordcount weight="3" > always </wordcount>
    <wordcount weight="3" > descendants </wordcount>
    <wordcount weight="3" > working </wordcount>
    <wordcount weight="3" > need </wordcount>
    <wordcount weight="3" > should </wordcount>
    <wordcount weight="3" > generation </wordcount>
    <wordcount weight="3" > delimited </wordcount>
    <wordcount weight="2" > scandinavian </wordcount>
    <wordcount weight="2" > increasing </wordcount>
    <wordcount weight="2" > using </wordcount>
    <wordcount weight="2" > does </wordcount>
    <wordcount weight="2" > therefore </wordcount>
    <wordcount weight="2" > potentilla </wordcount>
    <wordcount weight="2" > chromosome </wordcount>
    <wordcount weight="2" > related </wordcount>
    <wordcount weight="2" > habitats </wordcount>
    <wordcount weight="2" > situation </wordcount>
    <wordcount weight="2" > essential </wordcount>
    <wordcount weight="2" > limits </wordcount>
    <wordcount weight="2" > various </wordcount>
    <wordcount weight="2" > fertile </wordcount>
    <wordcount weight="2" > rev </wordcount>
    <wordcount weight="2" > main </wordcount>
    <wordcount weight="2" > expansion </wordcount>
    <wordcount weight="2" > stocks </wordcount>
    <wordcount weight="2" > bot </wordcount>
    <wordcount weight="2" > appreciation </wordcount>
    <wordcount weight="2" > recognizes </wordcount>
    <wordcount weight="2" > fair </wordcount>
    <wordcount weight="2" > nearly </wordcount>
    <wordcount weight="2" > determine </wordcount>
    <wordcount weight="2" > difficult </wordcount>
    <wordcount weight="2" > kept </wordcount>
    <wordcount weight="2" > above </wordcount>
    <wordcount weight="2" > crosses </wordcount>
    <wordcount weight="2" > phytol </wordcount>
    <wordcount weight="2" > make </wordcount>
    <wordcount weight="2" > thirteen </wordcount>
    <wordcount weight="2" > similar </wordcount>
    <wordcount weight="2" > taxonomists </wordcount>
    <wordcount weight="2" > large </wordcount>
    <wordcount weight="2" > indicate </wordcount>
    <wordcount weight="2" > parts </wordcount>
    <wordcount weight="2" > partially </wordcount>
    <wordcount weight="2" > easily </wordcount>
    <wordcount weight="2" > contributions </wordcount>
    <wordcount weight="2" > selection </wordcount>
    <wordcount weight="2" > respect </wordcount>
    <wordcount weight="2" > absorbed </wordcount>
    <wordcount weight="2" > completely </wordcount>
    <wordcount weight="2" > serve </wordcount>
    <wordcount weight="2" > exactly </wordcount>
    <wordcount weight="2" > experimentally </wordcount>
    <wordcount weight="2" > restricted </wordcount>
    <wordcount weight="2" > reduced </wordcount>
    <wordcount weight="2" > differentiated </wordcount>
    <wordcount weight="2" > necessarily </wordcount>
    <wordcount weight="2" > environment </wordcount>
    <wordcount weight="2" > kew </wordcount>
    <wordcount weight="2" > total </wordcount>
    <wordcount weight="2" > sum </wordcount>
    <wordcount weight="2" > action </wordcount>
    <wordcount weight="2" > material </wordcount>
    <wordcount weight="2" > too </wordcount>
    <wordcount weight="2" > belonging </wordcount>
    <wordcount weight="2" > nomenclature </wordcount>
    <wordcount weight="2" > four </wordcount>
    <wordcount weight="2" > dispute </wordcount>
    <wordcount weight="2" > said </wordcount>
    <wordcount weight="2" > rise </wordcount>
    <wordcount weight="2" > known </wordcount>
    <wordcount weight="2" > useful </wordcount>
    <wordcount weight="2" > amongst </wordcount>
    <wordcount weight="2" > biol </wordcount>
    <wordcount weight="2" > name </wordcount>
    <wordcount weight="2" > corresponding </wordcount>
    <wordcount weight="2" > david </wordcount>
    <wordcount weight="2" > evidence </wordcount>
    <wordcount weight="2" > contrasted </wordcount>
    <wordcount weight="2" > again </wordcount>
    <wordcount weight="2" > available </wordcount>
    <wordcount weight="2" > ecotypic </wordcount>
    <wordcount weight="2" > artificially </wordcount>
    <wordcount weight="2" > control </wordcount>
    <wordcount weight="2" > addition </wordcount>
    <wordcount weight="2" > others </wordcount>
    <wordcount weight="2" > consideration </wordcount>
    <wordcount weight="2" > limit </wordcount>
    <wordcount weight="2" > seem </wordcount>
    <wordcount weight="2" > could </wordcount>
    <wordcount weight="2" > our </wordcount>
    <wordcount weight="2" > studied </wordcount>
    <wordcount weight="2" > deschampsia </wordcount>
    <wordcount weight="2" > amphimicts </wordcount>
    <wordcount weight="2" > might </wordcount>
    <wordcount weight="2" > out </wordcount>
    <wordcount weight="2" > gregor </wordcount>
    <wordcount weight="2" > genecologically </wordcount>
    <wordcount weight="2" > obviously </wordcount>
    <wordcount weight="2" > contribute </wordcount>
    <wordcount weight="2" > doubt </wordcount>
    <wordcount weight="2" > inherently </wordcount>
    <wordcount weight="2" > amer </wordcount>
    <wordcount weight="2" > conclusions </wordcount>
    <wordcount weight="2" > exceptions </wordcount>
    <wordcount weight="2" > urbanum </wordcount>
    <wordcount weight="2" > ground </wordcount>
    <wordcount weight="2" > william </wordcount>
    <wordcount weight="2" > cline </wordcount>
    <wordcount weight="2" > papers </wordcount>
    <wordcount weight="2" > necessary </wordcount>
    <wordcount weight="2" > d </wordcount>
    <wordcount weight="2" > practice </wordcount>
    <wordcount weight="2" > perhaps </wordcount>
    <wordcount weight="2" > extent </wordcount>
    <wordcount weight="2" > vitality </wordcount>
    <wordcount weight="2" > degree </wordcount>
    <wordcount weight="2" > produce </wordcount>
    <wordcount weight="2" > deal </wordcount>
    <wordcount weight="2" > balance </wordcount>
    <wordcount weight="2" > almost </wordcount>
    <wordcount weight="2" > application </wordcount>
    <wordcount weight="2" > suggests </wordcount>
    <wordcount weight="2" > understanding </wordcount>
    <wordcount weight="2" > conform </wordcount>
    <wordcount weight="2" > slight </wordcount>
    <wordcount weight="2" > who </wordcount>
    <wordcount weight="2" > functions </wordcount>
    <wordcount weight="2" > investigated </wordcount>
    <wordcount weight="2" > rivale </wordcount>
    <wordcount weight="2" > swarm </wordcount>
    <wordcount weight="2" > distinguish </wordcount>
    <wordcount weight="2" > claim </wordcount>
    <wordcount weight="2" > apart </wordcount>
    <wordcount weight="2" > point </wordcount>
    <wordcount weight="2" > example </wordcount>
    <wordcount weight="2" > sufficiently </wordcount>
    <wordcount weight="2" > salix </wordcount>
    <wordcount weight="2" > typica </wordcount>
    <wordcount weight="2" > giving </wordcount>
    <wordcount weight="2" > himself </wordcount>
    <wordcount weight="2" > die </wordcount>
    <wordcount weight="2" > subject </wordcount>
    <wordcount weight="2" > crossings </wordcount>
    <wordcount weight="2" > probably </wordcount>
    <wordcount weight="2" > year </wordcount>
    <wordcount weight="2" > stress </wordcount>
    <wordcount weight="2" > aims </wordcount>
    <wordcount weight="2" > nevadensis </wordcount>
    <wordcount weight="2" > includes </wordcount>
    <wordcount weight="2" > fulfil </wordcount>
    <wordcount weight="2" > diagram </wordcount>
    <wordcount weight="2" > eventually </wordcount>
    <wordcount weight="2" > partly </wordcount>
    <wordcount weight="2" > cytogenetical </wordcount>
    <wordcount weight="2" > few </wordcount>
    <wordcount weight="2" > fact </wordcount>
    <wordcount weight="2" > interfertile </wordcount>
    <wordcount weight="2" > trends </wordcount>
    <wordcount weight="2" > against </wordcount>
    <wordcount weight="2" > applied </wordcount>
    <wordcount weight="2" > realized </wordcount>
    <wordcount weight="2" > agreement </wordcount>
    <wordcount weight="2" > interest </wordcount>
    <wordcount weight="2" > change </wordcount>
    <wordcount weight="2" > dozen </wordcount>
    <wordcount weight="2" > regarded </wordcount>
    <wordcount weight="2" > keep </wordcount>
    <wordcount weight="2" > arise </wordcount>
    <wordcount weight="2" > correlated </wordcount>
    <wordcount weight="2" > like </wordcount>
    <wordcount weight="2" > extended </wordcount>
    <wordcount weight="2" > product </wordcount>
    <wordcount weight="2" > him </wordcount>
    <wordcount weight="2" > tested </wordcount>
    <wordcount weight="2" > earlier </wordcount>
    <wordcount weight="2" > latter </wordcount>
    <wordcount weight="2" > especially </wordcount>
    <wordcount weight="2" > amount </wordcount>
    <wordcount weight="2" > cenospecies </wordcount>
    <wordcount weight="2" > races </wordcount>
    <wordcount weight="2" > single </wordcount>
    <wordcount weight="2" > relation </wordcount>
    <wordcount weight="2" > widely </wordcount>
    <wordcount weight="2" > v </wordcount>
    <wordcount weight="2" > majority </wordcount>
    <wordcount weight="2" > botanist </wordcount>
    <wordcount weight="2" > rarely </wordcount>
    <wordcount weight="2" > und </wordcount>
    <wordcount weight="2" > tendency </wordcount>
    <wordcount weight="2" > meagre </wordcount>
    <wordcount weight="2" > investigations </wordcount>
    <wordcount weight="2" > valuable </wordcount>
    <wordcount weight="2" > silene </wordcount>
    <wordcount weight="2" > concluded </wordcount>
    <wordcount weight="2" > heterogeneous </wordcount>
    <wordcount weight="1" > rarity </wordcount>
    <wordcount weight="1" > western </wordcount>
    <wordcount weight="1" > final </wordcount>
    <wordcount weight="1" > natur </wordcount>
    <wordcount weight="1" > records </wordcount>
    <wordcount weight="1" > european </wordcount>
    <wordcount weight="1" > space </wordcount>
    <wordcount weight="1" > widest </wordcount>
    <wordcount weight="1" > bedeutung </wordcount>
    <wordcount weight="1" > entities </wordcount>
    <wordcount weight="1" > genecologist </wordcount>
    <wordcount weight="1" > circumstantial </wordcount>
    <wordcount weight="1" > regional </wordcount>
    <wordcount weight="1" > alpha </wordcount>
    <wordcount weight="1" > naming </wordcount>
    <wordcount weight="1" > connexion </wordcount>
    <wordcount weight="1" > tests </wordcount>
    <wordcount weight="1" > formulated </wordcount>
    <wordcount weight="1" > involve </wordcount>
    <wordcount weight="1" > mostly </wordcount>
    <wordcount weight="1" > applications </wordcount>
    <wordcount weight="1" > done </wordcount>
    <wordcount weight="1" > arrangement </wordcount>
    <wordcount weight="1" > adequate </wordcount>
    <wordcount weight="1" > whose </wordcount>
    <wordcount weight="1" > exhibit </wordcount>
    <wordcount weight="1" > bull </wordcount>
    <wordcount weight="1" > diagrams </wordcount>
    <wordcount weight="1" > matter </wordcount>
    <wordcount weight="1" > attempts </wordcount>
    <wordcount weight="1" > factual </wordcount>
    <wordcount weight="1" > higher </wordcount>
    <wordcount weight="1" > taken </wordcount>
    <wordcount weight="1" > true </wordcount>
    <wordcount weight="1" > begrenzung </wordcount>
    <wordcount weight="1" > inaccurate </wordcount>
    <wordcount weight="1" > indicated </wordcount>
    <wordcount weight="1" > variable </wordcount>
    <wordcount weight="1" > argued </wordcount>
    <wordcount weight="1" > anatomical </wordcount>
    <wordcount weight="1" > parasitische </wordcount>
    <wordcount weight="1" > sentences </wordcount>
    <wordcount weight="1" > highlands </wordcount>
    <wordcount weight="1" > naturally </wordcount>
    <wordcount weight="1" > kovalev </wordcount>
    <wordcount weight="1" > concentrated </wordcount>
    <wordcount weight="1" > correlations </wordcount>
    <wordcount weight="1" > relations </wordcount>
    <wordcount weight="1" > till </wordcount>
    <wordcount weight="1" > strictly </wordcount>
    <wordcount weight="1" > vague </wordcount>
    <wordcount weight="1" > schemes </wordcount>
    <wordcount weight="1" > inside </wordcount>
    <wordcount weight="1" > widerstandskraft </wordcount>
    <wordcount weight="1" > lines </wordcount>
    <wordcount weight="1" > favour </wordcount>
    <wordcount weight="1" > difference </wordcount>
    <wordcount weight="1" > insufficiently </wordcount>
    <wordcount weight="1" > ordinary </wordcount>
    <wordcount weight="1" > migrate </wordcount>
    <wordcount weight="1" > occupy </wordcount>
    <wordcount weight="1" > mentioned </wordcount>
    <wordcount weight="1" > process </wordcount>
    <wordcount weight="1" > spermatophyta </wordcount>
    <wordcount weight="1" > becomes </wordcount>
    <wordcount weight="1" > referred </wordcount>
    <wordcount weight="1" > get </wordcount>
    <wordcount weight="1" > achillea </wordcount>
    <wordcount weight="1" > reason </wordcount>
    <wordcount weight="1" > conceptions </wordcount>
    <wordcount weight="1" > whatever </wordcount>
    <wordcount weight="1" > parents </wordcount>
    <wordcount weight="1" > whereby </wordcount>
    <wordcount weight="1" > brecknock </wordcount>
    <wordcount weight="1" > detailed </wordcount>
    <wordcount weight="1" > still </wordcount>
    <wordcount weight="1" > opportunity </wordcount>
    <wordcount weight="1" > bias </wordcount>
    <wordcount weight="1" > wonders </wordcount>
    <wordcount weight="1" > worse </wordcount>
    <wordcount weight="1" > lawrence </wordcount>
    <wordcount weight="1" > after </wordcount>
    <wordcount weight="1" > comments </wordcount>
    <wordcount weight="1" > connected </wordcount>
    <wordcount weight="1" > manifest </wordcount>
    <wordcount weight="1" > davey </wordcount>
    <wordcount weight="1" > variant </wordcount>
    <wordcount weight="1" > measurable </wordcount>
    <wordcount weight="1" > recently </wordcount>
    <wordcount weight="1" > touched </wordcount>
    <wordcount weight="1" > unavoidably </wordcount>
    <wordcount weight="1" > mcm </wordcount>
    <wordcount weight="1" > kinds </wordcount>
    <wordcount weight="1" > structural </wordcount>
    <wordcount weight="1" > generations </wordcount>
    <wordcount weight="1" > gratefully </wordcount>
    <wordcount weight="1" > reiseri </wordcount>
    <wordcount weight="1" > specific </wordcount>
    <wordcount weight="1" > properly </wordcount>
    <wordcount weight="1" > herbarium </wordcount>
    <wordcount weight="1" > biological </wordcount>
    <wordcount weight="1" > pflanzen </wordcount>
    <wordcount weight="1" > tend </wordcount>
    <wordcount weight="1" > inconvenient </wordcount>
    <wordcount weight="1" > reflexa </wordcount>
    <wordcount weight="1" > diminishes </wordcount>
    <wordcount weight="1" > impressed </wordcount>
    <wordcount weight="1" > worked </wordcount>
    <wordcount weight="1" > about </wordcount>
    <wordcount weight="1" > clements </wordcount>
    <wordcount weight="1" > animals </wordcount>
    <wordcount weight="1" > once </wordcount>
    <wordcount weight="1" > amalgamation </wordcount>
    <wordcount weight="1" > contributing </wordcount>
    <wordcount weight="1" > supposed </wordcount>
    <wordcount weight="1" > reducing </wordcount>
    <wordcount weight="1" > supporting </wordcount>
    <wordcount weight="1" > fields </wordcount>
    <wordcount weight="1" > seedlings </wordcount>
    <wordcount weight="1" > references </wordcount>
    <wordcount weight="1" > itself </wordcount>
    <wordcount weight="1" > double </wordcount>
    <wordcount weight="1" > understand </wordcount>
    <wordcount weight="1" > treated </wordcount>
    <wordcount weight="1" > millefolium </wordcount>
    <wordcount weight="1" > represents </wordcount>
    <wordcount weight="1" > rule </wordcount>
    <wordcount weight="1" > thought </wordcount>
    <wordcount weight="1" > freely </wordcount>
    <wordcount weight="1" > sex </wordcount>
    <wordcount weight="1" > paramorphs </wordcount>
    <wordcount weight="1" > ie </wordcount>
    <wordcount weight="1" > spirit </wordcount>
    <wordcount weight="1" > diseases </wordcount>
    <wordcount weight="1" > reasonably </wordcount>
    <wordcount weight="1" > ranges </wordcount>
    <wordcount weight="1" > acceptance </wordcount>
    <wordcount weight="1" > during </wordcount>
    <wordcount weight="1" > matters </wordcount>
    <wordcount weight="1" > recognizably </wordcount>
    <wordcount weight="1" > quantitative </wordcount>
    <wordcount weight="1" > improvement </wordcount>
    <wordcount weight="1" > justified </wordcount>
    <wordcount weight="1" > differentiate </wordcount>
    <wordcount weight="1" > clarified </wordcount>
    <wordcount weight="1" > emphasize </wordcount>
    <wordcount weight="1" > familiar </wordcount>
    <wordcount weight="1" > proof </wordcount>
    <wordcount weight="1" > depends </wordcount>
    <wordcount weight="1" > vulgaris </wordcount>
    <wordcount weight="1" > neutral </wordcount>
    <wordcount weight="1" > laid </wordcount>
    <wordcount weight="1" > included </wordcount>
    <wordcount weight="1" > magnitude </wordcount>
    <wordcount weight="1" > lowland </wordcount>
    <wordcount weight="1" > haud </wordcount>
    <wordcount weight="1" > actualthe </wordcount>
    <wordcount weight="1" > viminalis </wordcount>
    <wordcount weight="1" > thinking </wordcount>
    <wordcount weight="1" > workers </wordcount>
    <wordcount weight="1" > contented </wordcount>
    <wordcount weight="1" > viewpoints </wordcount>
    <wordcount weight="1" > alpinus </wordcount>
    <wordcount weight="1" > subecotype </wordcount>
    <wordcount weight="1" > something </wordcount>
    <wordcount weight="1" > willd </wordcount>
    <wordcount weight="1" > quoted </wordcount>
    <wordcount weight="1" > sorting </wordcount>
    <wordcount weight="1" > conclusion </wordcount>
    <wordcount weight="1" > tentative </wordcount>
    <wordcount weight="1" > hay </wordcount>
    <wordcount weight="1" > necessity </wordcount>
    <wordcount weight="1" > modification </wordcount>
    <wordcount weight="1" > frequently </wordcount>
    <wordcount weight="1" > words </wordcount>
    <wordcount weight="1" > prevent </wordcount>
    <wordcount weight="1" > ascends </wordcount>
    <wordcount weight="1" > already </wordcount>
    <wordcount weight="1" > herabgesetzte </wordcount>
    <wordcount weight="1" > cytogenetic </wordcount>
    <wordcount weight="1" > chronica </wordcount>
    <wordcount weight="1" > distributional </wordcount>
    <wordcount weight="1" > test </wordcount>
    <wordcount weight="1" > experience </wordcount>
    <wordcount weight="1" > tends </wordcount>
    <wordcount weight="1" > quotations </wordcount>
    <wordcount weight="1" > possibly </wordcount>
    <wordcount weight="1" > lower </wordcount>
    <wordcount weight="1" > systematik </wordcount>
    <wordcount weight="1" > had </wordcount>
    <wordcount weight="1" > additional </wordcount>
    <wordcount weight="1" > shorter </wordcount>
    <wordcount weight="1" > extension </wordcount>
    <wordcount weight="1" > werem </wordcount>
    <wordcount weight="1" > comes </wordcount>
    <wordcount weight="1" > way </wordcount>
    <wordcount weight="1" > either </wordcount>
    <wordcount weight="1" > decidedly </wordcount>
    <wordcount weight="1" > picture </wordcount>
    <wordcount weight="1" > observation </wordcount>
    <wordcount weight="1" > remembers </wordcount>
    <wordcount weight="1" > tall </wordcount>
    <wordcount weight="1" > intersterility </wordcount>
    <wordcount weight="1" > apogamy </wordcount>
    <wordcount weight="1" > swedish </wordcount>
    <wordcount weight="1" > members </wordcount>
    <wordcount weight="1" > genotypes </wordcount>
    <wordcount weight="1" > uniformly </wordcount>
    <wordcount weight="1" > terminology </wordcount>
    <wordcount weight="1" > lucid </wordcount>
    <wordcount weight="1" > alps </wordcount>
    <wordcount weight="1" > tolerances </wordcount>
    <wordcount weight="1" > sums </wordcount>
    <wordcount weight="1" > sweden </wordcount>
    <wordcount weight="1" > spatially </wordcount>
    <wordcount weight="1" > distinguishing </wordcount>
    <wordcount weight="1" > wider </wordcount>
    <wordcount weight="1" > attacks </wordcount>
    <wordcount weight="1" > internal </wordcount>
    <wordcount weight="1" > equated </wordcount>
    <wordcount weight="1" > set </wordcount>
    <wordcount weight="1" > coming </wordcount>
    <wordcount weight="1" > opinion </wordcount>
    <wordcount weight="1" > highly </wordcount>
    <wordcount weight="1" > preference </wordcount>
    <wordcount weight="1" > faced </wordcount>
    <wordcount weight="1" > ecologic </wordcount>
    <wordcount weight="1" > icelandic </wordcount>
    <wordcount weight="1" > constitution </wordcount>
    <wordcount weight="1" > conceived </wordcount>
    <wordcount weight="1" > meaning </wordcount>
    <wordcount weight="1" > ssp </wordcount>
    <wordcount weight="1" > ecotypically </wordcount>
    <wordcount weight="1" > constructive </wordcount>
    <wordcount weight="1" > extant </wordcount>
    <wordcount weight="1" > omega </wordcount>
    <wordcount weight="1" > intensive </wordcount>
    <wordcount weight="1" > grow </wordcount>
    <wordcount weight="1" > reciprocal </wordcount>
    <wordcount weight="1" > closely </wordcount>
    <wordcount weight="1" > incomplete </wordcount>
    <wordcount weight="1" > anything </wordcount>
    <wordcount weight="1" > confident </wordcount>
    <wordcount weight="1" > introduce </wordcount>
    <wordcount weight="1" > board </wordcount>
    <wordcount weight="1" > pair </wordcount>
    <wordcount weight="1" > overwhelming </wordcount>
    <wordcount weight="1" > shade </wordcount>
    <wordcount weight="1" > tradition </wordcount>
    <wordcount weight="1" > did </wordcount>
    <wordcount weight="1" > initiated </wordcount>
    <wordcount weight="1" > twenty </wordcount>
    <wordcount weight="1" > artificiality </wordcount>
    <wordcount weight="1" > occasionally </wordcount>
    <wordcount weight="1" > scientifically </wordcount>
    <wordcount weight="1" > pilze </wordcount>
    <wordcount weight="1" > print </wordcount>
    <wordcount weight="1" > printed </wordcount>
    <wordcount weight="1" > expense </wordcount>
    <wordcount weight="1" > predominant </wordcount>
    <wordcount weight="1" > agree </wordcount>
    <wordcount weight="1" > reasons </wordcount>
    <wordcount weight="1" > merging </wordcount>
    <wordcount weight="1" > match </wordcount>
    <wordcount weight="1" > determines </wordcount>
    <wordcount weight="1" > right </wordcount>
    <wordcount weight="1" > indeed </wordcount>
    <wordcount weight="1" > compounds </wordcount>
    <wordcount weight="1" > desirable </wordcount>
    <wordcount weight="1" > enable </wordcount>
    <wordcount weight="1" > alchemilla </wordcount>
    <wordcount weight="1" > changed </wordcount>
    <wordcount weight="1" > cells </wordcount>
    <wordcount weight="1" > presumably </wordcount>
    <wordcount weight="1" > ecotypical </wordcount>
    <wordcount weight="1" > issue </wordcount>
    <wordcount weight="1" > balancing </wordcount>
    <wordcount weight="1" > never </wordcount>
    <wordcount weight="1" > susceptible </wordcount>
    <wordcount weight="1" > exhaustive </wordcount>
    <wordcount weight="1" > procedure </wordcount>
    <wordcount weight="1" > end </wordcount>
    <wordcount weight="1" > causes </wordcount>
    <wordcount weight="1" > merits </wordcount>
    <wordcount weight="1" > recessive </wordcount>
    <wordcount weight="1" > associated </wordcount>
    <wordcount weight="1" > resulting </wordcount>
    <wordcount weight="1" > leopard </wordcount>
    <wordcount weight="1" > extinct </wordcount>
    <wordcount weight="1" > considerable </wordcount>
    <wordcount weight="1" > subsequent </wordcount>
    <wordcount weight="1" > vigorous </wordcount>
    <wordcount weight="1" > compound </wordcount>
    <wordcount weight="1" > past </wordcount>
    <wordcount weight="1" > hybridize </wordcount>
    <wordcount weight="1" > accepts </wordcount>
    <wordcount weight="1" > intruders </wordcount>
    <wordcount weight="1" > attained </wordcount>
    <wordcount weight="1" > advocacy </wordcount>
    <wordcount weight="1" > serious </wordcount>
    <wordcount weight="1" > just </wordcount>
    <wordcount weight="1" > iv </wordcount>
    <wordcount weight="1" > external </wordcount>
    <wordcount weight="1" > works </wordcount>
    <wordcount weight="1" > import </wordcount>
    <wordcount weight="1" > living </wordcount>
    <wordcount weight="1" > burrageara </wordcount>
    <wordcount weight="1" > rendus </wordcount>
    <wordcount weight="1" > devised </wordcount>
    <wordcount weight="1" > better </wordcount>
    <wordcount weight="1" > evident </wordcount>
    <wordcount weight="1" > concrete </wordcount>
    <wordcount weight="1" > date </wordcount>
    <wordcount weight="1" > publ </wordcount>
    <wordcount weight="1" > inductive </wordcount>
    <wordcount weight="1" > equally </wordcount>
    <wordcount weight="1" > classified </wordcount>
    <wordcount weight="1" > priority </wordcount>
    <wordcount weight="1" > none </wordcount>
    <wordcount weight="1" > advantages </wordcount>
    <wordcount weight="1" > realize </wordcount>
    <wordcount weight="1" > complications </wordcount>
    <wordcount weight="1" > alike </wordcount>
    <wordcount weight="1" > due </wordcount>
    <wordcount weight="1" > reading </wordcount>
    <wordcount weight="1" > where </wordcount>
    <wordcount weight="1" > war </wordcount>
    <wordcount weight="1" > attain </wordcount>
    <wordcount weight="1" > stock </wordcount>
    <wordcount weight="1" > convenient </wordcount>
    <wordcount weight="1" > accordingly </wordcount>
    <wordcount weight="1" > equate </wordcount>
    <wordcount weight="1" > existing </wordcount>
    <wordcount weight="1" > combined </wordcount>
    <wordcount weight="1" > adhered </wordcount>
    <wordcount weight="1" > context </wordcount>
    <wordcount weight="1" > appears </wordcount>
    <wordcount weight="1" > cherry </wordcount>
    <wordcount weight="1" > prefers </wordcount>
    <wordcount weight="1" > intergroup </wordcount>
    <wordcount weight="1" > stability </wordcount>
    <wordcount weight="1" > selected </wordcount>
    <wordcount weight="1" > bursa </wordcount>
    <wordcount weight="1" > making </wordcount>
    <wordcount weight="1" > accounts </wordcount>
    <wordcount weight="1" > supports </wordcount>
    <wordcount weight="1" > independently </wordcount>
    <wordcount weight="1" > side </wordcount>
    <wordcount weight="1" > appreciate </wordcount>
    <wordcount weight="1" > publications </wordcount>
    <wordcount weight="1" > quote </wordcount>
    <wordcount weight="1" > grounds </wordcount>
    <wordcount weight="1" > eg </wordcount>
    <wordcount weight="1" > maturity </wordcount>
    <wordcount weight="1" > depending </wordcount>
    <wordcount weight="1" > maintain </wordcount>
    <wordcount weight="1" > brief </wordcount>
    <wordcount weight="1" > contrasting </wordcount>
    <wordcount weight="1" > mere </wordcount>
    <wordcount weight="1" > erect </wordcount>
    <wordcount weight="1" > warn </wordcount>
    <wordcount weight="1" > shall </wordcount>
    <wordcount weight="1" > interfertility </wordcount>
    <wordcount weight="1" > occurrence </wordcount>
    <wordcount weight="1" > owing </wordcount>
    <wordcount weight="1" > agrees </wordcount>
    <wordcount weight="1" > accumulate </wordcount>
    <wordcount weight="1" > cumbrous </wordcount>
    <wordcount weight="1" > method </wordcount>
    <wordcount weight="1" > caespitosa </wordcount>
    <wordcount weight="1" > task </wordcount>
    <wordcount weight="1" > capacity </wordcount>
    <wordcount weight="1" > zur </wordcount>
    <wordcount weight="1" > follows </wordcount>
    <wordcount weight="1" > complicated </wordcount>
    <wordcount weight="1" > viola </wordcount>
    <wordcount weight="1" > free </wordcount>
    <wordcount weight="1" > zauschneria </wordcount>
    <wordcount weight="1" > expressions </wordcount>
    <wordcount weight="1" > experiment </wordcount>
    <wordcount weight="1" > hall </wordcount>
    <wordcount weight="1" > illustration </wordcount>
    <wordcount weight="1" > studying </wordcount>
    <wordcount weight="1" > distinguishes </wordcount>
    <wordcount weight="1" > larger </wordcount>
    <wordcount weight="1" > original </wordcount>
    <wordcount weight="1" > years </wordcount>
    <wordcount weight="1" > backing </wordcount>
    <wordcount weight="1" > directly </wordcount>
    <wordcount weight="1" > hesitate </wordcount>
    <wordcount weight="1" > opened </wordcount>
    <wordcount weight="1" > breakdown </wordcount>
    <wordcount weight="1" > emphasis </wordcount>
    <wordcount weight="1" > objecting </wordcount>
    <wordcount weight="1" > mean </wordcount>
    <wordcount weight="1" > ecologist </wordcount>
    <wordcount weight="1" > discussion </wordcount>
    <wordcount weight="1" > expresses </wordcount>
    <wordcount weight="1" > keck </wordcount>
    <wordcount weight="1" > vitalityobviously </wordcount>
    <wordcount weight="1" > gradation </wordcount>
    <wordcount weight="1" > scope </wordcount>
    <wordcount weight="1" > conveniently </wordcount>
    <wordcount weight="1" > considering </wordcount>
    <wordcount weight="1" > reached </wordcount>
    <wordcount weight="1" > solely </wordcount>
    <wordcount weight="1" > determining </wordcount>
    <wordcount weight="1" > upsetting </wordcount>
    <wordcount weight="1" > antennaria </wordcount>
    <wordcount weight="1" > organisms </wordcount>
    <wordcount weight="1" > intention </wordcount>
    <wordcount weight="1" > investigator </wordcount>
    <wordcount weight="1" > alterations </wordcount>
    <wordcount weight="1" > break </wordcount>
    <wordcount weight="1" > careful </wordcount>
    <wordcount weight="1" > average </wordcount>
    <wordcount weight="1" > somewhere </wordcount>
    <wordcount weight="1" > delay </wordcount>
    <wordcount weight="1" > attainment </wordcount>
    <wordcount weight="1" > category </wordcount>
    <wordcount weight="1" > europe </wordcount>
    <wordcount weight="1" > degrees </wordcount>
    <wordcount weight="1" > purpose </wordcount>
    <wordcount weight="1" > extending </wordcount>
    <wordcount weight="1" > interchange </wordcount>
    <wordcount weight="1" > establishment </wordcount>
    <wordcount weight="1" > enormous </wordcount>
    <wordcount weight="1" > previously </wordcount>
    <wordcount weight="1" > utmost </wordcount>
    <wordcount weight="1" > knowledge </wordcount>
    <wordcount weight="1" > content </wordcount>
    <wordcount weight="1" > particularly </wordcount>
    <wordcount weight="1" > confirm </wordcount>
    <wordcount weight="1" > ecologists </wordcount>
    <wordcount weight="1" > commutata </wordcount>
    <wordcount weight="1" > quibbles </wordcount>
    <wordcount weight="1" > apply </wordcount>
    <wordcount weight="1" > fossil </wordcount>
    <wordcount weight="1" > samples </wordcount>
    <wordcount weight="1" > criticized </wordcount>
    <wordcount weight="1" > keeping </wordcount>
    <wordcount weight="1" > student </wordcount>
    <wordcount weight="1" > controlling </wordcount>
    <wordcount weight="1" > built </wordcount>
    <wordcount weight="1" > happens </wordcount>
    <wordcount weight="1" > prevented </wordcount>
    <wordcount weight="1" > unwieldy </wordcount>
    <wordcount weight="1" > hybridization </wordcount>
    <wordcount weight="1" > repert </wordcount>
    <wordcount weight="1" > oecotypus </wordcount>
    <wordcount weight="1" > phylogenetic </wordcount>
    <wordcount weight="1" > swarms </wordcount>
    <wordcount weight="1" > overstressed </wordcount>
    <wordcount weight="1" > obtain </wordcount>
    <wordcount weight="1" > fail </wordcount>
    <wordcount weight="1" > lab </wordcount>
    <wordcount weight="1" > remarks </wordcount>
    <wordcount weight="1" > needed </wordcount>
    <wordcount weight="1" > refers </wordcount>
    <wordcount weight="1" > evaluating </wordcount>
    <wordcount weight="1" > arteinheiten </wordcount>
    <wordcount weight="1" > meet </wordcount>
    <wordcount weight="1" > complex </wordcount>
    <wordcount weight="1" > families </wordcount>
    <wordcount weight="1" > constitute </wordcount>
    <wordcount weight="1" > contains </wordcount>
    <wordcount weight="1" > world </wordcount>
    <wordcount weight="1" > mention </wordcount>
    <wordcount weight="1" > des </wordcount>
    <wordcount weight="1" > botanists </wordcount>
    <wordcount weight="1" > satisfactorily </wordcount>
    <wordcount weight="1" > turrili </wordcount>
    <wordcount weight="1" > aspect </wordcount>
    <wordcount weight="1" > accorded </wordcount>
    <wordcount weight="1" > regarding </wordcount>
    <wordcount weight="1" > trend </wordcount>
    <wordcount weight="1" > linnaeus </wordcount>
    <wordcount weight="1" > central </wordcount>
    <wordcount weight="1" > acknowledged </wordcount>
    <wordcount weight="1" > ends </wordcount>
    <wordcount weight="1" > biotypes </wordcount>
    <wordcount weight="1" > throughout </wordcount>
    <wordcount weight="1" > personal </wordcount>
    <wordcount weight="1" > publication </wordcount>
    <wordcount weight="1" > previous </wordcount>
    <wordcount weight="1" > review </wordcount>
    <wordcount weight="1" > question </wordcount>
    <wordcount weight="1" > oceans </wordcount>
    <wordcount weight="1" > delimits </wordcount>
    <wordcount weight="1" > surely </wordcount>
    <wordcount weight="1" > growing </wordcount>
    <wordcount weight="1" > until </wordcount>
    <wordcount weight="1" > progress </wordcount>
    <wordcount weight="1" > predominance </wordcount>
    <wordcount weight="1" > de </wordcount>
    <wordcount weight="1" > genet </wordcount>
    <wordcount weight="1" > argument </wordcount>
    <wordcount weight="1" > analysed </wordcount>
    <wordcount weight="1" > interpreted </wordcount>
    <wordcount weight="1" > low </wordcount>
    <wordcount weight="1" > observable </wordcount>
    <wordcount weight="1" > ignored </wordcount>
    <wordcount weight="1" > open </wordcount>
    <wordcount weight="1" > points </wordcount>
    <wordcount weight="1" > trusted </wordcount>
    <wordcount weight="1" > chesil </wordcount>
    <wordcount weight="1" > hidden </wordcount>
    <wordcount weight="1" > authors </wordcount>
    <wordcount weight="1" > writers </wordcount>
    <wordcount weight="1" > welcomed </wordcount>
    <wordcount weight="1" > comprehensive </wordcount>
    <wordcount weight="1" > regions </wordcount>
    <wordcount weight="1" > outer </wordcount>
    <wordcount weight="1" > definitely </wordcount>
    <wordcount weight="1" > subtle </wordcount>
    <wordcount weight="1" > character </wordcount>
    <wordcount weight="1" > reciprocally </wordcount>
    <wordcount weight="1" > thorei </wordcount>
    <wordcount weight="1" > eliminated </wordcount>
    <wordcount weight="1" > good </wordcount>
    <wordcount weight="1" > wish </wordcount>
    <wordcount weight="1" > southern </wordcount>
    <wordcount weight="1" > potinara </wordcount>
    <wordcount weight="1" > solution </wordcount>
    <wordcount weight="1" > instead </wordcount>
    <wordcount weight="1" > advantageous </wordcount>
    <wordcount weight="1" > include </wordcount>
    <wordcount weight="1" > newly </wordcount>
    <wordcount weight="1" > viable </wordcount>
    <wordcount weight="1" > started </wordcount>
    <wordcount weight="1" > interpret </wordcount>
    <wordcount weight="1" > level </wordcount>
    <wordcount weight="1" > journ </wordcount>
    <wordcount weight="1" > morphologically </wordcount>
    <wordcount weight="1" > below </wordcount>
    <wordcount weight="1" > mutations </wordcount>
    <wordcount weight="1" > spread </wordcount>
    <wordcount weight="1" > direct </wordcount>
    <wordcount weight="1" > n </wordcount>
    <wordcount weight="1" > realization </wordcount>
    <wordcount weight="1" > smaller </wordcount>
    <wordcount weight="1" > theoretically </wordcount>
    <wordcount weight="1" > analysing </wordcount>
    <wordcount weight="1" > reliable </wordcount>
    <wordcount weight="1" > prefix </wordcount>
    <wordcount weight="1" > balkan </wordcount>
    <wordcount weight="1" > next </wordcount>
    <wordcount weight="1" > hitherto </wordcount>
    <wordcount weight="1" > colleagues </wordcount>
    <wordcount weight="1" > geographie </wordcount>
    <wordcount weight="1" > off </wordcount>
    <wordcount weight="1" > probable </wordcount>
    <wordcount weight="1" > anyone </wordcount>
    <wordcount weight="1" > advances </wordcount>
    <wordcount weight="1" > turn </wordcount>
    <wordcount weight="1" > gothe </wordcount>
    <wordcount weight="1" > misconception </wordcount>
    <wordcount weight="1" > measure </wordcount>
    <wordcount weight="1" > decided </wordcount>
    <wordcount weight="1" > parental </wordcount>
    <wordcount weight="1" > adopted </wordcount>
    <wordcount weight="1" > numerous </wordcount>
    <wordcount weight="1" > hybridizations </wordcount>
    <wordcount weight="1" > exchange </wordcount>
    <wordcount weight="1" > deductions </wordcount>
    <wordcount weight="1" > artificial </wordcount>
    <wordcount weight="1" > consist </wordcount>
    <wordcount weight="1" > times </wordcount>
    <wordcount weight="1" > intermedium </wordcount>
    <wordcount weight="1" > commented </wordcount>
    <wordcount weight="1" > flora </wordcount>
    <wordcount weight="1" > offered </wordcount>
    <wordcount weight="1" > herethe </wordcount>
    <wordcount weight="1" > random </wordcount>
    <wordcount weight="1" > eleven </wordcount>
    <wordcount weight="1" > unless </wordcount>
    <wordcount weight="1" > potential </wordcount>
    <wordcount weight="1" > replace </wordcount>
    <wordcount weight="1" > incapable </wordcount>
    <wordcount weight="1" > leaves </wordcount>
    <wordcount weight="1" > evolutionary </wordcount>
    <wordcount weight="1" > plum </wordcount>
    <wordcount weight="1" > determination </wordcount>
    <wordcount weight="1" > acts </wordcount>
    <wordcount weight="1" > viewpoint </wordcount>
    <wordcount weight="1" > comptes </wordcount>
    <wordcount weight="1" > emphasized </wordcount>
    <wordcount weight="1" > c </wordcount>
    <wordcount weight="1" > ancestral </wordcount>
    <wordcount weight="1" > compared </wordcount>
    <wordcount weight="1" > grandparents </wordcount>
    <wordcount weight="1" > sciences </wordcount>
    <wordcount weight="1" > precisely </wordcount>
    <wordcount weight="1" > ideal </wordcount>
    <wordcount weight="1" > genetics </wordcount>
    <wordcount weight="1" > misleading </wordcount>
    <wordcount weight="1" > impossible </wordcount>
    <wordcount weight="1" > gradient </wordcount>
    <wordcount weight="1" > structure </wordcount>
    <wordcount weight="1" > partial </wordcount>
    <wordcount weight="1" > orchid </wordcount>
    <wordcount weight="1" > fur </wordcount>
    <wordcount weight="1" > mendelian </wordcount>
    <wordcount weight="1" > former </wordcount>
    <wordcount weight="1" > weight </wordcount>
    <wordcount weight="1" > coinciding </wordcount>
    <wordcount weight="1" > london </wordcount>
    <wordcount weight="1" > seed </wordcount>
    <wordcount weight="1" > drawn </wordcount>
    <wordcount weight="1" > pragmatically </wordcount>
    <wordcount weight="1" > percentage </wordcount>
    <wordcount weight="1" > beih </wordcount>
    <wordcount weight="1" > gegen </wordcount>
    <wordcount weight="1" > spite </wordcount>
    <wordcount weight="1" > attracted </wordcount>
    <wordcount weight="1" > proper </wordcount>
    <wordcount weight="1" > fedde </wordcount>
    <wordcount weight="1" > details </wordcount>
    <wordcount weight="1" > priori </wordcount>
    <wordcount weight="1" > notes </wordcount>
    <wordcount weight="1" > enormously </wordcount>
    <wordcount weight="1" > relative </wordcount>
    <wordcount weight="1" > joint </wordcount>
    <wordcount weight="1" > limitation </wordcount>
    <wordcount weight="1" > cr </wordcount>
    <wordcount weight="1" > binomial </wordcount>
    <wordcount weight="1" > detriment </wordcount>
    <wordcount weight="1" > denote </wordcount>
    <wordcount weight="1" > basically </wordcount>
    <wordcount weight="1" > lang </wordcount>
    <wordcount weight="1" > caprea </wordcount>
    <wordcount weight="1" > provided </wordcount>
    <wordcount weight="1" > hiesey </wordcount>
    <wordcount weight="1" > finds </wordcount>
    <wordcount weight="1" > weakness </wordcount>
    <wordcount weight="1" > solves </wordcount>
    <wordcount weight="1" > function </wordcount>
    <wordcount weight="1" > attention </wordcount>
    <wordcount weight="1" > termed </wordcount>
    <wordcount weight="1" > capsella </wordcount>
    <wordcount weight="1" > conception </wordcount>
    <wordcount weight="1" > preglacial </wordcount>
    <wordcount weight="1" > postulate </wordcount>
    <wordcount weight="1" > verringerte </wordcount>
    <wordcount weight="1" > variety </wordcount>
    <wordcount weight="1" > retention </wordcount>
    <wordcount weight="1" > avoid </wordcount>
    <wordcount weight="1" > separate </wordcount>
    <wordcount weight="1" > carneg </wordcount>
</article>
