<?xml version="1.0" encoding="UTF-8"?>
<article id="10.2307/2484264" >
    <wordcount weight="236" > the </wordcount>
    <wordcount weight="226" > of </wordcount>
    <wordcount weight="122" > and </wordcount>
    <wordcount weight="103" > in </wordcount>
    <wordcount weight="94" > a </wordcount>
    <wordcount weight="83" > to </wordcount>
    <wordcount weight="57" > or </wordcount>
    <wordcount weight="41" > that </wordcount>
    <wordcount weight="40" > is </wordcount>
    <wordcount weight="37" > populations </wordcount>
    <wordcount weight="37" > an </wordcount>
    <wordcount weight="36" > ecotype </wordcount>
    <wordcount weight="30" > population </wordcount>
    <wordcount weight="27" > ecological </wordcount>
    <wordcount weight="26" > be </wordcount>
    <wordcount weight="25" > as </wordcount>
    <wordcount weight="25" > by </wordcount>
    <wordcount weight="24" > ecotypes </wordcount>
    <wordcount weight="23" > for </wordcount>
    <wordcount weight="23" > species </wordcount>
    <wordcount weight="18" > was </wordcount>
    <wordcount weight="18" > new </wordcount>
    <wordcount weight="17" > p </wordcount>
    <wordcount weight="16" > it </wordcount>
    <wordcount weight="16" > unit </wordcount>
    <wordcount weight="16" > not </wordcount>
    <wordcount weight="16" > j </wordcount>
    <wordcount weight="16" > on </wordcount>
    <wordcount weight="16" > evolutionary </wordcount>
    <wordcount weight="15" > variation </wordcount>
    <wordcount weight="15" > ecology </wordcount>
    <wordcount weight="14" > turesson </wordcount>
    <wordcount weight="13" > nature </wordcount>
    <wordcount weight="13" > ecotypic </wordcount>
    <wordcount weight="13" > climatic </wordcount>
    <wordcount weight="13" > plant </wordcount>
    <wordcount weight="12" > different </wordcount>
    <wordcount weight="12" > i </wordcount>
    <wordcount weight="12" > local </wordcount>
    <wordcount weight="11" > l </wordcount>
    <wordcount weight="11" > they </wordcount>
    <wordcount weight="11" > with </wordcount>
    <wordcount weight="11" > anid </wordcount>
    <wordcount weight="11" > are </wordcount>
    <wordcount weight="11" > r </wordcount>
    <wordcount weight="11" > differentiation </wordcount>
    <wordcount weight="10" > if </wordcount>
    <wordcount weight="10" > only </wordcount>
    <wordcount weight="10" > t </wordcount>
    <wordcount weight="10" > other </wordcount>
    <wordcount weight="10" > habitat </wordcount>
    <wordcount weight="10" > term </wordcount>
    <wordcount weight="10" > particular </wordcount>
    <wordcount weight="10" > among </wordcount>
    <wordcount weight="9" > will </wordcount>
    <wordcount weight="9" > w </wordcount>
    <wordcount weight="9" > from </wordcount>
    <wordcount weight="9" > each </wordcount>
    <wordcount weight="9" > used </wordcount>
    <wordcount weight="9" > concept </wordcount>
    <wordcount weight="9" > which </wordcount>
    <wordcount weight="9" > this </wordcount>
    <wordcount weight="9" > have </wordcount>
    <wordcount weight="9" > d </wordcount>
    <wordcount weight="8" > hiesey </wordcount>
    <wordcount weight="8" > but </wordcount>
    <wordcount weight="8" > populationis </wordcount>
    <wordcount weight="8" > can </wordcount>
    <wordcount weight="8" > some </wordcount>
    <wordcount weight="8" > variability </wordcount>
    <wordcount weight="8" > north </wordcount>
    <wordcount weight="7" > may </wordcount>
    <wordcount weight="7" > one </wordcount>
    <wordcount weight="7" > h </wordcount>
    <wordcount weight="7" > these </wordcount>
    <wordcount weight="7" > most </wordcount>
    <wordcount weight="7" > bradshaw </wordcount>
    <wordcount weight="7" > continuous </wordcount>
    <wordcount weight="7" > within </wordcount>
    <wordcount weight="7" > plants </wordcount>
    <wordcount weight="7" > its </wordcount>
    <wordcount weight="7" > jour </wordcount>
    <wordcount weight="7" > bot </wordcount>
    <wordcount weight="7" > evidence </wordcount>
    <wordcount weight="7" > phytol </wordcount>
    <wordcount weight="7" > quinn </wordcount>
    <wordcount weight="7" > hereditas </wordcount>
    <wordcount weight="7" > races </wordcount>
    <wordcount weight="7" > c </wordcount>
    <wordcount weight="7" > would </wordcount>
    <wordcount weight="7" > characters </wordcount>
    <wordcount weight="7" > am </wordcount>
    <wordcount weight="6" > at </wordcount>
    <wordcount weight="6" > he </wordcount>
    <wordcount weight="6" > been </wordcount>
    <wordcount weight="6" > studies </wordcount>
    <wordcount weight="6" > into </wordcount>
    <wordcount weight="6" > same </wordcount>
    <wordcount weight="6" > al </wordcount>
    <wordcount weight="6" > two </wordcount>
    <wordcount weight="6" > all </wordcount>
    <wordcount weight="6" > s </wordcount>
    <wordcount weight="6" > et </wordcount>
    <wordcount weight="6" > gregor </wordcount>
    <wordcount weight="6" > any </wordcount>
    <wordcount weight="6" > altitudinal </wordcount>
    <wordcount weight="6" > criteria </wordcount>
    <wordcount weight="6" > genetic </wordcount>
    <wordcount weight="6" > use </wordcount>
    <wordcount weight="6" > torrey </wordcount>
    <wordcount weight="6" > were </wordcount>
    <wordcount weight="6" > relation </wordcount>
    <wordcount weight="6" > reported </wordcount>
    <wordcount weight="6" > gradient </wordcount>
    <wordcount weight="6" > even </wordcount>
    <wordcount weight="6" > race </wordcount>
    <wordcount weight="5" > no </wordcount>
    <wordcount weight="5" > e </wordcount>
    <wordcount weight="5" > b </wordcount>
    <wordcount weight="5" > often </wordcount>
    <wordcount weight="5" > factors </wordcount>
    <wordcount weight="5" > more </wordcount>
    <wordcount weight="5" > also </wordcount>
    <wordcount weight="5" > clausen </wordcount>
    <wordcount weight="5" > differences </wordcount>
    <wordcount weight="5" > gene </wordcount>
    <wordcount weight="5" > m </wordcount>
    <wordcount weight="5" > present </wordcount>
    <wordcount weight="5" > oklahoma </wordcount>
    <wordcount weight="5" > range </wordcount>
    <wordcount weight="5" > central </wordcount>
    <wordcount weight="5" > such </wordcount>
    <wordcount weight="5" > subspecies </wordcount>
    <wordcount weight="5" > either </wordcount>
    <wordcount weight="5" > morphological </wordcount>
    <wordcount weight="5" > club </wordcount>
    <wordcount weight="5" > type </wordcount>
    <wordcount weight="5" > ward </wordcount>
    <wordcount weight="5" > single </wordcount>
    <wordcount weight="4" > his </wordcount>
    <wordcount weight="4" > carnegie </wordcount>
    <wordcount weight="4" > basic </wordcount>
    <wordcount weight="4" > indicate </wordcount>
    <wordcount weight="4" > inst </wordcount>
    <wordcount weight="4" > wash </wordcount>
    <wordcount weight="4" > quantitative </wordcount>
    <wordcount weight="4" > environment </wordcount>
    <wordcount weight="4" > their </wordcount>
    <wordcount weight="4" > following </wordcount>
    <wordcount weight="4" > requires </wordcount>
    <wordcount weight="4" > ancd </wordcount>
    <wordcount weight="4" > important </wordcount>
    <wordcount weight="4" > genecology </wordcount>
    <wordcount weight="4" > had </wordcount>
    <wordcount weight="4" > definition </wordcount>
    <wordcount weight="4" > lack </wordcount>
    <wordcount weight="4" > oect </wordcount>
    <wordcount weight="4" > past </wordcount>
    <wordcount weight="4" > genes </wordcount>
    <wordcount weight="4" > discrete </wordcount>
    <wordcount weight="4" > botanical </wordcount>
    <wordcount weight="4" > ecospecies </wordcount>
    <wordcount weight="4" > has </wordcount>
    <wordcount weight="4" > degree </wordcount>
    <wordcount weight="4" > heywood </wordcount>
    <wordcount weight="4" > geographical </wordcount>
    <wordcount weight="4" > along </wordcount>
    <wordcount weight="4" > data </wordcount>
    <wordcount weight="4" > usage </wordcount>
    <wordcount weight="4" > thus </wordcount>
    <wordcount weight="4" > group </wordcount>
    <wordcount weight="4" > presented </wordcount>
    <wordcount weight="4" > between </wordcount>
    <wordcount weight="4" > discontinuous </wordcount>
    <wordcount weight="4" > those </wordcount>
    <wordcount weight="4" > exchanging </wordcount>
    <wordcount weight="4" > than </wordcount>
    <wordcount weight="4" > should </wordcount>
    <wordcount weight="3" > increasing </wordcount>
    <wordcount weight="3" > ecologists </wordcount>
    <wordcount weight="3" > habitats </wordcount>
    <wordcount weight="3" > york </wordcount>
    <wordcount weight="3" > absence </wordcount>
    <wordcount weight="3" > growth </wordcount>
    <wordcount weight="3" > f </wordcount>
    <wordcount weight="3" > latitudinal </wordcount>
    <wordcount weight="3" > johnston </wordcount>
    <wordcount weight="3" > make </wordcount>
    <wordcount weight="3" > similar </wordcount>
    <wordcount weight="3" > climate </wordcount>
    <wordcount weight="3" > certain </wordcount>
    <wordcount weight="3" > study </wordcount>
    <wordcount weight="3" > evolution </wordcount>
    <wordcount weight="3" > word </wordcount>
    <wordcount weight="3" > under </wordcount>
    <wordcount weight="3" > biology </wordcount>
    <wordcount weight="3" > emphasize </wordcount>
    <wordcount weight="3" > nat </wordcount>
    <wordcount weight="3" > proposed </wordcount>
    <wordcount weight="3" > typha </wordcount>
    <wordcount weight="3" > distinctness </wordcount>
    <wordcount weight="3" > show </wordcount>
    <wordcount weight="3" > upland </wordcount>
    <wordcount weight="3" > units </wordcount>
    <wordcount weight="3" > originally </wordcount>
    <wordcount weight="3" > flow </wordcount>
    <wordcount weight="3" > plaiit </wordcount>
    <wordcount weight="3" > genietics </wordcount>
    <wordcount weight="3" > questioned </wordcount>
    <wordcount weight="3" > best </wordcount>
    <wordcount weight="3" > research </wordcount>
    <wordcount weight="3" > pub </wordcount>
    <wordcount weight="3" > genecological </wordcount>
    <wordcount weight="3" > there </wordcount>
    <wordcount weight="3" > plantago </wordcount>
    <wordcount weight="3" > patterns </wordcount>
    <wordcount weight="3" > watson </wordcount>
    <wordcount weight="3" > whether </wordcount>
    <wordcount weight="3" > america </wordcount>
    <wordcount weight="3" > almost </wordcount>
    <wordcount weight="3" > grouping </wordcount>
    <wordcount weight="3" > langlet </wordcount>
    <wordcount weight="3" > aiid </wordcount>
    <wordcount weight="3" > soils </wordcount>
    <wordcount weight="3" > level </wordcount>
    <wordcount weight="3" > ecologically </wordcount>
    <wordcount weight="3" > genotypical </wordcount>
    <wordcount weight="3" > coenospecies </wordcount>
    <wordcount weight="3" > our </wordcount>
    <wordcount weight="3" > genotype </wordcount>
    <wordcount weight="3" > transect </wordcount>
    <wordcount weight="3" > california </wordcount>
    <wordcount weight="3" > showing </wordcount>
    <wordcount weight="3" > low </wordcount>
    <wordcount weight="3" > difference </wordcount>
    <wordcount weight="3" > clear </wordcount>
    <wordcount weight="3" > since </wordcount>
    <wordcount weight="3" > attributed </wordcount>
    <wordcount weight="3" > regions </wordcount>
    <wordcount weight="3" > although </wordcount>
    <wordcount weight="3" > correlated </wordcount>
    <wordcount weight="3" > several </wordcount>
    <wordcount weight="3" > refer </wordcount>
    <wordcount weight="3" > response </wordcount>
    <wordcount weight="3" > v </wordcount>
    <wordcount weight="3" > when </wordcount>
    <wordcount weight="3" > up </wordcount>
    <wordcount weight="3" > seed </wordcount>
    <wordcount weight="3" > uniform </wordcount>
    <wordcount weight="3" > given </wordcount>
    <wordcount weight="3" > tendency </wordcount>
    <wordcount weight="3" > appropriate </wordcount>
    <wordcount weight="3" > soil </wordcount>
    <wordcount weight="3" > clay </wordcount>
    <wordcount weight="3" > concluded </wordcount>
    <wordcount weight="2" > distribution </wordcount>
    <wordcount weight="2" > frequent </wordcount>
    <wordcount weight="2" > does </wordcount>
    <wordcount weight="2" > potentilla </wordcount>
    <wordcount weight="2" > now </wordcount>
    <wordcount weight="2" > colorado </wordcount>
    <wordcount weight="2" > oii </wordcount>
    <wordcount weight="2" > imply </wordcount>
    <wordcount weight="2" > o </wordcount>
    <wordcount weight="2" > aid </wordcount>
    <wordcount weight="2" > point </wordcount>
    <wordcount weight="2" > bull </wordcount>
    <wordcount weight="2" > cover </wordcount>
    <wordcount weight="2" > materials </wordcount>
    <wordcount weight="2" > various </wordcount>
    <wordcount weight="2" > langenheim </wordcount>
    <wordcount weight="2" > indicated </wordcount>
    <wordcount weight="2" > next </wordcount>
    <wordcount weight="2" > arising </wordcount>
    <wordcount weight="2" > across </wordcount>
    <wordcount weight="2" > sericea </wordcount>
    <wordcount weight="2" > separated </wordcount>
    <wordcount weight="2" > levels </wordcount>
    <wordcount weight="2" > bulletin </wordcount>
    <wordcount weight="2" > investigators </wordcount>
    <wordcount weight="2" > achillea </wordcount>
    <wordcount weight="2" > represented </wordcount>
    <wordcount weight="2" > still </wordcount>
    <wordcount weight="2" > above </wordcount>
    <wordcount weight="2" > american </wordcount>
    <wordcount weight="2" > envisioned </wordcount>
    <wordcount weight="2" > analysis </wordcount>
    <wordcount weight="2" > oln </wordcount>
    <wordcount weight="2" > flowering </wordcount>
    <wordcount weight="2" > types </wordcount>
    <wordcount weight="2" > easily </wordcount>
    <wordcount weight="2" > preclude </wordcount>
    <wordcount weight="2" > locally </wordcount>
    <wordcount weight="2" > selective </wordcount>
    <wordcount weight="2" > us </wordcount>
    <wordcount weight="2" > character </wordcount>
    <wordcount weight="2" > carniegie </wordcount>
    <wordcount weight="2" > heavy </wordcount>
    <wordcount weight="2" > complete </wordcount>
    <wordcount weight="2" > n </wordcount>
    <wordcount weight="2" > jersey </wordcount>
    <wordcount weight="2" > series </wordcount>
    <wordcount weight="2" > partly </wordcount>
    <wordcount weight="2" > frequently </wordcount>
    <wordcount weight="2" > oni </wordcount>
    <wordcount weight="2" > four </wordcount>
    <wordcount weight="2" > being </wordcount>
    <wordcount weight="2" > said </wordcount>
    <wordcount weight="2" > first </wordcount>
    <wordcount weight="2" > additional </wordcount>
    <wordcount weight="2" > inheritance </wordcount>
    <wordcount weight="2" > implied </wordcount>
    <wordcount weight="2" > way </wordcount>
    <wordcount weight="2" > rather </wordcount>
    <wordcount weight="2" > terminology </wordcount>
    <wordcount weight="2" > mcnaughton </wordcount>
    <wordcount weight="2" > ledig </wordcount>
    <wordcount weight="2" > sinmilar </wordcount>
    <wordcount weight="2" > corresponding </wordcount>
    <wordcount weight="2" > stated </wordcount>
    <wordcount weight="2" > pearey </wordcount>
    <wordcount weight="2" > ecologic </wordcount>
    <wordcount weight="2" > partitioning </wordcount>
    <wordcount weight="2" > natural </wordcount>
    <wordcount weight="2" > intraspecific </wordcount>
    <wordcount weight="2" > many </wordcount>
    <wordcount weight="2" > paper </wordcount>
    <wordcount weight="2" > grow </wordcount>
    <wordcount weight="2" > closely </wordcount>
    <wordcount weight="2" > my </wordcount>
    <wordcount weight="2" > consideration </wordcount>
    <wordcount weight="2" > diverse </wordcount>
    <wordcount weight="2" > could </wordcount>
    <wordcount weight="2" > inherent </wordcount>
    <wordcount weight="2" > utilizing </wordcount>
    <wordcount weight="2" > effect </wordcount>
    <wordcount weight="2" > origin </wordcount>
    <wordcount weight="2" > events </wordcount>
    <wordcount weight="2" > very </wordcount>
    <wordcount weight="2" > utilized </wordcount>
    <wordcount weight="2" > another </wordcount>
    <wordcount weight="2" > consist </wordcount>
    <wordcount weight="2" > further </wordcount>
    <wordcount weight="2" > respond </wordcount>
    <wordcount weight="2" > do </wordcount>
    <wordcount weight="2" > substantiation </wordcount>
    <wordcount weight="2" > concepts </wordcount>
    <wordcount weight="2" > physiological </wordcount>
    <wordcount weight="2" > due </wordcount>
    <wordcount weight="2" > agrostis </wordcount>
    <wordcount weight="2" > experimental </wordcount>
    <wordcount weight="2" > less </wordcount>
    <wordcount weight="2" > system </wordcount>
    <wordcount weight="2" > existence </wordcount>
    <wordcount weight="2" > adaptation </wordcount>
    <wordcount weight="2" > while </wordcount>
    <wordcount weight="2" > number </wordcount>
    <wordcount weight="2" > u </wordcount>
    <wordcount weight="2" > iv </wordcount>
    <wordcount weight="2" > responsive </wordcount>
    <wordcount weight="2" > sites </wordcount>
    <wordcount weight="2" > information </wordcount>
    <wordcount weight="2" > original </wordcount>
    <wordcount weight="2" > occupying </wordcount>
    <wordcount weight="2" > taxoniomy </wordcount>
    <wordcount weight="2" > possible </wordcount>
    <wordcount weight="2" > reaction </wordcount>
    <wordcount weight="2" > discussion </wordcount>
    <wordcount weight="2" > size </wordcount>
    <wordcount weight="2" > work </wordcount>
    <wordcount weight="2" > considering </wordcount>
    <wordcount weight="2" > basis </wordcount>
    <wordcount weight="2" > upon </wordcount>
    <wordcount weight="2" > deternmine </wordcount>
    <wordcount weight="2" > through </wordcount>
    <wordcount weight="2" > hereditary </wordcount>
    <wordcount weight="2" > breeding </wordcount>
    <wordcount weight="2" > knowledge </wordcount>
    <wordcount weight="2" > role </wordcount>
    <wordcount weight="2" > arbitrarily </wordcount>
    <wordcount weight="2" > intended </wordcount>
    <wordcount weight="2" > grassland </wordcount>
    <wordcount weight="2" > significant </wordcount>
    <wordcount weight="2" > adapted </wordcount>
    <wordcount weight="2" > raven </wordcount>
    <wordcount weight="2" > assumption </wordcount>
    <wordcount weight="2" > emphasizing </wordcount>
    <wordcount weight="2" > anld </wordcount>
    <wordcount weight="2" > localized </wordcount>
    <wordcount weight="2" > sequence </wordcount>
    <wordcount weight="2" > heredity </wordcount>
    <wordcount weight="2" > definitions </wordcount>
    <wordcount weight="2" > individuals </wordcount>
    <wordcount weight="2" > nevadensis </wordcount>
    <wordcount weight="2" > g </wordcount>
    <wordcount weight="2" > we </wordcount>
    <wordcount weight="2" > wild </wordcount>
    <wordcount weight="2" > inereasing </wordcount>
    <wordcount weight="2" > planit </wordcount>
    <wordcount weight="2" > years </wordcount>
    <wordcount weight="2" > development </wordcount>
    <wordcount weight="2" > both </wordcount>
    <wordcount weight="2" > significance </wordcount>
    <wordcount weight="2" > similarity </wordcount>
    <wordcount weight="2" > three </wordcount>
    <wordcount weight="2" > clary </wordcount>
    <wordcount weight="2" > sampled </wordcount>
    <wordcount weight="2" > latifoltia </wordcount>
    <wordcount weight="2" > definitely </wordcount>
    <wordcount weight="2" > taxonomic </wordcount>
    <wordcount weight="2" > ecosystem </wordcount>
    <wordcount weight="2" > workers </wordcount>
    <wordcount weight="2" > general </wordcount>
    <wordcount weight="2" > least </wordcount>
    <wordcount weight="2" > sense </wordcount>
    <wordcount weight="2" > uniformity </wordcount>
    <wordcount weight="2" > below </wordcount>
    <wordcount weight="2" > distances </wordcount>
    <wordcount weight="2" > responses </wordcount>
    <wordcount weight="2" > reliable </wordcount>
    <wordcount weight="2" > high </wordcount>
    <wordcount weight="2" > effects </wordcount>
    <wordcount weight="2" > defined </wordcount>
    <wordcount weight="2" > earlier </wordcount>
    <wordcount weight="2" > differentiatioii </wordcount>
    <wordcount weight="2" > rutgers </wordcount>
    <wordcount weight="2" > sharp </wordcount>
    <wordcount weight="2" > involved </wordcount>
    <wordcount weight="2" > late </wordcount>
    <wordcount weight="2" > small </wordcount>
    <wordcount weight="2" > ecotypically </wordcount>
    <wordcount weight="2" > few </wordcount>
    <wordcount weight="2" > amount </wordcount>
    <wordcount weight="2" > dline </wordcount>
    <wordcount weight="2" > designating </wordcount>
    <wordcount weight="2" > distinguished </wordcount>
    <wordcount weight="2" > boundaries </wordcount>
    <wordcount weight="2" > widely </wordcount>
    <wordcount weight="2" > helpful </wordcount>
    <wordcount weight="2" > james </wordcount>
    <wordcount weight="2" > early </wordcount>
    <wordcount weight="2" > y </wordcount>
    <wordcount weight="2" > probably </wordcount>
    <wordcount weight="2" > graded </wordcount>
    <wordcount weight="2" > relative </wordcount>
    <wordcount weight="2" > lang </wordcount>
    <wordcount weight="2" > delimited </wordcount>
    <wordcount weight="2" > continuously </wordcount>
    <wordcount weight="1" > subsequently </wordcount>
    <wordcount weight="1" > pattern </wordcount>
    <wordcount weight="1" > dealing </wordcount>
    <wordcount weight="1" > eolmplexes </wordcount>
    <wordcount weight="1" > higher </wordcount>
    <wordcount weight="1" > providiing </wordcount>
    <wordcount weight="1" > contributes </wordcount>
    <wordcount weight="1" > delinmited </wordcount>
    <wordcount weight="1" > suggestion </wordcount>
    <wordcount weight="1" > lnature </wordcount>
    <wordcount weight="1" > environmnent </wordcount>
    <wordcount weight="1" > divisible </wordcount>
    <wordcount weight="1" > related </wordcount>
    <wordcount weight="1" > diff </wordcount>
    <wordcount weight="1" > what </wordcount>
    <wordcount weight="1" > ternm </wordcount>
    <wordcount weight="1" > clinmate </wordcount>
    <wordcount weight="1" > lindauer </wordcount>
    <wordcount weight="1" > ferry </wordcount>
    <wordcount weight="1" > interbreeding </wordcount>
    <wordcount weight="1" > marginally </wordcount>
    <wordcount weight="1" > mowing </wordcount>
    <wordcount weight="1" > provide </wordcount>
    <wordcount weight="1" > sibth </wordcount>
    <wordcount weight="1" > van </wordcount>
    <wordcount weight="1" > european </wordcount>
    <wordcount weight="1" > predicted </wordcount>
    <wordcount weight="1" > teanm </wordcount>
    <wordcount weight="1" > subsp </wordcount>
    <wordcount weight="1" > fairly </wordcount>
    <wordcount weight="1" > subjected </wordcount>
    <wordcount weight="1" > compile </wordcount>
    <wordcount weight="1" > lonidoni </wordcount>
    <wordcount weight="1" > purely </wordcount>
    <wordcount weight="1" > geograplhical </wordcount>
    <wordcount weight="1" > oniiient </wordcount>
    <wordcount weight="1" > hystrix </wordcount>
    <wordcount weight="1" > occilentlalis </wordcount>
    <wordcount weight="1" > giving </wordcount>
    <wordcount weight="1" > nmorphologic </wordcount>
    <wordcount weight="1" > substantiating </wordcount>
    <wordcount weight="1" > kilometers </wordcount>
    <wordcount weight="1" > taxonomy </wordcount>
    <wordcount weight="1" > naturally </wordcount>
    <wordcount weight="1" > switchgrass </wordcount>
    <wordcount weight="1" > faced </wordcount>
    <wordcount weight="1" > distributioii </wordcount>
    <wordcount weight="1" > aiim </wordcount>
    <wordcount weight="1" > remain </wordcount>
    <wordcount weight="1" > inbreeders </wordcount>
    <wordcount weight="1" > tendeney </wordcount>
    <wordcount weight="1" > procrustean </wordcount>
    <wordcount weight="1" > colnclusion </wordcount>
    <wordcount weight="1" > observations </wordcount>
    <wordcount weight="1" > limited </wordcount>
    <wordcount weight="1" > perennial </wordcount>
    <wordcount weight="1" > uptake </wordcount>
    <wordcount weight="1" > cytogenetic </wordcount>
    <wordcount weight="1" > affected </wordcount>
    <wordcount weight="1" > extreme </wordcount>
    <wordcount weight="1" > apart </wordcount>
    <wordcount weight="1" > environmental </wordcount>
    <wordcount weight="1" > drought </wordcount>
    <wordcount weight="1" > inclusive </wordcount>
    <wordcount weight="1" > onily </wordcount>
    <wordcount weight="1" > snaydoni </wordcount>
    <wordcount weight="1" > clarkia </wordcount>
    <wordcount weight="1" > sludge </wordcount>
    <wordcount weight="1" > ordinary </wordcount>
    <wordcount weight="1" > glandtlosa </wordcount>
    <wordcount weight="1" > divergenice </wordcount>
    <wordcount weight="1" > primarily </wordcount>
    <wordcount weight="1" > gelie </wordcount>
    <wordcount weight="1" > rapid </wordcount>
    <wordcount weight="1" > process </wordcount>
    <wordcount weight="1" > international </wordcount>
    <wordcount weight="1" > becomes </wordcount>
    <wordcount weight="1" > elivirolimental </wordcount>
    <wordcount weight="1" > etc </wordcount>
    <wordcount weight="1" > ecodline </wordcount>
    <wordcount weight="1" > narrowing </wordcount>
    <wordcount weight="1" > experiiimemits </wordcount>
    <wordcount weight="1" > collections </wordcount>
    <wordcount weight="1" > cliniate </wordcount>
    <wordcount weight="1" > view </wordcount>
    <wordcount weight="1" > specifying </wordcount>
    <wordcount weight="1" > cultivar </wordcount>
    <wordcount weight="1" > generalist </wordcount>
    <wordcount weight="1" > determining </wordcount>
    <wordcount weight="1" > odorattm </wordcount>
    <wordcount weight="1" > sterilityfertility </wordcount>
    <wordcount weight="1" > garden </wordcount>
    <wordcount weight="1" > systematics </wordcount>
    <wordcount weight="1" > probability </wordcount>
    <wordcount weight="1" > indicates </wordcount>
    <wordcount weight="1" > distributed </wordcount>
    <wordcount weight="1" > dirt </wordcount>
    <wordcount weight="1" > conceived </wordcount>
    <wordcount weight="1" > pools </wordcount>
    <wordcount weight="1" > deschampsia </wordcount>
    <wordcount weight="1" > physiology </wordcount>
    <wordcount weight="1" > maritvima </wordcount>
    <wordcount weight="1" > assoc </wordcount>
    <wordcount weight="1" > accunmulatioln </wordcount>
    <wordcount weight="1" > proposing </wordcount>
    <wordcount weight="1" > initially </wordcount>
    <wordcount weight="1" > turessoii </wordcount>
    <wordcount weight="1" > fornms </wordcount>
    <wordcount weight="1" > mioisture </wordcount>
    <wordcount weight="1" > turrill </wordcount>
    <wordcount weight="1" > large </wordcount>
    <wordcount weight="1" > measurable </wordcount>
    <wordcount weight="1" > complex </wordcount>
    <wordcount weight="1" > aii </wordcount>
    <wordcount weight="1" > groupings </wordcount>
    <wordcount weight="1" > clinal </wordcount>
    <wordcount weight="1" > articles </wordcount>
    <wordcount weight="1" > contributions </wordcount>
    <wordcount weight="1" > assuming </wordcount>
    <wordcount weight="1" > mcm </wordcount>
    <wordcount weight="1" > selection </wordcount>
    <wordcount weight="1" > sandy </wordcount>
    <wordcount weight="1" > serpentine </wordcount>
    <wordcount weight="1" > effective </wordcount>
    <wordcount weight="1" > enabled </wordcount>
    <wordcount weight="1" > tend </wordcount>
    <wordcount weight="1" > postulate </wordcount>
    <wordcount weight="1" > danthonia </wordcount>
    <wordcount weight="1" > existed </wordcount>
    <wordcount weight="1" > fall </wordcount>
    <wordcount weight="1" > conducting </wordcount>
    <wordcount weight="1" > clarification </wordcount>
    <wordcount weight="1" > listed </wordcount>
    <wordcount weight="1" > consequences </wordcount>
    <wordcount weight="1" > distaices </wordcount>
    <wordcount weight="1" > convenition </wordcount>
    <wordcount weight="1" > criticism </wordcount>
    <wordcount weight="1" > constitutes </wordcount>
    <wordcount weight="1" > supporting </wordcount>
    <wordcount weight="1" > measured </wordcount>
    <wordcount weight="1" > olie </wordcount>
    <wordcount weight="1" > strictly </wordcount>
    <wordcount weight="1" > reference </wordcount>
    <wordcount weight="1" > tissues </wordcount>
    <wordcount weight="1" > imay </wordcount>
    <wordcount weight="1" > inconsistent </wordcount>
    <wordcount weight="1" > specified </wordcount>
    <wordcount weight="1" > pp </wordcount>
    <wordcount weight="1" > optimiiumn </wordcount>
    <wordcount weight="1" > gathered </wordcount>
    <wordcount weight="1" > thought </wordcount>
    <wordcount weight="1" > freely </wordcount>
    <wordcount weight="1" > preselnce </wordcount>
    <wordcount weight="1" > differenitiation </wordcount>
    <wordcount weight="1" > hundred </wordcount>
    <wordcount weight="1" > concerliiig </wordcount>
    <wordcount weight="1" > caltifornica </wordcount>
    <wordcount weight="1" > rticroevoltution </wordcount>
    <wordcount weight="1" > restricted </wordcount>
    <wordcount weight="1" > consider </wordcount>
    <wordcount weight="1" > water </wordcount>
    <wordcount weight="1" > somie </wordcount>
    <wordcount weight="1" > structure </wordcount>
    <wordcount weight="1" > ecotyppe </wordcount>
    <wordcount weight="1" > neither </wordcount>
    <wordcount weight="1" > differentiate </wordcount>
    <wordcount weight="1" > nitrogen </wordcount>
    <wordcount weight="1" > dormancy </wordcount>
    <wordcount weight="1" > management </wordcount>
    <wordcount weight="1" > today </wordcount>
    <wordcount weight="1" > rand </wordcount>
    <wordcount weight="1" > incdicate </wordcount>
    <wordcount weight="1" > somiie </wordcount>
    <wordcount weight="1" > contained </wordcount>
    <wordcount weight="1" > occurred </wordcount>
    <wordcount weight="1" > necessary </wordcount>
    <wordcount weight="1" > lowland </wordcount>
    <wordcount weight="1" > total </wordcount>
    <wordcount weight="1" > fronm </wordcount>
    <wordcount weight="1" > liabitat </wordcount>
    <wordcount weight="1" > instance </wordcount>
    <wordcount weight="1" > prunella </wordcount>
    <wordcount weight="1" > sum </wordcount>
    <wordcount weight="1" > collectionis </wordcount>
    <wordcount weight="1" > experimelnts </wordcount>
    <wordcount weight="1" > conicept </wordcount>
    <wordcount weight="1" > taxoiiomiy </wordcount>
    <wordcount weight="1" > intentions </wordcount>
    <wordcount weight="1" > herbage </wordcount>
    <wordcount weight="1" > panicitrn </wordcount>
    <wordcount weight="1" > dakota </wordcount>
    <wordcount weight="1" > words </wordcount>
    <wordcount weight="1" > represents </wordcount>
    <wordcount weight="1" > hastened </wordcount>
    <wordcount weight="1" > unlikely </wordcount>
    <wordcount weight="1" > comparison </wordcount>
    <wordcount weight="1" > elnvironnmental </wordcount>
    <wordcount weight="1" > maintain </wordcount>
    <wordcount weight="1" > antonovies </wordcount>
    <wordcount weight="1" > acceptance </wordcount>
    <wordcount weight="1" > betwveen </wordcount>
    <wordcount weight="1" > experience </wordcount>
    <wordcount weight="1" > geographic </wordcount>
    <wordcount weight="1" > differelnces </wordcount>
    <wordcount weight="1" > stress </wordcount>
    <wordcount weight="1" > scienice </wordcount>
    <wordcount weight="1" > noted </wordcount>
    <wordcount weight="1" > resource </wordcount>
    <wordcount weight="1" > regional </wordcount>
    <wordcount weight="1" > occupied </wordcount>
    <wordcount weight="1" > eheek </wordcount>
    <wordcount weight="1" > synonymous </wordcount>
    <wordcount weight="1" > discreteness </wordcount>
    <wordcount weight="1" > ideas </wordcount>
    <wordcount weight="1" > botanists </wordcount>
    <wordcount weight="1" > picture </wordcount>
    <wordcount weight="1" > published </wordcount>
    <wordcount weight="1" > harvard </wordcount>
    <wordcount weight="1" > grazing </wordcount>
    <wordcount weight="1" > initraspecific </wordcount>
    <wordcount weight="1" > followed </wordcount>
    <wordcount weight="1" > physical </wordcount>
    <wordcount weight="1" > volume </wordcount>
    <wordcount weight="1" > comprising </wordcount>
    <wordcount weight="1" > davis </wordcount>
    <wordcount weight="1" > biol </wordcount>
    <wordcount weight="1" > regardless </wordcount>
    <wordcount weight="1" > every </wordcount>
    <wordcount weight="1" > argue </wordcount>
    <wordcount weight="1" > comparing </wordcount>
    <wordcount weight="1" > treatmeiit </wordcount>
    <wordcount weight="1" > fire </wordcount>
    <wordcount weight="1" > text </wordcount>
    <wordcount weight="1" > rocky </wordcount>
    <wordcount weight="1" > geographically </wordcount>
    <wordcount weight="1" > tolerances </wordcount>
    <wordcount weight="1" > spatially </wordcount>
    <wordcount weight="1" > distinguishing </wordcount>
    <wordcount weight="1" > macmtillaii </wordcount>
    <wordcount weight="1" > native </wordcount>
    <wordcount weight="1" > cristata </wordcount>
    <wordcount weight="1" > anonymaous </wordcount>
    <wordcount weight="1" > book </wordcount>
    <wordcount weight="1" > alpinie </wordcount>
    <wordcount weight="1" > sections </wordcount>
    <wordcount weight="1" > set </wordcount>
    <wordcount weight="1" > theory </wordcount>
    <wordcount weight="1" > envii </wordcount>
    <wordcount weight="1" > iinnean </wordcount>
    <wordcount weight="1" > equivalence </wordcount>
    <wordcount weight="1" > rekindled </wordcount>
    <wordcount weight="1" > forty </wordcount>
    <wordcount weight="1" > taken </wordcount>
    <wordcount weight="1" > meters </wordcount>
    <wordcount weight="1" > again </wordcount>
    <wordcount weight="1" > tjit </wordcount>
    <wordcount weight="1" > regioln </wordcount>
    <wordcount weight="1" > approaching </wordcount>
    <wordcount weight="1" > pointed </wordcount>
    <wordcount weight="1" > appear </wordcount>
    <wordcount weight="1" > knowing </wordcount>
    <wordcount weight="1" > iot </wordcount>
    <wordcount weight="1" > delimitation </wordcount>
    <wordcount weight="1" > meaning </wordcount>
    <wordcount weight="1" > similarly </wordcount>
    <wordcount weight="1" > components </wordcount>
    <wordcount weight="1" > amonig </wordcount>
    <wordcount weight="1" > experimenital </wordcount>
    <wordcount weight="1" > reflections </wordcount>
    <wordcount weight="1" > control </wordcount>
    <wordcount weight="1" > termiis </wordcount>
    <wordcount weight="1" > varied </wordcount>
    <wordcount weight="1" > ranges </wordcount>
    <wordcount weight="1" > discontinuity </wordcount>
    <wordcount weight="1" > nemophila </wordcount>
    <wordcount weight="1" > hioh </wordcount>
    <wordcount weight="1" > uses </wordcount>
    <wordcount weight="1" > efforts </wordcount>
    <wordcount weight="1" > result </wordcount>
    <wordcount weight="1" > ecophene </wordcount>
    <wordcount weight="1" > sinee </wordcount>
    <wordcount weight="1" > qtestioned </wordcount>
    <wordcount weight="1" > others </wordcount>
    <wordcount weight="1" > attribute </wordcount>
    <wordcount weight="1" > elnvironmental </wordcount>
    <wordcount weight="1" > populatioii </wordcount>
    <wordcount weight="1" > iiitraspecific </wordcount>
    <wordcount weight="1" > buildup </wordcount>
    <wordcount weight="1" > eurasiatic </wordcount>
    <wordcount weight="1" > sampling </wordcount>
    <wordcount weight="1" > seem </wordcount>
    <wordcount weight="1" > available </wordcount>
    <wordcount weight="1" > believe </wordcount>
    <wordcount weight="1" > jain </wordcount>
    <wordcount weight="1" > scientists </wordcount>
    <wordcount weight="1" > complexes </wordcount>
    <wordcount weight="1" > aind </wordcount>
    <wordcount weight="1" > memillan </wordcount>
    <wordcount weight="1" > areas </wordcount>
    <wordcount weight="1" > occurrence </wordcount>
    <wordcount weight="1" > broken </wordcount>
    <wordcount weight="1" > together </wordcount>
    <wordcount weight="1" > ecol </wordcount>
    <wordcount weight="1" > respoiise </wordcount>
    <wordcount weight="1" > caespitosa </wordcount>
    <wordcount weight="1" > expense </wordcount>
    <wordcount weight="1" > compound </wordcount>
    <wordcount weight="1" > reasons </wordcount>
    <wordcount weight="1" > abstract </wordcount>
    <wordcount weight="1" > compounds </wordcount>
    <wordcount weight="1" > combinations </wordcount>
    <wordcount weight="1" > allied </wordcount>
    <wordcount weight="1" > demonstrations </wordcount>
    <wordcount weight="1" > forces </wordcount>
    <wordcount weight="1" > vienna </wordcount>
    <wordcount weight="1" > respolise </wordcount>
    <wordcount weight="1" > reasolied </wordcount>
    <wordcount weight="1" > foundation </wordcount>
    <wordcount weight="1" > iii </wordcount>
    <wordcount weight="1" > variety </wordcount>
    <wordcount weight="1" > anthoxanthtnm </wordcount>
    <wordcount weight="1" > forage </wordcount>
    <wordcount weight="1" > out </wordcount>
    <wordcount weight="1" > studied </wordcount>
    <wordcount weight="1" > able </wordcount>
    <wordcount weight="1" > ecotypical </wordcount>
    <wordcount weight="1" > associates </wordcount>
    <wordcount weight="1" > variational </wordcount>
    <wordcount weight="1" > reaffirmed </wordcount>
    <wordcount weight="1" > kruckeberg </wordcount>
    <wordcount weight="1" > raising </wordcount>
    <wordcount weight="1" > temperature </wordcount>
    <wordcount weight="1" > amid </wordcount>
    <wordcount weight="1" > reflexioiis </wordcount>
    <wordcount weight="1" > edaphic </wordcount>
    <wordcount weight="1" > environnmelntal </wordcount>
    <wordcount weight="1" > advocated </wordcount>
    <wordcount weight="1" > kruckeberog </wordcount>
    <wordcount weight="1" > departnieiit </wordcount>
    <wordcount weight="1" > historical </wordcount>
    <wordcount weight="1" > panicitm </wordcount>
    <wordcount weight="1" > considerable </wordcount>
    <wordcount weight="1" > panicumn </wordcount>
    <wordcount weight="1" > environniieintal </wordcount>
    <wordcount weight="1" > subsequent </wordcount>
    <wordcount weight="1" > colitrast </wordcount>
    <wordcount weight="1" > discussed </wordcount>
    <wordcount weight="1" > agroii </wordcount>
    <wordcount weight="1" > sierra </wordcount>
    <wordcount weight="1" > western </wordcount>
    <wordcount weight="1" > glacial </wordcount>
    <wordcount weight="1" > productivity </wordcount>
    <wordcount weight="1" > hiabitat </wordcount>
    <wordcount weight="1" > biologists </wordcount>
    <wordcount weight="1" > last </wordcount>
    <wordcount weight="1" > gradienit </wordcount>
    <wordcount weight="1" > conclusions </wordcount>
    <wordcount weight="1" > accurately </wordcount>
    <wordcount weight="1" > hand </wordcount>
    <wordcount weight="1" > emphasized </wordcount>
    <wordcount weight="1" > influences </wordcount>
    <wordcount weight="1" > soc </wordcount>
    <wordcount weight="1" > id </wordcount>
    <wordcount weight="1" > plieiology </wordcount>
    <wordcount weight="1" > taxonomie </wordcount>
    <wordcount weight="1" > investigations </wordcount>
    <wordcount weight="1" > fryer </wordcount>
    <wordcount weight="1" > investigator </wordcount>
    <wordcount weight="1" > niade </wordcount>
    <wordcount weight="1" > manner </wordcount>
    <wordcount weight="1" > reading </wordcount>
    <wordcount weight="1" > where </wordcount>
    <wordcount weight="1" > because </wordcount>
    <wordcount weight="1" > vary </wordcount>
    <wordcount weight="1" > essentially </wordcount>
    <wordcount weight="1" > maritima </wordcount>
    <wordcount weight="1" > literature </wordcount>
    <wordcount weight="1" > combinatiolis </wordcount>
    <wordcount weight="1" > evol </wordcount>
    <wordcount weight="1" > differing </wordcount>
    <wordcount weight="1" > unique </wordcount>
    <wordcount weight="1" > based </wordcount>
    <wordcount weight="1" > racial </wordcount>
    <wordcount weight="1" > menziesii </wordcount>
    <wordcount weight="1" > accepted </wordcount>
    <wordcount weight="1" > elevationally </wordcount>
    <wordcount weight="1" > advaiices </wordcount>
    <wordcount weight="1" > univ </wordcount>
    <wordcount weight="1" > spatial </wordcount>
    <wordcount weight="1" > appears </wordcount>
    <wordcount weight="1" > relevant </wordcount>
    <wordcount weight="1" > eeotype </wordcount>
    <wordcount weight="1" > terms </wordcount>
    <wordcount weight="1" > produced </wordcount>
    <wordcount weight="1" > ultimately </wordcount>
    <wordcount weight="1" > depends </wordcount>
    <wordcount weight="1" > conparative </wordcount>
    <wordcount weight="1" > theoretical </wordcount>
    <wordcount weight="1" > making </wordcount>
    <wordcount weight="1" > colicept </wordcount>
    <wordcount weight="1" > techlnique </wordcount>
    <wordcount weight="1" > germination </wordcount>
    <wordcount weight="1" > ill </wordcount>
    <wordcount weight="1" > qualntitative </wordcount>
    <wordcount weight="1" > classic </wordcount>
    <wordcount weight="1" > net </wordcount>
    <wordcount weight="1" > depending </wordcount>
    <wordcount weight="1" > abalndonment </wordcount>
    <wordcount weight="1" > metals </wordcount>
    <wordcount weight="1" > plains </wordcount>
    <wordcount weight="1" > coining </wordcount>
    <wordcount weight="1" > determine </wordcount>
    <wordcount weight="1" > excellenit </wordcount>
    <wordcount weight="1" > denmand </wordcount>
    <wordcount weight="1" > elevatioiis </wordcount>
    <wordcount weight="1" > aninlal </wordcount>
    <wordcount weight="1" > wiscoiasiii </wordcount>
    <wordcount weight="1" > absolute </wordcount>
    <wordcount weight="1" > photosynithetic </wordcount>
    <wordcount weight="1" > recorded </wordcount>
    <wordcount weight="1" > temporally </wordcount>
    <wordcount weight="1" > publ </wordcount>
    <wordcount weight="1" > drafts </wordcount>
    <wordcount weight="1" > problem </wordcount>
    <wordcount weight="1" > distance </wordcount>
    <wordcount weight="1" > observable </wordcount>
    <wordcount weight="1" > method </wordcount>
    <wordcount weight="1" > observatioiis </wordcount>
    <wordcount weight="1" > sewage </wordcount>
    <wordcount weight="1" > capacity </wordcount>
    <wordcount weight="1" > nostranid </wordcount>
    <wordcount weight="1" > dactylis </wordcount>
    <wordcount weight="1" > apt </wordcount>
    <wordcount weight="1" > motion </wordcount>
    <wordcount weight="1" > anthoxanthutm </wordcount>
    <wordcount weight="1" > tal </wordcount>
    <wordcount weight="1" > planted </wordcount>
    <wordcount weight="1" > possibility </wordcount>
    <wordcount weight="1" > concentrations </wordcount>
    <wordcount weight="1" > respolnse </wordcount>
    <wordcount weight="1" > studying </wordcount>
    <wordcount weight="1" > require </wordcount>
    <wordcount weight="1" > wherever </wordcount>
    <wordcount weight="1" > priniciples </wordcount>
    <wordcount weight="1" > beinig </wordcount>
    <wordcount weight="1" > produce </wordcount>
    <wordcount weight="1" > having </wordcount>
    <wordcount weight="1" > sonme </wordcount>
    <wordcount weight="1" > account </wordcount>
    <wordcount weight="1" > vol </wordcount>
    <wordcount weight="1" > amplification </wordcount>
    <wordcount weight="1" > demonstrated </wordcount>
    <wordcount weight="1" > porter </wordcount>
    <wordcount weight="1" > extremely </wordcount>
    <wordcount weight="1" > trait </wordcount>
    <wordcount weight="1" > suggests </wordcount>
    <wordcount weight="1" > capable </wordcount>
    <wordcount weight="1" > remote </wordcount>
    <wordcount weight="1" > respolnsible </wordcount>
    <wordcount weight="1" > degrees </wordcount>
    <wordcount weight="1" > prevailing </wordcount>
    <wordcount weight="1" > nutrition </wordcount>
    <wordcount weight="1" > taxolnomic </wordcount>
    <wordcount weight="1" > evll </wordcount>
    <wordcount weight="1" > decides </wordcount>
    <wordcount weight="1" > tlhat </wordcount>
    <wordcount weight="1" > pers </wordcount>
    <wordcount weight="1" > fundamental </wordcount>
    <wordcount weight="1" > serutily </wordcount>
    <wordcount weight="1" > disease </wordcount>
    <wordcount weight="1" > jordan </wordcount>
    <wordcount weight="1" > gradation </wordcount>
    <wordcount weight="1" > robertson </wordcount>
    <wordcount weight="1" > microevolution </wordcount>
    <wordcount weight="1" > conicepts </wordcount>
    <wordcount weight="1" > miiainuscript </wordcount>
    <wordcount weight="1" > biotic </wordcount>
    <wordcount weight="1" > background </wordcount>
    <wordcount weight="1" > received </wordcount>
    <wordcount weight="1" > photosynthesis </wordcount>
    <wordcount weight="1" > nj </wordcount>
    <wordcount weight="1" > evidenee </wordcount>
    <wordcount weight="1" > researchers </wordcount>
    <wordcount weight="1" > alonog </wordcount>
    <wordcount weight="1" > ehrlich </wordcount>
    <wordcount weight="1" > adjacent </wordcount>
    <wordcount weight="1" > monogr </wordcount>
    <wordcount weight="1" > occupy </wordcount>
    <wordcount weight="1" > responises </wordcount>
    <wordcount weight="1" > true </wordcount>
    <wordcount weight="1" > expected </wordcount>
    <wordcount weight="1" > smiiall </wordcount>
    <wordcount weight="1" > ilmay </wordcount>
    <wordcount weight="1" > environnment </wordcount>
    <wordcount weight="1" > extending </wordcount>
    <wordcount weight="1" > recogiition </wordcount>
    <wordcount weight="1" > occurring </wordcount>
    <wordcount weight="1" > region </wordcount>
    <wordcount weight="1" > significantly </wordcount>
    <wordcount weight="1" > extraclinal </wordcount>
    <wordcount weight="1" > met </wordcount>
    <wordcount weight="1" > differ </wordcount>
    <wordcount weight="1" > characterization </wordcount>
    <wordcount weight="1" > sanpled </wordcount>
    <wordcount weight="1" > except </wordcount>
    <wordcount weight="1" > part </wordcount>
    <wordcount weight="1" > emissions </wordcount>
    <wordcount weight="1" > purpose </wordcount>
    <wordcount weight="1" > achittea </wordcount>
    <wordcount weight="1" > niakinig </wordcount>
    <wordcount weight="1" > odoratutm </wordcount>
    <wordcount weight="1" > distinctly </wordcount>
    <wordcount weight="1" > numerous </wordcount>
    <wordcount weight="1" > previously </wordcount>
    <wordcount weight="1" > phenological </wordcount>
    <wordcount weight="1" > cited </wordcount>
    <wordcount weight="1" > exhibit </wordcount>
    <wordcount weight="1" > edotypic </wordcount>
    <wordcount weight="1" > markedly </wordcount>
    <wordcount weight="1" > eliable </wordcount>
    <wordcount weight="1" > adaptive </wordcount>
    <wordcount weight="1" > undoubtedly </wordcount>
    <wordcount weight="1" > mosaic </wordcount>
    <wordcount weight="1" > against </wordcount>
    <wordcount weight="1" > subject </wordcount>
    <wordcount weight="1" > ecologist </wordcount>
    <wordcount weight="1" > description </wordcount>
    <wordcount weight="1" > woodland </wordcount>
    <wordcount weight="1" > varying </wordcount>
    <wordcount weight="1" > regionial </wordcount>
    <wordcount weight="1" > conitributions </wordcount>
    <wordcount weight="1" > virgatuin </wordcount>
    <wordcount weight="1" > borealtis </wordcount>
    <wordcount weight="1" > year </wordcount>
    <wordcount weight="1" > prevented </wordcount>
    <wordcount weight="1" > rust </wordcount>
    <wordcount weight="1" > relicts </wordcount>
    <wordcount weight="1" > oecotypus </wordcount>
    <wordcount weight="1" > contribute </wordcount>
    <wordcount weight="1" > grasses </wordcount>
    <wordcount weight="1" > conclusively </wordcount>
    <wordcount weight="1" > occupyinog </wordcount>
    <wordcount weight="1" > discussions </wordcount>
    <wordcount weight="1" > collection </wordcount>
    <wordcount weight="1" > cruden </wordcount>
    <wordcount weight="1" > informiationi </wordcount>
    <wordcount weight="1" > found </wordcount>
    <wordcount weight="1" > nmm </wordcount>
    <wordcount weight="1" > aniiericaii </wordcount>
    <wordcount weight="1" > distinguishable </wordcount>
    <wordcount weight="1" > factor </wordcount>
    <wordcount weight="1" > populationi </wordcount>
    <wordcount weight="1" > approach </wordcount>
    <wordcount weight="1" > literally </wordcount>
    <wordcount weight="1" > inherently </wordcount>
    <wordcount weight="1" > qualitative </wordcount>
    <wordcount weight="1" > phenomenon </wordcount>
    <wordcount weight="1" > asserts </wordcount>
    <wordcount weight="1" > isolated </wordcount>
    <wordcount weight="1" > eenvironmenital </wordcount>
    <wordcount weight="1" > actually </wordcount>
    <wordcount weight="1" > borcher </wordcount>
    <wordcount weight="1" > taxa </wordcount>
    <wordcount weight="1" > effectively </wordcount>
    <wordcount weight="1" > potenttlla </wordcount>
    <wordcount weight="1" > phenetic </wordcount>
    <wordcount weight="1" > selectioni </wordcount>
    <wordcount weight="1" > trend </wordcount>
    <wordcount weight="1" > frequencies </wordcount>
    <wordcount weight="1" > possessing </wordcount>
    <wordcount weight="1" > biotypes </wordcount>
    <wordcount weight="1" > vtlgaris </wordcount>
    <wordcount weight="1" > evolutioii </wordcount>
    <wordcount weight="1" > sitanion </wordcount>
    <wordcount weight="1" > substrate </wordcount>
    <wordcount weight="1" > reproduction </wordcount>
    <wordcount weight="1" > reinforced </wordcount>
    <wordcount weight="1" > demonstration </wordcount>
    <wordcount weight="1" > smelter </wordcount>
    <wordcount weight="1" > temiiperature </wordcount>
    <wordcount weight="1" > differential </wordcount>
    <wordcount weight="1" > taxon </wordcount>
    <wordcount weight="1" > glomerata </wordcount>
    <wordcount weight="1" > ceiitral </wordcount>
    <wordcount weight="1" > erentiation </wordcount>
    <wordcount weight="1" > shown </wordcount>
    <wordcount weight="1" > until </wordcount>
    <wordcount weight="1" > nutritional </wordcount>
    <wordcount weight="1" > examples </wordcount>
    <wordcount weight="1" > operative </wordcount>
    <wordcount weight="1" > eventual </wordcount>
    <wordcount weight="1" > experiiental </wordcount>
    <wordcount weight="1" > uniits </wordcount>
    <wordcount weight="1" > developmeintal </wordcount>
    <wordcount weight="1" > taxonoimy </wordcount>
    <wordcount weight="1" > quotation </wordcount>
    <wordcount weight="1" > observed </wordcount>
    <wordcount weight="1" > interfertile </wordcount>
    <wordcount weight="1" > tennis </wordcount>
    <wordcount weight="1" > genetically </wordcount>
    <wordcount weight="1" > prinmarily </wordcount>
    <wordcount weight="1" > prilnciples </wordcount>
    <wordcount weight="1" > applied </wordcount>
    <wordcount weight="1" > importance </wordcount>
    <wordcount weight="1" > conditions </wordcount>
    <wordcount weight="1" > realized </wordcount>
    <wordcount weight="1" > variatioin </wordcount>
    <wordcount weight="1" > publication </wordcount>
    <wordcount weight="1" > language </wordcount>
    <wordcount weight="1" > systenm </wordcount>
    <wordcount weight="1" > author </wordcount>
    <wordcount weight="1" > uniqueness </wordcount>
    <wordcount weight="1" > bioscience </wordcount>
    <wordcount weight="1" > showni </wordcount>
    <wordcount weight="1" > mode </wordcount>
    <wordcount weight="1" > interest </wordcount>
    <wordcount weight="1" > vulgaris </wordcount>
    <wordcount weight="1" > iany </wordcount>
    <wordcount weight="1" > undefined </wordcount>
    <wordcount weight="1" > adanms </wordcount>
    <wordcount weight="1" > august </wordcount>
    <wordcount weight="1" > sansome </wordcount>
    <wordcount weight="1" > course </wordcount>
    <wordcount weight="1" > contributed </wordcount>
    <wordcount weight="1" > divergences </wordcount>
    <wordcount weight="1" > mass </wordcount>
    <wordcount weight="1" > atomiic </wordcount>
    <wordcount weight="1" > camg </wordcount>
    <wordcount weight="1" > prutnella </wordcount>
    <wordcount weight="1" > characterized </wordcount>
    <wordcount weight="1" > reviewers </wordcount>
    <wordcount weight="1" > leaf </wordcount>
    <wordcount weight="1" > define </wordcount>
    <wordcount weight="1" > application </wordcount>
    <wordcount weight="1" > morphologically </wordcount>
    <wordcount weight="1" > linal </wordcount>
    <wordcount weight="1" > useful </wordcount>
    <wordcount weight="1" > zinc </wordcount>
    <wordcount weight="1" > intraclinal </wordcount>
    <wordcount weight="1" > shaping </wordcount>
    <wordcount weight="1" > experiimieints </wordcount>
    <wordcount weight="1" > iid </wordcount>
    <wordcount weight="1" > elevational </wordcount>
    <wordcount weight="1" > manager </wordcount>
    <wordcount weight="1" > collected </wordcount>
    <wordcount weight="1" > involving </wordcount>
    <wordcount weight="1" > experimiieint </wordcount>
    <wordcount weight="1" > comiplex </wordcount>
    <wordcount weight="1" > glandutlosa </wordcount>
    <wordcount weight="1" > mountain </wordcount>
    <wordcount weight="1" > anigiosperm </wordcount>
    <wordcount weight="1" > turessoin </wordcount>
    <wordcount weight="1" > poputlation </wordcount>
    <wordcount weight="1" > barriers </wordcount>
    <wordcount weight="1" > segment </wordcount>
    <wordcount weight="1" > vagueness </wordcount>
    <wordcount weight="1" > event </wordcount>
    <wordcount weight="1" > distinct </wordcount>
    <wordcount weight="1" > nor </wordcount>
    <wordcount weight="1" > salin </wordcount>
    <wordcount weight="1" > exchange </wordcount>
    <wordcount weight="1" > clinally </wordcount>
    <wordcount weight="1" > quebec </wordcount>
    <wordcount weight="1" > academic </wordcount>
    <wordcount weight="1" > needs </wordcount>
    <wordcount weight="1" > began </wordcount>
    <wordcount weight="1" > topotype </wordcount>
    <wordcount weight="1" > depend </wordcount>
    <wordcount weight="1" > sufficient </wordcount>
    <wordcount weight="1" > specific </wordcount>
    <wordcount weight="1" > unless </wordcount>
    <wordcount weight="1" > differentiatioin </wordcount>
    <wordcount weight="1" > germinationi </wordcount>
    <wordcount weight="1" > satisfy </wordcount>
    <wordcount weight="1" > incapable </wordcount>
    <wordcount weight="1" > k </wordcount>
    <wordcount weight="1" > valuable </wordcount>
    <wordcount weight="1" > isotopes </wordcount>
    <wordcount weight="1" > presence </wordcount>
    <wordcount weight="1" > aggr </wordcount>
    <wordcount weight="1" > become </wordcount>
    <wordcount weight="1" > mason </wordcount>
    <wordcount weight="1" > themselves </wordcount>
    <wordcount weight="1" > suitable </wordcount>
    <wordcount weight="1" > seems </wordcount>
    <wordcount weight="1" > respectively </wordcount>
    <wordcount weight="1" > portions </wordcount>
    <wordcount weight="1" > diffeulties </wordcount>
    <wordcount weight="1" > exaooerate </wordcount>
    <wordcount weight="1" > site </wordcount>
    <wordcount weight="1" > cytological </wordcount>
    <wordcount weight="1" > uiits </wordcount>
    <wordcount weight="1" > adams </wordcount>
    <wordcount weight="1" > anderson </wordcount>
    <wordcount weight="1" > genecologieal </wordcount>
    <wordcount weight="1" > genetics </wordcount>
    <wordcount weight="1" > seeds </wordcount>
    <wordcount weight="1" > tended </wordcount>
    <wordcount weight="1" > aiialysis </wordcount>
    <wordcount weight="1" > publications </wordcount>
    <wordcount weight="1" > managed </wordcount>
    <wordcount weight="1" > uiiiv </wordcount>
    <wordcount weight="1" > distinetness </wordcount>
    <wordcount weight="1" > alpin </wordcount>
    <wordcount weight="1" > occur </wordcount>
    <wordcount weight="1" > turessoni </wordcount>
    <wordcount weight="1" > isolate </wordcount>
    <wordcount weight="1" > gardeni </wordcount>
    <wordcount weight="1" > elucidation </wordcount>
    <wordcount weight="1" > using </wordcount>
    <wordcount weight="1" > eliminating </wordcount>
    <wordcount weight="1" > caiiad </wordcount>
    <wordcount weight="1" > seemed </wordcount>
    <wordcount weight="1" > strong </wordcount>
    <wordcount weight="1" > apparently </wordcount>
    <wordcount weight="1" > production </wordcount>
    <wordcount weight="1" > recent </wordcount>
    <wordcount weight="1" > about </wordcount>
    <wordcount weight="1" > siberian </wordcount>
    <wordcount weight="1" > value </wordcount>
    <wordcount weight="1" > modificatory </wordcount>
    <wordcount weight="1" > grateful </wordcount>
    <wordcount weight="1" > nmarginal </wordcount>
    <wordcount weight="1" > tolerance </wordcount>
    <wordcount weight="1" > thuja </wordcount>
    <wordcount weight="1" > though </wordcount>
    <wordcount weight="1" > function </wordcount>
    <wordcount weight="1" > showed </wordcount>
    <wordcount weight="1" > prooeny </wordcount>
    <wordcount weight="1" > phenoiimenoii </wordcount>
    <wordcount weight="1" > virgatitm </wordcount>
    <wordcount weight="1" > vasek </wordcount>
    <wordcount weight="1" > massive </wordcount>
    <wordcount weight="1" > coworkers </wordcount>
    <wordcount weight="1" > major </wordcount>
    <wordcount weight="1" > referring </wordcount>
    <wordcount weight="1" > fertilize </wordcount>
    <wordcount weight="1" > concerted </wordcount>
    <wordcount weight="1" > retention </wordcount>
    <wordcount weight="1" > increase </wordcount>
    <wordcount weight="1" > senmantic </wordcount>
    <wordcount weight="1" > tenitis </wordcount>
    <wordcount weight="1" > outbreeders </wordcount>
    <wordcount weight="1" > product </wordcount>
    <wordcount weight="1" > separate </wordcount>
    <wordcount weight="1" > enivironieits </wordcount>
    <wordcount weight="1" > thorough </wordcount>
</article>
