<?xml version="1.0" encoding="UTF-8"?>
<article id="10.2307/2989765" >
    <wordcount weight="352" > the </wordcount>
    <wordcount weight="290" > of </wordcount>
    <wordcount weight="122" > and </wordcount>
    <wordcount weight="113" > to </wordcount>
    <wordcount weight="112" > in </wordcount>
    <wordcount weight="111" > a </wordcount>
    <wordcount weight="83" > species </wordcount>
    <wordcount weight="73" > islands </wordcount>
    <wordcount weight="67" > on </wordcount>
    <wordcount weight="58" > island </wordcount>
    <wordcount weight="53" > are </wordcount>
    <wordcount weight="51" > is </wordcount>
    <wordcount weight="51" > source </wordcount>
    <wordcount weight="45" > be </wordcount>
    <wordcount weight="42" > for </wordcount>
    <wordcount weight="40" > that </wordcount>
    <wordcount weight="39" > have </wordcount>
    <wordcount weight="39" > an </wordcount>
    <wordcount weight="36" > fern </wordcount>
    <wordcount weight="33" > their </wordcount>
    <wordcount weight="31" > flora </wordcount>
    <wordcount weight="29" > spores </wordcount>
    <wordcount weight="27" > from </wordcount>
    <wordcount weight="26" > dispersal </wordcount>
    <wordcount weight="25" > with </wordcount>
    <wordcount weight="23" > this </wordcount>
    <wordcount weight="22" > may </wordcount>
    <wordcount weight="22" > area </wordcount>
    <wordcount weight="21" > ferns </wordcount>
    <wordcount weight="19" > distributed </wordcount>
    <wordcount weight="19" > floras </wordcount>
    <wordcount weight="19" > than </wordcount>
    <wordcount weight="18" > not </wordcount>
    <wordcount weight="18" > these </wordcount>
    <wordcount weight="18" > isolation </wordcount>
    <wordcount weight="18" > more </wordcount>
    <wordcount weight="18" > migration </wordcount>
    <wordcount weight="18" > endemics </wordcount>
    <wordcount weight="17" > environment </wordcount>
    <wordcount weight="17" > geographic </wordcount>
    <wordcount weight="17" > would </wordcount>
    <wordcount weight="17" > widely </wordcount>
    <wordcount weight="16" > or </wordcount>
    <wordcount weight="15" > as </wordcount>
    <wordcount weight="15" > da </wordcount>
    <wordcount weight="14" > it </wordcount>
    <wordcount weight="14" > pacific </wordcount>
    <wordcount weight="14" > by </wordcount>
    <wordcount weight="13" > table </wordcount>
    <wordcount weight="13" > between </wordcount>
    <wordcount weight="13" > insular </wordcount>
    <wordcount weight="13" > new </wordcount>
    <wordcount weight="13" > tristan </wordcount>
    <wordcount weight="13" > small </wordcount>
    <wordcount weight="12" > they </wordcount>
    <wordcount weight="12" > group </wordcount>
    <wordcount weight="12" > all </wordcount>
    <wordcount weight="12" > miles </wordcount>
    <wordcount weight="12" > because </wordcount>
    <wordcount weight="11" > genetic </wordcount>
    <wordcount weight="11" > most </wordcount>
    <wordcount weight="11" > evidence </wordcount>
    <wordcount weight="11" > other </wordcount>
    <wordcount weight="11" > has </wordcount>
    <wordcount weight="10" > also </wordcount>
    <wordcount weight="10" > some </wordcount>
    <wordcount weight="10" > related </wordcount>
    <wordcount weight="10" > which </wordcount>
    <wordcount weight="10" > percent </wordcount>
    <wordcount weight="9" > will </wordcount>
    <wordcount weight="9" > high </wordcount>
    <wordcount weight="9" > been </wordcount>
    <wordcount weight="9" > nearly </wordcount>
    <wordcount weight="9" > pp </wordcount>
    <wordcount weight="9" > size </wordcount>
    <wordcount weight="9" > transport </wordcount>
    <wordcount weight="9" > isolated </wordcount>
    <wordcount weight="9" > spore </wordcount>
    <wordcount weight="9" > can </wordcount>
    <wordcount weight="8" > at </wordcount>
    <wordcount weight="8" > about </wordcount>
    <wordcount weight="8" > but </wordcount>
    <wordcount weight="8" > distance </wordcount>
    <wordcount weight="8" > endemism </wordcount>
    <wordcount weight="8" > while </wordcount>
    <wordcount weight="8" > e </wordcount>
    <wordcount weight="8" > presented </wordcount>
    <wordcount weight="8" > galapagos </wordcount>
    <wordcount weight="8" > proportion </wordcount>
    <wordcount weight="8" > cunha </wordcount>
    <wordcount weight="8" > ability </wordcount>
    <wordcount weight="8" > element </wordcount>
    <wordcount weight="8" > occur </wordcount>
    <wordcount weight="7" > f </wordcount>
    <wordcount weight="7" > bull </wordcount>
    <wordcount weight="7" > c </wordcount>
    <wordcount weight="7" > dispersibility </wordcount>
    <wordcount weight="7" > cocos </wordcount>
    <wordcount weight="7" > narrowly </wordcount>
    <wordcount weight="7" > capacity </wordcount>
    <wordcount weight="7" > data </wordcount>
    <wordcount weight="7" > although </wordcount>
    <wordcount weight="7" > migrate </wordcount>
    <wordcount weight="7" > relations </wordcount>
    <wordcount weight="7" > effective </wordcount>
    <wordcount weight="6" > one </wordcount>
    <wordcount weight="6" > single </wordcount>
    <wordcount weight="6" > wide </wordcount>
    <wordcount weight="6" > different </wordcount>
    <wordcount weight="6" > two </wordcount>
    <wordcount weight="6" > evolution </wordcount>
    <wordcount weight="6" > continental </wordcount>
    <wordcount weight="6" > readily </wordcount>
    <wordcount weight="6" > speciation </wordcount>
    <wordcount weight="6" > areas </wordcount>
    <wordcount weight="6" > p </wordcount>
    <wordcount weight="6" > zealand </wordcount>
    <wordcount weight="6" > better </wordcount>
    <wordcount weight="6" > less </wordcount>
    <wordcount weight="6" > number </wordcount>
    <wordcount weight="6" > only </wordcount>
    <wordcount weight="6" > so </wordcount>
    <wordcount weight="6" > distances </wordcount>
    <wordcount weight="6" > among </wordcount>
    <wordcount weight="6" > society </wordcount>
    <wordcount weight="5" > winds </wordcount>
    <wordcount weight="5" > bernice </wordcount>
    <wordcount weight="5" > r </wordcount>
    <wordcount weight="5" > south </wordcount>
    <wordcount weight="5" > l </wordcount>
    <wordcount weight="5" > univ </wordcount>
    <wordcount weight="5" > adapted </wordcount>
    <wordcount weight="5" > air </wordcount>
    <wordcount weight="5" > dispersed </wordcount>
    <wordcount weight="5" > must </wordcount>
    <wordcount weight="5" > evolve </wordcount>
    <wordcount weight="5" > press </wordcount>
    <wordcount weight="5" > endemic </wordcount>
    <wordcount weight="5" > over </wordcount>
    <wordcount weight="5" > j </wordcount>
    <wordcount weight="5" > paper </wordcount>
    <wordcount weight="5" > differences </wordcount>
    <wordcount weight="5" > them </wordcount>
    <wordcount weight="5" > population </wordcount>
    <wordcount weight="5" > distribution </wordcount>
    <wordcount weight="5" > gough </wordcount>
    <wordcount weight="5" > upon </wordcount>
    <wordcount weight="5" > range </wordcount>
    <wordcount weight="5" > establishment </wordcount>
    <wordcount weight="5" > its </wordcount>
    <wordcount weight="5" > bishop </wordcount>
    <wordcount weight="5" > migrators </wordcount>
    <wordcount weight="5" > bot </wordcount>
    <wordcount weight="5" > development </wordcount>
    <wordcount weight="5" > since </wordcount>
    <wordcount weight="5" > occurs </wordcount>
    <wordcount weight="5" > archipelago </wordcount>
    <wordcount weight="5" > several </wordcount>
    <wordcount weight="5" > relation </wordcount>
    <wordcount weight="5" > d </wordcount>
    <wordcount weight="5" > sci </wordcount>
    <wordcount weight="5" > those </wordcount>
    <wordcount weight="5" > equivalent </wordcount>
    <wordcount weight="5" > strong </wordcount>
    <wordcount weight="5" > ca </wordcount>
    <wordcount weight="4" > likely </wordcount>
    <wordcount weight="4" > figure </wordcount>
    <wordcount weight="4" > square </wordcount>
    <wordcount weight="4" > tropical </wordcount>
    <wordcount weight="4" > represented </wordcount>
    <wordcount weight="4" > b </wordcount>
    <wordcount weight="4" > large </wordcount>
    <wordcount weight="4" > mus </wordcount>
    <wordcount weight="4" > selection </wordcount>
    <wordcount weight="4" > h </wordcount>
    <wordcount weight="4" > immigrant </wordcount>
    <wordcount weight="4" > under </wordcount>
    <wordcount weight="4" > considered </wordcount>
    <wordcount weight="4" > established </wordcount>
    <wordcount weight="4" > continents </wordcount>
    <wordcount weight="4" > no </wordcount>
    <wordcount weight="4" > long </wordcount>
    <wordcount weight="4" > pteridophytes </wordcount>
    <wordcount weight="4" > important </wordcount>
    <wordcount weight="4" > nearest </wordcount>
    <wordcount weight="4" > many </wordcount>
    <wordcount weight="4" > based </wordcount>
    <wordcount weight="4" > could </wordcount>
    <wordcount weight="4" > advantage </wordcount>
    <wordcount weight="4" > larger </wordcount>
    <wordcount weight="4" > madeira </wordcount>
    <wordcount weight="4" > very </wordcount>
    <wordcount weight="4" > fernandez </wordcount>
    <wordcount weight="4" > such </wordcount>
    <wordcount weight="4" > limited </wordcount>
    <wordcount weight="4" > do </wordcount>
    <wordcount weight="4" > where </wordcount>
    <wordcount weight="4" > u </wordcount>
    <wordcount weight="4" > degree </wordcount>
    <wordcount weight="4" > viability </wordcount>
    <wordcount weight="4" > including </wordcount>
    <wordcount weight="4" > whole </wordcount>
    <wordcount weight="4" > target </wordcount>
    <wordcount weight="4" > oceanic </wordcount>
    <wordcount weight="4" > fiji </wordcount>
    <wordcount weight="4" > conditions </wordcount>
    <wordcount weight="4" > g </wordcount>
    <wordcount weight="4" > relatively </wordcount>
    <wordcount weight="4" > plant </wordcount>
    <wordcount weight="4" > barrier </wordcount>
    <wordcount weight="4" > provides </wordcount>
    <wordcount weight="4" > sufficient </wordcount>
    <wordcount weight="4" > few </wordcount>
    <wordcount weight="4" > through </wordcount>
    <wordcount weight="3" > higher </wordcount>
    <wordcount weight="3" > does </wordcount>
    <wordcount weight="3" > waif </wordcount>
    <wordcount weight="3" > without </wordcount>
    <wordcount weight="3" > rather </wordcount>
    <wordcount weight="3" > if </wordcount>
    <wordcount weight="3" > groups </wordcount>
    <wordcount weight="3" > environmental </wordcount>
    <wordcount weight="3" > widespread </wordcount>
    <wordcount weight="3" > process </wordcount>
    <wordcount weight="3" > opportunity </wordcount>
    <wordcount weight="3" > opportunities </wordcount>
    <wordcount weight="3" > juan </wordcount>
    <wordcount weight="3" > rapa </wordcount>
    <wordcount weight="3" > distant </wordcount>
    <wordcount weight="3" > angiosperm </wordcount>
    <wordcount weight="3" > ones </wordcount>
    <wordcount weight="3" > when </wordcount>
    <wordcount weight="3" > involve </wordcount>
    <wordcount weight="3" > dominate </wordcount>
    <wordcount weight="3" > absence </wordcount>
    <wordcount weight="3" > w </wordcount>
    <wordcount weight="3" > beyond </wordcount>
    <wordcount weight="3" > mauritius </wordcount>
    <wordcount weight="3" > hawaiian </wordcount>
    <wordcount weight="3" > time </wordcount>
    <wordcount weight="3" > reunion </wordcount>
    <wordcount weight="3" > pteridophyta </wordcount>
    <wordcount weight="3" > i </wordcount>
    <wordcount weight="3" > there </wordcount>
    <wordcount weight="3" > closest </wordcount>
    <wordcount weight="3" > biogeography </wordcount>
    <wordcount weight="3" > present </wordcount>
    <wordcount weight="3" > within </wordcount>
    <wordcount weight="3" > cannot </wordcount>
    <wordcount weight="3" > plants </wordcount>
    <wordcount weight="3" > rarotonga </wordcount>
    <wordcount weight="3" > america </wordcount>
    <wordcount weight="3" > aspects </wordcount>
    <wordcount weight="3" > well </wordcount>
    <wordcount weight="3" > micra </wordcount>
    <wordcount weight="3" > cyatheaceae </wordcount>
    <wordcount weight="3" > prevailing </wordcount>
    <wordcount weight="3" > des </wordcount>
    <wordcount weight="3" > examples </wordcount>
    <wordcount weight="3" > archipelagos </wordcount>
    <wordcount weight="3" > proportions </wordcount>
    <wordcount weight="3" > confined </wordcount>
    <wordcount weight="3" > variability </wordcount>
    <wordcount weight="3" > significant </wordcount>
    <wordcount weight="3" > samoa </wordcount>
    <wordcount weight="3" > place </wordcount>
    <wordcount weight="3" > phenotype </wordcount>
    <wordcount weight="3" > partly </wordcount>
    <wordcount weight="3" > tryon </wordcount>
    <wordcount weight="3" > similar </wordcount>
    <wordcount weight="3" > biotropica </wordcount>
    <wordcount weight="3" > feature </wordcount>
    <wordcount weight="3" > interest </wordcount>
    <wordcount weight="3" > correlated </wordcount>
    <wordcount weight="3" > smaller </wordcount>
    <wordcount weight="3" > suggest </wordcount>
    <wordcount weight="3" > elements </wordcount>
    <wordcount weight="3" > problems </wordcount>
    <wordcount weight="3" > systems </wordcount>
    <wordcount weight="3" > evolutionary </wordcount>
    <wordcount weight="3" > viable </wordcount>
    <wordcount weight="3" > effect </wordcount>
    <wordcount weight="3" > pitcairn </wordcount>
    <wordcount weight="2" > frequent </wordcount>
    <wordcount weight="2" > carried </wordcount>
    <wordcount weight="2" > honolulu </wordcount>
    <wordcount weight="2" > poor </wordcount>
    <wordcount weight="2" > mostly </wordcount>
    <wordcount weight="2" > o </wordcount>
    <wordcount weight="2" > proc </wordcount>
    <wordcount weight="2" > minor </wordcount>
    <wordcount weight="2" > particular </wordcount>
    <wordcount weight="2" > lesser </wordcount>
    <wordcount weight="2" > bring </wordcount>
    <wordcount weight="2" > five </wordcount>
    <wordcount weight="2" > remain </wordcount>
    <wordcount weight="2" > represent </wordcount>
    <wordcount weight="2" > expedition </wordcount>
    <wordcount weight="2" > reference </wordcount>
    <wordcount weight="2" > defined </wordcount>
    <wordcount weight="2" > trans </wordcount>
    <wordcount weight="2" > success </wordcount>
    <wordcount weight="2" > environments </wordcount>
    <wordcount weight="2" > poorer </wordcount>
    <wordcount weight="2" > garden </wordcount>
    <wordcount weight="2" > falkland </wordcount>
    <wordcount weight="2" > wilson </wordcount>
    <wordcount weight="2" > wind </wordcount>
    <wordcount weight="2" > speciesa </wordcount>
    <wordcount weight="2" > reception </wordcount>
    <wordcount weight="2" > direction </wordcount>
    <wordcount weight="2" > special </wordcount>
    <wordcount weight="2" > tend </wordcount>
    <wordcount weight="2" > support </wordcount>
    <wordcount weight="2" > means </wordcount>
    <wordcount weight="2" > studies </wordcount>
    <wordcount weight="2" > selective </wordcount>
    <wordcount weight="2" > position </wordcount>
    <wordcount weight="2" > favorable </wordcount>
    <wordcount weight="2" > reflects </wordcount>
    <wordcount weight="2" > history </wordcount>
    <wordcount weight="2" > into </wordcount>
    <wordcount weight="2" > clearly </wordcount>
    <wordcount weight="2" > positively </wordcount>
    <wordcount weight="2" > same </wordcount>
    <wordcount weight="2" > lord </wordcount>
    <wordcount weight="2" > gradually </wordcount>
    <wordcount weight="2" > azores </wordcount>
    <wordcount weight="2" > series </wordcount>
    <wordcount weight="2" > conclusion </wordcount>
    <wordcount weight="2" > princeton </wordcount>
    <wordcount weight="2" > lower </wordcount>
    <wordcount weight="2" > increasingly </wordcount>
    <wordcount weight="2" > first </wordcount>
    <wordcount weight="2" > shorter </wordcount>
    <wordcount weight="2" > n </wordcount>
    <wordcount weight="2" > indicate </wordcount>
    <wordcount weight="2" > sources </wordcount>
    <wordcount weight="2" > comprising </wordcount>
    <wordcount weight="2" > ii </wordcount>
    <wordcount weight="2" > suggested </wordcount>
    <wordcount weight="2" > natural </wordcount>
    <wordcount weight="2" > central </wordcount>
    <wordcount weight="2" > water </wordcount>
    <wordcount weight="2" > each </wordcount>
    <wordcount weight="2" > greater </wordcount>
    <wordcount weight="2" > seems </wordcount>
    <wordcount weight="2" > georgia </wordcount>
    <wordcount weight="2" > s </wordcount>
    <wordcount weight="2" > limit </wordcount>
    <wordcount weight="2" > allow </wordcount>
    <wordcount weight="2" > broadly </wordcount>
    <wordcount weight="2" > genus </wordcount>
    <wordcount weight="2" > relating </wordcount>
    <wordcount weight="2" > adaptability </wordcount>
    <wordcount weight="2" > farther </wordcount>
    <wordcount weight="2" > brazil </wordcount>
    <wordcount weight="2" > gray </wordcount>
    <wordcount weight="2" > m </wordcount>
    <wordcount weight="2" > biota </wordcount>
    <wordcount weight="2" > take </wordcount>
    <wordcount weight="2" > historical </wordcount>
    <wordcount weight="2" > discussed </wordcount>
    <wordcount weight="2" > pteridophyte </wordcount>
    <wordcount weight="2" > adaptation </wordcount>
    <wordcount weight="2" > canary </wordcount>
    <wordcount weight="2" > further </wordcount>
    <wordcount weight="2" > precisely </wordcount>
    <wordcount weight="2" > v </wordcount>
    <wordcount weight="2" > raised </wordcount>
    <wordcount weight="2" > principal </wordcount>
    <wordcount weight="2" > equal </wordcount>
    <wordcount weight="2" > context </wordcount>
    <wordcount weight="2" > papers </wordcount>
    <wordcount weight="2" > selected </wordcount>
    <wordcount weight="2" > calif </wordcount>
    <wordcount weight="2" > thin </wordcount>
    <wordcount weight="2" > maintain </wordcount>
    <wordcount weight="2" > botanical </wordcount>
    <wordcount weight="2" > pliocene </wordcount>
    <wordcount weight="2" > hamilton </wordcount>
    <wordcount weight="2" > st </wordcount>
    <wordcount weight="2" > possibility </wordcount>
    <wordcount weight="2" > brit </wordcount>
    <wordcount weight="2" > original </wordcount>
    <wordcount weight="2" > suggests </wordcount>
    <wordcount weight="2" > open </wordcount>
    <wordcount weight="2" > effectiveness </wordcount>
    <wordcount weight="2" > infrequent </wordcount>
    <wordcount weight="2" > baker </wordcount>
    <wordcount weight="2" > concept </wordcount>
    <wordcount weight="2" > west </wordcount>
    <wordcount weight="2" > part </wordcount>
    <wordcount weight="2" > x </wordcount>
    <wordcount weight="2" > manual </wordcount>
    <wordcount weight="2" > atmospheric </wordcount>
    <wordcount weight="2" > correlation </wordcount>
    <wordcount weight="2" > broad </wordcount>
    <wordcount weight="2" > processes </wordcount>
    <wordcount weight="2" > rare </wordcount>
    <wordcount weight="2" > torrey </wordcount>
    <wordcount weight="2" > thus </wordcount>
    <wordcount weight="2" > transported </wordcount>
    <wordcount weight="2" > were </wordcount>
    <wordcount weight="2" > previous </wordcount>
    <wordcount weight="2" > kermadec </wordcount>
    <wordcount weight="2" > shown </wordcount>
    <wordcount weight="2" > de </wordcount>
    <wordcount weight="2" > due </wordcount>
    <wordcount weight="2" > genotype </wordcount>
    <wordcount weight="2" > characteristic </wordcount>
    <wordcount weight="2" > least </wordcount>
    <wordcount weight="2" > symposium </wordcount>
    <wordcount weight="2" > successful </wordcount>
    <wordcount weight="2" > change </wordcount>
    <wordcount weight="2" > period </wordcount>
    <wordcount weight="2" > effects </wordcount>
    <wordcount weight="2" > easter </wordcount>
    <wordcount weight="2" > after </wordcount>
    <wordcount weight="2" > phenotypes </wordcount>
    <wordcount weight="2" > hawaii </wordcount>
    <wordcount weight="2" > cases </wordcount>
    <wordcount weight="2" > immigrants </wordcount>
    <wordcount weight="2" > characteristics </wordcount>
    <wordcount weight="2" > especially </wordcount>
    <wordcount weight="2" > rr </wordcount>
    <wordcount weight="2" > potential </wordcount>
    <wordcount weight="2" > vascular </wordcount>
    <wordcount weight="2" > significantly </wordcount>
    <wordcount weight="2" > ser </wordcount>
    <wordcount weight="2" > club </wordcount>
    <wordcount weight="2" > early </wordcount>
    <wordcount weight="2" > up </wordcount>
    <wordcount weight="2" > probably </wordcount>
    <wordcount weight="2" > geographically </wordcount>
    <wordcount weight="2" > differ </wordcount>
    <wordcount weight="2" > dominance </wordcount>
    <wordcount weight="2" > dependent </wordcount>
    <wordcount weight="2" > much </wordcount>
    <wordcount weight="2" > eriosorus </wordcount>
    <wordcount weight="2" > southeastern </wordcount>
    <wordcount weight="2" > major </wordcount>
    <wordcount weight="2" > mas </wordcount>
    <wordcount weight="2" > walls </wordcount>
    <wordcount weight="2" > hypothesis </wordcount>
    <wordcount weight="1" > speciesb </wordcount>
    <wordcount weight="1" > uncommon </wordcount>
    <wordcount weight="1" > operation </wordcount>
    <wordcount weight="1" > therefore </wordcount>
    <wordcount weight="1" > vasculaires </wordcount>
    <wordcount weight="1" > notul </wordcount>
    <wordcount weight="1" > habitats </wordcount>
    <wordcount weight="1" > york </wordcount>
    <wordcount weight="1" > insects </wordcount>
    <wordcount weight="1" > thcse </wordcount>
    <wordcount weight="1" > africa </wordcount>
    <wordcount weight="1" > devclopment </wordcount>
    <wordcount weight="1" > various </wordcount>
    <wordcount weight="1" > buffer </wordcount>
    <wordcount weight="1" > collected </wordcount>
    <wordcount weight="1" > oin </wordcount>
    <wordcount weight="1" > requirement </wordcount>
    <wordcount weight="1" > sometimes </wordcount>
    <wordcount weight="1" > populations </wordcount>
    <wordcount weight="1" > chance </wordcount>
    <wordcount weight="1" > usually </wordcount>
    <wordcount weight="1" > growth </wordcount>
    <wordcount weight="1" > main </wordcount>
    <wordcount weight="1" > examine </wordcount>
    <wordcount weight="1" > result </wordcount>
    <wordcount weight="1" > ea </wordcount>
    <wordcount weight="1" > adapt </wordcount>
    <wordcount weight="1" > tryonto </wordcount>
    <wordcount weight="1" > museum </wordcount>
    <wordcount weight="1" > critical </wordcount>
    <wordcount weight="1" > might </wordcount>
    <wordcount weight="1" > berkeley </wordcount>
    <wordcount weight="1" > helechos </wordcount>
    <wordcount weight="1" > harris </wordcount>
    <wordcount weight="1" > exception </wordcount>
    <wordcount weight="1" > becomes </wordcount>
    <wordcount weight="1" > implies </wordcount>
    <wordcount weight="1" > referred </wordcount>
    <wordcount weight="1" > who </wordcount>
    <wordcount weight="1" > previotus </wordcount>
    <wordcount weight="1" > nijhoff </wordcount>
    <wordcount weight="1" > deposit </wordcount>
    <wordcount weight="1" > still </wordcount>
    <wordcount weight="1" > fossil </wordcount>
    <wordcount weight="1" > considerably </wordcount>
    <wordcount weight="1" > sandwich </wordcount>
    <wordcount weight="1" > indicates </wordcount>
    <wordcount weight="1" > sponsored </wordcount>
    <wordcount weight="1" > contribution </wordcount>
    <wordcount weight="1" > importance </wordcount>
    <wordcount weight="1" > certain </wordcount>
    <wordcount weight="1" > galap </wordcount>
    <wordcount weight="1" > la </wordcount>
    <wordcount weight="1" > southern </wordcount>
    <wordcount weight="1" > secluded </wordcount>
    <wordcount weight="1" > class </wordcount>
    <wordcount weight="1" > kinds </wordcount>
    <wordcount weight="1" > study </wordcount>
    <wordcount weight="1" > often </wordcount>
    <wordcount weight="1" > cyathea </wordcount>
    <wordcount weight="1" > ample </wordcount>
    <wordcount weight="1" > verde </wordcount>
    <wordcount weight="1" > herbarium </wordcount>
    <wordcount weight="1" > biological </wordcount>
    <wordcount weight="1" > agron </wordcount>
    <wordcount weight="1" > picked </wordcount>
    <wordcount weight="1" > ilha </wordcount>
    <wordcount weight="1" > once </wordcount>
    <wordcount weight="1" > control </wordcount>
    <wordcount weight="1" > see </wordcount>
    <wordcount weight="1" > live </wordcount>
    <wordcount weight="1" > howe </wordcount>
    <wordcount weight="1" > bsource </wordcount>
    <wordcount weight="1" > blumea </wordcount>
    <wordcount weight="1" > months </wordcount>
    <wordcount weight="1" > hook </wordcount>
    <wordcount weight="1" > modern </wordcount>
    <wordcount weight="1" > examined </wordcount>
    <wordcount weight="1" > regalis </wordcount>
    <wordcount weight="1" > fit </wordcount>
    <wordcount weight="1" > trindade </wordcount>
    <wordcount weight="1" > pressures </wordcount>
    <wordcount weight="1" > easily </wordcount>
    <wordcount weight="1" > auistralia </wordcount>
    <wordcount weight="1" > discriminate </wordcount>
    <wordcount weight="1" > case </wordcount>
    <wordcount weight="1" > partictularly </wordcount>
    <wordcount weight="1" > t </wordcount>
    <wordcount weight="1" > disctussed </wordcount>
    <wordcount weight="1" > susan </wordcount>
    <wordcount weight="1" > rigorous </wordcount>
    <wordcount weight="1" > distribtutions </wordcount>
    <wordcount weight="1" > novae </wordcount>
    <wordcount weight="1" > filicopsida </wordcount>
    <wordcount weight="1" > chatham </wordcount>
    <wordcount weight="1" > biology </wordcount>
    <wordcount weight="1" > feuerlande </wordcount>
    <wordcount weight="1" > restricted </wordcount>
    <wordcount weight="1" > university </wordcount>
    <wordcount weight="1" > consider </wordcount>
    <wordcount weight="1" > holttum </wordcount>
    <wordcount weight="1" > palaeoclimatol </wordcount>
    <wordcount weight="1" > lusit </wordcount>
    <wordcount weight="1" > detail </wordcount>
    <wordcount weight="1" > selecfern </wordcount>
    <wordcount weight="1" > fougeres </wordcount>
    <wordcount weight="1" > biogeographic </wordcount>
    <wordcount weight="1" > differentiated </wordcount>
    <wordcount weight="1" > royal </wordcount>
    <wordcount weight="1" > syst </wordcount>
    <wordcount weight="1" > cholorophyll </wordcount>
    <wordcount weight="1" > rufescens </wordcount>
    <wordcount weight="1" > dispcrsed </wordcount>
    <wordcount weight="1" > rarely </wordcount>
    <wordcount weight="1" > then </wordcount>
    <wordcount weight="1" > botanische </wordcount>
    <wordcount weight="1" > section </wordcount>
    <wordcount weight="1" > cheilainthoides </wordcount>
    <wordcount weight="1" > growing </wordcount>
    <wordcount weight="1" > numbers </wordcount>
    <wordcount weight="1" > widea </wordcount>
    <wordcount weight="1" > res </wordcount>
    <wordcount weight="1" > chief </wordcount>
    <wordcount weight="1" > occturs </wordcount>
    <wordcount weight="1" > seychelles </wordcount>
    <wordcount weight="1" > loincagraninia </wordcount>
    <wordcount weight="1" > age </wordcount>
    <wordcount weight="1" > orientation </wordcount>
    <wordcount weight="1" > four </wordcount>
    <wordcount weight="1" > reports </wordcount>
    <wordcount weight="1" > demonstrate </wordcount>
    <wordcount weight="1" > congress </wordcount>
    <wordcount weight="1" > zimmerman </wordcount>
    <wordcount weight="1" > came </wordcount>
    <wordcount weight="1" > consistent </wordcount>
    <wordcount weight="1" > arb </wordcount>
    <wordcount weight="1" > theme </wordcount>
    <wordcount weight="1" > precise </wordcount>
    <wordcount weight="1" > thousand </wordcount>
    <wordcount weight="1" > published </wordcount>
    <wordcount weight="1" > les </wordcount>
    <wordcount weight="1" > useful </wordcount>
    <wordcount weight="1" > biotas </wordcount>
    <wordcount weight="1" > supported </wordcount>
    <wordcount weight="1" > isla </wordcount>
    <wordcount weight="1" > attribtutes </wordcount>
    <wordcount weight="1" > verdoorn </wordcount>
    <wordcount weight="1" > members </wordcount>
    <wordcount weight="1" > genotypes </wordcount>
    <wordcount weight="1" > june </wordcount>
    <wordcount weight="1" > rp </wordcount>
    <wordcount weight="1" > successfully </wordcount>
    <wordcount weight="1" > westward </wordcount>
    <wordcount weight="1" > indomalayan </wordcount>
    <wordcount weight="1" > der </wordcount>
    <wordcount weight="1" > nova </wordcount>
    <wordcount weight="1" > coincide </wordcount>
    <wordcount weight="1" > toward </wordcount>
    <wordcount weight="1" > genecology </wordcount>
    <wordcount weight="1" > others </wordcount>
    <wordcount weight="1" > regimen </wordcount>
    <wordcount weight="1" > martinus </wordcount>
    <wordcount weight="1" > view </wordcount>
    <wordcount weight="1" > appear </wordcount>
    <wordcount weight="1" > turbulent </wordcount>
    <wordcount weight="1" > promote </wordcount>
    <wordcount weight="1" > nach </wordcount>
    <wordcount weight="1" > ranges </wordcount>
    <wordcount weight="1" > narrow </wordcount>
    <wordcount weight="1" > nature </wordcount>
    <wordcount weight="1" > labill </wordcount>
    <wordcount weight="1" > extrapolated </wordcount>
    <wordcount weight="1" > closely </wordcount>
    <wordcount weight="1" > instularity </wordcount>
    <wordcount weight="1" > my </wordcount>
    <wordcount weight="1" > instular </wordcount>
    <wordcount weight="1" > tc </wordcount>
    <wordcount weight="1" > fact </wordcount>
    <wordcount weight="1" > shows </wordcount>
    <wordcount weight="1" > expose </wordcount>
    <wordcount weight="1" > longer </wordcount>
    <wordcount weight="1" > possibilities </wordcount>
    <wordcount weight="1" > lack </wordcount>
    <wordcount weight="1" > disperse </wordcount>
    <wordcount weight="1" > seem </wordcount>
    <wordcount weight="1" > location </wordcount>
    <wordcount weight="1" > available </wordcount>
    <wordcount weight="1" > filicineas </wordcount>
    <wordcount weight="1" > altering </wordcount>
    <wordcount weight="1" > best </wordcount>
    <wordcount weight="1" > occurrence </wordcount>
    <wordcount weight="1" > belong </wordcount>
    <wordcount weight="1" > biol </wordcount>
    <wordcount weight="1" > lessen </wordcount>
    <wordcount weight="1" > indies </wordcount>
    <wordcount weight="1" > governed </wordcount>
    <wordcount weight="1" > basin </wordcount>
    <wordcount weight="1" > great </wordcount>
    <wordcount weight="1" > agree </wordcount>
    <wordcount weight="1" > strength </wordcount>
    <wordcount weight="1" > abstract </wordcount>
    <wordcount weight="1" > developed </wordcount>
    <wordcount weight="1" > total </wordcount>
    <wordcount weight="1" > xeric </wordcount>
    <wordcount weight="1" > thew </wordcount>
    <wordcount weight="1" > seven </wordcount>
    <wordcount weight="1" > come </wordcount>
    <wordcount weight="1" > humid </wordcount>
    <wordcount weight="1" > ctunha </wordcount>
    <wordcount weight="1" > true </wordcount>
    <wordcount weight="1" > richer </wordcount>
    <wordcount weight="1" > enhancing </wordcount>
    <wordcount weight="1" > germination </wordcount>
    <wordcount weight="1" > hundred </wordcount>
    <wordcount weight="1" > polynesian </wordcount>
    <wordcount weight="1" > madagascar </wordcount>
    <wordcount weight="1" > events </wordcount>
    <wordcount weight="1" > relate </wordcount>
    <wordcount weight="1" > near </wordcount>
    <wordcount weight="1" > chlorophyllous </wordcount>
    <wordcount weight="1" > substantially </wordcount>
    <wordcount weight="1" > doubt </wordcount>
    <wordcount weight="1" > variation </wordcount>
    <wordcount weight="1" > survey </wordcount>
    <wordcount weight="1" > distributions </wordcount>
    <wordcount weight="1" > tryonenvironment </wordcount>
    <wordcount weight="1" > chlorophyll </wordcount>
    <wordcount weight="1" > elsewhere </wordcount>
    <wordcount weight="1" > patagonien </wordcount>
    <wordcount weight="1" > dem </wordcount>
    <wordcount weight="1" > type </wordcount>
    <wordcount weight="1" > vegetation </wordcount>
    <wordcount weight="1" > respect </wordcount>
    <wordcount weight="1" > evident </wordcount>
    <wordcount weight="1" > ages </wordcount>
    <wordcount weight="1" > catalogue </wordcount>
    <wordcount weight="1" > publ </wordcount>
    <wordcount weight="1" > ergebnisse </wordcount>
    <wordcount weight="1" > flor </wordcount>
    <wordcount weight="1" > lovis </wordcount>
    <wordcount weight="1" > ninety </wordcount>
    <wordcount weight="1" > puerto </wordcount>
    <wordcount weight="1" > unlikely </wordcount>
    <wordcount weight="1" > lacking </wordcount>
    <wordcount weight="1" > somewhat </wordcount>
    <wordcount weight="1" > ecology </wordcount>
    <wordcount weight="1" > genera </wordcount>
    <wordcount weight="1" > derivation </wordcount>
    <wordcount weight="1" > literature </wordcount>
    <wordcount weight="1" > notable </wordcount>
    <wordcount weight="1" > rea </wordcount>
    <wordcount weight="1" > prominent </wordcount>
    <wordcount weight="1" > month </wordcount>
    <wordcount weight="1" > combined </wordcount>
    <wordcount weight="1" > report </wordcount>
    <wordcount weight="1" > establish </wordcount>
    <wordcount weight="1" > whether </wordcount>
    <wordcount weight="1" > vulnerable </wordcount>
    <wordcount weight="1" > similarities </wordcount>
    <wordcount weight="1" > form </wordcount>
    <wordcount weight="1" > depends </wordcount>
    <wordcount weight="1" > monograph </wordcount>
    <wordcount weight="1" > meet </wordcount>
    <wordcount weight="1" > td </wordcount>
    <wordcount weight="1" > itudes </wordcount>
    <wordcount weight="1" > excellent </wordcount>
    <wordcount weight="1" > macarthur </wordcount>
    <wordcount weight="1" > nearby </wordcount>
    <wordcount weight="1" > pteridology </wordcount>
    <wordcount weight="1" > placed </wordcount>
    <wordcount weight="1" > existence </wordcount>
    <wordcount weight="1" > afuera </wordcount>
    <wordcount weight="1" > assortment </wordcount>
    <wordcount weight="1" > contrasting </wordcount>
    <wordcount weight="1" > iii </wordcount>
    <wordcount weight="1" > explain </wordcount>
    <wordcount weight="1" > theory </wordcount>
    <wordcount weight="1" > eastern </wordcount>
    <wordcount weight="1" > unnecessary </wordcount>
    <wordcount weight="1" > frequency </wordcount>
    <wordcount weight="1" > onocleoid </wordcount>
    <wordcount weight="1" > industr </wordcount>
    <wordcount weight="1" > mayagiez </wordcount>
    <wordcount weight="1" > osmunda </wordcount>
    <wordcount weight="1" > assemblage </wordcount>
    <wordcount weight="1" > objccts </wordcount>
    <wordcount weight="1" > iv </wordcount>
    <wordcount weight="1" > abbreviations </wordcount>
    <wordcount weight="1" > linn </wordcount>
    <wordcount weight="1" > paleogeography </wordcount>
    <wordcount weight="1" > another </wordcount>
    <wordcount weight="1" > influenced </wordcount>
    <wordcount weight="1" > account </wordcount>
    <wordcount weight="1" > vh </wordcount>
    <wordcount weight="1" > views </wordcount>
    <wordcount weight="1" > basis </wordcount>
    <wordcount weight="1" > protected </wordcount>
    <wordcount weight="1" > compelling </wordcount>
    <wordcount weight="1" > specics </wordcount>
    <wordcount weight="1" > arq </wordcount>
    <wordcount weight="1" > contain </wordcount>
    <wordcount weight="1" > revista </wordcount>
    <wordcount weight="1" > condition </wordcount>
    <wordcount weight="1" > discussion </wordcount>
    <wordcount weight="1" > slight </wordcount>
    <wordcount weight="1" > dzstributed </wordcount>
    <wordcount weight="1" > establishing </wordcount>
    <wordcount weight="1" > implement </wordcount>
    <wordcount weight="1" > background </wordcount>
    <wordcount weight="1" > received </wordcount>
    <wordcount weight="1" > phenomena </wordcount>
    <wordcount weight="1" > comprise </wordcount>
    <wordcount weight="1" > leafl </wordcount>
    <wordcount weight="1" > tool </wordcount>
    <wordcount weight="1" > contr </wordcount>
    <wordcount weight="1" > greene </wordcount>
    <wordcount weight="1" > los </wordcount>
    <wordcount weight="1" > areab </wordcount>
    <wordcount weight="1" > rolla </wordcount>
    <wordcount weight="1" > limitations </wordcount>
    <wordcount weight="1" > serpens </wordcount>
    <wordcount weight="1" > determined </wordcount>
    <wordcount weight="1" > sland </wordcount>
    <wordcount weight="1" > disadvantage </wordcount>
    <wordcount weight="1" > region </wordcount>
    <wordcount weight="1" > wotuld </wordcount>
    <wordcount weight="1" > brought </wordcount>
    <wordcount weight="1" > copeland </wordcount>
    <wordcount weight="1" > schizaea </wordcount>
    <wordcount weight="1" > point </wordcount>
    <wordcount weight="1" > antarctica </wordcount>
    <wordcount weight="1" > except </wordcount>
    <wordcount weight="1" > degrees </wordcount>
    <wordcount weight="1" > decisive </wordcount>
    <wordcount weight="1" > flrao </wordcount>
    <wordcount weight="1" > exchanges </wordcount>
    <wordcount weight="1" > pairs </wordcount>
    <wordcount weight="1" > example </wordcount>
    <wordcount weight="1" > sixth </wordcount>
    <wordcount weight="1" > soc </wordcount>
    <wordcount weight="1" > apparent </wordcount>
    <wordcount weight="1" > replicating </wordcount>
    <wordcount weight="1" > role </wordcount>
    <wordcount weight="1" > sadleriz </wordcount>
    <wordcount weight="1" > existing </wordcount>
    <wordcount weight="1" > terms </wordcount>
    <wordcount weight="1" > galaipagos </wordcount>
    <wordcount weight="1" > die </wordcount>
    <wordcount weight="1" > ten </wordcount>
    <wordcount weight="1" > geology </wordcount>
    <wordcount weight="1" > affinities </wordcount>
    <wordcount weight="1" > controlling </wordcount>
    <wordcount weight="1" > et </wordcount>
    <wordcount weight="1" > used </wordcount>
    <wordcount weight="1" > handl </wordcount>
    <wordcount weight="1" > smallcr </wordcount>
    <wordcount weight="1" > impassable </wordcount>
    <wordcount weight="1" > largely </wordcount>
    <wordcount weight="1" > operate </wordcount>
    <wordcount weight="1" > xu </wordcount>
    <wordcount weight="1" > terrestrial </wordcount>
    <wordcount weight="1" > botany </wordcount>
    <wordcount weight="1" > altitudes </wordcount>
    <wordcount weight="1" > harold </wordcount>
    <wordcount weight="1" > tunder </wordcount>
    <wordcount weight="1" > phenomenon </wordcount>
    <wordcount weight="1" > climatic </wordcount>
    <wordcount weight="1" > ocanc </wordcount>
    <wordcount weight="1" > world </wordcount>
    <wordcount weight="1" > exposed </wordcount>
    <wordcount weight="1" > harvard </wordcount>
    <wordcount weight="1" > representation </wordcount>
    <wordcount weight="1" > galapagois </wordcount>
    <wordcount weight="1" > aspect </wordcount>
    <wordcount weight="1" > skottsb </wordcount>
    <wordcount weight="1" > complcmcntary </wordcount>
    <wordcount weight="1" > schwedischen </wordcount>
    <wordcount weight="1" > london </wordcount>
    <wordcount weight="1" > recovery </wordcount>
    <wordcount weight="1" > auckland </wordcount>
    <wordcount weight="1" > longdistance </wordcount>
    <wordcount weight="1" > contrasts </wordcount>
    <wordcount weight="1" > individuals </wordcount>
    <wordcount weight="1" > relates </wordcount>
    <wordcount weight="1" > campus </wordcount>
    <wordcount weight="1" > review </wordcount>
    <wordcount weight="1" > revision </wordcount>
    <wordcount weight="1" > corollary </wordcount>
    <wordcount weight="1" > waifs </wordcount>
    <wordcount weight="1" > eight </wordcount>
    <wordcount weight="1" > completes </wordcount>
    <wordcount weight="1" > btut </wordcount>
    <wordcount weight="1" > bowman </wordcount>
    <wordcount weight="1" > polynesia </wordcount>
    <wordcount weight="1" > nevertheless </wordcount>
    <wordcount weight="1" > chile </wordcount>
    <wordcount weight="1" > tendency </wordcount>
    <wordcount weight="1" > project </wordcount>
    <wordcount weight="1" > palaeogeogr </wordcount>
    <wordcount weight="1" > immediate </wordcount>
    <wordcount weight="1" > groutp </wordcount>
    <wordcount weight="1" > dickson </wordcount>
    <wordcount weight="1" > low </wordcount>
    <wordcount weight="1" > both </wordcount>
    <wordcount weight="1" > strengthened </wordcount>
    <wordcount weight="1" > significance </wordcount>
    <wordcount weight="1" > accounted </wordcount>
    <wordcount weight="1" > hedwigia </wordcount>
    <wordcount weight="1" > similarity </wordcount>
    <wordcount weight="1" > finding </wordcount>
    <wordcount weight="1" > philos </wordcount>
    <wordcount weight="1" > against </wordcount>
    <wordcount weight="1" > applied </wordcount>
    <wordcount weight="1" > initially </wordcount>
    <wordcount weight="1" > either </wordcount>
    <wordcount weight="1" > norfolk </wordcount>
    <wordcount weight="1" > sensitivity </wordcount>
    <wordcount weight="1" > rept </wordcount>
    <wordcount weight="1" > definitely </wordcount>
    <wordcount weight="1" > muir </wordcount>
    <wordcount weight="1" > withotut </wordcount>
    <wordcount weight="1" > co </wordcount>
    <wordcount weight="1" > usuallv </wordcount>
    <wordcount weight="1" > pascua </wordcount>
    <wordcount weight="1" > held </wordcount>
    <wordcount weight="1" > veg </wordcount>
    <wordcount weight="1" > general </wordcount>
    <wordcount weight="1" > individual </wordcount>
    <wordcount weight="1" > antarct </wordcount>
    <wordcount weight="1" > heightened </wordcount>
    <wordcount weight="1" > palaeoecol </wordcount>
    <wordcount weight="1" > usa </wordcount>
    <wordcount weight="1" > kirk </wordcount>
    <wordcount weight="1" > angiosperms </wordcount>
    <wordcount weight="1" > jr </wordcount>
    <wordcount weight="1" > bounty </wordcount>
    <wordcount weight="1" > mount </wordcount>
    <wordcount weight="1" > features </wordcount>
    <wordcount weight="1" > expected </wordcount>
    <wordcount weight="1" > regular </wordcount>
    <wordcount weight="1" > attributes </wordcount>
    <wordcount weight="1" > obtained </wordcount>
    <wordcount weight="1" > helena </wordcount>
    <wordcount weight="1" > geographie </wordcount>
    <wordcount weight="1" > pyrrosia </wordcount>
    <wordcount weight="1" > fistulosa </wordcount>
    <wordcount weight="1" > quite </wordcount>
    <wordcount weight="1" > abundant </wordcount>
    <wordcount weight="1" > distinct </wordcount>
    <wordcount weight="1" > association </wordcount>
    <wordcount weight="1" > involved </wordcount>
    <wordcount weight="1" > increased </wordcount>
    <wordcount weight="1" > family </wordcount>
    <wordcount weight="1" > providing </wordcount>
    <wordcount weight="1" > relationship </wordcount>
    <wordcount weight="1" > inst </wordcount>
    <wordcount weight="1" > perspective </wordcount>
    <wordcount weight="1" > externa </wordcount>
    <wordcount weight="1" > hymenophyllurn </wordcount>
    <wordcount weight="1" > mascareignes </wordcount>
    <wordcount weight="1" > specific </wordcount>
    <wordcount weight="1" > random </wordcount>
    <wordcount weight="1" > amount </wordcount>
    <wordcount weight="1" > distributiontion </wordcount>
    <wordcount weight="1" > deterrent </wordcount>
    <wordcount weight="1" > ha </wordcount>
    <wordcount weight="1" > k </wordcount>
    <wordcount weight="1" > hague </wordcount>
    <wordcount weight="1" > grow </wordcount>
    <wordcount weight="1" > six </wordcount>
    <wordcount weight="1" > presence </wordcount>
    <wordcount weight="1" > become </wordcount>
    <wordcount weight="1" > massachusetts </wordcount>
    <wordcount weight="1" > suitable </wordcount>
    <wordcount weight="1" > essentially </wordcount>
    <wordcount weight="1" > cunhaa </wordcount>
    <wordcount weight="1" > herb </wordcount>
    <wordcount weight="1" > mesic </wordcount>
    <wordcount weight="1" > conclude </wordcount>
    <wordcount weight="1" > australasia </wordcount>
    <wordcount weight="1" > cook </wordcount>
    <wordcount weight="1" > seeds </wordcount>
    <wordcount weight="1" > svenska </wordcount>
    <wordcount weight="1" > agrees </wordcount>
    <wordcount weight="1" > dept </wordcount>
    <wordcount weight="1" > always </wordcount>
    <wordcount weight="1" > berteriana </wordcount>
    <wordcount weight="1" > nightingale </wordcount>
    <wordcount weight="1" > grammitid </wordcount>
    <wordcount weight="1" > ching </wordcount>
    <wordcount weight="1" > obscure </wordcount>
    <wordcount weight="1" > slightly </wordcount>
    <wordcount weight="1" > int </wordcount>
    <wordcount weight="1" > adaptations </wordcount>
    <wordcount weight="1" > inaccessible </wordcount>
    <wordcount weight="1" > northern </wordcount>
    <wordcount weight="1" > cape </wordcount>
    <wordcount weight="1" > und </wordcount>
    <wordcount weight="1" > mature </wordcount>
    <wordcount weight="1" > apparently </wordcount>
    <wordcount weight="1" > cstablished </wordcount>
    <wordcount weight="1" > comparable </wordcount>
    <wordcount weight="1" > here </wordcount>
    <wordcount weight="1" > recent </wordcount>
    <wordcount weight="1" > notes </wordcount>
    <wordcount weight="1" > relative </wordcount>
    <wordcount weight="1" > green </wordcount>
    <wordcount weight="1" > symp </wordcount>
    <wordcount weight="1" > arnold </wordcount>
    <wordcount weight="1" > should </wordcount>
    <wordcount weight="1" > adaptive </wordcount>
    <wordcount weight="1" > develop </wordcount>
    <wordcount weight="1" > islandsd </wordcount>
    <wordcount weight="1" > pronounced </wordcount>
    <wordcount weight="1" > tierra </wordcount>
    <wordcount weight="1" > generation </wordcount>
    <wordcount weight="1" > gressitt </wordcount>
    <wordcount weight="1" > borneo </wordcount>
    <wordcount weight="1" > uncertain </wordcount>
    <wordcount weight="1" > cryptogames </wordcount>
    <wordcount weight="1" > close </wordcount>
    <wordcount weight="1" > biogeographer </wordcount>
    <wordcount weight="1" > reducing </wordcount>
    <wordcount weight="1" > brown </wordcount>
    <wordcount weight="1" > cited </wordcount>
    <wordcount weight="1" > gaz </wordcount>
    <wordcount weight="1" > surv </wordcount>
    <wordcount weight="1" > lend </wordcount>
    <wordcount weight="1" > parks </wordcount>
</article>
