<?xml version="1.0" encoding="UTF-8"?>
<article id="10.2307/1931706" >
    <wordcount weight="82" > the </wordcount>
    <wordcount weight="72" > of </wordcount>
    <wordcount weight="37" > and </wordcount>
    <wordcount weight="26" > in </wordcount>
    <wordcount weight="18" > to </wordcount>
    <wordcount weight="15" > a </wordcount>
    <wordcount weight="14" > is </wordcount>
    <wordcount weight="12" > by </wordcount>
    <wordcount weight="10" > as </wordcount>
    <wordcount weight="9" > for </wordcount>
    <wordcount weight="9" > plant </wordcount>
    <wordcount weight="8" > with </wordcount>
    <wordcount weight="8" > that </wordcount>
    <wordcount weight="8" > are </wordcount>
    <wordcount weight="8" > chapters </wordcount>
    <wordcount weight="8" > on </wordcount>
    <wordcount weight="8" > be </wordcount>
    <wordcount weight="7" > two </wordcount>
    <wordcount weight="7" > genetic </wordcount>
    <wordcount weight="7" > have </wordcount>
    <wordcount weight="7" > an </wordcount>
    <wordcount weight="6" > taxonomy </wordcount>
    <wordcount weight="6" > analysis </wordcount>
    <wordcount weight="6" > from </wordcount>
    <wordcount weight="6" > variation </wordcount>
    <wordcount weight="6" > evolution </wordcount>
    <wordcount weight="6" > this </wordcount>
    <wordcount weight="6" > evolutionary </wordcount>
    <wordcount weight="5" > no </wordcount>
    <wordcount weight="5" > his </wordcount>
    <wordcount weight="5" > ecological </wordcount>
    <wordcount weight="5" > experimental </wordcount>
    <wordcount weight="5" > book </wordcount>
    <wordcount weight="5" > natural </wordcount>
    <wordcount weight="5" > concepts </wordcount>
    <wordcount weight="5" > plants </wordcount>
    <wordcount weight="5" > given </wordcount>
    <wordcount weight="4" > populations </wordcount>
    <wordcount weight="4" > their </wordcount>
    <wordcount weight="4" > stebbins </wordcount>
    <wordcount weight="4" > ecology </wordcount>
    <wordcount weight="4" > three </wordcount>
    <wordcount weight="4" > field </wordcount>
    <wordcount weight="3" > ecologists </wordcount>
    <wordcount weight="3" > been </wordcount>
    <wordcount weight="3" > selection </wordcount>
    <wordcount weight="3" > often </wordcount>
    <wordcount weight="3" > modern </wordcount>
    <wordcount weight="3" > must </wordcount>
    <wordcount weight="3" > most </wordcount>
    <wordcount weight="3" > first </wordcount>
    <wordcount weight="3" > more </wordcount>
    <wordcount weight="3" > books </wordcount>
    <wordcount weight="3" > well </wordcount>
    <wordcount weight="3" > work </wordcount>
    <wordcount weight="3" > these </wordcount>
    <wordcount weight="3" > reader </wordcount>
    <wordcount weight="3" > techniques </wordcount>
    <wordcount weight="3" > which </wordcount>
    <wordcount weight="3" > genetics </wordcount>
    <wordcount weight="3" > concept </wordcount>
    <wordcount weight="3" > research </wordcount>
    <wordcount weight="2" > at </wordcount>
    <wordcount weight="2" > it </wordcount>
    <wordcount weight="2" > he </wordcount>
    <wordcount weight="2" > synthesis </wordcount>
    <wordcount weight="2" > might </wordcount>
    <wordcount weight="2" > process </wordcount>
    <wordcount weight="2" > biosystematy </wordcount>
    <wordcount weight="2" > community </wordcount>
    <wordcount weight="2" > still </wordcount>
    <wordcount weight="2" > special </wordcount>
    <wordcount weight="2" > structural </wordcount>
    <wordcount weight="2" > study </wordcount>
    <wordcount weight="2" > ample </wordcount>
    <wordcount weight="2" > prime </wordcount>
    <wordcount weight="2" > reference </wordcount>
    <wordcount weight="2" > studies </wordcount>
    <wordcount weight="2" > or </wordcount>
    <wordcount weight="2" > any </wordcount>
    <wordcount weight="2" > polyploidy </wordcount>
    <wordcount weight="2" > apomixis </wordcount>
    <wordcount weight="2" > exposition </wordcount>
    <wordcount weight="2" > isolation </wordcount>
    <wordcount weight="2" > all </wordcount>
    <wordcount weight="2" > treatment </wordcount>
    <wordcount weight="2" > called </wordcount>
    <wordcount weight="2" > current </wordcount>
    <wordcount weight="2" > new </wordcount>
    <wordcount weight="2" > ecotype </wordcount>
    <wordcount weight="2" > alike </wordcount>
    <wordcount weight="2" > univ </wordcount>
    <wordcount weight="2" > terms </wordcount>
    <wordcount weight="2" > system </wordcount>
    <wordcount weight="2" > british </wordcount>
    <wordcount weight="2" > material </wordcount>
    <wordcount weight="2" > has </wordcount>
    <wordcount weight="2" > figs </wordcount>
    <wordcount weight="2" > influenced </wordcount>
    <wordcount weight="2" > some </wordcount>
    <wordcount weight="2" > discussion </wordcount>
    <wordcount weight="2" > upon </wordcount>
    <wordcount weight="2" > recognition </wordcount>
    <wordcount weight="2" > press </wordcount>
    <wordcount weight="2" > description </wordcount>
    <wordcount weight="2" > ecologist </wordcount>
    <wordcount weight="2" > hybridity </wordcount>
    <wordcount weight="2" > factor </wordcount>
    <wordcount weight="2" > thus </wordcount>
    <wordcount weight="2" > facts </wordcount>
    <wordcount weight="2" > since </wordcount>
    <wordcount weight="2" > would </wordcount>
    <wordcount weight="2" > useful </wordcount>
    <wordcount weight="2" > so </wordcount>
    <wordcount weight="2" > extensively </wordcount>
    <wordcount weight="2" > kind </wordcount>
    <wordcount weight="2" > primer </wordcount>
    <wordcount weight="2" > several </wordcount>
    <wordcount weight="2" > between </wordcount>
    <wordcount weight="2" > can </wordcount>
    <wordcount weight="2" > than </wordcount>
    <wordcount weight="2" > should </wordcount>
    <wordcount weight="2" > evidence </wordcount>
    <wordcount weight="1" > phases </wordcount>
    <wordcount weight="1" > final </wordcount>
    <wordcount weight="1" > difficult </wordcount>
    <wordcount weight="1" > will </wordcount>
    <wordcount weight="1" > critical </wordcount>
    <wordcount weight="1" > delve </wordcount>
    <wordcount weight="1" > now </wordcount>
    <wordcount weight="1" > currently </wordcount>
    <wordcount weight="1" > second </wordcount>
    <wordcount weight="1" > units </wordcount>
    <wordcount weight="1" > diagrams </wordcount>
    <wordcount weight="1" > generalization </wordcount>
    <wordcount weight="1" > various </wordcount>
    <wordcount weight="1" > higher </wordcount>
    <wordcount weight="1" > rather </wordcount>
    <wordcount weight="1" > if </wordcount>
    <wordcount weight="1" > autecology </wordcount>
    <wordcount weight="1" > next </wordcount>
    <wordcount weight="1" > modus </wordcount>
    <wordcount weight="1" > factual </wordcount>
    <wordcount weight="1" > operandi </wordcount>
    <wordcount weight="1" > mechanisms </wordcount>
    <wordcount weight="1" > interpretation </wordcount>
    <wordcount weight="1" > turreson </wordcount>
    <wordcount weight="1" > basic </wordcount>
    <wordcount weight="1" > ecogeographical </wordcount>
    <wordcount weight="1" > brief </wordcount>
    <wordcount weight="1" > resulted </wordcount>
    <wordcount weight="1" > levels </wordcount>
    <wordcount weight="1" > who </wordcount>
    <wordcount weight="1" > etc </wordcount>
    <wordcount weight="1" > active </wordcount>
    <wordcount weight="1" > detailed </wordcount>
    <wordcount weight="1" > considerably </wordcount>
    <wordcount weight="1" > illustrating </wordcount>
    <wordcount weight="1" > interrelations </wordcount>
    <wordcount weight="1" > likewise </wordcount>
    <wordcount weight="1" > american </wordcount>
    <wordcount weight="1" > elementary </wordcount>
    <wordcount weight="1" > contributions </wordcount>
    <wordcount weight="1" > pages </wordcount>
    <wordcount weight="1" > changes </wordcount>
    <wordcount weight="1" > kinds </wordcount>
    <wordcount weight="1" > hierarchical </wordcount>
    <wordcount weight="1" > summarized </wordcount>
    <wordcount weight="1" > awareness </wordcount>
    <wordcount weight="1" > overdue </wordcount>
    <wordcount weight="1" > four </wordcount>
    <wordcount weight="1" > rate </wordcount>
    <wordcount weight="1" > factors </wordcount>
    <wordcount weight="1" > not </wordcount>
    <wordcount weight="1" > criticism </wordcount>
    <wordcount weight="1" > portrayed </wordcount>
    <wordcount weight="1" > ways </wordcount>
    <wordcount weight="1" > elaboration </wordcount>
    <wordcount weight="1" > rounded </wordcount>
    <wordcount weight="1" > indispensable </wordcount>
    <wordcount weight="1" > approaches </wordcount>
    <wordcount weight="1" > modified </wordcount>
    <wordcount weight="1" > coverage </wordcount>
    <wordcount weight="1" > combines </wordcount>
    <wordcount weight="1" > cryptic </wordcount>
    <wordcount weight="1" > interpretive </wordcount>
    <wordcount weight="1" > case </wordcount>
    <wordcount weight="1" > serve </wordcount>
    <wordcount weight="1" > cytogenetics </wordcount>
    <wordcount weight="1" > soon </wordcount>
    <wordcount weight="1" > under </wordcount>
    <wordcount weight="1" > considered </wordcount>
    <wordcount weight="1" > university </wordcount>
    <wordcount weight="1" > established </wordcount>
    <wordcount weight="1" > was </wordcount>
    <wordcount weight="1" > salient </wordcount>
    <wordcount weight="1" > into </wordcount>
    <wordcount weight="1" > intensive </wordcount>
    <wordcount weight="1" > shadow </wordcount>
    <wordcount weight="1" > then </wordcount>
    <wordcount weight="1" > associated </wordcount>
    <wordcount weight="1" > imperceptible </wordcount>
    <wordcount weight="1" > growing </wordcount>
    <wordcount weight="1" > same </wordcount>
    <wordcount weight="1" > impact </wordcount>
    <wordcount weight="1" > gradually </wordcount>
    <wordcount weight="1" > synthetic </wordcount>
    <wordcount weight="1" > outlined </wordcount>
    <wordcount weight="1" > source </wordcount>
    <wordcount weight="1" > reviewed </wordcount>
    <wordcount weight="1" > glossary </wordcount>
    <wordcount weight="1" > themes </wordcount>
    <wordcount weight="1" > efficacy </wordcount>
    <wordcount weight="1" > department </wordcount>
    <wordcount weight="1" > geographic </wordcount>
    <wordcount weight="1" > being </wordcount>
    <wordcount weight="1" > learns </wordcount>
    <wordcount weight="1" > additional </wordcount>
    <wordcount weight="1" > only </wordcount>
    <wordcount weight="1" > known </wordcount>
    <wordcount weight="1" > follow </wordcount>
    <wordcount weight="1" > followed </wordcount>
    <wordcount weight="1" > masses </wordcount>
    <wordcount weight="1" > barriers </wordcount>
    <wordcount weight="1" > long </wordcount>
    <wordcount weight="1" > precis </wordcount>
    <wordcount weight="1" > interludes </wordcount>
    <wordcount weight="1" > here </wordcount>
    <wordcount weight="1" > maj </wordcount>
    <wordcount weight="1" > liberally </wordcount>
    <wordcount weight="1" > introgressive </wordcount>
    <wordcount weight="1" > processes </wordcount>
    <wordcount weight="1" > taken </wordcount>
    <wordcount weight="1" > darwinian </wordcount>
    <wordcount weight="1" > genecology </wordcount>
    <wordcount weight="1" > put </wordcount>
    <wordcount weight="1" > omega </wordcount>
    <wordcount weight="1" > intraspecific </wordcount>
    <wordcount weight="1" > many </wordcount>
    <wordcount weight="1" > belatedly </wordcount>
    <wordcount weight="1" > j </wordcount>
    <wordcount weight="1" > had </wordcount>
    <wordcount weight="1" > nature </wordcount>
    <wordcount weight="1" > yielding </wordcount>
    <wordcount weight="1" > appraisal </wordcount>
    <wordcount weight="1" > speciation </wordcount>
    <wordcount weight="1" > different </wordcount>
    <wordcount weight="1" > delineation </wordcount>
    <wordcount weight="1" > exploited </wordcount>
    <wordcount weight="1" > interested </wordcount>
    <wordcount weight="1" > could </wordcount>
    <wordcount weight="1" > histories </wordcount>
    <wordcount weight="1" > expertly </wordcount>
    <wordcount weight="1" > half </wordcount>
    <wordcount weight="1" > convinced </wordcount>
    <wordcount weight="1" > universal </wordcount>
    <wordcount weight="1" > treatments </wordcount>
    <wordcount weight="1" > followers </wordcount>
    <wordcount weight="1" > analyses </wordcount>
    <wordcount weight="1" > viii </wordcount>
    <wordcount weight="1" > inevitably </wordcount>
    <wordcount weight="1" > epilogue </wordcount>
    <wordcount weight="1" > classical </wordcount>
    <wordcount weight="1" > speculation </wordcount>
    <wordcount weight="1" > kruckeberg </wordcount>
    <wordcount weight="1" > plan </wordcount>
    <wordcount weight="1" > impermanence </wordcount>
    <wordcount weight="1" > arthur </wordcount>
    <wordcount weight="1" > doubt </wordcount>
    <wordcount weight="1" > survey </wordcount>
    <wordcount weight="1" > historical </wordcount>
    <wordcount weight="1" > reckoned </wordcount>
    <wordcount weight="1" > pattern </wordcount>
    <wordcount weight="1" > genecological </wordcount>
    <wordcount weight="1" > there </wordcount>
    <wordcount weight="1" > instruct </wordcount>
    <wordcount weight="1" > type </wordcount>
    <wordcount weight="1" > crabbed </wordcount>
    <wordcount weight="1" > vegetation </wordcount>
    <wordcount weight="1" > last </wordcount>
    <wordcount weight="1" > better </wordcount>
    <wordcount weight="1" > biosystematics </wordcount>
    <wordcount weight="1" > reproductive </wordcount>
    <wordcount weight="1" > taxon </wordcount>
    <wordcount weight="1" > further </wordcount>
    <wordcount weight="1" > airing </wordcount>
    <wordcount weight="1" > animal </wordcount>
    <wordcount weight="1" > do </wordcount>
    <wordcount weight="1" > monographs </wordcount>
    <wordcount weight="1" > present </wordcount>
    <wordcount weight="1" > william </wordcount>
    <wordcount weight="1" > born </wordcount>
    <wordcount weight="1" > discipline </wordcount>
    <wordcount weight="1" > reading </wordcount>
    <wordcount weight="1" > reviews </wordcount>
    <wordcount weight="1" > developing </wordcount>
    <wordcount weight="1" > accepted </wordcount>
    <wordcount weight="1" > population </wordcount>
    <wordcount weight="1" > triggered </wordcount>
    <wordcount weight="1" > renaissance </wordcount>
    <wordcount weight="1" > fulfill </wordcount>
    <wordcount weight="1" > bibliographic </wordcount>
    <wordcount weight="1" > existence </wordcount>
    <wordcount weight="1" > concisely </wordcount>
    <wordcount weight="1" > amphimicts </wordcount>
    <wordcount weight="1" > botanical </wordcount>
    <wordcount weight="1" > theory </wordcount>
    <wordcount weight="1" > capacity </wordcount>
    <wordcount weight="1" > number </wordcount>
    <wordcount weight="1" > differentiation </wordcount>
    <wordcount weight="1" > sexual </wordcount>
    <wordcount weight="1" > thoroughly </wordcount>
    <wordcount weight="1" > degree </wordcount>
    <wordcount weight="1" > xix </wordcount>
    <wordcount weight="1" > deal </wordcount>
    <wordcount weight="1" > chapter </wordcount>
    <wordcount weight="1" > vegetational </wordcount>
    <wordcount weight="1" > having </wordcount>
    <wordcount weight="1" > vol </wordcount>
    <wordcount weight="1" > felt </wordcount>
    <wordcount weight="1" > possible </wordcount>
    <wordcount weight="1" > distinguish </wordcount>
    <wordcount weight="1" > r </wordcount>
    <wordcount weight="1" > literature </wordcount>
    <wordcount weight="1" > categories </wordcount>
    <wordcount weight="1" > examples </wordcount>
    <wordcount weight="1" > treated </wordcount>
    <wordcount weight="1" > heinemann </wordcount>
    <wordcount weight="1" > phenomena </wordcount>
    <wordcount weight="1" > bibliography </wordcount>
    <wordcount weight="1" > insight </wordcount>
    <wordcount weight="1" > cadre </wordcount>
    <wordcount weight="1" > vital </wordcount>
    <wordcount weight="1" > bear </wordcount>
    <wordcount weight="1" > extrapolated </wordcount>
    <wordcount weight="1" > illustrated </wordcount>
    <wordcount weight="1" > interand </wordcount>
    <wordcount weight="1" > conclude </wordcount>
    <wordcount weight="1" > breeding </wordcount>
    <wordcount weight="1" > associational </wordcount>
    <wordcount weight="1" > darlingtonian </wordcount>
    <wordcount weight="1" > cited </wordcount>
    <wordcount weight="1" > genetically </wordcount>
    <wordcount weight="1" > undoubtedly </wordcount>
    <wordcount weight="1" > its </wordcount>
    <wordcount weight="1" > himself </wordcount>
    <wordcount weight="1" > turns </wordcount>
    <wordcount weight="1" > disciplines </wordcount>
    <wordcount weight="1" > significant </wordcount>
    <wordcount weight="1" > extended </wordcount>
    <wordcount weight="1" > largely </wordcount>
    <wordcount weight="1" > fail </wordcount>
    <wordcount weight="1" > during </wordcount>
    <wordcount weight="1" > emphasizing </wordcount>
    <wordcount weight="1" > amphimictic </wordcount>
    <wordcount weight="1" > botany </wordcount>
    <wordcount weight="1" > huxley </wordcount>
    <wordcount weight="1" > challenges </wordcount>
    <wordcount weight="1" > paraphrases </wordcount>
    <wordcount weight="1" > spiced </wordcount>
    <wordcount weight="1" > isolated </wordcount>
    <wordcount weight="1" > botanists </wordcount>
    <wordcount weight="1" > harvard </wordcount>
    <wordcount weight="1" > fruitful </wordcount>
    <wordcount weight="1" > individuals </wordcount>
    <wordcount weight="1" > documented </wordcount>
    <wordcount weight="1" > were </wordcount>
    <wordcount weight="1" > illustrative </wordcount>
    <wordcount weight="1" > dependence </wordcount>
    <wordcount weight="1" > g </wordcount>
    <wordcount weight="1" > relationships </wordcount>
    <wordcount weight="1" > until </wordcount>
    <wordcount weight="1" > flights </wordcount>
    <wordcount weight="1" > defect </wordcount>
    <wordcount weight="1" > such </wordcount>
    <wordcount weight="1" > years </wordcount>
    <wordcount weight="1" > dynamics </wordcount>
    <wordcount weight="1" > development </wordcount>
    <wordcount weight="1" > significance </wordcount>
    <wordcount weight="1" > speciality </wordcount>
    <wordcount weight="1" > trends </wordcount>
    <wordcount weight="1" > objective </wordcount>
    <wordcount weight="1" > edgar </wordcount>
    <wordcount weight="1" > tables </wordcount>
    <wordcount weight="1" > approach </wordcount>
    <wordcount weight="1" > stress </wordcount>
    <wordcount weight="1" > opens </wordcount>
    <wordcount weight="1" > recognize </wordcount>
    <wordcount weight="1" > washington </wordcount>
    <wordcount weight="1" > accounted </wordcount>
    <wordcount weight="1" > essay </wordcount>
    <wordcount weight="1" > interest </wordcount>
    <wordcount weight="1" > furnishing </wordcount>
    <wordcount weight="1" > isolating </wordcount>
    <wordcount weight="1" > hard </wordcount>
    <wordcount weight="1" > liaison </wordcount>
    <wordcount weight="1" > jr </wordcount>
    <wordcount weight="1" > variously </wordcount>
    <wordcount weight="1" > effects </wordcount>
    <wordcount weight="1" > stages </wordcount>
    <wordcount weight="1" > espoused </wordcount>
    <wordcount weight="1" > fusions </wordcount>
    <wordcount weight="1" > after </wordcount>
    <wordcount weight="1" > turn </wordcount>
    <wordcount weight="1" > adequately </wordcount>
    <wordcount weight="1" > shift </wordcount>
    <wordcount weight="1" > summary </wordcount>
    <wordcount weight="1" > characteristics </wordcount>
    <wordcount weight="1" > offered </wordcount>
    <wordcount weight="1" > few </wordcount>
    <wordcount weight="1" > envision </wordcount>
    <wordcount weight="1" > columbia </wordcount>
    <wordcount weight="1" > brought </wordcount>
    <wordcount weight="1" > six </wordcount>
    <wordcount weight="1" > inclusion </wordcount>
    <wordcount weight="1" > respectively </wordcount>
    <wordcount weight="1" > anderson </wordcount>
    <wordcount weight="1" > standpoints </wordcount>
    <wordcount weight="1" > individualistic </wordcount>
    <wordcount weight="1" > enlightened </wordcount>
    <wordcount weight="1" > find </wordcount>
    <wordcount weight="1" > major </wordcount>
    <wordcount weight="1" > explore </wordcount>
    <wordcount weight="1" > up </wordcount>
    <wordcount weight="1" > working </wordcount>
    <wordcount weight="1" > even </wordcount>
    <wordcount weight="1" > documentary </wordcount>
    <wordcount weight="1" > little </wordcount>
    <wordcount weight="1" > deductive </wordcount>
    <wordcount weight="1" > need </wordcount>
    <wordcount weight="1" > we </wordcount>
    <wordcount weight="1" > facile </wordcount>
    <wordcount weight="1" > rates </wordcount>
    <wordcount weight="1" > dine </wordcount>
    <wordcount weight="1" > facies </wordcount>
    <wordcount weight="1" > hypothesis </wordcount>
</article>
