<?xml version="1.0" encoding="UTF-8"?>
<article id="10.2307/20165515" >
    <wordcount weight="35" > of </wordcount>
    <wordcount weight="24" > in </wordcount>
    <wordcount weight="17" > the </wordcount>
    <wordcount weight="14" > and </wordcount>
    <wordcount weight="12" > his </wordcount>
    <wordcount weight="10" > at </wordcount>
    <wordcount weight="8" > he </wordcount>
    <wordcount weight="8" > university </wordcount>
    <wordcount weight="7" > ecology </wordcount>
    <wordcount weight="7" > a </wordcount>
    <wordcount weight="5" > to </wordcount>
    <wordcount weight="5" > is </wordcount>
    <wordcount weight="5" > society </wordcount>
    <wordcount weight="5" > our </wordcount>
    <wordcount weight="4" > plant </wordcount>
    <wordcount weight="4" > received </wordcount>
    <wordcount weight="4" > charles </wordcount>
    <wordcount weight="3" > from </wordcount>
    <wordcount weight="3" > president </wordcount>
    <wordcount weight="3" > have </wordcount>
    <wordcount weight="3" > botanical </wordcount>
    <wordcount weight="3" > degree </wordcount>
    <wordcount weight="3" > for </wordcount>
    <wordcount weight="3" > has </wordcount>
    <wordcount weight="3" > as </wordcount>
    <wordcount weight="3" > research </wordcount>
    <wordcount weight="3" > chicago </wordcount>
    <wordcount weight="3" > new </wordcount>
    <wordcount weight="2" > michigan </wordcount>
    <wordcount weight="2" > sears </wordcount>
    <wordcount weight="2" > award </wordcount>
    <wordcount weight="2" > on </wordcount>
    <wordcount weight="2" > by </wordcount>
    <wordcount weight="2" > professor </wordcount>
    <wordcount weight="2" > department </wordcount>
    <wordcount weight="2" > member </wordcount>
    <wordcount weight="2" > george </wordcount>
    <wordcount weight="2" > ecological </wordcount>
    <wordcount weight="2" > been </wordcount>
    <wordcount weight="2" > east </wordcount>
    <wordcount weight="2" > organizations </wordcount>
    <wordcount weight="2" > appoint </wordcount>
    <wordcount weight="2" > science </wordcount>
    <wordcount weight="2" > reflected </wordcount>
    <wordcount weight="2" > paul </wordcount>
    <wordcount weight="2" > summer </wordcount>
    <wordcount weight="2" > him </wordcount>
    <wordcount weight="2" > but </wordcount>
    <wordcount weight="2" > olmsted </wordcount>
    <wordcount weight="2" > an </wordcount>
    <wordcount weight="2" > editor </wordcount>
    <wordcount weight="2" > e </wordcount>
    <wordcount weight="2" > meetings </wordcount>
    <wordcount weight="2" > nebraska </wordcount>
    <wordcount weight="2" > contribution </wordcount>
    <wordcount weight="2" > december </wordcount>
    <wordcount weight="2" > board </wordcount>
    <wordcount weight="2" > ing </wordcount>
    <wordcount weight="2" > with </wordcount>
    <wordcount weight="2" > chairman </wordcount>
    <wordcount weight="2" > botany </wordcount>
    <wordcount weight="2" > under </wordcount>
    <wordcount weight="2" > professional </wordcount>
    <wordcount weight="2" > ment </wordcount>
    <wordcount weight="2" > those </wordcount>
    <wordcount weight="2" > american </wordcount>
    <wordcount weight="1" > relationships </wordcount>
    <wordcount weight="1" > students </wordcount>
    <wordcount weight="1" > ed </wordcount>
    <wordcount weight="1" > talented </wordcount>
    <wordcount weight="1" > conference </wordcount>
    <wordcount weight="1" > morphology </wordcount>
    <wordcount weight="1" > institutes </wordcount>
    <wordcount weight="1" > authorized </wordcount>
    <wordcount weight="1" > papers </wordcount>
    <wordcount weight="1" > that </wordcount>
    <wordcount weight="1" > this </wordcount>
    <wordcount weight="1" > already </wordcount>
    <wordcount weight="1" > contents </wordcount>
    <wordcount weight="1" > four </wordcount>
    <wordcount weight="1" > since </wordcount>
    <wordcount weight="1" > professorship </wordcount>
    <wordcount weight="1" > second </wordcount>
    <wordcount weight="1" > three </wordcount>
    <wordcount weight="1" > o </wordcount>
    <wordcount weight="1" > illinois </wordcount>
    <wordcount weight="1" > governors </wordcount>
    <wordcount weight="1" > september </wordcount>
    <wordcount weight="1" > national </wordcount>
    <wordcount weight="1" > publication </wordcount>
    <wordcount weight="1" > instructors </wordcount>
    <wordcount weight="1" > g </wordcount>
    <wordcount weight="1" > no </wordcount>
    <wordcount weight="1" > charge </wordcount>
    <wordcount weight="1" > interest </wordcount>
    <wordcount weight="1" > dr </wordcount>
    <wordcount weight="1" > published </wordcount>
    <wordcount weight="1" > college </wordcount>
    <wordcount weight="1" > double </wordcount>
    <wordcount weight="1" > scientific </wordcount>
    <wordcount weight="1" > camp </wordcount>
    <wordcount weight="1" > pleasure </wordcount>
    <wordcount weight="1" > eastern </wordcount>
    <wordcount weight="1" > fellow </wordcount>
    <wordcount weight="1" > announcements </wordcount>
    <wordcount weight="1" > times </wordcount>
    <wordcount weight="1" > many </wordcount>
    <wordcount weight="1" > affiliations </wordcount>
    <wordcount weight="1" > sional </wordcount>
    <wordcount weight="1" > d </wordcount>
    <wordcount weight="1" > field </wordcount>
    <wordcount weight="1" > directors </wordcount>
    <wordcount weight="1" > program </wordcount>
    <wordcount weight="1" > another </wordcount>
    <wordcount weight="1" > memberspresident </wordcount>
    <wordcount weight="1" > interests </wordcount>
    <wordcount weight="1" > america </wordcount>
    <wordcount weight="1" > colorado </wordcount>
    <wordcount weight="1" > eminent </wordcount>
    <wordcount weight="1" > important </wordcount>
    <wordcount weight="1" > dimension </wordcount>
    <wordcount weight="1" > visiting </wordcount>
    <wordcount weight="1" > nichols </wordcount>
    <wordcount weight="1" > iological </wordcount>
    <wordcount weight="1" > genecology </wordcount>
    <wordcount weight="1" > bulletin </wordcount>
    <wordcount weight="1" > vol </wordcount>
    <wordcount weight="1" > academy </wordcount>
    <wordcount weight="1" > welcome </wordcount>
    <wordcount weight="1" > cowles </wordcount>
    <wordcount weight="1" > wyom </wordcount>
    <wordcount weight="1" > yale </wordcount>
    <wordcount weight="1" > contributions </wordcount>
    <wordcount weight="1" > added </wordcount>
    <wordcount weight="1" > privileges </wordcount>
    <wordcount weight="1" > j </wordcount>
    <wordcount weight="1" > ties </wordcount>
    <wordcount weight="1" > who </wordcount>
    <wordcount weight="1" > scientist </wordcount>
    <wordcount weight="1" > teacher </wordcount>
    <wordcount weight="1" > moving </wordcount>
    <wordcount weight="1" > standing </wordcount>
    <wordcount weight="1" > closely </wordcount>
    <wordcount weight="1" > capaci </wordcount>
    <wordcount weight="1" > adriance </wordcount>
    <wordcount weight="1" > mem </wordcount>
    <wordcount weight="1" > grew </wordcount>
    <wordcount weight="1" > becoming </wordcount>
    <wordcount weight="1" > southern </wordcount>
    <wordcount weight="1" > other </wordcount>
    <wordcount weight="1" > trees </wordcount>
    <wordcount weight="1" > members </wordcount>
    <wordcount weight="1" > subscription </wordcount>
    <wordcount weight="1" > represented </wordcount>
    <wordcount weight="1" > instructor </wordcount>
    <wordcount weight="1" > profes </wordcount>
    <wordcount weight="1" > mercer </wordcount>
    <wordcount weight="1" > class </wordcount>
    <wordcount weight="1" > recognition </wordcount>
    <wordcount weight="1" > phys </wordcount>
    <wordcount weight="1" > addition </wordcount>
    <wordcount weight="1" > taking </wordcount>
    <wordcount weight="1" > broadly </wordcount>
    <wordcount weight="1" > met </wordcount>
    <wordcount weight="1" > editors </wordcount>
    <wordcount weight="1" > races </wordcount>
    <wordcount weight="1" > served </wordcount>
    <wordcount weight="1" > c </wordcount>
    <wordcount weight="1" > accepting </wordcount>
    <wordcount weight="1" > productive </wordcount>
    <wordcount weight="1" > introduc </wordcount>
    <wordcount weight="1" > knowledge </wordcount>
    <wordcount weight="1" > diversified </wordcount>
    <wordcount weight="1" > succeeded </wordcount>
    <wordcount weight="1" > not </wordcount>
    <wordcount weight="1" > be </wordcount>
    <wordcount weight="1" > time </wordcount>
    <wordcount weight="1" > aaas </wordcount>
    <wordcount weight="1" > scholar </wordcount>
    <wordcount weight="1" > h </wordcount>
    <wordcount weight="1" > out </wordcount>
    <wordcount weight="1" > ecologist </wordcount>
    <wordcount weight="1" > annual </wordcount>
    <wordcount weight="1" > biological </wordcount>
    <wordcount weight="1" > must </wordcount>
    <wordcount weight="1" > up </wordcount>
    <wordcount weight="1" > grassland </wordcount>
    <wordcount weight="1" > weaver </wordcount>
    <wordcount weight="1" > physiological </wordcount>
    <wordcount weight="1" > john </wordcount>
    <wordcount weight="1" > year </wordcount>
    <wordcount weight="1" > arizona </wordcount>
    <wordcount weight="1" > physiologists </wordcount>
    <wordcount weight="1" > grasses </wordcount>
    <wordcount weight="1" > photoperiodic </wordcount>
    <wordcount weight="1" > during </wordcount>
    <wordcount weight="1" > weese </wordcount>
    <wordcount weight="1" > these </wordcount>
    <wordcount weight="1" > began </wordcount>
    <wordcount weight="1" > foster </wordcount>
    <wordcount weight="1" > institution </wordcount>
    <wordcount weight="1" > connections </wordcount>
    <wordcount weight="1" > bot </wordcount>
    <wordcount weight="1" > work </wordcount>
    <wordcount weight="1" > lansing </wordcount>
    <wordcount weight="1" > general </wordcount>
    <wordcount weight="1" > was </wordcount>
    <wordcount weight="1" > coulter </wordcount>
    <wordcount weight="1" > take </wordcount>
    <wordcount weight="1" > state </wordcount>
    <wordcount weight="1" > infusion </wordcount>
    <wordcount weight="1" > call </wordcount>
    <wordcount weight="1" > ber </wordcount>
    <wordcount weight="1" > committee </wordcount>
    <wordcount weight="1" > major </wordcount>
    <wordcount weight="1" > any </wordcount>
    <wordcount weight="1" > full </wordcount>
    <wordcount weight="1" > associated </wordcount>
    <wordcount weight="1" > oklahoma </wordcount>
    <wordcount weight="1" > born </wordcount>
    <wordcount weight="1" > we </wordcount>
    <wordcount weight="1" > growing </wordcount>
    <wordcount weight="1" > mail </wordcount>
    <wordcount weight="1" > california </wordcount>
</article>
