<?xml version="1.0" encoding="UTF-8"?>
<article id="10.2307/20165665" >
    <wordcount weight="602" > the </wordcount>
    <wordcount weight="549" > of </wordcount>
    <wordcount weight="401" > and </wordcount>
    <wordcount weight="268" > in </wordcount>
    <wordcount weight="253" > to </wordcount>
    <wordcount weight="213" > a </wordcount>
    <wordcount weight="129" > ecology </wordcount>
    <wordcount weight="123" > is </wordcount>
    <wordcount weight="120" > that </wordcount>
    <wordcount weight="91" > for </wordcount>
    <wordcount weight="91" > as </wordcount>
    <wordcount weight="80" > committee </wordcount>
    <wordcount weight="80" > on </wordcount>
    <wordcount weight="71" > with </wordcount>
    <wordcount weight="69" > society </wordcount>
    <wordcount weight="69" > are </wordcount>
    <wordcount weight="68" > ecological </wordcount>
    <wordcount weight="67" > be </wordcount>
    <wordcount weight="61" > or </wordcount>
    <wordcount weight="58" > at </wordcount>
    <wordcount weight="56" > have </wordcount>
    <wordcount weight="55" > study </wordcount>
    <wordcount weight="54" > this </wordcount>
    <wordcount weight="53" > by </wordcount>
    <wordcount weight="51" > an </wordcount>
    <wordcount weight="47" > which </wordcount>
    <wordcount weight="45" > ecologists </wordcount>
    <wordcount weight="42" > research </wordcount>
    <wordcount weight="41" > report </wordcount>
    <wordcount weight="38" > it </wordcount>
    <wordcount weight="37" > many </wordcount>
    <wordcount weight="35" > their </wordcount>
    <wordcount weight="33" > has </wordcount>
    <wordcount weight="32" > there </wordcount>
    <wordcount weight="32" > was </wordcount>
    <wordcount weight="32" > but </wordcount>
    <wordcount weight="31" > its </wordcount>
    <wordcount weight="30" > more </wordcount>
    <wordcount weight="29" > been </wordcount>
    <wordcount weight="28" > such </wordcount>
    <wordcount weight="27" > other </wordcount>
    <wordcount weight="27" > from </wordcount>
    <wordcount weight="27" > should </wordcount>
    <wordcount weight="26" > they </wordcount>
    <wordcount weight="26" > pp </wordcount>
    <wordcount weight="24" > not </wordcount>
    <wordcount weight="23" > some </wordcount>
    <wordcount weight="23" > public </wordcount>
    <wordcount weight="23" > also </wordcount>
    <wordcount weight="23" > biology </wordcount>
    <wordcount weight="22" > training </wordcount>
    <wordcount weight="22" > were </wordcount>
    <wordcount weight="22" > science </wordcount>
    <wordcount weight="21" > mimeo </wordcount>
    <wordcount weight="20" > environmental </wordcount>
    <wordcount weight="20" > unpublished </wordcount>
    <wordcount weight="20" > will </wordcount>
    <wordcount weight="20" > who </wordcount>
    <wordcount weight="19" > most </wordcount>
    <wordcount weight="19" > biological </wordcount>
    <wordcount weight="19" > these </wordcount>
    <wordcount weight="18" > members </wordcount>
    <wordcount weight="18" > new </wordcount>
    <wordcount weight="18" > national </wordcount>
    <wordcount weight="18" > between </wordcount>
    <wordcount weight="17" > problems </wordcount>
    <wordcount weight="16" > one </wordcount>
    <wordcount weight="16" > than </wordcount>
    <wordcount weight="16" > graduate </wordcount>
    <wordcount weight="16" > few </wordcount>
    <wordcount weight="16" > subcommittee </wordcount>
    <wordcount weight="16" > would </wordcount>
    <wordcount weight="16" > level </wordcount>
    <wordcount weight="15" > policy </wordcount>
    <wordcount weight="15" > field </wordcount>
    <wordcount weight="15" > number </wordcount>
    <wordcount weight="15" > theoretical </wordcount>
    <wordcount weight="15" > can </wordcount>
    <wordcount weight="15" > ecol </wordcount>
    <wordcount weight="14" > might </wordcount>
    <wordcount weight="14" > general </wordcount>
    <wordcount weight="14" > future </wordcount>
    <wordcount weight="14" > j </wordcount>
    <wordcount weight="14" > natural </wordcount>
    <wordcount weight="13" > if </wordcount>
    <wordcount weight="13" > s </wordcount>
    <wordcount weight="13" > principles </wordcount>
    <wordcount weight="13" > papers </wordcount>
    <wordcount weight="13" > human </wordcount>
    <wordcount weight="13" > publications </wordcount>
    <wordcount weight="13" > support </wordcount>
    <wordcount weight="13" > experimental </wordcount>
    <wordcount weight="13" > when </wordcount>
    <wordcount weight="13" > any </wordcount>
    <wordcount weight="12" > journals </wordcount>
    <wordcount weight="12" > publication </wordcount>
    <wordcount weight="12" > high </wordcount>
    <wordcount weight="12" > often </wordcount>
    <wordcount weight="12" > fields </wordcount>
    <wordcount weight="12" > school </wordcount>
    <wordcount weight="12" > programs </wordcount>
    <wordcount weight="12" > need </wordcount>
    <wordcount weight="12" > meeting </wordcount>
    <wordcount weight="11" > functional </wordcount>
    <wordcount weight="11" > large </wordcount>
    <wordcount weight="11" > soc </wordcount>
    <wordcount weight="11" > basic </wordcount>
    <wordcount weight="11" > facilities </wordcount>
    <wordcount weight="11" > all </wordcount>
    <wordcount weight="11" > teaching </wordcount>
    <wordcount weight="11" > areas </wordcount>
    <wordcount weight="11" > made </wordcount>
    <wordcount weight="11" > so </wordcount>
    <wordcount weight="11" > education </wordcount>
    <wordcount weight="11" > what </wordcount>
    <wordcount weight="10" > scientists </wordcount>
    <wordcount weight="10" > able </wordcount>
    <wordcount weight="10" > review </wordcount>
    <wordcount weight="10" > no </wordcount>
    <wordcount weight="10" > important </wordcount>
    <wordcount weight="10" > without </wordcount>
    <wordcount weight="10" > reports </wordcount>
    <wordcount weight="10" > do </wordcount>
    <wordcount weight="10" > existing </wordcount>
    <wordcount weight="10" > use </wordcount>
    <wordcount weight="10" > we </wordcount>
    <wordcount weight="10" > while </wordcount>
    <wordcount weight="9" > e </wordcount>
    <wordcount weight="9" > being </wordcount>
    <wordcount weight="9" > those </wordcount>
    <wordcount weight="9" > possible </wordcount>
    <wordcount weight="9" > quality </wordcount>
    <wordcount weight="9" > affairs </wordcount>
    <wordcount weight="9" > ecosystems </wordcount>
    <wordcount weight="9" > levels </wordcount>
    <wordcount weight="9" > b </wordcount>
    <wordcount weight="9" > p </wordcount>
    <wordcount weight="9" > population </wordcount>
    <wordcount weight="9" > stations </wordcount>
    <wordcount weight="9" > work </wordcount>
    <wordcount weight="9" > data </wordcount>
    <wordcount weight="9" > about </wordcount>
    <wordcount weight="9" > toward </wordcount>
    <wordcount weight="9" > perhaps </wordcount>
    <wordcount weight="9" > provide </wordcount>
    <wordcount weight="9" > analysis </wordcount>
    <wordcount weight="9" > whether </wordcount>
    <wordcount weight="9" > particular </wordcount>
    <wordcount weight="9" > com </wordcount>
    <wordcount weight="9" > years </wordcount>
    <wordcount weight="9" > little </wordcount>
    <wordcount weight="9" > recent </wordcount>
    <wordcount weight="8" > greater </wordcount>
    <wordcount weight="8" > interviews </wordcount>
    <wordcount weight="8" > aibs </wordcount>
    <wordcount weight="8" > even </wordcount>
    <wordcount weight="8" > importance </wordcount>
    <wordcount weight="8" > contributions </wordcount>
    <wordcount weight="8" > university </wordcount>
    <wordcount weight="8" > descriptive </wordcount>
    <wordcount weight="8" > topics </wordcount>
    <wordcount weight="8" > meet </wordcount>
    <wordcount weight="8" > r </wordcount>
    <wordcount weight="8" > during </wordcount>
    <wordcount weight="8" > symposia </wordcount>
    <wordcount weight="8" > universities </wordcount>
    <wordcount weight="8" > f </wordcount>
    <wordcount weight="8" > only </wordcount>
    <wordcount weight="8" > where </wordcount>
    <wordcount weight="8" > council </wordcount>
    <wordcount weight="8" > necessary </wordcount>
    <wordcount weight="8" > meetings </wordcount>
    <wordcount weight="8" > students </wordcount>
    <wordcount weight="8" > program </wordcount>
    <wordcount weight="8" > environment </wordcount>
    <wordcount weight="8" > different </wordcount>
    <wordcount weight="8" > extent </wordcount>
    <wordcount weight="8" > require </wordcount>
    <wordcount weight="8" > information </wordcount>
    <wordcount weight="8" > through </wordcount>
    <wordcount weight="8" > d </wordcount>
    <wordcount weight="8" > needs </wordcount>
    <wordcount weight="8" > each </wordcount>
    <wordcount weight="8" > c </wordcount>
    <wordcount weight="7" > now </wordcount>
    <wordcount weight="7" > studies </wordcount>
    <wordcount weight="7" > inventory </wordcount>
    <wordcount weight="7" > into </wordcount>
    <wordcount weight="7" > interests </wordcount>
    <wordcount weight="7" > available </wordcount>
    <wordcount weight="7" > government </wordcount>
    <wordcount weight="7" > take </wordcount>
    <wordcount weight="7" > advice </wordcount>
    <wordcount weight="7" > funds </wordcount>
    <wordcount weight="7" > bull </wordcount>
    <wordcount weight="7" > special </wordcount>
    <wordcount weight="7" > organization </wordcount>
    <wordcount weight="7" > could </wordcount>
    <wordcount weight="7" > cannot </wordcount>
    <wordcount weight="7" > policies </wordcount>
    <wordcount weight="7" > pollution </wordcount>
    <wordcount weight="7" > presented </wordcount>
    <wordcount weight="7" > scientific </wordcount>
    <wordcount weight="7" > same </wordcount>
    <wordcount weight="7" > fact </wordcount>
    <wordcount weight="7" > time </wordcount>
    <wordcount weight="7" > physiological </wordcount>
    <wordcount weight="7" > life </wordcount>
    <wordcount weight="7" > systems </wordcount>
    <wordcount weight="7" > articles </wordcount>
    <wordcount weight="7" > list </wordcount>
    <wordcount weight="7" > recommendations </wordcount>
    <wordcount weight="7" > mittee </wordcount>
    <wordcount weight="7" > ecosystem </wordcount>
    <wordcount weight="7" > specific </wordcount>
    <wordcount weight="7" > develop </wordcount>
    <wordcount weight="7" > re </wordcount>
    <wordcount weight="7" > much </wordcount>
    <wordcount weight="6" > center </wordcount>
    <wordcount weight="6" > subcommittees </wordcount>
    <wordcount weight="6" > long </wordcount>
    <wordcount weight="6" > nature </wordcount>
    <wordcount weight="6" > case </wordcount>
    <wordcount weight="6" > recommended </wordcount>
    <wordcount weight="6" > development </wordcount>
    <wordcount weight="6" > interest </wordcount>
    <wordcount weight="6" > find </wordcount>
    <wordcount weight="6" > may </wordcount>
    <wordcount weight="6" > rather </wordcount>
    <wordcount weight="6" > nsf </wordcount>
    <wordcount weight="6" > based </wordcount>
    <wordcount weight="6" > american </wordcount>
    <wordcount weight="6" > well </wordcount>
    <wordcount weight="6" > issues </wordcount>
    <wordcount weight="6" > approach </wordcount>
    <wordcount weight="6" > mineral </wordcount>
    <wordcount weight="6" > annual </wordcount>
    <wordcount weight="6" > appropriate </wordcount>
    <wordcount weight="6" > value </wordcount>
    <wordcount weight="6" > provided </wordcount>
    <wordcount weight="6" > activities </wordcount>
    <wordcount weight="6" > editorial </wordcount>
    <wordcount weight="6" > broad </wordcount>
    <wordcount weight="6" > published </wordcount>
    <wordcount weight="6" > agencies </wordcount>
    <wordcount weight="6" > upon </wordcount>
    <wordcount weight="6" > range </wordcount>
    <wordcount weight="6" > ideas </wordcount>
    <wordcount weight="6" > especially </wordcount>
    <wordcount weight="6" > editors </wordcount>
    <wordcount weight="6" > january </wordcount>
    <wordcount weight="6" > professional </wordcount>
    <wordcount weight="6" > respect </wordcount>
    <wordcount weight="6" > following </wordcount>
    <wordcount weight="6" > particularly </wordcount>
    <wordcount weight="6" > too </wordcount>
    <wordcount weight="6" > question </wordcount>
    <wordcount weight="6" > grant </wordcount>
    <wordcount weight="6" > course </wordcount>
    <wordcount weight="6" > include </wordcount>
    <wordcount weight="6" > valuable </wordcount>
    <wordcount weight="6" > texts </wordcount>
    <wordcount weight="6" > asked </wordcount>
    <wordcount weight="5" > group </wordcount>
    <wordcount weight="5" > tend </wordcount>
    <wordcount weight="5" > modern </wordcount>
    <wordcount weight="5" > institutes </wordcount>
    <wordcount weight="5" > molecular </wordcount>
    <wordcount weight="5" > i </wordcount>
    <wordcount weight="5" > con </wordcount>
    <wordcount weight="5" > felt </wordcount>
    <wordcount weight="5" > mental </wordcount>
    <wordcount weight="5" > since </wordcount>
    <wordcount weight="5" > de </wordcount>
    <wordcount weight="5" > effective </wordcount>
    <wordcount weight="5" > adequate </wordcount>
    <wordcount weight="5" > essential </wordcount>
    <wordcount weight="5" > sort </wordcount>
    <wordcount weight="5" > applied </wordcount>
    <wordcount weight="5" > established </wordcount>
    <wordcount weight="5" > w </wordcount>
    <wordcount weight="5" > resource </wordcount>
    <wordcount weight="5" > opinion </wordcount>
    <wordcount weight="5" > view </wordcount>
    <wordcount weight="5" > had </wordcount>
    <wordcount weight="5" > international </wordcount>
    <wordcount weight="5" > scale </wordcount>
    <wordcount weight="5" > energy </wordcount>
    <wordcount weight="5" > scope </wordcount>
    <wordcount weight="5" > part </wordcount>
    <wordcount weight="5" > partly </wordcount>
    <wordcount weight="5" > president </wordcount>
    <wordcount weight="5" > responsibility </wordcount>
    <wordcount weight="5" > content </wordcount>
    <wordcount weight="5" > therefore </wordcount>
    <wordcount weight="5" > populations </wordcount>
    <wordcount weight="5" > action </wordcount>
    <wordcount weight="5" > synthesis </wordcount>
    <wordcount weight="5" > subject </wordcount>
    <wordcount weight="5" > serve </wordcount>
    <wordcount weight="5" > increasingly </wordcount>
    <wordcount weight="5" > challenge </wordcount>
    <wordcount weight="5" > stated </wordcount>
    <wordcount weight="5" > lack </wordcount>
    <wordcount weight="5" > teachers </wordcount>
    <wordcount weight="5" > atomic </wordcount>
    <wordcount weight="5" > state </wordcount>
    <wordcount weight="5" > shown </wordcount>
    <wordcount weight="5" > less </wordcount>
    <wordcount weight="5" > organisms </wordcount>
    <wordcount weight="5" > environments </wordcount>
    <wordcount weight="5" > including </wordcount>
    <wordcount weight="5" > significant </wordcount>
    <wordcount weight="5" > full </wordcount>
    <wordcount weight="5" > august </wordcount>
    <wordcount weight="5" > increasing </wordcount>
    <wordcount weight="5" > institutions </wordcount>
    <wordcount weight="5" > rigorous </wordcount>
    <wordcount weight="5" > must </wordcount>
    <wordcount weight="5" > sciences </wordcount>
    <wordcount weight="5" > appendix </wordcount>
    <wordcount weight="5" > advances </wordcount>
    <wordcount weight="5" > theory </wordcount>
    <wordcount weight="5" > problem </wordcount>
    <wordcount weight="5" > emphasis </wordcount>
    <wordcount weight="5" > both </wordcount>
    <wordcount weight="5" > courses </wordcount>
    <wordcount weight="5" > role </wordcount>
    <wordcount weight="5" > cycling </wordcount>
    <wordcount weight="5" > extremely </wordcount>
    <wordcount weight="5" > increased </wordcount>
    <wordcount weight="5" > supported </wordcount>
    <wordcount weight="5" > views </wordcount>
    <wordcount weight="5" > among </wordcount>
    <wordcount weight="4" > difficult </wordcount>
    <wordcount weight="4" > concerned </wordcount>
    <wordcount weight="4" > groups </wordcount>
    <wordcount weight="4" > suggested </wordcount>
    <wordcount weight="4" > created </wordcount>
    <wordcount weight="4" > limnology </wordcount>
    <wordcount weight="4" > needed </wordcount>
    <wordcount weight="4" > ways </wordcount>
    <wordcount weight="4" > item </wordcount>
    <wordcount weight="4" > ii </wordcount>
    <wordcount weight="4" > staff </wordcount>
    <wordcount weight="4" > within </wordcount>
    <wordcount weight="4" > sophisticated </wordcount>
    <wordcount weight="4" > america </wordcount>
    <wordcount weight="4" > logical </wordcount>
    <wordcount weight="4" > obvious </wordcount>
    <wordcount weight="4" > point </wordcount>
    <wordcount weight="4" > very </wordcount>
    <wordcount weight="4" > exist </wordcount>
    <wordcount weight="4" > immediate </wordcount>
    <wordcount weight="4" > developments </wordcount>
    <wordcount weight="4" > inadequately </wordcount>
    <wordcount weight="4" > spite </wordcount>
    <wordcount weight="4" > influence </wordcount>
    <wordcount weight="4" > mechanisms </wordcount>
    <wordcount weight="4" > l </wordcount>
    <wordcount weight="4" > certain </wordcount>
    <wordcount weight="4" > consider </wordcount>
    <wordcount weight="4" > statement </wordcount>
    <wordcount weight="4" > requested </wordcount>
    <wordcount weight="4" > trained </wordcount>
    <wordcount weight="4" > expressed </wordcount>
    <wordcount weight="4" > encourage </wordcount>
    <wordcount weight="4" > search </wordcount>
    <wordcount weight="4" > out </wordcount>
    <wordcount weight="4" > further </wordcount>
    <wordcount weight="4" > procedures </wordcount>
    <wordcount weight="4" > because </wordcount>
    <wordcount weight="4" > brought </wordcount>
    <wordcount weight="4" > knowledge </wordcount>
    <wordcount weight="4" > curriculum </wordcount>
    <wordcount weight="4" > year </wordcount>
    <wordcount weight="4" > place </wordcount>
    <wordcount weight="4" > status </wordcount>
    <wordcount weight="4" > effectively </wordcount>
    <wordcount weight="4" > several </wordcount>
    <wordcount weight="4" > eco </wordcount>
    <wordcount weight="4" > facility </wordcount>
    <wordcount weight="4" > widely </wordcount>
    <wordcount weight="4" > critical </wordcount>
    <wordcount weight="4" > curricula </wordcount>
    <wordcount weight="4" > various </wordcount>
    <wordcount weight="4" > limited </wordcount>
    <wordcount weight="4" > still </wordcount>
    <wordcount weight="4" > criticism </wordcount>
    <wordcount weight="4" > under </wordcount>
    <wordcount weight="4" > industrial </wordcount>
    <wordcount weight="4" > regional </wordcount>
    <wordcount weight="4" > business </wordcount>
    <wordcount weight="4" > financial </wordcount>
    <wordcount weight="4" > water </wordcount>
    <wordcount weight="4" > consideration </wordcount>
    <wordcount weight="4" > present </wordcount>
    <wordcount weight="4" > discussion </wordcount>
    <wordcount weight="4" > increase </wordcount>
    <wordcount weight="4" > submitted </wordcount>
    <wordcount weight="4" > evolution </wordcount>
    <wordcount weight="4" > individuals </wordcount>
    <wordcount weight="4" > laboratory </wordcount>
    <wordcount weight="4" > individual </wordcount>
    <wordcount weight="4" > exchange </wordcount>
    <wordcount weight="4" > methods </wordcount>
    <wordcount weight="4" > become </wordcount>
    <wordcount weight="4" > structure </wordcount>
    <wordcount weight="4" > probably </wordcount>
    <wordcount weight="4" > attention </wordcount>
    <wordcount weight="4" > opinions </wordcount>
    <wordcount weight="4" > widespread </wordcount>
    <wordcount weight="4" > bulletin </wordcount>
    <wordcount weight="4" > directions </wordcount>
    <wordcount weight="4" > requests </wordcount>
    <wordcount weight="4" > introductory </wordcount>
    <wordcount weight="4" > appointments </wordcount>
    <wordcount weight="4" > considered </wordcount>
    <wordcount weight="4" > membership </wordcount>
    <wordcount weight="4" > integrative </wordcount>
    <wordcount weight="4" > blair </wordcount>
    <wordcount weight="4" > intellectual </wordcount>
    <wordcount weight="4" > best </wordcount>
    <wordcount weight="4" > current </wordcount>
    <wordcount weight="4" > chairman </wordcount>
    <wordcount weight="4" > past </wordcount>
    <wordcount weight="4" > animal </wordcount>
    <wordcount weight="4" > terms </wordcount>
    <wordcount weight="4" > balance </wordcount>
    <wordcount weight="4" > almost </wordcount>
    <wordcount weight="4" > appointed </wordcount>
    <wordcount weight="4" > our </wordcount>
    <wordcount weight="4" > prepared </wordcount>
    <wordcount weight="4" > integrated </wordcount>
    <wordcount weight="4" > states </wordcount>
    <wordcount weight="4" > themselves </wordcount>
    <wordcount weight="4" > solicit </wordcount>
    <wordcount weight="3" > done </wordcount>
    <wordcount weight="3" > common </wordcount>
    <wordcount weight="3" > personnel </wordcount>
    <wordcount weight="3" > expect </wordcount>
    <wordcount weight="3" > competence </wordcount>
    <wordcount weight="3" > before </wordcount>
    <wordcount weight="3" > experience </wordcount>
    <wordcount weight="3" > first </wordcount>
    <wordcount weight="3" > member </wordcount>
    <wordcount weight="3" > address </wordcount>
    <wordcount weight="3" > rapid </wordcount>
    <wordcount weight="3" > colleges </wordcount>
    <wordcount weight="3" > arises </wordcount>
    <wordcount weight="3" > survey </wordcount>
    <wordcount weight="3" > improved </wordcount>
    <wordcount weight="3" > emphasized </wordcount>
    <wordcount weight="3" > marine </wordcount>
    <wordcount weight="3" > synthetic </wordcount>
    <wordcount weight="3" > context </wordcount>
    <wordcount weight="3" > activity </wordcount>
    <wordcount weight="3" > desirable </wordcount>
    <wordcount weight="3" > minimum </wordcount>
    <wordcount weight="3" > dis </wordcount>
    <wordcount weight="3" > priority </wordcount>
    <wordcount weight="3" > elements </wordcount>
    <wordcount weight="3" > served </wordcount>
    <wordcount weight="3" > rates </wordcount>
    <wordcount weight="3" > aim </wordcount>
    <wordcount weight="3" > failed </wordcount>
    <wordcount weight="3" > his </wordcount>
    <wordcount weight="3" > represented </wordcount>
    <wordcount weight="3" > discoveries </wordcount>
    <wordcount weight="3" > feel </wordcount>
    <wordcount weight="3" > clearly </wordcount>
    <wordcount weight="3" > liberal </wordcount>
    <wordcount weight="3" > welfare </wordcount>
    <wordcount weight="3" > beyond </wordcount>
    <wordcount weight="3" > requires </wordcount>
    <wordcount weight="3" > provisional </wordcount>
    <wordcount weight="3" > result </wordcount>
    <wordcount weight="3" > amer </wordcount>
    <wordcount weight="3" > term </wordcount>
    <wordcount weight="3" > wide </wordcount>
    <wordcount weight="3" > impression </wordcount>
    <wordcount weight="3" > expensive </wordcount>
    <wordcount weight="3" > aspects </wordcount>
    <wordcount weight="3" > participation </wordcount>
    <wordcount weight="3" > planning </wordcount>
    <wordcount weight="3" > abroad </wordcount>
    <wordcount weight="3" > purpose </wordcount>
    <wordcount weight="3" > discussions </wordcount>
    <wordcount weight="3" > officers </wordcount>
    <wordcount weight="3" > challenging </wordcount>
    <wordcount weight="3" > regions </wordcount>
    <wordcount weight="3" > quite </wordcount>
    <wordcount weight="3" > oceanography </wordcount>
    <wordcount weight="3" > involved </wordcount>
    <wordcount weight="3" > fully </wordcount>
    <wordcount weight="3" > results </wordcount>
    <wordcount weight="3" > world </wordcount>
    <wordcount weight="3" > preliminary </wordcount>
    <wordcount weight="3" > led </wordcount>
    <wordcount weight="3" > he </wordcount>
    <wordcount weight="3" > demand </wordcount>
    <wordcount weight="3" > service </wordcount>
    <wordcount weight="3" > community </wordcount>
    <wordcount weight="3" > make </wordcount>
    <wordcount weight="3" > interactions </wordcount>
    <wordcount weight="3" > sponsored </wordcount>
    <wordcount weight="3" > selection </wordcount>
    <wordcount weight="3" > manpower </wordcount>
    <wordcount weight="3" > management </wordcount>
    <wordcount weight="3" > included </wordcount>
    <wordcount weight="3" > qualified </wordcount>
    <wordcount weight="3" > experienced </wordcount>
    <wordcount weight="3" > unifying </wordcount>
    <wordcount weight="3" > fundamental </wordcount>
    <wordcount weight="3" > regulation </wordcount>
    <wordcount weight="3" > discussed </wordcount>
    <wordcount weight="3" > monographs </wordcount>
    <wordcount weight="3" > practice </wordcount>
    <wordcount weight="3" > pesticides </wordcount>
    <wordcount weight="3" > active </wordcount>
    <wordcount weight="3" > questions </wordcount>
    <wordcount weight="3" > points </wordcount>
    <wordcount weight="3" > function </wordcount>
    <wordcount weight="3" > summer </wordcount>
    <wordcount weight="3" > plant </wordcount>
    <wordcount weight="3" > appointment </wordcount>
    <wordcount weight="3" > issue </wordcount>
    <wordcount weight="3" > presidential </wordcount>
    <wordcount weight="3" > textbooks </wordcount>
    <wordcount weight="3" > ann </wordcount>
    <wordcount weight="3" > effect </wordcount>
    <wordcount weight="3" > attracted </wordcount>
    <wordcount weight="3" > etc </wordcount>
    <wordcount weight="3" > species </wordcount>
    <wordcount weight="3" > staffed </wordcount>
    <wordcount weight="3" > referred </wordcount>
    <wordcount weight="3" > responsible </wordcount>
    <wordcount weight="3" > united </wordcount>
    <wordcount weight="3" > conservation </wordcount>
    <wordcount weight="3" > series </wordcount>
    <wordcount weight="3" > known </wordcount>
    <wordcount weight="3" > terrestrial </wordcount>
    <wordcount weight="3" > specialized </wordcount>
    <wordcount weight="3" > december </wordcount>
    <wordcount weight="3" > foundation </wordcount>
    <wordcount weight="3" > living </wordcount>
    <wordcount weight="3" > type </wordcount>
    <wordcount weight="3" > merely </wordcount>
    <wordcount weight="3" > evident </wordcount>
    <wordcount weight="3" > them </wordcount>
    <wordcount weight="3" > selected </wordcount>
    <wordcount weight="3" > agricultural </wordcount>
    <wordcount weight="3" > bscs </wordcount>
    <wordcount weight="3" > publishers </wordcount>
    <wordcount weight="3" > techniques </wordcount>
    <wordcount weight="3" > lies </wordcount>
    <wordcount weight="3" > challenges </wordcount>
    <wordcount weight="3" > aims </wordcount>
    <wordcount weight="3" > formation </wordcount>
    <wordcount weight="3" > devoted </wordcount>
    <wordcount weight="3" > washington </wordcount>
    <wordcount weight="3" > accept </wordcount>
    <wordcount weight="3" > imperative </wordcount>
    <wordcount weight="3" > philosophy </wordcount>
    <wordcount weight="3" > entire </wordcount>
    <wordcount weight="3" > strong </wordcount>
    <wordcount weight="3" > major </wordcount>
    <wordcount weight="3" > grants </wordcount>
    <wordcount weight="2" > does </wordcount>
    <wordcount weight="2" > undergraduate </wordcount>
    <wordcount weight="2" > books </wordcount>
    <wordcount weight="2" > mostly </wordcount>
    <wordcount weight="2" > tester </wordcount>
    <wordcount weight="2" > tion </wordcount>
    <wordcount weight="2" > college </wordcount>
    <wordcount weight="2" > ultimate </wordcount>
    <wordcount weight="2" > introduction </wordcount>
    <wordcount weight="2" > becoming </wordcount>
    <wordcount weight="2" > kinds </wordcount>
    <wordcount weight="2" > properly </wordcount>
    <wordcount weight="2" > mankind </wordcount>
    <wordcount weight="2" > schools </wordcount>
    <wordcount weight="2" > completely </wordcount>
    <wordcount weight="2" > considerations </wordcount>
    <wordcount weight="2" > former </wordcount>
    <wordcount weight="2" > reasonably </wordcount>
    <wordcount weight="2" > cycles </wordcount>
    <wordcount weight="2" > paper </wordcount>
    <wordcount weight="2" > accomplishments </wordcount>
    <wordcount weight="2" > stochastic </wordcount>
    <wordcount weight="2" > diversity </wordcount>
    <wordcount weight="2" > stressed </wordcount>
    <wordcount weight="2" > every </wordcount>
    <wordcount weight="2" > attempt </wordcount>
    <wordcount weight="2" > sub </wordcount>
    <wordcount weight="2" > shortage </wordcount>
    <wordcount weight="2" > advanced </wordcount>
    <wordcount weight="2" > experiments </wordcount>
    <wordcount weight="2" > possibilities </wordcount>
    <wordcount weight="2" > book </wordcount>
    <wordcount weight="2" > skills </wordcount>
    <wordcount weight="2" > leading </wordcount>
    <wordcount weight="2" > together </wordcount>
    <wordcount weight="2" > undertake </wordcount>
    <wordcount weight="2" > great </wordcount>
    <wordcount weight="2" > assembled </wordcount>
    <wordcount weight="2" > real </wordcount>
    <wordcount weight="2" > subsequent </wordcount>
    <wordcount weight="2" > strength </wordcount>
    <wordcount weight="2" > vegetation </wordcount>
    <wordcount weight="2" > biologists </wordcount>
    <wordcount weight="2" > written </wordcount>
    <wordcount weight="2" > interviewed </wordcount>
    <wordcount weight="2" > improving </wordcount>
    <wordcount weight="2" > respond </wordcount>
    <wordcount weight="2" > coordinated </wordcount>
    <wordcount weight="2" > courage </wordcount>
    <wordcount weight="2" > formulation </wordcount>
    <wordcount weight="2" > design </wordcount>
    <wordcount weight="2" > capable </wordcount>
    <wordcount weight="2" > tropical </wordcount>
    <wordcount weight="2" > schedule </wordcount>
    <wordcount weight="2" > move </wordcount>
    <wordcount weight="2" > richard </wordcount>
    <wordcount weight="2" > interdisciplinary </wordcount>
    <wordcount weight="2" > conceptual </wordcount>
    <wordcount weight="2" > along </wordcount>
    <wordcount weight="2" > evaluating </wordcount>
    <wordcount weight="2" > corresponding </wordcount>
    <wordcount weight="2" > framework </wordcount>
    <wordcount weight="2" > includes </wordcount>
    <wordcount weight="2" > afterthought </wordcount>
    <wordcount weight="2" > spectrum </wordcount>
    <wordcount weight="2" > due </wordcount>
    <wordcount weight="2" > realized </wordcount>
    <wordcount weight="2" > g </wordcount>
    <wordcount weight="2" > legislators </wordcount>
    <wordcount weight="2" > kind </wordcount>
    <wordcount weight="2" > initiate </wordcount>
    <wordcount weight="2" > cases </wordcount>
    <wordcount weight="2" > underlying </wordcount>
    <wordcount weight="2" > truly </wordcount>
    <wordcount weight="2" > profit </wordcount>
    <wordcount weight="2" > ment </wordcount>
    <wordcount weight="2" > interdepartmental </wordcount>
    <wordcount weight="2" > sears </wordcount>
    <wordcount weight="2" > communities </wordcount>
    <wordcount weight="2" > neces </wordcount>
    <wordcount weight="2" > costs </wordcount>
    <wordcount weight="2" > statements </wordcount>
    <wordcount weight="2" > purely </wordcount>
    <wordcount weight="2" > federal </wordcount>
    <wordcount weight="2" > developed </wordcount>
    <wordcount weight="2" > how </wordcount>
    <wordcount weight="2" > remain </wordcount>
    <wordcount weight="2" > administrative </wordcount>
    <wordcount weight="2" > en </wordcount>
    <wordcount weight="2" > granted </wordcount>
    <wordcount weight="2" > similar </wordcount>
    <wordcount weight="2" > aquatic </wordcount>
    <wordcount weight="2" > danger </wordcount>
    <wordcount weight="2" > congressional </wordcount>
    <wordcount weight="2" > animals </wordcount>
    <wordcount weight="2" > factors </wordcount>
    <wordcount weight="2" > means </wordcount>
    <wordcount weight="2" > solutions </wordcount>
    <wordcount weight="2" > t </wordcount>
    <wordcount weight="2" > consultation </wordcount>
    <wordcount weight="2" > affect </wordcount>
    <wordcount weight="2" > ensure </wordcount>
    <wordcount weight="2" > latter </wordcount>
    <wordcount weight="2" > possibly </wordcount>
    <wordcount weight="2" > organized </wordcount>
    <wordcount weight="2" > branch </wordcount>
    <wordcount weight="2" > director </wordcount>
    <wordcount weight="2" > weather </wordcount>
    <wordcount weight="2" > numbers </wordcount>
    <wordcount weight="2" > frequently </wordcount>
    <wordcount weight="2" > reviewed </wordcount>
    <wordcount weight="2" > four </wordcount>
    <wordcount weight="2" > operate </wordcount>
    <wordcount weight="2" > willing </wordcount>
    <wordcount weight="2" > flow </wordcount>
    <wordcount weight="2" > moving </wordcount>
    <wordcount weight="2" > recog </wordcount>
    <wordcount weight="2" > allow </wordcount>
    <wordcount weight="2" > societies </wordcount>
    <wordcount weight="2" > demands </wordcount>
    <wordcount weight="2" > requirements </wordcount>
    <wordcount weight="2" > vigorous </wordcount>
    <wordcount weight="2" > base </wordcount>
    <wordcount weight="2" > cantlon </wordcount>
    <wordcount weight="2" > academic </wordcount>
    <wordcount weight="2" > equally </wordcount>
    <wordcount weight="2" > informed </wordcount>
    <wordcount weight="2" > institute </wordcount>
    <wordcount weight="2" > reviews </wordcount>
    <wordcount weight="2" > excellent </wordcount>
    <wordcount weight="2" > otherwise </wordcount>
    <wordcount weight="2" > representatives </wordcount>
    <wordcount weight="2" > homeostatic </wordcount>
    <wordcount weight="2" > outstanding </wordcount>
    <wordcount weight="2" > basis </wordcount>
    <wordcount weight="2" > received </wordcount>
    <wordcount weight="2" > organize </wordcount>
    <wordcount weight="2" > strict </wordcount>
    <wordcount weight="2" > unless </wordcount>
    <wordcount weight="2" > stimulating </wordcount>
    <wordcount weight="2" > related </wordcount>
    <wordcount weight="2" > comment </wordcount>
    <wordcount weight="2" > energetics </wordcount>
    <wordcount weight="2" > description </wordcount>
    <wordcount weight="2" > used </wordcount>
    <wordcount weight="2" > constitute </wordcount>
    <wordcount weight="2" > people </wordcount>
    <wordcount weight="2" > bylaw </wordcount>
    <wordcount weight="2" > disciplined </wordcount>
    <wordcount weight="2" > rise </wordcount>
    <wordcount weight="2" > ular </wordcount>
    <wordcount weight="2" > preparation </wordcount>
    <wordcount weight="2" > interpreted </wordcount>
    <wordcount weight="2" > own </wordcount>
    <wordcount weight="2" > gap </wordcount>
    <wordcount weight="2" > chemistry </wordcount>
    <wordcount weight="2" > either </wordcount>
    <wordcount weight="2" > good </wordcount>
    <wordcount weight="2" > solution </wordcount>
    <wordcount weight="2" > sense </wordcount>
    <wordcount weight="2" > revolution </wordcount>
    <wordcount weight="2" > panel </wordcount>
    <wordcount weight="2" > order </wordcount>
    <wordcount weight="2" > met </wordcount>
    <wordcount weight="2" > tended </wordcount>
    <wordcount weight="2" > impossible </wordcount>
    <wordcount weight="2" > coast </wordcount>
    <wordcount weight="2" > proper </wordcount>
    <wordcount weight="2" > actions </wordcount>
    <wordcount weight="2" > undesirable </wordcount>
    <wordcount weight="2" > geographical </wordcount>
    <wordcount weight="2" > subsequently </wordcount>
    <wordcount weight="2" > biologist </wordcount>
    <wordcount weight="2" > bringing </wordcount>
    <wordcount weight="2" > located </wordcount>
    <wordcount weight="2" > put </wordcount>
    <wordcount weight="2" > shanks </wordcount>
    <wordcount weight="2" > positive </wordcount>
    <wordcount weight="2" > single </wordcount>
    <wordcount weight="2" > outlets </wordcount>
    <wordcount weight="2" > yet </wordcount>
    <wordcount weight="2" > thought </wordcount>
    <wordcount weight="2" > restricted </wordcount>
    <wordcount weight="2" > temperate </wordcount>
    <wordcount weight="2" > acting </wordcount>
    <wordcount weight="2" > trophic </wordcount>
    <wordcount weight="2" > two </wordcount>
    <wordcount weight="2" > department </wordcount>
    <wordcount weight="2" > volume </wordcount>
    <wordcount weight="2" > paul </wordcount>
    <wordcount weight="2" > request </wordcount>
    <wordcount weight="2" > responsibilities </wordcount>
    <wordcount weight="2" > addition </wordcount>
    <wordcount weight="2" > proposal </wordcount>
    <wordcount weight="2" > agree </wordcount>
    <wordcount weight="2" > inevitably </wordcount>
    <wordcount weight="2" > diverse </wordcount>
    <wordcount weight="2" > john </wordcount>
    <wordcount weight="2" > doubt </wordcount>
    <wordcount weight="2" > considerable </wordcount>
    <wordcount weight="2" > pennsylvania </wordcount>
    <wordcount weight="2" > man </wordcount>
    <wordcount weight="2" > seldom </wordcount>
    <wordcount weight="2" > serious </wordcount>
    <wordcount weight="2" > never </wordcount>
    <wordcount weight="2" > conclusions </wordcount>
    <wordcount weight="2" > outside </wordcount>
    <wordcount weight="2" > puerto </wordcount>
    <wordcount weight="2" > developing </wordcount>
    <wordcount weight="2" > accepted </wordcount>
    <wordcount weight="2" > establish </wordcount>
    <wordcount weight="2" > eg </wordcount>
    <wordcount weight="2" > original </wordcount>
    <wordcount weight="2" > understanding </wordcount>
    <wordcount weight="2" > treated </wordcount>
    <wordcount weight="2" > values </wordcount>
    <wordcount weight="2" > encouraged </wordcount>
    <wordcount weight="2" > budget </wordcount>
    <wordcount weight="2" > operated </wordcount>
    <wordcount weight="2" > station </wordcount>
    <wordcount weight="2" > virtually </wordcount>
    <wordcount weight="2" > assume </wordcount>
    <wordcount weight="2" > causes </wordcount>
    <wordcount weight="2" > congress </wordcount>
    <wordcount weight="2" > trend </wordcount>
    <wordcount weight="2" > previous </wordcount>
    <wordcount weight="2" > chemical </wordcount>
    <wordcount weight="2" > improvements </wordcount>
    <wordcount weight="2" > described </wordcount>
    <wordcount weight="2" > publish </wordcount>
    <wordcount weight="2" > clear </wordcount>
    <wordcount weight="2" > three </wordcount>
    <wordcount weight="2" > directed </wordcount>
    <wordcount weight="2" > laboratories </wordcount>
    <wordcount weight="2" > authors </wordcount>
    <wordcount weight="2" > agreement </wordcount>
    <wordcount weight="2" > taxonomic </wordcount>
    <wordcount weight="2" > co </wordcount>
    <wordcount weight="2" > times </wordcount>
    <wordcount weight="2" > like </wordcount>
    <wordcount weight="2" > stages </wordcount>
    <wordcount weight="2" > profitably </wordcount>
    <wordcount weight="2" > ap </wordcount>
    <wordcount weight="2" > facing </wordcount>
    <wordcount weight="2" > mainly </wordcount>
    <wordcount weight="2" > accordingly </wordcount>
    <wordcount weight="2" > aaas </wordcount>
    <wordcount weight="2" > molec </wordcount>
    <wordcount weight="2" > tendency </wordcount>
    <wordcount weight="2" > attend </wordcount>
    <wordcount weight="2" > ago </wordcount>
    <wordcount weight="2" > controversial </wordcount>
    <wordcount weight="2" > space </wordcount>
    <wordcount weight="2" > profitable </wordcount>
    <wordcount weight="2" > suggest </wordcount>
    <wordcount weight="2" > depth </wordcount>
    <wordcount weight="2" > aid </wordcount>
    <wordcount weight="2" > tentative </wordcount>
    <wordcount weight="2" > imbalance </wordcount>
    <wordcount weight="2" > lines </wordcount>
    <wordcount weight="2" > upgrade </wordcount>
    <wordcount weight="2" > strongly </wordcount>
    <wordcount weight="2" > velopment </wordcount>
    <wordcount weight="2" > types </wordcount>
    <wordcount weight="2" > arts </wordcount>
    <wordcount weight="2" > sound </wordcount>
    <wordcount weight="2" > matters </wordcount>
    <wordcount weight="2" > freshwater </wordcount>
    <wordcount weight="2" > material </wordcount>
    <wordcount weight="2" > pace </wordcount>
    <wordcount weight="2" > physical </wordcount>
    <wordcount weight="2" > sections </wordcount>
    <wordcount weight="2" > set </wordcount>
    <wordcount weight="2" > over </wordcount>
    <wordcount weight="2" > worth </wordcount>
    <wordcount weight="2" > interested </wordcount>
    <wordcount weight="2" > biol </wordcount>
    <wordcount weight="2" > argue </wordcount>
    <wordcount weight="2" > inquiry </wordcount>
    <wordcount weight="2" > far </wordcount>
    <wordcount weight="2" > cautious </wordcount>
    <wordcount weight="2" > benefit </wordcount>
    <wordcount weight="2" > february </wordcount>
    <wordcount weight="2" > better </wordcount>
    <wordcount weight="2" > consultants </wordcount>
    <wordcount weight="2" > according </wordcount>
    <wordcount weight="2" > senior </wordcount>
    <wordcount weight="2" > physiology </wordcount>
    <wordcount weight="2" > professors </wordcount>
    <wordcount weight="2" > plants </wordcount>
    <wordcount weight="2" > prepare </wordcount>
    <wordcount weight="2" > yield </wordcount>
    <wordcount weight="2" > pesticide </wordcount>
    <wordcount weight="2" > agreed </wordcount>
    <wordcount weight="2" > size </wordcount>
    <wordcount weight="2" > travel </wordcount>
    <wordcount weight="2" > popular </wordcount>
    <wordcount weight="2" > burden </wordcount>
    <wordcount weight="2" > careful </wordcount>
    <wordcount weight="2" > given </wordcount>
    <wordcount weight="2" > exercising </wordcount>
    <wordcount weight="2" > press </wordcount>
    <wordcount weight="2" > november </wordcount>
    <wordcount weight="2" > jour </wordcount>
    <wordcount weight="2" > bio </wordcount>
    <wordcount weight="2" > enthusiasm </wordcount>
    <wordcount weight="2" > staffs </wordcount>
    <wordcount weight="2" > until </wordcount>
    <wordcount weight="2" > models </wordcount>
    <wordcount weight="2" > appendices </wordcount>
    <wordcount weight="2" > aware </wordcount>
    <wordcount weight="2" > land </wordcount>
    <wordcount weight="2" > specialists </wordcount>
    <wordcount weight="2" > evidence </wordcount>
    <wordcount weight="2" > developmental </wordcount>
    <wordcount weight="2" > unified </wordcount>
    <wordcount weight="2" > integration </wordcount>
    <wordcount weight="2" > effects </wordcount>
    <wordcount weight="2" > area </wordcount>
    <wordcount weight="2" > offered </wordcount>
    <wordcount weight="2" > potential </wordcount>
    <wordcount weight="2" > obligation </wordcount>
    <wordcount weight="2" > odum </wordcount>
    <wordcount weight="2" > early </wordcount>
    <wordcount weight="2" > maximum </wordcount>
    <wordcount weight="2" > exclusively </wordcount>
    <wordcount weight="2" > focus </wordcount>
    <wordcount weight="2" > seek </wordcount>
    <wordcount weight="2" > permanent </wordcount>
    <wordcount weight="2" > digest </wordcount>
    <wordcount weight="2" > inventories </wordcount>
    <wordcount weight="1" > dynamic </wordcount>
    <wordcount weight="1" > miller </wordcount>
    <wordcount weight="1" > currently </wordcount>
    <wordcount weight="1" > personally </wordcount>
    <wordcount weight="1" > discourage </wordcount>
    <wordcount weight="1" > page </wordcount>
    <wordcount weight="1" > obligations </wordcount>
    <wordcount weight="1" > accomplish </wordcount>
    <wordcount weight="1" > stu </wordcount>
    <wordcount weight="1" > way </wordcount>
    <wordcount weight="1" > conflicting </wordcount>
    <wordcount weight="1" > undoubtedly </wordcount>
    <wordcount weight="1" > car </wordcount>
    <wordcount weight="1" > adopt </wordcount>
    <wordcount weight="1" > indicated </wordcount>
    <wordcount weight="1" > meaning </wordcount>
    <wordcount weight="1" > conservancy </wordcount>
    <wordcount weight="1" > names </wordcount>
    <wordcount weight="1" > ready </wordcount>
    <wordcount weight="1" > concern </wordcount>
    <wordcount weight="1" > represent </wordcount>
    <wordcount weight="1" > market </wordcount>
    <wordcount weight="1" > affected </wordcount>
    <wordcount weight="1" > vious </wordcount>
    <wordcount weight="1" > resulted </wordcount>
    <wordcount weight="1" > repre </wordcount>
    <wordcount weight="1" > determine </wordcount>
    <wordcount weight="1" > overstated </wordcount>
    <wordcount weight="1" > facili </wordcount>
    <wordcount weight="1" > extends </wordcount>
    <wordcount weight="1" > totally </wordcount>
    <wordcount weight="1" > deciduous </wordcount>
    <wordcount weight="1" > hearings </wordcount>
    <wordcount weight="1" > likewise </wordcount>
    <wordcount weight="1" > liaison </wordcount>
    <wordcount weight="1" > elementary </wordcount>
    <wordcount weight="1" > complex </wordcount>
    <wordcount weight="1" > summarizing </wordcount>
    <wordcount weight="1" > approved </wordcount>
    <wordcount weight="1" > ana </wordcount>
    <wordcount weight="1" > slices </wordcount>
    <wordcount weight="1" > modifica </wordcount>
    <wordcount weight="1" > aca </wordcount>
    <wordcount weight="1" > formed </wordcount>
    <wordcount weight="1" > live </wordcount>
    <wordcount weight="1" > english </wordcount>
    <wordcount weight="1" > h </wordcount>
    <wordcount weight="1" > strictly </wordcount>
    <wordcount weight="1" > situation </wordcount>
    <wordcount weight="1" > sensed </wordcount>
    <wordcount weight="1" > country </wordcount>
    <wordcount weight="1" > behaviour </wordcount>
    <wordcount weight="1" > acceptance </wordcount>
    <wordcount weight="1" > lation </wordcount>
    <wordcount weight="1" > position </wordcount>
    <wordcount weight="1" > justified </wordcount>
    <wordcount weight="1" > history </wordcount>
    <wordcount weight="1" > originality </wordcount>
    <wordcount weight="1" > pose </wordcount>
    <wordcount weight="1" > partments </wordcount>
    <wordcount weight="1" > refers </wordcount>
    <wordcount weight="1" > occurred </wordcount>
    <wordcount weight="1" > behavior </wordcount>
    <wordcount weight="1" > technics </wordcount>
    <wordcount weight="1" > ambitious </wordcount>
    <wordcount weight="1" > secretarial </wordcount>
    <wordcount weight="1" > sys </wordcount>
    <wordcount weight="1" > taxo </wordcount>
    <wordcount weight="1" > feels </wordcount>
    <wordcount weight="1" > edu </wordcount>
    <wordcount weight="1" > arguing </wordcount>
    <wordcount weight="1" > source </wordcount>
    <wordcount weight="1" > meaningless </wordcount>
    <wordcount weight="1" > leads </wordcount>
    <wordcount weight="1" > negative </wordcount>
    <wordcount weight="1" > consistent </wordcount>
    <wordcount weight="1" > functioning </wordcount>
    <wordcount weight="1" > else </wordcount>
    <wordcount weight="1" > modest </wordcount>
    <wordcount weight="1" > hence </wordcount>
    <wordcount weight="1" > ecolog </wordcount>
    <wordcount weight="1" > certainly </wordcount>
    <wordcount weight="1" > backlog </wordcount>
    <wordcount weight="1" > progressed </wordcount>
    <wordcount weight="1" > sabbatical </wordcount>
    <wordcount weight="1" > logistic </wordcount>
    <wordcount weight="1" > introduce </wordcount>
    <wordcount weight="1" > originally </wordcount>
    <wordcount weight="1" > controlled </wordcount>
    <wordcount weight="1" > implications </wordcount>
    <wordcount weight="1" > give </wordcount>
    <wordcount weight="1" > later </wordcount>
    <wordcount weight="1" > taken </wordcount>
    <wordcount weight="1" > feeling </wordcount>
    <wordcount weight="1" > secretary </wordcount>
    <wordcount weight="1" > generated </wordcount>
    <wordcount weight="1" > official </wordcount>
    <wordcount weight="1" > fallout </wordcount>
    <wordcount weight="1" > definition </wordcount>
    <wordcount weight="1" > eration </wordcount>
    <wordcount weight="1" > protoplasm </wordcount>
    <wordcount weight="1" > reach </wordcount>
    <wordcount weight="1" > nesses </wordcount>
    <wordcount weight="1" > continue </wordcount>
    <wordcount weight="1" > secondary </wordcount>
    <wordcount weight="1" > advantage </wordcount>
    <wordcount weight="1" > lessen </wordcount>
    <wordcount weight="1" > correspondingly </wordcount>
    <wordcount weight="1" > accompanied </wordcount>
    <wordcount weight="1" > desire </wordcount>
    <wordcount weight="1" > reasons </wordcount>
    <wordcount weight="1" > disproportionate </wordcount>
    <wordcount weight="1" > turnover </wordcount>
    <wordcount weight="1" > radioecology </wordcount>
    <wordcount weight="1" > fident </wordcount>
    <wordcount weight="1" > histories </wordcount>
    <wordcount weight="1" > potentially </wordcount>
    <wordcount weight="1" > analyses </wordcount>
    <wordcount weight="1" > oper </wordcount>
    <wordcount weight="1" > revisions </wordcount>
    <wordcount weight="1" > ences </wordcount>
    <wordcount weight="1" > reed </wordcount>
    <wordcount weight="1" > room </wordcount>
    <wordcount weight="1" > expense </wordcount>
    <wordcount weight="1" > headquarter </wordcount>
    <wordcount weight="1" > reproduction </wordcount>
    <wordcount weight="1" > schiller </wordcount>
    <wordcount weight="1" > sentation </wordcount>
    <wordcount weight="1" > consist </wordcount>
    <wordcount weight="1" > solicited </wordcount>
    <wordcount weight="1" > concepts </wordcount>
    <wordcount weight="1" > robert </wordcount>
    <wordcount weight="1" > classified </wordcount>
    <wordcount weight="1" > pate </wordcount>
    <wordcount weight="1" > discipline </wordcount>
    <wordcount weight="1" > somewhat </wordcount>
    <wordcount weight="1" > ity </wordcount>
    <wordcount weight="1" > surveys </wordcount>
    <wordcount weight="1" > administered </wordcount>
    <wordcount weight="1" > lution </wordcount>
    <wordcount weight="1" > coniferous </wordcount>
    <wordcount weight="1" > proposals </wordcount>
    <wordcount weight="1" > depends </wordcount>
    <wordcount weight="1" > british </wordcount>
    <wordcount weight="1" > departures </wordcount>
    <wordcount weight="1" > evaluation </wordcount>
    <wordcount weight="1" > fortune </wordcount>
    <wordcount weight="1" > proceed </wordcount>
    <wordcount weight="1" > forum </wordcount>
    <wordcount weight="1" > ver </wordcount>
    <wordcount weight="1" > fused </wordcount>
    <wordcount weight="1" > existence </wordcount>
    <wordcount weight="1" > badly </wordcount>
    <wordcount weight="1" > dr </wordcount>
    <wordcount weight="1" > eastern </wordcount>
    <wordcount weight="1" > gaps </wordcount>
    <wordcount weight="1" > unaware </wordcount>
    <wordcount weight="1" > money </wordcount>
    <wordcount weight="1" > denominators </wordcount>
    <wordcount weight="1" > motion </wordcount>
    <wordcount weight="1" > sought </wordcount>
    <wordcount weight="1" > mathe </wordcount>
    <wordcount weight="1" > advisory </wordcount>
    <wordcount weight="1" > discuss </wordcount>
    <wordcount weight="1" > march </wordcount>
    <wordcount weight="1" > drastic </wordcount>
    <wordcount weight="1" > chapter </wordcount>
    <wordcount weight="1" > determined </wordcount>
    <wordcount weight="1" > compelling </wordcount>
    <wordcount weight="1" > pre </wordcount>
    <wordcount weight="1" > cooperation </wordcount>
    <wordcount weight="1" > facil </wordcount>
    <wordcount weight="1" > shared </wordcount>
    <wordcount weight="1" > vaguely </wordcount>
    <wordcount weight="1" > ance </wordcount>
    <wordcount weight="1" > contradictory </wordcount>
    <wordcount weight="1" > establishing </wordcount>
    <wordcount weight="1" > adopting </wordcount>
    <wordcount weight="1" > assure </wordcount>
    <wordcount weight="1" > functions </wordcount>
    <wordcount weight="1" > alter </wordcount>
    <wordcount weight="1" > october </wordcount>
    <wordcount weight="1" > syllabus </wordcount>
    <wordcount weight="1" > bland </wordcount>
    <wordcount weight="1" > west </wordcount>
    <wordcount weight="1" > silting </wordcount>
    <wordcount weight="1" > say </wordcount>
    <wordcount weight="1" > reflecting </wordcount>
    <wordcount weight="1" > processes </wordcount>
    <wordcount weight="1" > establishment </wordcount>
    <wordcount weight="1" > biotronic </wordcount>
    <wordcount weight="1" > laws </wordcount>
    <wordcount weight="1" > monu </wordcount>
    <wordcount weight="1" > apply </wordcount>
    <wordcount weight="1" > representing </wordcount>
    <wordcount weight="1" > plied </wordcount>
    <wordcount weight="1" > irrational </wordcount>
    <wordcount weight="1" > prevented </wordcount>
    <wordcount weight="1" > sand </wordcount>
    <wordcount weight="1" > hazard </wordcount>
    <wordcount weight="1" > split </wordcount>
    <wordcount weight="1" > phenomenal </wordcount>
    <wordcount weight="1" > facets </wordcount>
    <wordcount weight="1" > bot </wordcount>
    <wordcount weight="1" > expanded </wordcount>
    <wordcount weight="1" > repeatedly </wordcount>
    <wordcount weight="1" > entomologists </wordcount>
    <wordcount weight="1" > lewontin </wordcount>
    <wordcount weight="1" > build </wordcount>
    <wordcount weight="1" > andrew </wordcount>
    <wordcount weight="1" > throughout </wordcount>
    <wordcount weight="1" > fun </wordcount>
    <wordcount weight="1" > cluded </wordcount>
    <wordcount weight="1" > proceeded </wordcount>
    <wordcount weight="1" > ogy </wordcount>
    <wordcount weight="1" > dynamics </wordcount>
    <wordcount weight="1" > inevitable </wordcount>
    <wordcount weight="1" > ciplines </wordcount>
    <wordcount weight="1" > backgrounds </wordcount>
    <wordcount weight="1" > interior </wordcount>
    <wordcount weight="1" > against </wordcount>
    <wordcount weight="1" > silent </wordcount>
    <wordcount weight="1" > author </wordcount>
    <wordcount weight="1" > specifiable </wordcount>
    <wordcount weight="1" > characteristic </wordcount>
    <wordcount weight="1" > regarded </wordcount>
    <wordcount weight="1" > lish </wordcount>
    <wordcount weight="1" > adopted </wordcount>
    <wordcount weight="1" > interrelationships </wordcount>
    <wordcount weight="1" > afford </wordcount>
    <wordcount weight="1" > application </wordcount>
    <wordcount weight="1" > conducted </wordcount>
    <wordcount weight="1" > overt </wordcount>
    <wordcount weight="1" > materially </wordcount>
    <wordcount weight="1" > nually </wordcount>
    <wordcount weight="1" > insofar </wordcount>
    <wordcount weight="1" > topic </wordcount>
    <wordcount weight="1" > assured </wordcount>
    <wordcount weight="1" > abatement </wordcount>
    <wordcount weight="1" > arena </wordcount>
    <wordcount weight="1" > spans </wordcount>
    <wordcount weight="1" > guided </wordcount>
    <wordcount weight="1" > lytical </wordcount>
    <wordcount weight="1" > old </wordcount>
    <wordcount weight="1" > reluctance </wordcount>
    <wordcount weight="1" > keep </wordcount>
    <wordcount weight="1" > depend </wordcount>
    <wordcount weight="1" > concerning </wordcount>
    <wordcount weight="1" > tomary </wordcount>
    <wordcount weight="1" > convincing </wordcount>
    <wordcount weight="1" > amount </wordcount>
    <wordcount weight="1" > back </wordcount>
    <wordcount weight="1" > subjects </wordcount>
    <wordcount weight="1" > legis </wordcount>
    <wordcount weight="1" > differently </wordcount>
    <wordcount weight="1" > highest </wordcount>
    <wordcount weight="1" > hopefully </wordcount>
    <wordcount weight="1" > response </wordcount>
    <wordcount weight="1" > six </wordcount>
    <wordcount weight="1" > allowing </wordcount>
    <wordcount weight="1" > compared </wordcount>
    <wordcount weight="1" > ally </wordcount>
    <wordcount weight="1" > left </wordcount>
    <wordcount weight="1" > formulate </wordcount>
    <wordcount weight="1" > storage </wordcount>
    <wordcount weight="1" > explore </wordcount>
    <wordcount weight="1" > geological </wordcount>
    <wordcount weight="1" > forecast </wordcount>
    <wordcount weight="1" > designed </wordcount>
    <wordcount weight="1" > journal </wordcount>
    <wordcount weight="1" > practically </wordcount>
    <wordcount weight="1" > sary </wordcount>
    <wordcount weight="1" > demonstration </wordcount>
    <wordcount weight="1" > exempt </wordcount>
    <wordcount weight="1" > strengthening </wordcount>
    <wordcount weight="1" > interagency </wordcount>
    <wordcount weight="1" > leadership </wordcount>
    <wordcount weight="1" > hardly </wordcount>
    <wordcount weight="1" > generation </wordcount>
    <wordcount weight="1" > weakness </wordcount>
    <wordcount weight="1" > talent </wordcount>
    <wordcount weight="1" > competitive </wordcount>
    <wordcount weight="1" > imperfectably </wordcount>
    <wordcount weight="1" > error </wordcount>
    <wordcount weight="1" > kept </wordcount>
    <wordcount weight="1" > higher </wordcount>
    <wordcount weight="1" > pay </wordcount>
    <wordcount weight="1" > operation </wordcount>
    <wordcount weight="1" > mea </wordcount>
    <wordcount weight="1" > fort </wordcount>
    <wordcount weight="1" > york </wordcount>
    <wordcount weight="1" > whose </wordcount>
    <wordcount weight="1" > cially </wordcount>
    <wordcount weight="1" > understands </wordcount>
    <wordcount weight="1" > operations </wordcount>
    <wordcount weight="1" > exact </wordcount>
    <wordcount weight="1" > act </wordcount>
    <wordcount weight="1" > growth </wordcount>
    <wordcount weight="1" > performance </wordcount>
    <wordcount weight="1" > publishes </wordcount>
    <wordcount weight="1" > ratings </wordcount>
    <wordcount weight="1" > preparing </wordcount>
    <wordcount weight="1" > capture </wordcount>
    <wordcount weight="1" > notion </wordcount>
    <wordcount weight="1" > process </wordcount>
    <wordcount weight="1" > nonliving </wordcount>
    <wordcount weight="1" > broaden </wordcount>
    <wordcount weight="1" > undergraduates </wordcount>
    <wordcount weight="1" > sarily </wordcount>
    <wordcount weight="1" > opportunity </wordcount>
    <wordcount weight="1" > dealt </wordcount>
    <wordcount weight="1" > heard </wordcount>
    <wordcount weight="1" > proportion </wordcount>
    <wordcount weight="1" > lasted </wordcount>
    <wordcount weight="1" > legal </wordcount>
    <wordcount weight="1" > ex </wordcount>
    <wordcount weight="1" > turn </wordcount>
    <wordcount weight="1" > direct </wordcount>
    <wordcount weight="1" > balanced </wordcount>
    <wordcount weight="1" > ix </wordcount>
    <wordcount weight="1" > internat </wordcount>
    <wordcount weight="1" > scribed </wordcount>
    <wordcount weight="1" > govern </wordcount>
    <wordcount weight="1" > arbor </wordcount>
    <wordcount weight="1" > photosynethetic </wordcount>
    <wordcount weight="1" > provides </wordcount>
    <wordcount weight="1" > precious </wordcount>
    <wordcount weight="1" > supposed </wordcount>
    <wordcount weight="1" > rosters </wordcount>
    <wordcount weight="1" > replete </wordcount>
    <wordcount weight="1" > reason </wordcount>
    <wordcount weight="1" > changes </wordcount>
    <wordcount weight="1" > acquisition </wordcount>
    <wordcount weight="1" > facilitated </wordcount>
    <wordcount weight="1" > improvement </wordcount>
    <wordcount weight="1" > nitrogen </wordcount>
    <wordcount weight="1" > rated </wordcount>
    <wordcount weight="1" > familiar </wordcount>
    <wordcount weight="1" > intensive </wordcount>
    <wordcount weight="1" > emergence </wordcount>
    <wordcount weight="1" > interim </wordcount>
    <wordcount weight="1" > sored </wordcount>
    <wordcount weight="1" > just </wordcount>
    <wordcount weight="1" > days </wordcount>
    <wordcount weight="1" > n </wordcount>
    <wordcount weight="1" > house </wordcount>
    <wordcount weight="1" > plications </wordcount>
    <wordcount weight="1" > recycling </wordcount>
    <wordcount weight="1" > weak </wordcount>
    <wordcount weight="1" > vitality </wordcount>
    <wordcount weight="1" > observations </wordcount>
    <wordcount weight="1" > upper </wordcount>
    <wordcount weight="1" > benefited </wordcount>
    <wordcount weight="1" > situations </wordcount>
    <wordcount weight="1" > age </wordcount>
    <wordcount weight="1" > orientation </wordcount>
    <wordcount weight="1" > pedagogical </wordcount>
    <wordcount weight="1" > initiative </wordcount>
    <wordcount weight="1" > racing </wordcount>
    <wordcount weight="1" > heading </wordcount>
    <wordcount weight="1" > additional </wordcount>
    <wordcount weight="1" > continual </wordcount>
    <wordcount weight="1" > follow </wordcount>
    <wordcount weight="1" > readings </wordcount>
    <wordcount weight="1" > devices </wordcount>
    <wordcount weight="1" > avert </wordcount>
    <wordcount weight="1" > annually </wordcount>
    <wordcount weight="1" > undertaken </wordcount>
    <wordcount weight="1" > definite </wordcount>
    <wordcount weight="1" > prairie </wordcount>
    <wordcount weight="1" > always </wordcount>
    <wordcount weight="1" > detonate </wordcount>
    <wordcount weight="1" > infrequently </wordcount>
    <wordcount weight="1" > answers </wordcount>
    <wordcount weight="1" > dominant </wordcount>
    <wordcount weight="1" > care </wordcount>
    <wordcount weight="1" > faced </wordcount>
    <wordcount weight="1" > providing </wordcount>
    <wordcount weight="1" > constitution </wordcount>
    <wordcount weight="1" > promote </wordcount>
    <wordcount weight="1" > dc </wordcount>
    <wordcount weight="1" > graduates </wordcount>
    <wordcount weight="1" > ogists </wordcount>
    <wordcount weight="1" > union </wordcount>
    <wordcount weight="1" > experimentation </wordcount>
    <wordcount weight="1" > tween </wordcount>
    <wordcount weight="1" > legislative </wordcount>
    <wordcount weight="1" > my </wordcount>
    <wordcount weight="1" > acceptable </wordcount>
    <wordcount weight="1" > lead </wordcount>
    <wordcount weight="1" > whom </wordcount>
    <wordcount weight="1" > ecolo </wordcount>
    <wordcount weight="1" > questioned </wordcount>
    <wordcount weight="1" > sium </wordcount>
    <wordcount weight="1" > soliciting </wordcount>
    <wordcount weight="1" > medicine </wordcount>
    <wordcount weight="1" > found </wordcount>
    <wordcount weight="1" > erosion </wordcount>
    <wordcount weight="1" > traditionally </wordcount>
    <wordcount weight="1" > cell </wordcount>
    <wordcount weight="1" > molecules </wordcount>
    <wordcount weight="1" > effort </wordcount>
    <wordcount weight="1" > centers </wordcount>
    <wordcount weight="1" > generates </wordcount>
    <wordcount weight="1" > creates </wordcount>
    <wordcount weight="1" > deal </wordcount>
    <wordcount weight="1" > vironmental </wordcount>
    <wordcount weight="1" > scenes </wordcount>
    <wordcount weight="1" > austin </wordcount>
    <wordcount weight="1" > criticisms </wordcount>
    <wordcount weight="1" > events </wordcount>
    <wordcount weight="1" > carleton </wordcount>
    <wordcount weight="1" > imagination </wordcount>
    <wordcount weight="1" > aloof </wordcount>
    <wordcount weight="1" > perpetuating </wordcount>
    <wordcount weight="1" > persist </wordcount>
    <wordcount weight="1" > homeostasis </wordcount>
    <wordcount weight="1" > feasibility </wordcount>
    <wordcount weight="1" > nutrient </wordcount>
    <wordcount weight="1" > representative </wordcount>
    <wordcount weight="1" > inter </wordcount>
    <wordcount weight="1" > popu </wordcount>
    <wordcount weight="1" > acquiring </wordcount>
    <wordcount weight="1" > tran </wordcount>
    <wordcount weight="1" > though </wordcount>
    <wordcount weight="1" > cultural </wordcount>
    <wordcount weight="1" > focused </wordcount>
    <wordcount weight="1" > fellowships </wordcount>
    <wordcount weight="1" > ornithologist </wordcount>
    <wordcount weight="1" > indirect </wordcount>
    <wordcount weight="1" > persons </wordcount>
    <wordcount weight="1" > priorities </wordcount>
    <wordcount weight="1" > suffered </wordcount>
    <wordcount weight="1" > deliberations </wordcount>
    <wordcount weight="1" > younger </wordcount>
    <wordcount weight="1" > record </wordcount>
    <wordcount weight="1" > equip </wordcount>
    <wordcount weight="1" > produce </wordcount>
    <wordcount weight="1" > perform </wordcount>
    <wordcount weight="1" > refuge </wordcount>
    <wordcount weight="1" > explain </wordcount>
    <wordcount weight="1" > opposition </wordcount>
    <wordcount weight="1" > photo </wordcount>
    <wordcount weight="1" > lease </wordcount>
    <wordcount weight="1" > filter </wordcount>
    <wordcount weight="1" > near </wordcount>
    <wordcount weight="1" > governing </wordcount>
    <wordcount weight="1" > expressions </wordcount>
    <wordcount weight="1" > receive </wordcount>
    <wordcount weight="1" > advisor </wordcount>
    <wordcount weight="1" > failure </wordcount>
    <wordcount weight="1" > sites </wordcount>
    <wordcount weight="1" > velop </wordcount>
    <wordcount weight="1" > nition </wordcount>
    <wordcount weight="1" > having </wordcount>
    <wordcount weight="1" > onus </wordcount>
    <wordcount weight="1" > trial </wordcount>
    <wordcount weight="1" > distinguish </wordcount>
    <wordcount weight="1" > literature </wordcount>
    <wordcount weight="1" > assistants </wordcount>
    <wordcount weight="1" > sity </wordcount>
    <wordcount weight="1" > strengths </wordcount>
    <wordcount weight="1" > cus </wordcount>
    <wordcount weight="1" > evo </wordcount>
    <wordcount weight="1" > comprises </wordcount>
    <wordcount weight="1" > dissatisfaction </wordcount>
    <wordcount weight="1" > claim </wordcount>
    <wordcount weight="1" > subtler </wordcount>
    <wordcount weight="1" > concept </wordcount>
    <wordcount weight="1" > example </wordcount>
    <wordcount weight="1" > civil </wordcount>
    <wordcount weight="1" > tenure </wordcount>
    <wordcount weight="1" > caught </wordcount>
    <wordcount weight="1" > ecologist </wordcount>
    <wordcount weight="1" > whole </wordcount>
    <wordcount weight="1" > continuation </wordcount>
    <wordcount weight="1" > gave </wordcount>
    <wordcount weight="1" > describe </wordcount>
    <wordcount weight="1" > refined </wordcount>
    <wordcount weight="1" > literally </wordcount>
    <wordcount weight="1" > structures </wordcount>
    <wordcount weight="1" > stimulate </wordcount>
    <wordcount weight="1" > saskatchewan </wordcount>
    <wordcount weight="1" > demon </wordcount>
    <wordcount weight="1" > device </wordcount>
    <wordcount weight="1" > mathematical </wordcount>
    <wordcount weight="1" > personal </wordcount>
    <wordcount weight="1" > contentious </wordcount>
    <wordcount weight="1" > revaluation </wordcount>
    <wordcount weight="1" > legislation </wordcount>
    <wordcount weight="1" > participate </wordcount>
    <wordcount weight="1" > manage </wordcount>
    <wordcount weight="1" > gently </wordcount>
    <wordcount weight="1" > specifi </wordcount>
    <wordcount weight="1" > horizon </wordcount>
    <wordcount weight="1" > graph </wordcount>
    <wordcount weight="1" > strongest </wordcount>
    <wordcount weight="1" > change </wordcount>
    <wordcount weight="1" > least </wordcount>
    <wordcount weight="1" > optimal </wordcount>
    <wordcount weight="1" > successful </wordcount>
    <wordcount weight="1" > working </wordcount>
    <wordcount weight="1" > below </wordcount>
    <wordcount weight="1" > useful </wordcount>
    <wordcount weight="1" > buildings </wordcount>
    <wordcount weight="1" > shaping </wordcount>
    <wordcount weight="1" > things </wordcount>
    <wordcount weight="1" > enrollment </wordcount>
    <wordcount weight="1" > adequacy </wordcount>
    <wordcount weight="1" > biogeochemistry </wordcount>
    <wordcount weight="1" > instrumentation </wordcount>
    <wordcount weight="1" > multitude </wordcount>
    <wordcount weight="1" > stimulated </wordcount>
    <wordcount weight="1" > sharp </wordcount>
    <wordcount weight="1" > hole </wordcount>
    <wordcount weight="1" > davis </wordcount>
    <wordcount weight="1" > specifically </wordcount>
    <wordcount weight="1" > around </wordcount>
    <wordcount weight="1" > talents </wordcount>
    <wordcount weight="1" > small </wordcount>
    <wordcount weight="1" > calling </wordcount>
    <wordcount weight="1" > cellular </wordcount>
    <wordcount weight="1" > characteristics </wordcount>
    <wordcount weight="1" > sufficient </wordcount>
    <wordcount weight="1" > driving </wordcount>
    <wordcount weight="1" > wider </wordcount>
    <wordcount weight="1" > ists </wordcount>
    <wordcount weight="1" > smithsonian </wordcount>
    <wordcount weight="1" > truisms </wordcount>
    <wordcount weight="1" > highly </wordcount>
    <wordcount weight="1" > components </wordcount>
    <wordcount weight="1" > mini </wordcount>
    <wordcount weight="1" > routine </wordcount>
    <wordcount weight="1" > transfer </wordcount>
    <wordcount weight="1" > comfort </wordcount>
    <wordcount weight="1" > compromise </wordcount>
    <wordcount weight="1" > invaluable </wordcount>
    <wordcount weight="1" > postdoctoral </wordcount>
    <wordcount weight="1" > climate </wordcount>
    <wordcount weight="1" > differing </wordcount>
    <wordcount weight="1" > budgets </wordcount>
    <wordcount weight="1" > core </wordcount>
    <wordcount weight="1" > generally </wordcount>
    <wordcount weight="1" > paleoecology </wordcount>
    <wordcount weight="1" > ysis </wordcount>
    <wordcount weight="1" > progress </wordcount>
    <wordcount weight="1" > necessity </wordcount>
    <wordcount weight="1" > subcom </wordcount>
    <wordcount weight="1" > paid </wordcount>
    <wordcount weight="1" > correspondence </wordcount>
    <wordcount weight="1" > peculiar </wordcount>
    <wordcount weight="1" > roots </wordcount>
    <wordcount weight="1" > notes </wordcount>
    <wordcount weight="1" > reflected </wordcount>
    <wordcount weight="1" > feasible </wordcount>
    <wordcount weight="1" > finds </wordcount>
    <wordcount weight="1" > moved </wordcount>
    <wordcount weight="1" > behalf </wordcount>
    <wordcount weight="1" > avoid </wordcount>
    <wordcount weight="1" > particpation </wordcount>
    <wordcount weight="1" > appeal </wordcount>
    <wordcount weight="1" > tasks </wordcount>
    <wordcount weight="1" > san </wordcount>
    <wordcount weight="1" > noteworthy </wordcount>
    <wordcount weight="1" > second </wordcount>
    <wordcount weight="1" > habitats </wordcount>
    <wordcount weight="1" > ical </wordcount>
    <wordcount weight="1" > fortunate </wordcount>
    <wordcount weight="1" > matter </wordcount>
    <wordcount weight="1" > ernment </wordcount>
    <wordcount weight="1" > variety </wordcount>
    <wordcount weight="1" > summarize </wordcount>
    <wordcount weight="1" > tronic </wordcount>
    <wordcount weight="1" > requirement </wordcount>
    <wordcount weight="1" > letters </wordcount>
    <wordcount weight="1" > employ </wordcount>
    <wordcount weight="1" > gather </wordcount>
    <wordcount weight="1" > economic </wordcount>
    <wordcount weight="1" > gradual </wordcount>
    <wordcount weight="1" > overall </wordcount>
    <wordcount weight="1" > ia </wordcount>
    <wordcount weight="1" > pesti </wordcount>
    <wordcount weight="1" > tide </wordcount>
    <wordcount weight="1" > released </wordcount>
    <wordcount weight="1" > eminent </wordcount>
    <wordcount weight="1" > spend </wordcount>
    <wordcount weight="1" > merits </wordcount>
    <wordcount weight="1" > neverthe </wordcount>
    <wordcount weight="1" > poor </wordcount>
    <wordcount weight="1" > april </wordcount>
    <wordcount weight="1" > chairmanship </wordcount>
    <wordcount weight="1" > diver </wordcount>
    <wordcount weight="1" > nuclides </wordcount>
    <wordcount weight="1" > bill </wordcount>
    <wordcount weight="1" > woods </wordcount>
    <wordcount weight="1" > comments </wordcount>
    <wordcount weight="1" > standing </wordcount>
    <wordcount weight="1" > unprecedented </wordcount>
    <wordcount weight="1" > decisions </wordcount>
    <wordcount weight="1" > tends </wordcount>
    <wordcount weight="1" > structural </wordcount>
    <wordcount weight="1" > gent </wordcount>
    <wordcount weight="1" > spectacular </wordcount>
    <wordcount weight="1" > demic </wordcount>
    <wordcount weight="1" > para </wordcount>
    <wordcount weight="1" > sponsorship </wordcount>
    <wordcount weight="1" > ferior </wordcount>
    <wordcount weight="1" > guide </wordcount>
    <wordcount weight="1" > meritorious </wordcount>
    <wordcount weight="1" > collect </wordcount>
    <wordcount weight="1" > inception </wordcount>
    <wordcount weight="1" > competition </wordcount>
    <wordcount weight="1" > museum </wordcount>
    <wordcount weight="1" > reference </wordcount>
    <wordcount weight="1" > dandelion </wordcount>
    <wordcount weight="1" > arrangements </wordcount>
    <wordcount weight="1" > opportunities </wordcount>
    <wordcount weight="1" > represents </wordcount>
    <wordcount weight="1" > happened </wordcount>
    <wordcount weight="1" > continuity </wordcount>
    <wordcount weight="1" > exposure </wordcount>
    <wordcount weight="1" > supplementary </wordcount>
    <wordcount weight="1" > challenged </wordcount>
    <wordcount weight="1" > inconsistencies </wordcount>
    <wordcount weight="1" > retraining </wordcount>
    <wordcount weight="1" > us </wordcount>
    <wordcount weight="1" > processing </wordcount>
    <wordcount weight="1" > tax </wordcount>
    <wordcount weight="1" > planned </wordcount>
    <wordcount weight="1" > extinction </wordcount>
    <wordcount weight="1" > collectively </wordcount>
    <wordcount weight="1" > gov </wordcount>
    <wordcount weight="1" > intolerable </wordcount>
    <wordcount weight="1" > sales </wordcount>
    <wordcount weight="1" > experiment </wordcount>
    <wordcount weight="1" > unusually </wordcount>
    <wordcount weight="1" > disagreed </wordcount>
    <wordcount weight="1" > typed </wordcount>
    <wordcount weight="1" > retired </wordcount>
    <wordcount weight="1" > mechan </wordcount>
    <wordcount weight="1" > organizations </wordcount>
    <wordcount weight="1" > deevey </wordcount>
    <wordcount weight="1" > comfortable </wordcount>
    <wordcount weight="1" > technique </wordcount>
    <wordcount weight="1" > inflexible </wordcount>
    <wordcount weight="1" > neglect </wordcount>
    <wordcount weight="1" > bring </wordcount>
    <wordcount weight="1" > again </wordcount>
    <wordcount weight="1" > genecology </wordcount>
    <wordcount weight="1" > others </wordcount>
    <wordcount weight="1" > stating </wordcount>
    <wordcount weight="1" > academy </wordcount>
    <wordcount weight="1" > pointed </wordcount>
    <wordcount weight="1" > unintentional </wordcount>
    <wordcount weight="1" > similarly </wordcount>
    <wordcount weight="1" > ask </wordcount>
    <wordcount weight="1" > analytical </wordcount>
    <wordcount weight="1" > phosphorous </wordcount>
    <wordcount weight="1" > longer </wordcount>
    <wordcount weight="1" > freshman </wordcount>
    <wordcount weight="1" > lobby </wordcount>
    <wordcount weight="1" > isms </wordcount>
    <wordcount weight="1" > abilities </wordcount>
    <wordcount weight="1" > pressure </wordcount>
    <wordcount weight="1" > departments </wordcount>
    <wordcount weight="1" > creative </wordcount>
    <wordcount weight="1" > appeared </wordcount>
    <wordcount weight="1" > beryllium </wordcount>
    <wordcount weight="1" > abstract </wordcount>
    <wordcount weight="1" > exclusion </wordcount>
    <wordcount weight="1" > nize </wordcount>
    <wordcount weight="1" > lacks </wordcount>
    <wordcount weight="1" > enable </wordcount>
    <wordcount weight="1" > habitat </wordcount>
    <wordcount weight="1" > upgrading </wordcount>
    <wordcount weight="1" > understandable </wordcount>
    <wordcount weight="1" > anal </wordcount>
    <wordcount weight="1" > grows </wordcount>
    <wordcount weight="1" > end </wordcount>
    <wordcount weight="1" > granting </wordcount>
    <wordcount weight="1" > manned </wordcount>
    <wordcount weight="1" > impending </wordcount>
    <wordcount weight="1" > pattern </wordcount>
    <wordcount weight="1" > observes </wordcount>
    <wordcount weight="1" > sympo </wordcount>
    <wordcount weight="1" > surrounding </wordcount>
    <wordcount weight="1" > took </wordcount>
    <wordcount weight="1" > fits </wordcount>
    <wordcount weight="1" > reasonable </wordcount>
    <wordcount weight="1" > publ </wordcount>
    <wordcount weight="1" > v </wordcount>
    <wordcount weight="1" > cation </wordcount>
    <wordcount weight="1" > operating </wordcount>
    <wordcount weight="1" > model </wordcount>
    <wordcount weight="1" > manner </wordcount>
    <wordcount weight="1" > non </wordcount>
    <wordcount weight="1" > karl </wordcount>
    <wordcount weight="1" > forth </wordcount>
    <wordcount weight="1" > ports </wordcount>
    <wordcount weight="1" > paired </wordcount>
    <wordcount weight="1" > liter </wordcount>
    <wordcount weight="1" > consultant </wordcount>
    <wordcount weight="1" > weaken </wordcount>
    <wordcount weight="1" > remarked </wordcount>
    <wordcount weight="1" > belief </wordcount>
    <wordcount weight="1" > project </wordcount>
    <wordcount weight="1" > intangible </wordcount>
    <wordcount weight="1" > controversy </wordcount>
    <wordcount weight="1" > ordinary </wordcount>
    <wordcount weight="1" > unleashing </wordcount>
    <wordcount weight="1" > gives </wordcount>
    <wordcount weight="1" > inject </wordcount>
    <wordcount weight="1" > recommend </wordcount>
    <wordcount weight="1" > outlines </wordcount>
    <wordcount weight="1" > anticipate </wordcount>
    <wordcount weight="1" > degree </wordcount>
    <wordcount weight="1" > remove </wordcount>
    <wordcount weight="1" > submit </wordcount>
    <wordcount weight="1" > another </wordcount>
    <wordcount weight="1" > local </wordcount>
    <wordcount weight="1" > physiologists </wordcount>
    <wordcount weight="1" > authorized </wordcount>
    <wordcount weight="1" > radioactive </wordcount>
    <wordcount weight="1" > becomes </wordcount>
    <wordcount weight="1" > credit </wordcount>
    <wordcount weight="1" > apt </wordcount>
    <wordcount weight="1" > investigators </wordcount>
    <wordcount weight="1" > meaningful </wordcount>
    <wordcount weight="1" > sepa </wordcount>
    <wordcount weight="1" > negated </wordcount>
    <wordcount weight="1" > session </wordcount>
    <wordcount weight="1" > indiana </wordcount>
    <wordcount weight="1" > lost </wordcount>
    <wordcount weight="1" > restrictions </wordcount>
    <wordcount weight="1" > discovery </wordcount>
    <wordcount weight="1" > gressional </wordcount>
    <wordcount weight="1" > espe </wordcount>
    <wordcount weight="1" > gradu </wordcount>
    <wordcount weight="1" > bear </wordcount>
    <wordcount weight="1" > strating </wordcount>
    <wordcount weight="1" > biotronics </wordcount>
    <wordcount weight="1" > officially </wordcount>
    <wordcount weight="1" > formal </wordcount>
    <wordcount weight="1" > region </wordcount>
    <wordcount weight="1" > systematics </wordcount>
    <wordcount weight="1" > incompatibility </wordcount>
    <wordcount weight="1" > desperate </wordcount>
    <wordcount weight="1" > dollar </wordcount>
    <wordcount weight="1" > judge </wordcount>
    <wordcount weight="1" > load </wordcount>
    <wordcount weight="1" > controlling </wordcount>
    <wordcount weight="1" > entirely </wordcount>
    <wordcount weight="1" > waste </wordcount>
    <wordcount weight="1" > food </wordcount>
    <wordcount weight="1" > exciting </wordcount>
    <wordcount weight="1" > factor </wordcount>
    <wordcount weight="1" > net </wordcount>
    <wordcount weight="1" > insure </wordcount>
    <wordcount weight="1" > refresher </wordcount>
    <wordcount weight="1" > actual </wordcount>
    <wordcount weight="1" > services </wordcount>
    <wordcount weight="1" > merit </wordcount>
    <wordcount weight="1" > chosen </wordcount>
    <wordcount weight="1" > office </wordcount>
    <wordcount weight="1" > ob </wordcount>
    <wordcount weight="1" > advantages </wordcount>
    <wordcount weight="1" > nevertheless </wordcount>
    <wordcount weight="1" > contribution </wordcount>
    <wordcount weight="1" > nuclear </wordcount>
    <wordcount weight="1" > ties </wordcount>
    <wordcount weight="1" > significance </wordcount>
    <wordcount weight="1" > bioscience </wordcount>
    <wordcount weight="1" > discovered </wordcount>
    <wordcount weight="1" > switched </wordcount>
    <wordcount weight="1" > stress </wordcount>
    <wordcount weight="1" > comprehensive </wordcount>
    <wordcount weight="1" > express </wordcount>
    <wordcount weight="1" > inadequate </wordcount>
    <wordcount weight="1" > obtaining </wordcount>
    <wordcount weight="1" > faculty </wordcount>
    <wordcount weight="1" > dents </wordcount>
    <wordcount weight="1" > interpret </wordcount>
    <wordcount weight="1" > counter </wordcount>
    <wordcount weight="1" > held </wordcount>
    <wordcount weight="1" > lished </wordcount>
    <wordcount weight="1" > symposium </wordcount>
    <wordcount weight="1" > editorship </wordcount>
    <wordcount weight="1" > divisions </wordcount>
    <wordcount weight="1" > organism </wordcount>
    <wordcount weight="1" > flood </wordcount>
    <wordcount weight="1" > period </wordcount>
    <wordcount weight="1" > unpub </wordcount>
    <wordcount weight="1" > him </wordcount>
    <wordcount weight="1" > cally </wordcount>
    <wordcount weight="1" > uni </wordcount>
    <wordcount weight="1" > obtained </wordcount>
    <wordcount weight="1" > lie </wordcount>
    <wordcount weight="1" > shortly </wordcount>
    <wordcount weight="1" > after </wordcount>
    <wordcount weight="1" > dell </wordcount>
    <wordcount weight="1" > last </wordcount>
    <wordcount weight="1" > wish </wordcount>
    <wordcount weight="1" > expressing </wordcount>
    <wordcount weight="1" > predoctoral </wordcount>
    <wordcount weight="1" > damental </wordcount>
    <wordcount weight="1" > quick </wordcount>
    <wordcount weight="1" > agri </wordcount>
    <wordcount weight="1" > m </wordcount>
    <wordcount weight="1" > mcmahon </wordcount>
    <wordcount weight="1" > somehow </wordcount>
    <wordcount weight="1" > trying </wordcount>
    <wordcount weight="1" > imaginative </wordcount>
    <wordcount weight="1" > molding </wordcount>
    <wordcount weight="1" > wise </wordcount>
    <wordcount weight="1" > acquire </wordcount>
    <wordcount weight="1" > availability </wordcount>
    <wordcount weight="1" > mr </wordcount>
    <wordcount weight="1" > judgement </wordcount>
    <wordcount weight="1" > seeking </wordcount>
    <wordcount weight="1" > comfortably </wordcount>
    <wordcount weight="1" > implication </wordcount>
    <wordcount weight="1" > sug </wordcount>
    <wordcount weight="1" > analyze </wordcount>
    <wordcount weight="1" > differ </wordcount>
    <wordcount weight="1" > northern </wordcount>
    <wordcount weight="1" > principal </wordcount>
    <wordcount weight="1" > occupied </wordcount>
    <wordcount weight="1" > institution </wordcount>
    <wordcount weight="1" > relative </wordcount>
    <wordcount weight="1" > nomic </wordcount>
    <wordcount weight="1" > quarter </wordcount>
    <wordcount weight="1" > awareness </wordcount>
    <wordcount weight="1" > irresponsible </wordcount>
    <wordcount weight="1" > specialties </wordcount>
    <wordcount weight="1" > awaiting </wordcount>
    <wordcount weight="1" > applies </wordcount>
    <wordcount weight="1" > sented </wordcount>
    <wordcount weight="1" > reluctant </wordcount>
    <wordcount weight="1" > separate </wordcount>
    <wordcount weight="1" > cake </wordcount>
    <wordcount weight="1" > limiting </wordcount>
    <wordcount weight="1" > distilling </wordcount>
    <wordcount weight="1" > rachel </wordcount>
    <wordcount weight="1" > rico </wordcount>
    <wordcount weight="1" > tempo </wordcount>
    <wordcount weight="1" > suggestion </wordcount>
    <wordcount weight="1" > inertia </wordcount>
    <wordcount weight="1" > discussing </wordcount>
    <wordcount weight="1" > assigned </wordcount>
    <wordcount weight="1" > relationship </wordcount>
    <wordcount weight="1" > applications </wordcount>
    <wordcount weight="1" > modification </wordcount>
    <wordcount weight="1" > today </wordcount>
    <wordcount weight="1" > publishing </wordcount>
    <wordcount weight="1" > wisdom </wordcount>
    <wordcount weight="1" > fairly </wordcount>
    <wordcount weight="1" > continued </wordcount>
    <wordcount weight="1" > usually </wordcount>
    <wordcount weight="1" > foreign </wordcount>
    <wordcount weight="1" > next </wordcount>
    <wordcount weight="1" > vision </wordcount>
    <wordcount weight="1" > practical </wordcount>
    <wordcount weight="1" > aunt </wordcount>
    <wordcount weight="1" > fear </wordcount>
    <wordcount weight="1" > prohibits </wordcount>
    <wordcount weight="1" > primarily </wordcount>
    <wordcount weight="1" > dimensions </wordcount>
    <wordcount weight="1" > subsidy </wordcount>
    <wordcount weight="1" > success </wordcount>
    <wordcount weight="1" > collections </wordcount>
    <wordcount weight="1" > force </wordcount>
    <wordcount weight="1" > began </wordcount>
    <wordcount weight="1" > threaten </wordcount>
    <wordcount weight="1" > sequences </wordcount>
    <wordcount weight="1" > remaining </wordcount>
    <wordcount weight="1" > sures </wordcount>
    <wordcount weight="1" > furnish </wordcount>
    <wordcount weight="1" > recognize </wordcount>
    <wordcount weight="1" > rapidly </wordcount>
    <wordcount weight="1" > executive </wordcount>
    <wordcount weight="1" > pro </wordcount>
    <wordcount weight="1" > graphical </wordcount>
    <wordcount weight="1" > class </wordcount>
    <wordcount weight="1" > alleviating </wordcount>
    <wordcount weight="1" > tinue </wordcount>
    <wordcount weight="1" > composed </wordcount>
    <wordcount weight="1" > ing </wordcount>
    <wordcount weight="1" > centres </wordcount>
    <wordcount weight="1" > coordination </wordcount>
    <wordcount weight="1" > ener </wordcount>
    <wordcount weight="1" > exists </wordcount>
    <wordcount weight="1" > instances </wordcount>
    <wordcount weight="1" > get </wordcount>
    <wordcount weight="1" > itself </wordcount>
    <wordcount weight="1" > ecosphere </wordcount>
    <wordcount weight="1" > canada </wordcount>
    <wordcount weight="1" > consid </wordcount>
    <wordcount weight="1" > publica </wordcount>
    <wordcount weight="1" > ities </wordcount>
    <wordcount weight="1" > phe </wordcount>
    <wordcount weight="1" > selectivity </wordcount>
    <wordcount weight="1" > rarity </wordcount>
    <wordcount weight="1" > ipate </wordcount>
    <wordcount weight="1" > revolutionized </wordcount>
    <wordcount weight="1" > suggestions </wordcount>
    <wordcount weight="1" > contained </wordcount>
    <wordcount weight="1" > infusion </wordcount>
    <wordcount weight="1" > authorities </wordcount>
    <wordcount weight="1" > trav </wordcount>
    <wordcount weight="1" > exercised </wordcount>
    <wordcount weight="1" > thinking </wordcount>
    <wordcount weight="1" > updating </wordcount>
    <wordcount weight="1" > associated </wordcount>
    <wordcount weight="1" > proficiency </wordcount>
    <wordcount weight="1" > dispersed </wordcount>
    <wordcount weight="1" > phosphorescent </wordcount>
    <wordcount weight="1" > comes </wordcount>
    <wordcount weight="1" > univer </wordcount>
    <wordcount weight="1" > founded </wordcount>
    <wordcount weight="1" > measurements </wordcount>
    <wordcount weight="1" > demonstrate </wordcount>
    <wordcount weight="1" > constituted </wordcount>
    <wordcount weight="1" > ever </wordcount>
    <wordcount weight="1" > committees </wordcount>
    <wordcount weight="1" > soil </wordcount>
    <wordcount weight="1" > discrepancy </wordcount>
    <wordcount weight="1" > grams </wordcount>
    <wordcount weight="1" > willingness </wordcount>
    <wordcount weight="1" > text </wordcount>
    <wordcount weight="1" > sustained </wordcount>
    <wordcount weight="1" > command </wordcount>
    <wordcount weight="1" > transmittal </wordcount>
    <wordcount weight="1" > nih </wordcount>
    <wordcount weight="1" > colorado </wordcount>
    <wordcount weight="1" > quickly </wordcount>
    <wordcount weight="1" > excess </wordcount>
    <wordcount weight="1" > favorably </wordcount>
    <wordcount weight="1" > principle </wordcount>
    <wordcount weight="1" > control </wordcount>
    <wordcount weight="1" > hesitates </wordcount>
    <wordcount weight="1" > tributions </wordcount>
    <wordcount weight="1" > frequency </wordcount>
    <wordcount weight="1" > fault </wordcount>
    <wordcount weight="1" > readily </wordcount>
    <wordcount weight="1" > anthropology </wordcount>
    <wordcount weight="1" > scientist </wordcount>
    <wordcount weight="1" > share </wordcount>
    <wordcount weight="1" > inclined </wordcount>
    <wordcount weight="1" > commission </wordcount>
    <wordcount weight="1" > seriously </wordcount>
    <wordcount weight="1" > cautiously </wordcount>
    <wordcount weight="1" > innovations </wordcount>
    <wordcount weight="1" > seem </wordcount>
    <wordcount weight="1" > down </wordcount>
    <wordcount weight="1" > dues </wordcount>
    <wordcount weight="1" > regard </wordcount>
    <wordcount weight="1" > assignments </wordcount>
    <wordcount weight="1" > judgements </wordcount>
    <wordcount weight="1" > solved </wordcount>
    <wordcount weight="1" > redactory </wordcount>
    <wordcount weight="1" > orians </wordcount>
    <wordcount weight="1" > equilibrium </wordcount>
    <wordcount weight="1" > visits </wordcount>
    <wordcount weight="1" > pub </wordcount>
    <wordcount weight="1" > proposed </wordcount>
    <wordcount weight="1" > phd </wordcount>
    <wordcount weight="1" > justify </wordcount>
    <wordcount weight="1" > beginning </wordcount>
    <wordcount weight="1" > cal </wordcount>
    <wordcount weight="1" > knows </wordcount>
    <wordcount weight="1" > realize </wordcount>
    <wordcount weight="1" > unlikely </wordcount>
    <wordcount weight="1" > experi </wordcount>
    <wordcount weight="1" > antic </wordcount>
    <wordcount weight="1" > purchase </wordcount>
    <wordcount weight="1" > heads </wordcount>
    <wordcount weight="1" > economy </wordcount>
    <wordcount weight="1" > carefully </wordcount>
    <wordcount weight="1" > investigation </wordcount>
    <wordcount weight="1" > rockets </wordcount>
    <wordcount weight="1" > unique </wordcount>
    <wordcount weight="1" > form </wordcount>
    <wordcount weight="1" > ent </wordcount>
    <wordcount weight="1" > reputations </wordcount>
    <wordcount weight="1" > making </wordcount>
    <wordcount weight="1" > disparages </wordcount>
    <wordcount weight="1" > duplication </wordcount>
    <wordcount weight="1" > pertinent </wordcount>
    <wordcount weight="1" > forestry </wordcount>
    <wordcount weight="1" > noticeable </wordcount>
    <wordcount weight="1" > preside </wordcount>
    <wordcount weight="1" > add </wordcount>
    <wordcount weight="1" > proven </wordcount>
    <wordcount weight="1" > hoped </wordcount>
    <wordcount weight="1" > partici </wordcount>
    <wordcount weight="1" > storm </wordcount>
    <wordcount weight="1" > geo </wordcount>
    <wordcount weight="1" > doubled </wordcount>
    <wordcount weight="1" > writes </wordcount>
    <wordcount weight="1" > mathematics </wordcount>
    <wordcount weight="1" > estab </wordcount>
    <wordcount weight="1" > waters </wordcount>
    <wordcount weight="1" > repetitive </wordcount>
    <wordcount weight="1" > foundations </wordcount>
    <wordcount weight="1" > prestige </wordcount>
    <wordcount weight="1" > healthy </wordcount>
    <wordcount weight="1" > installations </wordcount>
    <wordcount weight="1" > fisheries </wordcount>
    <wordcount weight="1" > explored </wordcount>
    <wordcount weight="1" > advise </wordcount>
    <wordcount weight="1" > suggests </wordcount>
    <wordcount weight="1" > distasteful </wordcount>
    <wordcount weight="1" > urban </wordcount>
    <wordcount weight="1" > port </wordcount>
    <wordcount weight="1" > freedom </wordcount>
    <wordcount weight="1" > unreasonable </wordcount>
    <wordcount weight="1" > gratitude </wordcount>
    <wordcount weight="1" > photosynthesis </wordcount>
    <wordcount weight="1" > outline </wordcount>
    <wordcount weight="1" > biologically </wordcount>
    <wordcount weight="1" > thereby </wordcount>
    <wordcount weight="1" > reported </wordcount>
    <wordcount weight="1" > affecting </wordcount>
    <wordcount weight="1" > introduced </wordcount>
    <wordcount weight="1" > lications </wordcount>
    <wordcount weight="1" > confirm </wordcount>
    <wordcount weight="1" > became </wordcount>
    <wordcount weight="1" > abdicate </wordcount>
    <wordcount weight="1" > administration </wordcount>
    <wordcount weight="1" > step </wordcount>
    <wordcount weight="1" > reappraisal </wordcount>
    <wordcount weight="1" > went </wordcount>
    <wordcount weight="1" > contribute </wordcount>
    <wordcount weight="1" > obtain </wordcount>
    <wordcount weight="1" > equipped </wordcount>
    <wordcount weight="1" > ranks </wordcount>
    <wordcount weight="1" > sizeable </wordcount>
    <wordcount weight="1" > pol </wordcount>
    <wordcount weight="1" > advisability </wordcount>
    <wordcount weight="1" > writing </wordcount>
    <wordcount weight="1" > coming </wordcount>
    <wordcount weight="1" > malabar </wordcount>
    <wordcount weight="1" > contrasts </wordcount>
    <wordcount weight="1" > come </wordcount>
    <wordcount weight="1" > susceptible </wordcount>
    <wordcount weight="1" > ature </wordcount>
    <wordcount weight="1" > promoted </wordcount>
    <wordcount weight="1" > acceptability </wordcount>
    <wordcount weight="1" > ultimately </wordcount>
    <wordcount weight="1" > spring </wordcount>
    <wordcount weight="1" > wilbur </wordcount>
    <wordcount weight="1" > unable </wordcount>
    <wordcount weight="1" > editor </wordcount>
    <wordcount weight="1" > difference </wordcount>
    <wordcount weight="1" > generate </wordcount>
    <wordcount weight="1" > ancillary </wordcount>
    <wordcount weight="1" > conditions </wordcount>
    <wordcount weight="1" > write </wordcount>
    <wordcount weight="1" > mode </wordcount>
    <wordcount weight="1" > laymen </wordcount>
    <wordcount weight="1" > offer </wordcount>
    <wordcount weight="1" > applicable </wordcount>
    <wordcount weight="1" > actively </wordcount>
    <wordcount weight="1" > radioisotope </wordcount>
    <wordcount weight="1" > usa </wordcount>
    <wordcount weight="1" > environ </wordcount>
    <wordcount weight="1" > involving </wordcount>
    <wordcount weight="1" > disservice </wordcount>
    <wordcount weight="1" > defined </wordcount>
    <wordcount weight="1" > cost </wordcount>
    <wordcount weight="1" > association </wordcount>
    <wordcount weight="1" > shift </wordcount>
    <wordcount weight="1" > speak </wordcount>
    <wordcount weight="1" > untouched </wordcount>
    <wordcount weight="1" > brilliant </wordcount>
    <wordcount weight="1" > summary </wordcount>
    <wordcount weight="1" > imaginations </wordcount>
    <wordcount weight="1" > neeting </wordcount>
    <wordcount weight="1" > broadening </wordcount>
    <wordcount weight="1" > gordon </wordcount>
    <wordcount weight="1" > charged </wordcount>
    <wordcount weight="1" > syn </wordcount>
    <wordcount weight="1" > consisted </wordcount>
    <wordcount weight="1" > mum </wordcount>
    <wordcount weight="1" > create </wordcount>
    <wordcount weight="1" > substantial </wordcount>
    <wordcount weight="1" > ifornia </wordcount>
    <wordcount weight="1" > interaction </wordcount>
    <wordcount weight="1" > traditional </wordcount>
    <wordcount weight="1" > testified </wordcount>
    <wordcount weight="1" > immediately </wordcount>
    <wordcount weight="1" > enhanced </wordcount>
    <wordcount weight="1" > north </wordcount>
    <wordcount weight="1" > rallying </wordcount>
    <wordcount weight="1" > bene </wordcount>
    <wordcount weight="1" > doing </wordcount>
    <wordcount weight="1" > resources </wordcount>
    <wordcount weight="1" > built </wordcount>
    <wordcount weight="1" > showed </wordcount>
    <wordcount weight="1" > mistaken </wordcount>
    <wordcount weight="1" > close </wordcount>
    <wordcount weight="1" > tragic </wordcount>
    <wordcount weight="1" > thesizing </wordcount>
    <wordcount weight="1" > occur </wordcount>
    <wordcount weight="1" > looking </wordcount>
    <wordcount weight="1" > thorough </wordcount>
</article>
