<?xml version="1.0" encoding="UTF-8"?>
<article id="10.2307/2819161" >
    <wordcount weight="272" > of </wordcount>
    <wordcount weight="258" > the </wordcount>
    <wordcount weight="131" > and </wordcount>
    <wordcount weight="126" > in </wordcount>
    <wordcount weight="80" > b </wordcount>
    <wordcount weight="75" > is </wordcount>
    <wordcount weight="64" > a </wordcount>
    <wordcount weight="63" > to </wordcount>
    <wordcount weight="53" > species </wordcount>
    <wordcount weight="44" > are </wordcount>
    <wordcount weight="41" > nanum </wordcount>
    <wordcount weight="38" > from </wordcount>
    <wordcount weight="35" > which </wordcount>
    <wordcount weight="33" > this </wordcount>
    <wordcount weight="32" > l </wordcount>
    <wordcount weight="27" > that </wordcount>
    <wordcount weight="26" > chilense </wordcount>
    <wordcount weight="26" > blennosperma </wordcount>
    <wordcount weight="24" > as </wordcount>
    <wordcount weight="24" > these </wordcount>
    <wordcount weight="24" > x </wordcount>
    <wordcount weight="23" > by </wordcount>
    <wordcount weight="23" > two </wordcount>
    <wordcount weight="23" > for </wordcount>
    <wordcount weight="22" > its </wordcount>
    <wordcount weight="22" > bakeri </wordcount>
    <wordcount weight="21" > number </wordcount>
    <wordcount weight="20" > plants </wordcount>
    <wordcount weight="20" > have </wordcount>
    <wordcount weight="19" > lasthenia </wordcount>
    <wordcount weight="19" > with </wordcount>
    <wordcount weight="18" > south </wordcount>
    <wordcount weight="18" > it </wordcount>
    <wordcount weight="18" > miles </wordcount>
    <wordcount weight="18" > north </wordcount>
    <wordcount weight="16" > each </wordcount>
    <wordcount weight="16" > were </wordcount>
    <wordcount weight="15" > was </wordcount>
    <wordcount weight="14" > at </wordcount>
    <wordcount weight="14" > san </wordcount>
    <wordcount weight="14" > or </wordcount>
    <wordcount weight="14" > but </wordcount>
    <wordcount weight="14" > california </wordcount>
    <wordcount weight="14" > florets </wordcount>
    <wordcount weight="14" > between </wordcount>
    <wordcount weight="13" > been </wordcount>
    <wordcount weight="13" > all </wordcount>
    <wordcount weight="13" > hybrids </wordcount>
    <wordcount weight="12" > achenes </wordcount>
    <wordcount weight="12" > var </wordcount>
    <wordcount weight="12" > distribution </wordcount>
    <wordcount weight="12" > america </wordcount>
    <wordcount weight="12" > achene </wordcount>
    <wordcount weight="12" > be </wordcount>
    <wordcount weight="12" > an </wordcount>
    <wordcount weight="11" > glaberrima </wordcount>
    <wordcount weight="11" > only </wordcount>
    <wordcount weight="11" > i </wordcount>
    <wordcount weight="11" > than </wordcount>
    <wordcount weight="10" > other </wordcount>
    <wordcount weight="10" > genus </wordcount>
    <wordcount weight="10" > pollen </wordcount>
    <wordcount weight="10" > has </wordcount>
    <wordcount weight="10" > such </wordcount>
    <wordcount weight="9" > populations </wordcount>
    <wordcount weight="9" > similar </wordcount>
    <wordcount weight="9" > their </wordcount>
    <wordcount weight="9" > one </wordcount>
    <wordcount weight="9" > most </wordcount>
    <wordcount weight="9" > more </wordcount>
    <wordcount weight="9" > those </wordcount>
    <wordcount weight="9" > kunthii </wordcount>
    <wordcount weight="9" > plant </wordcount>
    <wordcount weight="9" > disk </wordcount>
    <wordcount weight="9" > valley </wordcount>
    <wordcount weight="9" > occur </wordcount>
    <wordcount weight="8" > not </wordcount>
    <wordcount weight="8" > yellow </wordcount>
    <wordcount weight="8" > known </wordcount>
    <wordcount weight="8" > within </wordcount>
    <wordcount weight="8" > range </wordcount>
    <wordcount weight="8" > ray </wordcount>
    <wordcount weight="8" > amphitropical </wordcount>
    <wordcount weight="8" > on </wordcount>
    <wordcount weight="7" > chromosome </wordcount>
    <wordcount weight="7" > many </wordcount>
    <wordcount weight="7" > population </wordcount>
    <wordcount weight="7" > pp </wordcount>
    <wordcount weight="7" > both </wordcount>
    <wordcount weight="7" > during </wordcount>
    <wordcount weight="7" > new </wordcount>
    <wordcount weight="7" > although </wordcount>
    <wordcount weight="7" > occurs </wordcount>
    <wordcount weight="7" > average </wordcount>
    <wordcount weight="6" > will </wordcount>
    <wordcount weight="6" > above </wordcount>
    <wordcount weight="6" > length </wordcount>
    <wordcount weight="6" > about </wordcount>
    <wordcount weight="6" > table </wordcount>
    <wordcount weight="6" > h </wordcount>
    <wordcount weight="6" > flora </wordcount>
    <wordcount weight="6" > first </wordcount>
    <wordcount weight="6" > evolutionary </wordcount>
    <wordcount weight="6" > discussed </wordcount>
    <wordcount weight="6" > american </wordcount>
    <wordcount weight="6" > heads </wordcount>
    <wordcount weight="6" > genera </wordcount>
    <wordcount weight="6" > region </wordcount>
    <wordcount weight="6" > chile </wordcount>
    <wordcount weight="6" > crosses </wordcount>
    <wordcount weight="6" > characters </wordcount>
    <wordcount weight="6" > present </wordcount>
    <wordcount weight="6" > among </wordcount>
    <wordcount weight="5" > habitats </wordcount>
    <wordcount weight="5" > grown </wordcount>
    <wordcount weight="5" > pacific </wordcount>
    <wordcount weight="5" > pinnately </wordcount>
    <wordcount weight="5" > biology </wordcount>
    <wordcount weight="5" > western </wordcount>
    <wordcount weight="5" > reciprocal </wordcount>
    <wordcount weight="5" > numbers </wordcount>
    <wordcount weight="5" > s </wordcount>
    <wordcount weight="5" > berkeley </wordcount>
    <wordcount weight="5" > could </wordcount>
    <wordcount weight="5" > origin </wordcount>
    <wordcount weight="5" > time </wordcount>
    <wordcount weight="5" > phyllaries </wordcount>
    <wordcount weight="5" > pattern </wordcount>
    <wordcount weight="5" > there </wordcount>
    <wordcount weight="5" > limited </wordcount>
    <wordcount weight="5" > univ </wordcount>
    <wordcount weight="5" > parted </wordcount>
    <wordcount weight="5" > weakly </wordcount>
    <wordcount weight="5" > suggests </wordcount>
    <wordcount weight="5" > relatives </wordcount>
    <wordcount weight="5" > size </wordcount>
    <wordcount weight="5" > mm </wordcount>
    <wordcount weight="5" > sonoma </wordcount>
    <wordcount weight="5" > chromosomes </wordcount>
    <wordcount weight="5" > county </wordcount>
    <wordcount weight="5" > very </wordcount>
    <wordcount weight="5" > central </wordcount>
    <wordcount weight="5" > review </wordcount>
    <wordcount weight="5" > low </wordcount>
    <wordcount weight="5" > derived </wordcount>
    <wordcount weight="5" > presented </wordcount>
    <wordcount weight="5" > d </wordcount>
    <wordcount weight="5" > evidence </wordcount>
    <wordcount weight="5" > after </wordcount>
    <wordcount weight="5" > francisco </wordcount>
    <wordcount weight="5" > small </wordcount>
    <wordcount weight="5" > fig </wordcount>
    <wordcount weight="5" > when </wordcount>
    <wordcount weight="5" > quarterly </wordcount>
    <wordcount weight="5" > bivalents </wordcount>
    <wordcount weight="4" > lasthenias </wordcount>
    <wordcount weight="4" > growth </wordcount>
    <wordcount weight="4" > five </wordcount>
    <wordcount weight="4" > program </wordcount>
    <wordcount weight="4" > helenieae </wordcount>
    <wordcount weight="4" > various </wordcount>
    <wordcount weight="4" > they </wordcount>
    <wordcount weight="4" > reflexed </wordcount>
    <wordcount weight="4" > flowering </wordcount>
    <wordcount weight="4" > yet </wordcount>
    <wordcount weight="4" > schlegel </wordcount>
    <wordcount weight="4" > n </wordcount>
    <wordcount weight="4" > lead </wordcount>
    <wordcount weight="4" > also </wordcount>
    <wordcount weight="4" > cm </wordcount>
    <wordcount weight="4" > apetalous </wordcount>
    <wordcount weight="4" > hybrid </wordcount>
    <wordcount weight="4" > establishment </wordcount>
    <wordcount weight="4" > calif </wordcount>
    <wordcount weight="4" > pleistocene </wordcount>
    <wordcount weight="4" > extent </wordcount>
    <wordcount weight="4" > produce </wordcount>
    <wordcount weight="4" > chilean </wordcount>
    <wordcount weight="4" > r </wordcount>
    <wordcount weight="4" > amphiploid </wordcount>
    <wordcount weight="4" > hybridization </wordcount>
    <wordcount weight="4" > evolution </wordcount>
    <wordcount weight="4" > pliocene </wordcount>
    <wordcount weight="4" > relationships </wordcount>
    <wordcount weight="4" > years </wordcount>
    <wordcount weight="4" > development </wordcount>
    <wordcount weight="4" > p </wordcount>
    <wordcount weight="4" > would </wordcount>
    <wordcount weight="4" > so </wordcount>
    <wordcount weight="4" > summer </wordcount>
    <wordcount weight="4" > interspecific </wordcount>
    <wordcount weight="4" > collected </wordcount>
    <wordcount weight="4" > area </wordcount>
    <wordcount weight="4" > angled </wordcount>
    <wordcount weight="4" > several </wordcount>
    <wordcount weight="4" > am </wordcount>
    <wordcount weight="4" > few </wordcount>
    <wordcount weight="4" > races </wordcount>
    <wordcount weight="4" > single </wordcount>
    <wordcount weight="4" > united </wordcount>
    <wordcount weight="4" > biosystematic </wordcount>
    <wordcount weight="3" > may </wordcount>
    <wordcount weight="3" > f </wordcount>
    <wordcount weight="3" > portion </wordcount>
    <wordcount weight="3" > consists </wordcount>
    <wordcount weight="3" > now </wordcount>
    <wordcount weight="3" > second </wordcount>
    <wordcount weight="3" > minor </wordcount>
    <wordcount weight="3" > frequent </wordcount>
    <wordcount weight="3" > if </wordcount>
    <wordcount weight="3" > ecological </wordcount>
    <wordcount weight="3" > provide </wordcount>
    <wordcount weight="3" > absent </wordcount>
    <wordcount weight="3" > developed </wordcount>
    <wordcount weight="3" > obtained </wordcount>
    <wordcount weight="3" > support </wordcount>
    <wordcount weight="3" > morphology </wordcount>
    <wordcount weight="3" > parent </wordcount>
    <wordcount weight="3" > widespread </wordcount>
    <wordcount weight="3" > primarily </wordcount>
    <wordcount weight="3" > strongly </wordcount>
    <wordcount weight="3" > crossing </wordcount>
    <wordcount weight="3" > certain </wordcount>
    <wordcount weight="3" > changes </wordcount>
    <wordcount weight="3" > produced </wordcount>
    <wordcount weight="3" > occupies </wordcount>
    <wordcount weight="3" > restricted </wordcount>
    <wordcount weight="3" > pappus </wordcount>
    <wordcount weight="3" > into </wordcount>
    <wordcount weight="3" > occurred </wordcount>
    <wordcount weight="3" > section </wordcount>
    <wordcount weight="3" > following </wordcount>
    <wordcount weight="3" > variety </wordcount>
    <wordcount weight="3" > measurements </wordcount>
    <wordcount weight="3" > taxa </wordcount>
    <wordcount weight="3" > t </wordcount>
    <wordcount weight="3" > long </wordcount>
    <wordcount weight="3" > haploid </wordcount>
    <wordcount weight="3" > members </wordcount>
    <wordcount weight="3" > wider </wordcount>
    <wordcount weight="3" > specimens </wordcount>
    <wordcount weight="3" > set </wordcount>
    <wordcount weight="3" > m </wordcount>
    <wordcount weight="3" > diego </wordcount>
    <wordcount weight="3" > rapid </wordcount>
    <wordcount weight="3" > californian </wordcount>
    <wordcount weight="3" > intraspecific </wordcount>
    <wordcount weight="3" > addition </wordcount>
    <wordcount weight="3" > j </wordcount>
    <wordcount weight="3" > ancestor </wordcount>
    <wordcount weight="3" > east </wordcount>
    <wordcount weight="3" > areas </wordcount>
    <wordcount weight="3" > grows </wordcount>
    <wordcount weight="3" > near </wordcount>
    <wordcount weight="3" > variation </wordcount>
    <wordcount weight="3" > styles </wordcount>
    <wordcount weight="3" > patterns </wordcount>
    <wordcount weight="3" > do </wordcount>
    <wordcount weight="3" > floret </wordcount>
    <wordcount weight="3" > where </wordcount>
    <wordcount weight="3" > them </wordcount>
    <wordcount weight="3" > dispersal </wordcount>
    <wordcount weight="3" > degree </wordcount>
    <wordcount weight="3" > robustum </wordcount>
    <wordcount weight="3" > facts </wordcount>
    <wordcount weight="3" > because </wordcount>
    <wordcount weight="3" > well </wordcount>
    <wordcount weight="3" > colonies </wordcount>
    <wordcount weight="3" > some </wordcount>
    <wordcount weight="3" > seed </wordcount>
    <wordcount weight="3" > explanation </wordcount>
    <wordcount weight="3" > west </wordcount>
    <wordcount weight="3" > breeding </wordcount>
    <wordcount weight="3" > sea </wordcount>
    <wordcount weight="3" > geology </wordcount>
    <wordcount weight="3" > used </wordcount>
    <wordcount weight="3" > collection </wordcount>
    <wordcount weight="3" > proportion </wordcount>
    <wordcount weight="3" > fruits </wordcount>
    <wordcount weight="3" > occupied </wordcount>
    <wordcount weight="3" > since </wordcount>
    <wordcount weight="3" > originated </wordcount>
    <wordcount weight="3" > regions </wordcount>
    <wordcount weight="3" > lakes </wordcount>
    <wordcount weight="3" > genomes </wordcount>
    <wordcount weight="3" > rains </wordcount>
    <wordcount weight="3" > c </wordcount>
    <wordcount weight="3" > leaf </wordcount>
    <wordcount weight="3" > no </wordcount>
    <wordcount weight="3" > suggest </wordcount>
    <wordcount weight="3" > high </wordcount>
    <wordcount weight="3" > dry </wordcount>
    <wordcount weight="3" > bay </wordcount>
    <wordcount weight="3" > climate </wordcount>
    <wordcount weight="3" > cytological </wordcount>
    <wordcount weight="3" > third </wordcount>
    <wordcount weight="3" > joaquin </wordcount>
    <wordcount weight="3" > can </wordcount>
    <wordcount weight="3" > availability </wordcount>
    <wordcount weight="3" > entire </wordcount>
    <wordcount weight="3" > northern </wordcount>
    <wordcount weight="3" > apparently </wordcount>
    <wordcount weight="3" > crossability </wordcount>
    <wordcount weight="3" > marin </wordcount>
    <wordcount weight="2" > subsequently </wordcount>
    <wordcount weight="2" > problem </wordcount>
    <wordcount weight="2" > temporarily </wordcount>
    <wordcount weight="2" > higher </wordcount>
    <wordcount weight="2" > intervarietal </wordcount>
    <wordcount weight="2" > states </wordcount>
    <wordcount weight="2" > produces </wordcount>
    <wordcount weight="2" > york </wordcount>
    <wordcount weight="2" > whose </wordcount>
    <wordcount weight="2" > reduced </wordcount>
    <wordcount weight="2" > flower </wordcount>
    <wordcount weight="2" > plotted </wordcount>
    <wordcount weight="2" > miocene </wordcount>
    <wordcount weight="2" > mines </wordcount>
    <wordcount weight="2" > subsp </wordcount>
    <wordcount weight="2" > fertile </wordcount>
    <wordcount weight="2" > aim </wordcount>
    <wordcount weight="2" > either </wordcount>
    <wordcount weight="2" > observations </wordcount>
    <wordcount weight="2" > separated </wordcount>
    <wordcount weight="2" > migrated </wordcount>
    <wordcount weight="2" > junction </wordcount>
    <wordcount weight="2" > quadrivalents </wordcount>
    <wordcount weight="2" > parents </wordcount>
    <wordcount weight="2" > blennospermas </wordcount>
    <wordcount weight="2" > relationship </wordcount>
    <wordcount weight="2" > los </wordcount>
    <wordcount weight="2" > ornduff </wordcount>
    <wordcount weight="2" > interpopulation </wordcount>
    <wordcount weight="2" > center </wordcount>
    <wordcount weight="2" > southern </wordcount>
    <wordcount weight="2" > nanumn </wordcount>
    <wordcount weight="2" > led </wordcount>
    <wordcount weight="2" > winters </wordcount>
    <wordcount weight="2" > solano </wordcount>
    <wordcount weight="2" > possess </wordcount>
    <wordcount weight="2" > leaves </wordcount>
    <wordcount weight="2" > vicinity </wordcount>
    <wordcount weight="2" > white </wordcount>
    <wordcount weight="2" > phyllary </wordcount>
    <wordcount weight="2" > abundant </wordcount>
    <wordcount weight="2" > coastal </wordcount>
    <wordcount weight="2" > months </wordcount>
    <wordcount weight="2" > hook </wordcount>
    <wordcount weight="2" > modified </wordcount>
    <wordcount weight="2" > marshes </wordcount>
    <wordcount weight="2" > studies </wordcount>
    <wordcount weight="2" > stanford </wordcount>
    <wordcount weight="2" > university </wordcount>
    <wordcount weight="2" > relative </wordcount>
    <wordcount weight="2" > temperate </wordcount>
    <wordcount weight="2" > fertility </wordcount>
    <wordcount weight="2" > alameda </wordcount>
    <wordcount weight="2" > land </wordcount>
    <wordcount weight="2" > same </wordcount>
    <wordcount weight="2" > prov </wordcount>
    <wordcount weight="2" > weak </wordcount>
    <wordcount weight="2" > grasslands </wordcount>
    <wordcount weight="2" > largest </wordcount>
    <wordcount weight="2" > edge </wordcount>
    <wordcount weight="2" > cuyamaca </wordcount>
    <wordcount weight="2" > additional </wordcount>
    <wordcount weight="2" > member </wordcount>
    <wordcount weight="2" > rise </wordcount>
    <wordcount weight="2" > drought </wordcount>
    <wordcount weight="2" > dr </wordcount>
    <wordcount weight="2" > lewis </wordcount>
    <wordcount weight="2" > raven </wordcount>
    <wordcount weight="2" > production </wordcount>
    <wordcount weight="2" > restriction </wordcount>
    <wordcount weight="2" > over </wordcount>
    <wordcount weight="2" > body </wordcount>
    <wordcount weight="2" > insects </wordcount>
    <wordcount weight="2" > dc </wordcount>
    <wordcount weight="2" > rare </wordcount>
    <wordcount weight="2" > character </wordcount>
    <wordcount weight="2" > grains </wordcount>
    <wordcount weight="2" > comparatively </wordcount>
    <wordcount weight="2" > available </wordcount>
    <wordcount weight="2" > distance </wordcount>
    <wordcount weight="2" > head </wordcount>
    <wordcount weight="2" > arn </wordcount>
    <wordcount weight="2" > style </wordcount>
    <wordcount weight="2" > striking </wordcount>
    <wordcount weight="2" > accompanied </wordcount>
    <wordcount weight="2" > color </wordcount>
    <wordcount weight="2" > calaveras </wordcount>
    <wordcount weight="2" > out </wordcount>
    <wordcount weight="2" > angeles </wordcount>
    <wordcount weight="2" > larger </wordcount>
    <wordcount weight="2" > div </wordcount>
    <wordcount weight="2" > meiosis </wordcount>
    <wordcount weight="2" > far </wordcount>
    <wordcount weight="2" > locality </wordcount>
    <wordcount weight="2" > extinct </wordcount>
    <wordcount weight="2" > vigorous </wordcount>
    <wordcount weight="2" > inland </wordcount>
    <wordcount weight="2" > closest </wordcount>
    <wordcount weight="2" > last </wordcount>
    <wordcount weight="2" > leafi </wordcount>
    <wordcount weight="2" > lat </wordcount>
    <wordcount weight="2" > annuals </wordcount>
    <wordcount weight="2" > growing </wordcount>
    <wordcount weight="2" > traits </wordcount>
    <wordcount weight="2" > homologous </wordcount>
    <wordcount weight="2" > involucre </wordcount>
    <wordcount weight="2" > what </wordcount>
    <wordcount weight="2" > sharply </wordcount>
    <wordcount weight="2" > relevant </wordcount>
    <wordcount weight="2" > similarities </wordcount>
    <wordcount weight="2" > less </wordcount>
    <wordcount weight="2" > system </wordcount>
    <wordcount weight="2" > overlap </wordcount>
    <wordcount weight="2" > varying </wordcount>
    <wordcount weight="2" > colony </wordcount>
    <wordcount weight="2" > generic </wordcount>
    <wordcount weight="2" > counties </wordcount>
    <wordcount weight="2" > wide </wordcount>
    <wordcount weight="2" > mass </wordcount>
    <wordcount weight="2" > summers </wordcount>
    <wordcount weight="2" > localities </wordcount>
    <wordcount weight="2" > information </wordcount>
    <wordcount weight="2" > highway </wordcount>
    <wordcount weight="2" > w </wordcount>
    <wordcount weight="2" > line </wordcount>
    <wordcount weight="2" > discussion </wordcount>
    <wordcount weight="2" > soils </wordcount>
    <wordcount weight="2" > comprise </wordcount>
    <wordcount weight="2" > level </wordcount>
    <wordcount weight="2" > byron </wordcount>
    <wordcount weight="2" > extending </wordcount>
    <wordcount weight="2" > little </wordcount>
    <wordcount weight="2" > through </wordcount>
    <wordcount weight="2" > pairs </wordcount>
    <wordcount weight="2" > became </wordcount>
    <wordcount weight="2" > related </wordcount>
    <wordcount weight="2" > considerably </wordcount>
    <wordcount weight="2" > undoubtedly </wordcount>
    <wordcount weight="2" > trivalents </wordcount>
    <wordcount weight="2" > largely </wordcount>
    <wordcount weight="2" > persisted </wordcount>
    <wordcount weight="2" > station </wordcount>
    <wordcount weight="2" > northwest </wordcount>
    <wordcount weight="2" > climatic </wordcount>
    <wordcount weight="2" > dozier </wordcount>
    <wordcount weight="2" > racially </wordcount>
    <wordcount weight="2" > botanists </wordcount>
    <wordcount weight="2" > individuals </wordcount>
    <wordcount weight="2" > pools </wordcount>
    <wordcount weight="2" > throughout </wordcount>
    <wordcount weight="2" > field </wordcount>
    <wordcount weight="2" > morphological </wordcount>
    <wordcount weight="2" > southwestern </wordcount>
    <wordcount weight="2" > spring </wordcount>
    <wordcount weight="2" > described </wordcount>
    <wordcount weight="2" > different </wordcount>
    <wordcount weight="2" > open </wordcount>
    <wordcount weight="2" > similarity </wordcount>
    <wordcount weight="2" > three </wordcount>
    <wordcount weight="2" > against </wordcount>
    <wordcount weight="2" > g </wordcount>
    <wordcount weight="2" > relatively </wordcount>
    <wordcount weight="2" > large </wordcount>
    <wordcount weight="2" > least </wordcount>
    <wordcount weight="2" > symposium </wordcount>
    <wordcount weight="2" > selfed </wordcount>
    <wordcount weight="2" > geographically </wordcount>
    <wordcount weight="2" > features </wordcount>
    <wordcount weight="2" > speculations </wordcount>
    <wordcount weight="2" > century </wordcount>
    <wordcount weight="2" > vegetative </wordcount>
    <wordcount weight="2" > contrast </wordcount>
    <wordcount weight="2" > probable </wordcount>
    <wordcount weight="2" > mediterranean </wordcount>
    <wordcount weight="2" > combines </wordcount>
    <wordcount weight="2" > distinct </wordcount>
    <wordcount weight="2" > approximately </wordcount>
    <wordcount weight="2" > late </wordcount>
    <wordcount weight="2" > intravarietal </wordcount>
    <wordcount weight="2" > class </wordcount>
    <wordcount weight="2" > vernal </wordcount>
    <wordcount weight="2" > close </wordcount>
    <wordcount weight="2" > thousand </wordcount>
    <wordcount weight="2" > convincing </wordcount>
    <wordcount weight="2" > accomplished </wordcount>
    <wordcount weight="2" > migration </wordcount>
    <wordcount weight="2" > highly </wordcount>
    <wordcount weight="2" > k </wordcount>
    <wordcount weight="2" > cool </wordcount>
    <wordcount weight="2" > polyploid </wordcount>
    <wordcount weight="2" > young </wordcount>
    <wordcount weight="2" > km </wordcount>
    <wordcount weight="2" > become </wordcount>
    <wordcount weight="2" > suitable </wordcount>
    <wordcount weight="2" > early </wordcount>
    <wordcount weight="2" > annual </wordcount>
    <wordcount weight="2" > maximum </wordcount>
    <wordcount weight="2" > substantial </wordcount>
    <wordcount weight="2" > percentage </wordcount>
    <wordcount weight="2" > given </wordcount>
    <wordcount weight="2" > me </wordcount>
    <wordcount weight="2" > counts </wordcount>
    <wordcount weight="2" > mature </wordcount>
    <wordcount weight="2" > wet </wordcount>
    <wordcount weight="2" > observed </wordcount>
    <wordcount weight="2" > coasts </wordcount>
    <wordcount weight="2" > tube </wordcount>
    <wordcount weight="1" > glen </wordcount>
    <wordcount weight="1" > contributes </wordcount>
    <wordcount weight="1" > ranging </wordcount>
    <wordcount weight="1" > carried </wordcount>
    <wordcount weight="1" > divergence </wordcount>
    <wordcount weight="1" > does </wordcount>
    <wordcount weight="1" > mcclure </wordcount>
    <wordcount weight="1" > progeny </wordcount>
    <wordcount weight="1" > lineages </wordcount>
    <wordcount weight="1" > he </wordcount>
    <wordcount weight="1" > mostly </wordcount>
    <wordcount weight="1" > sierran </wordcount>
    <wordcount weight="1" > recognized </wordcount>
    <wordcount weight="1" > botan </wordcount>
    <wordcount weight="1" > town </wordcount>
    <wordcount weight="1" > upset </wordcount>
    <wordcount weight="1" > mexico </wordcount>
    <wordcount weight="1" > stained </wordcount>
    <wordcount weight="1" > decomposed </wordcount>
    <wordcount weight="1" > limits </wordcount>
    <wordcount weight="1" > complex </wordcount>
    <wordcount weight="1" > floor </wordcount>
    <wordcount weight="1" > absence </wordcount>
    <wordcount weight="1" > elimination </wordcount>
    <wordcount weight="1" > monogeneric </wordcount>
    <wordcount weight="1" > samples </wordcount>
    <wordcount weight="1" > taken </wordcount>
    <wordcount weight="1" > ferns </wordcount>
    <wordcount weight="1" > true </wordcount>
    <wordcount weight="1" > his </wordcount>
    <wordcount weight="1" > segments </wordcount>
    <wordcount weight="1" > camp </wordcount>
    <wordcount weight="1" > names </wordcount>
    <wordcount weight="1" > short </wordcount>
    <wordcount weight="1" > retreated </wordcount>
    <wordcount weight="1" > pair </wordcount>
    <wordcount weight="1" > overall </wordcount>
    <wordcount weight="1" > z </wordcount>
    <wordcount weight="1" > result </wordcount>
    <wordcount weight="1" > remnants </wordcount>
    <wordcount weight="1" > disjunction </wordcount>
    <wordcount weight="1" > begin </wordcount>
    <wordcount weight="1" > tetramerous </wordcount>
    <wordcount weight="1" > landscape </wordcount>
    <wordcount weight="1" > cells </wordcount>
    <wordcount weight="1" > emasculated </wordcount>
    <wordcount weight="1" > fruit </wordcount>
    <wordcount weight="1" > cloudy </wordcount>
    <wordcount weight="1" > discard </wordcount>
    <wordcount weight="1" > cenozoic </wordcount>
    <wordcount weight="1" > nearly </wordcount>
    <wordcount weight="1" > sheridan </wordcount>
    <wordcount weight="1" > posed </wordcount>
    <wordcount weight="1" > red </wordcount>
    <wordcount weight="1" > bond </wordcount>
    <wordcount weight="1" > baeria </wordcount>
    <wordcount weight="1" > rays </wordcount>
    <wordcount weight="1" > circles </wordcount>
    <wordcount weight="1" > who </wordcount>
    <wordcount weight="1" > abnormal </wordcount>
    <wordcount weight="1" > frequently </wordcount>
    <wordcount weight="1" > concluding </wordcount>
    <wordcount weight="1" > whatever </wordcount>
    <wordcount weight="1" > sn </wordcount>
    <wordcount weight="1" > still </wordcount>
    <wordcount weight="1" > mountains </wordcount>
    <wordcount weight="1" > greenish </wordcount>
    <wordcount weight="1" > itself </wordcount>
    <wordcount weight="1" > introduction </wordcount>
    <wordcount weight="1" > stainable </wordcount>
    <wordcount weight="1" > pushed </wordcount>
    <wordcount weight="1" > distributed </wordcount>
    <wordcount weight="1" > localization </wordcount>
    <wordcount weight="1" > tetraploid </wordcount>
    <wordcount weight="1" > mile </wordcount>
    <wordcount weight="1" > per </wordcount>
    <wordcount weight="1" > mouth </wordcount>
    <wordcount weight="1" > clays </wordcount>
    <wordcount weight="1" > contribution </wordcount>
    <wordcount weight="1" > froi </wordcount>
    <wordcount weight="1" > considering </wordcount>
    <wordcount weight="1" > pore </wordcount>
    <wordcount weight="1" > seedlings </wordcount>
    <wordcount weight="1" > group </wordcount>
    <wordcount weight="1" > generally </wordcount>
    <wordcount weight="1" > parts </wordcount>
    <wordcount weight="1" > unattractive </wordcount>
    <wordcount weight="1" > doubted </wordcount>
    <wordcount weight="1" > bivalent </wordcount>
    <wordcount weight="1" > often </wordcount>
    <wordcount weight="1" > effective </wordcount>
    <wordcount weight="1" > unusual </wordcount>
    <wordcount weight="1" > formation </wordcount>
    <wordcount weight="1" > vicariad </wordcount>
    <wordcount weight="1" > herbarium </wordcount>
    <wordcount weight="1" > form </wordcount>
    <wordcount weight="1" > picked </wordcount>
    <wordcount weight="1" > productive </wordcount>
    <wordcount weight="1" > artificially </wordcount>
    <wordcount weight="1" > nanurn </wordcount>
    <wordcount weight="1" > inbreeders </wordcount>
    <wordcount weight="1" > likely </wordcount>
    <wordcount weight="1" > madrotertiary </wordcount>
    <wordcount weight="1" > composed </wordcount>
    <wordcount weight="1" > spontaneously </wordcount>
    <wordcount weight="1" > sets </wordcount>
    <wordcount weight="1" > congeners </wordcount>
    <wordcount weight="1" > unfavorably </wordcount>
    <wordcount weight="1" > altitude </wordcount>
    <wordcount weight="1" > clarkia </wordcount>
    <wordcount weight="1" > examined </wordcount>
    <wordcount weight="1" > arid </wordcount>
    <wordcount weight="1" > prof </wordcount>
    <wordcount weight="1" > separate </wordcount>
    <wordcount weight="1" > greenhouse </wordcount>
    <wordcount weight="1" > easily </wordcount>
    <wordcount weight="1" > provinces </wordcount>
    <wordcount weight="1" > dliscuss </wordcount>
    <wordcount weight="1" > plowed </wordcount>
    <wordcount weight="1" > abundance </wordcount>
    <wordcount weight="1" > modern </wordcount>
    <wordcount weight="1" > serve </wordcount>
    <wordcount weight="1" > resemble </wordcount>
    <wordcount weight="1" > distantly </wordcount>
    <wordcount weight="1" > readily </wordcount>
    <wordcount weight="1" > forest </wordcount>
    <wordcount weight="1" > regularly </wordcount>
    <wordcount weight="1" > foliage </wordcount>
    <wordcount weight="1" > frederico </wordcount>
    <wordcount weight="1" > abrams </wordcount>
    <wordcount weight="1" > water </wordcount>
    <wordcount weight="1" > distributional </wordcount>
    <wordcount weight="1" > pollinated </wordcount>
    <wordcount weight="1" > position </wordcount>
    <wordcount weight="1" > established </wordcount>
    <wordcount weight="1" > seems </wordcount>
    <wordcount weight="1" > salient </wordcount>
    <wordcount weight="1" > history </wordcount>
    <wordcount weight="1" > tween </wordcount>
    <wordcount weight="1" > dissection </wordcount>
    <wordcount weight="1" > suggestions </wordcount>
    <wordcount weight="1" > variable </wordcount>
    <wordcount weight="1" > deposited </wordcount>
    <wordcount weight="1" > inability </wordcount>
    <wordcount weight="1" > heavy </wordcount>
    <wordcount weight="1" > extinction </wordcount>
    <wordcount weight="1" > presumably </wordcount>
    <wordcount weight="1" > perspectives </wordcount>
    <wordcount weight="1" > sr </wordcount>
    <wordcount weight="1" > associated </wordcount>
    <wordcount weight="1" > before </wordcount>
    <wordcount weight="1" > continents </wordcount>
    <wordcount weight="1" > onset </wordcount>
    <wordcount weight="1" > days </wordcount>
    <wordcount weight="1" > maturity </wordcount>
    <wordcount weight="1" > waterfowl </wordcount>
    <wordcount weight="1" > experimental </wordcount>
    <wordcount weight="1" > benito </wordcount>
    <wordcount weight="1" > without </wordcount>
    <wordcount weight="1" > distinctness </wordcount>
    <wordcount weight="1" > glutinous </wordcount>
    <wordcount weight="1" > source </wordcount>
    <wordcount weight="1" > cyclic </wordcount>
    <wordcount weight="1" > differs </wordcount>
    <wordcount weight="1" > changing </wordcount>
    <wordcount weight="1" > john </wordcount>
    <wordcount weight="1" > determine </wordcount>
    <wordcount weight="1" > comparison </wordcount>
    <wordcount weight="1" > already </wordcount>
    <wordcount weight="1" > consider </wordcount>
    <wordcount weight="1" > verano </wordcount>
    <wordcount weight="1" > baker </wordcount>
    <wordcount weight="1" > highways </wordcount>
    <wordcount weight="1" > subtribe </wordcount>
    <wordcount weight="1" > disturbances </wordcount>
    <wordcount weight="1" > department </wordcount>
    <wordcount weight="1" > wiley </wordcount>
    <wordcount weight="1" > commonly </wordcount>
    <wordcount weight="1" > flats </wordcount>
    <wordcount weight="1" > completely </wordcount>
    <wordcount weight="1" > extensive </wordcount>
    <wordcount weight="1" > moore </wordcount>
    <wordcount weight="1" > underwater </wordcount>
    <wordcount weight="1" > max </wordcount>
    <wordcount weight="1" > consistent </wordcount>
    <wordcount weight="1" > cy </wordcount>
    <wordcount weight="1" > enhanced </wordcount>
    <wordcount weight="1" > beyond </wordcount>
    <wordcount weight="1" > concerning </wordcount>
    <wordcount weight="1" > spatially </wordcount>
    <wordcount weight="1" > specific </wordcount>
    <wordcount weight="1" > roderick </wordcount>
    <wordcount weight="1" > migratory </wordcount>
    <wordcount weight="1" > alteration </wordcount>
    <wordcount weight="1" > barriers </wordcount>
    <wordcount weight="1" > pollinating </wordcount>
    <wordcount weight="1" > tenella </wordcount>
    <wordcount weight="1" > nortlh </wordcount>
    <wordcount weight="1" > anthesis </wordcount>
    <wordcount weight="1" > successfully </wordcount>
    <wordcount weight="1" > middle </wordcount>
    <wordcount weight="1" > quaternary </wordcount>
    <wordcount weight="1" > interested </wordcount>
    <wordcount weight="1" > david </wordcount>
    <wordcount weight="1" > ripening </wordcount>
    <wordcount weight="1" > herbaceous </wordcount>
    <wordcount weight="1" > expression </wordcount>
    <wordcount weight="1" > outcome </wordcount>
    <wordcount weight="1" > genecology </wordcount>
    <wordcount weight="1" > being </wordcount>
    <wordcount weight="1" > season </wordcount>
    <wordcount weight="1" > identified </wordcount>
    <wordcount weight="1" > encircling </wordcount>
    <wordcount weight="1" > allow </wordcount>
    <wordcount weight="1" > semiwoody </wordcount>
    <wordcount weight="1" > clements </wordcount>
    <wordcount weight="1" > arms </wordcount>
    <wordcount weight="1" > advanced </wordcount>
    <wordcount weight="1" > cent </wordcount>
    <wordcount weight="1" > recedes </wordcount>
    <wordcount weight="1" > scrublands </wordcount>
    <wordcount weight="1" > ranges </wordcount>
    <wordcount weight="1" > paper </wordcount>
    <wordcount weight="1" > closely </wordcount>
    <wordcount weight="1" > my </wordcount>
    <wordcount weight="1" > share </wordcount>
    <wordcount weight="1" > others </wordcount>
    <wordcount weight="1" > connate </wordcount>
    <wordcount weight="1" > ratio </wordcount>
    <wordcount weight="1" > disjunct </wordcount>
    <wordcount weight="1" > functional </wordcount>
    <wordcount weight="1" > effecting </wordcount>
    <wordcount weight="1" > luis </wordcount>
    <wordcount weight="1" > limit </wordcount>
    <wordcount weight="1" > height </wordcount>
    <wordcount weight="1" > affinities </wordcount>
    <wordcount weight="1" > believe </wordcount>
    <wordcount weight="1" > sections </wordcount>
    <wordcount weight="1" > unknown </wordcount>
    <wordcount weight="1" > maternal </wordcount>
    <wordcount weight="1" > occurrence </wordcount>
    <wordcount weight="1" > selfpollinating </wordcount>
    <wordcount weight="1" > acknowledgments </wordcount>
    <wordcount weight="1" > tulsa </wordcount>
    <wordcount weight="1" > transported </wordcount>
    <wordcount weight="1" > cauline </wordcount>
    <wordcount weight="1" > eject </wordcount>
    <wordcount weight="1" > weeds </wordcount>
    <wordcount weight="1" > study </wordcount>
    <wordcount weight="1" > display </wordcount>
    <wordcount weight="1" > ben </wordcount>
    <wordcount weight="1" > abstract </wordcount>
    <wordcount weight="1" > reminiscent </wordcount>
    <wordcount weight="1" > regard </wordcount>
    <wordcount weight="1" > relict </wordcount>
    <wordcount weight="1" > progenies </wordcount>
    <wordcount weight="1" > germination </wordcount>
    <wordcount weight="1" > seven </wordcount>
    <wordcount weight="1" > aculeo </wordcount>
    <wordcount weight="1" > conspicuous </wordcount>
    <wordcount weight="1" > classical </wordcount>
    <wordcount weight="1" > hemispherical </wordcount>
    <wordcount weight="1" > diverse </wordcount>
    <wordcount weight="1" > shared </wordcount>
    <wordcount weight="1" > longtable </wordcount>
    <wordcount weight="1" > hundred </wordcount>
    <wordcount weight="1" > geol </wordcount>
    <wordcount weight="1" > displays </wordcount>
    <wordcount weight="1" > cages </wordcount>
    <wordcount weight="1" > end </wordcount>
    <wordcount weight="1" > varied </wordcount>
    <wordcount weight="1" > narrow </wordcount>
    <wordcount weight="1" > substantially </wordcount>
    <wordcount weight="1" > cultivation </wordcount>
    <wordcount weight="1" > aconcagua </wordcount>
    <wordcount weight="1" > survey </wordcount>
    <wordcount weight="1" > configuration </wordcount>
    <wordcount weight="1" > historical </wordcount>
    <wordcount weight="1" > staminal </wordcount>
    <wordcount weight="1" > away </wordcount>
    <wordcount weight="1" > persist </wordcount>
    <wordcount weight="1" > functionally </wordcount>
    <wordcount weight="1" > mendocino </wordcount>
    <wordcount weight="1" > seldom </wordcount>
    <wordcount weight="1" > help </wordcount>
    <wordcount weight="1" > achieved </wordcount>
    <wordcount weight="1" > unless </wordcount>
    <wordcount weight="1" > feature </wordcount>
    <wordcount weight="1" > u </wordcount>
    <wordcount weight="1" > glabrous </wordcount>
    <wordcount weight="1" > removal </wordcount>
    <wordcount weight="1" > glacial </wordcount>
    <wordcount weight="1" > external </wordcount>
    <wordcount weight="1" > reasons </wordcount>
    <wordcount weight="1" > surrounding </wordcount>
    <wordcount weight="1" > living </wordcount>
    <wordcount weight="1" > assessment </wordcount>
    <wordcount weight="1" > crockeria </wordcount>
    <wordcount weight="1" > wco </wordcount>
    <wordcount weight="1" > colonization </wordcount>
    <wordcount weight="1" > forms </wordcount>
    <wordcount weight="1" > biosystematics </wordcount>
    <wordcount weight="1" > reproductive </wordcount>
    <wordcount weight="1" > catalogue </wordcount>
    <wordcount weight="1" > paleate </wordcount>
    <wordcount weight="1" > usual </wordcount>
    <wordcount weight="1" > primitive </wordcount>
    <wordcount weight="1" > stigmas </wordcount>
    <wordcount weight="1" > robert </wordcount>
    <wordcount weight="1" > opposite </wordcount>
    <wordcount weight="1" > gave </wordcount>
    <wordcount weight="1" > equal </wordcount>
    <wordcount weight="1" > derivative </wordcount>
    <wordcount weight="1" > manner </wordcount>
    <wordcount weight="1" > reading </wordcount>
    <wordcount weight="1" > hur </wordcount>
    <wordcount weight="1" > bigtree </wordcount>
    <wordcount weight="1" > road </wordcount>
    <wordcount weight="1" > tight </wordcount>
    <wordcount weight="1" > stock </wordcount>
    <wordcount weight="1" > derivation </wordcount>
    <wordcount weight="1" > reproduce </wordcount>
    <wordcount weight="1" > literature </wordcount>
    <wordcount weight="1" > province </wordcount>
    <wordcount weight="1" > el </wordcount>
    <wordcount weight="1" > papers </wordcount>
    <wordcount weight="1" > appears </wordcount>
    <wordcount weight="1" > manuscript </wordcount>
    <wordcount weight="1" > lobed </wordcount>
    <wordcount weight="1" > selfpollination </wordcount>
    <wordcount weight="1" > bers </wordcount>
    <wordcount weight="1" > list </wordcount>
    <wordcount weight="1" > assoc </wordcount>
    <wordcount weight="1" > ones </wordcount>
    <wordcount weight="1" > adheres </wordcount>
    <wordcount weight="1" > woodlands </wordcount>
    <wordcount weight="1" > grounds </wordcount>
    <wordcount weight="1" > series </wordcount>
    <wordcount weight="1" > placed </wordcount>
    <wordcount weight="1" > madroiio </wordcount>
    <wordcount weight="1" > sites </wordcount>
    <wordcount weight="1" > conclusion </wordcount>
    <wordcount weight="1" > map </wordcount>
    <wordcount weight="1" > laguna </wordcount>
    <wordcount weight="1" > stebbins </wordcount>
    <wordcount weight="1" > axis </wordcount>
    <wordcount weight="1" > elongating </wordcount>
    <wordcount weight="1" > leaving </wordcount>
    <wordcount weight="1" > glaberrirna </wordcount>
    <wordcount weight="1" > instances </wordcount>
    <wordcount weight="1" > blake </wordcount>
    <wordcount weight="1" > consisting </wordcount>
    <wordcount weight="1" > familiarly </wordcount>
    <wordcount weight="1" > capacity </wordcount>
    <wordcount weight="1" > gives </wordcount>
    <wordcount weight="1" > illustrated </wordcount>
    <wordcount weight="1" > oo </wordcount>
    <wordcount weight="1" > earlier </wordcount>
    <wordcount weight="1" > while </wordcount>
    <wordcount weight="1" > periphery </wordcount>
    <wordcount weight="1" > discuss </wordcount>
    <wordcount weight="1" > continent </wordcount>
    <wordcount weight="1" > backcrossed </wordcount>
    <wordcount weight="1" > shape </wordcount>
    <wordcount weight="1" > representatives </wordcount>
    <wordcount weight="1" > hollister </wordcount>
    <wordcount weight="1" > deal </wordcount>
    <wordcount weight="1" > almost </wordcount>
    <wordcount weight="1" > autosyndetic </wordcount>
    <wordcount weight="1" > chromosomal </wordcount>
    <wordcount weight="1" > having </wordcount>
    <wordcount weight="1" > oak </wordcount>
    <wordcount weight="1" > included </wordcount>
    <wordcount weight="1" > listed </wordcount>
    <wordcount weight="1" > differ </wordcount>
    <wordcount weight="1" > status </wordcount>
    <wordcount weight="1" > basis </wordcount>
    <wordcount weight="1" > possible </wordcount>
    <wordcount weight="1" > distinguish </wordcount>
    <wordcount weight="1" > determined </wordcount>
    <wordcount weight="1" > up </wordcount>
    <wordcount weight="1" > subtropical </wordcount>
    <wordcount weight="1" > greatest </wordcount>
    <wordcount weight="1" > correctly </wordcount>
    <wordcount weight="1" > cloverdale </wordcount>
    <wordcount weight="1" > data </wordcount>
    <wordcount weight="1" > mariposa </wordcount>
    <wordcount weight="1" > exclusively </wordcount>
    <wordcount weight="1" > analysis </wordcount>
    <wordcount weight="1" > eliminated </wordcount>
    <wordcount weight="1" > object </wordcount>
    <wordcount weight="1" > inferred </wordcount>
    <wordcount weight="1" > obispo </wordcount>
    <wordcount weight="1" > biotic </wordcount>
    <wordcount weight="1" > avery </wordcount>
    <wordcount weight="1" > made </wordcount>
    <wordcount weight="1" > fluctuation </wordcount>
    <wordcount weight="1" > varieties </wordcount>
    <wordcount weight="1" > located </wordcount>
    <wordcount weight="1" > fertzlzty </wordcount>
    <wordcount weight="1" > occupy </wordcount>
    <wordcount weight="1" > plungers </wordcount>
    <wordcount weight="1" > nine </wordcount>
    <wordcount weight="1" > northwestern </wordcount>
    <wordcount weight="1" > nearest </wordcount>
    <wordcount weight="1" > fine </wordcount>
    <wordcount weight="1" > apart </wordcount>
    <wordcount weight="1" > significantly </wordcount>
    <wordcount weight="1" > reported </wordcount>
    <wordcount weight="1" > point </wordcount>
    <wordcount weight="1" > lake </wordcount>
    <wordcount weight="1" > part </wordcount>
    <wordcount weight="1" > events </wordcount>
    <wordcount weight="1" > purpose </wordcount>
    <wordcount weight="1" > introduced </wordcount>
    <wordcount weight="1" > city </wordcount>
    <wordcount weight="1" > beach </wordcount>
    <wordcount weight="1" > despite </wordcount>
    <wordcount weight="1" > scatter </wordcount>
    <wordcount weight="1" > givenamerican </wordcount>
    <wordcount weight="1" > detailed </wordcount>
    <wordcount weight="1" > geoflora </wordcount>
    <wordcount weight="1" > genetic </wordcount>
    <wordcount weight="1" > geographical </wordcount>
    <wordcount weight="1" > leptalea </wordcount>
    <wordcount weight="1" > appressed </wordcount>
    <wordcount weight="1" > clarkias </wordcount>
    <wordcount weight="1" > variability </wordcount>
    <wordcount weight="1" > trio </wordcount>
    <wordcount weight="1" > giving </wordcount>
    <wordcount weight="1" > die </wordcount>
    <wordcount weight="1" > ten </wordcount>
    <wordcount weight="1" > great </wordcount>
    <wordcount weight="1" > sufficient </wordcount>
    <wordcount weight="1" > went </wordcount>
    <wordcount weight="1" > regionsamerican </wordcount>
    <wordcount weight="1" > overestimates </wordcount>
    <wordcount weight="1" > stanislaus </wordcount>
    <wordcount weight="1" > indebted </wordcount>
    <wordcount weight="1" > postulated </wordcount>
    <wordcount weight="1" > doubt </wordcount>
    <wordcount weight="1" > conditions </wordcount>
    <wordcount weight="1" > shorter </wordcount>
    <wordcount weight="1" > colonial </wordcount>
    <wordcount weight="1" > perplexed </wordcount>
    <wordcount weight="1" > phenomenon </wordcount>
    <wordcount weight="1" > us </wordcount>
    <wordcount weight="1" > isolated </wordcount>
    <wordcount weight="1" > probability </wordcount>
    <wordcount weight="1" > satisfactorily </wordcount>
    <wordcount weight="1" > increasingly </wordcount>
    <wordcount weight="1" > human </wordcount>
    <wordcount weight="1" > winter </wordcount>
    <wordcount weight="1" > identical </wordcount>
    <wordcount weight="1" > nothing </wordcount>
    <wordcount weight="1" > supposition </wordcount>
    <wordcount weight="1" > amplitude </wordcount>
    <wordcount weight="1" > includes </wordcount>
    <wordcount weight="1" > exserted </wordcount>
    <wordcount weight="1" > surname </wordcount>
    <wordcount weight="1" > strikingly </wordcount>
    <wordcount weight="1" > obliterate </wordcount>
    <wordcount weight="1" > partly </wordcount>
    <wordcount weight="1" > metaphase </wordcount>
    <wordcount weight="1" > taxon </wordcount>
    <wordcount weight="1" > variant </wordcount>
    <wordcount weight="1" > germinate </wordcount>
    <wordcount weight="1" > branching </wordcount>
    <wordcount weight="1" > until </wordcount>
    <wordcount weight="1" > obtaining </wordcount>
    <wordcount weight="1" > showing </wordcount>
    <wordcount weight="1" > ligules </wordcount>
    <wordcount weight="1" > distinctive </wordcount>
    <wordcount weight="1" > modernization </wordcount>
    <wordcount weight="1" > placer </wordcount>
    <wordcount weight="1" > differentiation </wordcount>
    <wordcount weight="1" > fi </wordcount>
    <wordcount weight="1" > reflexing </wordcount>
    <wordcount weight="1" > sending </wordcount>
    <wordcount weight="1" > reject </wordcount>
    <wordcount weight="1" > inconspicuous </wordcount>
    <wordcount weight="1" > clear </wordcount>
    <wordcount weight="1" > discovered </wordcount>
    <wordcount weight="1" > type </wordcount>
    <wordcount weight="1" > placing </wordcount>
    <wordcount weight="1" > myself </wordcount>
    <wordcount weight="1" > vol </wordcount>
    <wordcount weight="1" > goldfield </wordcount>
    <wordcount weight="1" > depauperate </wordcount>
    <wordcount weight="1" > simmler </wordcount>
    <wordcount weight="1" > authors </wordcount>
    <wordcount weight="1" > howell </wordcount>
    <wordcount weight="1" > de </wordcount>
    <wordcount weight="1" > interracial </wordcount>
    <wordcount weight="1" > washington </wordcount>
    <wordcount weight="1" > taxonomic </wordcount>
    <wordcount weight="1" > ancestral </wordcount>
    <wordcount weight="1" > characteristic </wordcount>
    <wordcount weight="1" > sparsely </wordcount>
    <wordcount weight="1" > individual </wordcount>
    <wordcount weight="1" > gelatinous </wordcount>
    <wordcount weight="1" > saline </wordcount>
    <wordcount weight="1" > include </wordcount>
    <wordcount weight="1" > immediately </wordcount>
    <wordcount weight="1" > correlated </wordcount>
    <wordcount weight="1" > fiwer </wordcount>
    <wordcount weight="1" > remiarks </wordcount>
    <wordcount weight="1" > jr </wordcount>
    <wordcount weight="1" > cold </wordcount>
    <wordcount weight="1" > unpubl </wordcount>
    <wordcount weight="1" > questionable </wordcount>
    <wordcount weight="1" > respects </wordcount>
    <wordcount weight="1" > intermixed </wordcount>
    <wordcount weight="1" > angels </wordcount>
    <wordcount weight="1" > smaller </wordcount>
    <wordcount weight="1" > stage </wordcount>
    <wordcount weight="1" > lli </wordcount>
    <wordcount weight="1" > pistillate </wordcount>
    <wordcount weight="1" > distinction </wordcount>
    <wordcount weight="1" > next </wordcount>
    <wordcount weight="1" > stages </wordcount>
    <wordcount weight="1" > plyllary </wordcount>
    <wordcount weight="1" > contributed </wordcount>
    <wordcount weight="1" > reasonably </wordcount>
    <wordcount weight="1" > ecology </wordcount>
    <wordcount weight="1" > conterminous </wordcount>
    <wordcount weight="1" > standpoint </wordcount>
    <wordcount weight="1" > eluded </wordcount>
    <wordcount weight="1" > cases </wordcount>
    <wordcount weight="1" > provides </wordcount>
    <wordcount weight="1" > extremely </wordcount>
    <wordcount weight="1" > night </wordcount>
    <wordcount weight="1" > association </wordcount>
    <wordcount weight="1" > shift </wordcount>
    <wordcount weight="1" > self </wordcount>
    <wordcount weight="1" > reyes </wordcount>
    <wordcount weight="1" > coarser </wordcount>
    <wordcount weight="1" > fertilization </wordcount>
    <wordcount weight="1" > hemisphere </wordcount>
    <wordcount weight="1" > evident </wordcount>
    <wordcount weight="1" > times </wordcount>
    <wordcount weight="1" > voucher </wordcount>
    <wordcount weight="1" > permitted </wordcount>
    <wordcount weight="1" > alkali </wordcount>
    <wordcount weight="1" > supported </wordcount>
    <wordcount weight="1" > tehama </wordcount>
    <wordcount weight="1" > occurring </wordcount>
    <wordcount weight="1" > floral </wordcount>
    <wordcount weight="1" > response </wordcount>
    <wordcount weight="1" > serving </wordcount>
    <wordcount weight="1" > columbia </wordcount>
    <wordcount weight="1" > chambers </wordcount>
    <wordcount weight="1" > intolerant </wordcount>
    <wordcount weight="1" > phd </wordcount>
    <wordcount weight="1" > geographers </wordcount>
    <wordcount weight="1" > distinguished </wordcount>
    <wordcount weight="1" > ancestors </wordcount>
    <wordcount weight="1" > herb </wordcount>
    <wordcount weight="1" > cytology </wordcount>
    <wordcount weight="1" > contact </wordcount>
    <wordcount weight="1" > twice </wordcount>
    <wordcount weight="1" > dense </wordcount>
    <wordcount weight="1" > heiser </wordcount>
    <wordcount weight="1" > shasta </wordcount>
    <wordcount weight="1" > coast </wordcount>
    <wordcount weight="1" > surv </wordcount>
    <wordcount weight="1" > periodicities </wordcount>
    <wordcount weight="1" > partial </wordcount>
    <wordcount weight="1" > adjacent </wordcount>
    <wordcount weight="1" > including </wordcount>
    <wordcount weight="1" > probably </wordcount>
    <wordcount weight="1" > wish </wordcount>
    <wordcount weight="1" > morphologically </wordcount>
    <wordcount weight="1" > selfincompatible </wordcount>
    <wordcount weight="1" > duration </wordcount>
    <wordcount weight="1" > much </wordcount>
    <wordcount weight="1" > shading </wordcount>
    <wordcount weight="1" > figures </wordcount>
    <wordcount weight="1" > ellen </wordcount>
    <wordcount weight="1" > explains </wordcount>
    <wordcount weight="1" > lengthy </wordcount>
    <wordcount weight="1" > epoch </wordcount>
    <wordcount weight="1" > autogamous </wordcount>
    <wordcount weight="1" > cross </wordcount>
    <wordcount weight="1" > example </wordcount>
    <wordcount weight="1" > should </wordcount>
    <wordcount weight="1" > portions </wordcount>
    <wordcount weight="1" > develop </wordcount>
    <wordcount weight="1" > hope </wordcount>
    <wordcount weight="1" > regimes </wordcount>
    <wordcount weight="1" > valleys </wordcount>
    <wordcount weight="1" > increases </wordcount>
    <wordcount weight="1" > cipitation </wordcount>
    <wordcount weight="1" > race </wordcount>
    <wordcount weight="1" > stigma </wordcount>
    <wordcount weight="1" > obconic </wordcount>
    <wordcount weight="1" > division </wordcount>
    <wordcount weight="1" > diversification </wordcount>
    <wordcount weight="1" > intercrossed </wordcount>
    <wordcount weight="1" > richly </wordcount>
    <wordcount weight="1" > petroleum </wordcount>
    <wordcount weight="1" > lend </wordcount>
    <wordcount weight="1" > surprising </wordcount>
</article>
