<?xml version="1.0" encoding="UTF-8"?>
<article id="10.2307/2474681" >
    <wordcount weight="335" > of </wordcount>
    <wordcount weight="256" > and </wordcount>
    <wordcount weight="188" > in </wordcount>
    <wordcount weight="132" > the </wordcount>
    <wordcount weight="65" > l </wordcount>
    <wordcount weight="63" > a </wordcount>
    <wordcount weight="51" > on </wordcount>
    <wordcount weight="47" > r </wordcount>
    <wordcount weight="47" > leaf </wordcount>
    <wordcount weight="46" > j </wordcount>
    <wordcount weight="45" > c </wordcount>
    <wordcount weight="40" > to </wordcount>
    <wordcount weight="40" > development </wordcount>
    <wordcount weight="40" > d </wordcount>
    <wordcount weight="39" > e </wordcount>
    <wordcount weight="39" > structure </wordcount>
    <wordcount weight="36" > growth </wordcount>
    <wordcount weight="34" > root </wordcount>
    <wordcount weight="33" > w </wordcount>
    <wordcount weight="32" > m </wordcount>
    <wordcount weight="32" > see </wordcount>
    <wordcount weight="30" > g </wordcount>
    <wordcount weight="29" > h </wordcount>
    <wordcount weight="29" > effect </wordcount>
    <wordcount weight="28" > water </wordcount>
    <wordcount weight="27" > effects </wordcount>
    <wordcount weight="26" > fine </wordcount>
    <wordcount weight="24" > nodules </wordcount>
    <wordcount weight="24" > s </wordcount>
    <wordcount weight="23" > p </wordcount>
    <wordcount weight="22" > species </wordcount>
    <wordcount weight="21" > nitrogen </wordcount>
    <wordcount weight="21" > plants </wordcount>
    <wordcount weight="20" > by </wordcount>
    <wordcount weight="20" > t </wordcount>
    <wordcount weight="19" > nodule </wordcount>
    <wordcount weight="19" > b </wordcount>
    <wordcount weight="19" > nicotiana </wordcount>
    <wordcount weight="17" > ustilago </wordcount>
    <wordcount weight="16" > during </wordcount>
    <wordcount weight="16" > response </wordcount>
    <wordcount weight="15" > black </wordcount>
    <wordcount weight="15" > comptonia </wordcount>
    <wordcount weight="15" > ultrastructure </wordcount>
    <wordcount weight="15" > alnus </wordcount>
    <wordcount weight="14" > fruit </wordcount>
    <wordcount weight="14" > with </wordcount>
    <wordcount weight="14" > from </wordcount>
    <wordcount weight="14" > john </wordcount>
    <wordcount weight="14" > an </wordcount>
    <wordcount weight="14" > plant </wordcount>
    <wordcount weight="14" > seed </wordcount>
    <wordcount weight="13" > f </wordcount>
    <wordcount weight="13" > group </wordcount>
    <wordcount weight="13" > changes </wordcount>
    <wordcount weight="13" > solanum </wordcount>
    <wordcount weight="13" > fixation </wordcount>
    <wordcount weight="13" > pollen </wordcount>
    <wordcount weight="13" > early </wordcount>
    <wordcount weight="12" > leaves </wordcount>
    <wordcount weight="12" > soybean </wordcount>
    <wordcount weight="12" > william </wordcount>
    <wordcount weight="12" > activity </wordcount>
    <wordcount weight="11" > ultrastructural </wordcount>
    <wordcount weight="11" > as </wordcount>
    <wordcount weight="11" > for </wordcount>
    <wordcount weight="11" > bean </wordcount>
    <wordcount weight="11" > distribution </wordcount>
    <wordcount weight="10" > enzyme </wordcount>
    <wordcount weight="10" > peroxidase </wordcount>
    <wordcount weight="10" > seedlings </wordcount>
    <wordcount weight="10" > flowers </wordcount>
    <wordcount weight="10" > i </wordcount>
    <wordcount weight="10" > glutinosa </wordcount>
    <wordcount weight="10" > senescence </wordcount>
    <wordcount weight="10" > citrus </wordcount>
    <wordcount weight="10" > angle </wordcount>
    <wordcount weight="10" > dynamics </wordcount>
    <wordcount weight="10" > relations </wordcount>
    <wordcount weight="10" > orchid </wordcount>
    <wordcount weight="10" > phloem </wordcount>
    <wordcount weight="9" > george </wordcount>
    <wordcount weight="9" > acclimation </wordcount>
    <wordcount weight="9" > actinomycete </wordcount>
    <wordcount weight="9" > salinity </wordcount>
    <wordcount weight="9" > explants </wordcount>
    <wordcount weight="9" > cortaderia </wordcount>
    <wordcount weight="9" > opuntia </wordcount>
    <wordcount weight="9" > stress </wordcount>
    <wordcount weight="9" > carbon </wordcount>
    <wordcount weight="9" > lily </wordcount>
    <wordcount weight="9" > annual </wordcount>
    <wordcount weight="9" > genome </wordcount>
    <wordcount weight="9" > cold </wordcount>
    <wordcount weight="9" > morphogenesis </wordcount>
    <wordcount weight="8" > phaeacantha </wordcount>
    <wordcount weight="8" > nectar </wordcount>
    <wordcount weight="8" > comparative </wordcount>
    <wordcount weight="8" > studies </wordcount>
    <wordcount weight="8" > myrica </wordcount>
    <wordcount weight="8" > avena </wordcount>
    <wordcount weight="8" > initiation </wordcount>
    <wordcount weight="8" > cell </wordcount>
    <wordcount weight="8" > n </wordcount>
    <wordcount weight="8" > draba </wordcount>
    <wordcount weight="8" > shrubs </wordcount>
    <wordcount weight="8" > levels </wordcount>
    <wordcount weight="8" > apparatus </wordcount>
    <wordcount weight="8" > hydrogen </wordcount>
    <wordcount weight="8" > central </wordcount>
    <wordcount weight="8" > germinating </wordcount>
    <wordcount weight="8" > richard </wordcount>
    <wordcount weight="8" > buds </wordcount>
    <wordcount weight="8" > ilex </wordcount>
    <wordcount weight="7" > peregrina </wordcount>
    <wordcount weight="7" > populations </wordcount>
    <wordcount weight="7" > tuber </wordcount>
    <wordcount weight="7" > red </wordcount>
    <wordcount weight="7" > sephadex </wordcount>
    <wordcount weight="7" > associated </wordcount>
    <wordcount weight="7" > calcium </wordcount>
    <wordcount weight="7" > natural </wordcount>
    <wordcount weight="7" > secondary </wordcount>
    <wordcount weight="7" > turnover </wordcount>
    <wordcount weight="7" > variation </wordcount>
    <wordcount weight="7" > fractionation </wordcount>
    <wordcount weight="7" > role </wordcount>
    <wordcount weight="7" > salicornia </wordcount>
    <wordcount weight="7" > pine </wordcount>
    <wordcount weight="7" > larrea </wordcount>
    <wordcount weight="7" > conditions </wordcount>
    <wordcount weight="7" > temperature </wordcount>
    <wordcount weight="7" > xylem </wordcount>
    <wordcount weight="7" > david </wordcount>
    <wordcount weight="7" > jr </wordcount>
    <wordcount weight="7" > kunkelia </wordcount>
    <wordcount weight="7" > alder </wordcount>
    <wordcount weight="7" > potential </wordcount>
    <wordcount weight="7" > k </wordcount>
    <wordcount weight="7" > ferns </wordcount>
    <wordcount weight="7" > pineapple </wordcount>
    <wordcount weight="7" > hybrid </wordcount>
    <wordcount weight="7" > chloroplasts </wordcount>
    <wordcount weight="7" > myrmic </wordcount>
    <wordcount weight="7" > radicle </wordcount>
    <wordcount weight="6" > agropyron </wordcount>
    <wordcount weight="6" > fremontia </wordcount>
    <wordcount weight="6" > auxin </wordcount>
    <wordcount weight="6" > zebrina </wordcount>
    <wordcount weight="6" > violacea </wordcount>
    <wordcount weight="6" > hair </wordcount>
    <wordcount weight="6" > variants </wordcount>
    <wordcount weight="6" > four </wordcount>
    <wordcount weight="6" > woody </wordcount>
    <wordcount weight="6" > genus </wordcount>
    <wordcount weight="6" > wall </wordcount>
    <wordcount weight="6" > germination </wordcount>
    <wordcount weight="6" > v </wordcount>
    <wordcount weight="6" > trichomes </wordcount>
    <wordcount weight="6" > erica </wordcount>
    <wordcount weight="6" > sorbus </wordcount>
    <wordcount weight="6" > lens </wordcount>
    <wordcount weight="6" > adaptation </wordcount>
    <wordcount weight="6" > egg </wordcount>
    <wordcount weight="6" > balance </wordcount>
    <wordcount weight="6" > cytoplasm </wordcount>
    <wordcount weight="6" > ethephon </wordcount>
    <wordcount weight="6" > histochemical </wordcount>
    <wordcount weight="6" > volume </wordcount>
    <wordcount weight="6" > stages </wordcount>
    <wordcount weight="6" > tabacum </wordcount>
    <wordcount weight="6" > avocado </wordcount>
    <wordcount weight="6" > charles </wordcount>
    <wordcount weight="6" > relation </wordcount>
    <wordcount weight="6" > ovules </wordcount>
    <wordcount weight="6" > texas </wordcount>
    <wordcount weight="6" > phaseolus </wordcount>
    <wordcount weight="6" > matorral </wordcount>
    <wordcount weight="6" > north </wordcount>
    <wordcount weight="6" > developmental </wordcount>
    <wordcount weight="5" > dale </wordcount>
    <wordcount weight="5" > chromosome </wordcount>
    <wordcount weight="5" > chasmogamous </wordcount>
    <wordcount weight="5" > symbioses </wordcount>
    <wordcount weight="5" > actinomycetous </wordcount>
    <wordcount weight="5" > endophyte </wordcount>
    <wordcount weight="5" > outcrossing </wordcount>
    <wordcount weight="5" > casuarina </wordcount>
    <wordcount weight="5" > equisetum </wordcount>
    <wordcount weight="5" > life </wordcount>
    <wordcount weight="5" > flowering </wordcount>
    <wordcount weight="5" > regulators </wordcount>
    <wordcount weight="5" > cam </wordcount>
    <wordcount weight="5" > western </wordcount>
    <wordcount weight="5" > dormancy </wordcount>
    <wordcount weight="5" > glycine </wordcount>
    <wordcount weight="5" > imbibition </wordcount>
    <wordcount weight="5" > following </wordcount>
    <wordcount weight="5" > numbers </wordcount>
    <wordcount weight="5" > ostrya </wordcount>
    <wordcount weight="5" > embryos </wordcount>
    <wordcount weight="5" > selfing </wordcount>
    <wordcount weight="5" > index </wordcount>
    <wordcount weight="5" > export </wordcount>
    <wordcount weight="5" > toward </wordcount>
    <wordcount weight="5" > partitioning </wordcount>
    <wordcount weight="5" > urease </wordcount>
    <wordcount weight="5" > infection </wordcount>
    <wordcount weight="5" > contents </wordcount>
    <wordcount weight="5" > cleistogamous </wordcount>
    <wordcount weight="5" > silicon </wordcount>
    <wordcount weight="5" > isotope </wordcount>
    <wordcount weight="5" > alterations </wordcount>
    <wordcount weight="5" > systematics </wordcount>
    <wordcount weight="5" > symmetry </wordcount>
    <wordcount weight="5" > nurse </wordcount>
    <wordcount weight="5" > bud </wordcount>
    <wordcount weight="5" > hormones </wordcount>
    <wordcount weight="5" > salix </wordcount>
    <wordcount weight="5" > sensitivity </wordcount>
    <wordcount weight="5" > grant </wordcount>
    <wordcount weight="5" > lamium </wordcount>
    <wordcount weight="5" > optimal </wordcount>
    <wordcount weight="5" > indicator </wordcount>
    <wordcount weight="5" > presumptive </wordcount>
    <wordcount weight="5" > exudate </wordcount>
    <wordcount weight="5" > chilean </wordcount>
    <wordcount weight="5" > cytology </wordcount>
    <wordcount weight="5" > chicago </wordcount>
    <wordcount weight="5" > cattleya </wordcount>
    <wordcount weight="5" > anixiella </wordcount>
    <wordcount weight="5" > roots </wordcount>
    <wordcount weight="5" > cycle </wordcount>
    <wordcount weight="5" > modifications </wordcount>
    <wordcount weight="5" > coherence </wordcount>
    <wordcount weight="4" > callus </wordcount>
    <wordcount weight="4" > honey </wordcount>
    <wordcount weight="4" > activation </wordcount>
    <wordcount weight="4" > separation </wordcount>
    <wordcount weight="4" > symbiont </wordcount>
    <wordcount weight="4" > stigmatic </wordcount>
    <wordcount weight="4" > cells </wordcount>
    <wordcount weight="4" > adenostoma </wordcount>
    <wordcount weight="4" > chaparral </wordcount>
    <wordcount weight="4" > seta </wordcount>
    <wordcount weight="4" > structural </wordcount>
    <wordcount weight="4" > analysis </wordcount>
    <wordcount weight="4" > inhibitors </wordcount>
    <wordcount weight="4" > conifers </wordcount>
    <wordcount weight="4" > albert </wordcount>
    <wordcount weight="4" > serology </wordcount>
    <wordcount weight="4" > photoperiodic </wordcount>
    <wordcount weight="4" > university </wordcount>
    <wordcount weight="4" > heteroblastic </wordcount>
    <wordcount weight="4" > lepidium </wordcount>
    <wordcount weight="4" > vitro </wordcount>
    <wordcount weight="4" > walnut </wordcount>
    <wordcount weight="4" > pentose </wordcount>
    <wordcount weight="4" > actinomycetenodulated </wordcount>
    <wordcount weight="4" > economic </wordcount>
    <wordcount weight="4" > abscission </wordcount>
    <wordcount weight="4" > character </wordcount>
    <wordcount weight="4" > mycorrhiza </wordcount>
    <wordcount weight="4" > humidity </wordcount>
    <wordcount weight="4" > cultivated </wordcount>
    <wordcount weight="4" > meristem </wordcount>
    <wordcount weight="4" > elevational </wordcount>
    <wordcount weight="4" > bearing </wordcount>
    <wordcount weight="4" > reversible </wordcount>
    <wordcount weight="4" > suspensions </wordcount>
    <wordcount weight="4" > aurantiaca </wordcount>
    <wordcount weight="4" > treatments </wordcount>
    <wordcount weight="4" > crop </wordcount>
    <wordcount weight="4" > viii </wordcount>
    <wordcount weight="4" > pinto </wordcount>
    <wordcount weight="4" > iii </wordcount>
    <wordcount weight="4" > chloride </wordcount>
    <wordcount weight="4" > quiescent </wordcount>
    <wordcount weight="4" > chilling </wordcount>
    <wordcount weight="4" > gas </wordcount>
    <wordcount weight="4" > factors </wordcount>
    <wordcount weight="4" > gummosis </wordcount>
    <wordcount weight="4" > acetylene </wordcount>
    <wordcount weight="4" > nutrient </wordcount>
    <wordcount weight="4" > assessment </wordcount>
    <wordcount weight="4" > state </wordcount>
    <wordcount weight="4" > physiological </wordcount>
    <wordcount weight="4" > robert </wordcount>
    <wordcount weight="4" > endophytes </wordcount>
    <wordcount weight="4" > thermoacidophilic </wordcount>
    <wordcount weight="4" > webster </wordcount>
    <wordcount weight="4" > daylength </wordcount>
    <wordcount weight="4" > acids </wordcount>
    <wordcount weight="4" > beta </wordcount>
    <wordcount weight="4" > primary </wordcount>
    <wordcount weight="4" > spruce </wordcount>
    <wordcount weight="4" > america </wordcount>
    <wordcount weight="4" > microscopy </wordcount>
    <wordcount weight="4" > crushed </wordcount>
    <wordcount weight="4" > marsh </wordcount>
    <wordcount weight="4" > photosynthesis </wordcount>
    <wordcount weight="4" > peroxide </wordcount>
    <wordcount weight="4" > phosphate </wordcount>
    <wordcount weight="4" > donald </wordcount>
    <wordcount weight="4" > reduction </wordcount>
    <wordcount weight="4" > along </wordcount>
    <wordcount weight="4" > junipers </wordcount>
    <wordcount weight="4" > rust </wordcount>
    <wordcount weight="4" > hybridization </wordcount>
    <wordcount weight="4" > copper </wordcount>
    <wordcount weight="4" > cottonseed </wordcount>
    <wordcount weight="4" > allelopathic </wordcount>
    <wordcount weight="4" > teliospore </wordcount>
    <wordcount weight="4" > rotation </wordcount>
    <wordcount weight="4" > fruits </wordcount>
    <wordcount weight="4" > electron </wordcount>
    <wordcount weight="4" > formation </wordcount>
    <wordcount weight="4" > relationships </wordcount>
    <wordcount weight="4" > arborea </wordcount>
    <wordcount weight="4" > vii </wordcount>
    <wordcount weight="4" > roger </wordcount>
    <wordcount weight="4" > scanning </wordcount>
    <wordcount weight="4" > algae </wordcount>
    <wordcount weight="4" > inhibition </wordcount>
    <wordcount weight="4" > hieracium </wordcount>
    <wordcount weight="4" > mode </wordcount>
    <wordcount weight="4" > avicennia </wordcount>
    <wordcount weight="4" > lodgepole </wordcount>
    <wordcount weight="4" > salt </wordcount>
    <wordcount weight="4" > genetics </wordcount>
    <wordcount weight="4" > green </wordcount>
    <wordcount weight="4" > peterson </wordcount>
    <wordcount weight="4" > allium </wordcount>
    <wordcount weight="4" > after </wordcount>
    <wordcount weight="4" > maintaining </wordcount>
    <wordcount weight="4" > involved </wordcount>
    <wordcount weight="4" > stabilized </wordcount>
    <wordcount weight="4" > soil </wordcount>
    <wordcount weight="4" > juniperus </wordcount>
    <wordcount weight="4" > mating </wordcount>
    <wordcount weight="4" > sugarbeet </wordcount>
    <wordcount weight="4" > afterripening </wordcount>
    <wordcount weight="4" > gradient </wordcount>
    <wordcount weight="4" > biological </wordcount>
    <wordcount weight="4" > enzymes </wordcount>
    <wordcount weight="4" > sun </wordcount>
    <wordcount weight="4" > relative </wordcount>
    <wordcount weight="4" > golenkinia </wordcount>
    <wordcount weight="4" > medicago </wordcount>
    <wordcount weight="4" > preliminary </wordcount>
    <wordcount weight="4" > thickening </wordcount>
    <wordcount weight="4" > prosopis </wordcount>
    <wordcount weight="4" > anatomy </wordcount>
    <wordcount weight="3" > barbara </wordcount>
    <wordcount weight="3" > mesquite </wordcount>
    <wordcount weight="3" > tuberosum </wordcount>
    <wordcount weight="3" > relationship </wordcount>
    <wordcount weight="3" > myrmicacin </wordcount>
    <wordcount weight="3" > purshia </wordcount>
    <wordcount weight="3" > emp </wordcount>
    <wordcount weight="3" > ecological </wordcount>
    <wordcount weight="3" > constituents </wordcount>
    <wordcount weight="3" > morrison </wordcount>
    <wordcount weight="3" > stelestylis </wordcount>
    <wordcount weight="3" > var </wordcount>
    <wordcount weight="3" > decurrent </wordcount>
    <wordcount weight="3" > process </wordcount>
    <wordcount weight="3" > extension </wordcount>
    <wordcount weight="3" > strains </wordcount>
    <wordcount weight="3" > sphaeradenia </wordcount>
    <wordcount weight="3" > americana </wordcount>
    <wordcount weight="3" > japanese </wordcount>
    <wordcount weight="3" > population </wordcount>
    <wordcount weight="3" > allozyme </wordcount>
    <wordcount weight="3" > biology </wordcount>
    <wordcount weight="3" > haustorial </wordcount>
    <wordcount weight="3" > australis </wordcount>
    <wordcount weight="3" > postpollination </wordcount>
    <wordcount weight="3" > vulgaris </wordcount>
    <wordcount weight="3" > before </wordcount>
    <wordcount weight="3" > excised </wordcount>
    <wordcount weight="3" > forestry </wordcount>
    <wordcount weight="3" > coppiced </wordcount>
    <wordcount weight="3" > si </wordcount>
    <wordcount weight="3" > orientation </wordcount>
    <wordcount weight="3" > two </wordcount>
    <wordcount weight="3" > pseudotsuga </wordcount>
    <wordcount weight="3" > architecture </wordcount>
    <wordcount weight="3" > explanted </wordcount>
    <wordcount weight="3" > peninsula </wordcount>
    <wordcount weight="3" > prairie </wordcount>
    <wordcount weight="3" > electrophoretic </wordcount>
    <wordcount weight="3" > jeffrey </wordcount>
    <wordcount weight="3" > genecology </wordcount>
    <wordcount weight="3" > excess </wordcount>
    <wordcount weight="3" > raphide </wordcount>
    <wordcount weight="3" > flushing </wordcount>
    <wordcount weight="3" > lime </wordcount>
    <wordcount weight="3" > gale </wordcount>
    <wordcount weight="3" > uses </wordcount>
    <wordcount weight="3" > analogous </wordcount>
    <wordcount weight="3" > phenology </wordcount>
    <wordcount weight="3" > shade </wordcount>
    <wordcount weight="3" > evergreen </wordcount>
    <wordcount weight="3" > utilizing </wordcount>
    <wordcount weight="3" > habitat </wordcount>
    <wordcount weight="3" > new </wordcount>
    <wordcount weight="3" > survey </wordcount>
    <wordcount weight="3" > feature </wordcount>
    <wordcount weight="3" > comosus </wordcount>
    <wordcount weight="3" > vegetation </wordcount>
    <wordcount weight="3" > rudimentary </wordcount>
    <wordcount weight="3" > pure </wordcount>
    <wordcount weight="3" > cercocarpus </wordcount>
    <wordcount weight="3" > california </wordcount>
    <wordcount weight="3" > pitch </wordcount>
    <wordcount weight="3" > files </wordcount>
    <wordcount weight="3" > nodes </wordcount>
    <wordcount weight="3" > petiole </wordcount>
    <wordcount weight="3" > counties </wordcount>
    <wordcount weight="3" > cottonwood </wordcount>
    <wordcount weight="3" > vein </wordcount>
    <wordcount weight="3" > protoleptosporangiate </wordcount>
    <wordcount weight="3" > verne </wordcount>
    <wordcount weight="3" > iv </wordcount>
    <wordcount weight="3" > mill </wordcount>
    <wordcount weight="3" > sexual </wordcount>
    <wordcount weight="3" > distressed </wordcount>
    <wordcount weight="3" > aspects </wordcount>
    <wordcount weight="3" > inflorescence </wordcount>
    <wordcount weight="3" > phenomena </wordcount>
    <wordcount weight="3" > plantings </wordcount>
    <wordcount weight="3" > nitens </wordcount>
    <wordcount weight="3" > soils </wordcount>
    <wordcount weight="3" > weight </wordcount>
    <wordcount weight="3" > viability </wordcount>
    <wordcount weight="3" > embryogeny </wordcount>
    <wordcount weight="3" > legume </wordcount>
    <wordcount weight="3" > adaptive </wordcount>
    <wordcount weight="3" > presettlement </wordcount>
    <wordcount weight="3" > stolon </wordcount>
    <wordcount weight="3" > biophysical </wordcount>
    <wordcount weight="3" > verna </wordcount>
    <wordcount weight="3" > rustica </wordcount>
    <wordcount weight="3" > karen </wordcount>
    <wordcount weight="3" > dimorphism </wordcount>
    <wordcount weight="3" > winter </wordcount>
    <wordcount weight="3" > fungus </wordcount>
    <wordcount weight="3" > wild </wordcount>
    <wordcount weight="3" > survival </wordcount>
    <wordcount weight="3" > commercial </wordcount>
    <wordcount weight="3" > winged </wordcount>
    <wordcount weight="3" > mixed </wordcount>
    <wordcount weight="3" > type </wordcount>
    <wordcount weight="3" > trees </wordcount>
    <wordcount weight="3" > kennebec </wordcount>
    <wordcount weight="3" > anatomical </wordcount>
    <wordcount weight="3" > dry </wordcount>
    <wordcount weight="3" > bayberry </wordcount>
    <wordcount weight="3" > garber </wordcount>
    <wordcount weight="3" > fertilization </wordcount>
    <wordcount weight="3" > inocula </wordcount>
    <wordcount weight="3" > six </wordcount>
    <wordcount weight="3" > pathways </wordcount>
    <wordcount weight="3" > seeds </wordcount>
    <wordcount weight="3" > philip </wordcount>
    <wordcount weight="3" > eusporangiate </wordcount>
    <wordcount weight="3" > adaptations </wordcount>
    <wordcount weight="3" > pensylvanica </wordcount>
    <wordcount weight="3" > halophytes </wordcount>
    <wordcount weight="3" > minutissima </wordcount>
    <wordcount weight="3" > clumps </wordcount>
    <wordcount weight="2" > van </wordcount>
    <wordcount weight="2" > european </wordcount>
    <wordcount weight="2" > marcia </wordcount>
    <wordcount weight="2" > genetic </wordcount>
    <wordcount weight="2" > critical </wordcount>
    <wordcount weight="2" > twobranched </wordcount>
    <wordcount weight="2" > mycorrhizae </wordcount>
    <wordcount weight="2" > craig </wordcount>
    <wordcount weight="2" > higher </wordcount>
    <wordcount weight="2" > acid </wordcount>
    <wordcount weight="2" > indicated </wordcount>
    <wordcount weight="2" > brian </wordcount>
    <wordcount weight="2" > miller </wordcount>
    <wordcount weight="2" > trigonella </wordcount>
    <wordcount weight="2" > irwin </wordcount>
    <wordcount weight="2" > cepa </wordcount>
    <wordcount weight="2" > originating </wordcount>
    <wordcount weight="2" > ontogeny </wordcount>
    <wordcount weight="2" > gazette </wordcount>
    <wordcount weight="2" > edwin </wordcount>
    <wordcount weight="2" > nitrogenfixing </wordcount>
    <wordcount weight="2" > aseptically </wordcount>
    <wordcount weight="2" > importance </wordcount>
    <wordcount weight="2" > american </wordcount>
    <wordcount weight="2" > mutabile </wordcount>
    <wordcount weight="2" > tridentata </wordcount>
    <wordcount weight="2" > lisa </wordcount>
    <wordcount weight="2" > united </wordcount>
    <wordcount weight="2" > frank </wordcount>
    <wordcount weight="2" > juglans </wordcount>
    <wordcount weight="2" > carpenter </wordcount>
    <wordcount weight="2" > table </wordcount>
    <wordcount weight="2" > mogensen </wordcount>
    <wordcount weight="2" > types </wordcount>
    <wordcount weight="2" > actinomycetal </wordcount>
    <wordcount weight="2" > tissue </wordcount>
    <wordcount weight="2" > persea </wordcount>
    <wordcount weight="2" > joseph </wordcount>
    <wordcount weight="2" > evert </wordcount>
    <wordcount weight="2" > stephen </wordcount>
    <wordcount weight="2" > sections </wordcount>
    <wordcount weight="2" > smith </wordcount>
    <wordcount weight="2" > virginicum </wordcount>
    <wordcount weight="2" > lord </wordcount>
    <wordcount weight="2" > mordecai </wordcount>
    <wordcount weight="2" > observations </wordcount>
    <wordcount weight="2" > hyemale </wordcount>
    <wordcount weight="2" > ludovia </wordcount>
    <wordcount weight="2" > taxa </wordcount>
    <wordcount weight="2" > endodonta </wordcount>
    <wordcount weight="2" > published </wordcount>
    <wordcount weight="2" > electrophoresis </wordcount>
    <wordcount weight="2" > lee </wordcount>
    <wordcount weight="2" > cultured </wordcount>
    <wordcount weight="2" > jackson </wordcount>
    <wordcount weight="2" > comparison </wordcount>
    <wordcount weight="2" > ii </wordcount>
    <wordcount weight="2" > dc </wordcount>
    <wordcount weight="2" > control </wordcount>
    <wordcount weight="2" > hensley </wordcount>
    <wordcount weight="2" > different </wordcount>
    <wordcount weight="2" > endogenous </wordcount>
    <wordcount weight="2" > marion </wordcount>
    <wordcount weight="2" > embryo </wordcount>
    <wordcount weight="2" > isolate </wordcount>
    <wordcount weight="2" > evans </wordcount>
    <wordcount weight="2" > friend </wordcount>
    <wordcount weight="2" > reproduction </wordcount>
    <wordcount weight="2" > pattern </wordcount>
    <wordcount weight="2" > virginiana </wordcount>
    <wordcount weight="2" > protococcus </wordcount>
    <wordcount weight="2" > nodulation </wordcount>
    <wordcount weight="2" > outgrowth </wordcount>
    <wordcount weight="2" > daniel </wordcount>
    <wordcount weight="2" > hanson </wordcount>
    <wordcount weight="2" > jubata </wordcount>
    <wordcount weight="2" > selloana </wordcount>
    <wordcount weight="2" > klein </wordcount>
    <wordcount weight="2" > baird </wordcount>
    <wordcount weight="2" > jain </wordcount>
    <wordcount weight="2" > campbell </wordcount>
    <wordcount weight="2" > spp </wordcount>
    <wordcount weight="2" > cytokinin </wordcount>
    <wordcount weight="2" > serological </wordcount>
    <wordcount weight="2" > haustoria </wordcount>
    <wordcount weight="2" > ananas </wordcount>
    <wordcount weight="2" > montanus </wordcount>
    <wordcount weight="2" > protein </wordcount>
    <wordcount weight="2" > europaea </wordcount>
    <wordcount weight="2" > sharon </wordcount>
    <wordcount weight="2" > crane </wordcount>
    <wordcount weight="2" > example </wordcount>
    <wordcount weight="2" > raf </wordcount>
    <wordcount weight="2" > elizabeth </wordcount>
    <wordcount weight="2" > host </wordcount>
    <wordcount weight="2" > immunological </wordcount>
    <wordcount weight="2" > harrison </wordcount>
    <wordcount weight="2" > torrey </wordcount>
    <wordcount weight="2" > debell </wordcount>
    <wordcount weight="2" > organs </wordcount>
    <wordcount weight="2" > douglas </wordcount>
    <wordcount weight="2" > states </wordcount>
    <wordcount weight="2" > anton </wordcount>
    <wordcount weight="2" > differentiation </wordcount>
    <wordcount weight="2" > alan </wordcount>
    <wordcount weight="2" > arditti </wordcount>
    <wordcount weight="2" > three </wordcount>
    <wordcount weight="2" > regions </wordcount>
    <wordcount weight="2" > de </wordcount>
    <wordcount weight="2" > peter </wordcount>
    <wordcount weight="2" > cassandra </wordcount>
    <wordcount weight="2" > darleen </wordcount>
    <wordcount weight="2" > function </wordcount>
    <wordcount weight="2" > vegetative </wordcount>
    <wordcount weight="2" > mclaughlin </wordcount>
    <wordcount weight="2" > day </wordcount>
    <wordcount weight="2" > gaertn </wordcount>
    <wordcount weight="2" > concentrations </wordcount>
    <wordcount weight="2" > thomas </wordcount>
    <wordcount weight="2" > coult </wordcount>
    <wordcount weight="2" > dawson </wordcount>
    <wordcount weight="2" > vascular </wordcount>
    <wordcount weight="2" > editors </wordcount>
    <wordcount weight="2" > babylonica </wordcount>
    <wordcount weight="2" > james </wordcount>
    <wordcount weight="2" > y </wordcount>
    <wordcount weight="2" > photoperiod </wordcount>
    <wordcount weight="2" > hasmukhlal </wordcount>
    <wordcount weight="2" > jerry </wordcount>
    <wordcount weight="2" > tolerance </wordcount>
    <wordcount weight="2" > gordon </wordcount>
    <wordcount weight="1" > splittstoesser </wordcount>
    <wordcount weight="1" > immunoelectrophoresis </wordcount>
    <wordcount weight="1" > cleland </wordcount>
    <wordcount weight="1" > young </wordcount>
    <wordcount weight="1" > isozymes </wordcount>
    <wordcount weight="1" > charyl </wordcount>
    <wordcount weight="1" > venation </wordcount>
    <wordcount weight="1" > steponkus </wordcount>
    <wordcount weight="1" > rudimentarv </wordcount>
    <wordcount weight="1" > trichome </wordcount>
    <wordcount weight="1" > abscisic </wordcount>
    <wordcount weight="1" > reichle </wordcount>
    <wordcount weight="1" > purvis </wordcount>
    <wordcount weight="1" > stain </wordcount>
    <wordcount weight="1" > shoot </wordcount>
    <wordcount weight="1" > fosket </wordcount>
    <wordcount weight="1" > fairbrothers </wordcount>
    <wordcount weight="1" > raffaele </wordcount>
    <wordcount weight="1" > publication </wordcount>
    <wordcount weight="1" > raphides </wordcount>
    <wordcount weight="1" > baskintable </wordcount>
    <wordcount weight="1" > uecker </wordcount>
    <wordcount weight="1" > endosperm </wordcount>
    <wordcount weight="1" > littlefield </wordcount>
    <wordcount weight="1" > nderson </wordcount>
    <wordcount weight="1" > nobel </wordcount>
    <wordcount weight="1" > lynn </wordcount>
    <wordcount weight="1" > singh </wordcount>
    <wordcount weight="1" > shepherdia </wordcount>
    <wordcount weight="1" > rayle </wordcount>
    <wordcount weight="1" > rights </wordcount>
    <wordcount weight="1" > z </wordcount>
    <wordcount weight="1" > rud </wordcount>
    <wordcount weight="1" > williams </wordcount>
    <wordcount weight="1" > mcclendon </wordcount>
    <wordcount weight="1" > lichtwardt </wordcount>
    <wordcount weight="1" > cymbidium </wordcount>
    <wordcount weight="1" > luttrell </wordcount>
    <wordcount weight="1" > benson </wordcount>
    <wordcount weight="1" > electrophosesis </wordcount>
    <wordcount weight="1" > tuveson </wordcount>
    <wordcount weight="1" > dickmann </wordcount>
    <wordcount weight="1" > mansell </wordcount>
    <wordcount weight="1" > feder </wordcount>
    <wordcount weight="1" > who </wordcount>
    <wordcount weight="1" > lilium </wordcount>
    <wordcount weight="1" > oxidative </wordcount>
    <wordcount weight="1" > cytokinins </wordcount>
    <wordcount weight="1" > environments </wordcount>
    <wordcount weight="1" > geiger </wordcount>
    <wordcount weight="1" > meeuse </wordcount>
    <wordcount weight="1" > suthar </wordcount>
    <wordcount weight="1" > castenholz </wordcount>
    <wordcount weight="1" > deciduous </wordcount>
    <wordcount weight="1" > stration </wordcount>
    <wordcount weight="1" > steeves </wordcount>
    <wordcount weight="1" > their </wordcount>
    <wordcount weight="1" > klikoff </wordcount>
    <wordcount weight="1" > glidewell </wordcount>
    <wordcount weight="1" > dov </wordcount>
    <wordcount weight="1" > eggert </wordcount>
    <wordcount weight="1" > rubinstein </wordcount>
    <wordcount weight="1" > cyclanthaceae </wordcount>
    <wordcount weight="1" > gilbert </wordcount>
    <wordcount weight="1" > ward </wordcount>
    <wordcount weight="1" > mahon </wordcount>
    <wordcount weight="1" > rayburn </wordcount>
    <wordcount weight="1" > composed </wordcount>
    <wordcount weight="1" > acaulospora </wordcount>
    <wordcount weight="1" > parrondo </wordcount>
    <wordcount weight="1" > waines </wordcount>
    <wordcount weight="1" > walker </wordcount>
    <wordcount weight="1" > zamski </wordcount>
    <wordcount weight="1" > hasegawa </wordcount>
    <wordcount weight="1" > thuja </wordcount>
    <wordcount weight="1" > barker </wordcount>
    <wordcount weight="1" > jaffe </wordcount>
    <wordcount weight="1" > fites </wordcount>
    <wordcount weight="1" > dewey </wordcount>
    <wordcount weight="1" > chaim </wordcount>
    <wordcount weight="1" > li </wordcount>
    <wordcount weight="1" > lloyd </wordcount>
    <wordcount weight="1" > schaedle </wordcount>
    <wordcount weight="1" > dwight </wordcount>
    <wordcount weight="1" > eveleigh </wordcount>
    <wordcount weight="1" > ule </wordcount>
    <wordcount weight="1" > pinus </wordcount>
    <wordcount weight="1" > berry </wordcount>
    <wordcount weight="1" > staden </wordcount>
    <wordcount weight="1" > reynolds </wordcount>
    <wordcount weight="1" > air </wordcount>
    <wordcount weight="1" > gazit </wordcount>
    <wordcount weight="1" > ladizinsky </wordcount>
    <wordcount weight="1" > egley </wordcount>
    <wordcount weight="1" > guthrie </wordcount>
    <wordcount weight="1" > burson </wordcount>
    <wordcount weight="1" > sphaeredenia </wordcount>
    <wordcount weight="1" > lamport </wordcount>
    <wordcount weight="1" > all </wordcount>
    <wordcount weight="1" > aparna </wordcount>
    <wordcount weight="1" > radwan </wordcount>
    <wordcount weight="1" > sehgal </wordcount>
    <wordcount weight="1" > hossein </wordcount>
    <wordcount weight="1" > department </wordcount>
    <wordcount weight="1" > vena </wordcount>
    <wordcount weight="1" > gossypium </wordcount>
    <wordcount weight="1" > hofgman </wordcount>
    <wordcount weight="1" > simpson </wordcount>
    <wordcount weight="1" > stewart </wordcount>
    <wordcount weight="1" > gave </wordcount>
    <wordcount weight="1" > etienne </wordcount>
    <wordcount weight="1" > ungar </wordcount>
    <wordcount weight="1" > sperling </wordcount>
    <wordcount weight="1" > usa </wordcount>
    <wordcount weight="1" > pollination </wordcount>
    <wordcount weight="1" > chloroplast </wordcount>
    <wordcount weight="1" > davis </wordcount>
    <wordcount weight="1" > burke </wordcount>
    <wordcount weight="1" > carl </wordcount>
    <wordcount weight="1" > also </wordcount>
    <wordcount weight="1" > lydon </wordcount>
    <wordcount weight="1" > amplexica </wordcount>
    <wordcount weight="1" > crassulacean </wordcount>
    <wordcount weight="1" > pyrus </wordcount>
    <wordcount weight="1" > lamotte </wordcount>
    <wordcount weight="1" > treatment </wordcount>
    <wordcount weight="1" > philbrick </wordcount>
    <wordcount weight="1" > assist </wordcount>
    <wordcount weight="1" > baker </wordcount>
    <wordcount weight="1" > printing </wordcount>
    <wordcount weight="1" > rahimian </wordcount>
    <wordcount weight="1" > generously </wordcount>
    <wordcount weight="1" > callaham </wordcount>
    <wordcount weight="1" > delcourt </wordcount>
    <wordcount weight="1" > warmbrodt </wordcount>
    <wordcount weight="1" > december </wordcount>
    <wordcount weight="1" > mooney </wordcount>
    <wordcount weight="1" > solbrig </wordcount>
    <wordcount weight="1" > bourque </wordcount>
    <wordcount weight="1" > osmunda </wordcount>
    <wordcount weight="1" > withner </wordcount>
    <wordcount weight="1" > raghavan </wordcount>
    <wordcount weight="1" > lier </wordcount>
    <wordcount weight="1" > wilder </wordcount>
    <wordcount weight="1" > printed </wordcount>
    <wordcount weight="1" > thank </wordcount>
    <wordcount weight="1" > corson </wordcount>
    <wordcount weight="1" > lycopersicon </wordcount>
    <wordcount weight="1" > lindsey </wordcount>
    <wordcount weight="1" > sutherlandgeneral </wordcount>
    <wordcount weight="1" > carol </wordcount>
    <wordcount weight="1" > time </wordcount>
    <wordcount weight="1" > hymowitz </wordcount>
    <wordcount weight="1" > tucker </wordcount>
    <wordcount weight="1" > pritchard </wordcount>
    <wordcount weight="1" > fry </wordcount>
    <wordcount weight="1" > hoch </wordcount>
    <wordcount weight="1" > radin </wordcount>
    <wordcount weight="1" > lynii </wordcount>
    <wordcount weight="1" > gibberellic </wordcount>
    <wordcount weight="1" > fruitlet </wordcount>
    <wordcount weight="1" > hillson </wordcount>
    <wordcount weight="1" > halperin </wordcount>
    <wordcount weight="1" > titus </wordcount>
    <wordcount weight="1" > mcmillan </wordcount>
    <wordcount weight="1" > maurice </wordcount>
    <wordcount weight="1" > threedimensional </wordcount>
    <wordcount weight="1" > crozier </wordcount>
    <wordcount weight="1" > robitaille </wordcount>
    <wordcount weight="1" > vicennia </wordcount>
    <wordcount weight="1" > amplexicaule </wordcount>
    <wordcount weight="1" > spurr </wordcount>
    <wordcount weight="1" > patterns </wordcount>
    <wordcount weight="1" > mcmillen </wordcount>
    <wordcount weight="1" > lommasson </wordcount>
    <wordcount weight="1" > infected </wordcount>
    <wordcount weight="1" > schmitz </wordcount>
    <wordcount weight="1" > reserved </wordcount>
    <wordcount weight="1" > populus </wordcount>
    <wordcount weight="1" > ron </wordcount>
    <wordcount weight="1" > sphenophyta </wordcount>
    <wordcount weight="1" > iwadare </wordcount>
    <wordcount weight="1" > rothwell </wordcount>
    <wordcount weight="1" > hvemale </wordcount>
    <wordcount weight="1" > barrett </wordcount>
    <wordcount weight="1" > goren </wordcount>
    <wordcount weight="1" > naylor </wordcount>
    <wordcount weight="1" > schneider </wordcount>
    <wordcount weight="1" > kaufman </wordcount>
    <wordcount weight="1" > picea </wordcount>
    <wordcount weight="1" > immunology </wordcount>
    <wordcount weight="1" > frenkel </wordcount>
    <wordcount weight="1" > khan </wordcount>
    <wordcount weight="1" > tyson </wordcount>
    <wordcount weight="1" > phytotoxic </wordcount>
    <wordcount weight="1" > botanical </wordcount>
    <wordcount weight="1" > paolo </wordcount>
    <wordcount weight="1" > toung </wordcount>
    <wordcount weight="1" > merrill </wordcount>
    <wordcount weight="1" > dickinson </wordcount>
    <wordcount weight="1" > schooler </wordcount>
    <wordcount weight="1" > upularia </wordcount>
    <wordcount weight="1" > crowley </wordcount>
    <wordcount weight="1" > wayne </wordcount>
    <wordcount weight="1" > u </wordcount>
    <wordcount weight="1" > silver </wordcount>
    <wordcount weight="1" > lupularia </wordcount>
    <wordcount weight="1" > demason </wordcount>
    <wordcount weight="1" > carbohydrate </wordcount>
    <wordcount weight="1" > merola </wordcount>
    <wordcount weight="1" > stidd </wordcount>
    <wordcount weight="1" > gough </wordcount>
    <wordcount weight="1" > shininger </wordcount>
    <wordcount weight="1" > mills </wordcount>
    <wordcount weight="1" > simon </wordcount>
    <wordcount weight="1" > anna </wordcount>
    <wordcount weight="1" > hcl </wordcount>
    <wordcount weight="1" > immunodiffusion </wordcount>
    <wordcount weight="1" > lalonde </wordcount>
    <wordcount weight="1" > sugano </wordcount>
    <wordcount weight="1" > chabot </wordcount>
    <wordcount weight="1" > ting </wordcount>
    <wordcount weight="1" > hickey </wordcount>
    <wordcount weight="1" > elaeagnus </wordcount>
    <wordcount weight="1" > arnott </wordcount>
    <wordcount weight="1" > this </wordcount>
    <wordcount weight="1" > martha </wordcount>
    <wordcount weight="1" > ustralis </wordcount>
    <wordcount weight="1" > bewley </wordcount>
    <wordcount weight="1" > rundel </wordcount>
    <wordcount weight="1" > smut </wordcount>
    <wordcount weight="1" > marc </wordcount>
    <wordcount weight="1" > brun </wordcount>
    <wordcount weight="1" > level </wordcount>
    <wordcount weight="1" > virginia </wordcount>
    <wordcount weight="1" > gaspar </wordcount>
    <wordcount weight="1" > elias </wordcount>
    <wordcount weight="1" > inoculated </wordcount>
    <wordcount weight="1" > ruesink </wordcount>
    <wordcount weight="1" > develooment </wordcount>
    <wordcount weight="1" > x </wordcount>
    <wordcount weight="1" > heimsch </wordcount>
    <wordcount weight="1" > meins </wordcount>
    <wordcount weight="1" > robinia </wordcount>
    <wordcount weight="1" > koller </wordcount>
    <wordcount weight="1" > press </wordcount>
    <wordcount weight="1" > sachs </wordcount>
    <wordcount weight="1" > kummerow </wordcount>
    <wordcount weight="1" > fessenden </wordcount>
    <wordcount weight="1" > allelopathy </wordcount>
    <wordcount weight="1" > hellmers </wordcount>
    <wordcount weight="1" > parameters </wordcount>
    <wordcount weight="1" > feldman </wordcount>
    <wordcount weight="1" > cyanidium </wordcount>
    <wordcount weight="1" > spartina </wordcount>
    <wordcount weight="1" > year </wordcount>
    <wordcount weight="1" > q </wordcount>
    <wordcount weight="1" > felix </wordcount>
    <wordcount weight="1" > ceanothus </wordcount>
    <wordcount weight="1" > zeevaartbotanical </wordcount>
    <wordcount weight="1" > barrera </wordcount>
    <wordcount weight="1" > francis </wordcount>
    <wordcount weight="1" > spomer </wordcount>
    <wordcount weight="1" > wheeler </wordcount>
    <wordcount weight="1" > mims </wordcount>
    <wordcount weight="1" > stevenson </wordcount>
    <wordcount weight="1" > kuramoto </wordcount>
    <wordcount weight="1" > reveiwers </wordcount>
    <wordcount weight="1" > scogin </wordcount>
    <wordcount weight="1" > hydroxydecanoic </wordcount>
    <wordcount weight="1" > horsley </wordcount>
    <wordcount weight="1" > gruber </wordcount>
    <wordcount weight="1" > greenwood </wordcount>
    <wordcount weight="1" > opler </wordcount>
    <wordcount weight="1" > iwanami </wordcount>
    <wordcount weight="1" > chile </wordcount>
    <wordcount weight="1" > nuclear </wordcount>
    <wordcount weight="1" > greenthe </wordcount>
    <wordcount weight="1" > buckovac </wordcount>
    <wordcount weight="1" > cycling </wordcount>
    <wordcount weight="1" > revegetation </wordcount>
    <wordcount weight="1" > thomson </wordcount>
    <wordcount weight="1" > nitrogenase </wordcount>
    <wordcount weight="1" > wang </wordcount>
    <wordcount weight="1" > proteins </wordcount>
    <wordcount weight="1" > ltltrastructure </wordcount>
    <wordcount weight="1" > illinois </wordcount>
    <wordcount weight="1" > clifton </wordcount>
    <wordcount weight="1" > ray </wordcount>
    <wordcount weight="1" > stowe </wordcount>
    <wordcount weight="1" > kathryn </wordcount>
    <wordcount weight="1" > trione </wordcount>
    <wordcount weight="1" > armstrong </wordcount>
    <wordcount weight="1" > schemske </wordcount>
    <wordcount weight="1" > ethylene </wordcount>
    <wordcount weight="1" > seltmann </wordcount>
    <wordcount weight="1" > clough </wordcount>
    <wordcount weight="1" > frankia </wordcount>
    <wordcount weight="1" > endress </wordcount>
    <wordcount weight="1" > heinz </wordcount>
    <wordcount weight="1" > franck </wordcount>
    <wordcount weight="1" > presstable </wordcount>
    <wordcount weight="1" > introgression </wordcount>
    <wordcount weight="1" > boke </wordcount>
    <wordcount weight="1" > membranous </wordcount>
    <wordcount weight="1" > rodgers </wordcount>
    <wordcount weight="1" > plasma </wordcount>
    <wordcount weight="1" > yatsu </wordcount>
    <wordcount weight="1" > murdy </wordcount>
    <wordcount weight="1" > tobacco </wordcount>
    <wordcount weight="1" > brest </wordcount>
    <wordcount weight="1" > ix </wordcount>
    <wordcount weight="1" > amino </wordcount>
    <wordcount weight="1" > nielsen </wordcount>
    <wordcount weight="1" > heat </wordcount>
    <wordcount weight="1" > klemmedson </wordcount>
    <wordcount weight="1" > glomus </wordcount>
    <wordcount weight="1" > gigaspora </wordcount>
    <wordcount weight="1" > mineral </wordcount>
    <wordcount weight="1" > quiescence </wordcount>
    <wordcount weight="1" > laetsch </wordcount>
    <wordcount weight="1" > gallagher </wordcount>
    <wordcount weight="1" > stigma </wordcount>
    <wordcount weight="1" > beraha </wordcount>
    <wordcount weight="1" > vieitez </wordcount>
    <wordcount weight="1" > yozo </wordcount>
    <wordcount weight="1" > mcintyre </wordcount>
    <wordcount weight="1" > johnson </wordcount>
    <wordcount weight="1" > anderson </wordcount>
    <wordcount weight="1" > brown </wordcount>
    <wordcount weight="1" > tomer </wordcount>
    <wordcount weight="1" > ehrlich </wordcount>
    <wordcount weight="1" > vvi </wordcount>
    <wordcount weight="1" > white </wordcount>
    <wordcount weight="1" > pathway </wordcount>
    <wordcount weight="1" > kaufmann </wordcount>
    <wordcount weight="1" > dat </wordcount>
    <wordcount weight="1" > caragana </wordcount>
    <wordcount weight="1" > greyson </wordcount>
    <wordcount weight="1" > morey </wordcount>
    <wordcount weight="1" > counts </wordcount>
    <wordcount weight="1" > sieve </wordcount>
    <wordcount weight="1" > allozvme </wordcount>
    <wordcount weight="1" > demonstration </wordcount>
    <wordcount weight="1" > taylor </wordcount>
    <wordcount weight="1" > vanderwoude </wordcount>
    <wordcount weight="1" > so </wordcount>
    <wordcount weight="1" > value </wordcount>
    <wordcount weight="1" > aldo </wordcount>
    <wordcount weight="1" > baskin </wordcount>
    <wordcount weight="1" > sussex </wordcount>
    <wordcount weight="1" > olien </wordcount>
    <wordcount weight="1" > division </wordcount>
    <wordcount weight="1" > bartholomew </wordcount>
    <wordcount weight="1" > heggestad </wordcount>
    <wordcount weight="1" > tsukasa </wordcount>
</article>
