<?xml version="1.0" encoding="UTF-8"?>
<article id="10.2307/1776" >
    <wordcount weight="103" > the </wordcount>
    <wordcount weight="74" > of </wordcount>
    <wordcount weight="47" > in </wordcount>
    <wordcount weight="40" > and </wordcount>
    <wordcount weight="34" > a </wordcount>
    <wordcount weight="24" > is </wordcount>
    <wordcount weight="21" > to </wordcount>
    <wordcount weight="20" > by </wordcount>
    <wordcount weight="19" > with </wordcount>
    <wordcount weight="15" > at </wordcount>
    <wordcount weight="14" > it </wordcount>
    <wordcount weight="12" > that </wordcount>
    <wordcount weight="11" > on </wordcount>
    <wordcount weight="10" > tetraploid </wordcount>
    <wordcount weight="10" > was </wordcount>
    <wordcount weight="10" > or </wordcount>
    <wordcount weight="10" > diploid </wordcount>
    <wordcount weight="10" > are </wordcount>
    <wordcount weight="10" > which </wordcount>
    <wordcount weight="10" > this </wordcount>
    <wordcount weight="10" > species </wordcount>
    <wordcount weight="9" > wind </wordcount>
    <wordcount weight="9" > late </wordcount>
    <wordcount weight="9" > dr </wordcount>
    <wordcount weight="9" > be </wordcount>
    <wordcount weight="8" > fertile </wordcount>
    <wordcount weight="8" > e </wordcount>
    <wordcount weight="8" > as </wordcount>
    <wordcount weight="8" > from </wordcount>
    <wordcount weight="8" > for </wordcount>
    <wordcount weight="8" > mr </wordcount>
    <wordcount weight="8" > snow </wordcount>
    <wordcount weight="7" > has </wordcount>
    <wordcount weight="7" > its </wordcount>
    <wordcount weight="7" > were </wordcount>
    <wordcount weight="7" > an </wordcount>
    <wordcount weight="6" > may </wordcount>
    <wordcount weight="6" > more </wordcount>
    <wordcount weight="6" > c </wordcount>
    <wordcount weight="6" > where </wordcount>
    <wordcount weight="6" > cobalt </wordcount>
    <wordcount weight="6" > soil </wordcount>
    <wordcount weight="5" > methods </wordcount>
    <wordcount weight="5" > very </wordcount>
    <wordcount weight="5" > vegetation </wordcount>
    <wordcount weight="5" > plants </wordcount>
    <wordcount weight="5" > some </wordcount>
    <wordcount weight="5" > have </wordcount>
    <wordcount weight="5" > society </wordcount>
    <wordcount weight="4" > ecological </wordcount>
    <wordcount weight="4" > growth </wordcount>
    <wordcount weight="4" > nitrogen </wordcount>
    <wordcount weight="4" > also </wordcount>
    <wordcount weight="4" > paper </wordcount>
    <wordcount weight="4" > cyparissias </wordcount>
    <wordcount weight="4" > papers </wordcount>
    <wordcount weight="4" > mayen </wordcount>
    <wordcount weight="4" > exposed </wordcount>
    <wordcount weight="4" > jan </wordcount>
    <wordcount weight="4" > professor </wordcount>
    <wordcount weight="4" > g </wordcount>
    <wordcount weight="4" > especially </wordcount>
    <wordcount weight="4" > become </wordcount>
    <wordcount weight="4" > can </wordcount>
    <wordcount weight="4" > than </wordcount>
    <wordcount weight="3" > higher </wordcount>
    <wordcount weight="3" > sterile </wordcount>
    <wordcount weight="3" > aggressive </wordcount>
    <wordcount weight="3" > they </wordcount>
    <wordcount weight="3" > their </wordcount>
    <wordcount weight="3" > canada </wordcount>
    <wordcount weight="3" > these </wordcount>
    <wordcount weight="3" > two </wordcount>
    <wordcount weight="3" > suggested </wordcount>
    <wordcount weight="3" > control </wordcount>
    <wordcount weight="3" > j </wordcount>
    <wordcount weight="3" > had </wordcount>
    <wordcount weight="3" > areas </wordcount>
    <wordcount weight="3" > occurrence </wordcount>
    <wordcount weight="3" > differences </wordcount>
    <wordcount weight="3" > pritchard </wordcount>
    <wordcount weight="3" > reproduction </wordcount>
    <wordcount weight="3" > vegetatively </wordcount>
    <wordcount weight="3" > weed </wordcount>
    <wordcount weight="3" > ground </wordcount>
    <wordcount weight="3" > within </wordcount>
    <wordcount weight="3" > british </wordcount>
    <wordcount weight="3" > method </wordcount>
    <wordcount weight="3" > number </wordcount>
    <wordcount weight="3" > referred </wordcount>
    <wordcount weight="3" > sheltered </wordcount>
    <wordcount weight="3" > winter </wordcount>
    <wordcount weight="3" > shelter </wordcount>
    <wordcount weight="3" > low </wordcount>
    <wordcount weight="3" > conditions </wordcount>
    <wordcount weight="3" > so </wordcount>
    <wordcount weight="3" > vegetative </wordcount>
    <wordcount weight="3" > area </wordcount>
    <wordcount weight="3" > forms </wordcount>
    <wordcount weight="3" > small </wordcount>
    <wordcount weight="3" > britain </wordcount>
    <wordcount weight="3" > effect </wordcount>
    <wordcount weight="3" > thiocyanate </wordcount>
    <wordcount weight="2" > insolated </wordcount>
    <wordcount weight="2" > speeds </wordcount>
    <wordcount weight="2" > he </wordcount>
    <wordcount weight="2" > escaped </wordcount>
    <wordcount weight="2" > reduced </wordcount>
    <wordcount weight="2" > no </wordcount>
    <wordcount weight="2" > rather </wordcount>
    <wordcount weight="2" > reproduce </wordcount>
    <wordcount weight="2" > indicated </wordcount>
    <wordcount weight="2" > cent </wordcount>
    <wordcount weight="2" > arctic </wordcount>
    <wordcount weight="2" > levels </wordcount>
    <wordcount weight="2" > euphorbia </wordcount>
    <wordcount weight="2" > means </wordcount>
    <wordcount weight="2" > examined </wordcount>
    <wordcount weight="2" > garden </wordcount>
    <wordcount weight="2" > zoological </wordcount>
    <wordcount weight="2" > per </wordcount>
    <wordcount weight="2" > similar </wordcount>
    <wordcount weight="2" > large </wordcount>
    <wordcount weight="2" > selection </wordcount>
    <wordcount weight="2" > leaves </wordcount>
    <wordcount weight="2" > about </wordcount>
    <wordcount weight="2" > not </wordcount>
    <wordcount weight="2" > types </wordcount>
    <wordcount weight="2" > h </wordcount>
    <wordcount weight="2" > changes </wordcount>
    <wordcount weight="2" > behaviour </wordcount>
    <wordcount weight="2" > position </wordcount>
    <wordcount weight="2" > into </wordcount>
    <wordcount weight="2" > associated </wordcount>
    <wordcount weight="2" > following </wordcount>
    <wordcount weight="2" > same </wordcount>
    <wordcount weight="2" > air </wordcount>
    <wordcount weight="2" > standards </wordcount>
    <wordcount weight="2" > but </wordcount>
    <wordcount weight="2" > w </wordcount>
    <wordcount weight="2" > ornamental </wordcount>
    <wordcount weight="2" > polyploidy </wordcount>
    <wordcount weight="2" > most </wordcount>
    <wordcount weight="2" > show </wordcount>
    <wordcount weight="2" > lower </wordcount>
    <wordcount weight="2" > members </wordcount>
    <wordcount weight="2" > macfadyen </wordcount>
    <wordcount weight="2" > solomon </wordcount>
    <wordcount weight="2" > over </wordcount>
    <wordcount weight="2" > all </wordcount>
    <wordcount weight="2" > been </wordcount>
    <wordcount weight="2" > humidity </wordcount>
    <wordcount weight="2" > result </wordcount>
    <wordcount weight="2" > unknown </wordcount>
    <wordcount weight="2" > esula </wordcount>
    <wordcount weight="2" > cooling </wordcount>
    <wordcount weight="2" > coloured </wordcount>
    <wordcount weight="2" > origin </wordcount>
    <wordcount weight="2" > rhizomes </wordcount>
    <wordcount weight="2" > while </wordcount>
    <wordcount weight="2" > there </wordcount>
    <wordcount weight="2" > beginning </wordcount>
    <wordcount weight="2" > layers </wordcount>
    <wordcount weight="2" > less </wordcount>
    <wordcount weight="2" > rich </wordcount>
    <wordcount weight="2" > distribution </wordcount>
    <wordcount weight="2" > capacity </wordcount>
    <wordcount weight="2" > near </wordcount>
    <wordcount weight="2" > well </wordcount>
    <wordcount weight="2" > sites </wordcount>
    <wordcount weight="2" > vegetational </wordcount>
    <wordcount weight="2" > used </wordcount>
    <wordcount weight="2" > discussion </wordcount>
    <wordcount weight="2" > probably </wordcount>
    <wordcount weight="2" > even </wordcount>
    <wordcount weight="2" > presented </wordcount>
    <wordcount weight="2" > range </wordcount>
    <wordcount weight="2" > part </wordcount>
    <wordcount weight="2" > through </wordcount>
    <wordcount weight="2" > related </wordcount>
    <wordcount weight="2" > during </wordcount>
    <wordcount weight="2" > described </wordcount>
    <wordcount weight="2" > accuracy </wordcount>
    <wordcount weight="2" > type </wordcount>
    <wordcount weight="2" > three </wordcount>
    <wordcount weight="2" > discussed </wordcount>
    <wordcount weight="2" > held </wordcount>
    <wordcount weight="2" > pm </wordcount>
    <wordcount weight="2" > level </wordcount>
    <wordcount weight="2" > field </wordcount>
    <wordcount weight="2" > spread </wordcount>
    <wordcount weight="2" > plant </wordcount>
    <wordcount weight="2" > between </wordcount>
    <wordcount weight="2" > compared </wordcount>
    <wordcount weight="2" > gradient </wordcount>
    <wordcount weight="2" > january </wordcount>
    <wordcount weight="2" > seed </wordcount>
    <wordcount weight="2" > results </wordcount>
    <wordcount weight="2" > much </wordcount>
    <wordcount weight="2" > north </wordcount>
    <wordcount weight="2" > jones </wordcount>
    <wordcount weight="2" > meeting </wordcount>
    <wordcount weight="2" > occur </wordcount>
    <wordcount weight="1" > tea </wordcount>
    <wordcount weight="1" > f </wordcount>
    <wordcount weight="1" > does </wordcount>
    <wordcount weight="1" > now </wordcount>
    <wordcount weight="1" > chromosome </wordcount>
    <wordcount weight="1" > interesting </wordcount>
    <wordcount weight="1" > colour </wordcount>
    <wordcount weight="1" > produces </wordcount>
    <wordcount weight="1" > second </wordcount>
    <wordcount weight="1" > habitats </wordcount>
    <wordcount weight="1" > situation </wordcount>
    <wordcount weight="1" > substrates </wordcount>
    <wordcount weight="1" > played </wordcount>
    <wordcount weight="1" > complex </wordcount>
    <wordcount weight="1" > edge </wordcount>
    <wordcount weight="1" > various </wordcount>
    <wordcount weight="1" > european </wordcount>
    <wordcount weight="1" > fraction </wordcount>
    <wordcount weight="1" > fairly </wordcount>
    <wordcount weight="1" > his </wordcount>
    <wordcount weight="1" > later </wordcount>
    <wordcount weight="1" > france </wordcount>
    <wordcount weight="1" > located </wordcount>
    <wordcount weight="1" > biotypes </wordcount>
    <wordcount weight="1" > limited </wordcount>
    <wordcount weight="1" > employment </wordcount>
    <wordcount weight="1" > play </wordcount>
    <wordcount weight="1" > cells </wordcount>
    <wordcount weight="1" > environmental </wordcount>
    <wordcount weight="1" > brief </wordcount>
    <wordcount weight="1" > bare </wordcount>
    <wordcount weight="1" > hollows </wordcount>
    <wordcount weight="1" > primarily </wordcount>
    <wordcount weight="1" > becomes </wordcount>
    <wordcount weight="1" > mean </wordcount>
    <wordcount weight="1" > who </wordcount>
    <wordcount weight="1" > sensitive </wordcount>
    <wordcount weight="1" > concluding </wordcount>
    <wordcount weight="1" > manbritish </wordcount>
    <wordcount weight="1" > extends </wordcount>
    <wordcount weight="1" > poorer </wordcount>
    <wordcount weight="1" > ultimate </wordcount>
    <wordcount weight="1" > originating </wordcount>
    <wordcount weight="1" > still </wordcount>
    <wordcount weight="1" > pointed </wordcount>
    <wordcount weight="1" > illustrating </wordcount>
    <wordcount weight="1" > disseminules </wordcount>
    <wordcount weight="1" > debris </wordcount>
    <wordcount weight="1" > contribution </wordcount>
    <wordcount weight="1" > wilson </wordcount>
    <wordcount weight="1" > certain </wordcount>
    <wordcount weight="1" > rapidly </wordcount>
    <wordcount weight="1" > direct </wordcount>
    <wordcount weight="1" > parts </wordcount>
    <wordcount weight="1" > hitherto </wordcount>
    <wordcount weight="1" > mounted </wordcount>
    <wordcount weight="1" > possessed </wordcount>
    <wordcount weight="1" > cooler </wordcount>
    <wordcount weight="1" > special </wordcount>
    <wordcount weight="1" > matched </wordcount>
    <wordcount weight="1" > use </wordcount>
    <wordcount weight="1" > vicinity </wordcount>
    <wordcount weight="1" > analysis </wordcount>
    <wordcount weight="1" > white </wordcount>
    <wordcount weight="1" > formed </wordcount>
    <wordcount weight="1" > dead </wordcount>
    <wordcount weight="1" > measured </wordcount>
    <wordcount weight="1" > altitude </wordcount>
    <wordcount weight="1" > reference </wordcount>
    <wordcount weight="1" > permission </wordcount>
    <wordcount weight="1" > excessively </wordcount>
    <wordcount weight="1" > pernicious </wordcount>
    <wordcount weight="1" > layering </wordcount>
    <wordcount weight="1" > microorganisms </wordcount>
    <wordcount weight="1" > park </wordcount>
    <wordcount weight="1" > east </wordcount>
    <wordcount weight="1" > soiree </wordcount>
    <wordcount weight="1" > restricted </wordcount>
    <wordcount weight="1" > exposure </wordcount>
    <wordcount weight="1" > burrows </wordcount>
    <wordcount weight="1" > organic </wordcount>
    <wordcount weight="1" > grains </wordcount>
    <wordcount weight="1" > then </wordcount>
    <wordcount weight="1" > any </wordcount>
    <wordcount weight="1" > informal </wordcount>
    <wordcount weight="1" > before </wordcount>
    <wordcount weight="1" > gilson </wordcount>
    <wordcount weight="1" > numbers </wordcount>
    <wordcount weight="1" > colder </wordcount>
    <wordcount weight="1" > conclusion </wordcount>
    <wordcount weight="1" > observations </wordcount>
    <wordcount weight="1" > already </wordcount>
    <wordcount weight="1" > apomixis </wordcount>
    <wordcount weight="1" > extensive </wordcount>
    <wordcount weight="1" > epidermal </wordcount>
    <wordcount weight="1" > superior </wordcount>
    <wordcount weight="1" > increasingly </wordcount>
    <wordcount weight="1" > only </wordcount>
    <wordcount weight="1" > known </wordcount>
    <wordcount weight="1" > concluded </wordcount>
    <wordcount weight="1" > either </wordcount>
    <wordcount weight="1" > beyond </wordcount>
    <wordcount weight="1" > explaining </wordcount>
    <wordcount weight="1" > warmed </wordcount>
    <wordcount weight="1" > efficient </wordcount>
    <wordcount weight="1" > useful </wordcount>
    <wordcount weight="1" > fix </wordcount>
    <wordcount weight="1" > long </wordcount>
    <wordcount weight="1" > pink </wordcount>
    <wordcount weight="1" > cooled </wordcount>
    <wordcount weight="1" > successfully </wordcount>
    <wordcount weight="1" > restaurant </wordcount>
    <wordcount weight="1" > here </wordcount>
    <wordcount weight="1" > restriction </wordcount>
    <wordcount weight="1" > m </wordcount>
    <wordcount weight="1" > important </wordcount>
    <wordcount weight="1" > genecology </wordcount>
    <wordcount weight="1" > others </wordcount>
    <wordcount weight="1" > remainder </wordcount>
    <wordcount weight="1" > season </wordcount>
    <wordcount weight="1" > continental </wordcount>
    <wordcount weight="1" > fontainebleau </wordcount>
    <wordcount weight="1" > stem </wordcount>
    <wordcount weight="1" > lowering </wordcount>
    <wordcount weight="1" > each </wordcount>
    <wordcount weight="1" > towards </wordcount>
    <wordcount weight="1" > taking </wordcount>
    <wordcount weight="1" > freely </wordcount>
    <wordcount weight="1" > greater </wordcount>
    <wordcount weight="1" > ranges </wordcount>
    <wordcount weight="1" > parental </wordcount>
    <wordcount weight="1" > closely </wordcount>
    <wordcount weight="1" > fact </wordcount>
    <wordcount weight="1" > s </wordcount>
    <wordcount weight="1" > other </wordcount>
    <wordcount weight="1" > available </wordcount>
    <wordcount weight="1" > could </wordcount>
    <wordcount weight="1" > tolerate </wordcount>
    <wordcount weight="1" > together </wordcount>
    <wordcount weight="1" > accompanied </wordcount>
    <wordcount weight="1" > estimation </wordcount>
    <wordcount weight="1" > weeds </wordcount>
    <wordcount weight="1" > speaker </wordcount>
    <wordcount weight="1" > exceptionally </wordcount>
    <wordcount weight="1" > arises </wordcount>
    <wordcount weight="1" > out </wordcount>
    <wordcount weight="1" > larger </wordcount>
    <wordcount weight="1" > reproduces </wordcount>
    <wordcount weight="1" > relation </wordcount>
    <wordcount weight="1" > grows </wordcount>
    <wordcount weight="1" > room </wordcount>
    <wordcount weight="1" > expense </wordcount>
    <wordcount weight="1" > warren </wordcount>
    <wordcount weight="1" > admixture </wordcount>
    <wordcount weight="1" > serious </wordcount>
    <wordcount weight="1" > chloride </wordcount>
    <wordcount weight="1" > reproductive </wordcount>
    <wordcount weight="1" > took </wordcount>
    <wordcount weight="1" > cytology </wordcount>
    <wordcount weight="1" > afternoon </wordcount>
    <wordcount weight="1" > growing </wordcount>
    <wordcount weight="1" > physiological </wordcount>
    <wordcount weight="1" > centre </wordcount>
    <wordcount weight="1" > profitable </wordcount>
    <wordcount weight="1" > because </wordcount>
    <wordcount weight="1" > contents </wordcount>
    <wordcount weight="1" > terms </wordcount>
    <wordcount weight="1" > form </wordcount>
    <wordcount weight="1" > cannot </wordcount>
    <wordcount weight="1" > particular </wordcount>
    <wordcount weight="1" > melts </wordcount>
    <wordcount weight="1" > spoke </wordcount>
    <wordcount weight="1" > material </wordcount>
    <wordcount weight="1" > deep </wordcount>
    <wordcount weight="1" > pollen </wordcount>
    <wordcount weight="1" > floristic </wordcount>
    <wordcount weight="1" > native </wordcount>
    <wordcount weight="1" > eastern </wordcount>
    <wordcount weight="1" > humidities </wordcount>
    <wordcount weight="1" > possibility </wordcount>
    <wordcount weight="1" > compete </wordcount>
    <wordcount weight="1" > america </wordcount>
    <wordcount weight="1" > day </wordcount>
    <wordcount weight="1" > greenland </wordcount>
    <wordcount weight="1" > convenient </wordcount>
    <wordcount weight="1" > degree </wordcount>
    <wordcount weight="1" > local </wordcount>
    <wordcount weight="1" > account </wordcount>
    <wordcount weight="1" > enrichment </wordcount>
    <wordcount weight="1" > meetings </wordcount>
    <wordcount weight="1" > brings </wordcount>
    <wordcount weight="1" > determined </wordcount>
    <wordcount weight="1" > degrees </wordcount>
    <wordcount weight="1" > activity </wordcount>
    <wordcount weight="1" > island </wordcount>
    <wordcount weight="1" > work </wordcount>
    <wordcount weight="1" > reaching </wordcount>
    <wordcount weight="1" > examples </wordcount>
    <wordcount weight="1" > both </wordcount>
    <wordcount weight="1" > made </wordcount>
    <wordcount weight="1" > apparatus </wordcount>
    <wordcount weight="1" > obvious </wordcount>
    <wordcount weight="1" > measuring </wordcount>
    <wordcount weight="1" > persistence </wordcount>
    <wordcount weight="1" > west </wordcount>
    <wordcount weight="1" > opal </wordcount>
    <wordcount weight="1" > significantly </wordcount>
    <wordcount weight="1" > brought </wordcount>
    <wordcount weight="1" > favourable </wordcount>
    <wordcount weight="1" > point </wordcount>
    <wordcount weight="1" > europe </wordcount>
    <wordcount weight="1" > except </wordcount>
    <wordcount weight="1" > breeding </wordcount>
    <wordcount weight="1" > introduced </wordcount>
    <wordcount weight="1" > progress </wordcount>
    <wordcount weight="1" > establishment </wordcount>
    <wordcount weight="1" > content </wordcount>
    <wordcount weight="1" > ecologists </wordcount>
    <wordcount weight="1" > role </wordcount>
    <wordcount weight="1" > microtopography </wordcount>
    <wordcount weight="1" > interact </wordcount>
    <wordcount weight="1" > year </wordcount>
    <wordcount weight="1" > oil </wordcount>
    <wordcount weight="1" > hybridization </wordcount>
    <wordcount weight="1" > largely </wordcount>
    <wordcount weight="1" > shades </wordcount>
    <wordcount weight="1" > being </wordcount>
    <wordcount weight="1" > questions </wordcount>
    <wordcount weight="1" > central </wordcount>
    <wordcount weight="1" > hour </wordcount>
    <wordcount weight="1" > thus </wordcount>
    <wordcount weight="1" > watt </wordcount>
    <wordcount weight="1" > examination </wordcount>
    <wordcount weight="1" > disadvantages </wordcount>
    <wordcount weight="1" > wild </wordcount>
    <wordcount weight="1" > relationships </wordcount>
    <wordcount weight="1" > shown </wordcount>
    <wordcount weight="1" > showing </wordcount>
    <wordcount weight="1" > difficulties </wordcount>
    <wordcount weight="1" > such </wordcount>
    <wordcount weight="1" > open </wordcount>
    <wordcount weight="1" > lands </wordcount>
    <wordcount weight="1" > discovered </wordcount>
    <wordcount weight="1" > since </wordcount>
    <wordcount weight="1" > against </wordcount>
    <wordcount weight="1" > count </wordcount>
    <wordcount weight="1" > tables </wordcount>
    <wordcount weight="1" > t </wordcount>
    <wordcount weight="1" > scandinavia </wordcount>
    <wordcount weight="1" > exerted </wordcount>
    <wordcount weight="1" > temperature </wordcount>
    <wordcount weight="1" > points </wordcount>
    <wordcount weight="1" > aided </wordcount>
    <wordcount weight="1" > interest </wordcount>
    <wordcount weight="1" > amounts </wordcount>
    <wordcount weight="1" > evening </wordcount>
    <wordcount weight="1" > tone </wordcount>
    <wordcount weight="1" > impregnated </wordcount>
    <wordcount weight="1" > correlated </wordcount>
    <wordcount weight="1" > valentine </wordcount>
    <wordcount weight="1" > d </wordcount>
    <wordcount weight="1" > enabling </wordcount>
    <wordcount weight="1" > would </wordcount>
    <wordcount weight="1" > dinner </wordcount>
    <wordcount weight="1" > period </wordcount>
    <wordcount weight="1" > liable </wordcount>
    <wordcount weight="1" > meiotic </wordcount>
    <wordcount weight="1" > general </wordcount>
    <wordcount weight="1" > concentric </wordcount>
    <wordcount weight="1" > delivered </wordcount>
    <wordcount weight="1" > reinforces </wordcount>
    <wordcount weight="1" > high </wordcount>
    <wordcount weight="1" > introgression </wordcount>
    <wordcount weight="1" > glass </wordcount>
    <wordcount weight="1" > coupled </wordcount>
    <wordcount weight="1" > regular </wordcount>
    <wordcount weight="1" > next </wordcount>
    <wordcount weight="1" > obtained </wordcount>
    <wordcount weight="1" > piece </wordcount>
    <wordcount weight="1" > kind </wordcount>
    <wordcount weight="1" > kept </wordcount>
    <wordcount weight="1" > conversation </wordcount>
    <wordcount weight="1" > estimates </wordcount>
    <wordcount weight="1" > inserted </wordcount>
    <wordcount weight="1" > latter </wordcount>
    <wordcount weight="1" > around </wordcount>
    <wordcount weight="1" > spent </wordcount>
    <wordcount weight="1" > several </wordcount>
    <wordcount weight="1" > crosses </wordcount>
    <wordcount weight="1" > depend </wordcount>
    <wordcount weight="1" > comparing </wordcount>
    <wordcount weight="1" > speed </wordcount>
    <wordcount weight="1" > grow </wordcount>
    <wordcount weight="1" > evolutionary </wordcount>
    <wordcount weight="1" > often </wordcount>
    <wordcount weight="1" > aggressiveness </wordcount>
    <wordcount weight="1" > presence </wordcount>
    <wordcount weight="1" > races </wordcount>
    <wordcount weight="1" > drifts </wordcount>
    <wordcount weight="1" > disturbs </wordcount>
    <wordcount weight="1" > climate </wordcount>
    <wordcount weight="1" > distinguished </wordcount>
    <wordcount weight="1" > greatly </wordcount>
    <wordcount weight="1" > arranged </wordcount>
    <wordcount weight="1" > colours </wordcount>
    <wordcount weight="1" > cytological </wordcount>
    <wordcount weight="1" > seeds </wordcount>
    <wordcount weight="1" > impoverishment </wordcount>
    <wordcount weight="1" > enjoyed </wordcount>
    <wordcount weight="1" > annual </wordcount>
    <wordcount weight="1" > generally </wordcount>
    <wordcount weight="1" > richness </wordcount>
    <wordcount weight="1" > up </wordcount>
    <wordcount weight="1" > drawn </wordcount>
    <wordcount weight="1" > suitability </wordcount>
    <wordcount weight="1" > blue </wordcount>
    <wordcount weight="1" > characters </wordcount>
    <wordcount weight="1" > violet </wordcount>
    <wordcount weight="1" > given </wordcount>
    <wordcount weight="1" > dependent </wordcount>
    <wordcount weight="1" > inaccessible </wordcount>
    <wordcount weight="1" > duration </wordcount>
    <wordcount weight="1" > counts </wordcount>
    <wordcount weight="1" > details </wordcount>
    <wordcount weight="1" > value </wordcount>
    <wordcount weight="1" > provided </wordcount>
    <wordcount weight="1" > preliminary </wordcount>
    <wordcount weight="1" > asked </wordcount>
    <wordcount weight="1" > attendance </wordcount>
    <wordcount weight="1" > attention </wordcount>
    <wordcount weight="1" > showed </wordcount>
    <wordcount weight="1" > influence </wordcount>
    <wordcount weight="1" > favoured </wordcount>
    <wordcount weight="1" > division </wordcount>
    <wordcount weight="1" > error </wordcount>
    <wordcount weight="1" > major </wordcount>
    <wordcount weight="1" > attended </wordcount>
    <wordcount weight="1" > deficiency </wordcount>
</article>
