<?xml version="1.0" encoding="UTF-8"?>
<article id="10.2307/1218377" >
    <wordcount weight="618" > the </wordcount>
    <wordcount weight="508" > of </wordcount>
    <wordcount weight="264" > and </wordcount>
    <wordcount weight="250" > in </wordcount>
    <wordcount weight="163" > a </wordcount>
    <wordcount weight="135" > to </wordcount>
    <wordcount weight="131" > is </wordcount>
    <wordcount weight="90" > for </wordcount>
    <wordcount weight="76" > that </wordcount>
    <wordcount weight="70" > are </wordcount>
    <wordcount weight="65" > systematics </wordcount>
    <wordcount weight="62" > this </wordcount>
    <wordcount weight="58" > at </wordcount>
    <wordcount weight="55" > on </wordcount>
    <wordcount weight="50" > by </wordcount>
    <wordcount weight="48" > with </wordcount>
    <wordcount weight="46" > it </wordcount>
    <wordcount weight="46" > new </wordcount>
    <wordcount weight="46" > be </wordcount>
    <wordcount weight="45" > as </wordcount>
    <wordcount weight="44" > species </wordcount>
    <wordcount weight="42" > have </wordcount>
    <wordcount weight="40" > which </wordcount>
    <wordcount weight="39" > an </wordcount>
    <wordcount weight="34" > from </wordcount>
    <wordcount weight="33" > systematic </wordcount>
    <wordcount weight="33" > not </wordcount>
    <wordcount weight="29" > all </wordcount>
    <wordcount weight="29" > taxon </wordcount>
    <wordcount weight="28" > also </wordcount>
    <wordcount weight="28" > information </wordcount>
    <wordcount weight="27" > has </wordcount>
    <wordcount weight="27" > et </wordcount>
    <wordcount weight="27" > or </wordcount>
    <wordcount weight="27" > many </wordcount>
    <wordcount weight="27" > number </wordcount>
    <wordcount weight="27" > we </wordcount>
    <wordcount weight="26" > r </wordcount>
    <wordcount weight="25" > h </wordcount>
    <wordcount weight="25" > j </wordcount>
    <wordcount weight="25" > but </wordcount>
    <wordcount weight="25" > known </wordcount>
    <wordcount weight="24" > such </wordcount>
    <wordcount weight="24" > than </wordcount>
    <wordcount weight="24" > characters </wordcount>
    <wordcount weight="23" > these </wordcount>
    <wordcount weight="22" > even </wordcount>
    <wordcount weight="22" > only </wordcount>
    <wordcount weight="21" > now </wordcount>
    <wordcount weight="21" > modern </wordcount>
    <wordcount weight="20" > still </wordcount>
    <wordcount weight="20" > biology </wordcount>
    <wordcount weight="19" > w </wordcount>
    <wordcount weight="19" > more </wordcount>
    <wordcount weight="19" > been </wordcount>
    <wordcount weight="19" > recent </wordcount>
    <wordcount weight="18" > some </wordcount>
    <wordcount weight="18" > g </wordcount>
    <wordcount weight="18" > was </wordcount>
    <wordcount weight="17" > other </wordcount>
    <wordcount weight="17" > often </wordcount>
    <wordcount weight="17" > c </wordcount>
    <wordcount weight="16" > evolution </wordcount>
    <wordcount weight="16" > amsterdam </wordcount>
    <wordcount weight="16" > knowledge </wordcount>
    <wordcount weight="16" > methods </wordcount>
    <wordcount weight="15" > groups </wordcount>
    <wordcount weight="15" > e </wordcount>
    <wordcount weight="15" > one </wordcount>
    <wordcount weight="15" > taxa </wordcount>
    <wordcount weight="15" > were </wordcount>
    <wordcount weight="15" > there </wordcount>
    <wordcount weight="15" > his </wordcount>
    <wordcount weight="15" > research </wordcount>
    <wordcount weight="15" > so </wordcount>
    <wordcount weight="15" > can </wordcount>
    <wordcount weight="15" > much </wordcount>
    <wordcount weight="14" > far </wordcount>
    <wordcount weight="14" > taxonomic </wordcount>
    <wordcount weight="14" > would </wordcount>
    <wordcount weight="14" > k </wordcount>
    <wordcount weight="14" > plants </wordcount>
    <wordcount weight="14" > our </wordcount>
    <wordcount weight="14" > between </wordcount>
    <wordcount weight="13" > great </wordcount>
    <wordcount weight="13" > zoology </wordcount>
    <wordcount weight="13" > higher </wordcount>
    <wordcount weight="13" > importance </wordcount>
    <wordcount weight="13" > its </wordcount>
    <wordcount weight="13" > will </wordcount>
    <wordcount weight="13" > techniques </wordcount>
    <wordcount weight="13" > biological </wordcount>
    <wordcount weight="13" > present </wordcount>
    <wordcount weight="13" > science </wordcount>
    <wordcount weight="12" > group </wordcount>
    <wordcount weight="12" > de </wordcount>
    <wordcount weight="12" > may </wordcount>
    <wordcount weight="12" > van </wordcount>
    <wordcount weight="12" > al </wordcount>
    <wordcount weight="12" > taxonomy </wordcount>
    <wordcount weight="12" > fungi </wordcount>
    <wordcount weight="12" > symposium </wordcount>
    <wordcount weight="12" > plant </wordcount>
    <wordcount weight="12" > voous </wordcount>
    <wordcount weight="12" > der </wordcount>
    <wordcount weight="12" > animal </wordcount>
    <wordcount weight="11" > chromosome </wordcount>
    <wordcount weight="11" > sibley </wordcount>
    <wordcount weight="11" > i </wordcount>
    <wordcount weight="11" > system </wordcount>
    <wordcount weight="11" > possible </wordcount>
    <wordcount weight="11" > l </wordcount>
    <wordcount weight="11" > their </wordcount>
    <wordcount weight="11" > numbers </wordcount>
    <wordcount weight="11" > pp </wordcount>
    <wordcount weight="11" > very </wordcount>
    <wordcount weight="10" > they </wordcount>
    <wordcount weight="10" > first </wordcount>
    <wordcount weight="10" > electron </wordcount>
    <wordcount weight="10" > symposia </wordcount>
    <wordcount weight="10" > less </wordcount>
    <wordcount weight="10" > ecology </wordcount>
    <wordcount weight="10" > organisms </wordcount>
    <wordcount weight="10" > structure </wordcount>
    <wordcount weight="10" > d </wordcount>
    <wordcount weight="9" > papers </wordcount>
    <wordcount weight="9" > too </wordcount>
    <wordcount weight="9" > m </wordcount>
    <wordcount weight="9" > well </wordcount>
    <wordcount weight="9" > field </wordcount>
    <wordcount weight="9" > significant </wordcount>
    <wordcount weight="9" > chemosystematics </wordcount>
    <wordcount weight="9" > living </wordcount>
    <wordcount weight="9" > classification </wordcount>
    <wordcount weight="8" > s </wordcount>
    <wordcount weight="8" > review </wordcount>
    <wordcount weight="8" > though </wordcount>
    <wordcount weight="8" > high </wordcount>
    <wordcount weight="8" > no </wordcount>
    <wordcount weight="8" > arbor </wordcount>
    <wordcount weight="8" > animals </wordcount>
    <wordcount weight="8" > data </wordcount>
    <wordcount weight="8" > work </wordcount>
    <wordcount weight="8" > london </wordcount>
    <wordcount weight="8" > level </wordcount>
    <wordcount weight="8" > biosystematiek </wordcount>
    <wordcount weight="8" > about </wordcount>
    <wordcount weight="8" > two </wordcount>
    <wordcount weight="8" > published </wordcount>
    <wordcount weight="8" > towards </wordcount>
    <wordcount weight="8" > examples </wordcount>
    <wordcount weight="8" > described </wordcount>
    <wordcount weight="8" > significance </wordcount>
    <wordcount weight="8" > discussed </wordcount>
    <wordcount weight="8" > especially </wordcount>
    <wordcount weight="8" > evolutionary </wordcount>
    <wordcount weight="8" > ann </wordcount>
    <wordcount weight="8" > contribution </wordcount>
    <wordcount weight="8" > fields </wordcount>
    <wordcount weight="8" > almost </wordcount>
    <wordcount weight="8" > years </wordcount>
    <wordcount weight="8" > pathways </wordcount>
    <wordcount weight="7" > t </wordcount>
    <wordcount weight="7" > differences </wordcount>
    <wordcount weight="7" > october </wordcount>
    <wordcount weight="7" > development </wordcount>
    <wordcount weight="7" > old </wordcount>
    <wordcount weight="7" > how </wordcount>
    <wordcount weight="7" > numerical </wordcount>
    <wordcount weight="7" > p </wordcount>
    <wordcount weight="7" > further </wordcount>
    <wordcount weight="7" > because </wordcount>
    <wordcount weight="7" > when </wordcount>
    <wordcount weight="7" > index </wordcount>
    <wordcount weight="7" > volume </wordcount>
    <wordcount weight="7" > time </wordcount>
    <wordcount weight="7" > classical </wordcount>
    <wordcount weight="7" > perhaps </wordcount>
    <wordcount weight="7" > scanning </wordcount>
    <wordcount weight="7" > discovered </wordcount>
    <wordcount weight="7" > seen </wordcount>
    <wordcount weight="7" > must </wordcount>
    <wordcount weight="7" > paper </wordcount>
    <wordcount weight="7" > counts </wordcount>
    <wordcount weight="6" > difficult </wordcount>
    <wordcount weight="6" > large </wordcount>
    <wordcount weight="6" > into </wordcount>
    <wordcount weight="6" > problems </wordcount>
    <wordcount weight="6" > molecular </wordcount>
    <wordcount weight="6" > biosystematics </wordcount>
    <wordcount weight="6" > refer </wordcount>
    <wordcount weight="6" > rather </wordcount>
    <wordcount weight="6" > growth </wordcount>
    <wordcount weight="6" > main </wordcount>
    <wordcount weight="6" > en </wordcount>
    <wordcount weight="6" > b </wordcount>
    <wordcount weight="6" > most </wordcount>
    <wordcount weight="6" > instance </wordcount>
    <wordcount weight="6" > character </wordcount>
    <wordcount weight="6" > could </wordcount>
    <wordcount weight="6" > academic </wordcount>
    <wordcount weight="6" > mainly </wordcount>
    <wordcount weight="6" > aspects </wordcount>
    <wordcount weight="6" > part </wordcount>
    <wordcount weight="6" > used </wordcount>
    <wordcount weight="6" > characteristics </wordcount>
    <wordcount weight="6" > results </wordcount>
    <wordcount weight="6" > genome </wordcount>
    <wordcount weight="6" > comparative </wordcount>
    <wordcount weight="6" > york </wordcount>
    <wordcount weight="6" > precambrian </wordcount>
    <wordcount weight="6" > processing </wordcount>
    <wordcount weight="6" > picture </wordcount>
    <wordcount weight="6" > really </wordcount>
    <wordcount weight="6" > see </wordcount>
    <wordcount weight="6" > made </wordcount>
    <wordcount weight="6" > use </wordcount>
    <wordcount weight="6" > like </wordcount>
    <wordcount weight="6" > who </wordcount>
    <wordcount weight="6" > visual </wordcount>
    <wordcount weight="6" > any </wordcount>
    <wordcount weight="6" > here </wordcount>
    <wordcount weight="6" > over </wordcount>
    <wordcount weight="6" > obviously </wordcount>
    <wordcount weight="6" > given </wordcount>
    <wordcount weight="6" > aspect </wordcount>
    <wordcount weight="5" > names </wordcount>
    <wordcount weight="5" > studies </wordcount>
    <wordcount weight="5" > had </wordcount>
    <wordcount weight="5" > simple </wordcount>
    <wordcount weight="5" > last </wordcount>
    <wordcount weight="5" > those </wordcount>
    <wordcount weight="5" > combination </wordcount>
    <wordcount weight="5" > behavior </wordcount>
    <wordcount weight="5" > thus </wordcount>
    <wordcount weight="5" > relatively </wordcount>
    <wordcount weight="5" > find </wordcount>
    <wordcount weight="5" > interesting </wordcount>
    <wordcount weight="5" > phyla </wordcount>
    <wordcount weight="5" > taxonomists </wordcount>
    <wordcount weight="5" > special </wordcount>
    <wordcount weight="5" > important </wordcount>
    <wordcount weight="5" > reviews </wordcount>
    <wordcount weight="5" > recently </wordcount>
    <wordcount weight="5" > example </wordcount>
    <wordcount weight="5" > whole </wordcount>
    <wordcount weight="5" > systematist </wordcount>
    <wordcount weight="5" > computer </wordcount>
    <wordcount weight="5" > several </wordcount>
    <wordcount weight="5" > up </wordcount>
    <wordcount weight="5" > progress </wordcount>
    <wordcount weight="5" > biosystematic </wordcount>
    <wordcount weight="5" > society </wordcount>
    <wordcount weight="5" > f </wordcount>
    <wordcount weight="5" > he </wordcount>
    <wordcount weight="5" > situation </wordcount>
    <wordcount weight="5" > rapid </wordcount>
    <wordcount weight="5" > fossil </wordcount>
    <wordcount weight="5" > percentage </wordcount>
    <wordcount weight="5" > again </wordcount>
    <wordcount weight="5" > available </wordcount>
    <wordcount weight="5" > pattern </wordcount>
    <wordcount weight="5" > clear </wordcount>
    <wordcount weight="5" > obtained </wordcount>
    <wordcount weight="5" > systems </wordcount>
    <wordcount weight="5" > angiosperms </wordcount>
    <wordcount weight="5" > today </wordcount>
    <wordcount weight="5" > life </wordcount>
    <wordcount weight="5" > chemotaxonomy </wordcount>
    <wordcount weight="5" > systematists </wordcount>
    <wordcount weight="5" > mentioned </wordcount>
    <wordcount weight="5" > know </wordcount>
    <wordcount weight="5" > delimitation </wordcount>
    <wordcount weight="5" > different </wordcount>
    <wordcount weight="5" > unknown </wordcount>
    <wordcount weight="5" > better </wordcount>
    <wordcount weight="5" > respect </wordcount>
    <wordcount weight="5" > them </wordcount>
    <wordcount weight="5" > bacteria </wordcount>
    <wordcount weight="5" > presented </wordcount>
    <wordcount weight="5" > refinement </wordcount>
    <wordcount weight="5" > question </wordcount>
    <wordcount weight="5" > riedl </wordcount>
    <wordcount weight="5" > beings </wordcount>
    <wordcount weight="4" > rate </wordcount>
    <wordcount weight="4" > o </wordcount>
    <wordcount weight="4" > way </wordcount>
    <wordcount weight="4" > speakers </wordcount>
    <wordcount weight="4" > american </wordcount>
    <wordcount weight="4" > flowering </wordcount>
    <wordcount weight="4" > ways </wordcount>
    <wordcount weight="4" > history </wordcount>
    <wordcount weight="4" > total </wordcount>
    <wordcount weight="4" > long </wordcount>
    <wordcount weight="4" > principles </wordcount>
    <wordcount weight="4" > kingdom </wordcount>
    <wordcount weight="4" > macromolecular </wordcount>
    <wordcount weight="4" > promises </wordcount>
    <wordcount weight="4" > diversity </wordcount>
    <wordcount weight="4" > central </wordcount>
    <wordcount weight="4" > million </wordcount>
    <wordcount weight="4" > since </wordcount>
    <wordcount weight="4" > moment </wordcount>
    <wordcount weight="4" > developments </wordcount>
    <wordcount weight="4" > amount </wordcount>
    <wordcount weight="4" > cytological </wordcount>
    <wordcount weight="4" > herbarium </wordcount>
    <wordcount weight="4" > certain </wordcount>
    <wordcount weight="4" > direct </wordcount>
    <wordcount weight="4" > university </wordcount>
    <wordcount weight="4" > teamwork </wordcount>
    <wordcount weight="4" > generally </wordcount>
    <wordcount weight="4" > result </wordcount>
    <wordcount weight="4" > called </wordcount>
    <wordcount weight="4" > directly </wordcount>
    <wordcount weight="4" > basis </wordcount>
    <wordcount weight="4" > future </wordcount>
    <wordcount weight="4" > year </wordcount>
    <wordcount weight="4" > constitute </wordcount>
    <wordcount weight="4" > being </wordcount>
    <wordcount weight="4" > good </wordcount>
    <wordcount weight="4" > small </wordcount>
    <wordcount weight="4" > yielded </wordcount>
    <wordcount weight="4" > world </wordcount>
    <wordcount weight="4" > south </wordcount>
    <wordcount weight="4" > synthesis </wordcount>
    <wordcount weight="4" > limited </wordcount>
    <wordcount weight="4" > single </wordcount>
    <wordcount weight="4" > specimens </wordcount>
    <wordcount weight="4" > linnean </wordcount>
    <wordcount weight="4" > same </wordcount>
    <wordcount weight="4" > fact </wordcount>
    <wordcount weight="4" > shows </wordcount>
    <wordcount weight="4" > increases </wordcount>
    <wordcount weight="4" > degree </wordcount>
    <wordcount weight="4" > active </wordcount>
    <wordcount weight="4" > entirely </wordcount>
    <wordcount weight="4" > een </wordcount>
    <wordcount weight="4" > bacterial </wordcount>
    <wordcount weight="4" > authors </wordcount>
    <wordcount weight="4" > publication </wordcount>
    <wordcount weight="4" > held </wordcount>
    <wordcount weight="4" > relation </wordcount>
    <wordcount weight="4" > probably </wordcount>
    <wordcount weight="4" > enzymes </wordcount>
    <wordcount weight="4" > increasing </wordcount>
    <wordcount weight="4" > european </wordcount>
    <wordcount weight="4" > ecological </wordcount>
    <wordcount weight="4" > five </wordcount>
    <wordcount weight="4" > indicate </wordcount>
    <wordcount weight="4" > analysis </wordcount>
    <wordcount weight="4" > generic </wordcount>
    <wordcount weight="4" > few </wordcount>
    <wordcount weight="4" > natural </wordcount>
    <wordcount weight="4" > alexander </wordcount>
    <wordcount weight="4" > counting </wordcount>
    <wordcount weight="4" > proceedings </wordcount>
    <wordcount weight="4" > whether </wordcount>
    <wordcount weight="4" > emphasis </wordcount>
    <wordcount weight="4" > des </wordcount>
    <wordcount weight="4" > code </wordcount>
    <wordcount weight="4" > through </wordcount>
    <wordcount weight="4" > role </wordcount>
    <wordcount weight="4" > shown </wordcount>
    <wordcount weight="4" > course </wordcount>
    <wordcount weight="4" > should </wordcount>
    <wordcount weight="4" > land </wordcount>
    <wordcount weight="4" > remains </wordcount>
    <wordcount weight="4" > themselves </wordcount>
    <wordcount weight="4" > micromolecular </wordcount>
    <wordcount weight="4" > among </wordcount>
    <wordcount weight="3" > substances </wordcount>
    <wordcount weight="3" > alone </wordcount>
    <wordcount weight="3" > per </wordcount>
    <wordcount weight="3" > birmingham </wordcount>
    <wordcount weight="3" > microorganisms </wordcount>
    <wordcount weight="3" > position </wordcount>
    <wordcount weight="3" > chemosystematic </wordcount>
    <wordcount weight="3" > lower </wordcount>
    <wordcount weight="3" > australia </wordcount>
    <wordcount weight="3" > barghoorn </wordcount>
    <wordcount weight="3" > scientists </wordcount>
    <wordcount weight="3" > advantage </wordcount>
    <wordcount weight="3" > lichens </wordcount>
    <wordcount weight="3" > primitive </wordcount>
    <wordcount weight="3" > discipline </wordcount>
    <wordcount weight="3" > botanical </wordcount>
    <wordcount weight="3" > primary </wordcount>
    <wordcount weight="3" > microscopy </wordcount>
    <wordcount weight="3" > activity </wordcount>
    <wordcount weight="3" > point </wordcount>
    <wordcount weight="3" > cited </wordcount>
    <wordcount weight="3" > phase </wordcount>
    <wordcount weight="3" > application </wordcount>
    <wordcount weight="3" > undiscovered </wordcount>
    <wordcount weight="3" > subjects </wordcount>
    <wordcount weight="3" > journal </wordcount>
    <wordcount weight="3" > look </wordcount>
    <wordcount weight="3" > mechanisms </wordcount>
    <wordcount weight="3" > weighting </wordcount>
    <wordcount weight="3" > derived </wordcount>
    <wordcount weight="3" > changes </wordcount>
    <wordcount weight="3" > possibly </wordcount>
    <wordcount weight="3" > proved </wordcount>
    <wordcount weight="3" > n </wordcount>
    <wordcount weight="3" > four </wordcount>
    <wordcount weight="3" > indications </wordcount>
    <wordcount weight="3" > problem </wordcount>
    <wordcount weight="3" > based </wordcount>
    <wordcount weight="3" > found </wordcount>
    <wordcount weight="3" > sight </wordcount>
    <wordcount weight="3" > term </wordcount>
    <wordcount weight="3" > equal </wordcount>
    <wordcount weight="3" > population </wordcount>
    <wordcount weight="3" > literature </wordcount>
    <wordcount weight="3" > heteroptera </wordcount>
    <wordcount weight="3" > protein </wordcount>
    <wordcount weight="3" > phylogenetic </wordcount>
    <wordcount weight="3" > place </wordcount>
    <wordcount weight="3" > actually </wordcount>
    <wordcount weight="3" > showing </wordcount>
    <wordcount weight="3" > count </wordcount>
    <wordcount weight="3" > approach </wordcount>
    <wordcount weight="3" > earth </wordcount>
    <wordcount weight="3" > change </wordcount>
    <wordcount weight="3" > multiplicity </wordcount>
    <wordcount weight="3" > sense </wordcount>
    <wordcount weight="3" > successful </wordcount>
    <wordcount weight="3" > barkman </wordcount>
    <wordcount weight="3" > order </wordcount>
    <wordcount weight="3" > around </wordcount>
    <wordcount weight="3" > highly </wordcount>
    <wordcount weight="3" > impossible </wordcount>
    <wordcount weight="3" > morphology </wordcount>
    <wordcount weight="3" > therefore </wordcount>
    <wordcount weight="3" > entitled </wordcount>
    <wordcount weight="3" > nearly </wordcount>
    <wordcount weight="3" > reference </wordcount>
    <wordcount weight="3" > us </wordcount>
    <wordcount weight="3" > challenge </wordcount>
    <wordcount weight="3" > metazoa </wordcount>
    <wordcount weight="3" > mentions </wordcount>
    <wordcount weight="3" > others </wordcount>
    <wordcount weight="3" > wageningen </wordcount>
    <wordcount weight="3" > swain </wordcount>
    <wordcount weight="3" > speciation </wordcount>
    <wordcount weight="3" > ley </wordcount>
    <wordcount weight="3" > turner </wordcount>
    <wordcount weight="3" > v </wordcount>
    <wordcount weight="3" > necessary </wordcount>
    <wordcount weight="3" > eg </wordcount>
    <wordcount weight="3" > hegnauer </wordcount>
    <wordcount weight="3" > circumscription </wordcount>
    <wordcount weight="3" > day </wordcount>
    <wordcount weight="3" > discussion </wordcount>
    <wordcount weight="3" > upon </wordcount>
    <wordcount weight="3" > previously </wordcount>
    <wordcount weight="3" > looking </wordcount>
    <wordcount weight="3" > numerous </wordcount>
    <wordcount weight="3" > processes </wordcount>
    <wordcount weight="3" > regnum </wordcount>
    <wordcount weight="3" > full </wordcount>
    <wordcount weight="3" > synthetic </wordcount>
    <wordcount weight="3" > theoretical </wordcount>
    <wordcount weight="3" > three </wordcount>
    <wordcount weight="3" > individual </wordcount>
    <wordcount weight="3" > general </wordcount>
    <wordcount weight="3" > summer </wordcount>
    <wordcount weight="3" > counted </wordcount>
    <wordcount weight="3" > latter </wordcount>
    <wordcount weight="3" > margoliash </wordcount>
    <wordcount weight="3" > become </wordcount>
    <wordcount weight="3" > mayr </wordcount>
    <wordcount weight="3" > worms </wordcount>
    <wordcount weight="3" > separate </wordcount>
    <wordcount weight="3" > retrieval </wordcount>
    <wordcount weight="3" > becomes </wordcount>
    <wordcount weight="3" > wilson </wordcount>
    <wordcount weight="3" > rapidly </wordcount>
    <wordcount weight="3" > kingdoms </wordcount>
    <wordcount weight="3" > environment </wordcount>
    <wordcount weight="3" > then </wordcount>
    <wordcount weight="3" > extensive </wordcount>
    <wordcount weight="3" > precise </wordcount>
    <wordcount weight="3" > pollination </wordcount>
    <wordcount weight="3" > cover </wordcount>
    <wordcount weight="3" > microbial </wordcount>
    <wordcount weight="3" > seem </wordcount>
    <wordcount weight="3" > down </wordcount>
    <wordcount weight="3" > genus </wordcount>
    <wordcount weight="3" > past </wordcount>
    <wordcount weight="3" > advances </wordcount>
    <wordcount weight="3" > what </wordcount>
    <wordcount weight="3" > genera </wordcount>
    <wordcount weight="3" > harborne </wordcount>
    <wordcount weight="3" > voor </wordcount>
    <wordcount weight="3" > making </wordcount>
    <wordcount weight="3" > statement </wordcount>
    <wordcount weight="3" > always </wordcount>
    <wordcount weight="3" > heywood </wordcount>
    <wordcount weight="3" > size </wordcount>
    <wordcount weight="3" > press </wordcount>
    <wordcount weight="3" > botany </wordcount>
    <wordcount weight="3" > gain </wordcount>
    <wordcount weight="3" > zoologist </wordcount>
    <wordcount weight="3" > come </wordcount>
    <wordcount weight="3" > proteins </wordcount>
    <wordcount weight="3" > quest </wordcount>
    <wordcount weight="3" > morphological </wordcount>
    <wordcount weight="3" > grant </wordcount>
    <wordcount weight="3" > specialists </wordcount>
    <wordcount weight="3" > shift </wordcount>
    <wordcount weight="3" > flora </wordcount>
    <wordcount weight="3" > thousand </wordcount>
    <wordcount weight="3" > reached </wordcount>
    <wordcount weight="3" > entire </wordcount>
    <wordcount weight="3" > little </wordcount>
    <wordcount weight="3" > traditional </wordcount>
    <wordcount weight="3" > north </wordcount>
    <wordcount weight="3" > major </wordcount>
    <wordcount weight="3" > thorough </wordcount>
    <wordcount weight="2" > frequent </wordcount>
    <wordcount weight="2" > reproductively </wordcount>
    <wordcount weight="2" > explosion </wordcount>
    <wordcount weight="2" > ultrastructural </wordcount>
    <wordcount weight="2" > if </wordcount>
    <wordcount weight="2" > microstructures </wordcount>
    <wordcount weight="2" > phylogeny </wordcount>
    <wordcount weight="2" > aeons </wordcount>
    <wordcount weight="2" > resulted </wordcount>
    <wordcount weight="2" > ultimate </wordcount>
    <wordcount weight="2" > considerably </wordcount>
    <wordcount weight="2" > complex </wordcount>
    <wordcount weight="2" > systematically </wordcount>
    <wordcount weight="2" > anno </wordcount>
    <wordcount weight="2" > approaches </wordcount>
    <wordcount weight="2" > scientist </wordcount>
    <wordcount weight="2" > before </wordcount>
    <wordcount weight="2" > monograph </wordcount>
    <wordcount weight="2" > else </wordcount>
    <wordcount weight="2" > stressed </wordcount>
    <wordcount weight="2" > every </wordcount>
    <wordcount weight="2" > gadella </wordcount>
    <wordcount weight="2" > give </wordcount>
    <wordcount weight="2" > disturbance </wordcount>
    <wordcount weight="2" > advanced </wordcount>
    <wordcount weight="2" > seems </wordcount>
    <wordcount weight="2" > origin </wordcount>
    <wordcount weight="2" > able </wordcount>
    <wordcount weight="2" > link </wordcount>
    <wordcount weight="2" > closer </wordcount>
    <wordcount weight="2" > take </wordcount>
    <wordcount weight="2" > chemotaxonomie </wordcount>
    <wordcount weight="2" > marine </wordcount>
    <wordcount weight="2" > somewhat </wordcount>
    <wordcount weight="2" > explosive </wordcount>
    <wordcount weight="2" > systematiek </wordcount>
    <wordcount weight="2" > case </wordcount>
    <wordcount weight="2" > evaluation </wordcount>
    <wordcount weight="2" > fossils </wordcount>
    <wordcount weight="2" > verlag </wordcount>
    <wordcount weight="2" > america </wordcount>
    <wordcount weight="2" > figs </wordcount>
    <wordcount weight="2" > logical </wordcount>
    <wordcount weight="2" > cooperation </wordcount>
    <wordcount weight="2" > hawkes </wordcount>
    <wordcount weight="2" > above </wordcount>
    <wordcount weight="2" > along </wordcount>
    <wordcount weight="2" > undescribed </wordcount>
    <wordcount weight="2" > framework </wordcount>
    <wordcount weight="2" > phenetic </wordcount>
    <wordcount weight="2" > objective </wordcount>
    <wordcount weight="2" > inflation </wordcount>
    <wordcount weight="2" > interest </wordcount>
    <wordcount weight="2" > ethology </wordcount>
    <wordcount weight="2" > mating </wordcount>
    <wordcount weight="2" > fitch </wordcount>
    <wordcount weight="2" > realization </wordcount>
    <wordcount weight="2" > body </wordcount>
    <wordcount weight="2" > syracuse </wordcount>
    <wordcount weight="2" > compared </wordcount>
    <wordcount weight="2" > estimate </wordcount>
    <wordcount weight="2" > publications </wordcount>
    <wordcount weight="2" > incompletely </wordcount>
    <wordcount weight="2" > storage </wordcount>
    <wordcount weight="2" > stimulating </wordcount>
    <wordcount weight="2" > occasion </wordcount>
    <wordcount weight="2" > billion </wordcount>
    <wordcount weight="2" > delivered </wordcount>
    <wordcount weight="2" > hardly </wordcount>
    <wordcount weight="2" > generation </wordcount>
    <wordcount weight="2" > cites </wordcount>
    <wordcount weight="2" > surprisingly </wordcount>
    <wordcount weight="2" > pflanzen </wordcount>
    <wordcount weight="2" > recognized </wordcount>
    <wordcount weight="2" > whose </wordcount>
    <wordcount weight="2" > observer </wordcount>
    <wordcount weight="2" > acid </wordcount>
    <wordcount weight="2" > developed </wordcount>
    <wordcount weight="2" > remain </wordcount>
    <wordcount weight="2" > appreciation </wordcount>
    <wordcount weight="2" > fascinating </wordcount>
    <wordcount weight="2" > mean </wordcount>
    <wordcount weight="2" > stuttgart </wordcount>
    <wordcount weight="2" > environments </wordcount>
    <wordcount weight="2" > schopf </wordcount>
    <wordcount weight="2" > similar </wordcount>
    <wordcount weight="2" > contributions </wordcount>
    <wordcount weight="2" > white </wordcount>
    <wordcount weight="2" > means </wordcount>
    <wordcount weight="2" > microscope </wordcount>
    <wordcount weight="2" > just </wordcount>
    <wordcount weight="2" > age </wordcount>
    <wordcount weight="2" > viruses </wordcount>
    <wordcount weight="2" > definite </wordcount>
    <wordcount weight="2" > puts </wordcount>
    <wordcount weight="2" > gnathostomulida </wordcount>
    <wordcount weight="2" > opinion </wordcount>
    <wordcount weight="2" > appearance </wordcount>
    <wordcount weight="2" > conservative </wordcount>
    <wordcount weight="2" > whittaker </wordcount>
    <wordcount weight="2" > true </wordcount>
    <wordcount weight="2" > respects </wordcount>
    <wordcount weight="2" > late </wordcount>
    <wordcount weight="2" > equally </wordcount>
    <wordcount weight="2" > bossert </wordcount>
    <wordcount weight="2" > dispersal </wordcount>
    <wordcount weight="2" > eisenkowitch </wordcount>
    <wordcount weight="2" > pollen </wordcount>
    <wordcount weight="2" > produce </wordcount>
    <wordcount weight="2" > method </wordcount>
    <wordcount weight="2" > wants </wordcount>
    <wordcount weight="2" > briefly </wordcount>
    <wordcount weight="2" > network </wordcount>
    <wordcount weight="2" > formerly </wordcount>
    <wordcount weight="2" > ideal </wordcount>
    <wordcount weight="2" > brought </wordcount>
    <wordcount weight="2" > related </wordcount>
    <wordcount weight="2" > comment </wordcount>
    <wordcount weight="2" > thoughts </wordcount>
    <wordcount weight="2" > structures </wordcount>
    <wordcount weight="2" > away </wordcount>
    <wordcount weight="2" > chemistry </wordcount>
    <wordcount weight="2" > zoologistes </wordcount>
    <wordcount weight="2" > least </wordcount>
    <wordcount weight="2" > optimal </wordcount>
    <wordcount weight="2" > working </wordcount>
    <wordcount weight="2" > stage </wordcount>
    <wordcount weight="2" > subjective </wordcount>
    <wordcount weight="2" > multitude </wordcount>
    <wordcount weight="2" > stafleu </wordcount>
    <wordcount weight="2" > family </wordcount>
    <wordcount weight="2" > smithsonian </wordcount>
    <wordcount weight="2" > transfer </wordcount>
    <wordcount weight="2" > presence </wordcount>
    <wordcount weight="2" > latest </wordcount>
    <wordcount weight="2" > und </wordcount>
    <wordcount weight="2" > second </wordcount>
    <wordcount weight="2" > marszalek </wordcount>
    <wordcount weight="2" > procaryotic </wordcount>
    <wordcount weight="2" > absence </wordcount>
    <wordcount weight="2" > various </wordcount>
    <wordcount weight="2" > palm </wordcount>
    <wordcount weight="2" > taxonomist </wordcount>
    <wordcount weight="2" > indeed </wordcount>
    <wordcount weight="2" > overall </wordcount>
    <wordcount weight="2" > tropical </wordcount>
    <wordcount weight="2" > zoological </wordcount>
    <wordcount weight="2" > spectacular </wordcount>
    <wordcount weight="2" > uppsala </wordcount>
    <wordcount weight="2" > pacific </wordcount>
    <wordcount weight="2" > makes </wordcount>
    <wordcount weight="2" > read </wordcount>
    <wordcount weight="2" > ehrendorffer </wordcount>
    <wordcount weight="2" > galerina </wordcount>
    <wordcount weight="2" > perspectives </wordcount>
    <wordcount weight="2" > light </wordcount>
    <wordcount weight="2" > experimental </wordcount>
    <wordcount weight="2" > dna </wordcount>
    <wordcount weight="2" > synonymy </wordcount>
    <wordcount weight="2" > until </wordcount>
    <wordcount weight="2" > already </wordcount>
    <wordcount weight="2" > independent </wordcount>
    <wordcount weight="2" > succesful </wordcount>
    <wordcount weight="2" > power </wordcount>
    <wordcount weight="2" > overwhelming </wordcount>
    <wordcount weight="2" > longer </wordcount>
    <wordcount weight="2" > treatment </wordcount>
    <wordcount weight="2" > fundamental </wordcount>
    <wordcount weight="2" > sylvester </wordcount>
    <wordcount weight="2" > occurrence </wordcount>
    <wordcount weight="2" > associates </wordcount>
    <wordcount weight="2" > end </wordcount>
    <wordcount weight="2" > reproductive </wordcount>
    <wordcount weight="2" > where </wordcount>
    <wordcount weight="2" > road </wordcount>
    <wordcount weight="2" > relevant </wordcount>
    <wordcount weight="2" > answer </wordcount>
    <wordcount weight="2" > spoke </wordcount>
    <wordcount weight="2" > jacobs </wordcount>
    <wordcount weight="2" > remained </wordcount>
    <wordcount weight="2" > another </wordcount>
    <wordcount weight="2" > meetings </wordcount>
    <wordcount weight="2" > encounter </wordcount>
    <wordcount weight="2" > biometrical </wordcount>
    <wordcount weight="2" > treated </wordcount>
    <wordcount weight="2" > vegetabile </wordcount>
    <wordcount weight="2" > delicate </wordcount>
    <wordcount weight="2" > birds </wordcount>
    <wordcount weight="2" > wagenitz </wordcount>
    <wordcount weight="2" > additions </wordcount>
    <wordcount weight="2" > trend </wordcount>
    <wordcount weight="2" > fruits </wordcount>
    <wordcount weight="2" > biogenetic </wordcount>
    <wordcount weight="2" > previous </wordcount>
    <wordcount weight="2" > fallacy </wordcount>
    <wordcount weight="2" > express </wordcount>
    <wordcount weight="2" > deals </wordcount>
    <wordcount weight="2" > nolan </wordcount>
    <wordcount weight="2" > after </wordcount>
    <wordcount weight="2" > amino </wordcount>
    <wordcount weight="2" > facing </wordcount>
    <wordcount weight="2" > percent </wordcount>
    <wordcount weight="2" > haven </wordcount>
    <wordcount weight="2" > relative </wordcount>
    <wordcount weight="2" > saturation </wordcount>
    <wordcount weight="2" > relationship </wordcount>
    <wordcount weight="2" > chances </wordcount>
    <wordcount weight="2" > publishing </wordcount>
    <wordcount weight="2" > africa </wordcount>
    <wordcount weight="2" > provide </wordcount>
    <wordcount weight="2" > strongly </wordcount>
    <wordcount weight="2" > yale </wordcount>
    <wordcount weight="2" > recognize </wordcount>
    <wordcount weight="2" > diagnosis </wordcount>
    <wordcount weight="2" > united </wordcount>
    <wordcount weight="2" > surprising </wordcount>
    <wordcount weight="2" > widest </wordcount>
    <wordcount weight="2" > interacts </wordcount>
    <wordcount weight="2" > detail </wordcount>
    <wordcount weight="2" > differentiated </wordcount>
    <wordcount weight="2" > culberson </wordcount>
    <wordcount weight="2" > thinking </wordcount>
    <wordcount weight="2" > judgments </wordcount>
    <wordcount weight="2" > conclusion </wordcount>
    <wordcount weight="2" > complexity </wordcount>
    <wordcount weight="2" > simply </wordcount>
    <wordcount weight="2" > satisfactory </wordcount>
    <wordcount weight="2" > each </wordcount>
    <wordcount weight="2" > connection </wordcount>
    <wordcount weight="2" > best </wordcount>
    <wordcount weight="2" > half </wordcount>
    <wordcount weight="2" > current </wordcount>
    <wordcount weight="2" > particularly </wordcount>
    <wordcount weight="2" > paleontology </wordcount>
    <wordcount weight="2" > lichen </wordcount>
    <wordcount weight="2" > aspecten </wordcount>
    <wordcount weight="2" > historical </wordcount>
    <wordcount weight="2" > cobben </wordcount>
    <wordcount weight="2" > terms </wordcount>
    <wordcount weight="2" > pijl </wordcount>
    <wordcount weight="2" > institute </wordcount>
    <wordcount weight="2" > listed </wordcount>
    <wordcount weight="2" > hundreds </wordcount>
    <wordcount weight="2" > abundantly </wordcount>
    <wordcount weight="2" > apparatus </wordcount>
    <wordcount weight="2" > sea </wordcount>
    <wordcount weight="2" > disciplines </wordcount>
    <wordcount weight="2" > step </wordcount>
    <wordcount weight="2" > everywhere </wordcount>
    <wordcount weight="2" > confronted </wordcount>
    <wordcount weight="2" > families </wordcount>
    <wordcount weight="2" > phenomenon </wordcount>
    <wordcount weight="2" > mention </wordcount>
    <wordcount weight="2" > metabolic </wordcount>
    <wordcount weight="2" > aims </wordcount>
    <wordcount weight="2" > remarks </wordcount>
    <wordcount weight="2" > homologous </wordcount>
    <wordcount weight="2" > electronic </wordcount>
    <wordcount weight="2" > algae </wordcount>
    <wordcount weight="2" > national </wordcount>
    <wordcount weight="2" > discovery </wordcount>
    <wordcount weight="2" > mode </wordcount>
    <wordcount weight="2" > crisis </wordcount>
    <wordcount weight="2" > biochemistry </wordcount>
    <wordcount weight="2" > unending </wordcount>
    <wordcount weight="2" > shed </wordcount>
    <wordcount weight="2" > offer </wordcount>
    <wordcount weight="2" > isolating </wordcount>
    <wordcount weight="2" > eggs </wordcount>
    <wordcount weight="2" > states </wordcount>
    <wordcount weight="2" > integration </wordcount>
    <wordcount weight="2" > anatomical </wordcount>
    <wordcount weight="2" > you </wordcount>
    <wordcount weight="2" > increased </wordcount>
    <wordcount weight="2" > summary </wordcount>
    <wordcount weight="2" > johnson </wordcount>
    <wordcount weight="2" > early </wordcount>
    <wordcount weight="2" > element </wordcount>
    <wordcount weight="2" > strong </wordcount>
    <wordcount weight="2" > comparable </wordcount>
    <wordcount weight="2" > famous </wordcount>
    <wordcount weight="2" > operational </wordcount>
    <wordcount weight="2" > signals </wordcount>
    <wordcount weight="2" > increase </wordcount>
    <wordcount weight="1" > unorthodoxy </wordcount>
    <wordcount weight="1" > intricate </wordcount>
    <wordcount weight="1" > does </wordcount>
    <wordcount weight="1" > dictating </wordcount>
    <wordcount weight="1" > produces </wordcount>
    <wordcount weight="1" > phenotypic </wordcount>
    <wordcount weight="1" > done </wordcount>
    <wordcount weight="1" > orthoptera </wordcount>
    <wordcount weight="1" > magnoliales </wordcount>
    <wordcount weight="1" > oriented </wordcount>
    <wordcount weight="1" > evaluations </wordcount>
    <wordcount weight="1" > compile </wordcount>
    <wordcount weight="1" > insect </wordcount>
    <wordcount weight="1" > animale </wordcount>
    <wordcount weight="1" > iowa </wordcount>
    <wordcount weight="1" > widening </wordcount>
    <wordcount weight="1" > cells </wordcount>
    <wordcount weight="1" > coast </wordcount>
    <wordcount weight="1" > heslop </wordcount>
    <wordcount weight="1" > bile </wordcount>
    <wordcount weight="1" > red </wordcount>
    <wordcount weight="1" > totally </wordcount>
    <wordcount weight="1" > foreboded </wordcount>
    <wordcount weight="1" > stands </wordcount>
    <wordcount weight="1" > berlin </wordcount>
    <wordcount weight="1" > rattites </wordcount>
    <wordcount weight="1" > forcing </wordcount>
    <wordcount weight="1" > informational </wordcount>
    <wordcount weight="1" > becoming </wordcount>
    <wordcount weight="1" > needed </wordcount>
    <wordcount weight="1" > linsinger </wordcount>
    <wordcount weight="1" > fluorescent </wordcount>
    <wordcount weight="1" > replaced </wordcount>
    <wordcount weight="1" > fate </wordcount>
    <wordcount weight="1" > hull </wordcount>
    <wordcount weight="1" > word </wordcount>
    <wordcount weight="1" > diversification </wordcount>
    <wordcount weight="1" > inbreeders </wordcount>
    <wordcount weight="1" > likely </wordcount>
    <wordcount weight="1" > wiebes </wordcount>
    <wordcount weight="1" > interfaces </wordcount>
    <wordcount weight="1" > sets </wordcount>
    <wordcount weight="1" > anthraquinones </wordcount>
    <wordcount weight="1" > walker </wordcount>
    <wordcount weight="1" > sudden </wordcount>
    <wordcount weight="1" > easily </wordcount>
    <wordcount weight="1" > compilation </wordcount>
    <wordcount weight="1" > microbiology </wordcount>
    <wordcount weight="1" > notwithstanding </wordcount>
    <wordcount weight="1" > considerations </wordcount>
    <wordcount weight="1" > decade </wordcount>
    <wordcount weight="1" > reasonably </wordcount>
    <wordcount weight="1" > reductions </wordcount>
    <wordcount weight="1" > allopolyploidy </wordcount>
    <wordcount weight="1" > title </wordcount>
    <wordcount weight="1" > occurred </wordcount>
    <wordcount weight="1" > legion </wordcount>
    <wordcount weight="1" > moving </wordcount>
    <wordcount weight="1" > assume </wordcount>
    <wordcount weight="1" > eye </wordcount>
    <wordcount weight="1" > distinctness </wordcount>
    <wordcount weight="1" > corresponding </wordcount>
    <wordcount weight="1" > parasitizing </wordcount>
    <wordcount weight="1" > properties </wordcount>
    <wordcount weight="1" > polyploidy </wordcount>
    <wordcount weight="1" > leads </wordcount>
    <wordcount weight="1" > test </wordcount>
    <wordcount weight="1" > indexes </wordcount>
    <wordcount weight="1" > round </wordcount>
    <wordcount weight="1" > anything </wordcount>
    <wordcount weight="1" > coding </wordcount>
    <wordcount weight="1" > inaccessibility </wordcount>
    <wordcount weight="1" > sources </wordcount>
    <wordcount weight="1" > hence </wordcount>
    <wordcount weight="1" > revisited </wordcount>
    <wordcount weight="1" > beautifully </wordcount>
    <wordcount weight="1" > certainly </wordcount>
    <wordcount weight="1" > distinguishing </wordcount>
    <wordcount weight="1" > tasten </wordcount>
    <wordcount weight="1" > macromorphology </wordcount>
    <wordcount weight="1" > threshhold </wordcount>
    <wordcount weight="1" > originally </wordcount>
    <wordcount weight="1" > taken </wordcount>
    <wordcount weight="1" > feeling </wordcount>
    <wordcount weight="1" > address </wordcount>
    <wordcount weight="1" > elusive </wordcount>
    <wordcount weight="1" > expectation </wordcount>
    <wordcount weight="1" > worked </wordcount>
    <wordcount weight="1" > beautiful </wordcount>
    <wordcount weight="1" > ourselves </wordcount>
    <wordcount weight="1" > freely </wordcount>
    <wordcount weight="1" > electrophoresis </wordcount>
    <wordcount weight="1" > nature </wordcount>
    <wordcount weight="1" > transmission </wordcount>
    <wordcount weight="1" > words </wordcount>
    <wordcount weight="1" > definition </wordcount>
    <wordcount weight="1" > unlike </wordcount>
    <wordcount weight="1" > possibilities </wordcount>
    <wordcount weight="1" > europe </wordcount>
    <wordcount weight="1" > assembling </wordcount>
    <wordcount weight="1" > secondary </wordcount>
    <wordcount weight="1" > belong </wordcount>
    <wordcount weight="1" > succeeds </wordcount>
    <wordcount weight="1" > liverpool </wordcount>
    <wordcount weight="1" > admittedly </wordcount>
    <wordcount weight="1" > studied </wordcount>
    <wordcount weight="1" > farther </wordcount>
    <wordcount weight="1" > composition </wordcount>
    <wordcount weight="1" > products </wordcount>
    <wordcount weight="1" > tijdschrift </wordcount>
    <wordcount weight="1" > feature </wordcount>
    <wordcount weight="1" > integrate </wordcount>
    <wordcount weight="1" > biologists </wordcount>
    <wordcount weight="1" > state </wordcount>
    <wordcount weight="1" > zu </wordcount>
    <wordcount weight="1" > naturforschender </wordcount>
    <wordcount weight="1" > protists </wordcount>
    <wordcount weight="1" > concepts </wordcount>
    <wordcount weight="1" > taxonomie </wordcount>
    <wordcount weight="1" > phytochemistry </wordcount>
    <wordcount weight="1" > complicated </wordcount>
    <wordcount weight="1" > hallucinogenic </wordcount>
    <wordcount weight="1" > akin </wordcount>
    <wordcount weight="1" > departures </wordcount>
    <wordcount weight="1" > subdisciplines </wordcount>
    <wordcount weight="1" > photosynthetic </wordcount>
    <wordcount weight="1" > crystal </wordcount>
    <wordcount weight="1" > undeceiving </wordcount>
    <wordcount weight="1" > resemblances </wordcount>
    <wordcount weight="1" > anniversary </wordcount>
    <wordcount weight="1" > sophisticated </wordcount>
    <wordcount weight="1" > resembles </wordcount>
    <wordcount weight="1" > geochemical </wordcount>
    <wordcount weight="1" > key </wordcount>
    <wordcount weight="1" > metaphyta </wordcount>
    <wordcount weight="1" > mass </wordcount>
    <wordcount weight="1" > mutation </wordcount>
    <wordcount weight="1" > sexual </wordcount>
    <wordcount weight="1" > draw </wordcount>
    <wordcount weight="1" > discuss </wordcount>
    <wordcount weight="1" > acad </wordcount>
    <wordcount weight="1" > march </wordcount>
    <wordcount weight="1" > intriguing </wordcount>
    <wordcount weight="1" > katydids </wordcount>
    <wordcount weight="1" > zur </wordcount>
    <wordcount weight="1" > account </wordcount>
    <wordcount weight="1" > quantities </wordcount>
    <wordcount weight="1" > replacement </wordcount>
    <wordcount weight="1" > finegrained </wordcount>
    <wordcount weight="1" > determined </wordcount>
    <wordcount weight="1" > machinery </wordcount>
    <wordcount weight="1" > betrachtungen </wordcount>
    <wordcount weight="1" > tracing </wordcount>
    <wordcount weight="1" > characterize </wordcount>
    <wordcount weight="1" > apostolic </wordcount>
    <wordcount weight="1" > crustaceae </wordcount>
    <wordcount weight="1" > insight </wordcount>
    <wordcount weight="1" > naturalist </wordcount>
    <wordcount weight="1" > community </wordcount>
    <wordcount weight="1" > apart </wordcount>
    <wordcount weight="1" > eucaryotic </wordcount>
    <wordcount weight="1" > teething </wordcount>
    <wordcount weight="1" > establishment </wordcount>
    <wordcount weight="1" > indicating </wordcount>
    <wordcount weight="1" > classifications </wordcount>
    <wordcount weight="1" > dynamic </wordcount>
    <wordcount weight="1" > genetic </wordcount>
    <wordcount weight="1" > himself </wordcount>
    <wordcount weight="1" > fixation </wordcount>
    <wordcount weight="1" > analyse </wordcount>
    <wordcount weight="1" > karyotypic </wordcount>
    <wordcount weight="1" > signal </wordcount>
    <wordcount weight="1" > volumie </wordcount>
    <wordcount weight="1" > avenues </wordcount>
    <wordcount weight="1" > repeatedly </wordcount>
    <wordcount weight="1" > lewontin </wordcount>
    <wordcount weight="1" > linnaeus </wordcount>
    <wordcount weight="1" > eresos </wordcount>
    <wordcount weight="1" > goal </wordcount>
    <wordcount weight="1" > iron </wordcount>
    <wordcount weight="1" > manysidedness </wordcount>
    <wordcount weight="1" > relationships </wordcount>
    <wordcount weight="1" > montreal </wordcount>
    <wordcount weight="1" > centrum </wordcount>
    <wordcount weight="1" > incompleteness </wordcount>
    <wordcount weight="1" > utopian </wordcount>
    <wordcount weight="1" > volvme </wordcount>
    <wordcount weight="1" > inevitable </wordcount>
    <wordcount weight="1" > pilot </wordcount>
    <wordcount weight="1" > conversion </wordcount>
    <wordcount weight="1" > illustrates </wordcount>
    <wordcount weight="1" > realized </wordcount>
    <wordcount weight="1" > furthering </wordcount>
    <wordcount weight="1" > foliose </wordcount>
    <wordcount weight="1" > regarded </wordcount>
    <wordcount weight="1" > dayhoff </wordcount>
    <wordcount weight="1" > belknap </wordcount>
    <wordcount weight="1" > raises </wordcount>
    <wordcount weight="1" > jr </wordcount>
    <wordcount weight="1" > fischer </wordcount>
    <wordcount weight="1" > century </wordcount>
    <wordcount weight="1" > overly </wordcount>
    <wordcount weight="1" > expected </wordcount>
    <wordcount weight="1" > faegri </wordcount>
    <wordcount weight="1" > farewell </wordcount>
    <wordcount weight="1" > substitutions </wordcount>
    <wordcount weight="1" > metabolically </wordcount>
    <wordcount weight="1" > galil </wordcount>
    <wordcount weight="1" > big </wordcount>
    <wordcount weight="1" > turn </wordcount>
    <wordcount weight="1" > rank </wordcount>
    <wordcount weight="1" > cases </wordcount>
    <wordcount weight="1" > amended </wordcount>
    <wordcount weight="1" > acoustical </wordcount>
    <wordcount weight="1" > balls </wordcount>
    <wordcount weight="1" > concerning </wordcount>
    <wordcount weight="1" > rollins </wordcount>
    <wordcount weight="1" > profound </wordcount>
    <wordcount weight="1" > back </wordcount>
    <wordcount weight="1" > fig </wordcount>
    <wordcount weight="1" > speed </wordcount>
    <wordcount weight="1" > serving </wordcount>
    <wordcount weight="1" > holds </wordcount>
    <wordcount weight="1" > difficulty </wordcount>
    <wordcount weight="1" > young </wordcount>
    <wordcount weight="1" > suitable </wordcount>
    <wordcount weight="1" > cytology </wordcount>
    <wordcount weight="1" > third </wordcount>
    <wordcount weight="1" > truly </wordcount>
    <wordcount weight="1" > weight </wordcount>
    <wordcount weight="1" > drawn </wordcount>
    <wordcount weight="1" > preserving </wordcount>
    <wordcount weight="1" > ecosystems </wordcount>
    <wordcount weight="1" > details </wordcount>
    <wordcount weight="1" > dwindling </wordcount>
    <wordcount weight="1" > propositions </wordcount>
    <wordcount weight="1" > deeply </wordcount>
    <wordcount weight="1" > adult </wordcount>
    <wordcount weight="1" > master </wordcount>
    <wordcount weight="1" > intuition </wordcount>
    <wordcount weight="1" > microchemistry </wordcount>
    <wordcount weight="1" > grasp </wordcount>
    <wordcount weight="1" > mechanism </wordcount>
    <wordcount weight="1" > microbiological </wordcount>
    <wordcount weight="1" > regna </wordcount>
    <wordcount weight="1" > steps </wordcount>
    <wordcount weight="1" > opposed </wordcount>
    <wordcount weight="1" > vegetable </wordcount>
    <wordcount weight="1" > cybernetics </wordcount>
    <wordcount weight="1" > mainstreams </wordcount>
    <wordcount weight="1" > added </wordcount>
    <wordcount weight="1" > lotus </wordcount>
    <wordcount weight="1" > reflects </wordcount>
    <wordcount weight="1" > russian </wordcount>
    <wordcount weight="1" > extensively </wordcount>
    <wordcount weight="1" > underway </wordcount>
    <wordcount weight="1" > bring </wordcount>
    <wordcount weight="1" > arising </wordcount>
    <wordcount weight="1" > nonsense </wordcount>
    <wordcount weight="1" > breadth </wordcount>
    <wordcount weight="1" > basic </wordcount>
    <wordcount weight="1" > oversee </wordcount>
    <wordcount weight="1" > sorely </wordcount>
    <wordcount weight="1" > levels </wordcount>
    <wordcount weight="1" > process </wordcount>
    <wordcount weight="1" > spermatophyta </wordcount>
    <wordcount weight="1" > subdivision </wordcount>
    <wordcount weight="1" > completely </wordcount>
    <wordcount weight="1" > represented </wordcount>
    <wordcount weight="1" > opportunity </wordcount>
    <wordcount weight="1" > earlier </wordcount>
    <wordcount weight="1" > suited </wordcount>
    <wordcount weight="1" > assuming </wordcount>
    <wordcount weight="1" > pages </wordcount>
    <wordcount weight="1" > possess </wordcount>
    <wordcount weight="1" > leaves </wordcount>
    <wordcount weight="1" > tree </wordcount>
    <wordcount weight="1" > danger </wordcount>
    <wordcount weight="1" > umbelliferae </wordcount>
    <wordcount weight="1" > discoveries </wordcount>
    <wordcount weight="1" > cytotaxonomist </wordcount>
    <wordcount weight="1" > nuances </wordcount>
    <wordcount weight="1" > provides </wordcount>
    <wordcount weight="1" > figures </wordcount>
    <wordcount weight="1" > shell </wordcount>
    <wordcount weight="1" > support </wordcount>
    <wordcount weight="1" > terminals </wordcount>
    <wordcount weight="1" > accounts </wordcount>
    <wordcount weight="1" > verwantschap </wordcount>
    <wordcount weight="1" > solutions </wordcount>
    <wordcount weight="1" > escape </wordcount>
    <wordcount weight="1" > discernible </wordcount>
    <wordcount weight="1" > nor </wordcount>
    <wordcount weight="1" > praktijk </wordcount>
    <wordcount weight="1" > annihilate </wordcount>
    <wordcount weight="1" > zentralblatt </wordcount>
    <wordcount weight="1" > experimentally </wordcount>
    <wordcount weight="1" > underdeveloped </wordcount>
    <wordcount weight="1" > arsskrift </wordcount>
    <wordcount weight="1" > triumphant </wordcount>
    <wordcount weight="1" > organization </wordcount>
    <wordcount weight="1" > established </wordcount>
    <wordcount weight="1" > paleopolyploids </wordcount>
    <wordcount weight="1" > spreading </wordcount>
    <wordcount weight="1" > specialization </wordcount>
    <wordcount weight="1" > debunking </wordcount>
    <wordcount weight="1" > grains </wordcount>
    <wordcount weight="1" > fishes </wordcount>
    <wordcount weight="1" > internationale </wordcount>
    <wordcount weight="1" > linked </wordcount>
    <wordcount weight="1" > days </wordcount>
    <wordcount weight="1" > invariably </wordcount>
    <wordcount weight="1" > artenzahlen </wordcount>
    <wordcount weight="1" > animalia </wordcount>
    <wordcount weight="1" > nowadays </wordcount>
    <wordcount weight="1" > accumulating </wordcount>
    <wordcount weight="1" > extrapolation </wordcount>
    <wordcount weight="1" > solid </wordcount>
    <wordcount weight="1" > show </wordcount>
    <wordcount weight="1" > heading </wordcount>
    <wordcount weight="1" > store </wordcount>
    <wordcount weight="1" > origins </wordcount>
    <wordcount weight="1" > plantensystematiek </wordcount>
    <wordcount weight="1" > enzyme </wordcount>
    <wordcount weight="1" > beyond </wordcount>
    <wordcount weight="1" > followed </wordcount>
    <wordcount weight="1" > comprising </wordcount>
    <wordcount weight="1" > putting </wordcount>
    <wordcount weight="1" > evolves </wordcount>
    <wordcount weight="1" > requires </wordcount>
    <wordcount weight="1" > ferns </wordcount>
    <wordcount weight="1" > potentialities </wordcount>
    <wordcount weight="1" > terminology </wordcount>
    <wordcount weight="1" > speciesdistinctive </wordcount>
    <wordcount weight="1" > imminent </wordcount>
    <wordcount weight="1" > projected </wordcount>
    <wordcount weight="1" > faced </wordcount>
    <wordcount weight="1" > providing </wordcount>
    <wordcount weight="1" > protozoology </wordcount>
    <wordcount weight="1" > advocated </wordcount>
    <wordcount weight="1" > view </wordcount>
    <wordcount weight="1" > appear </wordcount>
    <wordcount weight="1" > myths </wordcount>
    <wordcount weight="1" > amazing </wordcount>
    <wordcount weight="1" > dc </wordcount>
    <wordcount weight="1" > union </wordcount>
    <wordcount weight="1" > uses </wordcount>
    <wordcount weight="1" > closely </wordcount>
    <wordcount weight="1" > reprinted </wordcount>
    <wordcount weight="1" > lead </wordcount>
    <wordcount weight="1" > contruction </wordcount>
    <wordcount weight="1" > allow </wordcount>
    <wordcount weight="1" > gesellschaft </wordcount>
    <wordcount weight="1" > diverse </wordcount>
    <wordcount weight="1" > uncovering </wordcount>
    <wordcount weight="1" > heim </wordcount>
    <wordcount weight="1" > search </wordcount>
    <wordcount weight="1" > access </wordcount>
    <wordcount weight="1" > combinations </wordcount>
    <wordcount weight="1" > molecules </wordcount>
    <wordcount weight="1" > behavioral </wordcount>
    <wordcount weight="1" > seven </wordcount>
    <wordcount weight="1" > conspicuous </wordcount>
    <wordcount weight="1" > out </wordcount>
    <wordcount weight="1" > users </wordcount>
    <wordcount weight="1" > deal </wordcount>
    <wordcount weight="1" > operationism </wordcount>
    <wordcount weight="1" > approximation </wordcount>
    <wordcount weight="1" > philosophical </wordcount>
    <wordcount weight="1" > influx </wordcount>
    <wordcount weight="1" > representative </wordcount>
    <wordcount weight="1" > evaluate </wordcount>
    <wordcount weight="1" > theophrastos </wordcount>
    <wordcount weight="1" > oder </wordcount>
    <wordcount weight="1" > shall </wordcount>
    <wordcount weight="1" > exactly </wordcount>
    <wordcount weight="1" > phylum </wordcount>
    <wordcount weight="1" > freunde </wordcount>
    <wordcount weight="1" > wales </wordcount>
    <wordcount weight="1" > let </wordcount>
    <wordcount weight="1" > populatiebiologie </wordcount>
    <wordcount weight="1" > photography </wordcount>
    <wordcount weight="1" > indirect </wordcount>
    <wordcount weight="1" > treat </wordcount>
    <wordcount weight="1" > moore </wordcount>
    <wordcount weight="1" > promise </wordcount>
    <wordcount weight="1" > analogous </wordcount>
    <wordcount weight="1" > scale </wordcount>
    <wordcount weight="1" > grounds </wordcount>
    <wordcount weight="1" > however </wordcount>
    <wordcount weight="1" > remane </wordcount>
    <wordcount weight="1" > confirmation </wordcount>
    <wordcount weight="1" > instrumental </wordcount>
    <wordcount weight="1" > fox </wordcount>
    <wordcount weight="1" > virus </wordcount>
    <wordcount weight="1" > symbolically </wordcount>
    <wordcount weight="1" > sci </wordcount>
    <wordcount weight="1" > periodical </wordcount>
    <wordcount weight="1" > influenced </wordcount>
    <wordcount weight="1" > impression </wordcount>
    <wordcount weight="1" > criteria </wordcount>
    <wordcount weight="1" > technical </wordcount>
    <wordcount weight="1" > distinguishes </wordcount>
    <wordcount weight="1" > biologiques </wordcount>
    <wordcount weight="1" > shape </wordcount>
    <wordcount weight="1" > representatives </wordcount>
    <wordcount weight="1" > sounded </wordcount>
    <wordcount weight="1" > none </wordcount>
    <wordcount weight="1" > chromosomale </wordcount>
    <wordcount weight="1" > participation </wordcount>
    <wordcount weight="1" > botanically </wordcount>
    <wordcount weight="1" > competent </wordcount>
    <wordcount weight="1" > candollea </wordcount>
    <wordcount weight="1" > permitted </wordcount>
    <wordcount weight="1" > scope </wordcount>
    <wordcount weight="1" > nucleus </wordcount>
    <wordcount weight="1" > received </wordcount>
    <wordcount weight="1" > abstracts </wordcount>
    <wordcount weight="1" > schuster </wordcount>
    <wordcount weight="1" > tool </wordcount>
    <wordcount weight="1" > carry </wordcount>
    <wordcount weight="1" > concept </wordcount>
    <wordcount weight="1" > heavily </wordcount>
    <wordcount weight="1" > user </wordcount>
    <wordcount weight="1" > biochemists </wordcount>
    <wordcount weight="1" > apparent </wordcount>
    <wordcount weight="1" > calls </wordcount>
    <wordcount weight="1" > clearer </wordcount>
    <wordcount weight="1" > journals </wordcount>
    <wordcount weight="1" > description </wordcount>
    <wordcount weight="1" > ecologist </wordcount>
    <wordcount weight="1" > minute </wordcount>
    <wordcount weight="1" > older </wordcount>
    <wordcount weight="1" > palynology </wordcount>
    <wordcount weight="1" > bauhinia </wordcount>
    <wordcount weight="1" > during </wordcount>
    <wordcount weight="1" > relevance </wordcount>
    <wordcount weight="1" > predicts </wordcount>
    <wordcount weight="1" > call </wordcount>
    <wordcount weight="1" > morphotypes </wordcount>
    <wordcount weight="1" > personal </wordcount>
    <wordcount weight="1" > elegant </wordcount>
    <wordcount weight="1" > siidligiis </wordcount>
    <wordcount weight="1" > believes </wordcount>
    <wordcount weight="1" > hydrospheric </wordcount>
    <wordcount weight="1" > caryology </wordcount>
    <wordcount weight="1" > project </wordcount>
    <wordcount weight="1" > status </wordcount>
    <wordcount weight="1" > predictive </wordcount>
    <wordcount weight="1" > trends </wordcount>
    <wordcount weight="1" > cyanophyta </wordcount>
    <wordcount weight="1" > spore </wordcount>
    <wordcount weight="1" > regions </wordcount>
    <wordcount weight="1" > numerically </wordcount>
    <wordcount weight="1" > detailed </wordcount>
    <wordcount weight="1" > dominating </wordcount>
    <wordcount weight="1" > solution </wordcount>
    <wordcount weight="1" > viable </wordcount>
    <wordcount weight="1" > caused </wordcount>
    <wordcount weight="1" > cicadas </wordcount>
    <wordcount weight="1" > holger </wordcount>
    <wordcount weight="1" > below </wordcount>
    <wordcount weight="1" > questionable </wordcount>
    <wordcount weight="1" > applicability </wordcount>
    <wordcount weight="1" > le </wordcount>
    <wordcount weight="1" > cope </wordcount>
    <wordcount weight="1" > mediterranean </wordcount>
    <wordcount weight="1" > zoologische </wordcount>
    <wordcount weight="1" > grana </wordcount>
    <wordcount weight="1" > zoologists </wordcount>
    <wordcount weight="1" > reaches </wordcount>
    <wordcount weight="1" > quite </wordcount>
    <wordcount weight="1" > unorthodox </wordcount>
    <wordcount weight="1" > arbitrary </wordcount>
    <wordcount weight="1" > fast </wordcount>
    <wordcount weight="1" > troubles </wordcount>
    <wordcount weight="1" > calling </wordcount>
    <wordcount weight="1" > dried </wordcount>
    <wordcount weight="1" > modernizing </wordcount>
    <wordcount weight="1" > sufficient </wordcount>
    <wordcount weight="1" > separately </wordcount>
    <wordcount weight="1" > eleven </wordcount>
    <wordcount weight="1" > pyrite </wordcount>
    <wordcount weight="1" > protistae </wordcount>
    <wordcount weight="1" > australian </wordcount>
    <wordcount weight="1" > decennium </wordcount>
    <wordcount weight="1" > ancestors </wordcount>
    <wordcount weight="1" > diversified </wordcount>
    <wordcount weight="1" > fully </wordcount>
    <wordcount weight="1" > annual </wordcount>
    <wordcount weight="1" > majority </wordcount>
    <wordcount weight="1" > topoand </wordcount>
    <wordcount weight="1" > macromolecules </wordcount>
    <wordcount weight="1" > reflected </wordcount>
    <wordcount weight="1" > abstracted </wordcount>
    <wordcount weight="1" > appropriate </wordcount>
    <wordcount weight="1" > value </wordcount>
    <wordcount weight="1" > gross </wordcount>
    <wordcount weight="1" > preliminary </wordcount>
    <wordcount weight="1" > hybrids </wordcount>
    <wordcount weight="1" > valuable </wordcount>
    <wordcount weight="1" > heard </wordcount>
    <wordcount weight="1" > prantl </wordcount>
    <wordcount weight="1" > lend </wordcount>
    <wordcount weight="1" > periods </wordcount>
    <wordcount weight="1" > replacing </wordcount>
    <wordcount weight="1" > pleads </wordcount>
    <wordcount weight="1" > gustav </wordcount>
    <wordcount weight="1" > greuter </wordcount>
    <wordcount weight="1" > led </wordcount>
    <wordcount weight="1" > symbioses </wordcount>
    <wordcount weight="1" > octcober </wordcount>
    <wordcount weight="1" > reduced </wordcount>
    <wordcount weight="1" > implications </wordcount>
    <wordcount weight="1" > insects </wordcount>
    <wordcount weight="1" > matter </wordcount>
    <wordcount weight="1" > variety </wordcount>
    <wordcount weight="1" > architecture </wordcount>
    <wordcount weight="1" > scientific </wordcount>
    <wordcount weight="1" > martian </wordcount>
    <wordcount weight="1" > separation </wordcount>
    <wordcount weight="1" > divergence </wordcount>
    <wordcount weight="1" > short </wordcount>
    <wordcount weight="1" > spectrophotometers </wordcount>
    <wordcount weight="1" > expansion </wordcount>
    <wordcount weight="1" > play </wordcount>
    <wordcount weight="1" > schemes </wordcount>
    <wordcount weight="1" > cloud </wordcount>
    <wordcount weight="1" > computing </wordcount>
    <wordcount weight="1" > brief </wordcount>
    <wordcount weight="1" > forward </wordcount>
    <wordcount weight="1" > ethologische </wordcount>
    <wordcount weight="1" > brings </wordcount>
    <wordcount weight="1" > returning </wordcount>
    <wordcount weight="1" > visionary </wordcount>
    <wordcount weight="1" > academy </wordcount>
    <wordcount weight="1" > april </wordcount>
    <wordcount weight="1" > exclusiveness </wordcount>
    <wordcount weight="1" > attempt </wordcount>
    <wordcount weight="1" > whatever </wordcount>
    <wordcount weight="1" > judgment </wordcount>
    <wordcount weight="1" > realizing </wordcount>
    <wordcount weight="1" > presently </wordcount>
    <wordcount weight="1" > surviving </wordcount>
    <wordcount weight="1" > indicates </wordcount>
    <wordcount weight="1" > study </wordcount>
    <wordcount weight="1" > registered </wordcount>
    <wordcount weight="1" > turks </wordcount>
    <wordcount weight="1" > spot </wordcount>
    <wordcount weight="1" > protozoa </wordcount>
    <wordcount weight="1" > seemingly </wordcount>
    <wordcount weight="1" > abrupt </wordcount>
    <wordcount weight="1" > regne </wordcount>
    <wordcount weight="1" > tends </wordcount>
    <wordcount weight="1" > direction </wordcount>
    <wordcount weight="1" > profoundly </wordcount>
    <wordcount weight="1" > illuminating </wordcount>
    <wordcount weight="1" > hafner </wordcount>
    <wordcount weight="1" > agaonidae </wordcount>
    <wordcount weight="1" > biologisches </wordcount>
    <wordcount weight="1" > once </wordcount>
    <wordcount weight="1" > contributing </wordcount>
    <wordcount weight="1" > angiosperm </wordcount>
    <wordcount weight="1" > oxford </wordcount>
    <wordcount weight="1" > yet </wordcount>
    <wordcount weight="1" > interpretation </wordcount>
    <wordcount weight="1" > museum </wordcount>
    <wordcount weight="1" > examined </wordcount>
    <wordcount weight="1" > coverage </wordcount>
    <wordcount weight="1" > requiring </wordcount>
    <wordcount weight="1" > projects </wordcount>
    <wordcount weight="1" > thought </wordcount>
    <wordcount weight="1" > lsve </wordcount>
    <wordcount weight="1" > array </wordcount>
    <wordcount weight="1" > east </wordcount>
    <wordcount weight="1" > entomologie </wordcount>
    <wordcount weight="1" > restricted </wordcount>
    <wordcount weight="1" > paleontological </wordcount>
    <wordcount weight="1" > neither </wordcount>
    <wordcount weight="1" > differentiate </wordcount>
    <wordcount weight="1" > ancient </wordcount>
    <wordcount weight="1" > assimilation </wordcount>
    <wordcount weight="1" > included </wordcount>
    <wordcount weight="1" > odonates </wordcount>
    <wordcount weight="1" > micromorphology </wordcount>
    <wordcount weight="1" > platismatia </wordcount>
    <wordcount weight="1" > orders </wordcount>
    <wordcount weight="1" > xanthones </wordcount>
    <wordcount weight="1" > rightly </wordcount>
    <wordcount weight="1" > landbouwpublicaties </wordcount>
    <wordcount weight="1" > voorbeeld </wordcount>
    <wordcount weight="1" > refine </wordcount>
    <wordcount weight="1" > iiber </wordcount>
    <wordcount weight="1" > indian </wordcount>
    <wordcount weight="1" > insights </wordcount>
    <wordcount weight="1" > illustrated </wordcount>
    <wordcount weight="1" > overpowering </wordcount>
    <wordcount weight="1" > phoenix </wordcount>
    <wordcount weight="1" > karyotype </wordcount>
    <wordcount weight="1" > fix </wordcount>
    <wordcount weight="1" > kenmerken </wordcount>
    <wordcount weight="1" > frondose </wordcount>
    <wordcount weight="1" > tries </wordcount>
    <wordcount weight="1" > prodromus </wordcount>
    <wordcount weight="1" > members </wordcount>
    <wordcount weight="1" > fire </wordcount>
    <wordcount weight="1" > lewis </wordcount>
    <wordcount weight="1" > critiques </wordcount>
    <wordcount weight="1" > skill </wordcount>
    <wordcount weight="1" > drepaniidae </wordcount>
    <wordcount weight="1" > stated </wordcount>
    <wordcount weight="1" > figure </wordcount>
    <wordcount weight="1" > purely </wordcount>
    <wordcount weight="1" > locating </wordcount>
    <wordcount weight="1" > pointed </wordcount>
    <wordcount weight="1" > ask </wordcount>
    <wordcount weight="1" > vayssiire </wordcount>
    <wordcount weight="1" > stebbins </wordcount>
    <wordcount weight="1" > speaks </wordcount>
    <wordcount weight="1" > stamens </wordcount>
    <wordcount weight="1" > monophyletic </wordcount>
    <wordcount weight="1" > idea </wordcount>
    <wordcount weight="1" > preserve </wordcount>
    <wordcount weight="1" > theorie </wordcount>
    <wordcount weight="1" > perceptible </wordcount>
    <wordcount weight="1" > striking </wordcount>
    <wordcount weight="1" > choice </wordcount>
    <wordcount weight="1" > outdated </wordcount>
    <wordcount weight="1" > commemorate </wordcount>
    <wordcount weight="1" > larger </wordcount>
    <wordcount weight="1" > banks </wordcount>
    <wordcount weight="1" > incorporation </wordcount>
    <wordcount weight="1" > kruckeberg </wordcount>
    <wordcount weight="1" > everything </wordcount>
    <wordcount weight="1" > debated </wordcount>
    <wordcount weight="1" > variation </wordcount>
    <wordcount weight="1" > distributions </wordcount>
    <wordcount weight="1" > considerable </wordcount>
    <wordcount weight="1" > man </wordcount>
    <wordcount weight="1" > seldom </wordcount>
    <wordcount weight="1" > eclosion </wordcount>
    <wordcount weight="1" > fragments </wordcount>
    <wordcount weight="1" > typological </wordcount>
    <wordcount weight="1" > forms </wordcount>
    <wordcount weight="1" > never </wordcount>
    <wordcount weight="1" > patterns </wordcount>
    <wordcount weight="1" > ages </wordcount>
    <wordcount weight="1" > conclusions </wordcount>
    <wordcount weight="1" > metabolites </wordcount>
    <wordcount weight="1" > adjacent </wordcount>
    <wordcount weight="1" > do </wordcount>
    <wordcount weight="1" > fame </wordcount>
    <wordcount weight="1" > physiological </wordcount>
    <wordcount weight="1" > geography </wordcount>
    <wordcount weight="1" > centre </wordcount>
    <wordcount weight="1" > algal </wordcount>
    <wordcount weight="1" > thousands </wordcount>
    <wordcount weight="1" > usinger </wordcount>
    <wordcount weight="1" > nieuwe </wordcount>
    <wordcount weight="1" > manner </wordcount>
    <wordcount weight="1" > thirties </wordcount>
    <wordcount weight="1" > epidermis </wordcount>
    <wordcount weight="1" > kiauta </wordcount>
    <wordcount weight="1" > validity </wordcount>
    <wordcount weight="1" > realms </wordcount>
    <wordcount weight="1" > accepted </wordcount>
    <wordcount weight="1" > establish </wordcount>
    <wordcount weight="1" > tellen </wordcount>
    <wordcount weight="1" > ultimately </wordcount>
    <wordcount weight="1" > real </wordcount>
    <wordcount weight="1" > favorable </wordcount>
    <wordcount weight="1" > ahead </wordcount>
    <wordcount weight="1" > swing </wordcount>
    <wordcount weight="1" > malesiana </wordcount>
    <wordcount weight="1" > inert </wordcount>
    <wordcount weight="1" > frequency </wordcount>
    <wordcount weight="1" > nominum </wordcount>
    <wordcount weight="1" > wood </wordcount>
    <wordcount weight="1" > free </wordcount>
    <wordcount weight="1" > lunar </wordcount>
    <wordcount weight="1" > thoroughly </wordcount>
    <wordcount weight="1" > biosystematisch </wordcount>
    <wordcount weight="1" > birkhiuser </wordcount>
    <wordcount weight="1" > original </wordcount>
    <wordcount weight="1" > breakdown </wordcount>
    <wordcount weight="1" > feverish </wordcount>
    <wordcount weight="1" > classes </wordcount>
    <wordcount weight="1" > lofty </wordcount>
    <wordcount weight="1" > greatest </wordcount>
    <wordcount weight="1" > collecting </wordcount>
    <wordcount weight="1" > cetrelia </wordcount>
    <wordcount weight="1" > nutrition </wordcount>
    <wordcount weight="1" > palynologica </wordcount>
    <wordcount weight="1" > spending </wordcount>
    <wordcount weight="1" > investigated </wordcount>
    <wordcount weight="1" > understandable </wordcount>
    <wordcount weight="1" > apogee </wordcount>
    <wordcount weight="1" > infraspecific </wordcount>
    <wordcount weight="1" > hundred </wordcount>
    <wordcount weight="1" > eighteenth </wordcount>
    <wordcount weight="1" > enormous </wordcount>
    <wordcount weight="1" > sitzungsberichte </wordcount>
    <wordcount weight="1" > contacts </wordcount>
    <wordcount weight="1" > manifestations </wordcount>
    <wordcount weight="1" > samples </wordcount>
    <wordcount weight="1" > team </wordcount>
    <wordcount weight="1" > computers </wordcount>
    <wordcount weight="1" > findings </wordcount>
    <wordcount weight="1" > complement </wordcount>
    <wordcount weight="1" > hypotheses </wordcount>
    <wordcount weight="1" > largely </wordcount>
    <wordcount weight="1" > mythos </wordcount>
    <wordcount weight="1" > exciting </wordcount>
    <wordcount weight="1" > microas </wordcount>
    <wordcount weight="1" > congress </wordcount>
    <wordcount weight="1" > band </wordcount>
    <wordcount weight="1" > sequence </wordcount>
    <wordcount weight="1" > overcoming </wordcount>
    <wordcount weight="1" > survey </wordcount>
    <wordcount weight="1" > harvard </wordcount>
    <wordcount weight="1" > questions </wordcount>
    <wordcount weight="1" > actual </wordcount>
    <wordcount weight="1" > hour </wordcount>
    <wordcount weight="1" > engaged </wordcount>
    <wordcount weight="1" > vijgen </wordcount>
    <wordcount weight="1" > nothing </wordcount>
    <wordcount weight="1" > baffling </wordcount>
    <wordcount weight="1" > organisational </wordcount>
    <wordcount weight="1" > raising </wordcount>
    <wordcount weight="1" > macrostructure </wordcount>
    <wordcount weight="1" > improvements </wordcount>
    <wordcount weight="1" > california </wordcount>
    <wordcount weight="1" > optimistic </wordcount>
    <wordcount weight="1" > genericorum </wordcount>
    <wordcount weight="1" > netherlands </wordcount>
    <wordcount weight="1" > exceedingly </wordcount>
    <wordcount weight="1" > symbiosis </wordcount>
    <wordcount weight="1" > open </wordcount>
    <wordcount weight="1" > prebiology </wordcount>
    <wordcount weight="1" > hepatics </wordcount>
    <wordcount weight="1" > reality </wordcount>
    <wordcount weight="1" > directed </wordcount>
    <wordcount weight="1" > assignment </wordcount>
    <wordcount weight="1" > language </wordcount>
    <wordcount weight="1" > mt </wordcount>
    <wordcount weight="1" > maligned </wordcount>
    <wordcount weight="1" > points </wordcount>
    <wordcount weight="1" > didactical </wordcount>
    <wordcount weight="1" > memorising </wordcount>
    <wordcount weight="1" > workers </wordcount>
    <wordcount weight="1" > fanatic </wordcount>
    <wordcount weight="1" > times </wordcount>
    <wordcount weight="1" > characterised </wordcount>
    <wordcount weight="1" > organism </wordcount>
    <wordcount weight="1" > evening </wordcount>
    <wordcount weight="1" > started </wordcount>
    <wordcount weight="1" > genetics </wordcount>
    <wordcount weight="1" > revised </wordcount>
    <wordcount weight="1" > him </wordcount>
    <wordcount weight="1" > escaped </wordcount>
    <wordcount weight="1" > ernst </wordcount>
    <wordcount weight="1" > anyone </wordcount>
    <wordcount weight="1" > heberer </wordcount>
    <wordcount weight="1" > genetica </wordcount>
    <wordcount weight="1" > lose </wordcount>
    <wordcount weight="1" > adequately </wordcount>
    <wordcount weight="1" > aan </wordcount>
    <wordcount weight="1" > stomata </wordcount>
    <wordcount weight="1" > exchange </wordcount>
    <wordcount weight="1" > behind </wordcount>
    <wordcount weight="1" > imaginative </wordcount>
    <wordcount weight="1" > vascular </wordcount>
    <wordcount weight="1" > arise </wordcount>
    <wordcount weight="1" > eloquent </wordcount>
    <wordcount weight="1" > narrow </wordcount>
    <wordcount weight="1" > palo </wordcount>
    <wordcount weight="1" > correlated </wordcount>
    <wordcount weight="1" > enabled </wordcount>
    <wordcount weight="1" > nobody </wordcount>
    <wordcount weight="1" > britain </wordcount>
    <wordcount weight="1" > engler </wordcount>
    <wordcount weight="1" > implication </wordcount>
    <wordcount weight="1" > pergamon </wordcount>
    <wordcount weight="1" > equivalent </wordcount>
    <wordcount weight="1" > astonishing </wordcount>
    <wordcount weight="1" > micromorphological </wordcount>
    <wordcount weight="1" > tiere </wordcount>
    <wordcount weight="1" > stateoctober </wordcount>
    <wordcount weight="1" > tendency </wordcount>
    <wordcount weight="1" > adaptive </wordcount>
    <wordcount weight="1" > ago </wordcount>
    <wordcount weight="1" > vertebrate </wordcount>
    <wordcount weight="1" > lowest </wordcount>
    <wordcount weight="1" > selander </wordcount>
    <wordcount weight="1" > gleaned </wordcount>
    <wordcount weight="1" > widely </wordcount>
    <wordcount weight="1" > division </wordcount>
    <wordcount weight="1" > anatomy </wordcount>
    <wordcount weight="1" > consequences </wordcount>
    <wordcount weight="1" > rarity </wordcount>
    <wordcount weight="1" > try </wordcount>
    <wordcount weight="1" > ranging </wordcount>
    <wordcount weight="1" > takhtajan </wordcount>
    <wordcount weight="1" > enough </wordcount>
    <wordcount weight="1" > profitable </wordcount>
    <wordcount weight="1" > depth </wordcount>
    <wordcount weight="1" > telephone </wordcount>
    <wordcount weight="1" > asking </wordcount>
    <wordcount weight="1" > utilities </wordcount>
    <wordcount weight="1" > unstable </wordcount>
    <wordcount weight="1" > fifty </wordcount>
    <wordcount weight="1" > twelve </wordcount>
    <wordcount weight="1" > kaplan </wordcount>
    <wordcount weight="1" > abstracting </wordcount>
    <wordcount weight="1" > modification </wordcount>
    <wordcount weight="1" > surpassed </wordcount>
    <wordcount weight="1" > abundance </wordcount>
    <wordcount weight="1" > chlorophyta </wordcount>
    <wordcount weight="1" > proc </wordcount>
    <wordcount weight="1" > singer </wordcount>
    <wordcount weight="1" > flower </wordcount>
    <wordcount weight="1" > odonata </wordcount>
    <wordcount weight="1" > evolve </wordcount>
    <wordcount weight="1" > cctober </wordcount>
    <wordcount weight="1" > antipodal </wordcount>
    <wordcount weight="1" > stream </wordcount>
    <wordcount weight="1" > embryogenesis </wordcount>
    <wordcount weight="1" > plays </wordcount>
    <wordcount weight="1" > impressive </wordcount>
    <wordcount weight="1" > suffice </wordcount>
    <wordcount weight="1" > vague </wordcount>
    <wordcount weight="1" > lines </wordcount>
    <wordcount weight="1" > recognizes </wordcount>
    <wordcount weight="1" > remotely </wordcount>
    <wordcount weight="1" > primarily </wordcount>
    <wordcount weight="1" > predict </wordcount>
    <wordcount weight="1" > universitets </wordcount>
    <wordcount weight="1" > dimensions </wordcount>
    <wordcount weight="1" > lost </wordcount>
    <wordcount weight="1" > beitrige </wordcount>
    <wordcount weight="1" > directions </wordcount>
    <wordcount weight="1" > affinity </wordcount>
    <wordcount weight="1" > translation </wordcount>
    <wordcount weight="1" > basel </wordcount>
    <wordcount weight="1" > macroand </wordcount>
    <wordcount weight="1" > ornduff </wordcount>
    <wordcount weight="1" > remaining </wordcount>
    <wordcount weight="1" > synthesized </wordcount>
    <wordcount weight="1" > cytologically </wordcount>
    <wordcount weight="1" > delicacy </wordcount>
    <wordcount weight="1" > countries </wordcount>
    <wordcount weight="1" > statistic </wordcount>
    <wordcount weight="1" > hierarchical </wordcount>
    <wordcount weight="1" > table </wordcount>
    <wordcount weight="1" > types </wordcount>
    <wordcount weight="1" > months </wordcount>
    <wordcount weight="1" > ramirez </wordcount>
    <wordcount weight="1" > delevoryas </wordcount>
    <wordcount weight="1" > sound </wordcount>
    <wordcount weight="1" > eeuw </wordcount>
    <wordcount weight="1" > rigorous </wordcount>
    <wordcount weight="1" > stable </wordcount>
    <wordcount weight="1" > considered </wordcount>
    <wordcount weight="1" > genetical </wordcount>
    <wordcount weight="1" > neglected </wordcount>
    <wordcount weight="1" > seriously </wordcount>
    <wordcount weight="1" > heavy </wordcount>
    <wordcount weight="1" > constant </wordcount>
    <wordcount weight="1" > growing </wordcount>
    <wordcount weight="1" > sycomorus </wordcount>
    <wordcount weight="1" > version </wordcount>
    <wordcount weight="1" > botanist </wordcount>
    <wordcount weight="1" > holm </wordcount>
    <wordcount weight="1" > geographic </wordcount>
    <wordcount weight="1" > ever </wordcount>
    <wordcount weight="1" > substrate </wordcount>
    <wordcount weight="1" > reinforced </wordcount>
    <wordcount weight="1" > reyment </wordcount>
    <wordcount weight="1" > soil </wordcount>
    <wordcount weight="1" > theme </wordcount>
    <wordcount weight="1" > recognizable </wordcount>
    <wordcount weight="1" > shapes </wordcount>
    <wordcount weight="1" > uitgevers </wordcount>
    <wordcount weight="1" > rotterdam </wordcount>
    <wordcount weight="1" > electrophoretic </wordcount>
    <wordcount weight="1" > sciences </wordcount>
    <wordcount weight="1" > earle </wordcount>
    <wordcount weight="1" > compensation </wordcount>
    <wordcount weight="1" > pteridophytes </wordcount>
    <wordcount weight="1" > ewan </wordcount>
    <wordcount weight="1" > drake </wordcount>
    <wordcount weight="1" > replace </wordcount>
    <wordcount weight="1" > outcome </wordcount>
    <wordcount weight="1" > onderzoek </wordcount>
    <wordcount weight="1" > principle </wordcount>
    <wordcount weight="1" > books </wordcount>
    <wordcount weight="1" > spontaneous </wordcount>
    <wordcount weight="1" > auxiliary </wordcount>
    <wordcount weight="1" > contained </wordcount>
    <wordcount weight="1" > setting </wordcount>
    <wordcount weight="1" > believe </wordcount>
    <wordcount weight="1" > printed </wordcount>
    <wordcount weight="1" > universal </wordcount>
    <wordcount weight="1" > exploiting </wordcount>
    <wordcount weight="1" > clearly </wordcount>
    <wordcount weight="1" > haeckel </wordcount>
    <wordcount weight="1" > school </wordcount>
    <wordcount weight="1" > embryology </wordcount>
    <wordcount weight="1" > fertilized </wordcount>
    <wordcount weight="1" > build </wordcount>
    <wordcount weight="1" > examining </wordcount>
    <wordcount weight="1" > placing </wordcount>
    <wordcount weight="1" > assessment </wordcount>
    <wordcount weight="1" > oliver </wordcount>
    <wordcount weight="1" > evident </wordcount>
    <wordcount weight="1" > following </wordcount>
    <wordcount weight="1" > william </wordcount>
    <wordcount weight="1" > realize </wordcount>
    <wordcount weight="1" > succeeded </wordcount>
    <wordcount weight="1" > unlikely </wordcount>
    <wordcount weight="1" > automatic </wordcount>
    <wordcount weight="1" > monera </wordcount>
    <wordcount weight="1" > physiology </wordcount>
    <wordcount weight="1" > kakabekia </wordcount>
    <wordcount weight="1" > form </wordcount>
    <wordcount weight="1" > list </wordcount>
    <wordcount weight="1" > namely </wordcount>
    <wordcount weight="1" > ones </wordcount>
    <wordcount weight="1" > references </wordcount>
    <wordcount weight="1" > foremost </wordcount>
    <wordcount weight="1" > want </wordcount>
    <wordcount weight="1" > particular </wordcount>
    <wordcount weight="1" > mosses </wordcount>
    <wordcount weight="1" > agricultural </wordcount>
    <wordcount weight="1" > seasonal </wordcount>
    <wordcount weight="1" > haslewood </wordcount>
    <wordcount weight="1" > distribution </wordcount>
    <wordcount weight="1" > serials </wordcount>
    <wordcount weight="1" > extent </wordcount>
    <wordcount weight="1" > egg </wordcount>
    <wordcount weight="1" > parasitism </wordcount>
    <wordcount weight="1" > studying </wordcount>
    <wordcount weight="1" > serie </wordcount>
    <wordcount weight="1" > birthday </wordcount>
    <wordcount weight="1" > balance </wordcount>
    <wordcount weight="1" > proposing </wordcount>
    <wordcount weight="1" > hyphal </wordcount>
    <wordcount weight="1" > springer </wordcount>
    <wordcount weight="1" > agreed </wordcount>
    <wordcount weight="1" > absorptive </wordcount>
    <wordcount weight="1" > serological </wordcount>
    <wordcount weight="1" > fraction </wordcount>
    <wordcount weight="1" > contain </wordcount>
    <wordcount weight="1" > categories </wordcount>
    <wordcount weight="1" > freedom </wordcount>
    <wordcount weight="1" > periodicals </wordcount>
    <wordcount weight="1" > conference </wordcount>
    <wordcount weight="1" > both </wordcount>
    <wordcount weight="1" > photosynthesis </wordcount>
    <wordcount weight="1" > radically </wordcount>
    <wordcount weight="1" > naked </wordcount>
    <wordcount weight="1" > occasionally </wordcount>
    <wordcount weight="1" > trees </wordcount>
    <wordcount weight="1" > necessity </wordcount>
    <wordcount weight="1" > preserved </wordcount>
    <wordcount weight="1" > careful </wordcount>
    <wordcount weight="1" > biologically </wordcount>
    <wordcount weight="1" > thereby </wordcount>
    <wordcount weight="1" > conclude </wordcount>
    <wordcount weight="1" > uniform </wordcount>
    <wordcount weight="1" > dependent </wordcount>
    <wordcount weight="1" > atmospheric </wordcount>
    <wordcount weight="1" > predecessors </wordcount>
    <wordcount weight="1" > die </wordcount>
    <wordcount weight="1" > manifold </wordcount>
    <wordcount weight="1" > ficus </wordcount>
    <wordcount weight="1" > song </wordcount>
    <wordcount weight="1" > hybridization </wordcount>
    <wordcount weight="1" > obtain </wordcount>
    <wordcount weight="1" > divided </wordcount>
    <wordcount weight="1" > recognised </wordcount>
    <wordcount weight="1" > ranks </wordcount>
    <wordcount weight="1" > breakthrough </wordcount>
    <wordcount weight="1" > using </wordcount>
    <wordcount weight="1" > exceptionally </wordcount>
    <wordcount weight="1" > isolated </wordcount>
    <wordcount weight="1" > serotaxonomy </wordcount>
    <wordcount weight="1" > ethological </wordcount>
    <wordcount weight="1" > reaching </wordcount>
    <wordcount weight="1" > courtship </wordcount>
    <wordcount weight="1" > abide </wordcount>
    <wordcount weight="1" > wild </wordcount>
    <wordcount weight="1" > devoted </wordcount>
    <wordcount weight="1" > tell </wordcount>
    <wordcount weight="1" > sediments </wordcount>
    <wordcount weight="1" > bronder </wordcount>
    <wordcount weight="1" > touch </wordcount>
    <wordcount weight="1" > bruikbaarheid </wordcount>
    <wordcount weight="1" > difference </wordcount>
    <wordcount weight="1" > reveals </wordcount>
    <wordcount weight="1" > biogenesis </wordcount>
    <wordcount weight="1" > cambridge </wordcount>
    <wordcount weight="1" > similarity </wordcount>
    <wordcount weight="1" > biochemical </wordcount>
    <wordcount weight="1" > decrease </wordcount>
    <wordcount weight="1" > abused </wordcount>
    <wordcount weight="1" > conditions </wordcount>
    <wordcount weight="1" > opens </wordcount>
    <wordcount weight="1" > chemical </wordcount>
    <wordcount weight="1" > washington </wordcount>
    <wordcount weight="1" > bioscience </wordcount>
    <wordcount weight="1" > documentation </wordcount>
    <wordcount weight="1" > applicable </wordcount>
    <wordcount weight="1" > actively </wordcount>
    <wordcount weight="1" > approximately </wordcount>
    <wordcount weight="1" > include </wordcount>
    <wordcount weight="1" > although </wordcount>
    <wordcount weight="1" > salt </wordcount>
    <wordcount weight="1" > integrated </wordcount>
    <wordcount weight="1" > mutations </wordcount>
    <wordcount weight="1" > evidence </wordcount>
    <wordcount weight="1" > contamination </wordcount>
    <wordcount weight="1" > photograph </wordcount>
    <wordcount weight="1" > playing </wordcount>
    <wordcount weight="1" > philosophy </wordcount>
    <wordcount weight="1" > area </wordcount>
    <wordcount weight="1" > maatschappij </wordcount>
    <wordcount weight="1" > oldest </wordcount>
    <wordcount weight="1" > bradley </wordcount>
    <wordcount weight="1" > treats </wordcount>
    <wordcount weight="1" > searching </wordcount>
    <wordcount weight="1" > potential </wordcount>
    <wordcount weight="1" > plea </wordcount>
    <wordcount weight="1" > assumed </wordcount>
    <wordcount weight="1" > rest </wordcount>
    <wordcount weight="1" > arrange </wordcount>
    <wordcount weight="1" > ser </wordcount>
    <wordcount weight="1" > frans </wordcount>
    <wordcount weight="1" > interdisciplinary </wordcount>
    <wordcount weight="1" > painted </wordcount>
    <wordcount weight="1" > yesterday </wordcount>
    <wordcount weight="1" > agrees </wordcount>
    <wordcount weight="1" > partial </wordcount>
    <wordcount weight="1" > create </wordcount>
    <wordcount weight="1" > exclusively </wordcount>
    <wordcount weight="1" > baerends </wordcount>
    <wordcount weight="1" > arose </wordcount>
    <wordcount weight="1" > eosphaera </wordcount>
    <wordcount weight="1" > unexpectedly </wordcount>
    <wordcount weight="1" > paleobotany </wordcount>
    <wordcount weight="1" > retains </wordcount>
    <wordcount weight="1" > close </wordcount>
    <wordcount weight="1" > fortuitous </wordcount>
    <wordcount weight="1" > gerechtfertigte </wordcount>
    <wordcount weight="1" > occur </wordcount>
    <wordcount weight="1" > perception </wordcount>
    <wordcount weight="1" > martin </wordcount>
    <wordcount weight="1" > dictum </wordcount>
    <wordcount weight="1" > hypothesis </wordcount>
</article>
