<?xml version="1.0" encoding="UTF-8"?>
<article id="10.2307/2418316" >
    <wordcount weight="246" > the </wordcount>
    <wordcount weight="171" > of </wordcount>
    <wordcount weight="107" > in </wordcount>
    <wordcount weight="95" > and </wordcount>
    <wordcount weight="89" > g </wordcount>
    <wordcount weight="73" > are </wordcount>
    <wordcount weight="62" > to </wordcount>
    <wordcount weight="58" > a </wordcount>
    <wordcount weight="31" > insignis </wordcount>
    <wordcount weight="31" > hybrid </wordcount>
    <wordcount weight="28" > with </wordcount>
    <wordcount weight="28" > gunnera </wordcount>
    <wordcount weight="26" > on </wordcount>
    <wordcount weight="25" > is </wordcount>
    <wordcount weight="24" > they </wordcount>
    <wordcount weight="23" > talamancana </wordcount>
    <wordcount weight="23" > as </wordcount>
    <wordcount weight="21" > mm </wordcount>
    <wordcount weight="18" > species </wordcount>
    <wordcount weight="15" > at </wordcount>
    <wordcount weight="15" > flowers </wordcount>
    <wordcount weight="14" > which </wordcount>
    <wordcount weight="13" > costa </wordcount>
    <wordcount weight="13" > their </wordcount>
    <wordcount weight="13" > quite </wordcount>
    <wordcount weight="12" > or </wordcount>
    <wordcount weight="12" > from </wordcount>
    <wordcount weight="12" > by </wordcount>
    <wordcount weight="12" > for </wordcount>
    <wordcount weight="12" > found </wordcount>
    <wordcount weight="12" > be </wordcount>
    <wordcount weight="11" > but </wordcount>
    <wordcount weight="11" > two </wordcount>
    <wordcount weight="11" > long </wordcount>
    <wordcount weight="11" > more </wordcount>
    <wordcount weight="11" > there </wordcount>
    <wordcount weight="11" > both </wordcount>
    <wordcount weight="11" > than </wordcount>
    <wordcount weight="10" > leaves </wordcount>
    <wordcount weight="9" > may </wordcount>
    <wordcount weight="9" > hairs </wordcount>
    <wordcount weight="9" > these </wordcount>
    <wordcount weight="9" > branches </wordcount>
    <wordcount weight="9" > different </wordcount>
    <wordcount weight="9" > along </wordcount>
    <wordcount weight="9" > rican </wordcount>
    <wordcount weight="8" > one </wordcount>
    <wordcount weight="8" > only </wordcount>
    <wordcount weight="8" > surface </wordcount>
    <wordcount weight="8" > m </wordcount>
    <wordcount weight="8" > plants </wordcount>
    <wordcount weight="8" > has </wordcount>
    <wordcount weight="8" > bisexual </wordcount>
    <wordcount weight="8" > much </wordcount>
    <wordcount weight="7" > it </wordcount>
    <wordcount weight="7" > conical </wordcount>
    <wordcount weight="7" > other </wordcount>
    <wordcount weight="7" > apetalous </wordcount>
    <wordcount weight="7" > habitat </wordcount>
    <wordcount weight="7" > number </wordcount>
    <wordcount weight="7" > inflorescence </wordcount>
    <wordcount weight="7" > upper </wordcount>
    <wordcount weight="7" > size </wordcount>
    <wordcount weight="7" > bracts </wordcount>
    <wordcount weight="7" > petals </wordcount>
    <wordcount weight="7" > hybrids </wordcount>
    <wordcount weight="7" > few </wordcount>
    <wordcount weight="7" > km </wordcount>
    <wordcount weight="7" > can </wordcount>
    <wordcount weight="7" > ensiform </wordcount>
    <wordcount weight="7" > la </wordcount>
    <wordcount weight="6" > female </wordcount>
    <wordcount weight="6" > ligules </wordcount>
    <wordcount weight="6" > sepals </wordcount>
    <wordcount weight="6" > most </wordcount>
    <wordcount weight="6" > that </wordcount>
    <wordcount weight="6" > base </wordcount>
    <wordcount weight="6" > road </wordcount>
    <wordcount weight="6" > pollen </wordcount>
    <wordcount weight="6" > some </wordcount>
    <wordcount weight="6" > x </wordcount>
    <wordcount weight="6" > tips </wordcount>
    <wordcount weight="6" > de </wordcount>
    <wordcount weight="6" > this </wordcount>
    <wordcount weight="6" > have </wordcount>
    <wordcount weight="6" > although </wordcount>
    <wordcount weight="6" > high </wordcount>
    <wordcount weight="6" > area </wordcount>
    <wordcount weight="6" > study </wordcount>
    <wordcount weight="6" > characters </wordcount>
    <wordcount weight="5" > no </wordcount>
    <wordcount weight="5" > been </wordcount>
    <wordcount weight="5" > five </wordcount>
    <wordcount weight="5" > veins </wordcount>
    <wordcount weight="5" > large </wordcount>
    <wordcount weight="5" > not </wordcount>
    <wordcount weight="5" > j </wordcount>
    <wordcount weight="5" > lateral </wordcount>
    <wordcount weight="5" > inflorescences </wordcount>
    <wordcount weight="5" > each </wordcount>
    <wordcount weight="5" > areas </wordcount>
    <wordcount weight="5" > new </wordcount>
    <wordcount weight="5" > primary </wordcount>
    <wordcount weight="5" > where </wordcount>
    <wordcount weight="5" > while </wordcount>
    <wordcount weight="5" > bases </wordcount>
    <wordcount weight="5" > its </wordcount>
    <wordcount weight="5" > prickles </wordcount>
    <wordcount weight="5" > intermediate </wordcount>
    <wordcount weight="5" > botany </wordcount>
    <wordcount weight="5" > three </wordcount>
    <wordcount weight="5" > so </wordcount>
    <wordcount weight="5" > an </wordcount>
    <wordcount weight="4" > bifurcate </wordcount>
    <wordcount weight="4" > petaliferous </wordcount>
    <wordcount weight="4" > populations </wordcount>
    <wordcount weight="4" > l </wordcount>
    <wordcount weight="4" > main </wordcount>
    <wordcount weight="4" > e </wordcount>
    <wordcount weight="4" > single </wordcount>
    <wordcount weight="4" > once </wordcount>
    <wordcount weight="4" > glabrous </wordcount>
    <wordcount weight="4" > taeniform </wordcount>
    <wordcount weight="4" > any </wordcount>
    <wordcount weight="4" > sinus </wordcount>
    <wordcount weight="4" > all </wordcount>
    <wordcount weight="4" > salmon </wordcount>
    <wordcount weight="4" > brick </wordcount>
    <wordcount weight="4" > disturbed </wordcount>
    <wordcount weight="4" > i </wordcount>
    <wordcount weight="4" > cerro </wordcount>
    <wordcount weight="4" > never </wordcount>
    <wordcount weight="4" > those </wordcount>
    <wordcount weight="4" > subgenus </wordcount>
    <wordcount weight="4" > pubescent </wordcount>
    <wordcount weight="4" > ones </wordcount>
    <wordcount weight="4" > outer </wordcount>
    <wordcount weight="4" > colonies </wordcount>
    <wordcount weight="4" > except </wordcount>
    <wordcount weight="4" > systematic </wordcount>
    <wordcount weight="4" > such </wordcount>
    <wordcount weight="4" > characteristic </wordcount>
    <wordcount weight="4" > exceeding </wordcount>
    <wordcount weight="4" > small </wordcount>
    <wordcount weight="4" > between </wordcount>
    <wordcount weight="4" > cordillera </wordcount>
    <wordcount weight="4" > even </wordcount>
    <wordcount weight="4" > among </wordcount>
    <wordcount weight="3" > depth </wordcount>
    <wordcount weight="3" > rate </wordcount>
    <wordcount weight="3" > ecological </wordcount>
    <wordcount weight="3" > divergence </wordcount>
    <wordcount weight="3" > bot </wordcount>
    <wordcount weight="3" > basic </wordcount>
    <wordcount weight="3" > highway </wordcount>
    <wordcount weight="3" > bears </wordcount>
    <wordcount weight="3" > juan </wordcount>
    <wordcount weight="3" > overlap </wordcount>
    <wordcount weight="3" > form </wordcount>
    <wordcount weight="3" > about </wordcount>
    <wordcount weight="3" > table </wordcount>
    <wordcount weight="3" > parents </wordcount>
    <wordcount weight="3" > mora </wordcount>
    <wordcount weight="3" > seems </wordcount>
    <wordcount weight="3" > panke </wordcount>
    <wordcount weight="3" > rarely </wordcount>
    <wordcount weight="3" > palkovic </wordcount>
    <wordcount weight="3" > same </wordcount>
    <wordcount weight="3" > areolar </wordcount>
    <wordcount weight="3" > series </wordcount>
    <wordcount weight="3" > various </wordcount>
    <wordcount weight="3" > also </wordcount>
    <wordcount weight="3" > macrophylla </wordcount>
    <wordcount weight="3" > verrucate </wordcount>
    <wordcount weight="3" > over </wordcount>
    <wordcount weight="3" > oblong </wordcount>
    <wordcount weight="3" > seem </wordcount>
    <wordcount weight="3" > color </wordcount>
    <wordcount weight="3" > origin </wordcount>
    <wordcount weight="3" > borne </wordcount>
    <wordcount weight="3" > surfaces </wordcount>
    <wordcount weight="3" > very </wordcount>
    <wordcount weight="3" > rica </wordcount>
    <wordcount weight="3" > vigorous </wordcount>
    <wordcount weight="3" > zealand </wordcount>
    <wordcount weight="3" > floral </wordcount>
    <wordcount weight="3" > though </wordcount>
    <wordcount weight="3" > within </wordcount>
    <wordcount weight="3" > population </wordcount>
    <wordcount weight="3" > colony </wordcount>
    <wordcount weight="3" > hydathodes </wordcount>
    <wordcount weight="3" > perhaps </wordcount>
    <wordcount weight="3" > structure </wordcount>
    <wordcount weight="3" > tip </wordcount>
    <wordcount weight="3" > possible </wordcount>
    <wordcount weight="3" > primaries </wordcount>
    <wordcount weight="3" > bear </wordcount>
    <wordcount weight="3" > sides </wordcount>
    <wordcount weight="3" > through </wordcount>
    <wordcount weight="3" > reduction </wordcount>
    <wordcount weight="3" > uniform </wordcount>
    <wordcount weight="3" > adapted </wordcount>
    <wordcount weight="3" > densely </wordcount>
    <wordcount weight="3" > were </wordcount>
    <wordcount weight="3" > margins </wordcount>
    <wordcount weight="3" > basal </wordcount>
    <wordcount weight="3" > times </wordcount>
    <wordcount weight="3" > length </wordcount>
    <wordcount weight="3" > filaments </wordcount>
    <wordcount weight="3" > apically </wordcount>
    <wordcount weight="3" > especially </wordcount>
    <wordcount weight="3" > fig </wordcount>
    <wordcount weight="3" > grow </wordcount>
    <wordcount weight="3" > become </wordcount>
    <wordcount weight="3" > sept </wordcount>
    <wordcount weight="3" > abaxial </wordcount>
    <wordcount weight="3" > seed </wordcount>
    <wordcount weight="3" > filiform </wordcount>
    <wordcount weight="3" > offspring </wordcount>
    <wordcount weight="2" > south </wordcount>
    <wordcount weight="2" > higher </wordcount>
    <wordcount weight="2" > venation </wordcount>
    <wordcount weight="2" > f </wordcount>
    <wordcount weight="2" > does </wordcount>
    <wordcount weight="2" > chromosome </wordcount>
    <wordcount weight="2" > mostly </wordcount>
    <wordcount weight="2" > habitats </wordcount>
    <wordcount weight="2" > situation </wordcount>
    <wordcount weight="2" > whose </wordcount>
    <wordcount weight="2" > dissected </wordcount>
    <wordcount weight="2" > foliar </wordcount>
    <wordcount weight="2" > common </wordcount>
    <wordcount weight="2" > fairly </wordcount>
    <wordcount weight="2" > outcrossing </wordcount>
    <wordcount weight="2" > effected </wordcount>
    <wordcount weight="2" > absent </wordcount>
    <wordcount weight="2" > across </wordcount>
    <wordcount weight="2" > short </wordcount>
    <wordcount weight="2" > naturally </wordcount>
    <wordcount weight="2" > suspected </wordcount>
    <wordcount weight="2" > male </wordcount>
    <wordcount weight="2" > crest </wordcount>
    <wordcount weight="2" > tapering </wordcount>
    <wordcount weight="2" > above </wordcount>
    <wordcount weight="2" > deciduous </wordcount>
    <wordcount weight="2" > similar </wordcount>
    <wordcount weight="2" > wind </wordcount>
    <wordcount weight="2" > american </wordcount>
    <wordcount weight="2" > represents </wordcount>
    <wordcount weight="2" > putative </wordcount>
    <wordcount weight="2" > construction </wordcount>
    <wordcount weight="2" > summarized </wordcount>
    <wordcount weight="2" > scattered </wordcount>
    <wordcount weight="2" > flowering </wordcount>
    <wordcount weight="2" > ing </wordcount>
    <wordcount weight="2" > inserted </wordcount>
    <wordcount weight="2" > easily </wordcount>
    <wordcount weight="2" > resemble </wordcount>
    <wordcount weight="2" > restricted </wordcount>
    <wordcount weight="2" > hair </wordcount>
    <wordcount weight="2" > established </wordcount>
    <wordcount weight="2" > panama </wordcount>
    <wordcount weight="2" > growing </wordcount>
    <wordcount weight="2" > four </wordcount>
    <wordcount weight="2" > commonly </wordcount>
    <wordcount weight="2" > taxa </wordcount>
    <wordcount weight="2" > first </wordcount>
    <wordcount weight="2" > either </wordcount>
    <wordcount weight="2" > beyond </wordcount>
    <wordcount weight="2" > isolation </wordcount>
    <wordcount weight="2" > lobing </wordcount>
    <wordcount weight="2" > barriers </wordcount>
    <wordcount weight="2" > lead </wordcount>
    <wordcount weight="2" > narrowly </wordcount>
    <wordcount weight="2" > support </wordcount>
    <wordcount weight="2" > production </wordcount>
    <wordcount weight="2" > genetic </wordcount>
    <wordcount weight="2" > der </wordcount>
    <wordcount weight="2" > sensu </wordcount>
    <wordcount weight="2" > preferences </wordcount>
    <wordcount weight="2" > central </wordcount>
    <wordcount weight="2" > addition </wordcount>
    <wordcount weight="2" > nature </wordcount>
    <wordcount weight="2" > height </wordcount>
    <wordcount weight="2" > galeate </wordcount>
    <wordcount weight="2" > broadly </wordcount>
    <wordcount weight="2" > together </wordcount>
    <wordcount weight="2" > half </wordcount>
    <wordcount weight="2" > great </wordcount>
    <wordcount weight="2" > called </wordcount>
    <wordcount weight="2" > pet </wordcount>
    <wordcount weight="2" > larger </wordcount>
    <wordcount weight="2" > fernandez </wordcount>
    <wordcount weight="2" > areoles </wordcount>
    <wordcount weight="2" > crowded </wordcount>
    <wordcount weight="2" > pattern </wordcount>
    <wordcount weight="2" > las </wordcount>
    <wordcount weight="2" > compound </wordcount>
    <wordcount weight="2" > apical </wordcount>
    <wordcount weight="2" > habit </wordcount>
    <wordcount weight="2" > harvard </wordcount>
    <wordcount weight="2" > forms </wordcount>
    <wordcount weight="2" > consist </wordcount>
    <wordcount weight="2" > density </wordcount>
    <wordcount weight="2" > meter </wordcount>
    <wordcount weight="2" > equally </wordcount>
    <wordcount weight="2" > pale </wordcount>
    <wordcount weight="2" > colonizer </wordcount>
    <wordcount weight="2" > dispersal </wordcount>
    <wordcount weight="2" > gattung </wordcount>
    <wordcount weight="2" > glands </wordcount>
    <wordcount weight="2" > linear </wordcount>
    <wordcount weight="2" > glabrescent </wordcount>
    <wordcount weight="2" > zur </wordcount>
    <wordcount weight="2" > possibility </wordcount>
    <wordcount weight="2" > chilensis </wordcount>
    <wordcount weight="2" > because </wordcount>
    <wordcount weight="2" > well </wordcount>
    <wordcount weight="2" > shape </wordcount>
    <wordcount weight="2" > medial </wordcount>
    <wordcount weight="2" > von </wordcount>
    <wordcount weight="2" > red </wordcount>
    <wordcount weight="2" > apparently </wordcount>
    <wordcount weight="2" > literature </wordcount>
    <wordcount weight="2" > elevations </wordcount>
    <wordcount weight="2" > middle </wordcount>
    <wordcount weight="2" > reaching </wordcount>
    <wordcount weight="2" > obscure </wordcount>
    <wordcount weight="2" > prominent </wordcount>
    <wordcount weight="2" > region </wordcount>
    <wordcount weight="2" > extending </wordcount>
    <wordcount weight="2" > despite </wordcount>
    <wordcount weight="2" > show </wordcount>
    <wordcount weight="2" > apparent </wordcount>
    <wordcount weight="2" > stigmata </wordcount>
    <wordcount weight="2" > gb </wordcount>
    <wordcount weight="2" > hybridization </wordcount>
    <wordcount weight="2" > petioles </wordcount>
    <wordcount weight="2" > make </wordcount>
    <wordcount weight="2" > broad </wordcount>
    <wordcount weight="2" > structures </wordcount>
    <wordcount weight="2" > thus </wordcount>
    <wordcount weight="2" > throughout </wordcount>
    <wordcount weight="2" > described </wordcount>
    <wordcount weight="2" > intermediates </wordcount>
    <wordcount weight="2" > average </wordcount>
    <wordcount weight="2" > observed </wordcount>
    <wordcount weight="2" > america </wordcount>
    <wordcount weight="2" > least </wordcount>
    <wordcount weight="2" > would </wordcount>
    <wordcount weight="2" > field </wordcount>
    <wordcount weight="2" > plant </wordcount>
    <wordcount weight="2" > recurved </wordcount>
    <wordcount weight="2" > features </wordcount>
    <wordcount weight="2" > subtending </wordcount>
    <wordcount weight="2" > pink </wordcount>
    <wordcount weight="2" > pubescence </wordcount>
    <wordcount weight="2" > talamanca </wordcount>
    <wordcount weight="2" > around </wordcount>
    <wordcount weight="2" > several </wordcount>
    <wordcount weight="2" > favored </wordcount>
    <wordcount weight="2" > flora </wordcount>
    <wordcount weight="2" > highly </wordcount>
    <wordcount weight="2" > six </wordcount>
    <wordcount weight="2" > bifurcates </wordcount>
    <wordcount weight="2" > suitable </wordcount>
    <wordcount weight="2" > compared </wordcount>
    <wordcount weight="2" > weber </wordcount>
    <wordcount weight="2" > vein </wordcount>
    <wordcount weight="2" > occur </wordcount>
    <wordcount weight="2" > present </wordcount>
    <wordcount weight="2" > north </wordcount>
    <wordcount weight="2" > zones </wordcount>
    <wordcount weight="2" > quarter </wordcount>
    <wordcount weight="2" > flanking </wordcount>
    <wordcount weight="1" > rarity </wordcount>
    <wordcount weight="1" > survived </wordcount>
    <wordcount weight="1" > estudios </wordcount>
    <wordcount weight="1" > dissertation </wordcount>
    <wordcount weight="1" > spikes </wordcount>
    <wordcount weight="1" > upsets </wordcount>
    <wordcount weight="1" > copepodology </wordcount>
    <wordcount weight="1" > enough </wordcount>
    <wordcount weight="1" > intimately </wordcount>
    <wordcount weight="1" > envelop </wordcount>
    <wordcount weight="1" > morphology </wordcount>
    <wordcount weight="1" > candolle </wordcount>
    <wordcount weight="1" > now </wordcount>
    <wordcount weight="1" > interesting </wordcount>
    <wordcount weight="1" > led </wordcount>
    <wordcount weight="1" > san </wordcount>
    <wordcount weight="1" > assigned </wordcount>
    <wordcount weight="1" > inhabit </wordcount>
    <wordcount weight="1" > me </wordcount>
    <wordcount weight="1" > asuncion </wordcount>
    <wordcount weight="1" > steudel </wordcount>
    <wordcount weight="1" > chances </wordcount>
    <wordcount weight="1" > tarlamancana </wordcount>
    <wordcount weight="1" > diagrams </wordcount>
    <wordcount weight="1" > frequent </wordcount>
    <wordcount weight="1" > oriented </wordcount>
    <wordcount weight="1" > irregular </wordcount>
    <wordcount weight="1" > prefer </wordcount>
    <wordcount weight="1" > cochleariform </wordcount>
    <wordcount weight="1" > philippi </wordcount>
    <wordcount weight="1" > contact </wordcount>
    <wordcount weight="1" > reports </wordcount>
    <wordcount weight="1" > identification </wordcount>
    <wordcount weight="1" > difficult </wordcount>
    <wordcount weight="1" > way </wordcount>
    <wordcount weight="1" > rather </wordcount>
    <wordcount weight="1" > his </wordcount>
    <wordcount weight="1" > bracteata </wordcount>
    <wordcount weight="1" > kenneth </wordcount>
    <wordcount weight="1" > usually </wordcount>
    <wordcount weight="1" > linneaus </wordcount>
    <wordcount weight="1" > gigantic </wordcount>
    <wordcount weight="1" > superficial </wordcount>
    <wordcount weight="1" > taxonomy </wordcount>
    <wordcount weight="1" > developing </wordcount>
    <wordcount weight="1" > h </wordcount>
    <wordcount weight="1" > how </wordcount>
    <wordcount weight="1" > site </wordcount>
    <wordcount weight="1" > separated </wordcount>
    <wordcount weight="1" > limited </wordcount>
    <wordcount weight="1" > santiago </wordcount>
    <wordcount weight="1" > morphologie </wordcount>
    <wordcount weight="1" > cloud </wordcount>
    <wordcount weight="1" > hwrgo </wordcount>
    <wordcount weight="1" > receptive </wordcount>
    <wordcount weight="1" > randomly </wordcount>
    <wordcount weight="1" > alternate </wordcount>
    <wordcount weight="1" > extend </wordcount>
    <wordcount weight="1" > hutchinson </wordcount>
    <wordcount weight="1" > islands </wordcount>
    <wordcount weight="1" > hillsides </wordcount>
    <wordcount weight="1" > northeast </wordcount>
    <wordcount weight="1" > becomes </wordcount>
    <wordcount weight="1" > lasting </wordcount>
    <wordcount weight="1" > growth </wordcount>
    <wordcount weight="1" > tropical </wordcount>
    <wordcount weight="1" > nz </wordcount>
    <wordcount weight="1" > seen </wordcount>
    <wordcount weight="1" > collections </wordcount>
    <wordcount weight="1" > glance </wordcount>
    <wordcount weight="1" > singleseveral </wordcount>
    <wordcount weight="1" > opportunity </wordcount>
    <wordcount weight="1" > appear </wordcount>
    <wordcount weight="1" > interbreeding </wordcount>
    <wordcount weight="1" > deposited </wordcount>
    <wordcount weight="1" > distributed </wordcount>
    <wordcount weight="1" > lawrence </wordcount>
    <wordcount weight="1" > eight </wordcount>
    <wordcount weight="1" > case </wordcount>
    <wordcount weight="1" > village </wordcount>
    <wordcount weight="1" > wilson </wordcount>
    <wordcount weight="1" > noticeably </wordcount>
    <wordcount weight="1" > recognize </wordcount>
    <wordcount weight="1" > taxonomists </wordcount>
    <wordcount weight="1" > center </wordcount>
    <wordcount weight="1" > covering </wordcount>
    <wordcount weight="1" > roads </wordcount>
    <wordcount weight="1" > parts </wordcount>
    <wordcount weight="1" > genero </wordcount>
    <wordcount weight="1" > confuses </wordcount>
    <wordcount weight="1" > deepest </wordcount>
    <wordcount weight="1" > ask </wordcount>
    <wordcount weight="1" > contributions </wordcount>
    <wordcount weight="1" > helpful </wordcount>
    <wordcount weight="1" > extends </wordcount>
    <wordcount weight="1" > often </wordcount>
    <wordcount weight="1" > exceedfig </wordcount>
    <wordcount weight="1" > stricted </wordcount>
    <wordcount weight="1" > petiolar </wordcount>
    <wordcount weight="1" > herbarium </wordcount>
    <wordcount weight="1" > drs </wordcount>
    <wordcount weight="1" > existed </wordcount>
    <wordcount weight="1" > presenting </wordcount>
    <wordcount weight="1" > especies </wordcount>
    <wordcount weight="1" > join </wordcount>
    <wordcount weight="1" > patches </wordcount>
    <wordcount weight="1" > miscellaneous </wordcount>
    <wordcount weight="1" > competition </wordcount>
    <wordcount weight="1" > supposed </wordcount>
    <wordcount weight="1" > sort </wordcount>
    <wordcount weight="1" > sets </wordcount>
    <wordcount weight="1" > enforced </wordcount>
    <wordcount weight="1" > altitude </wordcount>
    <wordcount weight="1" > peaks </wordcount>
    <wordcount weight="1" > inlores </wordcount>
    <wordcount weight="1" > reference </wordcount>
    <wordcount weight="1" > we </wordcount>
    <wordcount weight="1" > examined </wordcount>
    <wordcount weight="1" > inconsistent </wordcount>
    <wordcount weight="1" > served </wordcount>
    <wordcount weight="1" > suited </wordcount>
    <wordcount weight="1" > pp </wordcount>
    <wordcount weight="1" > perpetuation </wordcount>
    <wordcount weight="1" > abundance </wordcount>
    <wordcount weight="1" > beitr </wordcount>
    <wordcount weight="1" > briate </wordcount>
    <wordcount weight="1" > serve </wordcount>
    <wordcount weight="1" > array </wordcount>
    <wordcount weight="1" > forest </wordcount>
    <wordcount weight="1" > areal </wordcount>
    <wordcount weight="1" > stable </wordcount>
    <wordcount weight="1" > anemophilous </wordcount>
    <wordcount weight="1" > upwards </wordcount>
    <wordcount weight="1" > university </wordcount>
    <wordcount weight="1" > populated </wordcount>
    <wordcount weight="1" > reduced </wordcount>
    <wordcount weight="1" > bench </wordcount>
    <wordcount weight="1" > neither </wordcount>
    <wordcount weight="1" > was </wordcount>
    <wordcount weight="1" > familiar </wordcount>
    <wordcount weight="1" > today </wordcount>
    <wordcount weight="1" > parental </wordcount>
    <wordcount weight="1" > clear </wordcount>
    <wordcount weight="1" > laid </wordcount>
    <wordcount weight="1" > occurred </wordcount>
    <wordcount weight="1" > acuminate </wordcount>
    <wordcount weight="1" > then </wordcount>
    <wordcount weight="1" > presumably </wordcount>
    <wordcount weight="1" > distinguishable </wordcount>
    <wordcount weight="1" > associated </wordcount>
    <wordcount weight="1" > before </wordcount>
    <wordcount weight="1" > preventing </wordcount>
    <wordcount weight="1" > su </wordcount>
    <wordcount weight="1" > irregularly </wordcount>
    <wordcount weight="1" > receptacle </wordcount>
    <wordcount weight="1" > air </wordcount>
    <wordcount weight="1" > hemispherical </wordcount>
    <wordcount weight="1" > prov </wordcount>
    <wordcount weight="1" > creepers </wordcount>
    <wordcount weight="1" > mucros </wordcount>
    <wordcount weight="1" > families </wordcount>
    <wordcount weight="1" > robust </wordcount>
    <wordcount weight="1" > comparison </wordcount>
    <wordcount weight="1" > ornamental </wordcount>
    <wordcount weight="1" > pubesbasally </wordcount>
    <wordcount weight="1" > physiological </wordcount>
    <wordcount weight="1" > presumed </wordcount>
    <wordcount weight="1" > disturbances </wordcount>
    <wordcount weight="1" > extensive </wordcount>
    <wordcount weight="1" > virgin </wordcount>
    <wordcount weight="1" > under </wordcount>
    <wordcount weight="1" > solitary </wordcount>
    <wordcount weight="1" > lower </wordcount>
    <wordcount weight="1" > noted </wordcount>
    <wordcount weight="1" > precludes </wordcount>
    <wordcount weight="1" > origins </wordcount>
    <wordcount weight="1" > fugitive </wordcount>
    <wordcount weight="1" > known </wordcount>
    <wordcount weight="1" > slope </wordcount>
    <wordcount weight="1" > shed </wordcount>
    <wordcount weight="1" > isthmus </wordcount>
    <wordcount weight="1" > physical </wordcount>
    <wordcount weight="1" > pollination </wordcount>
    <wordcount weight="1" > surmounted </wordcount>
    <wordcount weight="1" > beutzenberg </wordcount>
    <wordcount weight="1" > members </wordcount>
    <wordcount weight="1" > tolerances </wordcount>
    <wordcount weight="1" > s </wordcount>
    <wordcount weight="1" > spatulate </wordcount>
    <wordcount weight="1" > if </wordcount>
    <wordcount weight="1" > wherever </wordcount>
    <wordcount weight="1" > islas </wordcount>
    <wordcount weight="1" > plumose </wordcount>
    <wordcount weight="1" > specimens </wordcount>
    <wordcount weight="1" > lanceolate </wordcount>
    <wordcount weight="1" > talainarncana </wordcount>
    <wordcount weight="1" > protogynous </wordcount>
    <wordcount weight="1" > evidence </wordcount>
    <wordcount weight="1" > meters </wordcount>
    <wordcount weight="1" > mark </wordcount>
    <wordcount weight="1" > preference </wordcount>
    <wordcount weight="1" > providing </wordcount>
    <wordcount weight="1" > others </wordcount>
    <wordcount weight="1" > roadbanks </wordcount>
    <wordcount weight="1" > systems </wordcount>
    <wordcount weight="1" > perianth </wordcount>
    <wordcount weight="1" > syst </wordcount>
    <wordcount weight="1" > secretory </wordcount>
    <wordcount weight="1" > similarly </wordcount>
    <wordcount weight="1" > nsf </wordcount>
    <wordcount weight="1" > permanently </wordcount>
    <wordcount weight="1" > stem </wordcount>
    <wordcount weight="1" > stud </wordcount>
    <wordcount weight="1" > into </wordcount>
    <wordcount weight="1" > country </wordcount>
    <wordcount weight="1" > cent </wordcount>
    <wordcount weight="1" > maturation </wordcount>
    <wordcount weight="1" > ptutative </wordcount>
    <wordcount weight="1" > had </wordcount>
    <wordcount weight="1" > correspond </wordcount>
    <wordcount weight="1" > release </wordcount>
    <wordcount weight="1" > kilipiania </wordcount>
    <wordcount weight="1" > hatched </wordcount>
    <wordcount weight="1" > closely </wordcount>
    <wordcount weight="1" > true </wordcount>
    <wordcount weight="1" > bl </wordcount>
    <wordcount weight="1" > expanding </wordcount>
    <wordcount weight="1" > including </wordcount>
    <wordcount weight="1" > longer </wordcount>
    <wordcount weight="1" > sandpapery </wordcount>
    <wordcount weight="1" > east </wordcount>
    <wordcount weight="1" > peltata </wordcount>
    <wordcount weight="1" > treatment </wordcount>
    <wordcount weight="1" > europe </wordcount>
    <wordcount weight="1" > bearing </wordcount>
    <wordcount weight="1" > kenntnis </wordcount>
    <wordcount weight="1" > comments </wordcount>
    <wordcount weight="1" > prominence </wordcount>
    <wordcount weight="1" > striking </wordcount>
    <wordcount weight="1" > suggesting </wordcount>
    <wordcount weight="1" > correspondingly </wordcount>
    <wordcount weight="1" > genus </wordcount>
    <wordcount weight="1" > studied </wordcount>
    <wordcount weight="1" > typical </wordcount>
    <wordcount weight="1" > abstract </wordcount>
    <wordcount weight="1" > rosette </wordcount>
    <wordcount weight="1" > moreover </wordcount>
    <wordcount weight="1" > extinction </wordcount>
    <wordcount weight="1" > producing </wordcount>
    <wordcount weight="1" > time </wordcount>
    <wordcount weight="1" > races </wordcount>
    <wordcount weight="1" > hundred </wordcount>
    <wordcount weight="1" > gray </wordcount>
    <wordcount weight="1" > facilitate </wordcount>
    <wordcount weight="1" > composition </wordcount>
    <wordcount weight="1" > distal </wordcount>
    <wordcount weight="1" > zone </wordcount>
    <wordcount weight="1" > expense </wordcount>
    <wordcount weight="1" > streambanks </wordcount>
    <wordcount weight="1" > tracts </wordcount>
    <wordcount weight="1" > hybridize </wordcount>
    <wordcount weight="1" > enlarged </wordcount>
    <wordcount weight="1" > display </wordcount>
    <wordcount weight="1" > lanceotips </wordcount>
    <wordcount weight="1" > last </wordcount>
    <wordcount weight="1" > blunt </wordcount>
    <wordcount weight="1" > state </wordcount>
    <wordcount weight="1" > countryside </wordcount>
    <wordcount weight="1" > glassy </wordcount>
    <wordcount weight="1" > do </wordcount>
    <wordcount weight="1" > chain </wordcount>
    <wordcount weight="1" > understood </wordcount>
    <wordcount weight="1" > reto </wordcount>
    <wordcount weight="1" > differences </wordcount>
    <wordcount weight="1" > homologous </wordcount>
    <wordcount weight="1" > clusters </wordcount>
    <wordcount weight="1" > manner </wordcount>
    <wordcount weight="1" > talamanccina </wordcount>
    <wordcount weight="1" > twice </wordcount>
    <wordcount weight="1" > apices </wordcount>
    <wordcount weight="1" > right </wordcount>
    <wordcount weight="1" > displayed </wordcount>
    <wordcount weight="1" > veined </wordcount>
    <wordcount weight="1" > reviews </wordcount>
    <wordcount weight="1" > ferinandez </wordcount>
    <wordcount weight="1" > obscures </wordcount>
    <wordcount weight="1" > affirm </wordcount>
    <wordcount weight="1" > occupied </wordcount>
    <wordcount weight="1" > rachides </wordcount>
    <wordcount weight="1" > existing </wordcount>
    <wordcount weight="1" > acerca </wordcount>
    <wordcount weight="1" > simple </wordcount>
    <wordcount weight="1" > unique </wordcount>
    <wordcount weight="1" > el </wordcount>
    <wordcount weight="1" > malesian </wordcount>
    <wordcount weight="1" > recently </wordcount>
    <wordcount weight="1" > bilocular </wordcount>
    <wordcount weight="1" > lobed </wordcount>
    <wordcount weight="1" > produced </wordcount>
    <wordcount weight="1" > insignus </wordcount>
    <wordcount weight="1" > less </wordcount>
    <wordcount weight="1" > outliers </wordcount>
    <wordcount weight="1" > strategies </wordcount>
    <wordcount weight="1" > accounts </wordcount>
    <wordcount weight="1" > anthers </wordcount>
    <wordcount weight="1" > occasional </wordcount>
    <wordcount weight="1" > sellowia </wordcount>
    <wordcount weight="1" > deep </wordcount>
    <wordcount weight="1" > protective </wordcount>
    <wordcount weight="1" > fleshy </wordcount>
    <wordcount weight="1" > germinated </wordcount>
    <wordcount weight="1" > distribution </wordcount>
    <wordcount weight="1" > wide </wordcount>
    <wordcount weight="1" > consisting </wordcount>
    <wordcount weight="1" > weak </wordcount>
    <wordcount weight="1" > cartago </wordcount>
    <wordcount weight="1" > interdigitate </wordcount>
    <wordcount weight="1" > periphery </wordcount>
    <wordcount weight="1" > synonymy </wordcount>
    <wordcount weight="1" > organographie </wordcount>
    <wordcount weight="1" > spike </wordcount>
    <wordcount weight="1" > w </wordcount>
    <wordcount weight="1" > jahr </wordcount>
    <wordcount weight="1" > hawaiian </wordcount>
    <wordcount weight="1" > sites </wordcount>
    <wordcount weight="1" > lowermost </wordcount>
    <wordcount weight="1" > almost </wordcount>
    <wordcount weight="1" > warty </wordcount>
    <wordcount weight="1" > thousands </wordcount>
    <wordcount weight="1" > none </wordcount>
    <wordcount weight="1" > das </wordcount>
    <wordcount weight="1" > opened </wordcount>
    <wordcount weight="1" > pilosa </wordcount>
    <wordcount weight="1" > prior </wordcount>
    <wordcount weight="1" > talamanicana </wordcount>
    <wordcount weight="1" > distribucion </wordcount>
    <wordcount weight="1" > casual </wordcount>
    <wordcount weight="1" > exclusively </wordcount>
    <wordcount weight="1" > discussion </wordcount>
    <wordcount weight="1" > work </wordcount>
    <wordcount weight="1" > ences </wordcount>
    <wordcount weight="1" > popular </wordcount>
    <wordcount weight="1" > intense </wordcount>
    <wordcount weight="1" > parent </wordcount>
    <wordcount weight="1" > comprise </wordcount>
    <wordcount weight="1" > milligania </wordcount>
    <wordcount weight="1" > completed </wordcount>
    <wordcount weight="1" > reviewing </wordcount>
    <wordcount weight="1" > closer </wordcount>
    <wordcount weight="1" > richard </wordcount>
    <wordcount weight="1" > los </wordcount>
    <wordcount weight="1" > perfectly </wordcount>
    <wordcount weight="1" > occasionally </wordcount>
    <wordcount weight="1" > obvious </wordcount>
    <wordcount weight="1" > rolla </wordcount>
    <wordcount weight="1" > must </wordcount>
    <wordcount weight="1" > swarm </wordcount>
    <wordcount weight="1" > iferous </wordcount>
    <wordcount weight="1" > given </wordcount>
    <wordcount weight="1" > thirds </wordcount>
    <wordcount weight="1" > consequently </wordcount>
    <wordcount weight="1" > illustrated </wordcount>
    <wordcount weight="1" > reported </wordcount>
    <wordcount weight="1" > systematics </wordcount>
    <wordcount weight="1" > point </wordcount>
    <wordcount weight="1" > tens </wordcount>
    <wordcount weight="1" > part </wordcount>
    <wordcount weight="1" > supervision </wordcount>
    <wordcount weight="1" > landslides </wordcount>
    <wordcount weight="1" > wellwith </wordcount>
    <wordcount weight="1" > establishment </wordcount>
    <wordcount weight="1" > gunnltlera </wordcount>
    <wordcount weight="1" > amphiploid </wordcount>
    <wordcount weight="1" > uniovular </wordcount>
    <wordcount weight="1" > anemophily </wordcount>
    <wordcount weight="1" > collecting </wordcount>
    <wordcount weight="1" > sufficiently </wordcount>
    <wordcount weight="1" > dynamic </wordcount>
    <wordcount weight="1" > clustered </wordcount>
    <wordcount weight="1" > quickly </wordcount>
    <wordcount weight="1" > due </wordcount>
    <wordcount weight="1" > sobre </wordcount>
    <wordcount weight="1" > shallower </wordcount>
    <wordcount weight="1" > confirms </wordcount>
    <wordcount weight="1" > expand </wordcount>
    <wordcount weight="1" > die </wordcount>
    <wordcount weight="1" > apeta </wordcount>
    <wordcount weight="1" > encouraged </wordcount>
    <wordcount weight="1" > top </wordcount>
    <wordcount weight="1" > ten </wordcount>
    <wordcount weight="1" > lies </wordcount>
    <wordcount weight="1" > sheathing </wordcount>
    <wordcount weight="1" > texture </wordcount>
    <wordcount weight="1" > northern </wordcount>
    <wordcount weight="1" > waste </wordcount>
    <wordcount weight="1" > acute </wordcount>
    <wordcount weight="1" > minute </wordcount>
    <wordcount weight="1" > pollinators </wordcount>
    <wordcount weight="1" > contribute </wordcount>
    <wordcount weight="1" > medials </wordcount>
    <wordcount weight="1" > northwest </wordcount>
    <wordcount weight="1" > pflanzen </wordcount>
    <wordcount weight="1" > bemerkungen </wordcount>
    <wordcount weight="1" > variation </wordcount>
    <wordcount weight="1" > petalbranches </wordcount>
    <wordcount weight="1" > colonized </wordcount>
    <wordcount weight="1" > scarcely </wordcount>
    <wordcount weight="1" > sequence </wordcount>
    <wordcount weight="1" > tremendously </wordcount>
    <wordcount weight="1" > shallowest </wordcount>
    <wordcount weight="1" > tall </wordcount>
    <wordcount weight="1" > actually </wordcount>
    <wordcount weight="1" > evolution </wordcount>
    <wordcount weight="1" > take </wordcount>
    <wordcount weight="1" > rare </wordcount>
    <wordcount weight="1" > ene </wordcount>
    <wordcount weight="1" > terminal </wordcount>
    <wordcount weight="1" > guwera </wordcount>
    <wordcount weight="1" > individuals </wordcount>
    <wordcount weight="1" > seemed </wordcount>
    <wordcount weight="1" > madrofno </wordcount>
    <wordcount weight="1" > shrivelled </wordcount>
    <wordcount weight="1" > proceeds </wordcount>
    <wordcount weight="1" > talamatnanta </wordcount>
    <wordcount weight="1" > intercostal </wordcount>
    <wordcount weight="1" > sees </wordcount>
    <wordcount weight="1" > geografica </wordcount>
    <wordcount weight="1" > question </wordcount>
    <wordcount weight="1" > peculiar </wordcount>
    <wordcount weight="1" > california </wordcount>
    <wordcount weight="1" > madreselva </wordcount>
    <wordcount weight="1" > entails </wordcount>
    <wordcount weight="1" > mexicatia </wordcount>
    <wordcount weight="1" > tryon </wordcount>
    <wordcount weight="1" > preparation </wordcount>
    <wordcount weight="1" > stamens </wordcount>
    <wordcount weight="1" > probabilities </wordcount>
    <wordcount weight="1" > ornithologist </wordcount>
    <wordcount weight="1" > kilometer </wordcount>
    <wordcount weight="1" > years </wordcount>
    <wordcount weight="1" > dynamics </wordcount>
    <wordcount weight="1" > inner </wordcount>
    <wordcount weight="1" > difference </wordcount>
    <wordcount weight="1" > talamancanra </wordcount>
    <wordcount weight="1" > conform </wordcount>
    <wordcount weight="1" > open </wordcount>
    <wordcount weight="1" > generate </wordcount>
    <wordcount weight="1" > linne </wordcount>
    <wordcount weight="1" > since </wordcount>
    <wordcount weight="1" > colonizes </wordcount>
    <wordcount weight="1" > alternately </wordcount>
    <wordcount weight="1" > similarity </wordcount>
    <wordcount weight="1" > resembling </wordcount>
    <wordcount weight="1" > jose </wordcount>
    <wordcount weight="1" > midribs </wordcount>
    <wordcount weight="1" > b </wordcount>
    <wordcount weight="1" > discussed </wordcount>
    <wordcount weight="1" > morphological </wordcount>
    <wordcount weight="1" > midrib </wordcount>
    <wordcount weight="1" > rugosity </wordcount>
    <wordcount weight="1" > tidskr </wordcount>
    <wordcount weight="1" > subtended </wordcount>
    <wordcount weight="1" > relatively </wordcount>
    <wordcount weight="1" > evidently </wordcount>
    <wordcount weight="1" > ability </wordcount>
    <wordcount weight="1" > indications </wordcount>
    <wordcount weight="1" > mixed </wordcount>
    <wordcount weight="1" > individual </wordcount>
    <wordcount weight="1" > acta </wordcount>
    <wordcount weight="1" > adaptive </wordcount>
    <wordcount weight="1" > giant </wordcount>
    <wordcount weight="1" > successful </wordcount>
    <wordcount weight="1" > considerable </wordcount>
    <wordcount weight="1" > like </wordcount>
    <wordcount weight="1" > resembled </wordcount>
    <wordcount weight="1" > below </wordcount>
    <wordcount weight="1" > opposite </wordcount>
    <wordcount weight="1" > dozen </wordcount>
    <wordcount weight="1" > systematu </wordcount>
    <wordcount weight="1" > smaller </wordcount>
    <wordcount weight="1" > suggest </wordcount>
    <wordcount weight="1" > interspecific </wordcount>
    <wordcount weight="1" > thank </wordcount>
    <wordcount weight="1" > americanas </wordcount>
    <wordcount weight="1" > next </wordcount>
    <wordcount weight="1" > sessile </wordcount>
    <wordcount weight="1" > mountain </wordcount>
    <wordcount weight="1" > outwards </wordcount>
    <wordcount weight="1" > probable </wordcount>
    <wordcount weight="1" > ecology </wordcount>
    <wordcount weight="1" > after </wordcount>
    <wordcount weight="1" > fimbriate </wordcount>
    <wordcount weight="1" > abundant </wordcount>
    <wordcount weight="1" > distinct </wordcount>
    <wordcount weight="1" > biol </wordcount>
    <wordcount weight="1" > latter </wordcount>
    <wordcount weight="1" > centermost </wordcount>
    <wordcount weight="1" > fertilization </wordcount>
    <wordcount weight="1" > artificial </wordcount>
    <wordcount weight="1" > displays </wordcount>
    <wordcount weight="1" > buds </wordcount>
    <wordcount weight="1" > margin </wordcount>
    <wordcount weight="1" > specificity </wordcount>
    <wordcount weight="1" > formation </wordcount>
    <wordcount weight="1" > facing </wordcount>
    <wordcount weight="1" > uniformly </wordcount>
    <wordcount weight="1" > promote </wordcount>
    <wordcount weight="1" > palkovicl </wordcount>
    <wordcount weight="1" > temporary </wordcount>
    <wordcount weight="1" > normal </wordcount>
    <wordcount weight="1" > difficulty </wordcount>
    <wordcount weight="1" > invests </wordcount>
    <wordcount weight="1" > presence </wordcount>
    <wordcount weight="1" > spills </wordcount>
    <wordcount weight="1" > allowing </wordcount>
    <wordcount weight="1" > rides </wordcount>
    <wordcount weight="1" > c </wordcount>
    <wordcount weight="1" > distinguished </wordcount>
    <wordcount weight="1" > straw </wordcount>
    <wordcount weight="1" > herb </wordcount>
    <wordcount weight="1" > shallow </wordcount>
    <wordcount weight="1" > effective </wordcount>
    <wordcount weight="1" > labile </wordcount>
    <wordcount weight="1" > anderson </wordcount>
    <wordcount weight="1" > lamarck </wordcount>
    <wordcount weight="1" > geographical </wordcount>
    <wordcount weight="1" > talarnarncana </wordcount>
    <wordcount weight="1" > indefinitely </wordcount>
    <wordcount weight="1" > fimciliate </wordcount>
    <wordcount weight="1" > analysis </wordcount>
    <wordcount weight="1" > up </wordcount>
    <wordcount weight="1" > enclose </wordcount>
    <wordcount weight="1" > probably </wordcount>
    <wordcount weight="1" > alous </wordcount>
    <wordcount weight="1" > analyze </wordcount>
    <wordcount weight="1" > slightly </wordcount>
    <wordcount weight="1" > inapplicable </wordcount>
    <wordcount weight="1" > drupelet </wordcount>
    <wordcount weight="1" > inaccessible </wordcount>
    <wordcount weight="1" > copyright </wordcount>
    <wordcount weight="1" > period </wordcount>
    <wordcount weight="1" > world </wordcount>
    <wordcount weight="1" > seguniformly </wordcount>
    <wordcount weight="1" > cataphylls </wordcount>
    <wordcount weight="1" > mature </wordcount>
    <wordcount weight="1" > organs </wordcount>
    <wordcount weight="1" > comparable </wordcount>
    <wordcount weight="1" > y </wordcount>
    <wordcount weight="1" > sustained </wordcount>
    <wordcount weight="1" > atlas </wordcount>
    <wordcount weight="1" > assists </wordcount>
    <wordcount weight="1" > newly </wordcount>
    <wordcount weight="1" > svenisk </wordcount>
    <wordcount weight="1" > building </wordcount>
    <wordcount weight="1" > tallest </wordcount>
    <wordcount weight="1" > axillary </wordcount>
    <wordcount weight="1" > ca </wordcount>
    <wordcount weight="1" > function </wordcount>
    <wordcount weight="1" > restricting </wordcount>
    <wordcount weight="1" > talamancacia </wordcount>
    <wordcount weight="1" > increases </wordcount>
    <wordcount weight="1" > strategy </wordcount>
    <wordcount weight="1" > widely </wordcount>
    <wordcount weight="1" > cited </wordcount>
    <wordcount weight="1" > fiber </wordcount>
    <wordcount weight="1" > concomitant </wordcount>
    <wordcount weight="1" > poorly </wordcount>
    <wordcount weight="1" > deeper </wordcount>
    <wordcount weight="1" > society </wordcount>
    <wordcount weight="1" > separate </wordcount>
    <wordcount weight="1" > hort </wordcount>
    <wordcount weight="1" > grants </wordcount>
    <wordcount weight="1" > mechanism </wordcount>
</article>
