<?xml version="1.0" encoding="UTF-8"?>
<article id="10.2307/1936952" >
    <wordcount weight="171" > and </wordcount>
    <wordcount weight="157" > of </wordcount>
    <wordcount weight="98" > the </wordcount>
    <wordcount weight="91" > in </wordcount>
    <wordcount weight="79" > a </wordcount>
    <wordcount weight="52" > j </wordcount>
    <wordcount weight="42" > r </wordcount>
    <wordcount weight="34" > m </wordcount>
    <wordcount weight="34" > d </wordcount>
    <wordcount weight="33" > w </wordcount>
    <wordcount weight="33" > c </wordcount>
    <wordcount weight="27" > e </wordcount>
    <wordcount weight="27" > to </wordcount>
    <wordcount weight="24" > g </wordcount>
    <wordcount weight="24" > on </wordcount>
    <wordcount weight="21" > f </wordcount>
    <wordcount weight="20" > l </wordcount>
    <wordcount weight="20" > h </wordcount>
    <wordcount weight="18" > t </wordcount>
    <wordcount weight="17" > ecological </wordcount>
    <wordcount weight="17" > for </wordcount>
    <wordcount weight="16" > s </wordcount>
    <wordcount weight="16" > population </wordcount>
    <wordcount weight="15" > an </wordcount>
    <wordcount weight="15" > species </wordcount>
    <wordcount weight="14" > n </wordcount>
    <wordcount weight="14" > by </wordcount>
    <wordcount weight="14" > habitat </wordcount>
    <wordcount weight="14" > k </wordcount>
    <wordcount weight="13" > foraging </wordcount>
    <wordcount weight="13" > p </wordcount>
    <wordcount weight="13" > ecology </wordcount>
    <wordcount weight="12" > forest </wordcount>
    <wordcount weight="12" > volume </wordcount>
    <wordcount weight="11" > at </wordcount>
    <wordcount weight="11" > community </wordcount>
    <wordcount weight="11" > nutrient </wordcount>
    <wordcount weight="11" > plant </wordcount>
    <wordcount weight="11" > society </wordcount>
    <wordcount weight="10" > b </wordcount>
    <wordcount weight="10" > duke </wordcount>
    <wordcount weight="10" > index </wordcount>
    <wordcount weight="10" > university </wordcount>
    <wordcount weight="10" > size </wordcount>
    <wordcount weight="10" > food </wordcount>
    <wordcount weight="10" > effects </wordcount>
    <wordcount weight="10" > seed </wordcount>
    <wordcount weight="9" > environmental </wordcount>
    <wordcount weight="9" > reproductive </wordcount>
    <wordcount weight="9" > be </wordcount>
    <wordcount weight="9" > structure </wordcount>
    <wordcount weight="9" > william </wordcount>
    <wordcount weight="8" > james </wordcount>
    <wordcount weight="8" > david </wordcount>
    <wordcount weight="8" > vegetation </wordcount>
    <wordcount weight="8" > is </wordcount>
    <wordcount weight="8" > america </wordcount>
    <wordcount weight="8" > nc </wordcount>
    <wordcount weight="8" > behavior </wordcount>
    <wordcount weight="7" > growth </wordcount>
    <wordcount weight="7" > michael </wordcount>
    <wordcount weight="7" > water </wordcount>
    <wordcount weight="7" > niche </wordcount>
    <wordcount weight="7" > richard </wordcount>
    <wordcount weight="7" > desert </wordcount>
    <wordcount weight="7" > life </wordcount>
    <wordcount weight="7" > litter </wordcount>
    <wordcount weight="7" > ecosystem </wordcount>
    <wordcount weight="7" > should </wordcount>
    <wordcount weight="6" > stream </wordcount>
    <wordcount weight="6" > history </wordcount>
    <wordcount weight="6" > impact </wordcount>
    <wordcount weight="6" > from </wordcount>
    <wordcount weight="6" > age </wordcount>
    <wordcount weight="6" > social </wordcount>
    <wordcount weight="6" > new </wordcount>
    <wordcount weight="6" > robert </wordcount>
    <wordcount weight="6" > soil </wordcount>
    <wordcount weight="5" > no </wordcount>
    <wordcount weight="5" > predation </wordcount>
    <wordcount weight="5" > phosphorus </wordcount>
    <wordcount weight="5" > experimental </wordcount>
    <wordcount weight="5" > fire </wordcount>
    <wordcount weight="5" > populations </wordcount>
    <wordcount weight="5" > are </wordcount>
    <wordcount weight="5" > energy </wordcount>
    <wordcount weight="5" > college </wordcount>
    <wordcount weight="5" > bird </wordcount>
    <wordcount weight="5" > press </wordcount>
    <wordcount weight="5" > prey </wordcount>
    <wordcount weight="5" > larval </wordcount>
    <wordcount weight="5" > dynamics </wordcount>
    <wordcount weight="5" > body </wordcount>
    <wordcount weight="5" > salt </wordcount>
    <wordcount weight="5" > as </wordcount>
    <wordcount weight="5" > among </wordcount>
    <wordcount weight="4" > thomas </wordcount>
    <wordcount weight="4" > box </wordcount>
    <wordcount weight="4" > functional </wordcount>
    <wordcount weight="4" > group </wordcount>
    <wordcount weight="4" > aquatic </wordcount>
    <wordcount weight="4" > analysis </wordcount>
    <wordcount weight="4" > competition </wordcount>
    <wordcount weight="4" > dispersal </wordcount>
    <wordcount weight="4" > nitrogen </wordcount>
    <wordcount weight="4" > demographic </wordcount>
    <wordcount weight="4" > environment </wordcount>
    <wordcount weight="4" > diversity </wordcount>
    <wordcount weight="4" > resource </wordcount>
    <wordcount weight="4" > prairie </wordcount>
    <wordcount weight="4" > simulation </wordcount>
    <wordcount weight="4" > genetic </wordcount>
    <wordcount weight="4" > business </wordcount>
    <wordcount weight="4" > kenneth </wordcount>
    <wordcount weight="4" > postage </wordcount>
    <wordcount weight="4" > insect </wordcount>
    <wordcount weight="4" > all </wordcount>
    <wordcount weight="4" > patterns </wordcount>
    <wordcount weight="4" > watershed </wordcount>
    <wordcount weight="4" > vol </wordcount>
    <wordcount weight="4" > role </wordcount>
    <wordcount weight="4" > northern </wordcount>
    <wordcount weight="4" > variation </wordcount>
    <wordcount weight="4" > human </wordcount>
    <wordcount weight="4" > winter </wordcount>
    <wordcount weight="4" > de </wordcount>
    <wordcount weight="4" > optimal </wordcount>
    <wordcount weight="4" > field </wordcount>
    <wordcount weight="4" > back </wordcount>
    <wordcount weight="4" > influence </wordcount>
    <wordcount weight="4" > arizona </wordcount>
    <wordcount weight="3" > energetics </wordcount>
    <wordcount weight="3" > mojave </wordcount>
    <wordcount weight="3" > nectar </wordcount>
    <wordcount weight="3" > latitudinal </wordcount>
    <wordcount weight="3" > ant </wordcount>
    <wordcount weight="3" > tropical </wordcount>
    <wordcount weight="3" > succession </wordcount>
    <wordcount weight="3" > southern </wordcount>
    <wordcount weight="3" > american </wordcount>
    <wordcount weight="3" > study </wordcount>
    <wordcount weight="3" > tree </wordcount>
    <wordcount weight="3" > single </wordcount>
    <wordcount weight="3" > biological </wordcount>
    <wordcount weight="3" > united </wordcount>
    <wordcount weight="3" > communities </wordcount>
    <wordcount weight="3" > vole </wordcount>
    <wordcount weight="3" > with </wordcount>
    <wordcount weight="3" > managing </wordcount>
    <wordcount weight="3" > plants </wordcount>
    <wordcount weight="3" > biology </wordcount>
    <wordcount weight="3" > or </wordcount>
    <wordcount weight="3" > organic </wordcount>
    <wordcount weight="3" > home </wordcount>
    <wordcount weight="3" > fish </wordcount>
    <wordcount weight="3" > two </wordcount>
    <wordcount weight="3" > microtine </wordcount>
    <wordcount weight="3" > addressed </wordcount>
    <wordcount weight="3" > temperate </wordcount>
    <wordcount weight="3" > other </wordcount>
    <wordcount weight="3" > sampling </wordcount>
    <wordcount weight="3" > character </wordcount>
    <wordcount weight="3" > time </wordcount>
    <wordcount weight="3" > decomposition </wordcount>
    <wordcount weight="3" > density </wordcount>
    <wordcount weight="3" > rana </wordcount>
    <wordcount weight="3" > distribution </wordcount>
    <wordcount weight="3" > gradient </wordcount>
    <wordcount weight="3" > lizard </wordcount>
    <wordcount weight="3" > primary </wordcount>
    <wordcount weight="3" > wayne </wordcount>
    <wordcount weight="3" > thompson </wordcount>
    <wordcount weight="3" > subscriptions </wordcount>
    <wordcount weight="3" > nearest </wordcount>
    <wordcount weight="3" > lake </wordcount>
    <wordcount weight="3" > sea </wordcount>
    <wordcount weight="3" > hubbard </wordcount>
    <wordcount weight="3" > use </wordcount>
    <wordcount weight="3" > estuarine </wordcount>
    <wordcount weight="3" > cornell </wordcount>
    <wordcount weight="3" > processes </wordcount>
    <wordcount weight="3" > office </wordcount>
    <wordcount weight="3" > boyce </wordcount>
    <wordcount weight="3" > editor </wordcount>
    <wordcount weight="3" > solidago </wordcount>
    <wordcount weight="3" > algae </wordcount>
    <wordcount weight="3" > three </wordcount>
    <wordcount weight="3" > approach </wordcount>
    <wordcount weight="3" > published </wordcount>
    <wordcount weight="3" > gall </wordcount>
    <wordcount weight="3" > jr </wordcount>
    <wordcount weight="3" > valentine </wordcount>
    <wordcount weight="3" > sceloporus </wordcount>
    <wordcount weight="3" > brook </wordcount>
    <wordcount weight="3" > small </wordcount>
    <wordcount weight="3" > response </wordcount>
    <wordcount weight="3" > evolutionary </wordcount>
    <wordcount weight="3" > v </wordcount>
    <wordcount weight="3" > ny </wordcount>
    <wordcount weight="3" > bees </wordcount>
    <wordcount weight="3" > competitive </wordcount>
    <wordcount weight="2" > kurt </wordcount>
    <wordcount weight="2" > fir </wordcount>
    <wordcount weight="2" > costa </wordcount>
    <wordcount weight="2" > model </wordcount>
    <wordcount weight="2" > factors </wordcount>
    <wordcount weight="2" > brian </wordcount>
    <wordcount weight="2" > lieberman </wordcount>
    <wordcount weight="2" > insects </wordcount>
    <wordcount weight="2" > abrahamson </wordcount>
    <wordcount weight="2" > its </wordcount>
    <wordcount weight="2" > tiger </wordcount>
    <wordcount weight="2" > interference </wordcount>
    <wordcount weight="2" > chelonia </wordcount>
    <wordcount weight="2" > oviposition </wordcount>
    <wordcount weight="2" > royce </wordcount>
    <wordcount weight="2" > u </wordcount>
    <wordcount weight="2" > primate </wordcount>
    <wordcount weight="2" > altitudinal </wordcount>
    <wordcount weight="2" > raymond </wordcount>
    <wordcount weight="2" > extreme </wordcount>
    <wordcount weight="2" > paratendipes </wordcount>
    <wordcount weight="2" > mean </wordcount>
    <wordcount weight="2" > predator </wordcount>
    <wordcount weight="2" > active </wordcount>
    <wordcount weight="2" > pelagic </wordcount>
    <wordcount weight="2" > deciduous </wordcount>
    <wordcount weight="2" > overlap </wordcount>
    <wordcount weight="2" > fossorial </wordcount>
    <wordcount weight="2" > their </wordcount>
    <wordcount weight="2" > milton </wordcount>
    <wordcount weight="2" > benjamin </wordcount>
    <wordcount weight="2" > graphical </wordcount>
    <wordcount weight="2" > efficiency </wordcount>
    <wordcount weight="2" > white </wordcount>
    <wordcount weight="2" > mortality </wordcount>
    <wordcount weight="2" > az </wordcount>
    <wordcount weight="2" > multivariate </wordcount>
    <wordcount weight="2" > tactile </wordcount>
    <wordcount weight="2" > when </wordcount>
    <wordcount weight="2" > canada </wordcount>
    <wordcount weight="2" > studies </wordcount>
    <wordcount weight="2" > under </wordcount>
    <wordcount weight="2" > budgeting </wordcount>
    <wordcount weight="2" > forests </wordcount>
    <wordcount weight="2" > stephen </wordcount>
    <wordcount weight="2" > organization </wordcount>
    <wordcount weight="2" > spp </wordcount>
    <wordcount weight="2" > management </wordcount>
    <wordcount weight="2" > specialization </wordcount>
    <wordcount weight="2" > duncan </wordcount>
    <wordcount weight="2" > invertebrate </wordcount>
    <wordcount weight="2" > robust </wordcount>
    <wordcount weight="2" > wisconsin </wordcount>
    <wordcount weight="2" > department </wordcount>
    <wordcount weight="2" > surface </wordcount>
    <wordcount weight="2" > grazing </wordcount>
    <wordcount weight="2" > dr </wordcount>
    <wordcount weight="2" > fluctuating </wordcount>
    <wordcount weight="2" > lee </wordcount>
    <wordcount weight="2" > rocky </wordcount>
    <wordcount weight="2" > nonmember </wordcount>
    <wordcount weight="2" > espeletia </wordcount>
    <wordcount weight="2" > death </wordcount>
    <wordcount weight="2" > schaffer </wordcount>
    <wordcount weight="2" > utilization </wordcount>
    <wordcount weight="2" > stem </wordcount>
    <wordcount weight="2" > rhus </wordcount>
    <wordcount weight="2" > calidris </wordcount>
    <wordcount weight="2" > invertebrates </wordcount>
    <wordcount weight="2" > intraspecific </wordcount>
    <wordcount weight="2" > missing </wordcount>
    <wordcount weight="2" > gary </wordcount>
    <wordcount weight="2" > handling </wordcount>
    <wordcount weight="2" > principles </wordcount>
    <wordcount weight="2" > height </wordcount>
    <wordcount weight="2" > concentration </wordcount>
    <wordcount weight="2" > elevational </wordcount>
    <wordcount weight="2" > ivory </wordcount>
    <wordcount weight="2" > dues </wordcount>
    <wordcount weight="2" > guild </wordcount>
    <wordcount weight="2" > rodents </wordcount>
    <wordcount weight="2" > sapelo </wordcount>
    <wordcount weight="2" > john </wordcount>
    <wordcount weight="2" > subalpine </wordcount>
    <wordcount weight="2" > state </wordcount>
    <wordcount weight="2" > gene </wordcount>
    <wordcount weight="2" > warren </wordcount>
    <wordcount weight="2" > i </wordcount>
    <wordcount weight="2" > acetylene </wordcount>
    <wordcount weight="2" > heterotrophic </wordcount>
    <wordcount weight="2" > prokelisia </wordcount>
    <wordcount weight="2" > mass </wordcount>
    <wordcount weight="2" > alosa </wordcount>
    <wordcount weight="2" > successional </wordcount>
    <wordcount weight="2" > forms </wordcount>
    <wordcount weight="2" > mammals </wordcount>
    <wordcount weight="2" > animal </wordcount>
    <wordcount weight="2" > likelihood </wordcount>
    <wordcount weight="2" > relationships </wordcount>
    <wordcount weight="2" > within </wordcount>
    <wordcount weight="2" > oregon </wordcount>
    <wordcount weight="2" > removal </wordcount>
    <wordcount weight="2" > spatial </wordcount>
    <wordcount weight="2" > balsam </wordcount>
    <wordcount weight="2" > arthropods </wordcount>
    <wordcount weight="2" > strategies </wordcount>
    <wordcount weight="2" > agricultural </wordcount>
    <wordcount weight="2" > shortgrass </wordcount>
    <wordcount weight="2" > theory </wordcount>
    <wordcount weight="2" > books </wordcount>
    <wordcount weight="2" > pesticides </wordcount>
    <wordcount weight="2" > capture </wordcount>
    <wordcount weight="2" > east </wordcount>
    <wordcount weight="2" > burrowing </wordcount>
    <wordcount weight="2" > coastal </wordcount>
    <wordcount weight="2" > lycium </wordcount>
    <wordcount weight="2" > homing </wordcount>
    <wordcount weight="2" > sexual </wordcount>
    <wordcount weight="2" > payable </wordcount>
    <wordcount weight="2" > reggio </wordcount>
    <wordcount weight="2" > phytosociology </wordcount>
    <wordcount weight="2" > periodical </wordcount>
    <wordcount weight="2" > vegetational </wordcount>
    <wordcount weight="2" > feeding </wordcount>
    <wordcount weight="2" > replacement </wordcount>
    <wordcount weight="2" > development </wordcount>
    <wordcount weight="2" > data </wordcount>
    <wordcount weight="2" > migration </wordcount>
    <wordcount weight="2" > remittances </wordcount>
    <wordcount weight="2" > planning </wordcount>
    <wordcount weight="2" > fishes </wordcount>
    <wordcount weight="2" > made </wordcount>
    <wordcount weight="2" > venezuelan </wordcount>
    <wordcount weight="2" > invisible </wordcount>
    <wordcount weight="2" > west </wordcount>
    <wordcount weight="2" > multiple </wordcount>
    <wordcount weight="2" > competing </wordcount>
    <wordcount weight="2" > seston </wordcount>
    <wordcount weight="2" > reduction </wordcount>
    <wordcount weight="2" > related </wordcount>
    <wordcount weight="2" > along </wordcount>
    <wordcount weight="2" > birds </wordcount>
    <wordcount weight="2" > budget </wordcount>
    <wordcount weight="2" > spartina </wordcount>
    <wordcount weight="2" > island </wordcount>
    <wordcount weight="2" > ghana </wordcount>
    <wordcount weight="2" > botany </wordcount>
    <wordcount weight="2" > cushing </wordcount>
    <wordcount weight="2" > issues </wordcount>
    <wordcount weight="2" > metabolic </wordcount>
    <wordcount weight="2" > submitted </wordcount>
    <wordcount weight="2" > interactions </wordcount>
    <wordcount weight="2" > mathematical </wordcount>
    <wordcount weight="2" > which </wordcount>
    <wordcount weight="2" > review </wordcount>
    <wordcount weight="2" > additional </wordcount>
    <wordcount weight="2" > hampshire </wordcount>
    <wordcount weight="2" > harvester </wordcount>
    <wordcount weight="2" > neighbor </wordcount>
    <wordcount weight="2" > assembly </wordcount>
    <wordcount weight="2" > chemistry </wordcount>
    <wordcount weight="2" > institutional </wordcount>
    <wordcount weight="2" > national </wordcount>
    <wordcount weight="2" > publication </wordcount>
    <wordcount weight="2" > grant </wordcount>
    <wordcount weight="2" > precipitation </wordcount>
    <wordcount weight="2" > alluvial </wordcount>
    <wordcount weight="2" > daniel </wordcount>
    <wordcount weight="2" > leaf </wordcount>
    <wordcount weight="2" > range </wordcount>
    <wordcount weight="2" > interspecific </wordcount>
    <wordcount weight="2" > dry </wordcount>
    <wordcount weight="2" > sources </wordcount>
    <wordcount weight="2" > midsummer </wordcount>
    <wordcount weight="2" > area </wordcount>
    <wordcount weight="2" > pond </wordcount>
    <wordcount weight="2" > neutral </wordcount>
    <wordcount weight="2" > hatching </wordcount>
    <wordcount weight="2" > conifer </wordcount>
    <wordcount weight="2" > transport </wordcount>
    <wordcount weight="2" > helianthella </wordcount>
    <wordcount weight="2" > carl </wordcount>
    <wordcount weight="2" > between </wordcount>
    <wordcount weight="2" > relation </wordcount>
    <wordcount weight="2" > dusicyon </wordcount>
    <wordcount weight="2" > influences </wordcount>
    <wordcount weight="2" > donald </wordcount>
    <wordcount weight="2" > marine </wordcount>
    <wordcount weight="2" > oak </wordcount>
    <wordcount weight="2" > element </wordcount>
    <wordcount weight="2" > spawning </wordcount>
    <wordcount weight="2" > interaction </wordcount>
    <wordcount weight="2" > productivity </wordcount>
    <wordcount weight="2" > gulf </wordcount>
    <wordcount weight="2" > ecosystems </wordcount>
    <wordcount weight="2" > ground </wordcount>
    <wordcount weight="2" > north </wordcount>
    <wordcount weight="2" > metamorphosis </wordcount>
    <wordcount weight="2" > adaptive </wordcount>
    <wordcount weight="2" > southeastern </wordcount>
    <wordcount weight="2" > animals </wordcount>
    <wordcount weight="2" > rates </wordcount>
    <wordcount weight="2" > von </wordcount>
    <wordcount weight="2" > squirrel </wordcount>
    <wordcount weight="1" > shrubs </wordcount>
    <wordcount weight="1" > miller </wordcount>
    <wordcount weight="1" > ridge </wordcount>
    <wordcount weight="1" > european </wordcount>
    <wordcount weight="1" > oniscus </wordcount>
    <wordcount weight="1" > will </wordcount>
    <wordcount weight="1" > macroinvertebrates </wordcount>
    <wordcount weight="1" > reactive </wordcount>
    <wordcount weight="1" > incubation </wordcount>
    <wordcount weight="1" > it </wordcount>
    <wordcount weight="1" > krameria </wordcount>
    <wordcount weight="1" > nagy </wordcount>
    <wordcount weight="1" > not </wordcount>
    <wordcount weight="1" > changes </wordcount>
    <wordcount weight="1" > tests </wordcount>
    <wordcount weight="1" > features </wordcount>
    <wordcount weight="1" > gerald </wordcount>
    <wordcount weight="1" > margo </wordcount>
    <wordcount weight="1" > states </wordcount>
    <wordcount weight="1" > relationship </wordcount>
    <wordcount weight="1" > applications </wordcount>
    <wordcount weight="1" > humanism </wordcount>
    <wordcount weight="1" > rate </wordcount>
    <wordcount weight="1" > butterflies </wordcount>
    <wordcount weight="1" > ann </wordcount>
    <wordcount weight="1" > change </wordcount>
    <wordcount weight="1" > york </wordcount>
    <wordcount weight="1" > chironomid </wordcount>
    <wordcount weight="1" > intestinal </wordcount>
    <wordcount weight="1" > flower </wordcount>
    <wordcount weight="1" > rotifers </wordcount>
    <wordcount weight="1" > alex </wordcount>
    <wordcount weight="1" > bog </wordcount>
    <wordcount weight="1" > beetles </wordcount>
    <wordcount weight="1" > gayle </wordcount>
    <wordcount weight="1" > residual </wordcount>
    <wordcount weight="1" > convergence </wordcount>
    <wordcount weight="1" > materials </wordcount>
    <wordcount weight="1" > generalization </wordcount>
    <wordcount weight="1" > behavioural </wordcount>
    <wordcount weight="1" > acid </wordcount>
    <wordcount weight="1" > chitty </wordcount>
    <wordcount weight="1" > stuart </wordcount>
    <wordcount weight="1" > george </wordcount>
    <wordcount weight="1" > rather </wordcount>
    <wordcount weight="1" > seifert </wordcount>
    <wordcount weight="1" > justin </wordcount>
    <wordcount weight="1" > if </wordcount>
    <wordcount weight="1" > casearia </wordcount>
    <wordcount weight="1" > foreign </wordcount>
    <wordcount weight="1" > groups </wordcount>
    <wordcount weight="1" > lynn </wordcount>
    <wordcount weight="1" > lamto </wordcount>
    <wordcount weight="1" > divergence </wordcount>
    <wordcount weight="1" > cues </wordcount>
    <wordcount weight="1" > technique </wordcount>
    <wordcount weight="1" > located </wordcount>
    <wordcount weight="1" > dissolved </wordcount>
    <wordcount weight="1" > judy </wordcount>
    <wordcount weight="1" > edward </wordcount>
    <wordcount weight="1" > chordeiles </wordcount>
    <wordcount weight="1" > upland </wordcount>
    <wordcount weight="1" > barley </wordcount>
    <wordcount weight="1" > dkologische </wordcount>
    <wordcount weight="1" > basic </wordcount>
    <wordcount weight="1" > browsing </wordcount>
    <wordcount weight="1" > mailing </wordcount>
    <wordcount weight="1" > modelling </wordcount>
    <wordcount weight="1" > aplodontia </wordcount>
    <wordcount weight="1" > trockenwiesen </wordcount>
    <wordcount weight="1" > irwin </wordcount>
    <wordcount weight="1" > alterniflora </wordcount>
    <wordcount weight="1" > agavaceae </wordcount>
    <wordcount weight="1" > centrostephanus </wordcount>
    <wordcount weight="1" > reference </wordcount>
    <wordcount weight="1" > nonequilibrium </wordcount>
    <wordcount weight="1" > female </wordcount>
    <wordcount weight="1" > geobotany </wordcount>
    <wordcount weight="1" > disturbance </wordcount>
    <wordcount weight="1" > forestfloor </wordcount>
    <wordcount weight="1" > suburban </wordcount>
    <wordcount weight="1" > dimensions </wordcount>
    <wordcount weight="1" > object </wordcount>
    <wordcount weight="1" > peromyscus </wordcount>
    <wordcount weight="1" > experimentally </wordcount>
    <wordcount weight="1" > scalopas </wordcount>
    <wordcount weight="1" > nestling </wordcount>
    <wordcount weight="1" > ciliates </wordcount>
    <wordcount weight="1" > demography </wordcount>
    <wordcount weight="1" > diverse </wordcount>
    <wordcount weight="1" > boreal </wordcount>
    <wordcount weight="1" > canadensis </wordcount>
    <wordcount weight="1" > tissue </wordcount>
    <wordcount weight="1" > areas </wordcount>
    <wordcount weight="1" > ofthe </wordcount>
    <wordcount weight="1" > floor </wordcount>
    <wordcount weight="1" > evans </wordcount>
    <wordcount weight="1" > surveyor </wordcount>
    <wordcount weight="1" > spermophilus </wordcount>
    <wordcount weight="1" > microcosms </wordcount>
    <wordcount weight="1" > canopy </wordcount>
    <wordcount weight="1" > properties </wordcount>
    <wordcount weight="1" > stout </wordcount>
    <wordcount weight="1" > publisher </wordcount>
    <wordcount weight="1" > officetable </wordcount>
    <wordcount weight="1" > transformation </wordcount>
    <wordcount weight="1" > maximization </wordcount>
    <wordcount weight="1" > seedlings </wordcount>
    <wordcount weight="1" > particulate </wordcount>
    <wordcount weight="1" > frequencies </wordcount>
    <wordcount weight="1" > largeand </wordcount>
    <wordcount weight="1" > countries </wordcount>
    <wordcount weight="1" > peromysciis </wordcount>
    <wordcount weight="1" > one </wordcount>
    <wordcount weight="1" > volumes </wordcount>
    <wordcount weight="1" > payment </wordcount>
    <wordcount weight="1" > zonation </wordcount>
    <wordcount weight="1" > special </wordcount>
    <wordcount weight="1" > lotic </wordcount>
    <wordcount weight="1" > permissions </wordcount>
    <wordcount weight="1" > methods </wordcount>
    <wordcount weight="1" > responsible </wordcount>
    <wordcount weight="1" > extra </wordcount>
    <wordcount weight="1" > vicinity </wordcount>
    <wordcount weight="1" > crabs </wordcount>
    <wordcount weight="1" > hedley </wordcount>
    <wordcount weight="1" > woolley </wordcount>
    <wordcount weight="1" > fall </wordcount>
    <wordcount weight="1" > frank </wordcount>
    <wordcount weight="1" > word </wordcount>
    <wordcount weight="1" > overlooked </wordcount>
    <wordcount weight="1" > control </wordcount>
    <wordcount weight="1" > consequences </wordcount>
    <wordcount weight="1" > communications </wordcount>
    <wordcount weight="1" > space </wordcount>
    <wordcount weight="1" > cottam </wordcount>
    <wordcount weight="1" > types </wordcount>
    <wordcount weight="1" > papio </wordcount>
    <wordcount weight="1" > notophthalhnus </wordcount>
    <wordcount weight="1" > hutchinson </wordcount>
    <wordcount weight="1" > observer </wordcount>
    <wordcount weight="1" > pusilla </wordcount>
    <wordcount weight="1" > monte </wordcount>
    <wordcount weight="1" > permission </wordcount>
    <wordcount weight="1" > vs </wordcount>
    <wordcount weight="1" > arid </wordcount>
    <wordcount weight="1" > juvenile </wordcount>
    <wordcount weight="1" > security </wordcount>
    <wordcount weight="1" > paul </wordcount>
    <wordcount weight="1" > californicus </wordcount>
    <wordcount weight="1" > populationregulating </wordcount>
    <wordcount weight="1" > switching </wordcount>
    <wordcount weight="1" > substrates </wordcount>
    <wordcount weight="1" > kangaroo </wordcount>
    <wordcount weight="1" > hordium </wordcount>
    <wordcount weight="1" > had </wordcount>
    <wordcount weight="1" > crowded </wordcount>
    <wordcount weight="1" > lepidostoina </wordcount>
    <wordcount weight="1" > dean </wordcount>
    <wordcount weight="1" > joseph </wordcount>
    <wordcount weight="1" > rain </wordcount>
    <wordcount weight="1" > candida </wordcount>
    <wordcount weight="1" > plus </wordcount>
    <wordcount weight="1" > roughgarden </wordcount>
    <wordcount weight="1" > ring </wordcount>
    <wordcount weight="1" > boulder </wordcount>
    <wordcount weight="1" > alaskan </wordcount>
    <wordcount weight="1" > holders </wordcount>
    <wordcount weight="1" > allochthonous </wordcount>
    <wordcount weight="1" > grasslands </wordcount>
    <wordcount weight="1" > duane </wordcount>
    <wordcount weight="1" > loudetia </wordcount>
    <wordcount weight="1" > official </wordcount>
    <wordcount weight="1" > us </wordcount>
    <wordcount weight="1" > freshwater </wordcount>
    <wordcount weight="1" > antarctic </wordcount>
    <wordcount weight="1" > idaho </wordcount>
    <wordcount weight="1" > frederick </wordcount>
    <wordcount weight="1" > exponential </wordcount>
    <wordcount weight="1" > swamp </wordcount>
    <wordcount weight="1" > flax </wordcount>
    <wordcount weight="1" > pinus </wordcount>
    <wordcount weight="1" > fabian </wordcount>
    <wordcount weight="1" > lowland </wordcount>
    <wordcount weight="1" > berry </wordcount>
    <wordcount weight="1" > release </wordcount>
    <wordcount weight="1" > general </wordcount>
    <wordcount weight="1" > adenosine </wordcount>
    <wordcount weight="1" > entomophagous </wordcount>
    <wordcount weight="1" > kelty </wordcount>
    <wordcount weight="1" > complete </wordcount>
    <wordcount weight="1" > rotenberry </wordcount>
    <wordcount weight="1" > mechanisms </wordcount>
    <wordcount weight="1" > newts </wordcount>
    <wordcount weight="1" > intertidal </wordcount>
    <wordcount weight="1" > numbers </wordcount>
    <wordcount weight="1" > nonprofit </wordcount>
    <wordcount weight="1" > po </wordcount>
    <wordcount weight="1" > bruce </wordcount>
    <wordcount weight="1" > dan </wordcount>
    <wordcount weight="1" > northeastern </wordcount>
    <wordcount weight="1" > source </wordcount>
    <wordcount weight="1" > intrapopulation </wordcount>
    <wordcount weight="1" > oats </wordcount>
    <wordcount weight="1" > hydropsyche </wordcount>
    <wordcount weight="1" > indian </wordcount>
    <wordcount weight="1" > closely </wordcount>
    <wordcount weight="1" > dale </wordcount>
    <wordcount weight="1" > listed </wordcount>
    <wordcount weight="1" > incorrectly </wordcount>
    <wordcount weight="1" > hammett </wordcount>
    <wordcount weight="1" > subscription </wordcount>
    <wordcount weight="1" > steve </wordcount>
    <wordcount weight="1" > fluctuations </wordcount>
    <wordcount weight="1" > agents </wordcount>
    <wordcount weight="1" > mimicry </wordcount>
    <wordcount weight="1" > potential </wordcount>
    <wordcount weight="1" > mcpherson </wordcount>
    <wordcount weight="1" > georgia </wordcount>
    <wordcount weight="1" > compression </wordcount>
    <wordcount weight="1" > member </wordcount>
    <wordcount weight="1" > evelyn </wordcount>
    <wordcount weight="1" > gull </wordcount>
    <wordcount weight="1" > only </wordcount>
    <wordcount weight="1" > biotic </wordcount>
    <wordcount weight="1" > statement </wordcount>
    <wordcount weight="1" > readings </wordcount>
    <wordcount weight="1" > drought </wordcount>
    <wordcount weight="1" > menozzi </wordcount>
    <wordcount weight="1" > mice </wordcount>
    <wordcount weight="1" > earl </wordcount>
    <wordcount weight="1" > horned </wordcount>
    <wordcount weight="1" > anolis </wordcount>
    <wordcount weight="1" > pollination </wordcount>
    <wordcount weight="1" > belowground </wordcount>
    <wordcount weight="1" > charles </wordcount>
    <wordcount weight="1" > microclimates </wordcount>
    <wordcount weight="1" > long </wordcount>
    <wordcount weight="1" > undisturbed </wordcount>
    <wordcount weight="1" > simberloff </wordcount>
    <wordcount weight="1" > egret </wordcount>
    <wordcount weight="1" > members </wordcount>
    <wordcount weight="1" > carol </wordcount>
    <wordcount weight="1" > islands </wordcount>
    <wordcount weight="1" > buckeye </wordcount>
    <wordcount weight="1" > corals </wordcount>
    <wordcount weight="1" > wiemhoff </wordcount>
    <wordcount weight="1" > orley </wordcount>
    <wordcount weight="1" > streamwater </wordcount>
    <wordcount weight="1" > stipa </wordcount>
    <wordcount weight="1" > plain </wordcount>
    <wordcount weight="1" > sciences </wordcount>
    <wordcount weight="1" > utah </wordcount>
    <wordcount weight="1" > catesheiana </wordcount>
    <wordcount weight="1" > cycles </wordcount>
    <wordcount weight="1" > chance </wordcount>
    <wordcount weight="1" > aggregated </wordcount>
    <wordcount weight="1" > allan </wordcount>
    <wordcount weight="1" > regulating </wordcount>
    <wordcount weight="1" > alternative </wordcount>
    <wordcount weight="1" > houghton </wordcount>
    <wordcount weight="1" > exclusive </wordcount>
    <wordcount weight="1" > monkeys </wordcount>
    <wordcount weight="1" > piedmont </wordcount>
    <wordcount weight="1" > jessica </wordcount>
    <wordcount weight="1" > fenced </wordcount>
    <wordcount weight="1" > likens </wordcount>
    <wordcount weight="1" > inventories </wordcount>
    <wordcount weight="1" > mark </wordcount>
    <wordcount weight="1" > preference </wordcount>
    <wordcount weight="1" > genecology </wordcount>
    <wordcount weight="1" > paolo </wordcount>
    <wordcount weight="1" > floral </wordcount>
    <wordcount weight="1" > natural </wordcount>
    <wordcount weight="1" > view </wordcount>
    <wordcount weight="1" > dispersion </wordcount>
    <wordcount weight="1" > pflanzensoziologische </wordcount>
    <wordcount weight="1" > baker </wordcount>
    <wordcount weight="1" > flowers </wordcount>
    <wordcount weight="1" > franz </wordcount>
    <wordcount weight="1" > riessen </wordcount>
    <wordcount weight="1" > guam </wordcount>
    <wordcount weight="1" > survivorship </wordcount>
    <wordcount weight="1" > neil </wordcount>
    <wordcount weight="1" > ecoloyv </wordcount>
    <wordcount weight="1" > microclimate </wordcount>
    <wordcount weight="1" > visual </wordcount>
    <wordcount weight="1" > supplied </wordcount>
    <wordcount weight="1" > reciprocal </wordcount>
    <wordcount weight="1" > maniculatus </wordcount>
    <wordcount weight="1" > faulty </wordcount>
    <wordcount weight="1" > helmets </wordcount>
    <wordcount weight="1" > adults </wordcount>
    <wordcount weight="1" > equisetli </wordcount>
    <wordcount weight="1" > phenology </wordcount>
    <wordcount weight="1" > december </wordcount>
    <wordcount weight="1" > including </wordcount>
    <wordcount weight="1" > rhode </wordcount>
    <wordcount weight="1" > book </wordcount>
    <wordcount weight="1" > feeny </wordcount>
    <wordcount weight="1" > variable </wordcount>
    <wordcount weight="1" > copy </wordcount>
    <wordcount weight="1" > nancy </wordcount>
    <wordcount weight="1" > mails </wordcount>
    <wordcount weight="1" > alvin </wordcount>
    <wordcount weight="1" > leslie </wordcount>
    <wordcount weight="1" > maternal </wordcount>
    <wordcount weight="1" > secondary </wordcount>
    <wordcount weight="1" > comments </wordcount>
    <wordcount weight="1" > laboratory </wordcount>
    <wordcount weight="1" > granivore </wordcount>
    <wordcount weight="1" > copyright </wordcount>
    <wordcount weight="1" > herbivorous </wordcount>
    <wordcount weight="1" > semipalmated </wordcount>
    <wordcount weight="1" > estimation </wordcount>
    <wordcount weight="1" > coexistence </wordcount>
    <wordcount weight="1" > acidification </wordcount>
    <wordcount weight="1" > great </wordcount>
    <wordcount weight="1" > sexes </wordcount>
    <wordcount weight="1" > marsh </wordcount>
    <wordcount weight="1" > rosette </wordcount>
    <wordcount weight="1" > junco </wordcount>
    <wordcount weight="1" > nothoia </wordcount>
    <wordcount weight="1" > draining </wordcount>
    <wordcount weight="1" > visiting </wordcount>
    <wordcount weight="1" > mapping </wordcount>
    <wordcount weight="1" > katharine </wordcount>
    <wordcount weight="1" > disturbed </wordcount>
    <wordcount weight="1" > cascades </wordcount>
    <wordcount weight="1" > intersexual </wordcount>
    <wordcount weight="1" > post </wordcount>
    <wordcount weight="1" > simulium </wordcount>
    <wordcount weight="1" > scott </wordcount>
    <wordcount weight="1" > cobble </wordcount>
    <wordcount weight="1" > arctic </wordcount>
    <wordcount weight="1" > cost </wordcount>
    <wordcount weight="1" > bombus </wordcount>
    <wordcount weight="1" > out </wordcount>
    <wordcount weight="1" > energetic </wordcount>
    <wordcount weight="1" > tracy </wordcount>
    <wordcount weight="1" > smith </wordcount>
    <wordcount weight="1" > petraii </wordcount>
    <wordcount weight="1" > fixation </wordcount>
    <wordcount weight="1" > jarrovi </wordcount>
    <wordcount weight="1" > atlantic </wordcount>
    <wordcount weight="1" > antonio </wordcount>
    <wordcount weight="1" > matthew </wordcount>
    <wordcount weight="1" > sustaining </wordcount>
    <wordcount weight="1" > composition </wordcount>
    <wordcount weight="1" > arboreal </wordcount>
    <wordcount weight="1" > overwintering </wordcount>
    <wordcount weight="1" > jackknife </wordcount>
    <wordcount weight="1" > end </wordcount>
    <wordcount weight="1" > carolina </wordcount>
    <wordcount weight="1" > temperature </wordcount>
    <wordcount weight="1" > circles </wordcount>
    <wordcount weight="1" > near </wordcount>
    <wordcount weight="1" > marginate </wordcount>
    <wordcount weight="1" > pogonoimyrmex </wordcount>
    <wordcount weight="1" > number </wordcount>
    <wordcount weight="1" > historical </wordcount>
    <wordcount weight="1" > golden </wordcount>
    <wordcount weight="1" > distributions </wordcount>
    <wordcount weight="1" > succeeding </wordcount>
    <wordcount weight="1" > pattern </wordcount>
    <wordcount weight="1" > myron </wordcount>
    <wordcount weight="1" > uriel </wordcount>
    <wordcount weight="1" > inland </wordcount>
    <wordcount weight="1" > eclosion </wordcount>
    <wordcount weight="1" > habit </wordcount>
    <wordcount weight="1" > differential </wordcount>
    <wordcount weight="1" > extrafloral </wordcount>
    <wordcount weight="1" > success </wordcount>
    <wordcount weight="1" > terry </wordcount>
    <wordcount weight="1" > timing </wordcount>
    <wordcount weight="1" > zdravko </wordcount>
    <wordcount weight="1" > last </wordcount>
    <wordcount weight="1" > inferring </wordcount>
    <wordcount weight="1" > written </wordcount>
    <wordcount weight="1" > date </wordcount>
    <wordcount weight="1" > sequoiadendron </wordcount>
    <wordcount weight="1" > dependence </wordcount>
    <wordcount weight="1" > caterpillars </wordcount>
    <wordcount weight="1" > egrets </wordcount>
    <wordcount weight="1" > sighting </wordcount>
    <wordcount weight="1" > biogeography </wordcount>
    <wordcount weight="1" > forwarding </wordcount>
    <wordcount weight="1" > concepts </wordcount>
    <wordcount weight="1" > perturbed </wordcount>
    <wordcount weight="1" > regression </wordcount>
    <wordcount weight="1" > physiological </wordcount>
    <wordcount weight="1" > hypotheses </wordcount>
    <wordcount weight="1" > wetland </wordcount>
    <wordcount weight="1" > principal </wordcount>
    <wordcount weight="1" > tephritid </wordcount>
    <wordcount weight="1" > mury </wordcount>
    <wordcount weight="1" > california </wordcount>
    <wordcount weight="1" > albimanus </wordcount>
    <wordcount weight="1" > robbing </wordcount>
    <wordcount weight="1" > alabama </wordcount>
    <wordcount weight="1" > cricetine </wordcount>
    <wordcount weight="1" > wintergreen </wordcount>
    <wordcount weight="1" > metabolism </wordcount>
    <wordcount weight="1" > vary </wordcount>
    <wordcount weight="1" > climate </wordcount>
    <wordcount weight="1" > cloud </wordcount>
    <wordcount weight="1" > michigan </wordcount>
    <wordcount weight="1" > ecotone </wordcount>
    <wordcount weight="1" > siccama </wordcount>
    <wordcount weight="1" > proceedings </wordcount>
    <wordcount weight="1" > mosses </wordcount>
    <wordcount weight="1" > return </wordcount>
    <wordcount weight="1" > mate </wordcount>
    <wordcount weight="1" > device </wordcount>
    <wordcount weight="1" > month </wordcount>
    <wordcount weight="1" > province </wordcount>
    <wordcount weight="1" > florence </wordcount>
    <wordcount weight="1" > rose </wordcount>
    <wordcount weight="1" > environments </wordcount>
    <wordcount weight="1" > form </wordcount>
    <wordcount weight="1" > cannomys </wordcount>
    <wordcount weight="1" > british </wordcount>
    <wordcount weight="1" > vertical </wordcount>
    <wordcount weight="1" > herbicide </wordcount>
    <wordcount weight="1" > applied </wordcount>
    <wordcount weight="1" > wissmar </wordcount>
    <wordcount weight="1" > issue </wordcount>
    <wordcount weight="1" > particular </wordcount>
    <wordcount weight="1" > errata </wordcount>
    <wordcount weight="1" > mandible </wordcount>
    <wordcount weight="1" > bazzaz </wordcount>
    <wordcount weight="1" > material </wordcount>
    <wordcount weight="1" > crystal </wordcount>
    <wordcount weight="1" > thermal </wordcount>
    <wordcount weight="1" > add </wordcount>
    <wordcount weight="1" > metabolismandfood </wordcount>
    <wordcount weight="1" > jon </wordcount>
    <wordcount weight="1" > inputs </wordcount>
    <wordcount weight="1" > manuscripts </wordcount>
    <wordcount weight="1" > nothofagus </wordcount>
    <wordcount weight="1" > agromyzid </wordcount>
    <wordcount weight="1" > copallina </wordcount>
    <wordcount weight="1" > microheterotrophic </wordcount>
    <wordcount weight="1" > microcosm </wordcount>
    <wordcount weight="1" > emilia </wordcount>
    <wordcount weight="1" > roy </wordcount>
    <wordcount weight="1" > beta </wordcount>
    <wordcount weight="1" > adaptation </wordcount>
    <wordcount weight="1" > sociobiology </wordcount>
    <wordcount weight="1" > sewage </wordcount>
    <wordcount weight="1" > viridescens </wordcount>
    <wordcount weight="1" > densities </wordcount>
    <wordcount weight="1" > spalacopus </wordcount>
    <wordcount weight="1" > parasitism </wordcount>
    <wordcount weight="1" > massospora </wordcount>
    <wordcount weight="1" > free </wordcount>
    <wordcount weight="1" > hardwood </wordcount>
    <wordcount weight="1" > sludge </wordcount>
    <wordcount weight="1" > harniss </wordcount>
    <wordcount weight="1" > hall </wordcount>
    <wordcount weight="1" > institute </wordcount>
    <wordcount weight="1" > barrett </wordcount>
    <wordcount weight="1" > require </wordcount>
    <wordcount weight="1" > ants </wordcount>
    <wordcount weight="1" > mites </wordcount>
    <wordcount weight="1" > geist </wordcount>
    <wordcount weight="1" > bunnell </wordcount>
    <wordcount weight="1" > sites </wordcount>
    <wordcount weight="1" > heliconia </wordcount>
    <wordcount weight="1" > colonies </wordcount>
    <wordcount weight="1" > regarding </wordcount>
    <wordcount weight="1" > riparian </wordcount>
    <wordcount weight="1" > local </wordcount>
    <wordcount weight="1" > driftless </wordcount>
    <wordcount weight="1" > eduardo </wordcount>
    <wordcount weight="1" > unequal </wordcount>
    <wordcount weight="1" > missed </wordcount>
    <wordcount weight="1" > reclamation </wordcount>
    <wordcount weight="1" > discriminant </wordcount>
    <wordcount weight="1" > emphasis </wordcount>
    <wordcount weight="1" > virginia </wordcount>
    <wordcount weight="1" > analyzed </wordcount>
    <wordcount weight="1" > acer </wordcount>
    <wordcount weight="1" > incorporated </wordcount>
    <wordcount weight="1" > leo </wordcount>
    <wordcount weight="1" > constraints </wordcount>
    <wordcount weight="1" > cesar </wordcount>
    <wordcount weight="1" > activity </wordcount>
    <wordcount weight="1" > unsolicited </wordcount>
    <wordcount weight="1" > bacteria </wordcount>
    <wordcount weight="1" > zar </wordcount>
    <wordcount weight="1" > encounter </wordcount>
    <wordcount weight="1" > occidentalis </wordcount>
    <wordcount weight="1" > chilean </wordcount>
    <wordcount weight="1" > result </wordcount>
    <wordcount weight="1" > cluster </wordcount>
    <wordcount weight="1" > measures </wordcount>
    <wordcount weight="1" > viability </wordcount>
    <wordcount weight="1" > lost </wordcount>
    <wordcount weight="1" > jonathan </wordcount>
    <wordcount weight="1" > herring </wordcount>
    <wordcount weight="1" > martha </wordcount>
    <wordcount weight="1" > birth </wordcount>
    <wordcount weight="1" > received </wordcount>
    <wordcount weight="1" > photosynthesis </wordcount>
    <wordcount weight="1" > baboons </wordcount>
    <wordcount weight="1" > goldfinch </wordcount>
    <wordcount weight="1" > injury </wordcount>
    <wordcount weight="1" > bibliography </wordcount>
    <wordcount weight="1" > howard </wordcount>
    <wordcount weight="1" > level </wordcount>
    <wordcount weight="1" > emergent </wordcount>
    <wordcount weight="1" > owner </wordcount>
    <wordcount weight="1" > vital </wordcount>
    <wordcount weight="1" > bear </wordcount>
    <wordcount weight="1" > ownership </wordcount>
    <wordcount weight="1" > bannertail </wordcount>
    <wordcount weight="1" > paradise </wordcount>
    <wordcount weight="1" > o </wordcount>
    <wordcount weight="1" > region </wordcount>
    <wordcount weight="1" > notophthalmnis </wordcount>
    <wordcount weight="1" > variations </wordcount>
    <wordcount weight="1" > nest </wordcount>
    <wordcount weight="1" > rat </wordcount>
    <wordcount weight="1" > affecting </wordcount>
    <wordcount weight="1" > part </wordcount>
    <wordcount weight="1" > pulses </wordcount>
    <wordcount weight="1" > symbiotic </wordcount>
    <wordcount weight="1" > timothy </wordcount>
    <wordcount weight="1" > castetter </wordcount>
    <wordcount weight="1" > bioenergetics </wordcount>
    <wordcount weight="1" > resources </wordcount>
    <wordcount weight="1" > phenological </wordcount>
    <wordcount weight="1" > laws </wordcount>
    <wordcount weight="1" > inorganic </wordcount>
    <wordcount weight="1" > kerckhove </wordcount>
    <wordcount weight="1" > semiarid </wordcount>
    <wordcount weight="1" > variability </wordcount>
    <wordcount weight="1" > african </wordcount>
    <wordcount weight="1" > inhibition </wordcount>
    <wordcount weight="1" > agropyron </wordcount>
    <wordcount weight="1" > renewable </wordcount>
    <wordcount weight="1" > assessments </wordcount>
    <wordcount weight="1" > centrostephanils </wordcount>
    <wordcount weight="1" > elizabeth </wordcount>
    <wordcount weight="1" > abiotic </wordcount>
    <wordcount weight="1" > woodland </wordcount>
    <wordcount weight="1" > localized </wordcount>
    <wordcount weight="1" > grassland </wordcount>
    <wordcount weight="1" > salicornia </wordcount>
    <wordcount weight="1" > rica </wordcount>
    <wordcount weight="1" > schizaphis </wordcount>
    <wordcount weight="1" > year </wordcount>
    <wordcount weight="1" > plutonium </wordcount>
    <wordcount weight="1" > bryant </wordcount>
    <wordcount weight="1" > ross </wordcount>
    <wordcount weight="1" > lizards </wordcount>
    <wordcount weight="1" > q </wordcount>
    <wordcount weight="1" > daphnia </wordcount>
    <wordcount weight="1" > francis </wordcount>
    <wordcount weight="1" > notholaigus </wordcount>
    <wordcount weight="1" > conditions </wordcount>
    <wordcount weight="1" > climatic </wordcount>
    <wordcount weight="1" > using </wordcount>
    <wordcount weight="1" > lower </wordcount>
    <wordcount weight="1" > karen </wordcount>
    <wordcount weight="1" > streams </wordcount>
    <wordcount weight="1" > pacala </wordcount>
    <wordcount weight="1" > seasonally </wordcount>
    <wordcount weight="1" > net </wordcount>
    <wordcount weight="1" > breisch </wordcount>
    <wordcount weight="1" > structures </wordcount>
    <wordcount weight="1" > significance </wordcount>
    <wordcount weight="1" > colbert </wordcount>
    <wordcount weight="1" > pan </wordcount>
    <wordcount weight="1" > tsuga </wordcount>
    <wordcount weight="1" > digitizer </wordcount>
    <wordcount weight="1" > versus </wordcount>
    <wordcount weight="1" > sevin </wordcount>
    <wordcount weight="1" > candace </wordcount>
    <wordcount weight="1" > protozoan </wordcount>
    <wordcount weight="1" > cainissonia </wordcount>
    <wordcount weight="1" > irving </wordcount>
    <wordcount weight="1" > determinants </wordcount>
    <wordcount weight="1" > our </wordcount>
    <wordcount weight="1" > goldenmantled </wordcount>
    <wordcount weight="1" > muskeg </wordcount>
    <wordcount weight="1" > cheryl </wordcount>
    <wordcount weight="1" > reprocessing </wordcount>
    <wordcount weight="1" > glutamate </wordcount>
    <wordcount weight="1" > adaptiveness </wordcount>
    <wordcount weight="1" > artemisia </wordcount>
    <wordcount weight="1" > per </wordcount>
    <wordcount weight="1" > greenbugs </wordcount>
    <wordcount weight="1" > montague </wordcount>
    <wordcount weight="1" > morphological </wordcount>
    <wordcount weight="1" > neotropical </wordcount>
    <wordcount weight="1" > wild </wordcount>
    <wordcount weight="1" > algal </wordcount>
    <wordcount weight="1" > marlin </wordcount>
    <wordcount weight="1" > sound </wordcount>
    <wordcount weight="1" > shure </wordcount>
    <wordcount weight="1" > chile </wordcount>
    <wordcount weight="1" > requests </wordcount>
    <wordcount weight="1" > copyrighted </wordcount>
    <wordcount weight="1" > theoretical </wordcount>
    <wordcount weight="1" > models </wordcount>
    <wordcount weight="1" > cycling </wordcount>
    <wordcount weight="1" > survival </wordcount>
    <wordcount weight="1" > douglas </wordcount>
    <wordcount weight="1" > estimating </wordcount>
    <wordcount weight="1" > redspotted </wordcount>
    <wordcount weight="1" > howler </wordcount>
    <wordcount weight="1" > differentiation </wordcount>
    <wordcount weight="1" > roger </wordcount>
    <wordcount weight="1" > bacterial </wordcount>
    <wordcount weight="1" > difference </wordcount>
    <wordcount weight="1" > predictive </wordcount>
    <wordcount weight="1" > quality </wordcount>
    <wordcount weight="1" > manicidatis </wordcount>
    <wordcount weight="1" > profiles </wordcount>
    <wordcount weight="1" > lands </wordcount>
    <wordcount weight="1" > epliedra </wordcount>
    <wordcount weight="1" > average </wordcount>
    <wordcount weight="1" > pollinator </wordcount>
    <wordcount weight="1" > there </wordcount>
    <wordcount weight="1" > vande </wordcount>
    <wordcount weight="1" > illinois </wordcount>
    <wordcount weight="1" > asymbiotic </wordcount>
    <wordcount weight="1" > directed </wordcount>
    <wordcount weight="1" > october </wordcount>
    <wordcount weight="1" > donna </wordcount>
    <wordcount weight="1" > bactivorous </wordcount>
    <wordcount weight="1" > regions </wordcount>
    <wordcount weight="1" > eisenia </wordcount>
    <wordcount weight="1" > parasitoid </wordcount>
    <wordcount weight="1" > points </wordcount>
    <wordcount weight="1" > sociality </wordcount>
    <wordcount weight="1" > sierra </wordcount>
    <wordcount weight="1" > peter </wordcount>
    <wordcount weight="1" > maintenance </wordcount>
    <wordcount weight="1" > patchy </wordcount>
    <wordcount weight="1" > eldon </wordcount>
    <wordcount weight="1" > untersuchungen </wordcount>
    <wordcount weight="1" > value </wordcount>
    <wordcount weight="1" > responses </wordcount>
    <wordcount weight="1" > gus </wordcount>
    <wordcount weight="1" > issn </wordcount>
    <wordcount weight="1" > fecundity </wordcount>
    <wordcount weight="1" > mixed </wordcount>
    <wordcount weight="1" > individual </wordcount>
    <wordcount weight="1" > relations </wordcount>
    <wordcount weight="1" > times </wordcount>
    <wordcount weight="1" > arrogance </wordcount>
    <wordcount weight="1" > forested </wordcount>
    <wordcount weight="1" > ratios </wordcount>
    <wordcount weight="1" > consumer </wordcount>
    <wordcount weight="1" > chaoboriis </wordcount>
    <wordcount weight="1" > giant </wordcount>
    <wordcount weight="1" > bildstein </wordcount>
    <wordcount weight="1" > walter </wordcount>
    <wordcount weight="1" > price </wordcount>
    <wordcount weight="1" > controlling </wordcount>
    <wordcount weight="1" > consumption </wordcount>
    <wordcount weight="1" > output </wordcount>
    <wordcount weight="1" > current </wordcount>
    <wordcount weight="1" > green </wordcount>
    <wordcount weight="1" > fidelity </wordcount>
    <wordcount weight="1" > undeliverable </wordcount>
    <wordcount weight="1" > harrison </wordcount>
    <wordcount weight="1" > overton </wordcount>
    <wordcount weight="1" > bimonthly </wordcount>
    <wordcount weight="1" > insolation </wordcount>
    <wordcount weight="1" > cummins </wordcount>
    <wordcount weight="1" > assay </wordcount>
    <wordcount weight="1" > nelson </wordcount>
    <wordcount weight="1" > montane </wordcount>
    <wordcount weight="1" > qiiuercina </wordcount>
    <wordcount weight="1" > engels </wordcount>
    <wordcount weight="1" > selection </wordcount>
    <wordcount weight="1" > century </wordcount>
    <wordcount weight="1" > manager </wordcount>
    <wordcount weight="1" > expected </wordcount>
    <wordcount weight="1" > breadth </wordcount>
    <wordcount weight="1" > next </wordcount>
    <wordcount weight="1" > z </wordcount>
    <wordcount weight="1" > mountain </wordcount>
    <wordcount weight="1" > pressecology </wordcount>
    <wordcount weight="1" > deborah </wordcount>
    <wordcount weight="1" > off </wordcount>
    <wordcount weight="1" > configurations </wordcount>
    <wordcount weight="1" > europaea </wordcount>
    <wordcount weight="1" > indicated </wordcount>
    <wordcount weight="1" > krebs </wordcount>
    <wordcount weight="1" > suttman </wordcount>
    <wordcount weight="1" > measure </wordcount>
    <wordcount weight="1" > concentrations </wordcount>
    <wordcount weight="1" > ions </wordcount>
    <wordcount weight="1" > sally </wordcount>
    <wordcount weight="1" > clay </wordcount>
    <wordcount weight="1" > emerging </wordcount>
    <wordcount weight="1" > probabilities </wordcount>
    <wordcount weight="1" > francisco </wordcount>
    <wordcount weight="1" > old </wordcount>
    <wordcount weight="1" > amino </wordcount>
    <wordcount weight="1" > increased </wordcount>
    <wordcount weight="1" > late </wordcount>
    <wordcount weight="1" > chusquea </wordcount>
    <wordcount weight="1" > circulation </wordcount>
    <wordcount weight="1" > patch </wordcount>
    <wordcount weight="1" > contingency </wordcount>
    <wordcount weight="1" > shai </wordcount>
    <wordcount weight="1" > fauna </wordcount>
    <wordcount weight="1" > fungal </wordcount>
    <wordcount weight="1" > phenologic </wordcount>
    <wordcount weight="1" > each </wordcount>
    <wordcount weight="1" > cypress </wordcount>
    <wordcount weight="1" > random </wordcount>
    <wordcount weight="1" > parameters </wordcount>
    <wordcount weight="1" > problems </wordcount>
    <wordcount weight="1" > internal </wordcount>
    <wordcount weight="1" > systems </wordcount>
    <wordcount weight="1" > oryzopsis </wordcount>
    <wordcount weight="1" > components </wordcount>
    <wordcount weight="1" > mining </wordcount>
    <wordcount weight="1" > grissell </wordcount>
    <wordcount weight="1" > pike </wordcount>
    <wordcount weight="1" > six </wordcount>
    <wordcount weight="1" > keith </wordcount>
    <wordcount weight="1" > facility </wordcount>
    <wordcount weight="1" > timberline </wordcount>
    <wordcount weight="1" > nitrate </wordcount>
    <wordcount weight="1" > mcgraw </wordcount>
    <wordcount weight="1" > fagus </wordcount>
    <wordcount weight="1" > bernd </wordcount>
    <wordcount weight="1" > compared </wordcount>
    <wordcount weight="1" > aboveand </wordcount>
    <wordcount weight="1" > subtidal </wordcount>
    <wordcount weight="1" > villages </wordcount>
    <wordcount weight="1" > henry </wordcount>
    <wordcount weight="1" > anderson </wordcount>
    <wordcount weight="1" > reevaluation </wordcount>
    <wordcount weight="1" > coast </wordcount>
    <wordcount weight="1" > philip </wordcount>
    <wordcount weight="1" > temperatures </wordcount>
    <wordcount weight="1" > schilltzii </wordcount>
    <wordcount weight="1" > eclosional </wordcount>
    <wordcount weight="1" > clutch </wordcount>
    <wordcount weight="1" > early </wordcount>
    <wordcount weight="1" > annual </wordcount>
    <wordcount weight="1" > reproduction </wordcount>
    <wordcount weight="1" > maximum </wordcount>
    <wordcount weight="1" > y </wordcount>
    <wordcount weight="1" > insubrischen </wordcount>
    <wordcount weight="1" > suitability </wordcount>
    <wordcount weight="1" > voles </wordcount>
    <wordcount weight="1" > guaranteed </wordcount>
    <wordcount weight="1" > solitary </wordcount>
    <wordcount weight="1" > jerrold </wordcount>
    <wordcount weight="1" > sunfishes </wordcount>
    <wordcount weight="1" > paramos </wordcount>
    <wordcount weight="1" > cerocebus </wordcount>
    <wordcount weight="1" > paid </wordcount>
    <wordcount weight="1" > und </wordcount>
    <wordcount weight="1" > reviews </wordcount>
    <wordcount weight="1" > correspondence </wordcount>
    <wordcount weight="1" > astrid </wordcount>
    <wordcount weight="1" > oklahoma </wordcount>
    <wordcount weight="1" > stratum </wordcount>
    <wordcount weight="1" > notice </wordcount>
    <wordcount weight="1" > than </wordcount>
    <wordcount weight="1" > horton </wordcount>
    <wordcount weight="1" > taylor </wordcount>
    <wordcount weight="1" > exchanges </wordcount>
    <wordcount weight="1" > magicicada </wordcount>
    <wordcount weight="1" > test </wordcount>
    <wordcount weight="1" > ambrosia </wordcount>
    <wordcount weight="1" > snyder </wordcount>
    <wordcount weight="1" > warbler </wordcount>
    <wordcount weight="1" > safriel </wordcount>
    <wordcount weight="1" > adult </wordcount>
    <wordcount weight="1" > lang </wordcount>
    <wordcount weight="1" > marx </wordcount>
    <wordcount weight="1" > phyllis </wordcount>
    <wordcount weight="1" > diana </wordcount>
    <wordcount weight="1" > vireo </wordcount>
    <wordcount weight="1" > devastated </wordcount>
    <wordcount weight="1" > sent </wordcount>
    <wordcount weight="1" > planktivores </wordcount>
    <wordcount weight="1" > function </wordcount>
    <wordcount weight="1" > la </wordcount>
    <wordcount weight="1" > exploitive </wordcount>
    <wordcount weight="1" > sandpiper </wordcount>
    <wordcount weight="1" > reducing </wordcount>
    <wordcount weight="1" > behavioral </wordcount>
    <wordcount weight="1" > division </wordcount>
    <wordcount weight="1" > mechanism </wordcount>
    <wordcount weight="1" > oviatt </wordcount>
    <wordcount weight="1" > secretion </wordcount>
    <wordcount weight="1" > expenditure </wordcount>
    <wordcount weight="1" > jeffrey </wordcount>
    <wordcount weight="1" > alaska </wordcount>
    <wordcount weight="1" > tennessee </wordcount>
    <wordcount weight="1" > deermice </wordcount>
    <wordcount weight="1" > hypothesis </wordcount>
</article>
