<?xml version="1.0" encoding="UTF-8"?>
<article id="10.2307/2406876" >
    <wordcount weight="486" > the </wordcount>
    <wordcount weight="436" > of </wordcount>
    <wordcount weight="313" > and </wordcount>
    <wordcount weight="254" > in </wordcount>
    <wordcount weight="193" > to </wordcount>
    <wordcount weight="157" > is </wordcount>
    <wordcount weight="140" > a </wordcount>
    <wordcount weight="85" > lake </wordcount>
    <wordcount weight="85" > terrestrial </wordcount>
    <wordcount weight="83" > are </wordcount>
    <wordcount weight="77" > from </wordcount>
    <wordcount weight="74" > that </wordcount>
    <wordcount weight="67" > at </wordcount>
    <wordcount weight="66" > it </wordcount>
    <wordcount weight="65" > populations </wordcount>
    <wordcount weight="59" > aquatic </wordcount>
    <wordcount weight="57" > by </wordcount>
    <wordcount weight="57" > heterophylly </wordcount>
    <wordcount weight="55" > for </wordcount>
    <wordcount weight="55" > or </wordcount>
    <wordcount weight="52" > be </wordcount>
    <wordcount weight="51" > on </wordcount>
    <wordcount weight="50" > hidden </wordcount>
    <wordcount weight="50" > plants </wordcount>
    <wordcount weight="49" > blade </wordcount>
    <wordcount weight="49" > were </wordcount>
    <wordcount weight="47" > this </wordcount>
    <wordcount weight="46" > which </wordcount>
    <wordcount weight="43" > horse </wordcount>
    <wordcount weight="41" > population </wordcount>
    <wordcount weight="41" > as </wordcount>
    <wordcount weight="41" > with </wordcount>
    <wordcount weight="40" > between </wordcount>
    <wordcount weight="37" > leaf </wordcount>
    <wordcount weight="37" > width </wordcount>
    <wordcount weight="37" > have </wordcount>
    <wordcount weight="35" > l </wordcount>
    <wordcount weight="35" > was </wordcount>
    <wordcount weight="35" > cleawox </wordcount>
    <wordcount weight="34" > but </wordcount>
    <wordcount weight="34" > not </wordcount>
    <wordcount weight="34" > both </wordcount>
    <wordcount weight="34" > gold </wordcount>
    <wordcount weight="33" > conditions </wordcount>
    <wordcount weight="32" > water </wordcount>
    <wordcount weight="30" > more </wordcount>
    <wordcount weight="30" > low </wordcount>
    <wordcount weight="30" > leaves </wordcount>
    <wordcount weight="29" > they </wordcount>
    <wordcount weight="29" > these </wordcount>
    <wordcount weight="29" > high </wordcount>
    <wordcount weight="28" > other </wordcount>
    <wordcount weight="28" > two </wordcount>
    <wordcount weight="27" > than </wordcount>
    <wordcount weight="27" > their </wordcount>
    <wordcount weight="27" > flexibility </wordcount>
    <wordcount weight="26" > those </wordcount>
    <wordcount weight="25" > x </wordcount>
    <wordcount weight="25" > an </wordcount>
    <wordcount weight="25" > index </wordcount>
    <wordcount weight="25" > samples </wordcount>
    <wordcount weight="24" > environments </wordcount>
    <wordcount weight="24" > florence </wordcount>
    <wordcount weight="23" > there </wordcount>
    <wordcount weight="23" > under </wordcount>
    <wordcount weight="23" > species </wordcount>
    <wordcount weight="22" > m </wordcount>
    <wordcount weight="22" > been </wordcount>
    <wordcount weight="21" > individual </wordcount>
    <wordcount weight="19" > one </wordcount>
    <wordcount weight="19" > may </wordcount>
    <wordcount weight="19" > mean </wordcount>
    <wordcount weight="19" > p </wordcount>
    <wordcount weight="19" > level </wordcount>
    <wordcount weight="19" > variability </wordcount>
    <wordcount weight="18" > all </wordcount>
    <wordcount weight="18" > differences </wordcount>
    <wordcount weight="18" > mohawk </wordcount>
    <wordcount weight="18" > r </wordcount>
    <wordcount weight="18" > selection </wordcount>
    <wordcount weight="18" > spring </wordcount>
    <wordcount weight="17" > flexible </wordcount>
    <wordcount weight="17" > experiment </wordcount>
    <wordcount weight="17" > variation </wordcount>
    <wordcount weight="17" > has </wordcount>
    <wordcount weight="16" > flammula </wordcount>
    <wordcount weight="16" > hybrid </wordcount>
    <wordcount weight="15" > relatively </wordcount>
    <wordcount weight="15" > most </wordcount>
    <wordcount weight="15" > expansion </wordcount>
    <wordcount weight="15" > parent </wordcount>
    <wordcount weight="15" > moderate </wordcount>
    <wordcount weight="14" > first </wordcount>
    <wordcount weight="14" > s </wordcount>
    <wordcount weight="14" > because </wordcount>
    <wordcount weight="14" > shape </wordcount>
    <wordcount weight="14" > hybrids </wordcount>
    <wordcount weight="14" > only </wordcount>
    <wordcount weight="14" > also </wordcount>
    <wordcount weight="14" > different </wordcount>
    <wordcount weight="14" > malone </wordcount>
    <wordcount weight="14" > differentiation </wordcount>
    <wordcount weight="14" > developmental </wordcount>
    <wordcount weight="14" > heterophyllous </wordcount>
    <wordcount weight="13" > ns </wordcount>
    <wordcount weight="13" > genotypes </wordcount>
    <wordcount weight="13" > when </wordcount>
    <wordcount weight="13" > less </wordcount>
    <wordcount weight="13" > can </wordcount>
    <wordcount weight="13" > adaptive </wordcount>
    <wordcount weight="13" > each </wordcount>
    <wordcount weight="13" > heterogeneous </wordcount>
    <wordcount weight="12" > genetic </wordcount>
    <wordcount weight="12" > petiole </wordcount>
    <wordcount weight="12" > parents </wordcount>
    <wordcount weight="12" > had </wordcount>
    <wordcount weight="12" > disruptive </wordcount>
    <wordcount weight="12" > its </wordcount>
    <wordcount weight="12" > we </wordcount>
    <wordcount weight="12" > change </wordcount>
    <wordcount weight="12" > second </wordcount>
    <wordcount weight="12" > habitats </wordcount>
    <wordcount weight="12" > coos </wordcount>
    <wordcount weight="12" > widths </wordcount>
    <wordcount weight="12" > environment </wordcount>
    <wordcount weight="11" > taken </wordcount>
    <wordcount weight="11" > within </wordcount>
    <wordcount weight="11" > correlation </wordcount>
    <wordcount weight="11" > sample </wordcount>
    <wordcount weight="11" > greater </wordcount>
    <wordcount weight="11" > expanded </wordcount>
    <wordcount weight="11" > adapted </wordcount>
    <wordcount weight="11" > where </wordcount>
    <wordcount weight="11" > oregon </wordcount>
    <wordcount weight="11" > evolution </wordcount>
    <wordcount weight="11" > ecological </wordcount>
    <wordcount weight="11" > ratio </wordcount>
    <wordcount weight="11" > grown </wordcount>
    <wordcount weight="11" > indices </wordcount>
    <wordcount weight="11" > johnson </wordcount>
    <wordcount weight="11" > cook </wordcount>
    <wordcount weight="10" > rapid </wordcount>
    <wordcount weight="10" > slack </wordcount>
    <wordcount weight="10" > bay </wordcount>
    <wordcount weight="10" > four </wordcount>
    <wordcount weight="10" > about </wordcount>
    <wordcount weight="10" > local </wordcount>
    <wordcount weight="10" > significant </wordcount>
    <wordcount weight="10" > individuals </wordcount>
    <wordcount weight="10" > plant </wordcount>
    <wordcount weight="10" > set </wordcount>
    <wordcount weight="10" > specialized </wordcount>
    <wordcount weight="10" > table </wordcount>
    <wordcount weight="10" > them </wordcount>
    <wordcount weight="10" > results </wordcount>
    <wordcount weight="10" > although </wordcount>
    <wordcount weight="9" > i </wordcount>
    <wordcount weight="9" > case </wordcount>
    <wordcount weight="9" > some </wordcount>
    <wordcount weight="9" > growth </wordcount>
    <wordcount weight="9" > observations </wordcount>
    <wordcount weight="9" > ranunculus </wordcount>
    <wordcount weight="9" > experimental </wordcount>
    <wordcount weight="9" > another </wordcount>
    <wordcount weight="9" > made </wordcount>
    <wordcount weight="9" > values </wordcount>
    <wordcount weight="9" > three </wordcount>
    <wordcount weight="9" > must </wordcount>
    <wordcount weight="9" > morphological </wordcount>
    <wordcount weight="8" > either </wordcount>
    <wordcount weight="8" > existence </wordcount>
    <wordcount weight="8" > thus </wordcount>
    <wordcount weight="8" > fig </wordcount>
    <wordcount weight="8" > could </wordcount>
    <wordcount weight="8" > genes </wordcount>
    <wordcount weight="8" > sites </wordcount>
    <wordcount weight="8" > intermediate </wordcount>
    <wordcount weight="8" > field </wordcount>
    <wordcount weight="8" > survived </wordcount>
    <wordcount weight="8" > range </wordcount>
    <wordcount weight="8" > dry </wordcount>
    <wordcount weight="8" > then </wordcount>
    <wordcount weight="8" > drop </wordcount>
    <wordcount weight="8" > through </wordcount>
    <wordcount weight="8" > valley </wordcount>
    <wordcount weight="7" > if </wordcount>
    <wordcount weight="7" > environmental </wordcount>
    <wordcount weight="7" > laminar </wordcount>
    <wordcount weight="7" > organic </wordcount>
    <wordcount weight="7" > being </wordcount>
    <wordcount weight="7" > j </wordcount>
    <wordcount weight="7" > experiments </wordcount>
    <wordcount weight="7" > system </wordcount>
    <wordcount weight="7" > such </wordcount>
    <wordcount weight="7" > cases </wordcount>
    <wordcount weight="7" > response </wordcount>
    <wordcount weight="7" > found </wordcount>
    <wordcount weight="7" > adaptability </wordcount>
    <wordcount weight="7" > amer </wordcount>
    <wordcount weight="7" > broad </wordcount>
    <wordcount weight="7" > no </wordcount>
    <wordcount weight="7" > time </wordcount>
    <wordcount weight="7" > do </wordcount>
    <wordcount weight="7" > physiological </wordcount>
    <wordcount weight="7" > number </wordcount>
    <wordcount weight="7" > amplitude </wordcount>
    <wordcount weight="7" > margin </wordcount>
    <wordcount weight="7" > dimensions </wordcount>
    <wordcount weight="7" > plasticity </wordcount>
    <wordcount weight="7" > eugene </wordcount>
    <wordcount weight="7" > constant </wordcount>
    <wordcount weight="7" > fluctuating </wordcount>
    <wordcount weight="7" > here </wordcount>
    <wordcount weight="7" > numerator </wordcount>
    <wordcount weight="7" > form </wordcount>
    <wordcount weight="7" > adaptation </wordcount>
    <wordcount weight="7" > evidence </wordcount>
    <wordcount weight="6" > adaptable </wordcount>
    <wordcount weight="6" > might </wordcount>
    <wordcount weight="6" > great </wordcount>
    <wordcount weight="6" > linear </wordcount>
    <wordcount weight="6" > sand </wordcount>
    <wordcount weight="6" > exposed </wordcount>
    <wordcount weight="6" > due </wordcount>
    <wordcount weight="6" > higher </wordcount>
    <wordcount weight="6" > after </wordcount>
    <wordcount weight="6" > w </wordcount>
    <wordcount weight="6" > cell </wordcount>
    <wordcount weight="6" > out </wordcount>
    <wordcount weight="6" > appears </wordcount>
    <wordcount weight="6" > used </wordcount>
    <wordcount weight="6" > significantly </wordcount>
    <wordcount weight="6" > tested </wordcount>
    <wordcount weight="6" > nonheterophyllous </wordcount>
    <wordcount weight="6" > aspen </wordcount>
    <wordcount weight="6" > will </wordcount>
    <wordcount weight="6" > denominator </wordcount>
    <wordcount weight="6" > same </wordcount>
    <wordcount weight="6" > new </wordcount>
    <wordcount weight="6" > forms </wordcount>
    <wordcount weight="6" > organisms </wordcount>
    <wordcount weight="6" > lakes </wordcount>
    <wordcount weight="6" > narrow </wordcount>
    <wordcount weight="6" > probably </wordcount>
    <wordcount weight="6" > months </wordcount>
    <wordcount weight="6" > variable </wordcount>
    <wordcount weight="6" > growing </wordcount>
    <wordcount weight="6" > measurements </wordcount>
    <wordcount weight="6" > control </wordcount>
    <wordcount weight="6" > cm </wordcount>
    <wordcount weight="6" > n </wordcount>
    <wordcount weight="6" > whether </wordcount>
    <wordcount weight="6" > size </wordcount>
    <wordcount weight="6" > given </wordcount>
    <wordcount weight="6" > shaded </wordcount>
    <wordcount weight="6" > klamath </wordcount>
    <wordcount weight="6" > survival </wordcount>
    <wordcount weight="6" > coefficient </wordcount>
    <wordcount weight="6" > north </wordcount>
    <wordcount weight="6" > cross </wordcount>
    <wordcount weight="5" > unpredictable </wordcount>
    <wordcount weight="5" > miller </wordcount>
    <wordcount weight="5" > tion </wordcount>
    <wordcount weight="5" > tend </wordcount>
    <wordcount weight="5" > h </wordcount>
    <wordcount weight="5" > character </wordcount>
    <wordcount weight="5" > pots </wordcount>
    <wordcount weight="5" > long </wordcount>
    <wordcount weight="5" > closer </wordcount>
    <wordcount weight="5" > state </wordcount>
    <wordcount weight="5" > denominators </wordcount>
    <wordcount weight="5" > behavior </wordcount>
    <wordcount weight="5" > development </wordcount>
    <wordcount weight="5" > lolium </wordcount>
    <wordcount weight="5" > generation </wordcount>
    <wordcount weight="5" > locality </wordcount>
    <wordcount weight="5" > his </wordcount>
    <wordcount weight="5" > obtained </wordcount>
    <wordcount weight="5" > changes </wordcount>
    <wordcount weight="5" > university </wordcount>
    <wordcount weight="5" > days </wordcount>
    <wordcount weight="5" > submerged </wordcount>
    <wordcount weight="5" > whereas </wordcount>
    <wordcount weight="5" > absolute </wordcount>
    <wordcount weight="5" > wide </wordcount>
    <wordcount weight="5" > near </wordcount>
    <wordcount weight="5" > well </wordcount>
    <wordcount weight="5" > bradshaw </wordcount>
    <wordcount weight="5" > mi </wordcount>
    <wordcount weight="5" > sampled </wordcount>
    <wordcount weight="5" > ratios </wordcount>
    <wordcount weight="5" > small </wordcount>
    <wordcount weight="5" > shapes </wordcount>
    <wordcount weight="5" > up </wordcount>
    <wordcount weight="5" > elmira </wordcount>
    <wordcount weight="5" > inhibitor </wordcount>
    <wordcount weight="5" > selective </wordcount>
    <wordcount weight="5" > light </wordcount>
    <wordcount weight="5" > others </wordcount>
    <wordcount weight="5" > fact </wordcount>
    <wordcount weight="5" > survive </wordcount>
    <wordcount weight="5" > significance </wordcount>
    <wordcount weight="5" > summer </wordcount>
    <wordcount weight="5" > slacks </wordcount>
    <wordcount weight="5" > buffering </wordcount>
    <wordcount weight="5" > measured </wordcount>
    <wordcount weight="5" > numerators </wordcount>
    <wordcount weight="5" > over </wordcount>
    <wordcount weight="5" > lane </wordcount>
    <wordcount weight="5" > dune </wordcount>
    <wordcount weight="5" > our </wordcount>
    <wordcount weight="5" > smaller </wordcount>
    <wordcount weight="5" > c </wordcount>
    <wordcount weight="5" > interplant </wordcount>
    <wordcount weight="5" > hypothesis </wordcount>
    <wordcount weight="4" > interpopulation </wordcount>
    <wordcount weight="4" > o </wordcount>
    <wordcount weight="4" > e </wordcount>
    <wordcount weight="4" > succession </wordcount>
    <wordcount weight="4" > large </wordcount>
    <wordcount weight="4" > formed </wordcount>
    <wordcount weight="4" > localities </wordcount>
    <wordcount weight="4" > somewhat </wordcount>
    <wordcount weight="4" > possible </wordcount>
    <wordcount weight="4" > bottom </wordcount>
    <wordcount weight="4" > cient </wordcount>
    <wordcount weight="4" > diversity </wordcount>
    <wordcount weight="4" > phase </wordcount>
    <wordcount weight="4" > g </wordcount>
    <wordcount weight="4" > heterogeneity </wordcount>
    <wordcount weight="4" > wet </wordcount>
    <wordcount weight="4" > phases </wordcount>
    <wordcount weight="4" > natur </wordcount>
    <wordcount weight="4" > site </wordcount>
    <wordcount weight="4" > subjected </wordcount>
    <wordcount weight="4" > intraplant </wordcount>
    <wordcount weight="4" > study </wordcount>
    <wordcount weight="4" > slowly </wordcount>
    <wordcount weight="4" > coefficients </wordcount>
    <wordcount weight="4" > upper </wordcount>
    <wordcount weight="4" > always </wordcount>
    <wordcount weight="4" > based </wordcount>
    <wordcount weight="4" > combinations </wordcount>
    <wordcount weight="4" > term </wordcount>
    <wordcount weight="4" > further </wordcount>
    <wordcount weight="4" > equal </wordcount>
    <wordcount weight="4" > possibility </wordcount>
    <wordcount weight="4" > data </wordcount>
    <wordcount weight="4" > during </wordcount>
    <wordcount weight="4" > partly </wordcount>
    <wordcount weight="4" > climatic </wordcount>
    <wordcount weight="4" > submergence </wordcount>
    <wordcount weight="4" > stage </wordcount>
    <wordcount weight="4" > order </wordcount>
    <wordcount weight="4" > pond </wordcount>
    <wordcount weight="4" > several </wordcount>
    <wordcount weight="4" > highly </wordcount>
    <wordcount weight="4" > gene </wordcount>
    <wordcount weight="4" > seeds </wordcount>
    <wordcount weight="4" > moist </wordcount>
    <wordcount weight="4" > provided </wordcount>
    <wordcount weight="4" > expt </wordcount>
    <wordcount weight="4" > morphology </wordcount>
    <wordcount weight="4" > still </wordcount>
    <wordcount weight="4" > single </wordcount>
    <wordcount weight="4" > evolved </wordcount>
    <wordcount weight="4" > ecotypic </wordcount>
    <wordcount weight="4" > performed </wordcount>
    <wordcount weight="4" > department </wordcount>
    <wordcount weight="4" > inflexible </wordcount>
    <wordcount weight="4" > toward </wordcount>
    <wordcount weight="4" > larger </wordcount>
    <wordcount weight="4" > discussed </wordcount>
    <wordcount weight="4" > v </wordcount>
    <wordcount weight="4" > immature </wordcount>
    <wordcount weight="4" > demonstrated </wordcount>
    <wordcount weight="4" > ecol </wordcount>
    <wordcount weight="4" > ponds </wordcount>
    <wordcount weight="4" > full </wordcount>
    <wordcount weight="4" > open </wordcount>
    <wordcount weight="4" > would </wordcount>
    <wordcount weight="4" > so </wordcount>
    <wordcount weight="4" > evolutionary </wordcount>
    <wordcount weight="4" > differ </wordcount>
    <wordcount weight="4" > relative </wordcount>
    <wordcount weight="4" > regimes </wordcount>
    <wordcount weight="4" > depth </wordcount>
    <wordcount weight="4" > relationship </wordcount>
    <wordcount weight="4" > sometimes </wordcount>
    <wordcount weight="4" > figure </wordcount>
    <wordcount weight="4" > plastic </wordcount>
    <wordcount weight="4" > rapidly </wordcount>
    <wordcount weight="4" > analysis </wordcount>
    <wordcount weight="4" > fall </wordcount>
    <wordcount weight="4" > complexity </wordcount>
    <wordcount weight="4" > parental </wordcount>
    <wordcount weight="4" > regard </wordcount>
    <wordcount weight="4" > extent </wordcount>
    <wordcount weight="4" > temperature </wordcount>
    <wordcount weight="4" > d </wordcount>
    <wordcount weight="4" > summary </wordcount>
    <wordcount weight="4" > comparison </wordcount>
    <wordcount weight="4" > df </wordcount>
    <wordcount weight="4" > mature </wordcount>
    <wordcount weight="4" > broader </wordcount>
    <wordcount weight="3" > final </wordcount>
    <wordcount weight="3" > way </wordcount>
    <wordcount weight="3" > likely </wordcount>
    <wordcount weight="3" > fitness </wordcount>
    <wordcount weight="3" > into </wordcount>
    <wordcount weight="3" > migration </wordcount>
    <wordcount weight="3" > test </wordcount>
    <wordcount weight="3" > lower </wordcount>
    <wordcount weight="3" > ii </wordcount>
    <wordcount weight="3" > transplant </wordcount>
    <wordcount weight="3" > reversible </wordcount>
    <wordcount weight="3" > petioles </wordcount>
    <wordcount weight="3" > niche </wordcount>
    <wordcount weight="3" > successional </wordcount>
    <wordcount weight="3" > depends </wordcount>
    <wordcount weight="3" > nearer </wordcount>
    <wordcount weight="3" > narrower </wordcount>
    <wordcount weight="3" > determined </wordcount>
    <wordcount weight="3" > occupy </wordcount>
    <wordcount weight="3" > pelican </wordcount>
    <wordcount weight="3" > throughout </wordcount>
    <wordcount weight="3" > explained </wordcount>
    <wordcount weight="3" > since </wordcount>
    <wordcount weight="3" > nearly </wordcount>
    <wordcount weight="3" > occurs </wordcount>
    <wordcount weight="3" > vegetative </wordcount>
    <wordcount weight="3" > clay </wordcount>
    <wordcount weight="3" > distinct </wordcount>
    <wordcount weight="3" > six </wordcount>
    <wordcount weight="3" > compare </wordcount>
    <wordcount weight="3" > even </wordcount>
    <wordcount weight="3" > symp </wordcount>
    <wordcount weight="3" > adjust </wordcount>
    <wordcount weight="3" > whose </wordcount>
    <wordcount weight="3" > breadth </wordcount>
    <wordcount weight="3" > elongation </wordcount>
    <wordcount weight="3" > levels </wordcount>
    <wordcount weight="3" > probability </wordcount>
    <wordcount weight="3" > means </wordcount>
    <wordcount weight="3" > reason </wordcount>
    <wordcount weight="3" > air </wordcount>
    <wordcount weight="3" > situations </wordcount>
    <wordcount weight="3" > show </wordcount>
    <wordcount weight="3" > additional </wordcount>
    <wordcount weight="3" > subsamples </wordcount>
    <wordcount weight="3" > dominant </wordcount>
    <wordcount weight="3" > petiolar </wordcount>
    <wordcount weight="3" > result </wordcount>
    <wordcount weight="3" > dispersability </wordcount>
    <wordcount weight="3" > homeostasis </wordcount>
    <wordcount weight="3" > mainly </wordcount>
    <wordcount weight="3" > produced </wordcount>
    <wordcount weight="3" > placed </wordcount>
    <wordcount weight="3" > produce </wordcount>
    <wordcount weight="3" > related </wordcount>
    <wordcount weight="3" > place </wordcount>
    <wordcount weight="3" > winter </wordcount>
    <wordcount weight="3" > apparently </wordcount>
    <wordcount weight="3" > approach </wordcount>
    <wordcount weight="3" > aquatically </wordcount>
    <wordcount weight="3" > regions </wordcount>
    <wordcount weight="3" > stolons </wordcount>
    <wordcount weight="3" > least </wordcount>
    <wordcount weight="3" > drier </wordcount>
    <wordcount weight="3" > quite </wordcount>
    <wordcount weight="3" > characteristics </wordcount>
    <wordcount weight="3" > few </wordcount>
    <wordcount weight="3" > concerns </wordcount>
    <wordcount weight="3" > floating </wordcount>
    <wordcount weight="3" > grow </wordcount>
    <wordcount weight="3" > fully </wordcount>
    <wordcount weight="3" > ecogeographic </wordcount>
    <wordcount weight="3" > cascade </wordcount>
    <wordcount weight="3" > subsequently </wordcount>
    <wordcount weight="3" > above </wordcount>
    <wordcount weight="3" > competition </wordcount>
    <wordcount weight="3" > flexibilities </wordcount>
    <wordcount weight="3" > regional </wordcount>
    <wordcount weight="3" > many </wordcount>
    <wordcount weight="3" > humidity </wordcount>
    <wordcount weight="3" > speciation </wordcount>
    <wordcount weight="3" > shows </wordcount>
    <wordcount weight="3" > weeds </wordcount>
    <wordcount weight="3" > diverse </wordcount>
    <wordcount weight="3" > pattern </wordcount>
    <wordcount weight="3" > heterozygosity </wordcount>
    <wordcount weight="3" > necessary </wordcount>
    <wordcount weight="3" > maturity </wordcount>
    <wordcount weight="3" > greatest </wordcount>
    <wordcount weight="3" > average </wordcount>
    <wordcount weight="3" > medium </wordcount>
    <wordcount weight="3" > yorkshire </wordcount>
    <wordcount weight="3" > chosen </wordcount>
    <wordcount weight="3" > described </wordcount>
    <wordcount weight="3" > clear </wordcount>
    <wordcount weight="3" > intraand </wordcount>
    <wordcount weight="3" > keep </wordcount>
    <wordcount weight="3" > organism </wordcount>
    <wordcount weight="3" > systems </wordcount>
    <wordcount weight="3" > relation </wordcount>
    <wordcount weight="3" > filiform </wordcount>
    <wordcount weight="3" > concluded </wordcount>
    <wordcount weight="3" > slow </wordcount>
    <wordcount weight="3" > seen </wordcount>
    <wordcount weight="3" > wilson </wordcount>
    <wordcount weight="3" > changing </wordcount>
    <wordcount weight="3" > soil </wordcount>
    <wordcount weight="3" > temporal </wordcount>
    <wordcount weight="3" > paper </wordcount>
    <wordcount weight="3" > did </wordcount>
    <wordcount weight="3" > best </wordcount>
    <wordcount weight="3" > specially </wordcount>
    <wordcount weight="3" > very </wordcount>
    <wordcount weight="3" > associated </wordcount>
    <wordcount weight="3" > desiccation </wordcount>
    <wordcount weight="3" > following </wordcount>
    <wordcount weight="3" > what </wordcount>
    <wordcount weight="3" > spatial </wordcount>
    <wordcount weight="3" > ones </wordcount>
    <wordcount weight="3" > while </wordcount>
    <wordcount weight="3" > hybridization </wordcount>
    <wordcount weight="3" > lesson </wordcount>
    <wordcount weight="3" > proceeds </wordcount>
    <wordcount weight="3" > years </wordcount>
    <wordcount weight="3" > difference </wordcount>
    <wordcount weight="3" > instead </wordcount>
    <wordcount weight="3" > tanks </wordcount>
    <wordcount weight="3" > temperatures </wordcount>
    <wordcount weight="3" > little </wordcount>
    <wordcount weight="3" > observed </wordcount>
    <wordcount weight="3" > showed </wordcount>
    <wordcount weight="3" > occur </wordcount>
    <wordcount weight="2" > margins </wordcount>
    <wordcount weight="2" > now </wordcount>
    <wordcount weight="2" > chromosome </wordcount>
    <wordcount weight="2" > produces </wordcount>
    <wordcount weight="2" > phenotypic </wordcount>
    <wordcount weight="2" > develops </wordcount>
    <wordcount weight="2" > groups </wordcount>
    <wordcount weight="2" > expand </wordcount>
    <wordcount weight="2" > affected </wordcount>
    <wordcount weight="2" > deduced </wordcount>
    <wordcount weight="2" > ant </wordcount>
    <wordcount weight="2" > mountains </wordcount>
    <wordcount weight="2" > per </wordcount>
    <wordcount weight="2" > group </wordcount>
    <wordcount weight="2" > complex </wordcount>
    <wordcount weight="2" > developmentally </wordcount>
    <wordcount weight="2" > kinds </wordcount>
    <wordcount weight="2" > ways </wordcount>
    <wordcount weight="2" > wateradaptation </wordcount>
    <wordcount weight="2" > experience </wordcount>
    <wordcount weight="2" > fluctuations </wordcount>
    <wordcount weight="2" > darkness </wordcount>
    <wordcount weight="2" > nature </wordcount>
    <wordcount weight="2" > simple </wordcount>
    <wordcount weight="2" > wave </wordcount>
    <wordcount weight="2" > analyses </wordcount>
    <wordcount weight="2" > able </wordcount>
    <wordcount weight="2" > reveal </wordcount>
    <wordcount weight="2" > generalizations </wordcount>
    <wordcount weight="2" > reproduction </wordcount>
    <wordcount weight="2" > inland </wordcount>
    <wordcount weight="2" > achieved </wordcount>
    <wordcount weight="2" > vegetation </wordcount>
    <wordcount weight="2" > depending </wordcount>
    <wordcount weight="2" > cloned </wordcount>
    <wordcount weight="2" > moisture </wordcount>
    <wordcount weight="2" > right </wordcount>
    <wordcount weight="2" > indirectly </wordcount>
    <wordcount weight="2" > soils </wordcount>
    <wordcount weight="2" > slight </wordcount>
    <wordcount weight="2" > except </wordcount>
    <wordcount weight="2" > far </wordcount>
    <wordcount weight="2" > establishment </wordcount>
    <wordcount weight="2" > dosage </wordcount>
    <wordcount weight="2" > beneath </wordcount>
    <wordcount weight="2" > germinate </wordcount>
    <wordcount weight="2" > blades </wordcount>
    <wordcount weight="2" > author </wordcount>
    <wordcount weight="2" > reptans </wordcount>
    <wordcount weight="2" > ranunculi </wordcount>
    <wordcount weight="2" > ability </wordcount>
    <wordcount weight="2" > expected </wordcount>
    <wordcount weight="2" > z </wordcount>
    <wordcount weight="2" > depend </wordcount>
    <wordcount weight="2" > third </wordcount>
    <wordcount weight="2" > find </wordcount>
    <wordcount weight="2" > sci </wordcount>
    <wordcount weight="2" > aquatics </wordcount>
    <wordcount weight="2" > behave </wordcount>
    <wordcount weight="2" > york </wordcount>
    <wordcount weight="2" > plotted </wordcount>
    <wordcount weight="2" > rather </wordcount>
    <wordcount weight="2" > ml </wordcount>
    <wordcount weight="2" > purely </wordcount>
    <wordcount weight="2" > predictably </wordcount>
    <wordcount weight="2" > generations </wordcount>
    <wordcount weight="2" > remain </wordcount>
    <wordcount weight="2" > adapt </wordcount>
    <wordcount weight="2" > grew </wordcount>
    <wordcount weight="2" > se </wordcount>
    <wordcount weight="2" > certain </wordcount>
    <wordcount weight="2" > acclimation </wordcount>
    <wordcount weight="2" > assuming </wordcount>
    <wordcount weight="2" > factors </wordcount>
    <wordcount weight="2" > extremes </wordcount>
    <wordcount weight="2" > t </wordcount>
    <wordcount weight="2" > locally </wordcount>
    <wordcount weight="2" > repeated </wordcount>
    <wordcount weight="2" > just </wordcount>
    <wordcount weight="2" > stabilizing </wordcount>
    <wordcount weight="2" > numbers </wordcount>
    <wordcount weight="2" > gradually </wordcount>
    <wordcount weight="2" > biotic </wordcount>
    <wordcount weight="2" > exceed </wordcount>
    <wordcount weight="2" > important </wordcount>
    <wordcount weight="2" > appear </wordcount>
    <wordcount weight="2" > regulatory </wordcount>
    <wordcount weight="2" > lead </wordcount>
    <wordcount weight="2" > basin </wordcount>
    <wordcount weight="2" > called </wordcount>
    <wordcount weight="2" > graphically </wordcount>
    <wordcount weight="2" > persist </wordcount>
    <wordcount weight="2" > equally </wordcount>
    <wordcount weight="2" > suffered </wordcount>
    <wordcount weight="2" > scale </wordcount>
    <wordcount weight="2" > directly </wordcount>
    <wordcount weight="2" > basis </wordcount>
    <wordcount weight="2" > interface </wordcount>
    <wordcount weight="2" > closed </wordcount>
    <wordcount weight="2" > degrees </wordcount>
    <wordcount weight="2" > breeding </wordcount>
    <wordcount weight="2" > reduction </wordcount>
    <wordcount weight="2" > consistently </wordcount>
    <wordcount weight="2" > older </wordcount>
    <wordcount weight="2" > calculating </wordcount>
    <wordcount weight="2" > actually </wordcount>
    <wordcount weight="2" > miss </wordcount>
    <wordcount weight="2" > own </wordcount>
    <wordcount weight="2" > solution </wordcount>
    <wordcount weight="2" > sense </wordcount>
    <wordcount weight="2" > below </wordcount>
    <wordcount weight="2" > lowest </wordcount>
    <wordcount weight="2" > distances </wordcount>
    <wordcount weight="2" > atmosphere </wordcount>
    <wordcount weight="2" > biol </wordcount>
    <wordcount weight="2" > components </wordcount>
    <wordcount weight="2" > research </wordcount>
    <wordcount weight="2" > coast </wordcount>
    <wordcount weight="2" > seed </wordcount>
    <wordcount weight="2" > florida </wordcount>
    <wordcount weight="2" > value </wordcount>
    <wordcount weight="2" > periods </wordcount>
    <wordcount weight="2" > inspection </wordcount>
    <wordcount weight="2" > therefore </wordcount>
    <wordcount weight="2" > situation </wordcount>
    <wordcount weight="2" > materials </wordcount>
    <wordcount weight="2" > short </wordcount>
    <wordcount weight="2" > indicates </wordcount>
    <wordcount weight="2" > manifest </wordcount>
    <wordcount weight="2" > biological </wordcount>
    <wordcount weight="2" > examined </wordcount>
    <wordcount weight="2" > greenhouse </wordcount>
    <wordcount weight="2" > marginal </wordcount>
    <wordcount weight="2" > populated </wordcount>
    <wordcount weight="2" > thesis </wordcount>
    <wordcount weight="2" > included </wordcount>
    <wordcount weight="2" > nat </wordcount>
    <wordcount weight="2" > subpopulations </wordcount>
    <wordcount weight="2" > delphinium </wordcount>
    <wordcount weight="2" > members </wordcount>
    <wordcount weight="2" > name </wordcount>
    <wordcount weight="2" > lanceolate </wordcount>
    <wordcount weight="2" > power </wordcount>
    <wordcount weight="2" > pointed </wordcount>
    <wordcount weight="2" > chance </wordcount>
    <wordcount weight="2" > experienced </wordcount>
    <wordcount weight="2" > longer </wordcount>
    <wordcount weight="2" > predominant </wordcount>
    <wordcount weight="2" > regulation </wordcount>
    <wordcount weight="2" > warm </wordcount>
    <wordcount weight="2" > habitat </wordcount>
    <wordcount weight="2" > grows </wordcount>
    <wordcount weight="2" > diameter </wordcount>
    <wordcount weight="2" > arisen </wordcount>
    <wordcount weight="2" > increases </wordcount>
    <wordcount weight="2" > covered </wordcount>
    <wordcount weight="2" > shown </wordcount>
    <wordcount weight="2" > see </wordcount>
    <wordcount weight="2" > answer </wordcount>
    <wordcount weight="2" > microdifferentiation </wordcount>
    <wordcount weight="2" > frequency </wordcount>
    <wordcount weight="2" > distance </wordcount>
    <wordcount weight="2" > ecology </wordcount>
    <wordcount weight="2" > degree </wordcount>
    <wordcount weight="2" > original </wordcount>
    <wordcount weight="2" > analyzed </wordcount>
    <wordcount weight="2" > averaged </wordcount>
    <wordcount weight="2" > transplantation </wordcount>
    <wordcount weight="2" > mosaic </wordcount>
    <wordcount weight="2" > largely </wordcount>
    <wordcount weight="2" > sequence </wordcount>
    <wordcount weight="2" > variabilities </wordcount>
    <wordcount weight="2" > maturation </wordcount>
    <wordcount weight="2" > hour </wordcount>
    <wordcount weight="2" > california </wordcount>
    <wordcount weight="2" > laminae </wordcount>
    <wordcount weight="2" > authors </wordcount>
    <wordcount weight="2" > b </wordcount>
    <wordcount weight="2" > mt </wordcount>
    <wordcount weight="2" > points </wordcount>
    <wordcount weight="2" > august </wordcount>
    <wordcount weight="2" > allowed </wordcount>
    <wordcount weight="2" > characterized </wordcount>
    <wordcount weight="2" > period </wordcount>
    <wordcount weight="2" > responses </wordcount>
    <wordcount weight="2" > interspecific </wordcount>
    <wordcount weight="2" > variance </wordcount>
    <wordcount weight="2" > earlier </wordcount>
    <wordcount weight="2" > wish </wordcount>
    <wordcount weight="2" > latter </wordcount>
    <wordcount weight="2" > exchange </wordcount>
    <wordcount weight="2" > willamette </wordcount>
    <wordcount weight="2" > computed </wordcount>
    <wordcount weight="2" > publ </wordcount>
    <wordcount weight="2" > britain </wordcount>
    <wordcount weight="2" > slightly </wordcount>
    <wordcount weight="2" > present </wordcount>
    <wordcount weight="2" > equivalent </wordcount>
    <wordcount weight="2" > tendency </wordcount>
    <wordcount weight="2" > ago </wordcount>
    <wordcount weight="2" > widely </wordcount>
    <wordcount weight="2" > division </wordcount>
    <wordcount weight="2" > separate </wordcount>
    <wordcount weight="2" > polymorphism </wordcount>
    <wordcount weight="2" > suggestion </wordcount>
    <wordcount weight="2" > tests </wordcount>
    <wordcount weight="2" > equals </wordcount>
    <wordcount weight="2" > irreversible </wordcount>
    <wordcount weight="2" > usually </wordcount>
    <wordcount weight="2" > five </wordcount>
    <wordcount weight="2" > alternate </wordcount>
    <wordcount weight="2" > who </wordcount>
    <wordcount weight="2" > ants </wordcount>
    <wordcount weight="2" > indicate </wordcount>
    <wordcount weight="2" > littoral </wordcount>
    <wordcount weight="2" > respect </wordcount>
    <wordcount weight="2" > moister </wordcount>
    <wordcount weight="2" > exists </wordcount>
    <wordcount weight="2" > resemble </wordcount>
    <wordcount weight="2" > differentiated </wordcount>
    <wordcount weight="2" > conclusion </wordcount>
    <wordcount weight="2" > simply </wordcount>
    <wordcount weight="2" > allard </wordcount>
    <wordcount weight="2" > regime </wordcount>
    <wordcount weight="2" > separately </wordcount>
    <wordcount weight="2" > wider </wordcount>
    <wordcount weight="2" > conformance </wordcount>
    <wordcount weight="2" > sizes </wordcount>
    <wordcount weight="2" > flowing </wordcount>
    <wordcount weight="2" > down </wordcount>
    <wordcount weight="2" > genus </wordcount>
    <wordcount weight="2" > basins </wordcount>
    <wordcount weight="2" > advances </wordcount>
    <wordcount weight="2" > concrete </wordcount>
    <wordcount weight="2" > phd </wordcount>
    <wordcount weight="2" > terms </wordcount>
    <wordcount weight="2" > climatological </wordcount>
    <wordcount weight="2" > seasonal </wordcount>
    <wordcount weight="2" > theory </wordcount>
    <wordcount weight="2" > distribution </wordcount>
    <wordcount weight="2" > tending </wordcount>
    <wordcount weight="2" > waters </wordcount>
    <wordcount weight="2" > argued </wordcount>
    <wordcount weight="2" > balance </wordcount>
    <wordcount weight="2" > generally </wordcount>
    <wordcount weight="2" > presented </wordcount>
    <wordcount weight="2" > preserved </wordcount>
    <wordcount weight="2" > altered </wordcount>
    <wordcount weight="2" > midl </wordcount>
    <wordcount weight="2" > subject </wordcount>
    <wordcount weight="2" > lies </wordcount>
    <wordcount weight="2" > phylly </wordcount>
    <wordcount weight="2" > arguments </wordcount>
    <wordcount weight="2" > thoday </wordcount>
    <wordcount weight="2" > come </wordcount>
    <wordcount weight="2" > wild </wordcount>
    <wordcount weight="2" > reveals </wordcount>
    <wordcount weight="2" > pops </wordcount>
    <wordcount weight="2" > national </wordcount>
    <wordcount weight="2" > sides </wordcount>
    <wordcount weight="2" > removed </wordcount>
    <wordcount weight="2" > assumed </wordcount>
    <wordcount weight="2" > partial </wordcount>
    <wordcount weight="2" > maximum </wordcount>
    <wordcount weight="2" > evidently </wordcount>
    <wordcount weight="2" > characters </wordcount>
    <wordcount weight="2" > develop </wordcount>
    <wordcount weight="2" > much </wordcount>
    <wordcount weight="2" > recent </wordcount>
    <wordcount weight="2" > histograms </wordcount>
    <wordcount weight="2" > should </wordcount>
    <wordcount weight="2" > close </wordcount>
    <wordcount weight="2" > major </wordcount>
    <wordcount weight="1" > does </wordcount>
    <wordcount weight="1" > undergraduate </wordcount>
    <wordcount weight="1" > microgeographical </wordcount>
    <wordcount weight="1" > receded </wordcount>
    <wordcount weight="1" > possessed </wordcount>
    <wordcount weight="1" > zero </wordcount>
    <wordcount weight="1" > done </wordcount>
    <wordcount weight="1" > common </wordcount>
    <wordcount weight="1" > later </wordcount>
    <wordcount weight="1" > outbreeding </wordcount>
    <wordcount weight="1" > macrogeographical </wordcount>
    <wordcount weight="1" > names </wordcount>
    <wordcount weight="1" > arctic </wordcount>
    <wordcount weight="1" > adapting </wordcount>
    <wordcount weight="1" > correlations </wordcount>
    <wordcount weight="1" > freezing </wordcount>
    <wordcount weight="1" > biotope </wordcount>
    <wordcount weight="1" > separated </wordcount>
    <wordcount weight="1" > represent </wordcount>
    <wordcount weight="1" > cells </wordcount>
    <wordcount weight="1" > determine </wordcount>
    <wordcount weight="1" > alone </wordcount>
    <wordcount weight="1" > totally </wordcount>
    <wordcount weight="1" > grasses </wordcount>
    <wordcount weight="1" > manuscript </wordcount>
    <wordcount weight="1" > mouth </wordcount>
    <wordcount weight="1" > american </wordcount>
    <wordcount weight="1" > replaced </wordcount>
    <wordcount weight="1" > deepest </wordcount>
    <wordcount weight="1" > live </wordcount>
    <wordcount weight="1" > nichol </wordcount>
    <wordcount weight="1" > flowering </wordcount>
    <wordcount weight="1" > uniquely </wordcount>
    <wordcount weight="1" > sets </wordcount>
    <wordcount weight="1" > treatise </wordcount>
    <wordcount weight="1" > sudden </wordcount>
    <wordcount weight="1" > inconsistent </wordcount>
    <wordcount weight="1" > rt </wordcount>
    <wordcount weight="1" > easily </wordcount>
    <wordcount weight="1" > studies </wordcount>
    <wordcount weight="1" > cryptic </wordcount>
    <wordcount weight="1" > biotopes </wordcount>
    <wordcount weight="1" > favor </wordcount>
    <wordcount weight="1" > park </wordcount>
    <wordcount weight="1" > position </wordcount>
    <wordcount weight="1" > cycles </wordcount>
    <wordcount weight="1" > necessarily </wordcount>
    <wordcount weight="1" > history </wordcount>
    <wordcount weight="1" > tween </wordcount>
    <wordcount weight="1" > occurred </wordcount>
    <wordcount weight="1" > replicate </wordcount>
    <wordcount weight="1" > individually </wordcount>
    <wordcount weight="1" > total </wordcount>
    <wordcount weight="1" > before </wordcount>
    <wordcount weight="1" > obligate </wordcount>
    <wordcount weight="1" > bend </wordcount>
    <wordcount weight="1" > microscopical </wordcount>
    <wordcount weight="1" > distilled </wordcount>
    <wordcount weight="1" > ovulate </wordcount>
    <wordcount weight="1" > consistent </wordcount>
    <wordcount weight="1" > attribute </wordcount>
    <wordcount weight="1" > moderated </wordcount>
    <wordcount weight="1" > perenne </wordcount>
    <wordcount weight="1" > lateral </wordcount>
    <wordcount weight="1" > hence </wordcount>
    <wordcount weight="1" > haterophyfly </wordcount>
    <wordcount weight="1" > implications </wordcount>
    <wordcount weight="1" > exhibited </wordcount>
    <wordcount weight="1" > contrasted </wordcount>
    <wordcount weight="1" > season </wordcount>
    <wordcount weight="1" > permanently </wordcount>
    <wordcount weight="1" > opportunists </wordcount>
    <wordcount weight="1" > eruption </wordcount>
    <wordcount weight="1" > displacement </wordcount>
    <wordcount weight="1" > europe </wordcount>
    <wordcount weight="1" > flowers </wordcount>
    <wordcount weight="1" > assess </wordcount>
    <wordcount weight="1" > broadly </wordcount>
    <wordcount weight="1" > examination </wordcount>
    <wordcount weight="1" > together </wordcount>
    <wordcount weight="1" > borders </wordcount>
    <wordcount weight="1" > tempolane </wordcount>
    <wordcount weight="1" > rosette </wordcount>
    <wordcount weight="1" > ecotypes </wordcount>
    <wordcount weight="1" > quant </wordcount>
    <wordcount weight="1" > origin </wordcount>
    <wordcount weight="1" > follows </wordcount>
    <wordcount weight="1" > buttercups </wordcount>
    <wordcount weight="1" > studied </wordcount>
    <wordcount weight="1" > coeffiblade </wordcount>
    <wordcount weight="1" > resulting </wordcount>
    <wordcount weight="1" > take </wordcount>
    <wordcount weight="1" > real </wordcount>
    <wordcount weight="1" > prevail </wordcount>
    <wordcount weight="1" > damage </wordcount>
    <wordcount weight="1" > fresh </wordcount>
    <wordcount weight="1" > office </wordcount>
    <wordcount weight="1" > loose </wordcount>
    <wordcount weight="1" > emphasized </wordcount>
    <wordcount weight="1" > respond </wordcount>
    <wordcount weight="1" > freshly </wordcount>
    <wordcount weight="1" > remainder </wordcount>
    <wordcount weight="1" > soc </wordcount>
    <wordcount weight="1" > regression </wordcount>
    <wordcount weight="1" > flor </wordcount>
    <wordcount weight="1" > classified </wordcount>
    <wordcount weight="1" > advantages </wordcount>
    <wordcount weight="1" > univ </wordcount>
    <wordcount weight="1" > thawing </wordcount>
    <wordcount weight="1" > emasculated </wordcount>
    <wordcount weight="1" > side </wordcount>
    <wordcount weight="1" > moderates </wordcount>
    <wordcount weight="1" > macarthur </wordcount>
    <wordcount weight="1" > takes </wordcount>
    <wordcount weight="1" > resemblances </wordcount>
    <wordcount weight="1" > dr </wordcount>
    <wordcount weight="1" > plain </wordcount>
    <wordcount weight="1" > llj </wordcount>
    <wordcount weight="1" > samleaf </wordcount>
    <wordcount weight="1" > east </wordcount>
    <wordcount weight="1" > albeit </wordcount>
    <wordcount weight="1" > outlet </wordcount>
    <wordcount weight="1" > capacity </wordcount>
    <wordcount weight="1" > continuum </wordcount>
    <wordcount weight="1" > peculiarities </wordcount>
    <wordcount weight="1" > planted </wordcount>
    <wordcount weight="1" > lamina </wordcount>
    <wordcount weight="1" > u </wordcount>
    <wordcount weight="1" > iv </wordcount>
    <wordcount weight="1" > america </wordcount>
    <wordcount weight="1" > sexual </wordcount>
    <wordcount weight="1" > march </wordcount>
    <wordcount weight="1" > buttercup </wordcount>
    <wordcount weight="1" > account </wordcount>
    <wordcount weight="1" > inverse </wordcount>
    <wordcount weight="1" > evolutionarily </wordcount>
    <wordcount weight="1" > helpful </wordcount>
    <wordcount weight="1" > marked </wordcount>
    <wordcount weight="1" > intrax </wordcount>
    <wordcount weight="1" > fl </wordcount>
    <wordcount weight="1" > xv </wordcount>
    <wordcount weight="1" > facilitating </wordcount>
    <wordcount weight="1" > wetter </wordcount>
    <wordcount weight="1" > obvious </wordcount>
    <wordcount weight="1" > genotypical </wordcount>
    <wordcount weight="1" > disadvantage </wordcount>
    <wordcount weight="1" > taking </wordcount>
    <wordcount weight="1" > combination </wordcount>
    <wordcount weight="1" > sporadically </wordcount>
    <wordcount weight="1" > pairs </wordcount>
    <wordcount weight="1" > cited </wordcount>
    <wordcount weight="1" > overtopping </wordcount>
    <wordcount weight="1" > f </wordcount>
    <wordcount weight="1" > considerably </wordcount>
    <wordcount weight="1" > measurement </wordcount>
    <wordcount weight="1" > gas </wordcount>
    <wordcount weight="1" > removes </wordcount>
    <wordcount weight="1" > separating </wordcount>
    <wordcount weight="1" > localized </wordcount>
    <wordcount weight="1" > bot </wordcount>
    <wordcount weight="1" > exist </wordcount>
    <wordcount weight="1" > evans </wordcount>
    <wordcount weight="1" > lewontin </wordcount>
    <wordcount weight="1" > possessing </wordcount>
    <wordcount weight="1" > accessible </wordcount>
    <wordcount weight="1" > possibie </wordcount>
    <wordcount weight="1" > ice </wordcount>
    <wordcount weight="1" > reverse </wordcount>
    <wordcount weight="1" > eventual </wordcount>
    <wordcount weight="1" > component </wordcount>
    <wordcount weight="1" > severe </wordcount>
    <wordcount weight="1" > immediate </wordcount>
    <wordcount weight="1" > depressions </wordcount>
    <wordcount weight="1" > diurnal </wordcount>
    <wordcount weight="1" > constantly </wordcount>
    <wordcount weight="1" > against </wordcount>
    <wordcount weight="1" > genotype </wordcount>
    <wordcount weight="1" > rooting </wordcount>
    <wordcount weight="1" > confer </wordcount>
    <wordcount weight="1" > characteristic </wordcount>
    <wordcount weight="1" > basal </wordcount>
    <wordcount weight="1" > sp </wordcount>
    <wordcount weight="1" > br </wordcount>
    <wordcount weight="1" > emerges </wordcount>
    <wordcount weight="1" > stanton </wordcount>
    <wordcount weight="1" > barrier </wordcount>
    <wordcount weight="1" > mild </wordcount>
    <wordcount weight="1" > thank </wordcount>
    <wordcount weight="1" > kind </wordcount>
    <wordcount weight="1" > turn </wordcount>
    <wordcount weight="1" > estimates </wordcount>
    <wordcount weight="1" > adjustment </wordcount>
    <wordcount weight="1" > allopolyploids </wordcount>
    <wordcount weight="1" > unpredictability </wordcount>
    <wordcount weight="1" > better </wordcount>
    <wordcount weight="1" > times </wordcount>
    <wordcount weight="1" > crosses </wordcount>
    <wordcount weight="1" > refer </wordcount>
    <wordcount weight="1" > concerning </wordcount>
    <wordcount weight="1" > uniformly </wordcount>
    <wordcount weight="1" > body </wordcount>
    <wordcount weight="1" > highest </wordcount>
    <wordcount weight="1" > infinity </wordcount>
    <wordcount weight="1" > young </wordcount>
    <wordcount weight="1" > races </wordcount>
    <wordcount weight="1" > allowing </wordcount>
    <wordcount weight="1" > minus </wordcount>
    <wordcount weight="1" > compared </wordcount>
    <wordcount weight="1" > cleawoox </wordcount>
    <wordcount weight="1" > left </wordcount>
    <wordcount weight="1" > cytological </wordcount>
    <wordcount weight="1" > twice </wordcount>
    <wordcount weight="1" > delphiniums </wordcount>
    <wordcount weight="1" > died </wordcount>
    <wordcount weight="1" > y </wordcount>
    <wordcount weight="1" > drawn </wordcount>
    <wordcount weight="1" > consequently </wordcount>
    <wordcount weight="1" > stimulating </wordcount>
    <wordcount weight="1" > look </wordcount>
    <wordcount weight="1" > ecosystems </wordcount>
    <wordcount weight="1" > border </wordcount>
    <wordcount weight="1" > demonstrably </wordcount>
    <wordcount weight="1" > acted </wordcount>
    <wordcount weight="1" > acknowledge </wordcount>
    <wordcount weight="1" > poorly </wordcount>
    <wordcount weight="1" > van </wordcount>
    <wordcount weight="1" > drained </wordcount>
    <wordcount weight="1" > mechanisms </wordcount>
    <wordcount weight="1" > premium </wordcount>
    <wordcount weight="1" > poor </wordcount>
    <wordcount weight="1" > interesting </wordcount>
    <wordcount weight="1" > pacific </wordcount>
    <wordcount weight="1" > deviaple </wordcount>
    <wordcount weight="1" > reflects </wordcount>
    <wordcount weight="1" > upright </wordcount>
    <wordcount weight="1" > without </wordcount>
    <wordcount weight="1" > acid </wordcount>
    <wordcount weight="1" > act </wordcount>
    <wordcount weight="1" > ecotonal </wordcount>
    <wordcount weight="1" > main </wordcount>
    <wordcount weight="1" > coastal </wordcount>
    <wordcount weight="1" > remote </wordcount>
    <wordcount weight="1" > active </wordcount>
    <wordcount weight="1" > suffer </wordcount>
    <wordcount weight="1" > persistent </wordcount>
    <wordcount weight="1" > eight </wordcount>
    <wordcount weight="1" > similar </wordcount>
    <wordcount weight="1" > importance </wordcount>
    <wordcount weight="1" > silhouettes </wordcount>
    <wordcount weight="1" > parts </wordcount>
    <wordcount weight="1" > aqueous </wordcount>
    <wordcount weight="1" > diminishes </wordcount>
    <wordcount weight="1" > cannonical </wordcount>
    <wordcount weight="1" > succisa </wordcount>
    <wordcount weight="1" > support </wordcount>
    <wordcount weight="1" > wash </wordcount>
    <wordcount weight="1" > facilitated </wordcount>
    <wordcount weight="1" > experimentally </wordcount>
    <wordcount weight="1" > plus </wordcount>
    <wordcount weight="1" > alaskan </wordcount>
    <wordcount weight="1" > possibly </wordcount>
    <wordcount weight="1" > cryptically </wordcount>
    <wordcount weight="1" > statistical </wordcount>
    <wordcount weight="1" > established </wordcount>
    <wordcount weight="1" > specialization </wordcount>
    <wordcount weight="1" > presumably </wordcount>
    <wordcount weight="1" > recombination </wordcount>
    <wordcount weight="1" > section </wordcount>
    <wordcount weight="1" > floras </wordcount>
    <wordcount weight="1" > weather </wordcount>
    <wordcount weight="1" > completion </wordcount>
    <wordcount weight="1" > weak </wordcount>
    <wordcount weight="1" > shore </wordcount>
    <wordcount weight="1" > differs </wordcount>
    <wordcount weight="1" > reviewed </wordcount>
    <wordcount weight="1" > superior </wordcount>
    <wordcount weight="1" > heading </wordcount>
    <wordcount weight="1" > recovered </wordcount>
    <wordcount weight="1" > alwaysadaptation </wordcount>
    <wordcount weight="1" > shorter </wordcount>
    <wordcount weight="1" > surface </wordcount>
    <wordcount weight="1" > mazama </wordcount>
    <wordcount weight="1" > lungfish </wordcount>
    <wordcount weight="1" > adaptively </wordcount>
    <wordcount weight="1" > followed </wordcount>
    <wordcount weight="1" > differentiate </wordcount>
    <wordcount weight="1" > instance </wordcount>
    <wordcount weight="1" > answers </wordcount>
    <wordcount weight="1" > restriction </wordcount>
    <wordcount weight="1" > obverse </wordcount>
    <wordcount weight="1" > xhen </wordcount>
    <wordcount weight="1" > helped </wordcount>
    <wordcount weight="1" > heterosample </wordcount>
    <wordcount weight="1" > faced </wordcount>
    <wordcount weight="1" > view </wordcount>
    <wordcount weight="1" > ofadaptation </wordcount>
    <wordcount weight="1" > hours </wordcount>
    <wordcount weight="1" > moving </wordcount>
    <wordcount weight="1" > fitted </wordcount>
    <wordcount weight="1" > pioneering </wordcount>
    <wordcount weight="1" > theadaptation </wordcount>
    <wordcount weight="1" > coexisting </wordcount>
    <wordcount weight="1" > transient </wordcount>
    <wordcount weight="1" > rule </wordcount>
    <wordcount weight="1" > samwidth </wordcount>
    <wordcount weight="1" > resembles </wordcount>
    <wordcount weight="1" > centers </wordcount>
    <wordcount weight="1" > dunes </wordcount>
    <wordcount weight="1" > nutrients </wordcount>
    <wordcount weight="1" > events </wordcount>
    <wordcount weight="1" > radical </wordcount>
    <wordcount weight="1" > requirements </wordcount>
    <wordcount weight="1" > plump </wordcount>
    <wordcount weight="1" > gibberellic </wordcount>
    <wordcount weight="1" > zone </wordcount>
    <wordcount weight="1" > monomorphism </wordcount>
    <wordcount weight="1" > hg </wordcount>
    <wordcount weight="1" > governing </wordcount>
    <wordcount weight="1" > initial </wordcount>
    <wordcount weight="1" > longitude </wordcount>
    <wordcount weight="1" > glacial </wordcount>
    <wordcount weight="1" > inter </wordcount>
    <wordcount weight="1" > midway </wordcount>
    <wordcount weight="1" > macrodifferentiation </wordcount>
    <wordcount weight="1" > late </wordcount>
    <wordcount weight="1" > academic </wordcount>
    <wordcount weight="1" > aerial </wordcount>
    <wordcount weight="1" > scoticus </wordcount>
    <wordcount weight="1" > shasta </wordcount>
    <wordcount weight="1" > ranking </wordcount>
    <wordcount weight="1" > preston </wordcount>
    <wordcount weight="1" > neighboring </wordcount>
    <wordcount weight="1" > generalists </wordcount>
    <wordcount weight="1" > traced </wordcount>
    <wordcount weight="1" > circular </wordcount>
    <wordcount weight="1" > jetty </wordcount>
    <wordcount weight="1" > applied </wordcount>
    <wordcount weight="1" > however </wordcount>
    <wordcount weight="1" > pleistocene </wordcount>
    <wordcount weight="1" > acknowledgments </wordcount>
    <wordcount weight="1" > leavesadaptation </wordcount>
    <wordcount weight="1" > clone </wordcount>
    <wordcount weight="1" > filter </wordcount>
    <wordcount weight="1" > stations </wordcount>
    <wordcount weight="1" > sparse </wordcount>
    <wordcount weight="1" > acquatic </wordcount>
    <wordcount weight="1" > climatically </wordcount>
    <wordcount weight="1" > failure </wordcount>
    <wordcount weight="1" > keeping </wordcount>
    <wordcount weight="1" > having </wordcount>
    <wordcount weight="1" > unequal </wordcount>
    <wordcount weight="1" > marsh </wordcount>
    <wordcount weight="1" > douglas </wordcount>
    <wordcount weight="1" > received </wordcount>
    <wordcount weight="1" > responding </wordcount>
    <wordcount weight="1" > distinguish </wordcount>
    <wordcount weight="1" > exp </wordcount>
    <wordcount weight="1" > future </wordcount>
    <wordcount weight="1" > county </wordcount>
    <wordcount weight="1" > part </wordcount>
    <wordcount weight="1" > london </wordcount>
    <wordcount weight="1" > purpose </wordcount>
    <wordcount weight="1" > competing </wordcount>
    <wordcount weight="1" > clarkias </wordcount>
    <wordcount weight="1" > null </wordcount>
    <wordcount weight="1" > revealed </wordcount>
    <wordcount weight="1" > routinely </wordcount>
    <wordcount weight="1" > microenvironmental </wordcount>
    <wordcount weight="1" > description </wordcount>
    <wordcount weight="1" > ten </wordcount>
    <wordcount weight="1" > geology </wordcount>
    <wordcount weight="1" > repeating </wordcount>
    <wordcount weight="1" > loss </wordcount>
    <wordcount weight="1" > whole </wordcount>
    <wordcount weight="1" > literature </wordcount>
    <wordcount weight="1" > q </wordcount>
    <wordcount weight="1" > describe </wordcount>
    <wordcount weight="1" > siuslaw </wordcount>
    <wordcount weight="1" > work </wordcount>
    <wordcount weight="1" > forces </wordcount>
    <wordcount weight="1" > away </wordcount>
    <wordcount weight="1" > reflect </wordcount>
    <wordcount weight="1" > rise </wordcount>
    <wordcount weight="1" > differentially </wordcount>
    <wordcount weight="1" > entails </wordcount>
    <wordcount weight="1" > showing </wordcount>
    <wordcount weight="1" > genet </wordcount>
    <wordcount weight="1" > status </wordcount>
    <wordcount weight="1" > heterople </wordcount>
    <wordcount weight="1" > currents </wordcount>
    <wordcount weight="1" > graph </wordcount>
    <wordcount weight="1" > forementioned </wordcount>
    <wordcount weight="1" > trends </wordcount>
    <wordcount weight="1" > markedly </wordcount>
    <wordcount weight="1" > weeks </wordcount>
    <wordcount weight="1" > aided </wordcount>
    <wordcount weight="1" > good </wordcount>
    <wordcount weight="1" > statistically </wordcount>
    <wordcount weight="1" > governs </wordcount>
    <wordcount weight="1" > brush </wordcount>
    <wordcount weight="1" > commerce </wordcount>
    <wordcount weight="1" > normally </wordcount>
    <wordcount weight="1" > successful </wordcount>
    <wordcount weight="1" > diminish </wordcount>
    <wordcount weight="1" > cold </wordcount>
    <wordcount weight="1" > clorox </wordcount>
    <wordcount weight="1" > suggest </wordcount>
    <wordcount weight="1" > fluctuates </wordcount>
    <wordcount weight="1" > amphibious </wordcount>
    <wordcount weight="1" > cope </wordcount>
    <wordcount weight="1" > generators </wordcount>
    <wordcount weight="1" > inactive </wordcount>
    <wordcount weight="1" > inst </wordcount>
    <wordcount weight="1" > temporary </wordcount>
    <wordcount weight="1" > cong </wordcount>
    <wordcount weight="1" > acts </wordcount>
    <wordcount weight="1" > plunged </wordcount>
    <wordcount weight="1" > presence </wordcount>
    <wordcount weight="1" > peaty </wordcount>
    <wordcount weight="1" > climate </wordcount>
    <wordcount weight="1" > mesic </wordcount>
    <wordcount weight="1" > usual </wordcount>
    <wordcount weight="1" > gradient </wordcount>
    <wordcount weight="1" > inflexibility </wordcount>
    <wordcount weight="1" > annual </wordcount>
    <wordcount weight="1" > st </wordcount>
    <wordcount weight="1" > hayden </wordcount>
    <wordcount weight="1" > resistance </wordcount>
    <wordcount weight="1" > cycle </wordcount>
    <wordcount weight="1" > appropriate </wordcount>
    <wordcount weight="1" > newly </wordcount>
    <wordcount weight="1" > computation </wordcount>
    <wordcount weight="1" > directional </wordcount>
    <wordcount weight="1" > evoked </wordcount>
    <wordcount weight="1" > south </wordcount>
    <wordcount weight="1" > benches </wordcount>
    <wordcount weight="1" > retreated </wordcount>
    <wordcount weight="1" > critical </wordcount>
    <wordcount weight="1" > soaking </wordcount>
    <wordcount weight="1" > inhabit </wordcount>
    <wordcount weight="1" > reduced </wordcount>
    <wordcount weight="1" > matter </wordcount>
    <wordcount weight="1" > absence </wordcount>
    <wordcount weight="1" > clones </wordcount>
    <wordcount weight="1" > curves </wordcount>
    <wordcount weight="1" > various </wordcount>
    <wordcount weight="1" > expanse </wordcount>
    <wordcount weight="1" > andadaptation </wordcount>
    <wordcount weight="1" > scientific </wordcount>
    <wordcount weight="1" > action </wordcount>
    <wordcount weight="1" > canalized </wordcount>
    <wordcount weight="1" > indeed </wordcount>
    <wordcount weight="1" > synthesis </wordcount>
    <wordcount weight="1" > overall </wordcount>
    <wordcount weight="1" > horses </wordcount>
    <wordcount weight="1" > benson </wordcount>
    <wordcount weight="1" > inclusive </wordcount>
    <wordcount weight="1" > geometrically </wordcount>
    <wordcount weight="1" > procreation </wordcount>
    <wordcount weight="1" > stolon </wordcount>
    <wordcount weight="1" > exception </wordcount>
    <wordcount weight="1" > prevailing </wordcount>
    <wordcount weight="1" > terrestral </wordcount>
    <wordcount weight="1" > interactions </wordcount>
    <wordcount weight="1" > asheville </wordcount>
    <wordcount weight="1" > intraindividual </wordcount>
    <wordcount weight="1" > initially </wordcount>
    <wordcount weight="1" > wind </wordcount>
    <wordcount weight="1" > perennial </wordcount>
    <wordcount weight="1" > southern </wordcount>
    <wordcount weight="1" > abrupt </wordcount>
    <wordcount weight="1" > tends </wordcount>
    <wordcount weight="1" > structural </wordcount>
    <wordcount weight="1" > ubiquity </wordcount>
    <wordcount weight="1" > coherence </wordcount>
    <wordcount weight="1" > communities </wordcount>
    <wordcount weight="1" > springs </wordcount>
    <wordcount weight="1" > kent </wordcount>
    <wordcount weight="1" > criticism </wordcount>
    <wordcount weight="1" > yet </wordcount>
    <wordcount weight="1" > monogr </wordcount>
    <wordcount weight="1" > towards </wordcount>
    <wordcount weight="1" > hos </wordcount>
    <wordcount weight="1" > variamean </wordcount>
    <wordcount weight="1" > exposure </wordcount>
    <wordcount weight="1" > ne </wordcount>
    <wordcount weight="1" > latitude </wordcount>
    <wordcount weight="1" > favorable </wordcount>
    <wordcount weight="1" > temperate </wordcount>
    <wordcount weight="1" > sufficiently </wordcount>
    <wordcount weight="1" > compiled </wordcount>
    <wordcount weight="1" > brooks </wordcount>
    <wordcount weight="1" > marshall </wordcount>
    <wordcount weight="1" > participants </wordcount>
    <wordcount weight="1" > falls </wordcount>
    <wordcount weight="1" > homogeneous </wordcount>
    <wordcount weight="1" > property </wordcount>
    <wordcount weight="1" > assistance </wordcount>
    <wordcount weight="1" > complete </wordcount>
    <wordcount weight="1" > irregularly </wordcount>
    <wordcount weight="1" > hmalone </wordcount>
    <wordcount weight="1" > shifting </wordcount>
    <wordcount weight="1" > nw </wordcount>
    <wordcount weight="1" > cyclic </wordcount>
    <wordcount weight="1" > belonging </wordcount>
    <wordcount weight="1" > already </wordcount>
    <wordcount weight="1" > noted </wordcount>
    <wordcount weight="1" > visualize </wordcount>
    <wordcount weight="1" > inheritance </wordcount>
    <wordcount weight="1" > isolated </wordcount>
    <wordcount weight="1" > unifying </wordcount>
    <wordcount weight="1" > evolve </wordcount>
    <wordcount weight="1" > picture </wordcount>
    <wordcount weight="1" > harper </wordcount>
    <wordcount weight="1" > double </wordcount>
    <wordcount weight="1" > useful </wordcount>
    <wordcount weight="1" > fill </wordcount>
    <wordcount weight="1" > lack </wordcount>
    <wordcount weight="1" > alteration </wordcount>
    <wordcount weight="1" > commonness </wordcount>
    <wordcount weight="1" > lewis </wordcount>
    <wordcount weight="1" > science </wordcount>
    <wordcount weight="1" > principles </wordcount>
    <wordcount weight="1" > coeffimean </wordcount>
    <wordcount weight="1" > fell </wordcount>
    <wordcount weight="1" > genecology </wordcount>
    <wordcount weight="1" > death </wordcount>
    <wordcount weight="1" > available </wordcount>
    <wordcount weight="1" > similarly </wordcount>
    <wordcount weight="1" > varies </wordcount>
    <wordcount weight="1" > stebbins </wordcount>
    <wordcount weight="1" > analogous </wordcount>
    <wordcount weight="1" > invariable </wordcount>
    <wordcount weight="1" > stabler </wordcount>
    <wordcount weight="1" > harb </wordcount>
    <wordcount weight="1" > preserve </wordcount>
    <wordcount weight="1" > deficient </wordcount>
    <wordcount weight="1" > areas </wordcount>
    <wordcount weight="1" > meadow </wordcount>
    <wordcount weight="1" > appeared </wordcount>
    <wordcount weight="1" > replicates </wordcount>
    <wordcount weight="1" > doors </wordcount>
    <wordcount weight="1" > insular </wordcount>
    <wordcount weight="1" > surfaces </wordcount>
    <wordcount weight="1" > doubt </wordcount>
    <wordcount weight="1" > considerable </wordcount>
    <wordcount weight="1" > man </wordcount>
    <wordcount weight="1" > seldom </wordcount>
    <wordcount weight="1" > millimeter </wordcount>
    <wordcount weight="1" > never </wordcount>
    <wordcount weight="1" > reproductive </wordcount>
    <wordcount weight="1" > patterns </wordcount>
    <wordcount weight="1" > fits </wordcount>
    <wordcount weight="1" > hand </wordcount>
    <wordcount weight="1" > ground </wordcount>
    <wordcount weight="1" > impinge </wordcount>
    <wordcount weight="1" > operating </wordcount>
    <wordcount weight="1" > shrubs </wordcount>
    <wordcount weight="1" > road </wordcount>
    <wordcount weight="1" > macroclimatic </wordcount>
    <wordcount weight="1" > superimposed </wordcount>
    <wordcount weight="1" > crop </wordcount>
    <wordcount weight="1" > axes </wordcount>
    <wordcount weight="1" > michael </wordcount>
    <wordcount weight="1" > wherefrom </wordcount>
    <wordcount weight="1" > riley </wordcount>
    <wordcount weight="1" > material </wordcount>
    <wordcount weight="1" > colony </wordcount>
    <wordcount weight="1" > pratensis </wordcount>
    <wordcount weight="1" > perhaps </wordcount>
    <wordcount weight="1" > humidities </wordcount>
    <wordcount weight="1" > free </wordcount>
    <wordcount weight="1" > encountered </wordcount>
    <wordcount weight="1" > borne </wordcount>
    <wordcount weight="1" > elevation </wordcount>
    <wordcount weight="1" > polyploids </wordcount>
    <wordcount weight="1" > understanding </wordcount>
    <wordcount weight="1" > referred </wordcount>
    <wordcount weight="1" > collecting </wordcount>
    <wordcount weight="1" > nutrition </wordcount>
    <wordcount weight="1" > extended </wordcount>
    <wordcount weight="1" > elevations </wordcount>
    <wordcount weight="1" > discussion </wordcount>
    <wordcount weight="1" > success </wordcount>
    <wordcount weight="1" > examples </wordcount>
    <wordcount weight="1" > treated </wordcount>
    <wordcount weight="1" > explanation </wordcount>
    <wordcount weight="1" > geogr </wordcount>
    <wordcount weight="1" > desert </wordcount>
    <wordcount weight="1" > melanesian </wordcount>
    <wordcount weight="1" > owe </wordcount>
    <wordcount weight="1" > sixth </wordcount>
    <wordcount weight="1" > strongly </wordcount>
    <wordcount weight="1" > merge </wordcount>
    <wordcount weight="1" > abiotic </wordcount>
    <wordcount weight="1" > oscillation </wordcount>
    <wordcount weight="1" > narrowness </wordcount>
    <wordcount weight="1" > grassland </wordcount>
    <wordcount weight="1" > use </wordcount>
    <wordcount weight="1" > succumbed </wordcount>
    <wordcount weight="1" > convenience </wordcount>
    <wordcount weight="1" > factor </wordcount>
    <wordcount weight="1" > causes </wordcount>
    <wordcount weight="1" > submitted </wordcount>
    <wordcount weight="1" > tips </wordcount>
    <wordcount weight="1" > assign </wordcount>
    <wordcount weight="1" > check </wordcount>
    <wordcount weight="1" > transect </wordcount>
    <wordcount weight="1" > taxon </wordcount>
    <wordcount weight="1" > junior </wordcount>
    <wordcount weight="1" > nevertheless </wordcount>
    <wordcount weight="1" > constancy </wordcount>
    <wordcount weight="1" > theoretical </wordcount>
    <wordcount weight="1" > zoogeography </wordcount>
    <wordcount weight="1" > appreciably </wordcount>
    <wordcount weight="1" > taxonomic </wordcount>
    <wordcount weight="1" > rary </wordcount>
    <wordcount weight="1" > started </wordcount>
    <wordcount weight="1" > like </wordcount>
    <wordcount weight="1" > geographically </wordcount>
    <wordcount weight="1" > terrestrially </wordcount>
    <wordcount weight="1" > general </wordcount>
    <wordcount weight="1" > valen </wordcount>
    <wordcount weight="1" > him </wordcount>
    <wordcount weight="1" > amplitudes </wordcount>
    <wordcount weight="1" > collected </wordcount>
    <wordcount weight="1" > stages </wordcount>
    <wordcount weight="1" > lie </wordcount>
    <wordcount weight="1" > int </wordcount>
    <wordcount weight="1" > kept </wordcount>
    <wordcount weight="1" > provides </wordcount>
    <wordcount weight="1" > computer </wordcount>
    <wordcount weight="1" > adequately </wordcount>
    <wordcount weight="1" > hh </wordcount>
    <wordcount weight="1" > favored </wordcount>
    <wordcount weight="1" > carlson </wordcount>
    <wordcount weight="1" > unexpanded </wordcount>
    <wordcount weight="1" > especially </wordcount>
    <wordcount weight="1" > random </wordcount>
    <wordcount weight="1" > levins </wordcount>
    <wordcount weight="1" > parallel </wordcount>
    <wordcount weight="1" > hereditas </wordcount>
    <wordcount weight="1" > respectively </wordcount>
    <wordcount weight="1" > ferentiation </wordcount>
    <wordcount weight="1" > blackwell </wordcount>
    <wordcount weight="1" > incompatible </wordcount>
    <wordcount weight="1" > diamond </wordcount>
    <wordcount weight="1" > variavariashape </wordcount>
    <wordcount weight="1" > capabilities </wordcount>
    <wordcount weight="1" > dominance </wordcount>
    <wordcount weight="1" > southwest </wordcount>
    <wordcount weight="1" > looked </wordcount>
    <wordcount weight="1" > northern </wordcount>
    <wordcount weight="1" > oscillations </wordcount>
    <wordcount weight="1" > ocular </wordcount>
    <wordcount weight="1" > basically </wordcount>
    <wordcount weight="1" > unrelated </wordcount>
    <wordcount weight="1" > emily </wordcount>
    <wordcount weight="1" > outbreeders </wordcount>
    <wordcount weight="1" > dilute </wordcount>
    <wordcount weight="1" > european </wordcount>
    <wordcount weight="1" > space </wordcount>
    <wordcount weight="1" > carried </wordcount>
    <wordcount weight="1" > things </wordcount>
    <wordcount weight="1" > oxford </wordcount>
    <wordcount weight="1" > asking </wordcount>
    <wordcount weight="1" > unstable </wordcount>
    <wordcount weight="1" > modification </wordcount>
    <wordcount weight="1" > oa </wordcount>
    <wordcount weight="1" > shoot </wordcount>
    <wordcount weight="1" > flower </wordcount>
    <wordcount weight="1" > tentative </wordcount>
    <wordcount weight="1" > wisdom </wordcount>
    <wordcount weight="1" > pans </wordcount>
    <wordcount weight="1" > independent </wordcount>
    <wordcount weight="1" > regular </wordcount>
    <wordcount weight="1" > mixture </wordcount>
    <wordcount weight="1" > outbreeder </wordcount>
    <wordcount weight="1" > bulk </wordcount>
    <wordcount weight="1" > linda </wordcount>
    <wordcount weight="1" > types </wordcount>
    <wordcount weight="1" > naturally </wordcount>
    <wordcount weight="1" > reasonable </wordcount>
    <wordcount weight="1" > randomly </wordcount>
    <wordcount weight="1" > becomes </wordcount>
    <wordcount weight="1" > physiologically </wordcount>
    <wordcount weight="1" > attempted </wordcount>
    <wordcount weight="1" > sensitive </wordcount>
    <wordcount weight="1" > detailed </wordcount>
    <wordcount weight="1" > life </wordcount>
    <wordcount weight="1" > why </wordcount>
    <wordcount weight="1" > methods </wordcount>
    <wordcount weight="1" > efficiency </wordcount>
    <wordcount weight="1" > face </wordcount>
    <wordcount weight="1" > investigate </wordcount>
    <wordcount weight="1" > ities </wordcount>
    <wordcount weight="1" > forest </wordcount>
    <wordcount weight="1" > regularly </wordcount>
    <wordcount weight="1" > moderateorganic </wordcount>
    <wordcount weight="1" > stable </wordcount>
    <wordcount weight="1" > biology </wordcount>
    <wordcount weight="1" > considered </wordcount>
    <wordcount weight="1" > res </wordcount>
    <wordcount weight="1" > detail </wordcount>
    <wordcount weight="1" > quantitative </wordcount>
    <wordcount weight="1" > inactivity </wordcount>
    <wordcount weight="1" > endemism </wordcount>
    <wordcount weight="1" > reciprocal </wordcount>
    <wordcount weight="1" > curious </wordcount>
    <wordcount weight="1" > systematists </wordcount>
    <wordcount weight="1" > fifteen </wordcount>
    <wordcount weight="1" > any </wordcount>
    <wordcount weight="1" > senior </wordcount>
    <wordcount weight="1" > lessons </wordcount>
    <wordcount weight="1" > comes </wordcount>
    <wordcount weight="1" > mentioned </wordcount>
    <wordcount weight="1" > coefficoeffistanpopulation </wordcount>
    <wordcount weight="1" > extending </wordcount>
    <wordcount weight="1" > zool </wordcount>
    <wordcount weight="1" > extensive </wordcount>
    <wordcount weight="1" > epidermal </wordcount>
    <wordcount weight="1" > substrate </wordcount>
    <wordcount weight="1" > known </wordcount>
    <wordcount weight="1" > subjecting </wordcount>
    <wordcount weight="1" > favors </wordcount>
    <wordcount weight="1" > discrete </wordcount>
    <wordcount weight="1" > betable </wordcount>
    <wordcount weight="1" > southward </wordcount>
    <wordcount weight="1" > reconnaissance </wordcount>
    <wordcount weight="1" > ramets </wordcount>
    <wordcount weight="1" > potamogeton </wordcount>
    <wordcount weight="1" > triggers </wordcount>
    <wordcount weight="1" > dormancy </wordcount>
    <wordcount weight="1" > forty </wordcount>
    <wordcount weight="1" > transplanting </wordcount>
    <wordcount weight="1" > natural </wordcount>
    <wordcount weight="1" > continental </wordcount>
    <wordcount weight="1" > postglacial </wordcount>
    <wordcount weight="1" > tendencies </wordcount>
    <wordcount weight="1" > commonplace </wordcount>
    <wordcount weight="1" > correspond </wordcount>
    <wordcount weight="1" > december </wordcount>
    <wordcount weight="1" > foundation </wordcount>
    <wordcount weight="1" > iii </wordcount>
    <wordcount weight="1" > obviously </wordcount>
    <wordcount weight="1" > equilibrium </wordcount>
    <wordcount weight="1" > edaphic </wordcount>
    <wordcount weight="1" > benefit </wordcount>
    <wordcount weight="1" > visits </wordcount>
    <wordcount weight="1" > thaw </wordcount>
    <wordcount weight="1" > past </wordcount>
    <wordcount weight="1" > crater </wordcount>
    <wordcount weight="1" > living </wordcount>
    <wordcount weight="1" > survivors </wordcount>
    <wordcount weight="1" > places </wordcount>
    <wordcount weight="1" > mnonoculture </wordcount>
    <wordcount weight="1" > scholarly </wordcount>
    <wordcount weight="1" > catastrophic </wordcount>
    <wordcount weight="1" > insensitive </wordcount>
    <wordcount weight="1" > investigation </wordcount>
    <wordcount weight="1" > regulates </wordcount>
    <wordcount weight="1" > stability </wordcount>
    <wordcount weight="1" > cheesecloth </wordcount>
    <wordcount weight="1" > xim </wordcount>
    <wordcount weight="1" > varying </wordcount>
    <wordcount weight="1" > nearby </wordcount>
    <wordcount weight="1" > marcola </wordcount>
    <wordcount weight="1" > novelty </wordcount>
    <wordcount weight="1" > interleaf </wordcount>
    <wordcount weight="1" > xeric </wordcount>
    <wordcount weight="1" > disruptively </wordcount>
    <wordcount weight="1" > submersed </wordcount>
    <wordcount weight="1" > akflorencelow </wordcount>
    <wordcount weight="1" > explored </wordcount>
    <wordcount weight="1" > complementation </wordcount>
    <wordcount weight="1" > minimal </wordcount>
    <wordcount weight="1" > prevent </wordcount>
    <wordcount weight="1" > freedom </wordcount>
    <wordcount weight="1" > middle </wordcount>
    <wordcount weight="1" > varialeaf </wordcount>
    <wordcount weight="1" > photosynthesis </wordcount>
    <wordcount weight="1" > persistently </wordcount>
    <wordcount weight="1" > varieties </wordcount>
    <wordcount weight="1" > balances </wordcount>
    <wordcount weight="1" > circumstances </wordcount>
    <wordcount weight="1" > dard </wordcount>
    <wordcount weight="1" > thereby </wordcount>
    <wordcount weight="1" > reported </wordcount>
    <wordcount weight="1" > desiccating </wordcount>
    <wordcount weight="1" > uniform </wordcount>
    <wordcount weight="1" > honeyman </wordcount>
    <wordcount weight="1" > atmospheric </wordcount>
    <wordcount weight="1" > spr </wordcount>
    <wordcount weight="1" > became </wordcount>
    <wordcount weight="1" > verification </wordcount>
    <wordcount weight="1" > struck </wordcount>
    <wordcount weight="1" > measure </wordcount>
    <wordcount weight="1" > equipped </wordcount>
    <wordcount weight="1" > aquaria </wordcount>
    <wordcount weight="1" > tidsskr </wordcount>
    <wordcount weight="1" > challenges </wordcount>
    <wordcount weight="1" > turbulence </wordcount>
    <wordcount weight="1" > maintained </wordcount>
    <wordcount weight="1" > snow </wordcount>
    <wordcount weight="1" > coming </wordcount>
    <wordcount weight="1" > rewarding </wordcount>
    <wordcount weight="1" > shores </wordcount>
    <wordcount weight="1" > question </wordcount>
    <wordcount weight="1" > marineadaptation </wordcount>
    <wordcount weight="1" > formation </wordcount>
    <wordcount weight="1" > layers </wordcount>
    <wordcount weight="1" > canvas </wordcount>
    <wordcount weight="1" > until </wordcount>
    <wordcount weight="1" > youth </wordcount>
    <wordcount weight="1" > locations </wordcount>
    <wordcount weight="1" > algae </wordcount>
    <wordcount weight="1" > emersed </wordcount>
    <wordcount weight="1" > genetically </wordcount>
    <wordcount weight="1" > modifiers </wordcount>
    <wordcount weight="1" > strikingly </wordcount>
    <wordcount weight="1" > grant </wordcount>
    <wordcount weight="1" > reversibly </wordcount>
    <wordcount weight="1" > mode </wordcount>
    <wordcount weight="1" > ecosystem </wordcount>
    <wordcount weight="1" > offer </wordcount>
    <wordcount weight="1" > prolonged </wordcount>
    <wordcount weight="1" > fauna </wordcount>
    <wordcount weight="1" > gravel </wordcount>
    <wordcount weight="1" > correlated </wordcount>
    <wordcount weight="1" > cooper </wordcount>
    <wordcount weight="1" > morphologically </wordcount>
    <wordcount weight="1" > specialists </wordcount>
    <wordcount weight="1" > newlyformed </wordcount>
    <wordcount weight="1" > involving </wordcount>
    <wordcount weight="1" > attributes </wordcount>
    <wordcount weight="1" > derive </wordcount>
    <wordcount weight="1" > forming </wordcount>
    <wordcount weight="1" > off </wordcount>
    <wordcount weight="1" > inhibitory </wordcount>
    <wordcount weight="1" > organ </wordcount>
    <wordcount weight="1" > area </wordcount>
    <wordcount weight="1" > pot </wordcount>
    <wordcount weight="1" > deductions </wordcount>
    <wordcount weight="1" > roughly </wordcount>
    <wordcount weight="1" > doubtless </wordcount>
    <wordcount weight="1" > respective </wordcount>
    <wordcount weight="1" > flora </wordcount>
    <wordcount weight="1" > thousand </wordcount>
    <wordcount weight="1" > specific </wordcount>
    <wordcount weight="1" > supported </wordcount>
    <wordcount weight="1" > potential </wordcount>
    <wordcount weight="1" > drying </wordcount>
    <wordcount weight="1" > compounded </wordcount>
    <wordcount weight="1" > margalef </wordcount>
    <wordcount weight="1" > themselves </wordcount>
    <wordcount weight="1" > genic </wordcount>
    <wordcount weight="1" > vary </wordcount>
    <wordcount weight="1" > restricts </wordcount>
    <wordcount weight="1" > early </wordcount>
    <wordcount weight="1" > substantial </wordcount>
    <wordcount weight="1" > predictable </wordcount>
    <wordcount weight="1" > selfincompatible </wordcount>
    <wordcount weight="1" > carn </wordcount>
    <wordcount weight="1" > duration </wordcount>
    <wordcount weight="1" > immediately </wordcount>
    <wordcount weight="1" > strong </wordcount>
    <wordcount weight="1" > among </wordcount>
    <wordcount weight="1" > doing </wordcount>
    <wordcount weight="1" > conversations </wordcount>
    <wordcount weight="1" > increase </wordcount>
    <wordcount weight="1" > continuously </wordcount>
</article>
