<?xml version="1.0" encoding="UTF-8"?>
<article id="10.2307/20000814" >
    <wordcount weight="89" > the </wordcount>
    <wordcount weight="50" > of </wordcount>
    <wordcount weight="22" > a </wordcount>
    <wordcount weight="20" > in </wordcount>
    <wordcount weight="20" > to </wordcount>
    <wordcount weight="17" > and </wordcount>
    <wordcount weight="16" > is </wordcount>
    <wordcount weight="15" > be </wordcount>
    <wordcount weight="12" > contour </wordcount>
    <wordcount weight="12" > for </wordcount>
    <wordcount weight="12" > on </wordcount>
    <wordcount weight="10" > as </wordcount>
    <wordcount weight="10" > are </wordcount>
    <wordcount weight="10" > map </wordcount>
    <wordcount weight="9" > distance </wordcount>
    <wordcount weight="9" > variables </wordcount>
    <wordcount weight="9" > differential </wordcount>
    <wordcount weight="8" > total </wordcount>
    <wordcount weight="8" > by </wordcount>
    <wordcount weight="8" > can </wordcount>
    <wordcount weight="7" > will </wordcount>
    <wordcount weight="7" > two </wordcount>
    <wordcount weight="7" > areas </wordcount>
    <wordcount weight="7" > systematics </wordcount>
    <wordcount weight="7" > through </wordcount>
    <wordcount weight="7" > change </wordcount>
    <wordcount weight="6" > analysis </wordcount>
    <wordcount weight="6" > geographic </wordcount>
    <wordcount weight="6" > that </wordcount>
    <wordcount weight="6" > scale </wordcount>
    <wordcount weight="6" > which </wordcount>
    <wordcount weight="6" > between </wordcount>
    <wordcount weight="5" > at </wordcount>
    <wordcount weight="5" > with </wordcount>
    <wordcount weight="5" > or </wordcount>
    <wordcount weight="5" > technique </wordcount>
    <wordcount weight="5" > systematic </wordcount>
    <wordcount weight="5" > points </wordcount>
    <wordcount weight="5" > taxonomic </wordcount>
    <wordcount weight="4" > set </wordcount>
    <wordcount weight="4" > units </wordcount>
    <wordcount weight="4" > large </wordcount>
    <wordcount weight="4" > reciprocal </wordcount>
    <wordcount weight="4" > each </wordcount>
    <wordcount weight="4" > all </wordcount>
    <wordcount weight="4" > variation </wordcount>
    <wordcount weight="4" > number </wordcount>
    <wordcount weight="4" > contours </wordcount>
    <wordcount weight="4" > this </wordcount>
    <wordcount weight="4" > an </wordcount>
    <wordcount weight="4" > characters </wordcount>
    <wordcount weight="3" > final </wordcount>
    <wordcount weight="3" > if </wordcount>
    <wordcount weight="3" > figure </wordcount>
    <wordcount weight="3" > object </wordcount>
    <wordcount weight="3" > weighting </wordcount>
    <wordcount weight="3" > their </wordcount>
    <wordcount weight="3" > not </wordcount>
    <wordcount weight="3" > objects </wordcount>
    <wordcount weight="3" > from </wordcount>
    <wordcount weight="3" > but </wordcount>
    <wordcount weight="3" > these </wordcount>
    <wordcount weight="3" > constructed </wordcount>
    <wordcount weight="3" > seems </wordcount>
    <wordcount weight="3" > reading </wordcount>
    <wordcount weight="3" > where </wordcount>
    <wordcount weight="3" > functions </wordcount>
    <wordcount weight="3" > its </wordcount>
    <wordcount weight="3" > development </wordcount>
    <wordcount weight="3" > intervals </wordcount>
    <wordcount weight="3" > research </wordcount>
    <wordcount weight="3" > maximum </wordcount>
    <wordcount weight="2" > ridge </wordcount>
    <wordcount weight="2" > steps </wordcount>
    <wordcount weight="2" > high </wordcount>
    <wordcount weight="2" > markedly </wordcount>
    <wordcount weight="2" > separated </wordcount>
    <wordcount weight="2" > represent </wordcount>
    <wordcount weight="2" > april </wordcount>
    <wordcount weight="2" > study </wordcount>
    <wordcount weight="2" > multivariate </wordcount>
    <wordcount weight="2" > extraneous </wordcount>
    <wordcount weight="2" > ridges </wordcount>
    <wordcount weight="2" > character </wordcount>
    <wordcount weight="2" > into </wordcount>
    <wordcount weight="2" > included </wordcount>
    <wordcount weight="2" > then </wordcount>
    <wordcount weight="2" > same </wordcount>
    <wordcount weight="2" > most </wordcount>
    <wordcount weight="2" > regional </wordcount>
    <wordcount weight="2" > long </wordcount>
    <wordcount weight="2" > three </wordcount>
    <wordcount weight="2" > over </wordcount>
    <wordcount weight="2" > mapping </wordcount>
    <wordcount weight="2" > relating </wordcount>
    <wordcount weight="2" > studied </wordcount>
    <wordcount weight="2" > maps </wordcount>
    <wordcount weight="2" > subdued </wordcount>
    <wordcount weight="2" > there </wordcount>
    <wordcount weight="2" > interval </wordcount>
    <wordcount weight="2" > isoline </wordcount>
    <wordcount weight="2" > mapped </wordcount>
    <wordcount weight="2" > used </wordcount>
    <wordcount weight="2" > point </wordcount>
    <wordcount weight="2" > slopes </wordcount>
    <wordcount weight="2" > factor </wordcount>
    <wordcount weight="2" > ibid </wordcount>
    <wordcount weight="2" > xy </wordcount>
    <wordcount weight="2" > only </wordcount>
    <wordcount weight="2" > reality </wordcount>
    <wordcount weight="2" > have </wordcount>
    <wordcount weight="2" > computer </wordcount>
    <wordcount weight="2" > symposium </wordcount>
    <wordcount weight="2" > composite </wordcount>
    <wordcount weight="2" > function </wordcount>
    <wordcount weight="2" > product </wordcount>
    <wordcount weight="2" > individual </wordcount>
    <wordcount weight="2" > involved </wordcount>
    <wordcount weight="2" > geographers </wordcount>
    <wordcount weight="2" > given </wordcount>
    <wordcount weight="2" > using </wordcount>
    <wordcount weight="2" > should </wordcount>
    <wordcount weight="2" > according </wordcount>
    <wordcount weight="2" > close </wordcount>
    <wordcount weight="1" > interpolation </wordcount>
    <wordcount weight="1" > space </wordcount>
    <wordcount weight="1" > it </wordcount>
    <wordcount weight="1" > rate </wordcount>
    <wordcount weight="1" > evaluates </wordcount>
    <wordcount weight="1" > whose </wordcount>
    <wordcount weight="1" > meaningfully </wordcount>
    <wordcount weight="1" > synthesizing </wordcount>
    <wordcount weight="1" > rather </wordcount>
    <wordcount weight="1" > mixture </wordcount>
    <wordcount weight="1" > shortest </wordcount>
    <wordcount weight="1" > usually </wordcount>
    <wordcount weight="1" > located </wordcount>
    <wordcount weight="1" > weighted </wordcount>
    <wordcount weight="1" > attitude </wordcount>
    <wordcount weight="1" > repudiation </wordcount>
    <wordcount weight="1" > e </wordcount>
    <wordcount weight="1" > hobart </wordcount>
    <wordcount weight="1" > above </wordcount>
    <wordcount weight="1" > spatial </wordcount>
    <wordcount weight="1" > b </wordcount>
    <wordcount weight="1" > countries </wordcount>
    <wordcount weight="1" > complex </wordcount>
    <wordcount weight="1" > womble </wordcount>
    <wordcount weight="1" > one </wordcount>
    <wordcount weight="1" > clinal </wordcount>
    <wordcount weight="1" > tends </wordcount>
    <wordcount weight="1" > use </wordcount>
    <wordcount weight="1" > designed </wordcount>
    <wordcount weight="1" > contributing </wordcount>
    <wordcount weight="1" > factors </wordcount>
    <wordcount weight="1" > yet </wordcount>
    <wordcount weight="1" > peaks </wordcount>
    <wordcount weight="1" > excessively </wordcount>
    <wordcount weight="1" > represents </wordcount>
    <wordcount weight="1" > studies </wordcount>
    <wordcount weight="1" > separates </wordcount>
    <wordcount weight="1" > undertaken </wordcount>
    <wordcount weight="1" > necessarily </wordcount>
    <wordcount weight="1" > participants </wordcount>
    <wordcount weight="1" > exercised </wordcount>
    <wordcount weight="1" > section </wordcount>
    <wordcount weight="1" > taxo </wordcount>
    <wordcount weight="1" > w </wordcount>
    <wordcount weight="1" > university </wordcount>
    <wordcount weight="1" > department </wordcount>
    <wordcount weight="1" > lower </wordcount>
    <wordcount weight="1" > being </wordcount>
    <wordcount weight="1" > consistent </wordcount>
    <wordcount weight="1" > ugly </wordcount>
    <wordcount weight="1" > theme </wordcount>
    <wordcount weight="1" > known </wordcount>
    <wordcount weight="1" > readings </wordcount>
    <wordcount weight="1" > either </wordcount>
    <wordcount weight="1" > euclidean </wordcount>
    <wordcount weight="1" > starting </wordcount>
    <wordcount weight="1" > also </wordcount>
    <wordcount weight="1" > other </wordcount>
    <wordcount weight="1" > multiplying </wordcount>
    <wordcount weight="1" > m </wordcount>
    <wordcount weight="1" > taken </wordcount>
    <wordcount weight="1" > rapid </wordcount>
    <wordcount weight="1" > locating </wordcount>
    <wordcount weight="1" > methodology </wordcount>
    <wordcount weight="1" > parsimony </wordcount>
    <wordcount weight="1" > added </wordcount>
    <wordcount weight="1" > many </wordcount>
    <wordcount weight="1" > j </wordcount>
    <wordcount weight="1" > gentle </wordcount>
    <wordcount weight="1" > nature </wordcount>
    <wordcount weight="1" > correspond </wordcount>
    <wordcount weight="1" > paper </wordcount>
    <wordcount weight="1" > moving </wordcount>
    <wordcount weight="1" > words </wordcount>
    <wordcount weight="1" > problem </wordcount>
    <wordcount weight="1" > different </wordcount>
    <wordcount weight="1" > fact </wordcount>
    <wordcount weight="1" > interested </wordcount>
    <wordcount weight="1" > introduce </wordcount>
    <wordcount weight="1" > limit </wordcount>
    <wordcount weight="1" > height </wordcount>
    <wordcount weight="1" > location </wordcount>
    <wordcount weight="1" > could </wordcount>
    <wordcount weight="1" > together </wordcount>
    <wordcount weight="1" > simple </wordcount>
    <wordcount weight="1" > differences </wordcount>
    <wordcount weight="1" > involution </wordcount>
    <wordcount weight="1" > producing </wordcount>
    <wordcount weight="1" > time </wordcount>
    <wordcount weight="1" > out </wordcount>
    <wordcount weight="1" > reveal </wordcount>
    <wordcount weight="1" > far </wordcount>
    <wordcount weight="1" > omitted </wordcount>
    <wordcount weight="1" > end </wordcount>
    <wordcount weight="1" > take </wordcount>
    <wordcount weight="1" > approximation </wordcount>
    <wordcount weight="1" > discussed </wordcount>
    <wordcount weight="1" > devisor </wordcount>
    <wordcount weight="1" > representative </wordcount>
    <wordcount weight="1" > forms </wordcount>
    <wordcount weight="1" > consist </wordcount>
    <wordcount weight="1" > conclusions </wordcount>
    <wordcount weight="1" > multiplication </wordcount>
    <wordcount weight="1" > further </wordcount>
    <wordcount weight="1" > hand </wordcount>
    <wordcount weight="1" > do </wordcount>
    <wordcount weight="1" > present </wordcount>
    <wordcount weight="1" > deriving </wordcount>
    <wordcount weight="1" > equal </wordcount>
    <wordcount weight="1" > mainly </wordcount>
    <wordcount weight="1" > derivation </wordcount>
    <wordcount weight="1" > within </wordcount>
    <wordcount weight="1" > communicate </wordcount>
    <wordcount weight="1" > execution </wordcount>
    <wordcount weight="1" > digital </wordcount>
    <wordcount weight="1" > them </wordcount>
    <wordcount weight="1" > selected </wordcount>
    <wordcount weight="1" > depends </wordcount>
    <wordcount weight="1" > references </wordcount>
    <wordcount weight="1" > particular </wordcount>
    <wordcount weight="1" > placed </wordcount>
    <wordcount weight="1" > dr </wordcount>
    <wordcount weight="1" > explored </wordcount>
    <wordcount weight="1" > recorded </wordcount>
    <wordcount weight="1" > distribution </wordcount>
    <wordcount weight="1" > has </wordcount>
    <wordcount weight="1" > method </wordcount>
    <wordcount weight="1" > vehicle </wordcount>
    <wordcount weight="1" > elevation </wordcount>
    <wordcount weight="1" > divide </wordcount>
    <wordcount weight="1" > degree </wordcount>
    <wordcount weight="1" > produce </wordcount>
    <wordcount weight="1" > suggests </wordcount>
    <wordcount weight="1" > some </wordcount>
    <wordcount weight="1" > recommended </wordcount>
    <wordcount weight="1" > r </wordcount>
    <wordcount weight="1" > marked </wordcount>
    <wordcount weight="1" > line </wordcount>
    <wordcount weight="1" > relief </wordcount>
    <wordcount weight="1" > data </wordcount>
    <wordcount weight="1" > encounter </wordcount>
    <wordcount weight="1" > dissimilar </wordcount>
    <wordcount weight="1" > work </wordcount>
    <wordcount weight="1" > subjectivity </wordcount>
    <wordcount weight="1" > organisms </wordcount>
    <wordcount weight="1" > values </wordcount>
    <wordcount weight="1" > multiple </wordcount>
    <wordcount weight="1" > desired </wordcount>
    <wordcount weight="1" > passes </wordcount>
    <wordcount weight="1" > conception </wordcount>
    <wordcount weight="1" > joining </wordcount>
    <wordcount weight="1" > related </wordcount>
    <wordcount weight="1" > along </wordcount>
    <wordcount weight="1" > techniques </wordcount>
    <wordcount weight="1" > expression </wordcount>
    <wordcount weight="1" > literature </wordcount>
    <wordcount weight="1" > largely </wordcount>
    <wordcount weight="1" > collection </wordcount>
    <wordcount weight="1" > place </wordcount>
    <wordcount weight="1" > ized </wordcount>
    <wordcount weight="1" > relevance </wordcount>
    <wordcount weight="1" > frequencies </wordcount>
    <wordcount weight="1" > varied </wordcount>
    <wordcount weight="1" > thus </wordcount>
    <wordcount weight="1" > relationships </wordcount>
    <wordcount weight="1" > described </wordcount>
    <wordcount weight="1" > locations </wordcount>
    <wordcount weight="1" > kilometer </wordcount>
    <wordcount weight="1" > average </wordcount>
    <wordcount weight="1" > loosely </wordcount>
    <wordcount weight="1" > due </wordcount>
    <wordcount weight="1" > objective </wordcount>
    <wordcount weight="1" > compressed </wordcount>
    <wordcount weight="1" > depicting </wordcount>
    <wordcount weight="1" > applicable </wordcount>
    <wordcount weight="1" > occurs </wordcount>
    <wordcount weight="1" > so </wordcount>
    <wordcount weight="1" > distances </wordcount>
    <wordcount weight="1" > optimum </wordcount>
    <wordcount weight="1" > stage </wordcount>
    <wordcount weight="1" > involve </wordcount>
    <wordcount weight="1" > obvious </wordcount>
    <wordcount weight="1" > anyone </wordcount>
    <wordcount weight="1" > area </wordcount>
    <wordcount weight="1" > standard </wordcount>
    <wordcount weight="1" > small </wordcount>
    <wordcount weight="1" > summary </wordcount>
    <wordcount weight="1" > few </wordcount>
    <wordcount weight="1" > problems </wordcount>
    <wordcount weight="1" > amount </wordcount>
    <wordcount weight="1" > revealing </wordcount>
    <wordcount weight="1" > infinity </wordcount>
    <wordcount weight="1" > attending </wordcount>
    <wordcount weight="1" > relation </wordcount>
    <wordcount weight="1" > suitable </wordcount>
    <wordcount weight="1" > newcastle </wordcount>
    <wordcount weight="1" > enabled </wordcount>
    <wordcount weight="1" > vary </wordcount>
    <wordcount weight="1" > partial </wordcount>
    <wordcount weight="1" > london </wordcount>
    <wordcount weight="1" > drawn </wordcount>
    <wordcount weight="1" > dividing </wordcount>
    <wordcount weight="1" > attracted </wordcount>
    <wordcount weight="1" > figures </wordcount>
    <wordcount weight="1" > we </wordcount>
    <wordcount weight="1" > than </wordcount>
    <wordcount weight="1" > recent </wordcount>
    <wordcount weight="1" > relative </wordcount>
    <wordcount weight="1" > nomic </wordcount>
    <wordcount weight="1" > appropriate </wordcount>
    <wordcount weight="1" > value </wordcount>
    <wordcount weight="1" > caution </wordcount>
    <wordcount weight="1" > labelled </wordcount>
    <wordcount weight="1" > meeting </wordcount>
    <wordcount weight="1" > proponent </wordcount>
    <wordcount weight="1" > lems </wordcount>
    <wordcount weight="1" > aberdeen </wordcount>
    <wordcount weight="1" > avoid </wordcount>
</article>
