<?xml version="1.0" encoding="UTF-8"?>
<article id="10.2307/1933894" >
    <wordcount weight="429" > the </wordcount>
    <wordcount weight="317" > of </wordcount>
    <wordcount weight="188" > and </wordcount>
    <wordcount weight="167" > in </wordcount>
    <wordcount weight="130" > a </wordcount>
    <wordcount weight="117" > to </wordcount>
    <wordcount weight="106" > species </wordcount>
    <wordcount weight="83" > is </wordcount>
    <wordcount weight="65" > are </wordcount>
    <wordcount weight="58" > for </wordcount>
    <wordcount weight="56" > f </wordcount>
    <wordcount weight="52" > with </wordcount>
    <wordcount weight="50" > ns </wordcount>
    <wordcount weight="47" > as </wordcount>
    <wordcount weight="46" > on </wordcount>
    <wordcount weight="44" > that </wordcount>
    <wordcount weight="42" > by </wordcount>
    <wordcount weight="40" > quadrats </wordcount>
    <wordcount weight="39" > this </wordcount>
    <wordcount weight="38" > was </wordcount>
    <wordcount weight="38" > d </wordcount>
    <wordcount weight="35" > it </wordcount>
    <wordcount weight="35" > elevation </wordcount>
    <wordcount weight="33" > e </wordcount>
    <wordcount weight="32" > were </wordcount>
    <wordcount weight="30" > organic </wordcount>
    <wordcount weight="30" > be </wordcount>
    <wordcount weight="29" > at </wordcount>
    <wordcount weight="27" > andropogon </wordcount>
    <wordcount weight="27" > these </wordcount>
    <wordcount weight="26" > which </wordcount>
    <wordcount weight="25" > between </wordcount>
    <wordcount weight="24" > has </wordcount>
    <wordcount weight="23" > not </wordcount>
    <wordcount weight="23" > soil </wordcount>
    <wordcount weight="23" > poa </wordcount>
    <wordcount weight="22" > matter </wordcount>
    <wordcount weight="22" > b </wordcount>
    <wordcount weight="22" > from </wordcount>
    <wordcount weight="22" > water </wordcount>
    <wordcount weight="21" > stand </wordcount>
    <wordcount weight="21" > division </wordcount>
    <wordcount weight="20" > or </wordcount>
    <wordcount weight="20" > each </wordcount>
    <wordcount weight="20" > j </wordcount>
    <wordcount weight="20" > have </wordcount>
    <wordcount weight="20" > association </wordcount>
    <wordcount weight="19" > been </wordcount>
    <wordcount weight="19" > all </wordcount>
    <wordcount weight="19" > present </wordcount>
    <wordcount weight="18" > groups </wordcount>
    <wordcount weight="18" > analysis </wordcount>
    <wordcount weight="18" > table </wordcount>
    <wordcount weight="18" > but </wordcount>
    <wordcount weight="18" > prairie </wordcount>
    <wordcount weight="18" > differences </wordcount>
    <wordcount weight="17" > more </wordcount>
    <wordcount weight="17" > other </wordcount>
    <wordcount weight="17" > vegetation </wordcount>
    <wordcount weight="17" > an </wordcount>
    <wordcount weight="17" > than </wordcount>
    <wordcount weight="16" > stands </wordcount>
    <wordcount weight="16" > where </wordcount>
    <wordcount weight="16" > within </wordcount>
    <wordcount weight="15" > environmental </wordcount>
    <wordcount weight="14" > similar </wordcount>
    <wordcount weight="14" > ridges </wordcount>
    <wordcount weight="14" > topographic </wordcount>
    <wordcount weight="14" > p </wordcount>
    <wordcount weight="14" > pratensis </wordcount>
    <wordcount weight="13" > environment </wordcount>
    <wordcount weight="13" > plant </wordcount>
    <wordcount weight="12" > also </wordcount>
    <wordcount weight="12" > wisconsin </wordcount>
    <wordcount weight="12" > two </wordcount>
    <wordcount weight="12" > lower </wordcount>
    <wordcount weight="12" > i </wordcount>
    <wordcount weight="12" > density </wordcount>
    <wordcount weight="12" > frequency </wordcount>
    <wordcount weight="12" > level </wordcount>
    <wordcount weight="12" > depressions </wordcount>
    <wordcount weight="12" > study </wordcount>
    <wordcount weight="11" > most </wordcount>
    <wordcount weight="11" > carex </wordcount>
    <wordcount weight="11" > distribution </wordcount>
    <wordcount weight="11" > marsh </wordcount>
    <wordcount weight="11" > range </wordcount>
    <wordcount weight="11" > significantly </wordcount>
    <wordcount weight="11" > its </wordcount>
    <wordcount weight="11" > fig </wordcount>
    <wordcount weight="11" > liatris </wordcount>
    <wordcount weight="10" > pattern </wordcount>
    <wordcount weight="10" > some </wordcount>
    <wordcount weight="10" > possible </wordcount>
    <wordcount weight="10" > content </wordcount>
    <wordcount weight="10" > zedler </wordcount>
    <wordcount weight="9" > ridge </wordcount>
    <wordcount weight="9" > groupings </wordcount>
    <wordcount weight="9" > relationship </wordcount>
    <wordcount weight="9" > h </wordcount>
    <wordcount weight="9" > factors </wordcount>
    <wordcount weight="9" > only </wordcount>
    <wordcount weight="9" > cm </wordcount>
    <wordcount weight="9" > sampling </wordcount>
    <wordcount weight="9" > data </wordcount>
    <wordcount weight="9" > point </wordcount>
    <wordcount weight="9" > ecol </wordcount>
    <wordcount weight="9" > measured </wordcount>
    <wordcount weight="9" > presence </wordcount>
    <wordcount weight="8" > depth </wordcount>
    <wordcount weight="8" > r </wordcount>
    <wordcount weight="8" > competition </wordcount>
    <wordcount weight="8" > fields </wordcount>
    <wordcount weight="8" > their </wordcount>
    <wordcount weight="8" > w </wordcount>
    <wordcount weight="8" > sm </wordcount>
    <wordcount weight="8" > ph </wordcount>
    <wordcount weight="8" > microtopography </wordcount>
    <wordcount weight="8" > positions </wordcount>
    <wordcount weight="8" > thus </wordcount>
    <wordcount weight="8" > such </wordcount>
    <wordcount weight="8" > low </wordcount>
    <wordcount weight="8" > three </wordcount>
    <wordcount weight="8" > class </wordcount>
    <wordcount weight="8" > gradient </wordcount>
    <wordcount weight="7" > may </wordcount>
    <wordcount weight="7" > topography </wordcount>
    <wordcount weight="7" > across </wordcount>
    <wordcount weight="7" > group </wordcount>
    <wordcount weight="7" > one </wordcount>
    <wordcount weight="7" > n </wordcount>
    <wordcount weight="7" > m </wordcount>
    <wordcount weight="7" > had </wordcount>
    <wordcount weight="7" > different </wordcount>
    <wordcount weight="7" > habitat </wordcount>
    <wordcount weight="7" > patterns </wordcount>
    <wordcount weight="7" > will </wordcount>
    <wordcount weight="7" > less </wordcount>
    <wordcount weight="7" > native </wordcount>
    <wordcount weight="7" > aristida </wordcount>
    <wordcount weight="7" > vegetational </wordcount>
    <wordcount weight="7" > elevations </wordcount>
    <wordcount weight="7" > x </wordcount>
    <wordcount weight="7" > correlation </wordcount>
    <wordcount weight="7" > shown </wordcount>
    <wordcount weight="7" > field </wordcount>
    <wordcount weight="7" > several </wordcount>
    <wordcount weight="7" > methods </wordcount>
    <wordcount weight="7" > maximum </wordcount>
    <wordcount weight="7" > om </wordcount>
    <wordcount weight="6" > no </wordcount>
    <wordcount weight="6" > levels </wordcount>
    <wordcount weight="6" > linaria </wordcount>
    <wordcount weight="6" > communities </wordcount>
    <wordcount weight="6" > loucks </wordcount>
    <wordcount weight="6" > means </wordcount>
    <wordcount weight="6" > k </wordcount>
    <wordcount weight="6" > same </wordcount>
    <wordcount weight="6" > four </wordcount>
    <wordcount weight="6" > show </wordcount>
    <wordcount weight="6" > s </wordcount>
    <wordcount weight="6" > found </wordcount>
    <wordcount weight="6" > c </wordcount>
    <wordcount weight="6" > occurrence </wordcount>
    <wordcount weight="6" > agrostis </wordcount>
    <wordcount weight="6" > appears </wordcount>
    <wordcount weight="6" > moisture </wordcount>
    <wordcount weight="6" > basis </wordcount>
    <wordcount weight="6" > joy </wordcount>
    <wordcount weight="6" > significant </wordcount>
    <wordcount weight="6" > use </wordcount>
    <wordcount weight="6" > sand </wordcount>
    <wordcount weight="6" > aster </wordcount>
    <wordcount weight="6" > both </wordcount>
    <wordcount weight="6" > sampled </wordcount>
    <wordcount weight="6" > fragaria </wordcount>
    <wordcount weight="6" > area </wordcount>
    <wordcount weight="6" > characteristics </wordcount>
    <wordcount weight="6" > gradients </wordcount>
    <wordcount weight="6" > those </wordcount>
    <wordcount weight="6" > results </wordcount>
    <wordcount weight="6" > dwt </wordcount>
    <wordcount weight="5" > scoparius </wordcount>
    <wordcount weight="5" > high </wordcount>
    <wordcount weight="5" > habitats </wordcount>
    <wordcount weight="5" > dry </wordcount>
    <wordcount weight="5" > z </wordcount>
    <wordcount weight="5" > mean </wordcount>
    <wordcount weight="5" > studies </wordcount>
    <wordcount weight="5" > lambert </wordcount>
    <wordcount weight="5" > about </wordcount>
    <wordcount weight="5" > when </wordcount>
    <wordcount weight="5" > management </wordcount>
    <wordcount weight="5" > into </wordcount>
    <wordcount weight="5" > first </wordcount>
    <wordcount weight="5" > either </wordcount>
    <wordcount weight="5" > here </wordcount>
    <wordcount weight="5" > paul </wordcount>
    <wordcount weight="5" > important </wordcount>
    <wordcount weight="5" > invading </wordcount>
    <wordcount weight="5" > readily </wordcount>
    <wordcount weight="5" > depression </wordcount>
    <wordcount weight="5" > composition </wordcount>
    <wordcount weight="5" > very </wordcount>
    <wordcount weight="5" > further </wordcount>
    <wordcount weight="5" > there </wordcount>
    <wordcount weight="5" > adjacent </wordcount>
    <wordcount weight="5" > invasion </wordcount>
    <wordcount weight="5" > well </wordcount>
    <wordcount weight="5" > erigeron </wordcount>
    <wordcount weight="5" > vol </wordcount>
    <wordcount weight="5" > given </wordcount>
    <wordcount weight="5" > test </wordcount>
    <wordcount weight="5" > during </wordcount>
    <wordcount weight="5" > frequencies </wordcount>
    <wordcount weight="5" > central </wordcount>
    <wordcount weight="5" > they </wordcount>
    <wordcount weight="5" > since </wordcount>
    <wordcount weight="5" > effects </wordcount>
    <wordcount weight="5" > old </wordcount>
    <wordcount weight="5" > much </wordcount>
    <wordcount weight="5" > major </wordcount>
    <wordcount weight="4" > increasing </wordcount>
    <wordcount weight="4" > higher </wordcount>
    <wordcount weight="4" > final </wordcount>
    <wordcount weight="4" > fairly </wordcount>
    <wordcount weight="4" > populations </wordcount>
    <wordcount weight="4" > l </wordcount>
    <wordcount weight="4" > repens </wordcount>
    <wordcount weight="4" > community </wordcount>
    <wordcount weight="4" > above </wordcount>
    <wordcount weight="4" > succession </wordcount>
    <wordcount weight="4" > potassium </wordcount>
    <wordcount weight="4" > plains </wordcount>
    <wordcount weight="4" > observation </wordcount>
    <wordcount weight="4" > danthonia </wordcount>
    <wordcount weight="4" > abundant </wordcount>
    <wordcount weight="4" > decreasing </wordcount>
    <wordcount weight="4" > examined </wordcount>
    <wordcount weight="4" > t </wordcount>
    <wordcount weight="4" > total </wordcount>
    <wordcount weight="4" > then </wordcount>
    <wordcount weight="4" > graphs </wordcount>
    <wordcount weight="4" > subdivisions </wordcount>
    <wordcount weight="4" > over </wordcount>
    <wordcount weight="4" > many </wordcount>
    <wordcount weight="4" > result </wordcount>
    <wordcount weight="4" > six </wordcount>
    <wordcount weight="4" > decreases </wordcount>
    <wordcount weight="4" > shows </wordcount>
    <wordcount weight="4" > located </wordcount>
    <wordcount weight="4" > edaphic </wordcount>
    <wordcount weight="4" > virginiana </wordcount>
    <wordcount weight="4" > normal </wordcount>
    <wordcount weight="4" > degree </wordcount>
    <wordcount weight="4" > spp </wordcount>
    <wordcount weight="4" > method </wordcount>
    <wordcount weight="4" > while </wordcount>
    <wordcount weight="4" > g </wordcount>
    <wordcount weight="4" > because </wordcount>
    <wordcount weight="4" > number </wordcount>
    <wordcount weight="4" > almost </wordcount>
    <wordcount weight="4" > determined </wordcount>
    <wordcount weight="4" > lacustris </wordcount>
    <wordcount weight="4" > soils </wordcount>
    <wordcount weight="4" > antennaria </wordcount>
    <wordcount weight="4" > through </wordcount>
    <wordcount weight="4" > related </wordcount>
    <wordcount weight="4" > samples </wordcount>
    <wordcount weight="4" > agropyron </wordcount>
    <wordcount weight="4" > largely </wordcount>
    <wordcount weight="4" > used </wordcount>
    <wordcount weight="4" > factor </wordcount>
    <wordcount weight="4" > relationships </wordcount>
    <wordcount weight="4" > spring </wordcount>
    <wordcount weight="4" > objective </wordcount>
    <wordcount weight="4" > against </wordcount>
    <wordcount weight="4" > wis </wordcount>
    <wordcount weight="4" > importance </wordcount>
    <wordcount weight="4" > conditions </wordcount>
    <wordcount weight="4" > points </wordcount>
    <wordcount weight="4" > although </wordcount>
    <wordcount weight="4" > would </wordcount>
    <wordcount weight="4" > so </wordcount>
    <wordcount weight="4" > arbitrary </wordcount>
    <wordcount weight="4" > grass </wordcount>
    <wordcount weight="4" > especially </wordcount>
    <wordcount weight="4" > da </wordcount>
    <wordcount weight="4" > can </wordcount>
    <wordcount weight="4" > visible </wordcount>
    <wordcount weight="4" > fv </wordcount>
    <wordcount weight="4" > influence </wordcount>
    <wordcount weight="3" > frequent </wordcount>
    <wordcount weight="3" > drained </wordcount>
    <wordcount weight="3" > absence </wordcount>
    <wordcount weight="3" > if </wordcount>
    <wordcount weight="3" > main </wordcount>
    <wordcount weight="3" > absent </wordcount>
    <wordcount weight="3" > types </wordcount>
    <wordcount weight="3" > bot </wordcount>
    <wordcount weight="3" > fewer </wordcount>
    <wordcount weight="3" > wetland </wordcount>
    <wordcount weight="3" > ordination </wordcount>
    <wordcount weight="3" > subdivision </wordcount>
    <wordcount weight="3" > measures </wordcount>
    <wordcount weight="3" > success </wordcount>
    <wordcount weight="3" > hybrids </wordcount>
    <wordcount weight="3" > case </wordcount>
    <wordcount weight="3" > standing </wordcount>
    <wordcount weight="3" > often </wordcount>
    <wordcount weight="3" > hole </wordcount>
    <wordcount weight="3" > extremes </wordcount>
    <wordcount weight="3" > units </wordcount>
    <wordcount weight="3" > o </wordcount>
    <wordcount weight="3" > new </wordcount>
    <wordcount weight="3" > considered </wordcount>
    <wordcount weight="3" > phosphorus </wordcount>
    <wordcount weight="3" > hybridization </wordcount>
    <wordcount weight="3" > included </wordcount>
    <wordcount weight="3" > numbers </wordcount>
    <wordcount weight="3" > mentioned </wordcount>
    <wordcount weight="3" > observations </wordcount>
    <wordcount weight="3" > surface </wordcount>
    <wordcount weight="3" > position </wordcount>
    <wordcount weight="3" > dominant </wordcount>
    <wordcount weight="3" > appear </wordcount>
    <wordcount weight="3" > dominated </wordcount>
    <wordcount weight="3" > quadrat </wordcount>
    <wordcount weight="3" > nature </wordcount>
    <wordcount weight="3" > homogeneous </wordcount>
    <wordcount weight="3" > crop </wordcount>
    <wordcount weight="3" > nutrients </wordcount>
    <wordcount weight="3" > out </wordcount>
    <wordcount weight="3" > obvious </wordcount>
    <wordcount weight="3" > resulting </wordcount>
    <wordcount weight="3" > associations </wordcount>
    <wordcount weight="3" > distributions </wordcount>
    <wordcount weight="3" > another </wordcount>
    <wordcount weight="3" > evident </wordcount>
    <wordcount weight="3" > growing </wordcount>
    <wordcount weight="3" > equally </wordcount>
    <wordcount weight="3" > aspera </wordcount>
    <wordcount weight="3" > equal </wordcount>
    <wordcount weight="3" > somewhat </wordcount>
    <wordcount weight="3" > based </wordcount>
    <wordcount weight="3" > plants </wordcount>
    <wordcount weight="3" > buena </wordcount>
    <wordcount weight="3" > recorded </wordcount>
    <wordcount weight="3" > demonstrated </wordcount>
    <wordcount weight="3" > replacement </wordcount>
    <wordcount weight="3" > increases </wordcount>
    <wordcount weight="3" > interspecific </wordcount>
    <wordcount weight="3" > examples </wordcount>
    <wordcount weight="3" > vista </wordcount>
    <wordcount weight="3" > true </wordcount>
    <wordcount weight="3" > multivariate </wordcount>
    <wordcount weight="3" > except </wordcount>
    <wordcount weight="3" > purpose </wordcount>
    <wordcount weight="3" > far </wordcount>
    <wordcount weight="3" > apparent </wordcount>
    <wordcount weight="3" > occur </wordcount>
    <wordcount weight="3" > whole </wordcount>
    <wordcount weight="3" > measure </wordcount>
    <wordcount weight="3" > causes </wordcount>
    <wordcount weight="3" > allows </wordcount>
    <wordcount weight="3" > occurs </wordcount>
    <wordcount weight="3" > torrey </wordcount>
    <wordcount weight="3" > examination </wordcount>
    <wordcount weight="3" > includes </wordcount>
    <wordcount weight="3" > single </wordcount>
    <wordcount weight="3" > open </wordcount>
    <wordcount weight="3" > solidago </wordcount>
    <wordcount weight="3" > vulgaris </wordcount>
    <wordcount weight="3" > least </wordcount>
    <wordcount weight="3" > lowest </wordcount>
    <wordcount weight="3" > type </wordcount>
    <wordcount weight="3" > defined </wordcount>
    <wordcount weight="3" > after </wordcount>
    <wordcount weight="3" > cases </wordcount>
    <wordcount weight="3" > drainage </wordcount>
    <wordcount weight="3" > latter </wordcount>
    <wordcount weight="3" > lv </wordcount>
    <wordcount weight="3" > la </wordcount>
    <wordcount weight="3" > response </wordcount>
    <wordcount weight="3" > hamerstrom </wordcount>
    <wordcount weight="3" > boundaries </wordcount>
    <wordcount weight="3" > vary </wordcount>
    <wordcount weight="3" > differing </wordcount>
    <wordcount weight="3" > classes </wordcount>
    <wordcount weight="3" > generally </wordcount>
    <wordcount weight="3" > probably </wordcount>
    <wordcount weight="3" > slightly </wordcount>
    <wordcount weight="3" > using </wordcount>
    <wordcount weight="3" > occupied </wordcount>
    <wordcount weight="3" > relative </wordcount>
    <wordcount weight="3" > provided </wordcount>
    <wordcount weight="3" > height </wordcount>
    <wordcount weight="2" > distinct </wordcount>
    <wordcount weight="2" > does </wordcount>
    <wordcount weight="2" > therefore </wordcount>
    <wordcount weight="2" > maps </wordcount>
    <wordcount weight="2" > bull </wordcount>
    <wordcount weight="2" > essential </wordcount>
    <wordcount weight="2" > rather </wordcount>
    <wordcount weight="2" > later </wordcount>
    <wordcount weight="2" > growth </wordcount>
    <wordcount weight="2" > grid </wordcount>
    <wordcount weight="2" > levin </wordcount>
    <wordcount weight="2" > correlations </wordcount>
    <wordcount weight="2" > williams </wordcount>
    <wordcount weight="2" > chicken </wordcount>
    <wordcount weight="2" > separated </wordcount>
    <wordcount weight="2" > genecology </wordcount>
    <wordcount weight="2" > nearly </wordcount>
    <wordcount weight="2" > combined </wordcount>
    <wordcount weight="2" > always </wordcount>
    <wordcount weight="2" > view </wordcount>
    <wordcount weight="2" > cronquist </wordcount>
    <wordcount weight="2" > considerably </wordcount>
    <wordcount weight="2" > remaining </wordcount>
    <wordcount weight="2" > certain </wordcount>
    <wordcount weight="2" > large </wordcount>
    <wordcount weight="2" > derived </wordcount>
    <wordcount weight="2" > complex </wordcount>
    <wordcount weight="2" > sandy </wordcount>
    <wordcount weight="2" > pp </wordcount>
    <wordcount weight="2" > evolution </wordcount>
    <wordcount weight="2" > second </wordcount>
    <wordcount weight="2" > yet </wordcount>
    <wordcount weight="2" > situation </wordcount>
    <wordcount weight="2" > reason </wordcount>
    <wordcount weight="2" > examine </wordcount>
    <wordcount weight="2" > discussed </wordcount>
    <wordcount weight="2" > changes </wordcount>
    <wordcount weight="2" > we </wordcount>
    <wordcount weight="2" > investigate </wordcount>
    <wordcount weight="2" > rain </wordcount>
    <wordcount weight="2" > forest </wordcount>
    <wordcount weight="2" > vigor </wordcount>
    <wordcount weight="2" > cutoff </wordcount>
    <wordcount weight="2" > intermediate </wordcount>
    <wordcount weight="2" > university </wordcount>
    <wordcount weight="2" > quantitative </wordcount>
    <wordcount weight="2" > statistically </wordcount>
    <wordcount weight="2" > lowland </wordcount>
    <wordcount weight="2" > coefficients </wordcount>
    <wordcount weight="2" > trifolium </wordcount>
    <wordcount weight="2" > ericoides </wordcount>
    <wordcount weight="2" > ed </wordcount>
    <wordcount weight="2" > particular </wordcount>
    <wordcount weight="2" > al </wordcount>
    <wordcount weight="2" > measurements </wordcount>
    <wordcount weight="2" > fires </wordcount>
    <wordcount weight="2" > touching </wordcount>
    <wordcount weight="2" > common </wordcount>
    <wordcount weight="2" > additional </wordcount>
    <wordcount weight="2" > drought </wordcount>
    <wordcount weight="2" > followed </wordcount>
    <wordcount weight="2" > physical </wordcount>
    <wordcount weight="2" > occurrences </wordcount>
    <wordcount weight="2" > peat </wordcount>
    <wordcount weight="2" > successfully </wordcount>
    <wordcount weight="2" > amer </wordcount>
    <wordcount weight="2" > explain </wordcount>
    <wordcount weight="2" > comparison </wordcount>
    <wordcount weight="2" > taken </wordcount>
    <wordcount weight="2" > decades </wordcount>
    <wordcount weight="2" > available </wordcount>
    <wordcount weight="2" > geum </wordcount>
    <wordcount weight="2" > seen </wordcount>
    <wordcount weight="2" > elements </wordcount>
    <wordcount weight="2" > closely </wordcount>
    <wordcount weight="2" > whitmore </wordcount>
    <wordcount weight="2" > consideration </wordcount>
    <wordcount weight="2" > indicate </wordcount>
    <wordcount weight="2" > appeared </wordcount>
    <wordcount weight="2" > mapping </wordcount>
    <wordcount weight="2" > xeric </wordcount>
    <wordcount weight="2" > densities </wordcount>
    <wordcount weight="2" > particularly </wordcount>
    <wordcount weight="2" > compatible </wordcount>
    <wordcount weight="2" > studied </wordcount>
    <wordcount weight="2" > able </wordcount>
    <wordcount weight="2" > testing </wordcount>
    <wordcount weight="2" > relation </wordcount>
    <wordcount weight="2" > breakdown </wordcount>
    <wordcount weight="2" > ecotone </wordcount>
    <wordcount weight="2" > aggressive </wordcount>
    <wordcount weight="2" > last </wordcount>
    <wordcount weight="2" > better </wordcount>
    <wordcount weight="2" > do </wordcount>
    <wordcount weight="2" > decreased </wordcount>
    <wordcount weight="2" > operating </wordcount>
    <wordcount weight="2" > unlikely </wordcount>
    <wordcount weight="2" > due </wordcount>
    <wordcount weight="2" > scoparilus </wordcount>
    <wordcount weight="2" > aspects </wordcount>
    <wordcount weight="2" > coarse </wordcount>
    <wordcount weight="2" > basiramea </wordcount>
    <wordcount weight="2" > univ </wordcount>
    <wordcount weight="2" > demonstrates </wordcount>
    <wordcount weight="2" > population </wordcount>
    <wordcount weight="2" > environments </wordcount>
    <wordcount weight="2" > separates </wordcount>
    <wordcount weight="2" > necessary </wordcount>
    <wordcount weight="2" > material </wordcount>
    <wordcount weight="2" > existence </wordcount>
    <wordcount weight="2" > correlated </wordcount>
    <wordcount weight="2" > perhaps </wordcount>
    <wordcount weight="2" > time </wordcount>
    <wordcount weight="2" > subsequent </wordcount>
    <wordcount weight="2" > rapidly </wordcount>
    <wordcount weight="2" > follows </wordcount>
    <wordcount weight="2" > primary </wordcount>
    <wordcount weight="2" > sites </wordcount>
    <wordcount weight="2" > local </wordcount>
    <wordcount weight="2" > prior </wordcount>
    <wordcount weight="2" > analyzed </wordcount>
    <wordcount weight="2" > marked </wordcount>
    <wordcount weight="2" > understanding </wordcount>
    <wordcount weight="2" > tendency </wordcount>
    <wordcount weight="2" > investigated </wordcount>
    <wordcount weight="2" > size </wordcount>
    <wordcount weight="2" > absolute </wordcount>
    <wordcount weight="2" > burning </wordcount>
    <wordcount weight="2" > prairies </wordcount>
    <wordcount weight="2" > achillea </wordcount>
    <wordcount weight="2" > properties </wordcount>
    <wordcount weight="2" > suggests </wordcount>
    <wordcount weight="2" > responding </wordcount>
    <wordcount weight="2" > situations </wordcount>
    <wordcount weight="2" > expect </wordcount>
    <wordcount weight="2" > combination </wordcount>
    <wordcount weight="2" > introduced </wordcount>
    <wordcount weight="2" > step </wordcount>
    <wordcount weight="2" > grassland </wordcount>
    <wordcount weight="2" > place </wordcount>
    <wordcount weight="2" > tolerance </wordcount>
    <wordcount weight="2" > broad </wordcount>
    <wordcount weight="2" > exhibited </wordcount>
    <wordcount weight="2" > documented </wordcount>
    <wordcount weight="2" > apparently </wordcount>
    <wordcount weight="2" > ndropogon </wordcount>
    <wordcount weight="2" > stopping </wordcount>
    <wordcount weight="2" > employed </wordcount>
    <wordcount weight="2" > until </wordcount>
    <wordcount weight="2" > described </wordcount>
    <wordcount weight="2" > showing </wordcount>
    <wordcount weight="2" > years </wordcount>
    <wordcount weight="2" > significance </wordcount>
    <wordcount weight="2" > similarity </wordcount>
    <wordcount weight="2" > gerardi </wordcount>
    <wordcount weight="2" > hierarchy </wordcount>
    <wordcount weight="2" > combinations </wordcount>
    <wordcount weight="2" > corner </wordcount>
    <wordcount weight="2" > admixture </wordcount>
    <wordcount weight="2" > makes </wordcount>
    <wordcount weight="2" > relatively </wordcount>
    <wordcount weight="2" > applicable </wordcount>
    <wordcount weight="2" > mixed </wordcount>
    <wordcount weight="2" > computer </wordcount>
    <wordcount weight="2" > include </wordcount>
    <wordcount weight="2" > presented </wordcount>
    <wordcount weight="2" > below </wordcount>
    <wordcount weight="2" > down </wordcount>
    <wordcount weight="2" > tested </wordcount>
    <wordcount weight="2" > discernible </wordcount>
    <wordcount weight="2" > sample </wordcount>
    <wordcount weight="2" > estimates </wordcount>
    <wordcount weight="2" > asclepias </wordcount>
    <wordcount weight="2" > quite </wordcount>
    <wordcount weight="2" > bradshaw </wordcount>
    <wordcount weight="2" > involved </wordcount>
    <wordcount weight="2" > small </wordcount>
    <wordcount weight="2" > depauperate </wordcount>
    <wordcount weight="2" > hatching </wordcount>
    <wordcount weight="2" > members </wordcount>
    <wordcount weight="2" > state </wordcount>
    <wordcount weight="2" > tennis </wordcount>
    <wordcount weight="2" > ha </wordcount>
    <wordcount weight="2" > expected </wordcount>
    <wordcount weight="2" > km </wordcount>
    <wordcount weight="2" > codes </wordcount>
    <wordcount weight="2" > rosa </wordcount>
    <wordcount weight="2" > determinations </wordcount>
    <wordcount weight="2" > early </wordcount>
    <wordcount weight="2" > weight </wordcount>
    <wordcount weight="2" > ad </wordcount>
    <wordcount weight="2" > even </wordcount>
    <wordcount weight="2" > entire </wordcount>
    <wordcount weight="2" > little </wordcount>
    <wordcount weight="2" > abandoned </wordcount>
    <wordcount weight="2" > aa </wordcount>
    <wordcount weight="2" > counts </wordcount>
    <wordcount weight="2" > strong </wordcount>
    <wordcount weight="2" > comparable </wordcount>
    <wordcount weight="2" > document </wordcount>
    <wordcount weight="2" > attention </wordcount>
    <wordcount weight="2" > showed </wordcount>
    <wordcount weight="2" > cited </wordcount>
    <wordcount weight="1" > limiting </wordcount>
    <wordcount weight="1" > perfect </wordcount>
    <wordcount weight="1" > subsequently </wordcount>
    <wordcount weight="1" > boschplaat </wordcount>
    <wordcount weight="1" > ranging </wordcount>
    <wordcount weight="1" > becoming </wordcount>
    <wordcount weight="1" > tea </wordcount>
    <wordcount weight="1" > carried </wordcount>
    <wordcount weight="1" > intimately </wordcount>
    <wordcount weight="1" > entities </wordcount>
    <wordcount weight="1" > genetic </wordcount>
    <wordcount weight="1" > dj </wordcount>
    <wordcount weight="1" > approximated </wordcount>
    <wordcount weight="1" > now </wordcount>
    <wordcount weight="1" > masked </wordcount>
    <wordcount weight="1" > ever </wordcount>
    <wordcount weight="1" > horizons </wordcount>
    <wordcount weight="1" > dominants </wordcount>
    <wordcount weight="1" > postulate </wordcount>
    <wordcount weight="1" > consider </wordcount>
    <wordcount weight="1" > produces </wordcount>
    <wordcount weight="1" > likely </wordcount>
    <wordcount weight="1" > potentilla </wordcount>
    <wordcount weight="1" > aid </wordcount>
    <wordcount weight="1" > done </wordcount>
    <wordcount weight="1" > adequate </wordcount>
    <wordcount weight="1" > york </wordcount>
    <wordcount weight="1" > continuum </wordcount>
    <wordcount weight="1" > alumni </wordcount>
    <wordcount weight="1" > dominates </wordcount>
    <wordcount weight="1" > hybrid </wordcount>
    <wordcount weight="1" > equality </wordcount>
    <wordcount weight="1" > plotted </wordcount>
    <wordcount weight="1" > composed </wordcount>
    <wordcount weight="1" > sibth </wordcount>
    <wordcount weight="1" > natur </wordcount>
    <wordcount weight="1" > equals </wordcount>
    <wordcount weight="1" > elimination </wordcount>
    <wordcount weight="1" > without </wordcount>
    <wordcount weight="1" > neer </wordcount>
    <wordcount weight="1" > various </wordcount>
    <wordcount weight="1" > rudbeckia </wordcount>
    <wordcount weight="1" > predicted </wordcount>
    <wordcount weight="1" > compensating </wordcount>
    <wordcount weight="1" > sterile </wordcount>
    <wordcount weight="1" > way </wordcount>
    <wordcount weight="1" > continued </wordcount>
    <wordcount weight="1" > continua </wordcount>
    <wordcount weight="1" > sucssulcl </wordcount>
    <wordcount weight="1" > letters </wordcount>
    <wordcount weight="1" > subjected </wordcount>
    <wordcount weight="1" > lesser </wordcount>
    <wordcount weight="1" > boa </wordcount>
    <wordcount weight="1" > chance </wordcount>
    <wordcount weight="1" > procedures </wordcount>
    <wordcount weight="1" > emphasized </wordcount>
    <wordcount weight="1" > electronic </wordcount>
    <wordcount weight="1" > naturally </wordcount>
    <wordcount weight="1" > till </wordcount>
    <wordcount weight="1" > overall </wordcount>
    <wordcount weight="1" > functional </wordcount>
    <wordcount weight="1" > program </wordcount>
    <wordcount weight="1" > bj </wordcount>
    <wordcount weight="1" > tech </wordcount>
    <wordcount weight="1" > increase </wordcount>
    <wordcount weight="1" > represent </wordcount>
    <wordcount weight="1" > strictly </wordcount>
    <wordcount weight="1" > basic </wordcount>
    <wordcount weight="1" > gleason </wordcount>
    <wordcount weight="1" > square </wordcount>
    <wordcount weight="1" > snowdonia </wordcount>
    <wordcount weight="1" > parent </wordcount>
    <wordcount weight="1" > bunce </wordcount>
    <wordcount weight="1" > exist </wordcount>
    <wordcount weight="1" > centimeters </wordcount>
    <wordcount weight="1" > uplands </wordcount>
    <wordcount weight="1" > hansen </wordcount>
    <wordcount weight="1" > primarily </wordcount>
    <wordcount weight="1" > centaurium </wordcount>
    <wordcount weight="1" > exception </wordcount>
    <wordcount weight="1" > process </wordcount>
    <wordcount weight="1" > brings </wordcount>
    <wordcount weight="1" > returning </wordcount>
    <wordcount weight="1" > pinpoint </wordcount>
    <wordcount weight="1" > muck </wordcount>
    <wordcount weight="1" > associated </wordcount>
    <wordcount weight="1" > speculate </wordcount>
    <wordcount weight="1" > comnpressa </wordcount>
    <wordcount weight="1" > represented </wordcount>
    <wordcount weight="1" > converted </wordcount>
    <wordcount weight="1" > becomes </wordcount>
    <wordcount weight="1" > poorer </wordcount>
    <wordcount weight="1" > still </wordcount>
    <wordcount weight="1" > proximity </wordcount>
    <wordcount weight="1" > introduction </wordcount>
    <wordcount weight="1" > completely </wordcount>
    <wordcount weight="1" > grasses </wordcount>
    <wordcount weight="1" > force </wordcount>
    <wordcount weight="1" > multidimensional </wordcount>
    <wordcount weight="1" > interbreeding </wordcount>
    <wordcount weight="1" > probability </wordcount>
    <wordcount weight="1" > unbiased </wordcount>
    <wordcount weight="1" > ecological </wordcount>
    <wordcount weight="1" > lawrence </wordcount>
    <wordcount weight="1" > visual </wordcount>
    <wordcount weight="1" > production </wordcount>
    <wordcount weight="1" > allowing </wordcount>
    <wordcount weight="1" > overlap </wordcount>
    <wordcount weight="1" > synthetic </wordcount>
    <wordcount weight="1" > connected </wordcount>
    <wordcount weight="1" > contribution </wordcount>
    <wordcount weight="1" > norvegica </wordcount>
    <wordcount weight="1" > sco </wordcount>
    <wordcount weight="1" > oxidation </wordcount>
    <wordcount weight="1" > wind </wordcount>
    <wordcount weight="1" > plots </wordcount>
    <wordcount weight="1" > abrupt </wordcount>
    <wordcount weight="1" > surveyed </wordcount>
    <wordcount weight="1" > lanuginosum </wordcount>
    <wordcount weight="1" > tends </wordcount>
    <wordcount weight="1" > book </wordcount>
    <wordcount weight="1" > cambrian </wordcount>
    <wordcount weight="1" > drs </wordcount>
    <wordcount weight="1" > segregate </wordcount>
    <wordcount weight="1" > bushveld </wordcount>
    <wordcount weight="1" > hierarchical </wordcount>
    <wordcount weight="1" > approaches </wordcount>
    <wordcount weight="1" > percentage </wordcount>
    <wordcount weight="1" > pastures </wordcount>
    <wordcount weight="1" > guide </wordcount>
    <wordcount weight="1" > michael </wordcount>
    <wordcount weight="1" > compete </wordcount>
    <wordcount weight="1" > formed </wordcount>
    <wordcount weight="1" > subtracted </wordcount>
    <wordcount weight="1" > sort </wordcount>
    <wordcount weight="1" > hydrological </wordcount>
    <wordcount weight="1" > chromic </wordcount>
    <wordcount weight="1" > van </wordcount>
    <wordcount weight="1" > moister </wordcount>
    <wordcount weight="1" > peaks </wordcount>
    <wordcount weight="1" > processes </wordcount>
    <wordcount weight="1" > sandstone </wordcount>
    <wordcount weight="1" > determination </wordcount>
    <wordcount weight="1" > millefolium </wordcount>
    <wordcount weight="1" > addition </wordcount>
    <wordcount weight="1" > juncea </wordcount>
    <wordcount weight="1" > fra </wordcount>
    <wordcount weight="1" > checking </wordcount>
    <wordcount weight="1" > actual </wordcount>
    <wordcount weight="1" > nor </wordcount>
    <wordcount weight="1" > thought </wordcount>
    <wordcount weight="1" > favor </wordcount>
    <wordcount weight="1" > unplowed </wordcount>
    <wordcount weight="1" > conservation </wordcount>
    <wordcount weight="1" > natanslate </wordcount>
    <wordcount weight="1" > basiranica </wordcount>
    <wordcount weight="1" > thapsuis </wordcount>
    <wordcount weight="1" > noting </wordcount>
    <wordcount weight="1" > former </wordcount>
    <wordcount weight="1" > restricted </wordcount>
    <wordcount weight="1" > poly </wordcount>
    <wordcount weight="1" > ranges </wordcount>
    <wordcount weight="1" > rumex </wordcount>
    <wordcount weight="1" > northern </wordcount>
    <wordcount weight="1" > recombined </wordcount>
    <wordcount weight="1" > protection </wordcount>
    <wordcount weight="1" > reduced </wordcount>
    <wordcount weight="1" > respond </wordcount>
    <wordcount weight="1" > undulating </wordcount>
    <wordcount weight="1" > neither </wordcount>
    <wordcount weight="1" > temperate </wordcount>
    <wordcount weight="1" > established </wordcount>
    <wordcount weight="1" > eventually </wordcount>
    <wordcount weight="1" > acquired </wordcount>
    <wordcount weight="1" > arlstida </wordcount>
    <wordcount weight="1" > proven </wordcount>
    <wordcount weight="1" > history </wordcount>
    <wordcount weight="1" > swamp </wordcount>
    <wordcount weight="1" > clear </wordcount>
    <wordcount weight="1" > bfd </wordcount>
    <wordcount weight="1" > encourage </wordcount>
    <wordcount weight="1" > artifact </wordcount>
    <wordcount weight="1" > slowly </wordcount>
    <wordcount weight="1" > falls </wordcount>
    <wordcount weight="1" > quick </wordcount>
    <wordcount weight="1" > copper </wordcount>
    <wordcount weight="1" > equations </wordcount>
    <wordcount weight="1" > ci </wordcount>
    <wordcount weight="1" > polygonum </wordcount>
    <wordcount weight="1" > recombination </wordcount>
    <wordcount weight="1" > constant </wordcount>
    <wordcount weight="1" > before </wordcount>
    <wordcount weight="1" > assistance </wordcount>
    <wordcount weight="1" > complete </wordcount>
    <wordcount weight="1" > following </wordcount>
    <wordcount weight="1" > viewpoints </wordcount>
    <wordcount weight="1" > vegetatio </wordcount>
    <wordcount weight="1" > potentiometer </wordcount>
    <wordcount weight="1" > sorting </wordcount>
    <wordcount weight="1" > conclusion </wordcount>
    <wordcount weight="1" > northeastern </wordcount>
    <wordcount weight="1" > source </wordcount>
    <wordcount weight="1" > continuous </wordcount>
    <wordcount weight="1" > placed </wordcount>
    <wordcount weight="1" > scoparilis </wordcount>
    <wordcount weight="1" > upper </wordcount>
    <wordcount weight="1" > preclude </wordcount>
    <wordcount weight="1" > limestone </wordcount>
    <wordcount weight="1" > surround </wordcount>
    <wordcount weight="1" > presumed </wordcount>
    <wordcount weight="1" > frances </wordcount>
    <wordcount weight="1" > porous </wordcount>
    <wordcount weight="1" > department </wordcount>
    <wordcount weight="1" > demonstrate </wordcount>
    <wordcount weight="1" > simply </wordcount>
    <wordcount weight="1" > predominantly </wordcount>
    <wordcount weight="1" > extensive </wordcount>
    <wordcount weight="1" > operate </wordcount>
    <wordcount weight="1" > principal </wordcount>
    <wordcount weight="1" > paltiata </wordcount>
    <wordcount weight="1" > noted </wordcount>
    <wordcount weight="1" > being </wordcount>
    <wordcount weight="1" > exploited </wordcount>
    <wordcount weight="1" > substrate </wordcount>
    <wordcount weight="1" > consistent </wordcount>
    <wordcount weight="1" > shorter </wordcount>
    <wordcount weight="1" > continues </wordcount>
    <wordcount weight="1" > continual </wordcount>
    <wordcount weight="1" > inhibited </wordcount>
    <wordcount weight="1" > woody </wordcount>
    <wordcount weight="1" > recognizable </wordcount>
    <wordcount weight="1" > reinvaded </wordcount>
    <wordcount weight="1" > selective </wordcount>
    <wordcount weight="1" > grazing </wordcount>
    <wordcount weight="1" > beach </wordcount>
    <wordcount weight="1" > mineral </wordcount>
    <wordcount weight="1" > definite </wordcount>
    <wordcount weight="1" > heavy </wordcount>
    <wordcount weight="1" > corollata </wordcount>
    <wordcount weight="1" > fast </wordcount>
    <wordcount weight="1" > freijsen </wordcount>
    <wordcount weight="1" > provide </wordcount>
    <wordcount weight="1" > comparing </wordcount>
    <wordcount weight="1" > requires </wordcount>
    <wordcount weight="1" > certainly </wordcount>
    <wordcount weight="1" > invade </wordcount>
    <wordcount weight="1" > fire </wordcount>
    <wordcount weight="1" > willows </wordcount>
    <wordcount weight="1" > ao </wordcount>
    <wordcount weight="1" > strigosus </wordcount>
    <wordcount weight="1" > midland </wordcount>
    <wordcount weight="1" > microhabitat </wordcount>
    <wordcount weight="1" > sums </wordcount>
    <wordcount weight="1" > lu </wordcount>
    <wordcount weight="1" > assess </wordcount>
    <wordcount weight="1" > convenience </wordcount>
    <wordcount weight="1" > altissima </wordcount>
    <wordcount weight="1" > beasiranica </wordcount>
    <wordcount weight="1" > staked </wordcount>
    <wordcount weight="1" > set </wordcount>
    <wordcount weight="1" > ii </wordcount>
    <wordcount weight="1" > attempts </wordcount>
    <wordcount weight="1" > forty </wordcount>
    <wordcount weight="1" > hyeinalis </wordcount>
    <wordcount weight="1" > indicated </wordcount>
    <wordcount weight="1" > dug </wordcount>
    <wordcount weight="1" > herbaceous </wordcount>
    <wordcount weight="1" > adapted </wordcount>
    <wordcount weight="1" > geography </wordcount>
    <wordcount weight="1" > planting </wordcount>
    <wordcount weight="1" > others </wordcount>
    <wordcount weight="1" > sumll </wordcount>
    <wordcount weight="1" > rapid </wordcount>
    <wordcount weight="1" > metal </wordcount>
    <wordcount weight="1" > season </wordcount>
    <wordcount weight="1" > locating </wordcount>
    <wordcount weight="1" > numerical </wordcount>
    <wordcount weight="1" > termination </wordcount>
    <wordcount weight="1" > muchte </wordcount>
    <wordcount weight="1" > retained </wordcount>
    <wordcount weight="1" > xerosere </wordcount>
    <wordcount weight="1" > worked </wordcount>
    <wordcount weight="1" > control </wordcount>
    <wordcount weight="1" > terminating </wordcount>
    <wordcount weight="1" > cupido </wordcount>
    <wordcount weight="1" > oa </wordcount>
    <wordcount weight="1" > financial </wordcount>
    <wordcount weight="1" > vascular </wordcount>
    <wordcount weight="1" > greater </wordcount>
    <wordcount weight="1" > yielding </wordcount>
    <wordcount weight="1" > five </wordcount>
    <wordcount weight="1" > expressed </wordcount>
    <wordcount weight="1" > vulgare </wordcount>
    <wordcount weight="1" > herbicides </wordcount>
    <wordcount weight="1" > treating </wordcount>
    <wordcount weight="1" > inhabits </wordcount>
    <wordcount weight="1" > fact </wordcount>
    <wordcount weight="1" > fragariavirginiana </wordcount>
    <wordcount weight="1" > sourish </wordcount>
    <wordcount weight="1" > extraction </wordcount>
    <wordcount weight="1" > idea </wordcount>
    <wordcount weight="1" > strated </wordcount>
    <wordcount weight="1" > separation </wordcount>
    <wordcount weight="1" > seem </wordcount>
    <wordcount weight="1" > elevational </wordcount>
    <wordcount weight="1" > europe </wordcount>
    <wordcount weight="1" > conspicuous </wordcount>
    <wordcount weight="1" > conserv </wordcount>
    <wordcount weight="1" > did </wordcount>
    <wordcount weight="1" > canada </wordcount>
    <wordcount weight="1" > best </wordcount>
    <wordcount weight="1" > areas </wordcount>
    <wordcount weight="1" > ysgolian </wordcount>
    <wordcount weight="1" > meadow </wordcount>
    <wordcount weight="1" > approximately </wordcount>
    <wordcount weight="1" > laboratory </wordcount>
    <wordcount weight="1" > suggesting </wordcount>
    <wordcount weight="1" > departments </wordcount>
    <wordcount weight="1" > graphing </wordcount>
    <wordcount weight="1" > adv </wordcount>
    <wordcount weight="1" > special </wordcount>
    <wordcount weight="1" > derivatives </wordcount>
    <wordcount weight="1" > erosion </wordcount>
    <wordcount weight="1" > weeds </wordcount>
    <wordcount weight="1" > convert </wordcount>
    <wordcount weight="1" > called </wordcount>
    <wordcount weight="1" > portagelate </wordcount>
    <wordcount weight="1" > abstract </wordcount>
    <wordcount weight="1" > designate </wordcount>
    <wordcount weight="1" > rarely </wordcount>
    <wordcount weight="1" > accumulated </wordcount>
    <wordcount weight="1" > verbascitin </wordcount>
    <wordcount weight="1" > gives </wordcount>
    <wordcount weight="1" > exotic </wordcount>
    <wordcount weight="1" > approach </wordcount>
    <wordcount weight="1" > foundation </wordcount>
    <wordcount weight="1" > iii </wordcount>
    <wordcount weight="1" > missouri </wordcount>
    <wordcount weight="1" > layer </wordcount>
    <wordcount weight="1" > dunes </wordcount>
    <wordcount weight="1" > associates </wordcount>
    <wordcount weight="1" > germination </wordcount>
    <wordcount weight="1" > mcneilly </wordcount>
    <wordcount weight="1" > closer </wordcount>
    <wordcount weight="1" > farming </wordcount>
    <wordcount weight="1" > procedure </wordcount>
    <wordcount weight="1" > bluegrass </wordcount>
    <wordcount weight="1" > zone </wordcount>
    <wordcount weight="1" > ff </wordcount>
    <wordcount weight="1" > gene </wordcount>
    <wordcount weight="1" > proved </wordcount>
    <wordcount weight="1" > cultivation </wordcount>
    <wordcount weight="1" > variation </wordcount>
    <wordcount weight="1" > take </wordcount>
    <wordcount weight="1" > pertinent </wordcount>
    <wordcount weight="1" > segmentation </wordcount>
    <wordcount weight="1" > considerable </wordcount>
    <wordcount weight="1" > tracts </wordcount>
    <wordcount weight="1" > vigorous </wordcount>
    <wordcount weight="1" > past </wordcount>
    <wordcount weight="1" > placing </wordcount>
    <wordcount weight="1" > hadley </wordcount>
    <wordcount weight="1" > pled </wordcount>
    <wordcount weight="1" > just </wordcount>
    <wordcount weight="1" > glacial </wordcount>
    <wordcount weight="1" > february </wordcount>
    <wordcount weight="1" > advances </wordcount>
    <wordcount weight="1" > grouped </wordcount>
    <wordcount weight="1" > transit </wordcount>
    <wordcount weight="1" > enough </wordcount>
    <wordcount weight="1" > fa </wordcount>
    <wordcount weight="1" > subgroup </wordcount>
    <wordcount weight="1" > how </wordcount>
    <wordcount weight="1" > component </wordcount>
    <wordcount weight="1" > regression </wordcount>
    <wordcount weight="1" > gigan </wordcount>
    <wordcount weight="1" > androposon </wordcount>
    <wordcount weight="1" > unless </wordcount>
    <wordcount weight="1" > treat </wordcount>
    <wordcount weight="1" > regard </wordcount>
    <wordcount weight="1" > disturbance </wordcount>
    <wordcount weight="1" > thapsus </wordcount>
    <wordcount weight="1" > evolutionary </wordcount>
    <wordcount weight="1" > continuing </wordcount>
    <wordcount weight="1" > annual </wordcount>
    <wordcount weight="1" > purposes </wordcount>
    <wordcount weight="1" > stopped </wordcount>
    <wordcount weight="1" > coreopsis </wordcount>
    <wordcount weight="1" > circles </wordcount>
    <wordcount weight="1" > unique </wordcount>
    <wordcount weight="1" > digital </wordcount>
    <wordcount weight="1" > them </wordcount>
    <wordcount weight="1" > whether </wordcount>
    <wordcount weight="1" > contents </wordcount>
    <wordcount weight="1" > weighing </wordcount>
    <wordcount weight="1" > produced </wordcount>
    <wordcount weight="1" > devoid </wordcount>
    <wordcount weight="1" > subsoil </wordcount>
    <wordcount weight="1" > see </wordcount>
    <wordcount weight="1" > cannot </wordcount>
    <wordcount weight="1" > real </wordcount>
    <wordcount weight="1" > meet </wordcount>
    <wordcount weight="1" > choice </wordcount>
    <wordcount weight="1" > forbs </wordcount>
    <wordcount weight="1" > forth </wordcount>
    <wordcount weight="1" > englewood </wordcount>
    <wordcount weight="1" > chickens </wordcount>
    <wordcount weight="1" > wetter </wordcount>
    <wordcount weight="1" > anomenclature </wordcount>
    <wordcount weight="1" > otherwise </wordcount>
    <wordcount weight="1" > sedge </wordcount>
    <wordcount weight="1" > predominance </wordcount>
    <wordcount weight="1" > alba </wordcount>
    <wordcount weight="1" > excluded </wordcount>
    <wordcount weight="1" > simplicity </wordcount>
    <wordcount weight="1" > breaks </wordcount>
    <wordcount weight="1" > linear </wordcount>
    <wordcount weight="1" > eep </wordcount>
    <wordcount weight="1" > bare </wordcount>
    <wordcount weight="1" > wide </wordcount>
    <wordcount weight="1" > tending </wordcount>
    <wordcount weight="1" > hr </wordcount>
    <wordcount weight="1" > capacity </wordcount>
    <wordcount weight="1" > hyemalis </wordcount>
    <wordcount weight="1" > planted </wordcount>
    <wordcount weight="1" > possibility </wordcount>
    <wordcount weight="1" > determine </wordcount>
    <wordcount weight="1" > pressures </wordcount>
    <wordcount weight="1" > remarkably </wordcount>
    <wordcount weight="1" > interrelationships </wordcount>
    <wordcount weight="1" > america </wordcount>
    <wordcount weight="1" > impression </wordcount>
    <wordcount weight="1" > criteria </wordcount>
    <wordcount weight="1" > poterietum </wordcount>
    <wordcount weight="1" > weedy </wordcount>
    <wordcount weight="1" > pronounced </wordcount>
    <wordcount weight="1" > studying </wordcount>
    <wordcount weight="1" > abruptly </wordcount>
    <wordcount weight="1" > dep </wordcount>
    <wordcount weight="1" > intensive </wordcount>
    <wordcount weight="1" > inl </wordcount>
    <wordcount weight="1" > remained </wordcount>
    <wordcount weight="1" > shape </wordcount>
    <wordcount weight="1" > animal </wordcount>
    <wordcount weight="1" > produce </wordcount>
    <wordcount weight="1" > measurable </wordcount>
    <wordcount weight="1" > deal </wordcount>
    <wordcount weight="1" > hierarchies </wordcount>
    <wordcount weight="1" > property </wordcount>
    <wordcount weight="1" > umbellata </wordcount>
    <wordcount weight="1" > posygama </wordcount>
    <wordcount weight="1" > u </wordcount>
    <wordcount weight="1" > application </wordcount>
    <wordcount weight="1" > minimal </wordcount>
    <wordcount weight="1" > outcome </wordcount>
    <wordcount weight="1" > designation </wordcount>
    <wordcount weight="1" > emphasis </wordcount>
    <wordcount weight="1" > greatest </wordcount>
    <wordcount weight="1" > identification </wordcount>
    <wordcount weight="1" > contain </wordcount>
    <wordcount weight="1" > doubt </wordcount>
    <wordcount weight="1" > natans </wordcount>
    <wordcount weight="1" > fourteen </wordcount>
    <wordcount weight="1" > averaged </wordcount>
    <wordcount weight="1" > estimated </wordcount>
    <wordcount weight="1" > any </wordcount>
    <wordcount weight="1" > considering </wordcount>
    <wordcount weight="1" > kjeld </wordcount>
    <wordcount weight="1" > received </wordcount>
    <wordcount weight="1" > vironmental </wordcount>
    <wordcount weight="1" > explanation </wordcount>
    <wordcount weight="1" > mexicana </wordcount>
    <wordcount weight="1" > values </wordcount>
    <wordcount weight="1" > compressa </wordcount>
    <wordcount weight="1" > res </wordcount>
    <wordcount weight="1" > euphorbia </wordcount>
    <wordcount weight="1" > introgression </wordcount>
    <wordcount weight="1" > calculated </wordcount>
    <wordcount weight="1" > compared </wordcount>
    <wordcount weight="1" > correspond </wordcount>
    <wordcount weight="1" > aspen </wordcount>
    <wordcount weight="1" > occurring </wordcount>
    <wordcount weight="1" > bray </wordcount>
    <wordcount weight="1" > county </wordcount>
    <wordcount weight="1" > desired </wordcount>
    <wordcount weight="1" > say </wordcount>
    <wordcount weight="1" > pinnat </wordcount>
    <wordcount weight="1" > atlepicum </wordcount>
    <wordcount weight="1" > substantiating </wordcount>
    <wordcount weight="1" > eliminated </wordcount>
    <wordcount weight="1" > despite </wordcount>
    <wordcount weight="1" > manual </wordcount>
    <wordcount weight="1" > previously </wordcount>
    <wordcount weight="1" > predominates </wordcount>
    <wordcount weight="1" > indicating </wordcount>
    <wordcount weight="1" > grunow </wordcount>
    <wordcount weight="1" > literature </wordcount>
    <wordcount weight="1" > cdc </wordcount>
    <wordcount weight="1" > knowledge </wordcount>
    <wordcount weight="1" > trends </wordcount>
    <wordcount weight="1" > muhlenbergia </wordcount>
    <wordcount weight="1" > varying </wordcount>
    <wordcount weight="1" > became </wordcount>
    <wordcount weight="1" > colorimetric </wordcount>
    <wordcount weight="1" > along </wordcount>
    <wordcount weight="1" > antcnnaria </wordcount>
    <wordcount weight="1" > representing </wordcount>
    <wordcount weight="1" > uinusual </wordcount>
    <wordcount weight="1" > subject </wordcount>
    <wordcount weight="1" > description </wordcount>
    <wordcount weight="1" > exert </wordcount>
    <wordcount weight="1" > transition </wordcount>
    <wordcount weight="1" > vitally </wordcount>
    <wordcount weight="1" > great </wordcount>
    <wordcount weight="1" > et </wordcount>
    <wordcount weight="1" > lanuginosa </wordcount>
    <wordcount weight="1" > controlling </wordcount>
    <wordcount weight="1" > food </wordcount>
    <wordcount weight="1" > principles </wordcount>
    <wordcount weight="1" > steady </wordcount>
    <wordcount weight="1" > gave </wordcount>
    <wordcount weight="1" > accord </wordcount>
    <wordcount weight="1" > displacement </wordcount>
    <wordcount weight="1" > fit </wordcount>
    <wordcount weight="1" > oflate </wordcount>
    <wordcount weight="1" > collection </wordcount>
    <wordcount weight="1" > jr </wordcount>
    <wordcount weight="1" > convolvulus </wordcount>
    <wordcount weight="1" > oikos </wordcount>
    <wordcount weight="1" > botany </wordcount>
    <wordcount weight="1" > discussion </wordcount>
    <wordcount weight="1" > accentuate </wordcount>
    <wordcount weight="1" > soring </wordcount>
    <wordcount weight="1" > disassociation </wordcount>
    <wordcount weight="1" > colonized </wordcount>
    <wordcount weight="1" > records </wordcount>
    <wordcount weight="1" > exposed </wordcount>
    <wordcount weight="1" > pole </wordcount>
    <wordcount weight="1" > garia </wordcount>
    <wordcount weight="1" > survey </wordcount>
    <wordcount weight="1" > disturbances </wordcount>
    <wordcount weight="1" > tall </wordcount>
    <wordcount weight="1" > cover </wordcount>
    <wordcount weight="1" > transvaal </wordcount>
    <wordcount weight="1" > lance </wordcount>
    <wordcount weight="1" > fruiting </wordcount>
    <wordcount weight="1" > trend </wordcount>
    <wordcount weight="1" > statistics </wordcount>
    <wordcount weight="1" > variables </wordcount>
    <wordcount weight="1" > varied </wordcount>
    <wordcount weight="1" > dad </wordcount>
    <wordcount weight="1" > rewarding </wordcount>
    <wordcount weight="1" > parius </wordcount>
    <wordcount weight="1" > continue </wordcount>
    <wordcount weight="1" > our </wordcount>
    <wordcount weight="1" > webb </wordcount>
    <wordcount weight="1" > throughout </wordcount>
    <wordcount weight="1" > synecological </wordcount>
    <wordcount weight="1" > check </wordcount>
    <wordcount weight="1" > full </wordcount>
    <wordcount weight="1" > previous </wordcount>
    <wordcount weight="1" > microclimate </wordcount>
    <wordcount weight="1" > differential </wordcount>
    <wordcount weight="1" > states </wordcount>
    <wordcount weight="1" > surrounding </wordcount>
    <wordcount weight="1" > subdivide </wordcount>
    <wordcount weight="1" > regional </wordcount>
    <wordcount weight="1" > dependence </wordcount>
    <wordcount weight="1" > cc </wordcount>
    <wordcount weight="1" > panicume </wordcount>
    <wordcount weight="1" > acid </wordcount>
    <wordcount weight="1" > evidence </wordcount>
    <wordcount weight="1" > southwestern </wordcount>
    <wordcount weight="1" > accompanying </wordcount>
    <wordcount weight="1" > involves </wordcount>
    <wordcount weight="1" > reverse </wordcount>
    <wordcount weight="1" > inversely </wordcount>
    <wordcount weight="1" > clearing </wordcount>
    <wordcount weight="1" > ae </wordcount>
    <wordcount weight="1" > immediate </wordcount>
    <wordcount weight="1" > recent </wordcount>
    <wordcount weight="1" > status </wordcount>
    <wordcount weight="1" > referenced </wordcount>
    <wordcount weight="1" > average </wordcount>
    <wordcount weight="1" > cliff </wordcount>
    <wordcount weight="1" > initiated </wordcount>
    <wordcount weight="1" > herbs </wordcount>
    <wordcount weight="1" > gigantea </wordcount>
    <wordcount weight="1" > zkb </wordcount>
    <wordcount weight="1" > poadominated </wordcount>
    <wordcount weight="1" > authors </wordcount>
    <wordcount weight="1" > faeroes </wordcount>
    <wordcount weight="1" > rtni </wordcount>
    <wordcount weight="1" > ee </wordcount>
    <wordcount weight="1" > hieracium </wordcount>
    <wordcount weight="1" > publication </wordcount>
    <wordcount weight="1" > likewise </wordcount>
    <wordcount weight="1" > specieslate </wordcount>
    <wordcount weight="1" > interest </wordcount>
    <wordcount weight="1" > oldfield </wordcount>
    <wordcount weight="1" > maintenance </wordcount>
    <wordcount weight="1" > lacuistris </wordcount>
    <wordcount weight="1" > precipitation </wordcount>
    <wordcount weight="1" > spirea </wordcount>
    <wordcount weight="1" > change </wordcount>
    <wordcount weight="1" > characteristic </wordcount>
    <wordcount weight="1" > co </wordcount>
    <wordcount weight="1" > ease </wordcount>
    <wordcount weight="1" > august </wordcount>
    <wordcount weight="1" > sp </wordcount>
    <wordcount weight="1" > course </wordcount>
    <wordcount weight="1" > highest </wordcount>
    <wordcount weight="1" > acta </wordcount>
    <wordcount weight="1" > panicum </wordcount>
    <wordcount weight="1" > llows </wordcount>
    <wordcount weight="1" > divisions </wordcount>
    <wordcount weight="1" > arise </wordcount>
    <wordcount weight="1" > correct </wordcount>
    <wordcount weight="1" > club </wordcount>
    <wordcount weight="1" > land </wordcount>
    <wordcount weight="1" > vegetationlate </wordcount>
    <wordcount weight="1" > morphologically </wordcount>
    <wordcount weight="1" > corresponds </wordcount>
    <wordcount weight="1" > spread </wordcount>
    <wordcount weight="1" > dada </wordcount>
    <wordcount weight="1" > overlain </wordcount>
    <wordcount weight="1" > summer </wordcount>
    <wordcount weight="1" > ds </wordcount>
    <wordcount weight="1" > smaller </wordcount>
    <wordcount weight="1" > suggest </wordcount>
    <wordcount weight="1" > circled </wordcount>
    <wordcount weight="1" > curve </wordcount>
    <wordcount weight="1" > united </wordcount>
    <wordcount weight="1" > collected </wordcount>
    <wordcount weight="1" > variance </wordcount>
    <wordcount weight="1" > sands </wordcount>
    <wordcount weight="1" > next </wordcount>
    <wordcount weight="1" > longipilum </wordcount>
    <wordcount weight="1" > obtained </wordcount>
    <wordcount weight="1" > mountain </wordcount>
    <wordcount weight="1" > instance </wordcount>
    <wordcount weight="1" > asciepias </wordcount>
    <wordcount weight="1" > flow </wordcount>
    <wordcount weight="1" > deepest </wordcount>
    <wordcount weight="1" > kept </wordcount>
    <wordcount weight="1" > polygala </wordcount>
    <wordcount weight="1" > gittins </wordcount>
    <wordcount weight="1" > ecology </wordcount>
    <wordcount weight="1" > mapped </wordcount>
    <wordcount weight="1" > standpoint </wordcount>
    <wordcount weight="1" > nostrand </wordcount>
    <wordcount weight="1" > graphed </wordcount>
    <wordcount weight="1" > settlement </wordcount>
    <wordcount weight="1" > decided </wordcount>
    <wordcount weight="1" > interrelated </wordcount>
    <wordcount weight="1" > remains </wordcount>
    <wordcount weight="1" > gala </wordcount>
    <wordcount weight="1" > increased </wordcount>
    <wordcount weight="1" > classification </wordcount>
    <wordcount weight="1" > roughly </wordcount>
    <wordcount weight="1" > intervals </wordcount>
    <wordcount weight="1" > fd </wordcount>
    <wordcount weight="1" > tolerant </wordcount>
    <wordcount weight="1" > stalks </wordcount>
    <wordcount weight="1" > stabilized </wordcount>
    <wordcount weight="1" > fitness </wordcount>
    <wordcount weight="1" > es </wordcount>
    <wordcount weight="1" > random </wordcount>
    <wordcount weight="1" > few </wordcount>
    <wordcount weight="1" > accomplished </wordcount>
    <wordcount weight="1" > influencing </wordcount>
    <wordcount weight="1" > polynomial </wordcount>
    <wordcount weight="1" > invaded </wordcount>
    <wordcount weight="1" > nemoralis </wordcount>
    <wordcount weight="1" > flame </wordcount>
    <wordcount weight="1" > highly </wordcount>
    <wordcount weight="1" > lebanese </wordcount>
    <wordcount weight="1" > null </wordcount>
    <wordcount weight="1" > easy </wordcount>
    <wordcount weight="1" > certainty </wordcount>
    <wordcount weight="1" > computed </wordcount>
    <wordcount weight="1" > drying </wordcount>
    <wordcount weight="1" > fourth </wordcount>
    <wordcount weight="1" > eed </wordcount>
    <wordcount weight="1" > predominating </wordcount>
    <wordcount weight="1" > research </wordcount>
    <wordcount weight="1" > peak </wordcount>
    <wordcount weight="1" > suitable </wordcount>
    <wordcount weight="1" > decline </wordcount>
    <wordcount weight="1" > reference </wordcount>
    <wordcount weight="1" > climate </wordcount>
    <wordcount weight="1" > metersquare </wordcount>
    <wordcount weight="1" > variations </wordcount>
    <wordcount weight="1" > mesic </wordcount>
    <wordcount weight="1" > left </wordcount>
    <wordcount weight="1" > seems </wordcount>
    <wordcount weight="1" > shallow </wordcount>
    <wordcount weight="1" > microhabitats </wordcount>
    <wordcount weight="1" > pn </wordcount>
    <wordcount weight="1" > describing </wordcount>
    <wordcount weight="1" > impossible </wordcount>
    <wordcount weight="1" > criterion </wordcount>
    <wordcount weight="1" > compare </wordcount>
    <wordcount weight="1" > recognized </wordcount>
    <wordcount weight="1" > fully </wordcount>
    <wordcount weight="1" > resembling </wordcount>
    <wordcount weight="1" > creation </wordcount>
    <wordcount weight="1" > seed </wordcount>
    <wordcount weight="1" > geological </wordcount>
    <wordcount weight="1" > moist </wordcount>
    <wordcount weight="1" > dependent </wordcount>
    <wordcount weight="1" > syriaca </wordcount>
    <wordcount weight="1" > photometer </wordcount>
    <wordcount weight="1" > halosere </wordcount>
    <wordcount weight="1" > dividing </wordcount>
    <wordcount weight="1" > corrected </wordcount>
    <wordcount weight="1" > proper </wordcount>
    <wordcount weight="1" > verbascur </wordcount>
    <wordcount weight="1" > correspondence </wordcount>
    <wordcount weight="1" > acetosella </wordcount>
    <wordcount weight="1" > whenever </wordcount>
    <wordcount weight="1" > ab </wordcount>
    <wordcount weight="1" > roots </wordcount>
    <wordcount weight="1" > north </wordcount>
    <wordcount weight="1" > subgroups </wordcount>
    <wordcount weight="1" > competing </wordcount>
    <wordcount weight="1" > appropriate </wordcount>
    <wordcount weight="1" > polvgonum </wordcount>
    <wordcount weight="1" > chemical </wordcount>
    <wordcount weight="1" > general </wordcount>
    <wordcount weight="1" > recurring </wordcount>
    <wordcount weight="1" > unmeasured </wordcount>
    <wordcount weight="1" > andropogjon </wordcount>
    <wordcount weight="1" > regressions </wordcount>
    <wordcount weight="1" > spicata </wordcount>
    <wordcount weight="1" > rafn </wordcount>
    <wordcount weight="1" > though </wordcount>
    <wordcount weight="1" > acknowledge </wordcount>
    <wordcount weight="1" > taking </wordcount>
    <wordcount weight="1" > close </wordcount>
    <wordcount weight="1" > manner </wordcount>
    <wordcount weight="1" > widely </wordcount>
    <wordcount weight="1" > deeper </wordcount>
    <wordcount weight="1" > depths </wordcount>
    <wordcount weight="1" > work </wordcount>
    <wordcount weight="1" > tamarack </wordcount>
    <wordcount weight="1" > virgatum </wordcount>
    <wordcount weight="1" > thorough </wordcount>
    <wordcount weight="1" > hypothesis </wordcount>
</article>
