<?xml version="1.0" encoding="UTF-8"?>
<article id="10.2307/1219063" >
    <wordcount weight="42" > of </wordcount>
    <wordcount weight="38" > the </wordcount>
    <wordcount weight="30" > and </wordcount>
    <wordcount weight="28" > in </wordcount>
    <wordcount weight="22" > his </wordcount>
    <wordcount weight="15" > he </wordcount>
    <wordcount weight="13" > a </wordcount>
    <wordcount weight="11" > at </wordcount>
    <wordcount weight="11" > clausen </wordcount>
    <wordcount weight="10" > was </wordcount>
    <wordcount weight="8" > jens </wordcount>
    <wordcount weight="7" > to </wordcount>
    <wordcount weight="5" > experimental </wordcount>
    <wordcount weight="5" > plant </wordcount>
    <wordcount weight="5" > with </wordcount>
    <wordcount weight="5" > under </wordcount>
    <wordcount weight="4" > many </wordcount>
    <wordcount weight="4" > on </wordcount>
    <wordcount weight="4" > studies </wordcount>
    <wordcount weight="4" > professor </wordcount>
    <wordcount weight="3" > by </wordcount>
    <wordcount weight="3" > three </wordcount>
    <wordcount weight="3" > sciences </wordcount>
    <wordcount weight="3" > academy </wordcount>
    <wordcount weight="3" > royal </wordcount>
    <wordcount weight="3" > university </wordcount>
    <wordcount weight="3" > were </wordcount>
    <wordcount weight="3" > species </wordcount>
    <wordcount weight="2" > where </wordcount>
    <wordcount weight="2" > but </wordcount>
    <wordcount weight="2" > years </wordcount>
    <wordcount weight="2" > w </wordcount>
    <wordcount weight="2" > keck </wordcount>
    <wordcount weight="2" > botanist </wordcount>
    <wordcount weight="2" > enthusiastic </wordcount>
    <wordcount weight="2" > excellent </wordcount>
    <wordcount weight="2" > member </wordcount>
    <wordcount weight="2" > washington </wordcount>
    <wordcount weight="2" > botanical </wordcount>
    <wordcount weight="2" > will </wordcount>
    <wordcount weight="2" > ecological </wordcount>
    <wordcount weight="2" > genetics </wordcount>
    <wordcount weight="2" > number </wordcount>
    <wordcount weight="2" > an </wordcount>
    <wordcount weight="2" > obtained </wordcount>
    <wordcount weight="2" > death </wordcount>
    <wordcount weight="2" > danish </wordcount>
    <wordcount weight="2" > friends </wordcount>
    <wordcount weight="2" > all </wordcount>
    <wordcount weight="2" > inst </wordcount>
    <wordcount weight="2" > are </wordcount>
    <wordcount weight="2" > honorary </wordcount>
    <wordcount weight="2" > for </wordcount>
    <wordcount weight="2" > grown </wordcount>
    <wordcount weight="2" > fine </wordcount>
    <wordcount weight="2" > systematics </wordcount>
    <wordcount weight="2" > as </wordcount>
    <wordcount weight="2" > genetic </wordcount>
    <wordcount weight="2" > became </wordcount>
    <wordcount weight="2" > viola </wordcount>
    <wordcount weight="2" > be </wordcount>
    <wordcount weight="2" > denmark </wordcount>
    <wordcount weight="2" > also </wordcount>
    <wordcount weight="2" > carnegie </wordcount>
    <wordcount weight="2" > biology </wordcount>
    <wordcount weight="2" > man </wordcount>
    <wordcount weight="2" > us </wordcount>
    <wordcount weight="2" > established </wordcount>
    <wordcount weight="2" > school </wordcount>
    <wordcount weight="2" > or </wordcount>
    <wordcount weight="2" > into </wordcount>
    <wordcount weight="2" > which </wordcount>
    <wordcount weight="2" > activities </wordcount>
    <wordcount weight="2" > same </wordcount>
    <wordcount weight="2" > california </wordcount>
    <wordcount weight="1" > completion </wordcount>
    <wordcount weight="1" > genecologist </wordcount>
    <wordcount weight="1" > final </wordcount>
    <wordcount weight="1" > series </wordcount>
    <wordcount weight="1" > from </wordcount>
    <wordcount weight="1" > genera </wordcount>
    <wordcount weight="1" > youth </wordcount>
    <wordcount weight="1" > within </wordcount>
    <wordcount weight="1" > age </wordcount>
    <wordcount weight="1" > charge </wordcount>
    <wordcount weight="1" > stanford </wordcount>
    <wordcount weight="1" > it </wordcount>
    <wordcount weight="1" > president </wordcount>
    <wordcount weight="1" > copenhagen </wordcount>
    <wordcount weight="1" > received </wordcount>
    <wordcount weight="1" > sterling </wordcount>
    <wordcount weight="1" > this </wordcount>
    <wordcount weight="1" > own </wordcount>
    <wordcount weight="1" > absorption </wordcount>
    <wordcount weight="1" > helped </wordcount>
    <wordcount weight="1" > veterinary </wordcount>
    <wordcount weight="1" > tollose </wordcount>
    <wordcount weight="1" > health </wordcount>
    <wordcount weight="1" > reports </wordcount>
    <wordcount weight="1" > contained </wordcount>
    <wordcount weight="1" > town </wordcount>
    <wordcount weight="1" > rapid </wordcount>
    <wordcount weight="1" > conditions </wordcount>
    <wordcount weight="1" > assisting </wordcount>
    <wordcount weight="1" > lucidly </wordcount>
    <wordcount weight="1" > detect </wordcount>
    <wordcount weight="1" > opens </wordcount>
    <wordcount weight="1" > comprehensive </wordcount>
    <wordcount weight="1" > character </wordcount>
    <wordcount weight="1" > national </wordcount>
    <wordcount weight="1" > winge </wordcount>
    <wordcount weight="1" > placed </wordcount>
    <wordcount weight="1" > studious </wordcount>
    <wordcount weight="1" > known </wordcount>
    <wordcount weight="1" > pratensis </wordcount>
    <wordcount weight="1" > agricultural </wordcount>
    <wordcount weight="1" > various </wordcount>
    <wordcount weight="1" > t </wordcount>
    <wordcount weight="1" > emptiness </wordcount>
    <wordcount weight="1" > passed </wordcount>
    <wordcount weight="1" > edinburgh </wordcount>
    <wordcount weight="1" > published </wordcount>
    <wordcount weight="1" > bicher </wordcount>
    <wordcount weight="1" > dr </wordcount>
    <wordcount weight="1" > carried </wordcount>
    <wordcount weight="1" > science </wordcount>
    <wordcount weight="1" > problems </wordcount>
    <wordcount weight="1" > joined </wordcount>
    <wordcount weight="1" > taught </wordcount>
    <wordcount weight="1" > long </wordcount>
    <wordcount weight="1" > david </wordcount>
    <wordcount weight="1" > gigantic </wordcount>
    <wordcount weight="1" > swedish </wordcount>
    <wordcount weight="1" > enjoying </wordcount>
    <wordcount weight="1" > extent </wordcount>
    <wordcount weight="1" > society </wordcount>
    <wordcount weight="1" > june </wordcount>
    <wordcount weight="1" > caused </wordcount>
    <wordcount weight="1" > usa </wordcount>
    <wordcount weight="1" > stations </wordcount>
    <wordcount weight="1" > near </wordcount>
    <wordcount weight="1" > widely </wordcount>
    <wordcount weight="1" > free </wordcount>
    <wordcount weight="1" > hc </wordcount>
    <wordcount weight="1" > johansen </wordcount>
    <wordcount weight="1" > interests </wordcount>
    <wordcount weight="1" > arvensis </wordcount>
    <wordcount weight="1" > associates </wordcount>
    <wordcount weight="1" > institute </wordcount>
    <wordcount weight="1" > set </wordcount>
    <wordcount weight="1" > great </wordcount>
    <wordcount weight="1" > preliminary </wordcount>
    <wordcount weight="1" > high </wordcount>
    <wordcount weight="1" > degree </wordcount>
    <wordcount weight="1" > environmental </wordcount>
    <wordcount weight="1" > kind </wordcount>
    <wordcount weight="1" > coupled </wordcount>
    <wordcount weight="1" > defended </wordcount>
    <wordcount weight="1" > nearly </wordcount>
    <wordcount weight="1" > stages </wordcount>
    <wordcount weight="1" > influenced </wordcount>
    <wordcount weight="1" > racial </wordcount>
    <wordcount weight="1" > colleagues </wordcount>
    <wordcount weight="1" > vol </wordcount>
    <wordcount weight="1" > shortly </wordcount>
    <wordcount weight="1" > these </wordcount>
    <wordcount weight="1" > over </wordcount>
    <wordcount weight="1" > dimensions </wordcount>
    <wordcount weight="1" > strains </wordcount>
    <wordcount weight="1" > tricolor </wordcount>
    <wordcount weight="1" > possible </wordcount>
    <wordcount weight="1" > put </wordcount>
    <wordcount weight="1" > lifetime </wordcount>
    <wordcount weight="1" > appointed </wordcount>
    <wordcount weight="1" > line </wordcount>
    <wordcount weight="1" > above </wordcount>
    <wordcount weight="1" > intellect </wordcount>
    <wordcount weight="1" > addition </wordcount>
    <wordcount weight="1" > poa </wordcount>
    <wordcount weight="1" > divided </wordcount>
    <wordcount weight="1" > results </wordcount>
    <wordcount weight="1" > hours </wordcount>
    <wordcount weight="1" > work </wordcount>
    <wordcount weight="1" > new </wordcount>
    <wordcount weight="1" > nature </wordcount>
    <wordcount weight="1" > spent </wordcount>
    <wordcount weight="1" > fields </wordcount>
    <wordcount weight="1" > experiments </wordcount>
    <wordcount weight="1" > only </wordcount>
    <wordcount weight="1" > different </wordcount>
    <wordcount weight="1" > remembered </wordcount>
    <wordcount weight="1" > made </wordcount>
    <wordcount weight="1" > group </wordcount>
    <wordcount weight="1" > especially </wordcount>
    <wordcount weight="1" > large </wordcount>
    <wordcount weight="1" > feeling </wordcount>
    <wordcount weight="1" > upon </wordcount>
    <wordcount weight="1" > main </wordcount>
    <wordcount weight="1" > other </wordcount>
    <wordcount weight="1" > groups </wordcount>
    <wordcount weight="1" > one </wordcount>
    <wordcount weight="1" > insights </wordcount>
    <wordcount weight="1" > associated </wordcount>
    <wordcount weight="1" > head </wordcount>
    <wordcount weight="1" > special </wordcount>
    <wordcount weight="1" > secondary </wordcount>
    <wordcount weight="1" > leaves </wordcount>
    <wordcount weight="1" > six </wordcount>
    <wordcount weight="1" > young </wordcount>
    <wordcount weight="1" > part </wordcount>
    <wordcount weight="1" > served </wordcount>
    <wordcount weight="1" > agron </wordcount>
    <wordcount weight="1" > borders </wordcount>
    <wordcount weight="1" > evolution </wordcount>
    <wordcount weight="1" > entering </wordcount>
    <wordcount weight="1" > training </wordcount>
    <wordcount weight="1" > solvgade </wordcount>
    <wordcount weight="1" > cytology </wordcount>
    <wordcount weight="1" > sincere </wordcount>
    <wordcount weight="1" > strongly </wordcount>
    <wordcount weight="1" > differences </wordcount>
    <wordcount weight="1" > volume </wordcount>
    <wordcount weight="1" > uppsala </wordcount>
    <wordcount weight="1" > differing </wordcount>
    <wordcount weight="1" > not </wordcount>
    <wordcount weight="1" > reached </wordcount>
    <wordcount weight="1" > november </wordcount>
    <wordcount weight="1" > publications </wordcount>
    <wordcount weight="1" > department </wordcount>
    <wordcount weight="1" > division </wordcount>
    <wordcount weight="1" > time </wordcount>
    <wordcount weight="1" > manifested </wordcount>
    <wordcount weight="1" > anatomy </wordcount>
    <wordcount weight="1" > out </wordcount>
    <wordcount weight="1" > early </wordcount>
    <wordcount weight="1" > become </wordcount>
    <wordcount weight="1" > wash </wordcount>
    <wordcount weight="1" > fervid </wordcount>
    <wordcount weight="1" > up </wordcount>
    <wordcount weight="1" > student </wordcount>
    <wordcount weight="1" > itself </wordcount>
    <wordcount weight="1" > hiesey </wordcount>
    <wordcount weight="1" > international </wordcount>
    <wordcount weight="1" > reveal </wordcount>
    <wordcount weight="1" > year </wordcount>
    <wordcount weight="1" > given </wordcount>
    <wordcount weight="1" > very </wordcount>
    <wordcount weight="1" > raunkiaer </wordcount>
    <wordcount weight="1" > xith </wordcount>
    <wordcount weight="1" > considerable </wordcount>
    <wordcount weight="1" > programs </wordcount>
    <wordcount weight="1" > written </wordcount>
    <wordcount weight="1" > plants </wordcount>
    <wordcount weight="1" > cytogenetics </wordcount>
    <wordcount weight="1" > soon </wordcount>
    <wordcount weight="1" > discussions </wordcount>
    <wordcount weight="1" > during </wordcount>
    <wordcount weight="1" > before </wordcount>
    <wordcount weight="1" > has </wordcount>
    <wordcount weight="1" > identical </wordcount>
    <wordcount weight="1" > among </wordcount>
    <wordcount weight="1" > section </wordcount>
    <wordcount weight="1" > institution </wordcount>
    <wordcount weight="1" > climatic </wordcount>
    <wordcount weight="1" > congress </wordcount>
    <wordcount weight="1" > famous </wordcount>
    <wordcount weight="1" > c </wordcount>
    <wordcount weight="1" > cooperation </wordcount>
    <wordcount weight="1" > zealand </wordcount>
    <wordcount weight="1" > thesis </wordcount>
    <wordcount weight="1" > cultivations </wordcount>
    <wordcount weight="1" > acquired </wordcount>
    <wordcount weight="1" > pioneers </wordcount>
    <wordcount weight="1" > central </wordcount>
    <wordcount weight="1" > spiritedly </wordcount>
    <wordcount weight="1" > biosystematics </wordcount>
    <wordcount weight="1" > title </wordcount>
    <wordcount weight="1" > outside </wordcount>
    <wordcount weight="1" > continued </wordcount>
    <wordcount weight="1" > infected </wordcount>
    <wordcount weight="1" > contributions </wordcount>
    <wordcount weight="1" > particularly </wordcount>
    <wordcount weight="1" > versatile </wordcount>
    <wordcount weight="1" > genecology </wordcount>
    <wordcount weight="1" > staff </wordcount>
    <wordcount weight="1" > away </wordcount>
    <wordcount weight="1" > william </wordcount>
    <wordcount weight="1" > born </wordcount>
    <wordcount weight="1" > separate </wordcount>
    <wordcount weight="1" > always </wordcount>
    <wordcount weight="1" > taxon </wordcount>
    <wordcount weight="1" > focused </wordcount>
    <wordcount weight="1" > stayed </wordcount>
    <wordcount weight="1" > enthusiasm </wordcount>
</article>
