<?xml version="1.0" encoding="UTF-8"?>
<article id="10.2307/3897566" >
    <wordcount weight="27" > the </wordcount>
    <wordcount weight="23" > of </wordcount>
    <wordcount weight="18" > a </wordcount>
    <wordcount weight="17" > to </wordcount>
    <wordcount weight="17" > in </wordcount>
    <wordcount weight="17" > is </wordcount>
    <wordcount weight="15" > and </wordcount>
    <wordcount weight="10" > it </wordcount>
    <wordcount weight="10" > this </wordcount>
    <wordcount weight="9" > book </wordcount>
    <wordcount weight="8" > plant </wordcount>
    <wordcount weight="7" > have </wordcount>
    <wordcount weight="7" > more </wordcount>
    <wordcount weight="7" > are </wordcount>
    <wordcount weight="6" > types </wordcount>
    <wordcount weight="6" > vegetation </wordcount>
    <wordcount weight="6" > than </wordcount>
    <wordcount weight="5" > while </wordcount>
    <wordcount weight="5" > some </wordcount>
    <wordcount weight="5" > been </wordcount>
    <wordcount weight="5" > for </wordcount>
    <wordcount weight="5" > which </wordcount>
    <wordcount weight="5" > geography </wordcount>
    <wordcount weight="4" > errors </wordcount>
    <wordcount weight="4" > floristic </wordcount>
    <wordcount weight="4" > that </wordcount>
    <wordcount weight="4" > individual </wordcount>
    <wordcount weight="4" > well </wordcount>
    <wordcount weight="4" > brief </wordcount>
    <wordcount weight="4" > as </wordcount>
    <wordcount weight="4" > daubenmire </wordcount>
    <wordcount weight="4" > with </wordcount>
    <wordcount weight="3" > should </wordcount>
    <wordcount weight="3" > an </wordcount>
    <wordcount weight="3" > literature </wordcount>
    <wordcount weight="3" > on </wordcount>
    <wordcount weight="3" > part </wordcount>
    <wordcount weight="3" > be </wordcount>
    <wordcount weight="3" > north </wordcount>
    <wordcount weight="3" > organized </wordcount>
    <wordcount weight="3" > section </wordcount>
    <wordcount weight="2" > what </wordcount>
    <wordcount weight="2" > from </wordcount>
    <wordcount weight="2" > does </wordcount>
    <wordcount weight="2" > such </wordcount>
    <wordcount weight="2" > too </wordcount>
    <wordcount weight="2" > by </wordcount>
    <wordcount weight="2" > trends </wordcount>
    <wordcount weight="2" > approach </wordcount>
    <wordcount weight="2" > only </wordcount>
    <wordcount weight="2" > if </wordcount>
    <wordcount weight="2" > perhaps </wordcount>
    <wordcount weight="2" > has </wordcount>
    <wordcount weight="2" > few </wordcount>
    <wordcount weight="2" > text </wordcount>
    <wordcount weight="2" > also </wordcount>
    <wordcount weight="2" > receive </wordcount>
    <wordcount weight="2" > important </wordcount>
    <wordcount weight="2" > will </wordcount>
    <wordcount weight="2" > information </wordcount>
    <wordcount weight="2" > ecologic </wordcount>
    <wordcount weight="2" > community </wordcount>
    <wordcount weight="2" > presenting </wordcount>
    <wordcount weight="2" > all </wordcount>
    <wordcount weight="2" > descriptions </wordcount>
    <wordcount weight="2" > several </wordcount>
    <wordcount weight="2" > one </wordcount>
    <wordcount weight="2" > second </wordcount>
    <wordcount weight="2" > communities </wordcount>
    <wordcount weight="2" > find </wordcount>
    <wordcount weight="2" > texts </wordcount>
    <wordcount weight="2" > taller </wordcount>
    <wordcount weight="2" > job </wordcount>
    <wordcount weight="2" > new </wordcount>
    <wordcount weight="2" > very </wordcount>
    <wordcount weight="2" > discussion </wordcount>
    <wordcount weight="2" > descriptive </wordcount>
    <wordcount weight="2" > recent </wordcount>
    <wordcount weight="2" > discussed </wordcount>
    <wordcount weight="2" > other </wordcount>
    <wordcount weight="2" > into </wordcount>
    <wordcount weight="2" > concepts </wordcount>
    <wordcount weight="2" > major </wordcount>
    <wordcount weight="2" > species </wordcount>
    <wordcount weight="2" > according </wordcount>
    <wordcount weight="1" > at </wordcount>
    <wordcount weight="1" > moderate </wordcount>
    <wordcount weight="1" > may </wordcount>
    <wordcount weight="1" > migration </wordcount>
    <wordcount weight="1" > dealing </wordcount>
    <wordcount weight="1" > syntactic </wordcount>
    <wordcount weight="1" > reviews </wordcount>
    <wordcount weight="1" > studying </wordcount>
    <wordcount weight="1" > integrating </wordcount>
    <wordcount weight="1" > portion </wordcount>
    <wordcount weight="1" > mentioned </wordcount>
    <wordcount weight="1" > but </wordcount>
    <wordcount weight="1" > existing </wordcount>
    <wordcount weight="1" > not </wordcount>
    <wordcount weight="1" > receives </wordcount>
    <wordcount weight="1" > quality </wordcount>
    <wordcount weight="1" > incorrectly </wordcount>
    <wordcount weight="1" > relevant </wordcount>
    <wordcount weight="1" > highlights </wordcount>
    <wordcount weight="1" > he </wordcount>
    <wordcount weight="1" > about </wordcount>
    <wordcount weight="1" > since </wordcount>
    <wordcount weight="1" > most </wordcount>
    <wordcount weight="1" > less </wordcount>
    <wordcount weight="1" > two </wordcount>
    <wordcount weight="1" > there </wordcount>
    <wordcount weight="1" > probably </wordcount>
    <wordcount weight="1" > graduate </wordcount>
    <wordcount weight="1" > extensive </wordcount>
    <wordcount weight="1" > york </wordcount>
    <wordcount weight="1" > received </wordcount>
    <wordcount weight="1" > particular </wordcount>
    <wordcount weight="1" > page </wordcount>
    <wordcount weight="1" > introduces </wordcount>
    <wordcount weight="1" > frequent </wordcount>
    <wordcount weight="1" > first </wordcount>
    <wordcount weight="1" > vertebrates </wordcount>
    <wordcount weight="1" > takes </wordcount>
    <wordcount weight="1" > criticism </wordcount>
    <wordcount weight="1" > addressed </wordcount>
    <wordcount weight="1" > variety </wordcount>
    <wordcount weight="1" > dissemination </wordcount>
    <wordcount weight="1" > statement </wordcount>
    <wordcount weight="1" > told </wordcount>
    <wordcount weight="1" > decidedly </wordcount>
    <wordcount weight="1" > concentrates </wordcount>
    <wordcount weight="1" > montana </wordcount>
    <wordcount weight="1" > grazing </wordcount>
    <wordcount weight="1" > rather </wordcount>
    <wordcount weight="1" > his </wordcount>
    <wordcount weight="1" > statements </wordcount>
    <wordcount weight="1" > published </wordcount>
    <wordcount weight="1" > chose </wordcount>
    <wordcount weight="1" > review </wordcount>
    <wordcount weight="1" > interest </wordcount>
    <wordcount weight="1" > contributed </wordcount>
    <wordcount weight="1" > usually </wordcount>
    <wordcount weight="1" > relations </wordcount>
    <wordcount weight="1" > superficial </wordcount>
    <wordcount weight="1" > proportionately </wordcount>
    <wordcount weight="1" > land </wordcount>
    <wordcount weight="1" > characterized </wordcount>
    <wordcount weight="1" > level </wordcount>
    <wordcount weight="1" > like </wordcount>
    <wordcount weight="1" > overall </wordcount>
    <wordcount weight="1" > acceptance </wordcount>
    <wordcount weight="1" > illustration </wordcount>
    <wordcount weight="1" > america </wordcount>
    <wordcount weight="1" > those </wordcount>
    <wordcount weight="1" > basic </wordcount>
    <wordcount weight="1" > ecology </wordcount>
    <wordcount weight="1" > thoroughly </wordcount>
    <wordcount weight="1" > aspects </wordcount>
    <wordcount weight="1" > successional </wordcount>
    <wordcount weight="1" > topic </wordcount>
    <wordcount weight="1" > frequently </wordcount>
    <wordcount weight="1" > taken </wordcount>
    <wordcount weight="1" > shoots </wordcount>
    <wordcount weight="1" > fault </wordcount>
    <wordcount weight="1" > grass </wordcount>
    <wordcount weight="1" > determine </wordcount>
    <wordcount weight="1" > almost </wordcount>
    <wordcount weight="1" > headings </wordcount>
    <wordcount weight="1" > crossreferencing </wordcount>
    <wordcount weight="1" > emphasis </wordcount>
    <wordcount weight="1" > typographic </wordcount>
    <wordcount weight="1" > classes </wordcount>
    <wordcount weight="1" > seen </wordcount>
    <wordcount weight="1" > eliminated </wordcount>
    <wordcount weight="1" > suffer </wordcount>
    <wordcount weight="1" > succinct </wordcount>
    <wordcount weight="1" > contain </wordcount>
    <wordcount weight="1" > necessary </wordcount>
    <wordcount weight="1" > undergraduate </wordcount>
    <wordcount weight="1" > many </wordcount>
    <wordcount weight="1" > illustrate </wordcount>
    <wordcount weight="1" > make </wordcount>
    <wordcount weight="1" > greater </wordcount>
    <wordcount weight="1" > drawn </wordcount>
    <wordcount weight="1" > proportion </wordcount>
    <wordcount weight="1" > who </wordcount>
    <wordcount weight="1" > appears </wordcount>
    <wordcount weight="1" > summary </wordcount>
    <wordcount weight="1" > experimental </wordcount>
    <wordcount weight="1" > they </wordcount>
    <wordcount weight="1" > conscientious </wordcount>
    <wordcount weight="1" > different </wordcount>
    <wordcount weight="1" > thus </wordcount>
    <wordcount weight="1" > made </wordcount>
    <wordcount weight="1" > its </wordcount>
    <wordcount weight="1" > likewise </wordcount>
    <wordcount weight="1" > bibliography </wordcount>
    <wordcount weight="1" > little </wordcount>
    <wordcount weight="1" > speculative </wordcount>
    <wordcount weight="1" > supported </wordcount>
    <wordcount weight="1" > their </wordcount>
    <wordcount weight="1" > contained </wordcount>
    <wordcount weight="1" > presented </wordcount>
    <wordcount weight="1" > american </wordcount>
    <wordcount weight="1" > principles </wordcount>
    <wordcount weight="1" > consideration </wordcount>
    <wordcount weight="1" > although </wordcount>
    <wordcount weight="1" > seem </wordcount>
    <wordcount weight="1" > treatment </wordcount>
    <wordcount weight="1" > available </wordcount>
    <wordcount weight="1" > editing </wordcount>
    <wordcount weight="1" > effectiveness </wordcount>
    <wordcount weight="1" > tends </wordcount>
    <wordcount weight="1" > seek </wordcount>
    <wordcount weight="1" > commendable </wordcount>
    <wordcount weight="1" > evolutionary </wordcount>
    <wordcount weight="1" > unless </wordcount>
    <wordcount weight="1" > could </wordcount>
    <wordcount weight="1" > s </wordcount>
    <wordcount weight="1" > use </wordcount>
    <wordcount weight="1" > succeeds </wordcount>
    <wordcount weight="1" > detrimental </wordcount>
    <wordcount weight="1" > found </wordcount>
    <wordcount weight="1" > graze </wordcount>
    <wordcount weight="1" > tend </wordcount>
    <wordcount weight="1" > composite </wordcount>
    <wordcount weight="1" > essentially </wordcount>
    <wordcount weight="1" > feel </wordcount>
    <wordcount weight="1" > greatest </wordcount>
    <wordcount weight="1" > animals </wordcount>
    <wordcount weight="1" > topics </wordcount>
    <wordcount weight="1" > thumb </wordcount>
    <wordcount weight="1" > detailed </wordcount>
    <wordcount weight="1" > correlate </wordcount>
    <wordcount weight="1" > p </wordcount>
    <wordcount weight="1" > factors </wordcount>
    <wordcount weight="1" > provides </wordcount>
    <wordcount weight="1" > can </wordcount>
    <wordcount weight="1" > comment </wordcount>
    <wordcount weight="1" > annoying </wordcount>
    <wordcount weight="1" > easy </wordcount>
    <wordcount weight="1" > fields </wordcount>
    <wordcount weight="1" > subject </wordcount>
    <wordcount weight="1" > description </wordcount>
    <wordcount weight="1" > effort </wordcount>
    <wordcount weight="1" > studied </wordcount>
    <wordcount weight="1" > reference </wordcount>
    <wordcount weight="1" > up </wordcount>
    <wordcount weight="1" > through </wordcount>
    <wordcount weight="1" > assumptions </wordcount>
    <wordcount weight="1" > rexford </wordcount>
    <wordcount weight="1" > physiological </wordcount>
    <wordcount weight="1" > how </wordcount>
    <wordcount weight="1" > entire </wordcount>
    <wordcount weight="1" > makes </wordcount>
    <wordcount weight="1" > given </wordcount>
    <wordcount weight="1" > composition </wordcount>
    <wordcount weight="1" > overlooked </wordcount>
    <wordcount weight="1" > overview </wordcount>
    <wordcount weight="1" > erroneously </wordcount>
    <wordcount weight="1" > largely </wordcount>
    <wordcount weight="1" > written </wordcount>
    <wordcount weight="1" > added </wordcount>
    <wordcount weight="1" > parts </wordcount>
    <wordcount weight="1" > edaphic </wordcount>
    <wordcount weight="1" > much </wordcount>
    <wordcount weight="1" > affect </wordcount>
    <wordcount weight="1" > principal </wordcount>
    <wordcount weight="1" > emphasize </wordcount>
    <wordcount weight="1" > presumably </wordcount>
    <wordcount weight="1" > we </wordcount>
    <wordcount weight="1" > considerable </wordcount>
    <wordcount weight="1" > i </wordcount>
    <wordcount weight="1" > supplementary </wordcount>
    <wordcount weight="1" > contains </wordcount>
    <wordcount weight="1" > appropriate </wordcount>
    <wordcount weight="1" > reduce </wordcount>
    <wordcount weight="1" > serious </wordcount>
    <wordcount weight="1" > writing </wordcount>
    <wordcount weight="1" > evidence </wordcount>
    <wordcount weight="1" > cause </wordcount>
    <wordcount weight="1" > tenuous </wordcount>
    <wordcount weight="1" > index </wordcount>
    <wordcount weight="1" > hardly </wordcount>
    <wordcount weight="1" > evolution </wordcount>
    <wordcount weight="1" > seems </wordcount>
    <wordcount weight="1" > management </wordcount>
    <wordcount weight="1" > advances </wordcount>
    <wordcount weight="1" > afterthought </wordcount>
    <wordcount weight="1" > academic </wordcount>
    <wordcount weight="1" > conclusions </wordcount>
    <wordcount weight="1" > seriously </wordcount>
    <wordcount weight="1" > included </wordcount>
    <wordcount weight="1" > miles </wordcount>
    <wordcount weight="1" > merit </wordcount>
    <wordcount weight="1" > steppe </wordcount>
    <wordcount weight="1" > apparently </wordcount>
    <wordcount weight="1" > publishing </wordcount>
    <wordcount weight="1" > same </wordcount>
    <wordcount weight="1" > far </wordcount>
    <wordcount weight="1" > resulted </wordcount>
    <wordcount weight="1" > readable </wordcount>
    <wordcount weight="1" > good </wordcount>
</article>
