<?xml version="1.0" encoding="UTF-8"?>
<article id="10.2307/1716858" >
    <wordcount weight="119" > the </wordcount>
    <wordcount weight="86" > of </wordcount>
    <wordcount weight="79" > and </wordcount>
    <wordcount weight="67" > in </wordcount>
    <wordcount weight="34" > to </wordcount>
    <wordcount weight="32" > is </wordcount>
    <wordcount weight="31" > by </wordcount>
    <wordcount weight="30" > a </wordcount>
    <wordcount weight="24" > that </wordcount>
    <wordcount weight="16" > book </wordcount>
    <wordcount weight="16" > are </wordcount>
    <wordcount weight="15" > on </wordcount>
    <wordcount weight="12" > their </wordcount>
    <wordcount weight="12" > with </wordcount>
    <wordcount weight="11" > new </wordcount>
    <wordcount weight="10" > he </wordcount>
    <wordcount weight="10" > this </wordcount>
    <wordcount weight="10" > for </wordcount>
    <wordcount weight="9" > agricultural </wordcount>
    <wordcount weight="8" > not </wordcount>
    <wordcount weight="8" > pp </wordcount>
    <wordcount weight="8" > w </wordcount>
    <wordcount weight="8" > j </wordcount>
    <wordcount weight="8" > agriculture </wordcount>
    <wordcount weight="8" > chapter </wordcount>
    <wordcount weight="8" > be </wordcount>
    <wordcount weight="7" > schultz </wordcount>
    <wordcount weight="7" > m </wordcount>
    <wordcount weight="7" > illus </wordcount>
    <wordcount weight="7" > states </wordcount>
    <wordcount weight="7" > problems </wordcount>
    <wordcount weight="7" > biological </wordcount>
    <wordcount weight="6" > his </wordcount>
    <wordcount weight="6" > methods </wordcount>
    <wordcount weight="6" > from </wordcount>
    <wordcount weight="6" > academic </wordcount>
    <wordcount weight="6" > within </wordcount>
    <wordcount weight="6" > vol </wordcount>
    <wordcount weight="6" > should </wordcount>
    <wordcount weight="5" > without </wordcount>
    <wordcount weight="5" > economic </wordcount>
    <wordcount weight="5" > who </wordcount>
    <wordcount weight="5" > countries </wordcount>
    <wordcount weight="5" > one </wordcount>
    <wordcount weight="5" > as </wordcount>
    <wordcount weight="5" > united </wordcount>
    <wordcount weight="5" > thermodynamics </wordcount>
    <wordcount weight="5" > production </wordcount>
    <wordcount weight="5" > advances </wordcount>
    <wordcount weight="5" > absorption </wordcount>
    <wordcount weight="5" > has </wordcount>
    <wordcount weight="5" > use </wordcount>
    <wordcount weight="5" > mathematical </wordcount>
    <wordcount weight="5" > which </wordcount>
    <wordcount weight="5" > development </wordcount>
    <wordcount weight="5" > have </wordcount>
    <wordcount weight="5" > an </wordcount>
    <wordcount weight="4" > it </wordcount>
    <wordcount weight="4" > b </wordcount>
    <wordcount weight="4" > modern </wordcount>
    <wordcount weight="4" > devices </wordcount>
    <wordcount weight="4" > but </wordcount>
    <wordcount weight="4" > four </wordcount>
    <wordcount weight="4" > two </wordcount>
    <wordcount weight="4" > more </wordcount>
    <wordcount weight="4" > research </wordcount>
    <wordcount weight="4" > some </wordcount>
    <wordcount weight="4" > made </wordcount>
    <wordcount weight="4" > high </wordcount>
    <wordcount weight="4" > study </wordcount>
    <wordcount weight="4" > those </wordcount>
    <wordcount weight="3" > f </wordcount>
    <wordcount weight="3" > no </wordcount>
    <wordcount weight="3" > george </wordcount>
    <wordcount weight="3" > concerned </wordcount>
    <wordcount weight="3" > l </wordcount>
    <wordcount weight="3" > been </wordcount>
    <wordcount weight="3" > developed </wordcount>
    <wordcount weight="3" > transducers </wordcount>
    <wordcount weight="3" > h </wordcount>
    <wordcount weight="3" > large </wordcount>
    <wordcount weight="3" > factors </wordcount>
    <wordcount weight="3" > school </wordcount>
    <wordcount weight="3" > or </wordcount>
    <wordcount weight="3" > mentioned </wordcount>
    <wordcount weight="3" > first </wordcount>
    <wordcount weight="3" > only </wordcount>
    <wordcount weight="3" > physical </wordcount>
    <wordcount weight="3" > might </wordcount>
    <wordcount weight="3" > i </wordcount>
    <wordcount weight="3" > digital </wordcount>
    <wordcount weight="3" > population </wordcount>
    <wordcount weight="3" > eds </wordcount>
    <wordcount weight="3" > possible </wordcount>
    <wordcount weight="3" > data </wordcount>
    <wordcount weight="3" > programs </wordcount>
    <wordcount weight="3" > devoted </wordcount>
    <wordcount weight="3" > crises </wordcount>
    <wordcount weight="3" > farm </wordcount>
    <wordcount weight="3" > author </wordcount>
    <wordcount weight="3" > crisis </wordcount>
    <wordcount weight="3" > d </wordcount>
    <wordcount weight="3" > general </wordcount>
    <wordcount weight="3" > instrumentation </wordcount>
    <wordcount weight="3" > given </wordcount>
    <wordcount weight="3" > traditional </wordcount>
    <wordcount weight="3" > major </wordcount>
    <wordcount weight="3" > examines </wordcount>
    <wordcount weight="2" > at </wordcount>
    <wordcount weight="2" > may </wordcount>
    <wordcount weight="2" > will </wordcount>
    <wordcount weight="2" > does </wordcount>
    <wordcount weight="2" > infrared </wordcount>
    <wordcount weight="2" > san </wordcount>
    <wordcount weight="2" > role </wordcount>
    <wordcount weight="2" > whose </wordcount>
    <wordcount weight="2" > provide </wordcount>
    <wordcount weight="2" > science </wordcount>
    <wordcount weight="2" > practical </wordcount>
    <wordcount weight="2" > subject </wordcount>
    <wordcount weight="2" > college </wordcount>
    <wordcount weight="2" > presentation </wordcount>
    <wordcount weight="2" > e </wordcount>
    <wordcount weight="2" > growth </wordcount>
    <wordcount weight="2" > introduction </wordcount>
    <wordcount weight="2" > supplement </wordcount>
    <wordcount weight="2" > selection </wordcount>
    <wordcount weight="2" > consequences </wordcount>
    <wordcount weight="2" > reference </wordcount>
    <wordcount weight="2" > clinical </wordcount>
    <wordcount weight="2" > university </wordcount>
    <wordcount weight="2" > presents </wordcount>
    <wordcount weight="2" > any </wordcount>
    <wordcount weight="2" > proved </wordcount>
    <wordcount weight="2" > agricultures </wordcount>
    <wordcount weight="2" > series </wordcount>
    <wordcount weight="2" > must </wordcount>
    <wordcount weight="2" > age </wordcount>
    <wordcount weight="2" > department </wordcount>
    <wordcount weight="2" > thermodynamic </wordcount>
    <wordcount weight="2" > t </wordcount>
    <wordcount weight="2" > sciences </wordcount>
    <wordcount weight="2" > principle </wordcount>
    <wordcount weight="2" > all </wordcount>
    <wordcount weight="2" > nature </wordcount>
    <wordcount weight="2" > efforts </wordcount>
    <wordcount weight="2" > definition </wordcount>
    <wordcount weight="2" > s </wordcount>
    <wordcount weight="2" > principles </wordcount>
    <wordcount weight="2" > other </wordcount>
    <wordcount weight="2" > treatment </wordcount>
    <wordcount weight="2" > available </wordcount>
    <wordcount weight="2" > analog </wordcount>
    <wordcount weight="2" > assertion </wordcount>
    <wordcount weight="2" > effort </wordcount>
    <wordcount weight="2" > reasoning </wordcount>
    <wordcount weight="2" > classical </wordcount>
    <wordcount weight="2" > atomic </wordcount>
    <wordcount weight="2" > concludes </wordcount>
    <wordcount weight="2" > characterizing </wordcount>
    <wordcount weight="2" > there </wordcount>
    <wordcount weight="2" > discussed </wordcount>
    <wordcount weight="2" > state </wordcount>
    <wordcount weight="2" > principal </wordcount>
    <wordcount weight="2" > robert </wordcount>
    <wordcount weight="2" > increases </wordcount>
    <wordcount weight="2" > explanations </wordcount>
    <wordcount weight="2" > theodore </wordcount>
    <wordcount weight="2" > calculus </wordcount>
    <wordcount weight="2" > terms </wordcount>
    <wordcount weight="2" > form </wordcount>
    <wordcount weight="2" > heavily </wordcount>
    <wordcount weight="2" > gastric </wordcount>
    <wordcount weight="2" > experimental </wordcount>
    <wordcount weight="2" > ed </wordcount>
    <wordcount weight="2" > textbook </wordcount>
    <wordcount weight="2" > jerzy </wordcount>
    <wordcount weight="2" > application </wordcount>
    <wordcount weight="2" > basis </wordcount>
    <wordcount weight="2" > goodman </wordcount>
    <wordcount weight="2" > investment </wordcount>
    <wordcount weight="2" > limitations </wordcount>
    <wordcount weight="2" > little </wordcount>
    <wordcount weight="2" > spanner </wordcount>
    <wordcount weight="2" > ten </wordcount>
    <wordcount weight="2" > radiation </wordcount>
    <wordcount weight="2" > food </wordcount>
    <wordcount weight="2" > collection </wordcount>
    <wordcount weight="2" > botany </wordcount>
    <wordcount weight="2" > processes </wordcount>
    <wordcount weight="2" > question </wordcount>
    <wordcount weight="2" > students </wordcount>
    <wordcount weight="2" > described </wordcount>
    <wordcount weight="2" > such </wordcount>
    <wordcount weight="2" > years </wordcount>
    <wordcount weight="2" > chemistry </wordcount>
    <wordcount weight="2" > national </wordcount>
    <wordcount weight="2" > biochemistry </wordcount>
    <wordcount weight="2" > good </wordcount>
    <wordcount weight="2" > wish </wordcount>
    <wordcount weight="2" > bernard </wordcount>
    <wordcount weight="2" > exclude </wordcount>
    <wordcount weight="2" > leaves </wordcount>
    <wordcount weight="2" > components </wordcount>
    <wordcount weight="2" > between </wordcount>
    <wordcount weight="2" > c </wordcount>
    <wordcount weight="2" > acquire </wordcount>
    <wordcount weight="2" > can </wordcount>
    <wordcount weight="2" > monographs </wordcount>
    <wordcount weight="2" > stimulating </wordcount>
    <wordcount weight="2" > instruments </wordcount>
    <wordcount weight="2" > much </wordcount>
    <wordcount weight="2" > walls </wordcount>
    <wordcount weight="1" > suter </wordcount>
    <wordcount weight="1" > set </wordcount>
    <wordcount weight="1" > final </wordcount>
    <wordcount weight="1" > zh </wordcount>
    <wordcount weight="1" > entitled </wordcount>
    <wordcount weight="1" > analytic </wordcount>
    <wordcount weight="1" > incentives </wordcount>
    <wordcount weight="1" > portion </wordcount>
    <wordcount weight="1" > macromolecular </wordcount>
    <wordcount weight="1" > undergraduate </wordcount>
    <wordcount weight="1" > depressed </wordcount>
    <wordcount weight="1" > gerontological </wordcount>
    <wordcount weight="1" > involve </wordcount>
    <wordcount weight="1" > applications </wordcount>
    <wordcount weight="1" > zero </wordcount>
    <wordcount weight="1" > wishes </wordcount>
    <wordcount weight="1" > aid </wordcount>
    <wordcount weight="1" > adequate </wordcount>
    <wordcount weight="1" > york </wordcount>
    <wordcount weight="1" > transforming </wordcount>
    <wordcount weight="1" > antigens </wordcount>
    <wordcount weight="1" > page </wordcount>
    <wordcount weight="1" > kynurenine </wordcount>
    <wordcount weight="1" > resides </wordcount>
    <wordcount weight="1" > matter </wordcount>
    <wordcount weight="1" > clara </wordcount>
    <wordcount weight="1" > reiterates </wordcount>
    <wordcount weight="1" > biologist </wordcount>
    <wordcount weight="1" > difficult </wordcount>
    <wordcount weight="1" > common </wordcount>
    <wordcount weight="1" > conflicting </wordcount>
    <wordcount weight="1" > luigi </wordcount>
    <wordcount weight="1" > statements </wordcount>
    <wordcount weight="1" > faith </wordcount>
    <wordcount weight="1" > bring </wordcount>
    <wordcount weight="1" > ecological </wordcount>
    <wordcount weight="1" > usually </wordcount>
    <wordcount weight="1" > phylogeny </wordcount>
    <wordcount weight="1" > aimed </wordcount>
    <wordcount weight="1" > main </wordcount>
    <wordcount weight="1" > mes </wordcount>
    <wordcount weight="1" > absent </wordcount>
    <wordcount weight="1" > naturally </wordcount>
    <wordcount weight="1" > spectrophotometers </wordcount>
    <wordcount weight="1" > toward </wordcount>
    <wordcount weight="1" > edward </wordcount>
    <wordcount weight="1" > retarding </wordcount>
    <wordcount weight="1" > modernize </wordcount>
    <wordcount weight="1" > basic </wordcount>
    <wordcount weight="1" > begin </wordcount>
    <wordcount weight="1" > return </wordcount>
    <wordcount weight="1" > explicit </wordcount>
    <wordcount weight="1" > math </wordcount>
    <wordcount weight="1" > muscular </wordcount>
    <wordcount weight="1" > alone </wordcount>
    <wordcount weight="1" > whatever </wordcount>
    <wordcount weight="1" > marott </wordcount>
    <wordcount weight="1" > parents </wordcount>
    <wordcount weight="1" > succinct </wordcount>
    <wordcount weight="1" > harry </wordcount>
    <wordcount weight="1" > tissue </wordcount>
    <wordcount weight="1" > diver </wordcount>
    <wordcount weight="1" > titled </wordcount>
    <wordcount weight="1" > contribution </wordcount>
    <wordcount weight="1" > properties </wordcount>
    <wordcount weight="1" > they </wordcount>
    <wordcount weight="1" > importance </wordcount>
    <wordcount weight="1" > group </wordcount>
    <wordcount weight="1" > adjusting </wordcount>
    <wordcount weight="1" > derived </wordcount>
    <wordcount weight="1" > elementary </wordcount>
    <wordcount weight="1" > complex </wordcount>
    <wordcount weight="1" > generating </wordcount>
    <wordcount weight="1" > pages </wordcount>
    <wordcount weight="1" > special </wordcount>
    <wordcount weight="1" > positive </wordcount>
    <wordcount weight="1" > appraises </wordcount>
    <wordcount weight="1" > k </wordcount>
    <wordcount weight="1" > efficiency </wordcount>
    <wordcount weight="1" > remainder </wordcount>
    <wordcount weight="1" > topics </wordcount>
    <wordcount weight="1" > standard </wordcount>
    <wordcount weight="1" > prime </wordcount>
    <wordcount weight="1" > omits </wordcount>
    <wordcount weight="1" > list </wordcount>
    <wordcount weight="1" > eville </wordcount>
    <wordcount weight="1" > frank </wordcount>
    <wordcount weight="1" > control </wordcount>
    <wordcount weight="1" > monolayer </wordcount>
    <wordcount weight="1" > rate </wordcount>
    <wordcount weight="1" > extremes </wordcount>
    <wordcount weight="1" > constitutes </wordcount>
    <wordcount weight="1" > sets </wordcount>
    <wordcount weight="1" > pleasures </wordcount>
    <wordcount weight="1" > caspari </wordcount>
    <wordcount weight="1" > means </wordcount>
    <wordcount weight="1" > bias </wordcount>
    <wordcount weight="1" > solutions </wordcount>
    <wordcount weight="1" > studies </wordcount>
    <wordcount weight="1" > escape </wordcount>
    <wordcount weight="1" > mature </wordcount>
    <wordcount weight="1" > under </wordcount>
    <wordcount weight="1" > joseph </wordcount>
    <wordcount weight="1" > considered </wordcount>
    <wordcount weight="1" > nucleic </wordcount>
    <wordcount weight="1" > forests </wordcount>
    <wordcount weight="1" > improvement </wordcount>
    <wordcount weight="1" > thesis </wordcount>
    <wordcount weight="1" > sections </wordcount>
    <wordcount weight="1" > seems </wordcount>
    <wordcount weight="1" > cartesian </wordcount>
    <wordcount weight="1" > into </wordcount>
    <wordcount weight="1" > emission </wordcount>
    <wordcount weight="1" > included </wordcount>
    <wordcount weight="1" > home </wordcount>
    <wordcount weight="1" > irreversible </wordcount>
    <wordcount weight="1" > impediments </wordcount>
    <wordcount weight="1" > warren </wordcount>
    <wordcount weight="1" > simion </wordcount>
    <wordcount weight="1" > elsewhere </wordcount>
    <wordcount weight="1" > culture </wordcount>
    <wordcount weight="1" > n </wordcount>
    <wordcount weight="1" > numbers </wordcount>
    <wordcount weight="1" > preface </wordcount>
    <wordcount weight="1" > comes </wordcount>
    <wordcount weight="1" > nice </wordcount>
    <wordcount weight="1" > divisor </wordcount>
    <wordcount weight="1" > changing </wordcount>
    <wordcount weight="1" > reviewed </wordcount>
    <wordcount weight="1" > institutes </wordcount>
    <wordcount weight="1" > osmotic </wordcount>
    <wordcount weight="1" > reasonably </wordcount>
    <wordcount weight="1" > contact </wordcount>
    <wordcount weight="1" > these </wordcount>
    <wordcount weight="1" > industrial </wordcount>
    <wordcount weight="1" > advancing </wordcount>
    <wordcount weight="1" > also </wordcount>
    <wordcount weight="1" > turning </wordcount>
    <wordcount weight="1" > provocative </wordcount>
    <wordcount weight="1" > most </wordcount>
    <wordcount weight="1" > extensive </wordcount>
    <wordcount weight="1" > potential </wordcount>
    <wordcount weight="1" > invoked </wordcount>
    <wordcount weight="1" > euclidean </wordcount>
    <wordcount weight="1" > coding </wordcount>
    <wordcount weight="1" > inheritance </wordcount>
    <wordcount weight="1" > ideas </wordcount>
    <wordcount weight="1" > sector </wordcount>
    <wordcount weight="1" > didactically </wordcount>
    <wordcount weight="1" > histochemistry </wordcount>
    <wordcount weight="1" > especially </wordcount>
    <wordcount weight="1" > useful </wordcount>
    <wordcount weight="1" > comprising </wordcount>
    <wordcount weight="1" > ultraviolet </wordcount>
    <wordcount weight="1" > discipline </wordcount>
    <wordcount weight="1" > rather </wordcount>
    <wordcount weight="1" > lambert </wordcount>
    <wordcount weight="1" > classroom </wordcount>
    <wordcount weight="1" > musajo </wordcount>
    <wordcount weight="1" > answers </wordcount>
    <wordcount weight="1" > tryptophan </wordcount>
    <wordcount weight="1" > impediment </wordcount>
    <wordcount weight="1" > interests </wordcount>
    <wordcount weight="1" > carlo </wordcount>
    <wordcount weight="1" > omission </wordcount>
    <wordcount weight="1" > handle </wordcount>
    <wordcount weight="1" > important </wordcount>
    <wordcount weight="1" > providing </wordcount>
    <wordcount weight="1" > others </wordcount>
    <wordcount weight="1" > drawing </wordcount>
    <wordcount weight="1" > natural </wordcount>
    <wordcount weight="1" > view </wordcount>
    <wordcount weight="1" > appear </wordcount>
    <wordcount weight="1" > assist </wordcount>
    <wordcount weight="1" > rejects </wordcount>
    <wordcount weight="1" > principally </wordcount>
    <wordcount weight="1" > rational </wordcount>
    <wordcount weight="1" > many </wordcount>
    <wordcount weight="1" > membrane </wordcount>
    <wordcount weight="1" > water </wordcount>
    <wordcount weight="1" > active </wordcount>
    <wordcount weight="1" > smith </wordcount>
    <wordcount weight="1" > different </wordcount>
    <wordcount weight="1" > handling </wordcount>
    <wordcount weight="1" > outside </wordcount>
    <wordcount weight="1" > lead </wordcount>
    <wordcount weight="1" > consideration </wordcount>
    <wordcount weight="1" > believe </wordcount>
    <wordcount weight="1" > fundamental </wordcount>
    <wordcount weight="1" > capital </wordcount>
    <wordcount weight="1" > xii </wordcount>
    <wordcount weight="1" > down </wordcount>
    <wordcount weight="1" > scientifically </wordcount>
    <wordcount weight="1" > pressure </wordcount>
    <wordcount weight="1" > bird </wordcount>
    <wordcount weight="1" > physicochemical </wordcount>
    <wordcount weight="1" > prepared </wordcount>
    <wordcount weight="1" > genus </wordcount>
    <wordcount weight="1" > great </wordcount>
    <wordcount weight="1" > trigonometry </wordcount>
    <wordcount weight="1" > simple </wordcount>
    <wordcount weight="1" > strength </wordcount>
    <wordcount weight="1" > ben </wordcount>
    <wordcount weight="1" > current </wordcount>
    <wordcount weight="1" > priceincome </wordcount>
    <wordcount weight="1" > solved </wordcount>
    <wordcount weight="1" > tumbling </wordcount>
    <wordcount weight="1" > viii </wordcount>
    <wordcount weight="1" > counting </wordcount>
    <wordcount weight="1" > time </wordcount>
    <wordcount weight="1" > seven </wordcount>
    <wordcount weight="1" > particularly </wordcount>
    <wordcount weight="1" > blumenthal </wordcount>
    <wordcount weight="1" > warburg </wordcount>
    <wordcount weight="1" > scheme </wordcount>
    <wordcount weight="1" > composition </wordcount>
    <wordcount weight="1" > very </wordcount>
    <wordcount weight="1" > omitted </wordcount>
    <wordcount weight="1" > disorders </wordcount>
    <wordcount weight="1" > worker </wordcount>
    <wordcount weight="1" > associated </wordcount>
    <wordcount weight="1" > noting </wordcount>
    <wordcount weight="1" > primary </wordcount>
    <wordcount weight="1" > resulting </wordcount>
    <wordcount weight="1" > nuclear </wordcount>
    <wordcount weight="1" > achieved </wordcount>
    <wordcount weight="1" > serious </wordcount>
    <wordcount weight="1" > wall </wordcount>
    <wordcount weight="1" > situation </wordcount>
    <wordcount weight="1" > last </wordcount>
    <wordcount weight="1" > conspicuously </wordcount>
    <wordcount weight="1" > forecasts </wordcount>
    <wordcount weight="1" > fourth </wordcount>
    <wordcount weight="1" > do </wordcount>
    <wordcount weight="1" > beginning </wordcount>
    <wordcount weight="1" > present </wordcount>
    <wordcount weight="1" > william </wordcount>
    <wordcount weight="1" > political </wordcount>
    <wordcount weight="1" > though </wordcount>
    <wordcount weight="1" > third </wordcount>
    <wordcount weight="1" > manner </wordcount>
    <wordcount weight="1" > rests </wordcount>
    <wordcount weight="1" > somewhat </wordcount>
    <wordcount weight="1" > what </wordcount>
    <wordcount weight="1" > metabolism </wordcount>
    <wordcount weight="1" > block </wordcount>
    <wordcount weight="1" > declines </wordcount>
    <wordcount weight="1" > michigan </wordcount>
    <wordcount weight="1" > literature </wordcount>
    <wordcount weight="1" > strehler </wordcount>
    <wordcount weight="1" > confused </wordcount>
    <wordcount weight="1" > iowa </wordcount>
    <wordcount weight="1" > context </wordcount>
    <wordcount weight="1" > reactions </wordcount>
    <wordcount weight="1" > distinguishes </wordcount>
    <wordcount weight="1" > implicit </wordcount>
    <wordcount weight="1" > symbols </wordcount>
    <wordcount weight="1" > less </wordcount>
    <wordcount weight="1" > cannot </wordcount>
    <wordcount weight="1" > wherein </wordcount>
    <wordcount weight="1" > sound </wordcount>
    <wordcount weight="1" > induction </wordcount>
    <wordcount weight="1" > immunology </wordcount>
    <wordcount weight="1" > alfred </wordcount>
    <wordcount weight="1" > inputs </wordcount>
    <wordcount weight="1" > botanical </wordcount>
    <wordcount weight="1" > abbreviated </wordcount>
    <wordcount weight="1" > explain </wordcount>
    <wordcount weight="1" > theory </wordcount>
    <wordcount weight="1" > instrumental </wordcount>
    <wordcount weight="1" > acids </wordcount>
    <wordcount weight="1" > shortages </wordcount>
    <wordcount weight="1" > books </wordcount>
    <wordcount weight="1" > mathematics </wordcount>
    <wordcount weight="1" > friedrich </wordcount>
    <wordcount weight="1" > scintillation </wordcount>
    <wordcount weight="1" > method </wordcount>
    <wordcount weight="1" > task </wordcount>
    <wordcount weight="1" > manuals </wordcount>
    <wordcount weight="1" > sobotka </wordcount>
    <wordcount weight="1" > verne </wordcount>
    <wordcount weight="1" > number </wordcount>
    <wordcount weight="1" > aging </wordcount>
    <wordcount weight="1" > infrastructures </wordcount>
    <wordcount weight="1" > denotations </wordcount>
    <wordcount weight="1" > impression </wordcount>
    <wordcount weight="1" > briefly </wordcount>
    <wordcount weight="1" > technical </wordcount>
    <wordcount weight="1" > improve </wordcount>
    <wordcount weight="1" > require </wordcount>
    <wordcount weight="1" > aline </wordcount>
    <wordcount weight="1" > well </wordcount>
    <wordcount weight="1" > factorization </wordcount>
    <wordcount weight="1" > deal </wordcount>
    <wordcount weight="1" > oehlkers </wordcount>
    <wordcount weight="1" > another </wordcount>
    <wordcount weight="1" > information </wordcount>
    <wordcount weight="1" > allocative </wordcount>
    <wordcount weight="1" > brimacombe </wordcount>
    <wordcount weight="1" > credit </wordcount>
    <wordcount weight="1" > classes </wordcount>
    <wordcount weight="1" > marked </wordcount>
    <wordcount weight="1" > understanding </wordcount>
    <wordcount weight="1" > greatest </wordcount>
    <wordcount weight="1" > extended </wordcount>
    <wordcount weight="1" > discussion </wordcount>
    <wordcount weight="1" > slight </wordcount>
    <wordcount weight="1" > abroad </wordcount>
    <wordcount weight="1" > scope </wordcount>
    <wordcount weight="1" > nucleus </wordcount>
    <wordcount weight="1" > background </wordcount>
    <wordcount weight="1" > both </wordcount>
    <wordcount weight="1" > treated </wordcount>
    <wordcount weight="1" > functions </wordcount>
    <wordcount weight="1" > phenomena </wordcount>
    <wordcount weight="1" > bibliography </wordcount>
    <wordcount weight="1" > nervous </wordcount>
    <wordcount weight="1" > start </wordcount>
    <wordcount weight="1" > upon </wordcount>
    <wordcount weight="1" > presented </wordcount>
    <wordcount weight="1" > range </wordcount>
    <wordcount weight="1" > john </wordcount>
    <wordcount weight="1" > carry </wordcount>
    <wordcount weight="1" > emanating </wordcount>
    <wordcount weight="1" > heart </wordcount>
    <wordcount weight="1" > dioxide </wordcount>
    <wordcount weight="1" > biologically </wordcount>
    <wordcount weight="1" > founded </wordcount>
    <wordcount weight="1" > likely </wordcount>
    <wordcount weight="1" > except </wordcount>
    <wordcount weight="1" > part </wordcount>
    <wordcount weight="1" > through </wordcount>
    <wordcount weight="1" > purpose </wordcount>
    <wordcount weight="1" > resources </wordcount>
    <wordcount weight="1" > procedure </wordcount>
    <wordcount weight="1" > knowledge </wordcount>
    <wordcount weight="1" > increase </wordcount>
    <wordcount weight="1" > curriculum </wordcount>
    <wordcount weight="1" > fluorescence </wordcount>
    <wordcount weight="1" > conic </wordcount>
    <wordcount weight="1" > immunologic </wordcount>
    <wordcount weight="1" > stagnant </wordcount>
    <wordcount weight="1" > along </wordcount>
    <wordcount weight="1" > its </wordcount>
    <wordcount weight="1" > lipofuscin </wordcount>
    <wordcount weight="1" > himself </wordcount>
    <wordcount weight="1" > techniques </wordcount>
    <wordcount weight="1" > intended </wordcount>
    <wordcount weight="1" > computers </wordcount>
    <wordcount weight="1" > lies </wordcount>
    <wordcount weight="1" > measurement </wordcount>
    <wordcount weight="1" > emanuel </wordcount>
    <wordcount weight="1" > says </wordcount>
    <wordcount weight="1" > during </wordcount>
    <wordcount weight="1" > divided </wordcount>
    <wordcount weight="1" > causes </wordcount>
    <wordcount weight="1" > world </wordcount>
    <wordcount weight="1" > mention </wordcount>
    <wordcount weight="1" > people </wordcount>
    <wordcount weight="1" > aside </wordcount>
    <wordcount weight="1" > survey </wordcount>
    <wordcount weight="1" > labor </wordcount>
    <wordcount weight="1" > avenues </wordcount>
    <wordcount weight="1" > human </wordcount>
    <wordcount weight="1" > structures </wordcount>
    <wordcount weight="1" > think </wordcount>
    <wordcount weight="1" > statistics </wordcount>
    <wordcount weight="1" > tions </wordcount>
    <wordcount weight="1" > contrasts </wordcount>
    <wordcount weight="1" > chapters </wordcount>
    <wordcount weight="1" > laboratory </wordcount>
    <wordcount weight="1" > examination </wordcount>
    <wordcount weight="1" > includes </wordcount>
    <wordcount weight="1" > come </wordcount>
    <wordcount weight="1" > bray </wordcount>
    <wordcount weight="1" > eric </wordcount>
    <wordcount weight="1" > review </wordcount>
    <wordcount weight="1" > california </wordcount>
    <wordcount weight="1" > photometric </wordcount>
    <wordcount weight="1" > used </wordcount>
    <wordcount weight="1" > attraction </wordcount>
    <wordcount weight="1" > commercial </wordcount>
    <wordcount weight="1" > savings </wordcount>
    <wordcount weight="1" > immediate </wordcount>
    <wordcount weight="1" > roger </wordcount>
    <wordcount weight="1" > low </wordcount>
    <wordcount weight="1" > interested </wordcount>
    <wordcount weight="1" > own </wordcount>
    <wordcount weight="1" > medical </wordcount>
    <wordcount weight="1" > alleviation </wordcount>
    <wordcount weight="1" > initial </wordcount>
    <wordcount weight="1" > jose </wordcount>
    <wordcount weight="1" > conditions </wordcount>
    <wordcount weight="1" > magic </wordcount>
    <wordcount weight="1" > chemical </wordcount>
    <wordcount weight="1" > bowman </wordcount>
    <wordcount weight="1" > hart </wordcount>
    <wordcount weight="1" > taxonomic </wordcount>
    <wordcount weight="1" > health </wordcount>
    <wordcount weight="1" > interest </wordcount>
    <wordcount weight="1" > concentrates </wordcount>
    <wordcount weight="1" > arnold </wordcount>
    <wordcount weight="1" > relatively </wordcount>
    <wordcount weight="1" > p </wordcount>
    <wordcount weight="1" > course </wordcount>
    <wordcount weight="1" > vested </wordcount>
    <wordcount weight="1" > cytoplasmic </wordcount>
    <wordcount weight="1" > causal </wordcount>
    <wordcount weight="1" > adaptive </wordcount>
    <wordcount weight="1" > southern </wordcount>
    <wordcount weight="1" > land </wordcount>
    <wordcount weight="1" > genetics </wordcount>
    <wordcount weight="1" > ultrastructure </wordcount>
    <wordcount weight="1" > characteristic </wordcount>
    <wordcount weight="1" > field </wordcount>
    <wordcount weight="1" > suitably </wordcount>
    <wordcount weight="1" > need </wordcount>
    <wordcount weight="1" > so </wordcount>
    <wordcount weight="1" > function </wordcount>
    <wordcount weight="1" > electrode </wordcount>
    <wordcount weight="1" > parts </wordcount>
    <wordcount weight="1" > geometry </wordcount>
    <wordcount weight="1" > juice </wordcount>
    <wordcount weight="1" > glass </wordcount>
    <wordcount weight="1" > involving </wordcount>
    <wordcount weight="1" > distinction </wordcount>
    <wordcount weight="1" > digits </wordcount>
    <wordcount weight="1" > inequalities </wordcount>
    <wordcount weight="1" > measuring </wordcount>
    <wordcount weight="1" > earlier </wordcount>
    <wordcount weight="1" > emphasizes </wordcount>
    <wordcount weight="1" > quite </wordcount>
    <wordcount weight="1" > measure </wordcount>
    <wordcount weight="1" > provides </wordcount>
    <wordcount weight="1" > extremely </wordcount>
    <wordcount weight="1" > elements </wordcount>
    <wordcount weight="1" > involved </wordcount>
    <wordcount weight="1" > relations </wordcount>
    <wordcount weight="1" > reader </wordcount>
    <wordcount weight="1" > increased </wordcount>
    <wordcount weight="1" > instruction </wordcount>
    <wordcount weight="1" > magical </wordcount>
    <wordcount weight="1" > herman </wordcount>
    <wordcount weight="1" > several </wordcount>
    <wordcount weight="1" > treats </wordcount>
    <wordcount weight="1" > accomplished </wordcount>
    <wordcount weight="1" > searching </wordcount>
    <wordcount weight="1" > subjects </wordcount>
    <wordcount weight="1" > carbon </wordcount>
    <wordcount weight="1" > flame </wordcount>
    <wordcount weight="1" > systems </wordcount>
    <wordcount weight="1" > juncture </wordcount>
    <wordcount weight="1" > six </wordcount>
    <wordcount weight="1" > second </wordcount>
    <wordcount weight="1" > hansruedy </wordcount>
    <wordcount weight="1" > inclusion </wordcount>
    <wordcount weight="1" > relation </wordcount>
    <wordcount weight="1" > wholly </wordcount>
    <wordcount weight="1" > themselves </wordcount>
    <wordcount weight="1" > inducements </wordcount>
    <wordcount weight="1" > ann </wordcount>
    <wordcount weight="1" > sectors </wordcount>
    <wordcount weight="1" > insistent </wordcount>
    <wordcount weight="1" > availability </wordcount>
    <wordcount weight="1" > like </wordcount>
    <wordcount weight="1" > fully </wordcount>
    <wordcount weight="1" > electric </wordcount>
    <wordcount weight="1" > visible </wordcount>
    <wordcount weight="1" > generally </wordcount>
    <wordcount weight="1" > views </wordcount>
    <wordcount weight="1" > soren </wordcount>
    <wordcount weight="1" > even </wordcount>
    <wordcount weight="1" > student </wordcount>
    <wordcount weight="1" > pathway </wordcount>
    <wordcount weight="1" > look </wordcount>
    <wordcount weight="1" > integer </wordcount>
    <wordcount weight="1" > spectroscopy </wordcount>
    <wordcount weight="1" > among </wordcount>
    <wordcount weight="1" > theorem </wordcount>
    <wordcount weight="1" > value </wordcount>
    <wordcount weight="1" > conceded </wordcount>
    <wordcount weight="1" > finds </wordcount>
    <wordcount weight="1" > attention </wordcount>
    <wordcount weight="1" > influence </wordcount>
    <wordcount weight="1" > brevity </wordcount>
    <wordcount weight="1" > unfortunate </wordcount>
    <wordcount weight="1" > species </wordcount>
    <wordcount weight="1" > timmons </wordcount>
    <wordcount weight="1" > payoff </wordcount>
    <wordcount weight="1" > finishes </wordcount>
    <wordcount weight="1" > content </wordcount>
    <wordcount weight="1" > incentive </wordcount>
    <wordcount weight="1" > algorithm </wordcount>
</article>
