<?xml version="1.0" encoding="UTF-8"?>
<article id="10.2307/1293243" >
    <wordcount weight="128" > of </wordcount>
    <wordcount weight="116" > the </wordcount>
    <wordcount weight="112" > and </wordcount>
    <wordcount weight="72" > in </wordcount>
    <wordcount weight="45" > he </wordcount>
    <wordcount weight="38" > at </wordcount>
    <wordcount weight="32" > a </wordcount>
    <wordcount weight="28" > is </wordcount>
    <wordcount weight="27" > to </wordcount>
    <wordcount weight="26" > university </wordcount>
    <wordcount weight="26" > for </wordcount>
    <wordcount weight="23" > on </wordcount>
    <wordcount weight="21" > his </wordcount>
    <wordcount weight="20" > with </wordcount>
    <wordcount weight="20" > has </wordcount>
    <wordcount weight="17" > was </wordcount>
    <wordcount weight="15" > or </wordcount>
    <wordcount weight="15" > research </wordcount>
    <wordcount weight="14" > as </wordcount>
    <wordcount weight="11" > professor </wordcount>
    <wordcount weight="10" > been </wordcount>
    <wordcount weight="10" > from </wordcount>
    <wordcount weight="10" > ecology </wordcount>
    <wordcount weight="10" > new </wordcount>
    <wordcount weight="10" > served </wordcount>
    <wordcount weight="9" > be </wordcount>
    <wordcount weight="8" > ecological </wordcount>
    <wordcount weight="8" > director </wordcount>
    <wordcount weight="8" > two </wordcount>
    <wordcount weight="8" > botany </wordcount>
    <wordcount weight="8" > society </wordcount>
    <wordcount weight="7" > are </wordcount>
    <wordcount weight="7" > company </wordcount>
    <wordcount weight="7" > since </wordcount>
    <wordcount weight="7" > national </wordcount>
    <wordcount weight="6" > zoology </wordcount>
    <wordcount weight="6" > committee </wordcount>
    <wordcount weight="6" > many </wordcount>
    <wordcount weight="6" > state </wordcount>
    <wordcount weight="6" > where </wordcount>
    <wordcount weight="6" > dr </wordcount>
    <wordcount weight="6" > taught </wordcount>
    <wordcount weight="6" > degree </wordcount>
    <wordcount weight="6" > ohio </wordcount>
    <wordcount weight="6" > sample </wordcount>
    <wordcount weight="6" > have </wordcount>
    <wordcount weight="6" > d </wordcount>
    <wordcount weight="6" > you </wordcount>
    <wordcount weight="6" > systems </wordcount>
    <wordcount weight="5" > will </wordcount>
    <wordcount weight="5" > box </wordcount>
    <wordcount weight="5" > environmental </wordcount>
    <wordcount weight="5" > biological </wordcount>
    <wordcount weight="5" > optical </wordcount>
    <wordcount weight="5" > us </wordcount>
    <wordcount weight="5" > member </wordcount>
    <wordcount weight="5" > that </wordcount>
    <wordcount weight="5" > interests </wordcount>
    <wordcount weight="5" > copy </wordcount>
    <wordcount weight="5" > educated </wordcount>
    <wordcount weight="5" > born </wordcount>
    <wordcount weight="5" > ao </wordcount>
    <wordcount weight="5" > america </wordcount>
    <wordcount weight="5" > advisory </wordcount>
    <wordcount weight="5" > institute </wordcount>
    <wordcount weight="5" > president </wordcount>
    <wordcount weight="5" > years </wordcount>
    <wordcount weight="5" > this </wordcount>
    <wordcount weight="5" > phd </wordcount>
    <wordcount weight="5" > c </wordcount>
    <wordcount weight="5" > division </wordcount>
    <wordcount weight="4" > currently </wordcount>
    <wordcount weight="4" > doctorate </wordcount>
    <wordcount weight="4" > college </wordcount>
    <wordcount weight="4" > yale </wordcount>
    <wordcount weight="4" > american </wordcount>
    <wordcount weight="4" > inch </wordcount>
    <wordcount weight="4" > biology </wordcount>
    <wordcount weight="4" > assistant </wordcount>
    <wordcount weight="4" > its </wordcount>
    <wordcount weight="4" > n </wordcount>
    <wordcount weight="4" > botanical </wordcount>
    <wordcount weight="4" > inc </wordcount>
    <wordcount weight="4" > sciences </wordcount>
    <wordcount weight="4" > all </wordcount>
    <wordcount weight="4" > counting </wordcount>
    <wordcount weight="4" > temperature </wordcount>
    <wordcount weight="4" > chairman </wordcount>
    <wordcount weight="4" > your </wordcount>
    <wordcount weight="4" > scintillation </wordcount>
    <wordcount weight="4" > both </wordcount>
    <wordcount weight="4" > received </wordcount>
    <wordcount weight="4" > an </wordcount>
    <wordcount weight="4" > plant </wordcount>
    <wordcount weight="4" > liquid </wordcount>
    <wordcount weight="3" > it </wordcount>
    <wordcount weight="3" > now </wordcount>
    <wordcount weight="3" > automatic </wordcount>
    <wordcount weight="3" > may </wordcount>
    <wordcount weight="3" > science </wordcount>
    <wordcount weight="3" > opportunity </wordcount>
    <wordcount weight="3" > one </wordcount>
    <wordcount weight="3" > conservation </wordcount>
    <wordcount weight="3" > duke </wordcount>
    <wordcount weight="3" > dartmouth </wordcount>
    <wordcount weight="3" > instrument </wordcount>
    <wordcount weight="3" > w </wordcount>
    <wordcount weight="3" > by </wordcount>
    <wordcount weight="3" > these </wordcount>
    <wordcount weight="3" > must </wordcount>
    <wordcount weight="3" > department </wordcount>
    <wordcount weight="3" > experience </wordcount>
    <wordcount weight="3" > cpm </wordcount>
    <wordcount weight="3" > other </wordcount>
    <wordcount weight="3" > natural </wordcount>
    <wordcount weight="3" > worked </wordcount>
    <wordcount weight="3" > book </wordcount>
    <wordcount weight="3" > if </wordcount>
    <wordcount weight="3" > international </wordcount>
    <wordcount weight="3" > john </wordcount>
    <wordcount weight="3" > program </wordcount>
    <wordcount weight="3" > marine </wordcount>
    <wordcount weight="3" > applied </wordcount>
    <wordcount weight="3" > excellent </wordcount>
    <wordcount weight="3" > cover </wordcount>
    <wordcount weight="3" > required </wordcount>
    <wordcount weight="3" > emphasis </wordcount>
    <wordcount weight="3" > data </wordcount>
    <wordcount weight="3" > open </wordcount>
    <wordcount weight="3" > used </wordcount>
    <wordcount weight="3" > room </wordcount>
    <wordcount weight="3" > positions </wordcount>
    <wordcount weight="3" > ecologist </wordcount>
    <wordcount weight="3" > graduate </wordcount>
    <wordcount weight="3" > laboratory </wordcount>
    <wordcount weight="3" > per </wordcount>
    <wordcount weight="3" > three </wordcount>
    <wordcount weight="3" > author </wordcount>
    <wordcount weight="3" > physics </wordcount>
    <wordcount weight="3" > field </wordcount>
    <wordcount weight="3" > cycloptic </wordcount>
    <wordcount weight="3" > held </wordcount>
    <wordcount weight="3" > please </wordcount>
    <wordcount weight="3" > after </wordcount>
    <wordcount weight="3" > scaler </wordcount>
    <wordcount weight="3" > chicago </wordcount>
    <wordcount weight="3" > world </wordcount>
    <wordcount weight="3" > we </wordcount>
    <wordcount weight="3" > north </wordcount>
    <wordcount weight="2" > model </wordcount>
    <wordcount weight="2" > biostatistics </wordcount>
    <wordcount weight="2" > offices </wordcount>
    <wordcount weight="2" > operation </wordcount>
    <wordcount weight="2" > dual </wordcount>
    <wordcount weight="2" > no </wordcount>
    <wordcount weight="2" > teaching </wordcount>
    <wordcount weight="2" > bureau </wordcount>
    <wordcount weight="2" > ba </wordcount>
    <wordcount weight="2" > later </wordcount>
    <wordcount weight="2" > models </wordcount>
    <wordcount weight="2" > arctic </wordcount>
    <wordcount weight="2" > service </wordcount>
    <wordcount weight="2" > employment </wordcount>
    <wordcount weight="2" > various </wordcount>
    <wordcount weight="2" > math </wordcount>
    <wordcount weight="2" > e </wordcount>
    <wordcount weight="2" > cole </wordcount>
    <wordcount weight="2" > returned </wordcount>
    <wordcount weight="2" > woods </wordcount>
    <wordcount weight="2" > germany </wordcount>
    <wordcount weight="2" > b </wordcount>
    <wordcount weight="2" > payment </wordcount>
    <wordcount weight="2" > united </wordcount>
    <wordcount weight="2" > space </wordcount>
    <wordcount weight="2" > addition </wordcount>
    <wordcount weight="2" > studies </wordcount>
    <wordcount weight="2" > wanted </wordcount>
    <wordcount weight="2" > school </wordcount>
    <wordcount weight="2" > history </wordcount>
    <wordcount weight="2" > into </wordcount>
    <wordcount weight="2" > home </wordcount>
    <wordcount weight="2" > then </wordcount>
    <wordcount weight="2" > just </wordcount>
    <wordcount weight="2" > same </wordcount>
    <wordcount weight="2" > senior </wordcount>
    <wordcount weight="2" > numbers </wordcount>
    <wordcount weight="2" > wisconsin </wordcount>
    <wordcount weight="2" > four </wordcount>
    <wordcount weight="2" > microscope </wordcount>
    <wordcount weight="2" > position </wordcount>
    <wordcount weight="2" > fulbright </wordcount>
    <wordcount weight="2" > more </wordcount>
    <wordcount weight="2" > permanent </wordcount>
    <wordcount weight="2" > column </wordcount>
    <wordcount weight="2" > colorado </wordcount>
    <wordcount weight="2" > important </wordcount>
    <wordcount weight="2" > address </wordcount>
    <wordcount weight="2" > limnology </wordcount>
    <wordcount weight="2" > s </wordcount>
    <wordcount weight="2" > minnesota </wordcount>
    <wordcount weight="2" > assignments </wordcount>
    <wordcount weight="2" > printout </wordcount>
    <wordcount weight="2" > atomic </wordcount>
    <wordcount weight="2" > charges </wordcount>
    <wordcount weight="2" > alignment </wordcount>
    <wordcount weight="2" > accompany </wordcount>
    <wordcount weight="2" > salary </wordcount>
    <wordcount weight="2" > vegetation </wordcount>
    <wordcount weight="2" > acquiring </wordcount>
    <wordcount weight="2" > better </wordcount>
    <wordcount weight="2" > physiological </wordcount>
    <wordcount weight="2" > present </wordcount>
    <wordcount weight="2" > hampshire </wordcount>
    <wordcount weight="2" > p </wordcount>
    <wordcount weight="2" > michigan </wordcount>
    <wordcount weight="2" > papers </wordcount>
    <wordcount weight="2" > system </wordcount>
    <wordcount weight="2" > energy </wordcount>
    <wordcount weight="2" > consultant </wordcount>
    <wordcount weight="2" > preparation </wordcount>
    <wordcount weight="2" > public </wordcount>
    <wordcount weight="2" > capacity </wordcount>
    <wordcount weight="2" > possible </wordcount>
    <wordcount weight="2" > r </wordcount>
    <wordcount weight="2" > degrees </wordcount>
    <wordcount weight="2" > cost </wordcount>
    <wordcount weight="2" > engineer </wordcount>
    <wordcount weight="2" > west </wordcount>
    <wordcount weight="2" > training </wordcount>
    <wordcount weight="2" > over </wordcount>
    <wordcount weight="2" > spectrometers </wordcount>
    <wordcount weight="2" > minimum </wordcount>
    <wordcount weight="2" > year </wordcount>
    <wordcount weight="2" > numerous </wordcount>
    <wordcount weight="2" > garden </wordcount>
    <wordcount weight="2" > faculty </wordcount>
    <wordcount weight="2" > which </wordcount>
    <wordcount weight="2" > additional </wordcount>
    <wordcount weight="2" > write </wordcount>
    <wordcount weight="2" > montreal </wordcount>
    <wordcount weight="2" > project </wordcount>
    <wordcount weight="2" > refrigerated </wordcount>
    <wordcount weight="2" > dynamics </wordcount>
    <wordcount weight="2" > editor </wordcount>
    <wordcount weight="2" > illinois </wordcount>
    <wordcount weight="2" > laboratories </wordcount>
    <wordcount weight="2" > g </wordcount>
    <wordcount weight="2" > employer </wordcount>
    <wordcount weight="2" > gates </wordcount>
    <wordcount weight="2" > states </wordcount>
    <wordcount weight="2" > obtained </wordcount>
    <wordcount weight="2" > channel </wordcount>
    <wordcount weight="2" > rank </wordcount>
    <wordcount weight="2" > dean </wordcount>
    <wordcount weight="2" > small </wordcount>
    <wordcount weight="2" > times </wordcount>
    <wordcount weight="2" > several </wordcount>
    <wordcount weight="2" > charles </wordcount>
    <wordcount weight="2" > weapons </wordcount>
    <wordcount weight="2" > coast </wordcount>
    <wordcount weight="2" > can </wordcount>
    <wordcount weight="2" > universities </wordcount>
    <wordcount weight="2" > also </wordcount>
    <wordcount weight="2" > counts </wordcount>
    <wordcount weight="2" > institution </wordcount>
    <wordcount weight="2" > professional </wordcount>
    <wordcount weight="2" > should </wordcount>
    <wordcount weight="2" > species </wordcount>
    <wordcount weight="2" > tennessee </wordcount>
    <wordcount weight="1" > culmination </wordcount>
    <wordcount weight="1" > costa </wordcount>
    <wordcount weight="1" > ranging </wordcount>
    <wordcount weight="1" > south </wordcount>
    <wordcount weight="1" > ridge </wordcount>
    <wordcount weight="1" > enough </wordcount>
    <wordcount weight="1" > mechanisms </wordcount>
    <wordcount weight="1" > efficiencies </wordcount>
    <wordcount weight="1" > amphibians </wordcount>
    <wordcount weight="1" > schools </wordcount>
    <wordcount weight="1" > undergraduate </wordcount>
    <wordcount weight="1" > vial </wordcount>
    <wordcount weight="1" > shake </wordcount>
    <wordcount weight="1" > high </wordcount>
    <wordcount weight="1" > geneva </wordcount>
    <wordcount weight="1" > reflecting </wordcount>
    <wordcount weight="1" > unitron </wordcount>
    <wordcount weight="1" > metabolism </wordcount>
    <wordcount weight="1" > done </wordcount>
    <wordcount weight="1" > york </wordcount>
    <wordcount weight="1" > stereo </wordcount>
    <wordcount weight="1" > m </wordcount>
    <wordcount weight="1" > ventured </wordcount>
    <wordcount weight="1" > adjunct </wordcount>
    <wordcount weight="1" > africa </wordcount>
    <wordcount weight="1" > without </wordcount>
    <wordcount weight="1" > biologist </wordcount>
    <wordcount weight="1" > triarch </wordcount>
    <wordcount weight="1" > sealed </wordcount>
    <wordcount weight="1" > floristics </wordcount>
    <wordcount weight="1" > lamont </wordcount>
    <wordcount weight="1" > concerned </wordcount>
    <wordcount weight="1" > nikon </wordcount>
    <wordcount weight="1" > populations </wordcount>
    <wordcount weight="1" > principally </wordcount>
    <wordcount weight="1" > performance </wordcount>
    <wordcount weight="1" > groups </wordcount>
    <wordcount weight="1" > corporate </wordcount>
    <wordcount weight="1" > electronic </wordcount>
    <wordcount weight="1" > scholar </wordcount>
    <wordcount weight="1" > testing </wordcount>
    <wordcount weight="1" > edward </wordcount>
    <wordcount weight="1" > reinhold </wordcount>
    <wordcount weight="1" > amphibian </wordcount>
    <wordcount weight="1" > subject </wordcount>
    <wordcount weight="1" > scratched </wordcount>
    <wordcount weight="1" > migrated </wordcount>
    <wordcount weight="1" > basic </wordcount>
    <wordcount weight="1" > play </wordcount>
    <wordcount weight="1" > career </wordcount>
    <wordcount weight="1" > select </wordcount>
    <wordcount weight="1" > corporation </wordcount>
    <wordcount weight="1" > biostatistician </wordcount>
    <wordcount weight="1" > pedobotanical </wordcount>
    <wordcount weight="1" > microbiology </wordcount>
    <wordcount weight="1" > order </wordcount>
    <wordcount weight="1" > primarily </wordcount>
    <wordcount weight="1" > administration </wordcount>
    <wordcount weight="1" > systetn </wordcount>
    <wordcount weight="1" > tropical </wordcount>
    <wordcount weight="1" > postal </wordcount>
    <wordcount weight="1" > active </wordcount>
    <wordcount weight="1" > environments </wordcount>
    <wordcount weight="1" > eastman </wordcount>
    <wordcount weight="1" > equa </wordcount>
    <wordcount weight="1" > biostatistical </wordcount>
    <wordcount weight="1" > opportunities </wordcount>
    <wordcount weight="1" > make </wordcount>
    <wordcount weight="1" > calculated </wordcount>
    <wordcount weight="1" > associate </wordcount>
    <wordcount weight="1" > salaries </wordcount>
    <wordcount weight="1" > ex </wordcount>
    <wordcount weight="1" > they </wordcount>
    <wordcount weight="1" > publisher </wordcount>
    <wordcount weight="1" > went </wordcount>
    <wordcount weight="1" > certain </wordcount>
    <wordcount weight="1" > becoming </wordcount>
    <wordcount weight="1" > try </wordcount>
    <wordcount weight="1" > southern </wordcount>
    <wordcount weight="1" > covering </wordcount>
    <wordcount weight="1" > parts </wordcount>
    <wordcount weight="1" > fat </wordcount>
    <wordcount weight="1" > significant </wordcount>
    <wordcount weight="1" > fort </wordcount>
    <wordcount weight="1" > special </wordcount>
    <wordcount weight="1" > study </wordcount>
    <wordcount weight="1" > methods </wordcount>
    <wordcount weight="1" > southeast </wordcount>
    <wordcount weight="1" > insertion </wordcount>
    <wordcount weight="1" > about </wordcount>
    <wordcount weight="1" > frank </wordcount>
    <wordcount weight="1" > ma </wordcount>
    <wordcount weight="1" > magnification </wordcount>
    <wordcount weight="1" > not </wordcount>
    <wordcount weight="1" > amarillo </wordcount>
    <wordcount weight="1" > inserted </wordcount>
    <wordcount weight="1" > h </wordcount>
    <wordcount weight="1" > interpretation </wordcount>
    <wordcount weight="1" > museum </wordcount>
    <wordcount weight="1" > fringe </wordcount>
    <wordcount weight="1" > atbs </wordcount>
    <wordcount weight="1" > means </wordcount>
    <wordcount weight="1" > farragut </wordcount>
    <wordcount weight="1" > vs </wordcount>
    <wordcount weight="1" > georgiana </wordcount>
    <wordcount weight="1" > solutions </wordcount>
    <wordcount weight="1" > eugene </wordcount>
    <wordcount weight="1" > park </wordcount>
    <wordcount weight="1" > investigate </wordcount>
    <wordcount weight="1" > soon </wordcount>
    <wordcount weight="1" > mission </wordcount>
    <wordcount weight="1" > slip </wordcount>
    <wordcount weight="1" > boulder </wordcount>
    <wordcount weight="1" > addressed </wordcount>
    <wordcount weight="1" > quantitative </wordcount>
    <wordcount weight="1" > favorable </wordcount>
    <wordcount weight="1" > established </wordcount>
    <wordcount weight="1" > excavation </wordcount>
    <wordcount weight="1" > lister </wordcount>
    <wordcount weight="1" > benefits </wordcount>
    <wordcount weight="1" > presidency </wordcount>
    <wordcount weight="1" > title </wordcount>
    <wordcount weight="1" > included </wordcount>
    <wordcount weight="1" > baxter </wordcount>
    <wordcount weight="1" > quenching </wordcount>
    <wordcount weight="1" > branch </wordcount>
    <wordcount weight="1" > eg </wordcount>
    <wordcount weight="1" > experiments </wordcount>
    <wordcount weight="1" > any </wordcount>
    <wordcount weight="1" > cornell </wordcount>
    <wordcount weight="1" > liberal </wordcount>
    <wordcount weight="1" > before </wordcount>
    <wordcount weight="1" > complete </wordcount>
    <wordcount weight="1" > send </wordcount>
    <wordcount weight="1" > following </wordcount>
    <wordcount weight="1" > weather </wordcount>
    <wordcount weight="1" > receiving </wordcount>
    <wordcount weight="1" > welfare </wordcount>
    <wordcount weight="1" > subcommittee </wordcount>
    <wordcount weight="1" > deliver </wordcount>
    <wordcount weight="1" > chief </wordcount>
    <wordcount weight="1" > sales </wordcount>
    <wordcount weight="1" > but </wordcount>
    <wordcount weight="1" > upper </wordcount>
    <wordcount weight="1" > xi </wordcount>
    <wordcount weight="1" > botanist </wordcount>
    <wordcount weight="1" > age </wordcount>
    <wordcount weight="1" > most </wordcount>
    <wordcount weight="1" > toronto </wordcount>
    <wordcount weight="1" > handling </wordcount>
    <wordcount weight="1" > committees </wordcount>
    <wordcount weight="1" > first </wordcount>
    <wordcount weight="1" > word </wordcount>
    <wordcount weight="1" > dept </wordcount>
    <wordcount weight="1" > known </wordcount>
    <wordcount weight="1" > priced </wordcount>
    <wordcount weight="1" > fragrance </wordcount>
    <wordcount weight="1" > published </wordcount>
    <wordcount weight="1" > satisfactory </wordcount>
    <wordcount weight="1" > earning </wordcount>
    <wordcount weight="1" > units </wordcount>
    <wordcount weight="1" > tackle </wordcount>
    <wordcount weight="1" > prairie </wordcount>
    <wordcount weight="1" > simulation </wordcount>
    <wordcount weight="1" > rice </wordcount>
    <wordcount weight="1" > commission </wordcount>
    <wordcount weight="1" > organizations </wordcount>
    <wordcount weight="1" > deevey </wordcount>
    <wordcount weight="1" > lewis </wordcount>
    <wordcount weight="1" > preceding </wordcount>
    <wordcount weight="1" > name </wordcount>
    <wordcount weight="1" > classroom </wordcount>
    <wordcount weight="1" > managers </wordcount>
    <wordcount weight="1" > statistical </wordcount>
    <wordcount weight="1" > paul </wordcount>
    <wordcount weight="1" > index </wordcount>
    <wordcount weight="1" > suit </wordcount>
    <wordcount weight="1" > endemic </wordcount>
    <wordcount weight="1" > ii </wordcount>
    <wordcount weight="1" > alumni </wordcount>
    <wordcount weight="1" > mirrors </wordcount>
    <wordcount weight="1" > butler </wordcount>
    <wordcount weight="1" > anuran </wordcount>
    <wordcount weight="1" > genecology </wordcount>
    <wordcount weight="1" > statistics </wordcount>
    <wordcount weight="1" > choose </wordcount>
    <wordcount weight="1" > secretary </wordcount>
    <wordcount weight="1" > tester </wordcount>
    <wordcount weight="1" > appear </wordcount>
    <wordcount weight="1" > available </wordcount>
    <wordcount weight="1" > blair </wordcount>
    <wordcount weight="1" > chance </wordcount>
    <wordcount weight="1" > responsibilities </wordcount>
    <wordcount weight="1" > nebraska </wordcount>
    <wordcount weight="1" > barrens </wordcount>
    <wordcount weight="1" > hydrobiology </wordcount>
    <wordcount weight="1" > union </wordcount>
    <wordcount weight="1" > england </wordcount>
    <wordcount weight="1" > enchanted </wordcount>
    <wordcount weight="1" > royal </wordcount>
    <wordcount weight="1" > comparison </wordcount>
    <wordcount weight="1" > scientist </wordcount>
    <wordcount weight="1" > standards </wordcount>
    <wordcount weight="1" > words </wordcount>
    <wordcount weight="1" > speciation </wordcount>
    <wordcount weight="1" > meadows </wordcount>
    <wordcount weight="1" > georgia </wordcount>
    <wordcount weight="1" > december </wordcount>
    <wordcount weight="1" > outside </wordcount>
    <wordcount weight="1" > whom </wordcount>
    <wordcount weight="1" > reach </wordcount>
    <wordcount weight="1" > shaped </wordcount>
    <wordcount weight="1" > principles </wordcount>
    <wordcount weight="1" > solubility </wordcount>
    <wordcount weight="1" > arrange </wordcount>
    <wordcount weight="1" > board </wordcount>
    <wordcount weight="1" > europe </wordcount>
    <wordcount weight="1" > canada </wordcount>
    <wordcount weight="1" > leading </wordcount>
    <wordcount weight="1" > societies </wordcount>
    <wordcount weight="1" > our </wordcount>
    <wordcount weight="1" > indies </wordcount>
    <wordcount weight="1" > deadline </wordcount>
    <wordcount weight="1" > brochure </wordcount>
    <wordcount weight="1" > display </wordcount>
    <wordcount weight="1" > offers </wordcount>
    <wordcount weight="1" > wolfe </wordcount>
    <wordcount weight="1" > mcnally </wordcount>
    <wordcount weight="1" > visiting </wordcount>
    <wordcount weight="1" > mapping </wordcount>
    <wordcount weight="1" > combinations </wordcount>
    <wordcount weight="1" > aibs </wordcount>
    <wordcount weight="1" > choice </wordcount>
    <wordcount weight="1" > foundation </wordcount>
    <wordcount weight="1" > time </wordcount>
    <wordcount weight="1" > out </wordcount>
    <wordcount weight="1" > users </wordcount>
    <wordcount weight="1" > biostatisticians </wordcount>
    <wordcount weight="1" > become </wordcount>
    <wordcount weight="1" > reliability </wordcount>
    <wordcount weight="1" > reed </wordcount>
    <wordcount weight="1" > austin </wordcount>
    <wordcount weight="1" > very </wordcount>
    <wordcount weight="1" > carolina </wordcount>
    <wordcount weight="1" > written </wordcount>
    <wordcount weight="1" > feasting </wordcount>
    <wordcount weight="1" > arthur </wordcount>
    <wordcount weight="1" > proved </wordcount>
    <wordcount weight="1" > carnegie </wordcount>
    <wordcount weight="1" > nuclear </wordcount>
    <wordcount weight="1" > help </wordcount>
    <wordcount weight="1" > past </wordcount>
    <wordcount weight="1" > oceanographic </wordcount>
    <wordcount weight="1" > feature </wordcount>
    <wordcount weight="1" > attained </wordcount>
    <wordcount weight="1" > techniques </wordcount>
    <wordcount weight="1" > proposed </wordcount>
    <wordcount weight="1" > msc </wordcount>
    <wordcount weight="1" > biologists </wordcount>
    <wordcount weight="1" > imprinted </wordcount>
    <wordcount weight="1" > billings </wordcount>
    <wordcount weight="1" > hasler </wordcount>
    <wordcount weight="1" > biogeography </wordcount>
    <wordcount weight="1" > v </wordcount>
    <wordcount weight="1" > oklahoma </wordcount>
    <wordcount weight="1" > william </wordcount>
    <wordcount weight="1" > founder </wordcount>
    <wordcount weight="1" > vertebrate </wordcount>
    <wordcount weight="1" > normal </wordcount>
    <wordcount weight="1" > equal </wordcount>
    <wordcount weight="1" > oberlin </wordcount>
    <wordcount weight="1" > technical </wordcount>
    <wordcount weight="1" > purchase </wordcount>
    <wordcount weight="1" > replies </wordcount>
    <wordcount weight="1" > war </wordcount>
    <wordcount weight="1" > shorter </wordcount>
    <wordcount weight="1" > automatically </wordcount>
    <wordcount weight="1" > leonard </wordcount>
    <wordcount weight="1" > month </wordcount>
    <wordcount weight="1" > combined </wordcount>
    <wordcount weight="1" > lecturer </wordcount>
    <wordcount weight="1" > unique </wordcount>
    <wordcount weight="1" > brigham </wordcount>
    <wordcount weight="1" > population </wordcount>
    <wordcount weight="1" > less </wordcount>
    <wordcount weight="1" > advertisers </wordcount>
    <wordcount weight="1" > meet </wordcount>
    <wordcount weight="1" > desires </wordcount>
    <wordcount weight="1" > council </wordcount>
    <wordcount weight="1" > issue </wordcount>
    <wordcount weight="1" > placed </wordcount>
    <wordcount weight="1" > depending </wordcount>
    <wordcount weight="1" > japan </wordcount>
    <wordcount weight="1" > map </wordcount>
    <wordcount weight="1" > metropolitan </wordcount>
    <wordcount weight="1" > facilities </wordcount>
    <wordcount weight="1" > wide </wordcount>
    <wordcount weight="1" > doctor </wordcount>
    <wordcount weight="1" > gives </wordcount>
    <wordcount weight="1" > while </wordcount>
    <wordcount weight="1" > encountered </wordcount>
    <wordcount weight="1" > geophysical </wordcount>
    <wordcount weight="1" > pursued </wordcount>
    <wordcount weight="1" > saunders </wordcount>
    <wordcount weight="1" > olmsted </wordcount>
    <wordcount weight="1" > fisheries </wordcount>
    <wordcount weight="1" > well </wordcount>
    <wordcount weight="1" > explored </wordcount>
    <wordcount weight="1" > telemetering </wordcount>
    <wordcount weight="1" > design </wordcount>
    <wordcount weight="1" > posions </wordcount>
    <wordcount weight="1" > vegetational </wordcount>
    <wordcount weight="1" > none </wordcount>
    <wordcount weight="1" > low </wordcount>
    <wordcount weight="1" > kansas </wordcount>
    <wordcount weight="1" > credit </wordcount>
    <wordcount weight="1" > some </wordcount>
    <wordcount weight="1" > maximum </wordcount>
    <wordcount weight="1" > scientific </wordcount>
    <wordcount weight="1" > fouling </wordcount>
    <wordcount weight="1" > work </wordcount>
    <wordcount weight="1" > formerly </wordcount>
    <wordcount weight="1" > arid </wordcount>
    <wordcount weight="1" > reaching </wordcount>
    <wordcount weight="1" > indiana </wordcount>
    <wordcount weight="1" > specializing </wordcount>
    <wordcount weight="1" > background </wordcount>
    <wordcount weight="1" > industrial </wordcount>
    <wordcount weight="1" > bonded </wordcount>
    <wordcount weight="1" > even </wordcount>
    <wordcount weight="1" > beaumont </wordcount>
    <wordcount weight="1" > qualifications </wordcount>
    <wordcount weight="1" > range </wordcount>
    <wordcount weight="1" > haight </wordcount>
    <wordcount weight="1" > augustus </wordcount>
    <wordcount weight="1" > nearest </wordcount>
    <wordcount weight="1" > medical </wordcount>
    <wordcount weight="1" > desert </wordcount>
    <wordcount weight="1" > code </wordcount>
    <wordcount weight="1" > unless </wordcount>
    <wordcount weight="1" > prominent </wordcount>
    <wordcount weight="1" > part </wordcount>
    <wordcount weight="1" > through </wordcount>
    <wordcount weight="1" > user </wordcount>
    <wordcount weight="1" > city </wordcount>
    <wordcount weight="1" > civil </wordcount>
    <wordcount weight="1" > resources </wordcount>
    <wordcount weight="1" > atmospheric </wordcount>
    <wordcount weight="1" > still </wordcount>
    <wordcount weight="1" > role </wordcount>
    <wordcount weight="1" > rica </wordcount>
    <wordcount weight="1" > samples </wordcount>
    <wordcount weight="1" > convinced </wordcount>
    <wordcount weight="1" > incorporated </wordcount>
    <wordcount weight="1" > birds </wordcount>
    <wordcount weight="1" > routinely </wordcount>
    <wordcount weight="1" > wonder </wordcount>
    <wordcount weight="1" > finland </wordcount>
    <wordcount weight="1" > ontarionow </wordcount>
    <wordcount weight="1" > radiation </wordcount>
    <wordcount weight="1" > budget </wordcount>
    <wordcount weight="1" > commissioned </wordcount>
    <wordcount weight="1" > lectured </wordcount>
    <wordcount weight="1" > knock </wordcount>
    <wordcount weight="1" > shanks </wordcount>
    <wordcount weight="1" > confidence </wordcount>
    <wordcount weight="1" > internationally </wordcount>
    <wordcount weight="1" > convenience </wordcount>
    <wordcount weight="1" > station </wordcount>
    <wordcount weight="1" > during </wordcount>
    <wordcount weight="1" > own </wordcount>
    <wordcount weight="1" > bioclimatology </wordcount>
    <wordcount weight="1" > broad </wordcount>
    <wordcount weight="1" > consult </wordcount>
    <wordcount weight="1" > prisms </wordcount>
    <wordcount weight="1" > congress </wordcount>
    <wordcount weight="1" > people </wordcount>
    <wordcount weight="1" > des </wordcount>
    <wordcount weight="1" > learned </wordcount>
    <wordcount weight="1" > human </wordcount>
    <wordcount weight="1" > ecosystems </wordcount>
    <wordcount weight="1" > evolution </wordcount>
    <wordcount weight="1" > sigma </wordcount>
    <wordcount weight="1" > central </wordcount>
    <wordcount weight="1" > dirt </wordcount>
    <wordcount weight="1" > precision </wordcount>
    <wordcount weight="1" > chara </wordcount>
    <wordcount weight="1" > majored </wordcount>
    <wordcount weight="1" > call </wordcount>
    <wordcount weight="1" > pollution </wordcount>
    <wordcount weight="1" > demonstration </wordcount>
    <wordcount weight="1" > full </wordcount>
    <wordcount weight="1" > differential </wordcount>
    <wordcount weight="1" > charm </wordcount>
    <wordcount weight="1" > pine </wordcount>
    <wordcount weight="1" > advantages </wordcount>
    <wordcount weight="1" > southwestern </wordcount>
    <wordcount weight="1" > tell </wordcount>
    <wordcount weight="1" > students </wordcount>
    <wordcount weight="1" > capacities </wordcount>
    <wordcount weight="1" > severe </wordcount>
    <wordcount weight="1" > spectrum </wordcount>
    <wordcount weight="1" > development </wordcount>
    <wordcount weight="1" > xv </wordcount>
    <wordcount weight="1" > lands </wordcount>
    <wordcount weight="1" > conn </wordcount>
    <wordcount weight="1" > challenging </wordcount>
    <wordcount weight="1" > backgrounds </wordcount>
    <wordcount weight="1" > finding </wordcount>
    <wordcount weight="1" > against </wordcount>
    <wordcount weight="1" > count </wordcount>
    <wordcount weight="1" > kiichler </wordcount>
    <wordcount weight="1" > biogeographie </wordcount>
    <wordcount weight="1" > authors </wordcount>
    <wordcount weight="1" > efficiency </wordcount>
    <wordcount weight="1" > naturalists </wordcount>
    <wordcount weight="1" > publication </wordcount>
    <wordcount weight="1" > chemical </wordcount>
    <wordcount weight="1" > de </wordcount>
    <wordcount weight="1" > washington </wordcount>
    <wordcount weight="1" > prices </wordcount>
    <wordcount weight="1" > health </wordcount>
    <wordcount weight="1" > mosby </wordcount>
    <wordcount weight="1" > co </wordcount>
    <wordcount weight="1" > large </wordcount>
    <wordcount weight="1" > course </wordcount>
    <wordcount weight="1" > contributed </wordcount>
    <wordcount weight="1" > offer </wordcount>
    <wordcount weight="1" > computer </wordcount>
    <wordcount weight="1" > david </wordcount>
    <wordcount weight="1" > tarnish </wordcount>
    <wordcount weight="1" > include </wordcount>
    <wordcount weight="1" > ratios </wordcount>
    <wordcount weight="1" > dsc </wordcount>
    <wordcount weight="1" > successful </wordcount>
    <wordcount weight="1" > isolating </wordcount>
    <wordcount weight="1" > zip </wordcount>
    <wordcount weight="1" > need </wordcount>
    <wordcount weight="1" > lowest </wordcount>
    <wordcount weight="1" > biologisis </wordcount>
    <wordcount weight="1" > litt </wordcount>
    <wordcount weight="1" > glass </wordcount>
    <wordcount weight="1" > extensively </wordcount>
    <wordcount weight="1" > expected </wordcount>
    <wordcount weight="1" > affairs </wordcount>
    <wordcount weight="1" > colleagues </wordcount>
    <wordcount weight="1" > counted </wordcount>
    <wordcount weight="1" > seeks </wordcount>
    <wordcount weight="1" > managerial </wordcount>
    <wordcount weight="1" > hole </wordcount>
    <wordcount weight="1" > rand </wordcount>
    <wordcount weight="1" > atmosphere </wordcount>
    <wordcount weight="1" > association </wordcount>
    <wordcount weight="1" > coordinator </wordcount>
    <wordcount weight="1" > needs </wordcount>
    <wordcount weight="1" > evelyn </wordcount>
    <wordcount weight="1" > honorary </wordcount>
    <wordcount weight="1" > mineral </wordcount>
    <wordcount weight="1" > problems </wordcount>
    <wordcount weight="1" > pierre </wordcount>
    <wordcount weight="1" > subjects </wordcount>
    <wordcount weight="1" > took </wordcount>
    <wordcount weight="1" > dust </wordcount>
    <wordcount weight="1" > between </wordcount>
    <wordcount weight="1" > textbooks </wordcount>
    <wordcount weight="1" > refinements </wordcount>
    <wordcount weight="1" > columbia </wordcount>
    <wordcount weight="1" > alpine </wordcount>
    <wordcount weight="1" > ambient </wordcount>
    <wordcount weight="1" > microscopes </wordcount>
    <wordcount weight="1" > holds </wordcount>
    <wordcount weight="1" > young </wordcount>
    <wordcount weight="1" > single </wordcount>
    <wordcount weight="1" > roamed </wordcount>
    <wordcount weight="1" > supervise </wordcount>
    <wordcount weight="1" > compared </wordcount>
    <wordcount weight="1" > texas </wordcount>
    <wordcount weight="1" > scholarship </wordcount>
    <wordcount weight="1" > diversified </wordcount>
    <wordcount weight="1" > mainly </wordcount>
    <wordcount weight="1" > right </wordcount>
    <wordcount weight="1" > mechanical </wordcount>
    <wordcount weight="1" > aaas </wordcount>
    <wordcount weight="1" > maine </wordcount>
    <wordcount weight="1" > odum </wordcount>
    <wordcount weight="1" > like </wordcount>
    <wordcount weight="1" > equipment </wordcount>
    <wordcount weight="1" > early </wordcount>
    <wordcount weight="1" > oak </wordcount>
    <wordcount weight="1" > up </wordcount>
    <wordcount weight="1" > including </wordcount>
    <wordcount weight="1" > east </wordcount>
    <wordcount weight="1" > valley </wordcount>
    <wordcount weight="1" > entire </wordcount>
    <wordcount weight="1" > bscs </wordcount>
    <wordcount weight="1" > equivalent </wordcount>
    <wordcount weight="1" > vice </wordcount>
    <wordcount weight="1" > results </wordcount>
    <wordcount weight="1" > much </wordcount>
    <wordcount weight="1" > details </wordcount>
    <wordcount weight="1" > correspondence </wordcount>
    <wordcount weight="1" > strong </wordcount>
    <wordcount weight="1" > robert </wordcount>
    <wordcount weight="1" > y </wordcount>
    <wordcount weight="1" > wildlife </wordcount>
    <wordcount weight="1" > value </wordcount>
    <wordcount weight="1" > corps </wordcount>
    <wordcount weight="1" > fellow </wordcount>
    <wordcount weight="1" > sears </wordcount>
    <wordcount weight="1" > trademark </wordcount>
    <wordcount weight="1" > stereoscopic </wordcount>
    <wordcount weight="1" > strictest </wordcount>
    <wordcount weight="1" > energetics </wordcount>
    <wordcount weight="1" > disturbing </wordcount>
    <wordcount weight="1" > lld </wordcount>
    <wordcount weight="1" > peay </wordcount>
    <wordcount weight="1" > bang </wordcount>
    <wordcount weight="1" > alaska </wordcount>
</article>
