<?xml version="1.0" encoding="UTF-8"?>
<article id="10.2307/2429285" >
    <wordcount weight="58" > the </wordcount>
    <wordcount weight="44" > in </wordcount>
    <wordcount weight="31" > of </wordcount>
    <wordcount weight="24" > be </wordcount>
    <wordcount weight="23" > by </wordcount>
    <wordcount weight="15" > a </wordcount>
    <wordcount weight="13" > to </wordcount>
    <wordcount weight="12" > and </wordcount>
    <wordcount weight="11" > should </wordcount>
    <wordcount weight="10" > on </wordcount>
    <wordcount weight="7" > or </wordcount>
    <wordcount weight="7" > are </wordcount>
    <wordcount weight="7" > figures </wordcount>
    <wordcount weight="6" > will </wordcount>
    <wordcount weight="6" > h </wordcount>
    <wordcount weight="6" > contributors </wordcount>
    <wordcount weight="5" > at </wordcount>
    <wordcount weight="5" > is </wordcount>
    <wordcount weight="5" > must </wordcount>
    <wordcount weight="5" > given </wordcount>
    <wordcount weight="4" > f </wordcount>
    <wordcount weight="4" > l </wordcount>
    <wordcount weight="4" > with </wordcount>
    <wordcount weight="4" > for </wordcount>
    <wordcount weight="4" > copies </wordcount>
    <wordcount weight="4" > can </wordcount>
    <wordcount weight="4" > separate </wordcount>
    <wordcount weight="3" > if </wordcount>
    <wordcount weight="3" > appear </wordcount>
    <wordcount weight="3" > their </wordcount>
    <wordcount weight="3" > one </wordcount>
    <wordcount weight="3" > contributions </wordcount>
    <wordcount weight="3" > not </wordcount>
    <wordcount weight="3" > drawings </wordcount>
    <wordcount weight="3" > more </wordcount>
    <wordcount weight="3" > figure </wordcount>
    <wordcount weight="3" > all </wordcount>
    <wordcount weight="3" > as </wordcount>
    <wordcount weight="3" > new </wordcount>
    <wordcount weight="3" > i </wordcount>
    <wordcount weight="3" > plate </wordcount>
    <wordcount weight="3" > required </wordcount>
    <wordcount weight="3" > proofs </wordcount>
    <wordcount weight="3" > reproduced </wordcount>
    <wordcount weight="3" > d </wordcount>
    <wordcount weight="3" > editors </wordcount>
    <wordcount weight="3" > drawn </wordcount>
    <wordcount weight="3" > than </wordcount>
    <wordcount weight="2" > fifty </wordcount>
    <wordcount weight="2" > oxford </wordcount>
    <wordcount weight="2" > page </wordcount>
    <wordcount weight="2" > no </wordcount>
    <wordcount weight="2" > illustration </wordcount>
    <wordcount weight="2" > per </wordcount>
    <wordcount weight="2" > they </wordcount>
    <wordcount weight="2" > contributor </wordcount>
    <wordcount weight="2" > illustrations </wordcount>
    <wordcount weight="2" > canada </wordcount>
    <wordcount weight="2" > any </wordcount>
    <wordcount weight="2" > indian </wordcount>
    <wordcount weight="2" > w </wordcount>
    <wordcount weight="2" > most </wordcount>
    <wordcount weight="2" > department </wordcount>
    <wordcount weight="2" > manuscripts </wordcount>
    <wordcount weight="2" > that </wordcount>
    <wordcount weight="2" > text </wordcount>
    <wordcount weight="2" > put </wordcount>
    <wordcount weight="2" > each </wordcount>
    <wordcount weight="2" > j </wordcount>
    <wordcount weight="2" > paper </wordcount>
    <wordcount weight="2" > expense </wordcount>
    <wordcount weight="2" > p </wordcount>
    <wordcount weight="2" > shillings </wordcount>
    <wordcount weight="2" > block </wordcount>
    <wordcount weight="2" > bristol </wordcount>
    <wordcount weight="2" > form </wordcount>
    <wordcount weight="2" > references </wordcount>
    <wordcount weight="2" > scale </wordcount>
    <wordcount weight="2" > number </wordcount>
    <wordcount weight="2" > free </wordcount>
    <wordcount weight="2" > america </wordcount>
    <wordcount weight="2" > r </wordcount>
    <wordcount weight="2" > dr </wordcount>
    <wordcount weight="2" > x </wordcount>
    <wordcount weight="2" > such </wordcount>
    <wordcount weight="2" > sending </wordcount>
    <wordcount weight="2" > this </wordcount>
    <wordcount weight="2" > publication </wordcount>
    <wordcount weight="2" > price </wordcount>
    <wordcount weight="2" > states </wordcount>
    <wordcount weight="2" > cases </wordcount>
    <wordcount weight="2" > when </wordcount>
    <wordcount weight="2" > tansley </wordcount>
    <wordcount weight="2" > green </wordcount>
    <wordcount weight="2" > provided </wordcount>
    <wordcount weight="2" > asked </wordcount>
    <wordcount weight="1" > final </wordcount>
    <wordcount weight="1" > south </wordcount>
    <wordcount weight="1" > residing </wordcount>
    <wordcount weight="1" > does </wordcount>
    <wordcount weight="1" > endl </wordcount>
    <wordcount weight="1" > alex </wordcount>
    <wordcount weight="1" > note </wordcount>
    <wordcount weight="1" > curves </wordcount>
    <wordcount weight="1" > edited </wordcount>
    <wordcount weight="1" > george </wordcount>
    <wordcount weight="1" > science </wordcount>
    <wordcount weight="1" > scientific </wordcount>
    <wordcount weight="1" > indicated </wordcount>
    <wordcount weight="1" > purely </wordcount>
    <wordcount weight="1" > growth </wordcount>
    <wordcount weight="1" > cent </wordcount>
    <wordcount weight="1" > names </wordcount>
    <wordcount weight="1" > alphabetical </wordcount>
    <wordcount weight="1" > vertical </wordcount>
    <wordcount weight="1" > lines </wordcount>
    <wordcount weight="1" > jane </wordcount>
    <wordcount weight="1" > ordinary </wordcount>
    <wordcount weight="1" > process </wordcount>
    <wordcount weight="1" > e </wordcount>
    <wordcount weight="1" > tropical </wordcount>
    <wordcount weight="1" > who </wordcount>
    <wordcount weight="1" > etc </wordcount>
    <wordcount weight="1" > scytothamnus </wordcount>
    <wordcount weight="1" > phytol </wordcount>
    <wordcount weight="1" > manuscript </wordcount>
    <wordcount weight="1" > connected </wordcount>
    <wordcount weight="1" > publisher </wordcount>
    <wordcount weight="1" > b </wordcount>
    <wordcount weight="1" > certain </wordcount>
    <wordcount weight="1" > large </wordcount>
    <wordcount weight="1" > life </wordcount>
    <wordcount weight="1" > often </wordcount>
    <wordcount weight="1" > wv </wordcount>
    <wordcount weight="1" > tree </wordcount>
    <wordcount weight="1" > extra </wordcount>
    <wordcount weight="1" > britain </wordcount>
    <wordcount weight="1" > about </wordcount>
    <wordcount weight="1" > united </wordcount>
    <wordcount weight="1" > communications </wordcount>
    <wordcount weight="1" > specialist </wordcount>
    <wordcount weight="1" > uniess </wordcount>
    <wordcount weight="1" > pseudacacia </wordcount>
    <wordcount weight="1" > reference </wordcount>
    <wordcount weight="1" > wash </wordcount>
    <wordcount weight="1" > means </wordcount>
    <wordcount weight="1" > prof </wordcount>
    <wordcount weight="1" > studies </wordcount>
    <wordcount weight="1" > photoperiodic </wordcount>
    <wordcount weight="1" > photographs </wordcount>
    <wordcount weight="1" > considered </wordcount>
    <wordcount weight="1" > alpestre </wordcount>
    <wordcount weight="1" > australis </wordcount>
    <wordcount weight="1" > addressed </wordcount>
    <wordcount weight="1" > reduced </wordcount>
    <wordcount weight="1" > undertaken </wordcount>
    <wordcount weight="1" > springfield </wordcount>
    <wordcount weight="1" > proof </wordcount>
    <wordcount weight="1" > into </wordcount>
    <wordcount weight="1" > palmer </wordcount>
    <wordcount weight="1" > graphs </wordcount>
    <wordcount weight="1" > unsuitable </wordcount>
    <wordcount weight="1" > total </wordcount>
    <wordcount weight="1" > wareing </wordcount>
    <wordcount weight="1" > thlaspi </wordcount>
    <wordcount weight="1" > before </wordcount>
    <wordcount weight="1" > teaching </wordcount>
    <wordcount weight="1" > ecballocystis </wordcount>
    <wordcount weight="1" > from </wordcount>
    <wordcount weight="1" > revision </wordcount>
    <wordcount weight="1" > but </wordcount>
    <wordcount weight="1" > phytologist </wordcount>
    <wordcount weight="1" > subscription </wordcount>
    <wordcount weight="1" > founded </wordcount>
    <wordcount weight="1" > toronto </wordcount>
    <wordcount weight="1" > matters </wordcount>
    <wordcount weight="1" > inheritance </wordcount>
    <wordcount weight="1" > only </wordcount>
    <wordcount weight="1" > sequoia </wordcount>
    <wordcount weight="1" > t </wordcount>
    <wordcount weight="1" > requested </wordcount>
    <wordcount weight="1" > published </wordcount>
    <wordcount weight="1" > nominate </wordcount>
    <wordcount weight="1" > followed </wordcount>
    <wordcount weight="1" > lightly </wordcount>
    <wordcount weight="1" > ralph </wordcount>
    <wordcount weight="1" > perforated </wordcount>
    <wordcount weight="1" > cost </wordcount>
    <wordcount weight="1" > sunlight </wordcount>
    <wordcount weight="1" > plates </wordcount>
    <wordcount weight="1" > name </wordcount>
    <wordcount weight="1" > also </wordcount>
    <wordcount weight="1" > willing </wordcount>
    <wordcount weight="1" > m </wordcount>
    <wordcount weight="1" > stated </wordcount>
    <wordcount weight="1" > preference </wordcount>
    <wordcount weight="1" > genecology </wordcount>
    <wordcount weight="1" > stands </wordcount>
    <wordcount weight="1" > iiik </wordcount>
    <wordcount weight="1" > history </wordcount>
    <wordcount weight="1" > control </wordcount>
    <wordcount weight="1" > tracheids </wordcount>
    <wordcount weight="1" > nature </wordcount>
    <wordcount weight="1" > response </wordcount>
    <wordcount weight="1" > s </wordcount>
    <wordcount weight="1" > good </wordcount>
    <wordcount weight="1" > head </wordcount>
    <wordcount weight="1" > best </wordcount>
    <wordcount weight="1" > twenty </wordcount>
    <wordcount weight="1" > blocks </wordcount>
    <wordcount weight="1" > occurrence </wordcount>
    <wordcount weight="1" > stevens </wordcount>
    <wordcount weight="1" > print </wordcount>
    <wordcount weight="1" > downing </wordcount>
    <wordcount weight="1" > rule </wordcount>
    <wordcount weight="1" > half </wordcount>
    <wordcount weight="1" > great </wordcount>
    <wordcount weight="1" > current </wordcount>
    <wordcount weight="1" > post </wordcount>
    <wordcount weight="1" > abbreviations </wordcount>
    <wordcount weight="1" > named </wordcount>
    <wordcount weight="1" > end </wordcount>
    <wordcount weight="1" > arthur </wordcount>
    <wordcount weight="1" > doubt </wordcount>
    <wordcount weight="1" > reproduction </wordcount>
    <wordcount weight="1" > considerable </wordcount>
    <wordcount weight="1" > type </wordcount>
    <wordcount weight="1" > maker </wordcount>
    <wordcount weight="1" > beforehand </wordcount>
    <wordcount weight="1" > state </wordcount>
    <wordcount weight="1" > date </wordcount>
    <wordcount weight="1" > further </wordcount>
    <wordcount weight="1" > trouble </wordcount>
    <wordcount weight="1" > blackwell </wordcount>
    <wordcount weight="1" > v </wordcount>
    <wordcount weight="1" > bracken </wordcount>
    <wordcount weight="1" > philipose </wordcount>
    <wordcount weight="1" > where </wordcount>
    <wordcount weight="1" > reviews </wordcount>
    <wordcount weight="1" > carefully </wordcount>
    <wordcount weight="1" > stoloniferous </wordcount>
    <wordcount weight="1" > canadanotice </wordcount>
    <wordcount weight="1" > papers </wordcount>
    <wordcount weight="1" > them </wordcount>
    <wordcount weight="1" > naylor </wordcount>
    <wordcount weight="1" > list </wordcount>
    <wordcount weight="1" > system </wordcount>
    <wordcount weight="1" > british </wordcount>
    <wordcount weight="1" > chrysophyceae </wordcount>
    <wordcount weight="1" > negatives </wordcount>
    <wordcount weight="1" > plants </wordcount>
    <wordcount weight="1" > slip </wordcount>
    <wordcount weight="1" > riley </wordcount>
    <wordcount weight="1" > eg </wordcount>
    <wordcount weight="1" > hydathodes </wordcount>
    <wordcount weight="1" > botanical </wordcount>
    <wordcount weight="1" > unnecessary </wordcount>
    <wordcount weight="1" > markings </wordcount>
    <wordcount weight="1" > ink </wordcount>
    <wordcount weight="1" > style </wordcount>
    <wordcount weight="1" > weights </wordcount>
    <wordcount weight="1" > dots </wordcount>
    <wordcount weight="1" > technical </wordcount>
    <wordcount weight="1" > ecology </wordcount>
    <wordcount weight="1" > scienztific </wordcount>
    <wordcount weight="1" > prostrate </wordcount>
    <wordcount weight="1" > directly </wordcount>
    <wordcount weight="1" > sir </wordcount>
    <wordcount weight="1" > having </wordcount>
    <wordcount weight="1" > resident </wordcount>
    <wordcount weight="1" > some </wordcount>
    <wordcount weight="1" > possible </wordcount>
    <wordcount weight="1" > line </wordcount>
    <wordcount weight="1" > nomination </wordcount>
    <wordcount weight="1" > activity </wordcount>
    <wordcount weight="1" > seed </wordcount>
    <wordcount weight="1" > literature </wordcount>
    <wordcount weight="1" > size </wordcount>
    <wordcount weight="1" > periodicals </wordcount>
    <wordcount weight="1" > finished </wordcount>
    <wordcount weight="1" > october </wordcount>
    <wordcount weight="1" > boldly </wordcount>
    <wordcount weight="1" > alterations </wordcount>
    <wordcount weight="1" > ryerson </wordcount>
    <wordcount weight="1" > uniform </wordcount>
    <wordcount weight="1" > breeding </wordcount>
    <wordcount weight="1" > introduced </wordcount>
    <wordcount weight="1" > sent </wordcount>
    <wordcount weight="1" > robinia </wordcount>
    <wordcount weight="1" > press </wordcount>
    <wordcount weight="1" > apply </wordcount>
    <wordcount weight="1" > cambial </wordcount>
    <wordcount weight="1" > ruling </wordcount>
    <wordcount weight="1" > journals </wordcount>
    <wordcount weight="1" > intended </wordcount>
    <wordcount weight="1" > year </wordcount>
    <wordcount weight="1" > fit </wordcount>
    <wordcount weight="1" > titles </wordcount>
    <wordcount weight="1" > editorial </wordcount>
    <wordcount weight="1" > botany </wordcount>
    <wordcount weight="1" > consult </wordcount>
    <wordcount weight="1" > faint </wordcount>
    <wordcount weight="1" > palustris </wordcount>
    <wordcount weight="1" > like </wordcount>
    <wordcount weight="1" > watt </wordcount>
    <wordcount weight="1" > et </wordcount>
    <wordcount weight="1" > prints </wordcount>
    <wordcount weight="1" > shown </wordcount>
    <wordcount weight="1" > roberts </wordcount>
    <wordcount weight="1" > vii </wordcount>
    <wordcount weight="1" > development </wordcount>
    <wordcount weight="1" > lettering </wordcount>
    <wordcount weight="1" > quality </wordcount>
    <wordcount weight="1" > algae </wordcount>
    <wordcount weight="1" > cambridge </wordcount>
    <wordcount weight="1" > graph </wordcount>
    <wordcount weight="1" > margaret </wordcount>
    <wordcount weight="1" > illinois </wordcount>
    <wordcount weight="1" > caltha </wordcount>
    <wordcount weight="1" > delay </wordcount>
    <wordcount weight="1" > g </wordcount>
    <wordcount weight="1" > finally </wordcount>
    <wordcount weight="1" > interest </wordcount>
    <wordcount weight="1" > typescript </wordcount>
    <wordcount weight="1" > change </wordcount>
    <wordcount weight="1" > zoospores </wordcount>
    <wordcount weight="1" > adopted </wordcount>
    <wordcount weight="1" > grown </wordcount>
    <wordcount weight="1" > someone </wordcount>
    <wordcount weight="1" > correct </wordcount>
    <wordcount weight="1" > issued </wordcount>
    <wordcount weight="1" > revised </wordcount>
    <wordcount weight="1" > grouped </wordcount>
    <wordcount weight="1" > suitably </wordcount>
    <wordcount weight="1" > need </wordcount>
    <wordcount weight="1" > so </wordcount>
    <wordcount weight="1" > pay </wordcount>
    <wordcount weight="1" > exceeding </wordcount>
    <wordcount weight="1" > involving </wordcount>
    <wordcount weight="1" > valentine </wordcount>
    <wordcount weight="1" > order </wordcount>
    <wordcount weight="1" > probable </wordcount>
    <wordcount weight="1" > standard </wordcount>
    <wordcount weight="1" > economical </wordcount>
    <wordcount weight="1" > inserted </wordcount>
    <wordcount weight="1" > thomas </wordcount>
    <wordcount weight="1" > classification </wordcount>
    <wordcount weight="1" > influence </wordcount>
    <wordcount weight="1" > charles </wordcount>
    <wordcount weight="1" > outside </wordcount>
    <wordcount weight="1" > subjects </wordcount>
    <wordcount weight="1" > compatibility </wordcount>
    <wordcount weight="1" > arrange </wordcount>
    <wordcount weight="1" > themselves </wordcount>
    <wordcount weight="1" > c </wordcount>
    <wordcount weight="1" > charged </wordcount>
    <wordcount weight="1" > caused </wordcount>
    <wordcount weight="1" > single </wordcount>
    <wordcount weight="1" > publications </wordcount>
    <wordcount weight="1" > structure </wordcount>
    <wordcount weight="1" > james </wordcount>
    <wordcount weight="1" > primulas </wordcount>
    <wordcount weight="1" > blue </wordcount>
    <wordcount weight="1" > productivity </wordcount>
    <wordcount weight="1" > corrected </wordcount>
    <wordcount weight="1" > alga </wordcount>
    <wordcount weight="1" > citations </wordcount>
    <wordcount weight="1" > shading </wordcount>
    <wordcount weight="1" > whenever </wordcount>
    <wordcount weight="1" > zinc </wordcount>
    <wordcount weight="1" > ovington </wordcount>
    <wordcount weight="1" > close </wordcount>
    <wordcount weight="1" > semnpervirens </wordcount>
    <wordcount weight="1" > parks </wordcount>
</article>
