<?xml version="1.0" encoding="UTF-8"?>
<article id="10.2307/58426" >
    <wordcount weight="293" > of </wordcount>
    <wordcount weight="281" > the </wordcount>
    <wordcount weight="206" > and </wordcount>
    <wordcount weight="122" > in </wordcount>
    <wordcount weight="95" > to </wordcount>
    <wordcount weight="76" > a </wordcount>
    <wordcount weight="64" > is </wordcount>
    <wordcount weight="48" > that </wordcount>
    <wordcount weight="46" > for </wordcount>
    <wordcount weight="43" > on </wordcount>
    <wordcount weight="39" > as </wordcount>
    <wordcount weight="38" > or </wordcount>
    <wordcount weight="37" > be </wordcount>
    <wordcount weight="36" > ibp </wordcount>
    <wordcount weight="34" > are </wordcount>
    <wordcount weight="32" > by </wordcount>
    <wordcount weight="29" > productivity </wordcount>
    <wordcount weight="27" > with </wordcount>
    <wordcount weight="27" > this </wordcount>
    <wordcount weight="26" > it </wordcount>
    <wordcount weight="26" > has </wordcount>
    <wordcount weight="25" > program </wordcount>
    <wordcount weight="25" > have </wordcount>
    <wordcount weight="23" > international </wordcount>
    <wordcount weight="21" > at </wordcount>
    <wordcount weight="21" > will </wordcount>
    <wordcount weight="21" > biological </wordcount>
    <wordcount weight="19" > there </wordcount>
    <wordcount weight="17" > an </wordcount>
    <wordcount weight="16" > scientific </wordcount>
    <wordcount weight="16" > from </wordcount>
    <wordcount weight="16" > human </wordcount>
    <wordcount weight="16" > which </wordcount>
    <wordcount weight="15" > studies </wordcount>
    <wordcount weight="15" > all </wordcount>
    <wordcount weight="15" > areas </wordcount>
    <wordcount weight="14" > may </wordcount>
    <wordcount weight="14" > not </wordcount>
    <wordcount weight="14" > more </wordcount>
    <wordcount weight="14" > some </wordcount>
    <wordcount weight="13" > projects </wordcount>
    <wordcount weight="13" > been </wordcount>
    <wordcount weight="13" > such </wordcount>
    <wordcount weight="12" > their </wordcount>
    <wordcount weight="12" > but </wordcount>
    <wordcount weight="12" > its </wordcount>
    <wordcount weight="11" > resources </wordcount>
    <wordcount weight="10" > one </wordcount>
    <wordcount weight="10" > conservation </wordcount>
    <wordcount weight="10" > most </wordcount>
    <wordcount weight="10" > many </wordcount>
    <wordcount weight="10" > through </wordcount>
    <wordcount weight="10" > programs </wordcount>
    <wordcount weight="10" > plant </wordcount>
    <wordcount weight="10" > we </wordcount>
    <wordcount weight="9" > communities </wordcount>
    <wordcount weight="9" > these </wordcount>
    <wordcount weight="9" > must </wordcount>
    <wordcount weight="9" > production </wordcount>
    <wordcount weight="9" > other </wordcount>
    <wordcount weight="9" > great </wordcount>
    <wordcount weight="9" > developing </wordcount>
    <wordcount weight="9" > our </wordcount>
    <wordcount weight="9" > even </wordcount>
    <wordcount weight="8" > natural </wordcount>
    <wordcount weight="8" > study </wordcount>
    <wordcount weight="8" > united </wordcount>
    <wordcount weight="8" > measurements </wordcount>
    <wordcount weight="8" > problems </wordcount>
    <wordcount weight="8" > ecology </wordcount>
    <wordcount weight="8" > information </wordcount>
    <wordcount weight="8" > made </wordcount>
    <wordcount weight="8" > development </wordcount>
    <wordcount weight="8" > between </wordcount>
    <wordcount weight="8" > research </wordcount>
    <wordcount weight="8" > can </wordcount>
    <wordcount weight="8" > world </wordcount>
    <wordcount weight="7" > no </wordcount>
    <wordcount weight="7" > collections </wordcount>
    <wordcount weight="7" > they </wordcount>
    <wordcount weight="7" > countries </wordcount>
    <wordcount weight="7" > important </wordcount>
    <wordcount weight="7" > others </wordcount>
    <wordcount weight="7" > methodology </wordcount>
    <wordcount weight="7" > section </wordcount>
    <wordcount weight="7" > worldwide </wordcount>
    <wordcount weight="7" > plants </wordcount>
    <wordcount weight="7" > energy </wordcount>
    <wordcount weight="7" > photosynthesis </wordcount>
    <wordcount weight="7" > part </wordcount>
    <wordcount weight="7" > use </wordcount>
    <wordcount weight="7" > being </wordcount>
    <wordcount weight="7" > national </wordcount>
    <wordcount weight="7" > interest </wordcount>
    <wordcount weight="7" > little </wordcount>
    <wordcount weight="7" > than </wordcount>
    <wordcount weight="6" > now </wordcount>
    <wordcount weight="6" > role </wordcount>
    <wordcount weight="6" > special </wordcount>
    <wordcount weight="6" > under </wordcount>
    <wordcount weight="6" > different </wordcount>
    <wordcount weight="6" > over </wordcount>
    <wordcount weight="6" > i </wordcount>
    <wordcount weight="6" > well </wordcount>
    <wordcount weight="6" > cooperation </wordcount>
    <wordcount weight="6" > future </wordcount>
    <wordcount weight="6" > make </wordcount>
    <wordcount weight="6" > collaboration </wordcount>
    <wordcount weight="6" > especially </wordcount>
    <wordcount weight="5" > nations </wordcount>
    <wordcount weight="5" > what </wordcount>
    <wordcount weight="5" > developed </wordcount>
    <wordcount weight="5" > basic </wordcount>
    <wordcount weight="5" > ways </wordcount>
    <wordcount weight="5" > h </wordcount>
    <wordcount weight="5" > changes </wordcount>
    <wordcount weight="5" > particular </wordcount>
    <wordcount weight="5" > nitrogen </wordcount>
    <wordcount weight="5" > management </wordcount>
    <wordcount weight="5" > into </wordcount>
    <wordcount weight="5" > two </wordcount>
    <wordcount weight="5" > n </wordcount>
    <wordcount weight="5" > hence </wordcount>
    <wordcount weight="5" > adaptability </wordcount>
    <wordcount weight="5" > population </wordcount>
    <wordcount weight="5" > while </wordcount>
    <wordcount weight="5" > sites </wordcount>
    <wordcount weight="5" > already </wordcount>
    <wordcount weight="5" > range </wordcount>
    <wordcount weight="5" > increase </wordcount>
    <wordcount weight="5" > include </wordcount>
    <wordcount weight="5" > would </wordcount>
    <wordcount weight="5" > so </wordcount>
    <wordcount weight="5" > high </wordcount>
    <wordcount weight="5" > activities </wordcount>
    <wordcount weight="5" > should </wordcount>
    <wordcount weight="4" > general </wordcount>
    <wordcount weight="4" > proc </wordcount>
    <wordcount weight="4" > various </wordcount>
    <wordcount weight="4" > provide </wordcount>
    <wordcount weight="4" > if </wordcount>
    <wordcount weight="4" > populations </wordcount>
    <wordcount weight="4" > yet </wordcount>
    <wordcount weight="4" > community </wordcount>
    <wordcount weight="4" > frankel </wordcount>
    <wordcount weight="4" > importance </wordcount>
    <wordcount weight="4" > large </wordcount>
    <wordcount weight="4" > often </wordcount>
    <wordcount weight="4" > fixation </wordcount>
    <wordcount weight="4" > about </wordcount>
    <wordcount weight="4" > us </wordcount>
    <wordcount weight="4" > assimilation </wordcount>
    <wordcount weight="4" > total </wordcount>
    <wordcount weight="4" > welfare </wordcount>
    <wordcount weight="4" > only </wordcount>
    <wordcount weight="4" > social </wordcount>
    <wordcount weight="4" > present </wordcount>
    <wordcount weight="4" > organization </wordcount>
    <wordcount weight="4" > terrestrial </wordcount>
    <wordcount weight="4" > organizations </wordcount>
    <wordcount weight="4" > was </wordcount>
    <wordcount weight="4" > water </wordcount>
    <wordcount weight="4" > s </wordcount>
    <wordcount weight="4" > scientists </wordcount>
    <wordcount weight="4" > could </wordcount>
    <wordcount weight="4" > crop </wordcount>
    <wordcount weight="4" > new </wordcount>
    <wordcount weight="4" > man </wordcount>
    <wordcount weight="4" > proposed </wordcount>
    <wordcount weight="4" > do </wordcount>
    <wordcount weight="4" > material </wordcount>
    <wordcount weight="4" > exploration </wordcount>
    <wordcount weight="4" > problem </wordcount>
    <wordcount weight="4" > fao </wordcount>
    <wordcount weight="4" > balance </wordcount>
    <wordcount weight="4" > vol </wordcount>
    <wordcount weight="4" > participation </wordcount>
    <wordcount weight="4" > emphasis </wordcount>
    <wordcount weight="4" > r </wordcount>
    <wordcount weight="4" > used </wordcount>
    <wordcount weight="4" > vast </wordcount>
    <wordcount weight="4" > both </wordcount>
    <wordcount weight="4" > varieties </wordcount>
    <wordcount weight="4" > level </wordcount>
    <wordcount weight="4" > processes </wordcount>
    <wordcount weight="4" > committees </wordcount>
    <wordcount weight="4" > were </wordcount>
    <wordcount weight="4" > wild </wordcount>
    <wordcount weight="4" > own </wordcount>
    <wordcount weight="4" > conditions </wordcount>
    <wordcount weight="4" > land </wordcount>
    <wordcount weight="4" > like </wordcount>
    <wordcount weight="4" > kind </wordcount>
    <wordcount weight="4" > few </wordcount>
    <wordcount weight="4" > highly </wordcount>
    <wordcount weight="4" > become </wordcount>
    <wordcount weight="4" > c </wordcount>
    <wordcount weight="4" > also </wordcount>
    <wordcount weight="4" > much </wordcount>
    <wordcount weight="4" > among </wordcount>
    <wordcount weight="4" > valuable </wordcount>
    <wordcount weight="3" > solar </wordcount>
    <wordcount weight="3" > genetic </wordcount>
    <wordcount weight="3" > science </wordcount>
    <wordcount weight="3" > economic </wordcount>
    <wordcount weight="3" > levels </wordcount>
    <wordcount weight="3" > institutions </wordcount>
    <wordcount weight="3" > per </wordcount>
    <wordcount weight="3" > contributions </wordcount>
    <wordcount weight="3" > once </wordcount>
    <wordcount weight="3" > coordination </wordcount>
    <wordcount weight="3" > exists </wordcount>
    <wordcount weight="3" > safeguarding </wordcount>
    <wordcount weight="3" > biology </wordcount>
    <wordcount weight="3" > sections </wordcount>
    <wordcount weight="3" > regional </wordcount>
    <wordcount weight="3" > known </wordcount>
    <wordcount weight="3" > beyond </wordcount>
    <wordcount weight="3" > give </wordcount>
    <wordcount weight="3" > know </wordcount>
    <wordcount weight="3" > rapid </wordcount>
    <wordcount weight="3" > view </wordcount>
    <wordcount weight="3" > control </wordcount>
    <wordcount weight="3" > advanced </wordcount>
    <wordcount weight="3" > active </wordcount>
    <wordcount weight="3" > had </wordcount>
    <wordcount weight="3" > nature </wordcount>
    <wordcount weight="3" > uses </wordcount>
    <wordcount weight="3" > time </wordcount>
    <wordcount weight="3" > any </wordcount>
    <wordcount weight="3" > very </wordcount>
    <wordcount weight="3" > marine </wordcount>
    <wordcount weight="3" > political </wordcount>
    <wordcount weight="3" > coordinated </wordcount>
    <wordcount weight="3" > technical </wordcount>
    <wordcount weight="3" > where </wordcount>
    <wordcount weight="3" > studying </wordcount>
    <wordcount weight="3" > existing </wordcount>
    <wordcount weight="3" > selected </wordcount>
    <wordcount weight="3" > system </wordcount>
    <wordcount weight="3" > placed </wordcount>
    <wordcount weight="3" > agencies </wordcount>
    <wordcount weight="3" > perhaps </wordcount>
    <wordcount weight="3" > primary </wordcount>
    <wordcount weight="3" > agriculture </wordcount>
    <wordcount weight="3" > habitat </wordcount>
    <wordcount weight="3" > too </wordcount>
    <wordcount weight="3" > differ </wordcount>
    <wordcount weight="3" > understanding </wordcount>
    <wordcount weight="3" > data </wordcount>
    <wordcount weight="3" > prominent </wordcount>
    <wordcount weight="3" > taking </wordcount>
    <wordcount weight="3" > supply </wordcount>
    <wordcount weight="3" > reserves </wordcount>
    <wordcount weight="3" > whole </wordcount>
    <wordcount weight="3" > manmade </wordcount>
    <wordcount weight="3" > gain </wordcount>
    <wordcount weight="3" > assistance </wordcount>
    <wordcount weight="3" > since </wordcount>
    <wordcount weight="3" > lakes </wordcount>
    <wordcount weight="3" > relatively </wordcount>
    <wordcount weight="3" > times </wordcount>
    <wordcount weight="3" > application </wordcount>
    <wordcount weight="3" > period </wordcount>
    <wordcount weight="3" > effects </wordcount>
    <wordcount weight="3" > obtained </wordcount>
    <wordcount weight="3" > preservation </wordcount>
    <wordcount weight="3" > caput </wordcount>
    <wordcount weight="3" > methodological </wordcount>
    <wordcount weight="3" > including </wordcount>
    <wordcount weight="3" > because </wordcount>
    <wordcount weight="3" > strong </wordcount>
    <wordcount weight="3" > relative </wordcount>
    <wordcount weight="2" > increasing </wordcount>
    <wordcount weight="2" > difficult </wordcount>
    <wordcount weight="2" > trends </wordcount>
    <wordcount weight="2" > rhizobium </wordcount>
    <wordcount weight="2" > rate </wordcount>
    <wordcount weight="2" > essential </wordcount>
    <wordcount weight="2" > way </wordcount>
    <wordcount weight="2" > fairly </wordcount>
    <wordcount weight="2" > his </wordcount>
    <wordcount weight="2" > concerned </wordcount>
    <wordcount weight="2" > degree </wordcount>
    <wordcount weight="2" > insect </wordcount>
    <wordcount weight="2" > action </wordcount>
    <wordcount weight="2" > five </wordcount>
    <wordcount weight="2" > you </wordcount>
    <wordcount weight="2" > generations </wordcount>
    <wordcount weight="2" > practical </wordcount>
    <wordcount weight="2" > subject </wordcount>
    <wordcount weight="2" > consists </wordcount>
    <wordcount weight="2" > support </wordcount>
    <wordcount weight="2" > legumes </wordcount>
    <wordcount weight="2" > brief </wordcount>
    <wordcount weight="2" > play </wordcount>
    <wordcount weight="2" > myself </wordcount>
    <wordcount weight="2" > process </wordcount>
    <wordcount weight="2" > growth </wordcount>
    <wordcount weight="2" > dimensions </wordcount>
    <wordcount weight="2" > success </wordcount>
    <wordcount weight="2" > strains </wordcount>
    <wordcount weight="2" > contribution </wordcount>
    <wordcount weight="2" > similar </wordcount>
    <wordcount weight="2" > conducted </wordcount>
    <wordcount weight="2" > discover </wordcount>
    <wordcount weight="2" > recently </wordcount>
    <wordcount weight="2" > complex </wordcount>
    <wordcount weight="2" > danger </wordcount>
    <wordcount weight="2" > tend </wordcount>
    <wordcount weight="2" > animals </wordcount>
    <wordcount weight="2" > contributing </wordcount>
    <wordcount weight="2" > likely </wordcount>
    <wordcount weight="2" > factors </wordcount>
    <wordcount weight="2" > when </wordcount>
    <wordcount weight="2" > pressing </wordcount>
    <wordcount weight="2" > opportunities </wordcount>
    <wordcount weight="2" > internationally </wordcount>
    <wordcount weight="2" > requiring </wordcount>
    <wordcount weight="2" > largely </wordcount>
    <wordcount weight="2" > case </wordcount>
    <wordcount weight="2" > array </wordcount>
    <wordcount weight="2" > compromise </wordcount>
    <wordcount weight="2" > stable </wordcount>
    <wordcount weight="2" > freshwater </wordcount>
    <wordcount weight="2" > emphasize </wordcount>
    <wordcount weight="2" > organic </wordcount>
    <wordcount weight="2" > environment </wordcount>
    <wordcount weight="2" > same </wordcount>
    <wordcount weight="2" > numbers </wordcount>
    <wordcount weight="2" > generally </wordcount>
    <wordcount weight="2" > series </wordcount>
    <wordcount weight="2" > primitive </wordcount>
    <wordcount weight="2" > controlled </wordcount>
    <wordcount weight="2" > observations </wordcount>
    <wordcount weight="2" > hunger </wordcount>
    <wordcount weight="2" > either </wordcount>
    <wordcount weight="2" > australia </wordcount>
    <wordcount weight="2" > useful </wordcount>
    <wordcount weight="2" > specific </wordcount>
    <wordcount weight="2" > long </wordcount>
    <wordcount weight="2" > committee </wordcount>
    <wordcount weight="2" > ecological </wordcount>
    <wordcount weight="2" > intellectual </wordcount>
    <wordcount weight="2" > hydrobiology </wordcount>
    <wordcount weight="2" > assessments </wordcount>
    <wordcount weight="2" > each </wordcount>
    <wordcount weight="2" > symposium </wordcount>
    <wordcount weight="2" > union </wordcount>
    <wordcount weight="2" > greater </wordcount>
    <wordcount weight="2" > lack </wordcount>
    <wordcount weight="2" > secondary </wordcount>
    <wordcount weight="2" > attractive </wordcount>
    <wordcount weight="2" > believe </wordcount>
    <wordcount weight="2" > best </wordcount>
    <wordcount weight="2" > prominence </wordcount>
    <wordcount weight="2" > reasons </wordcount>
    <wordcount weight="2" > current </wordcount>
    <wordcount weight="2" > regard </wordcount>
    <wordcount weight="2" > extinction </wordcount>
    <wordcount weight="2" > out </wordcount>
    <wordcount weight="2" > studied </wordcount>
    <wordcount weight="2" > deal </wordcount>
    <wordcount weight="2" > endeavor </wordcount>
    <wordcount weight="2" > take </wordcount>
    <wordcount weight="2" > fresh </wordcount>
    <wordcount weight="2" > representative </wordcount>
    <wordcount weight="2" > biologists </wordcount>
    <wordcount weight="2" > men </wordcount>
    <wordcount weight="2" > emphasized </wordcount>
    <wordcount weight="2" > fluxes </wordcount>
    <wordcount weight="2" > those </wordcount>
    <wordcount weight="2" > investigations </wordcount>
    <wordcount weight="2" > let </wordcount>
    <wordcount weight="2" > surveys </wordcount>
    <wordcount weight="2" > them </wordcount>
    <wordcount weight="2" > stability </wordcount>
    <wordcount weight="2" > meet </wordcount>
    <wordcount weight="2" > want </wordcount>
    <wordcount weight="2" > varying </wordcount>
    <wordcount weight="2" > wealth </wordcount>
    <wordcount weight="2" > against </wordcount>
    <wordcount weight="2" > add </wordcount>
    <wordcount weight="2" > dr </wordcount>
    <wordcount weight="2" > wide </wordcount>
    <wordcount weight="2" > consisting </wordcount>
    <wordcount weight="2" > gives </wordcount>
    <wordcount weight="2" > participants </wordcount>
    <wordcount weight="2" > advisory </wordcount>
    <wordcount weight="2" > geophysical </wordcount>
    <wordcount weight="2" > yield </wordcount>
    <wordcount weight="2" > tame </wordcount>
    <wordcount weight="2" > directly </wordcount>
    <wordcount weight="2" > original </wordcount>
    <wordcount weight="2" > agreed </wordcount>
    <wordcount weight="2" > unions </wordcount>
    <wordcount weight="2" > prior </wordcount>
    <wordcount weight="2" > urgency </wordcount>
    <wordcount weight="2" > nutrition </wordcount>
    <wordcount weight="2" > work </wordcount>
    <wordcount weight="2" > planning </wordcount>
    <wordcount weight="2" > scope </wordcount>
    <wordcount weight="2" > basis </wordcount>
    <wordcount weight="2" > protein </wordcount>
    <wordcount weight="2" > purpose </wordcount>
    <wordcount weight="2" > sea </wordcount>
    <wordcount weight="2" > enormous </wordcount>
    <wordcount weight="2" > desirable </wordcount>
    <wordcount weight="2" > along </wordcount>
    <wordcount weight="2" > objective </wordcount>
    <wordcount weight="2" > list </wordcount>
    <wordcount weight="2" > thoughts </wordcount>
    <wordcount weight="2" > consultation </wordcount>
    <wordcount weight="2" > disciplines </wordcount>
    <wordcount weight="2" > heath </wordcount>
    <wordcount weight="2" > food </wordcount>
    <wordcount weight="2" > discussions </wordcount>
    <wordcount weight="2" > approach </wordcount>
    <wordcount weight="2" > people </wordcount>
    <wordcount weight="2" > point </wordcount>
    <wordcount weight="2" > central </wordcount>
    <wordcount weight="2" > amenities </wordcount>
    <wordcount weight="2" > come </wordcount>
    <wordcount weight="2" > field </wordcount>
    <wordcount weight="2" > complemented </wordcount>
    <wordcount weight="2" > cycling </wordcount>
    <wordcount weight="2" > theme </wordcount>
    <wordcount weight="2" > dynamics </wordcount>
    <wordcount weight="2" > run </wordcount>
    <wordcount weight="2" > earth </wordcount>
    <wordcount weight="2" > good </wordcount>
    <wordcount weight="2" > ecosystem </wordcount>
    <wordcount weight="2" > held </wordcount>
    <wordcount weight="2" > least </wordcount>
    <wordcount weight="2" > integrated </wordcount>
    <wordcount weight="2" > need </wordcount>
    <wordcount weight="2" > handbooks </wordcount>
    <wordcount weight="2" > heat </wordcount>
    <wordcount weight="2" > integration </wordcount>
    <wordcount weight="2" > expected </wordcount>
    <wordcount weight="2" > involving </wordcount>
    <wordcount weight="2" > irreplaceable </wordcount>
    <wordcount weight="2" > after </wordcount>
    <wordcount weight="2" > provides </wordcount>
    <wordcount weight="2" > developments </wordcount>
    <wordcount weight="2" > educational </wordcount>
    <wordcount weight="2" > potentialities </wordcount>
    <wordcount weight="2" > potential </wordcount>
    <wordcount weight="2" > components </wordcount>
    <wordcount weight="2" > close </wordcount>
    <wordcount weight="2" > handbook </wordcount>
    <wordcount weight="2" > australian </wordcount>
    <wordcount weight="2" > contact </wordcount>
    <wordcount weight="2" > foremost </wordcount>
    <wordcount weight="2" > enterprise </wordcount>
    <wordcount weight="2" > structure </wordcount>
    <wordcount weight="2" > predictable </wordcount>
    <wordcount weight="2" > subjects </wordcount>
    <wordcount weight="2" > versus </wordcount>
    <wordcount weight="2" > establishment </wordcount>
    <wordcount weight="2" > sun </wordcount>
    <wordcount weight="2" > destruction </wordcount>
    <wordcount weight="2" > training </wordcount>
    <wordcount weight="2" > responsibility </wordcount>
    <wordcount weight="2" > adaptive </wordcount>
    <wordcount weight="2" > generation </wordcount>
    <wordcount weight="2" > though </wordcount>
    <wordcount weight="2" > major </wordcount>
    <wordcount weight="2" > concerted </wordcount>
    <wordcount weight="2" > symbiotic </wordcount>
    <wordcount weight="2" > association </wordcount>
    <wordcount weight="1" > fails </wordcount>
    <wordcount weight="1" > faltering </wordcount>
    <wordcount weight="1" > seems </wordcount>
    <wordcount weight="1" > collaborates </wordcount>
    <wordcount weight="1" > freedoms </wordcount>
    <wordcount weight="1" > depth </wordcount>
    <wordcount weight="1" > dominant </wordcount>
    <wordcount weight="1" > civilization </wordcount>
    <wordcount weight="1" > assessed </wordcount>
    <wordcount weight="1" > margins </wordcount>
    <wordcount weight="1" > therefore </wordcount>
    <wordcount weight="1" > he </wordcount>
    <wordcount weight="1" > sample </wordcount>
    <wordcount weight="1" > relationship </wordcount>
    <wordcount weight="1" > situation </wordcount>
    <wordcount weight="1" > adequate </wordcount>
    <wordcount weight="1" > me </wordcount>
    <wordcount weight="1" > stems </wordcount>
    <wordcount weight="1" > assisting </wordcount>
    <wordcount weight="1" > insects </wordcount>
    <wordcount weight="1" > physiographically </wordcount>
    <wordcount weight="1" > raise </wordcount>
    <wordcount weight="1" > onset </wordcount>
    <wordcount weight="1" > advocate </wordcount>
    <wordcount weight="1" > matter </wordcount>
    <wordcount weight="1" > russian </wordcount>
    <wordcount weight="1" > without </wordcount>
    <wordcount weight="1" > phyllosphere </wordcount>
    <wordcount weight="1" > common </wordcount>
    <wordcount weight="1" > collected </wordcount>
    <wordcount weight="1" > acid </wordcount>
    <wordcount weight="1" > statistical </wordcount>
    <wordcount weight="1" > observers </wordcount>
    <wordcount weight="1" > later </wordcount>
    <wordcount weight="1" > bring </wordcount>
    <wordcount weight="1" > induces </wordcount>
    <wordcount weight="1" > main </wordcount>
    <wordcount weight="1" > groups </wordcount>
    <wordcount weight="1" > missed </wordcount>
    <wordcount weight="1" > across </wordcount>
    <wordcount weight="1" > short </wordcount>
    <wordcount weight="1" > centering </wordcount>
    <wordcount weight="1" > fields </wordcount>
    <wordcount weight="1" > how </wordcount>
    <wordcount weight="1" > attaches </wordcount>
    <wordcount weight="1" > comparative </wordcount>
    <wordcount weight="1" > expansion </wordcount>
    <wordcount weight="1" > presents </wordcount>
    <wordcount weight="1" > forced </wordcount>
    <wordcount weight="1" > efficiencies </wordcount>
    <wordcount weight="1" > category </wordcount>
    <wordcount weight="1" > plans </wordcount>
    <wordcount weight="1" > affected </wordcount>
    <wordcount weight="1" > inside </wordcount>
    <wordcount weight="1" > emergencies </wordcount>
    <wordcount weight="1" > millable </wordcount>
    <wordcount weight="1" > findings </wordcount>
    <wordcount weight="1" > slow </wordcount>
    <wordcount weight="1" > involve </wordcount>
    <wordcount weight="1" > experimentsland </wordcount>
    <wordcount weight="1" > methodologies </wordcount>
    <wordcount weight="1" > who </wordcount>
    <wordcount weight="1" > prove </wordcount>
    <wordcount weight="1" > detailed </wordcount>
    <wordcount weight="1" > above </wordcount>
    <wordcount weight="1" > opportunity </wordcount>
    <wordcount weight="1" > team </wordcount>
    <wordcount weight="1" > minimum </wordcount>
    <wordcount weight="1" > starts </wordcount>
    <wordcount weight="1" > realizing </wordcount>
    <wordcount weight="1" > proportion </wordcount>
    <wordcount weight="1" > interactions </wordcount>
    <wordcount weight="1" > weaknesses </wordcount>
    <wordcount weight="1" > pools </wordcount>
    <wordcount weight="1" > curtain </wordcount>
    <wordcount weight="1" > briefer </wordcount>
    <wordcount weight="1" > standing </wordcount>
    <wordcount weight="1" > confine </wordcount>
    <wordcount weight="1" > transformation </wordcount>
    <wordcount weight="1" > intensive </wordcount>
    <wordcount weight="1" > utilization </wordcount>
    <wordcount weight="1" > center </wordcount>
    <wordcount weight="1" > derived </wordcount>
    <wordcount weight="1" > coverage </wordcount>
    <wordcount weight="1" > eroded </wordcount>
    <wordcount weight="1" > conquering </wordcount>
    <wordcount weight="1" > life </wordcount>
    <wordcount weight="1" > selection </wordcount>
    <wordcount weight="1" > kinds </wordcount>
    <wordcount weight="1" > matched </wordcount>
    <wordcount weight="1" > produced </wordcount>
    <wordcount weight="1" > whatever </wordcount>
    <wordcount weight="1" > fate </wordcount>
    <wordcount weight="1" > analysis </wordcount>
    <wordcount weight="1" > mostly </wordcount>
    <wordcount weight="1" > designed </wordcount>
    <wordcount weight="1" > individuals </wordcount>
    <wordcount weight="1" > nonecologists </wordcount>
    <wordcount weight="1" > worked </wordcount>
    <wordcount weight="1" > eaten </wordcount>
    <wordcount weight="1" > feel </wordcount>
    <wordcount weight="1" > awareness </wordcount>
    <wordcount weight="1" > clarification </wordcount>
    <wordcount weight="1" > win </wordcount>
    <wordcount weight="1" > itself </wordcount>
    <wordcount weight="1" > direct </wordcount>
    <wordcount weight="1" > viewpoint </wordcount>
    <wordcount weight="1" > trespassing </wordcount>
    <wordcount weight="1" > confines </wordcount>
    <wordcount weight="1" > criticism </wordcount>
    <wordcount weight="1" > constitutes </wordcount>
    <wordcount weight="1" > types </wordcount>
    <wordcount weight="1" > interpretation </wordcount>
    <wordcount weight="1" > strictly </wordcount>
    <wordcount weight="1" > irrigation </wordcount>
    <wordcount weight="1" > get </wordcount>
    <wordcount weight="1" > addition </wordcount>
    <wordcount weight="1" > pressures </wordcount>
    <wordcount weight="1" > microorganisms </wordcount>
    <wordcount weight="1" > modern </wordcount>
    <wordcount weight="1" > parts </wordcount>
    <wordcount weight="1" > serve </wordcount>
    <wordcount weight="1" > unproductive </wordcount>
    <wordcount weight="1" > better </wordcount>
    <wordcount weight="1" > ensure </wordcount>
    <wordcount weight="1" > impoundment </wordcount>
    <wordcount weight="1" > forest </wordcount>
    <wordcount weight="1" > kariba </wordcount>
    <wordcount weight="1" > technology </wordcount>
    <wordcount weight="1" > former </wordcount>
    <wordcount weight="1" > forth </wordcount>
    <wordcount weight="1" > decade </wordcount>
    <wordcount weight="1" > restricted </wordcount>
    <wordcount weight="1" > collection </wordcount>
    <wordcount weight="1" > motive </wordcount>
    <wordcount weight="1" > trophic </wordcount>
    <wordcount weight="1" > needless </wordcount>
    <wordcount weight="1" > detail </wordcount>
    <wordcount weight="1" > policy </wordcount>
    <wordcount weight="1" > comparisons </wordcount>
    <wordcount weight="1" > classification </wordcount>
    <wordcount weight="1" > sorts </wordcount>
    <wordcount weight="1" > established </wordcount>
    <wordcount weight="1" > smith </wordcount>
    <wordcount weight="1" > familiar </wordcount>
    <wordcount weight="1" > history </wordcount>
    <wordcount weight="1" > diseases </wordcount>
    <wordcount weight="1" > organized </wordcount>
    <wordcount weight="1" > earned </wordcount>
    <wordcount weight="1" > sociological </wordcount>
    <wordcount weight="1" > tackle </wordcount>
    <wordcount weight="1" > planned </wordcount>
    <wordcount weight="1" > commonwealth </wordcount>
    <wordcount weight="1" > factfinding </wordcount>
    <wordcount weight="1" > fish </wordcount>
    <wordcount weight="1" > arnd </wordcount>
    <wordcount weight="1" > initiated </wordcount>
    <wordcount weight="1" > linked </wordcount>
    <wordcount weight="1" > thinking </wordcount>
    <wordcount weight="1" > latin </wordcount>
    <wordcount weight="1" > endangered </wordcount>
    <wordcount weight="1" > associated </wordcount>
    <wordcount weight="1" > invite </wordcount>
    <wordcount weight="1" > note </wordcount>
    <wordcount weight="1" > consciousness </wordcount>
    <wordcount weight="1" > workers </wordcount>
    <wordcount weight="1" > teaching </wordcount>
    <wordcount weight="1" > air </wordcount>
    <wordcount weight="1" > dispersed </wordcount>
    <wordcount weight="1" > impact </wordcount>
    <wordcount weight="1" > receiving </wordcount>
    <wordcount weight="1" > record </wordcount>
    <wordcount weight="1" > comes </wordcount>
    <wordcount weight="1" > conclusion </wordcount>
    <wordcount weight="1" > respiration </wordcount>
    <wordcount weight="1" > complexity </wordcount>
    <wordcount weight="1" > exemplify </wordcount>
    <wordcount weight="1" > nasser </wordcount>
    <wordcount weight="1" > materials </wordcount>
    <wordcount weight="1" > industrial </wordcount>
    <wordcount weight="1" > cataloging </wordcount>
    <wordcount weight="1" > physiological </wordcount>
    <wordcount weight="1" > age </wordcount>
    <wordcount weight="1" > assist </wordcount>
    <wordcount weight="1" > department </wordcount>
    <wordcount weight="1" > motivates </wordcount>
    <wordcount weight="1" > experience </wordcount>
    <wordcount weight="1" > collaborative </wordcount>
    <wordcount weight="1" > extensive </wordcount>
    <wordcount weight="1" > clarifying </wordcount>
    <wordcount weight="1" > vapor </wordcount>
    <wordcount weight="1" > ever </wordcount>
    <wordcount weight="1" > increasingly </wordcount>
    <wordcount weight="1" > humanist </wordcount>
    <wordcount weight="1" > fitted </wordcount>
    <wordcount weight="1" > additional </wordcount>
    <wordcount weight="1" > nutritional </wordcount>
    <wordcount weight="1" > herbivores </wordcount>
    <wordcount weight="1" > japanese </wordcount>
    <wordcount weight="1" > spirit </wordcount>
    <wordcount weight="1" > encouragement </wordcount>
    <wordcount weight="1" > woody </wordcount>
    <wordcount weight="1" > precise </wordcount>
    <wordcount weight="1" > pseudotechnical </wordcount>
    <wordcount weight="1" > succeed </wordcount>
    <wordcount weight="1" > grazing </wordcount>
    <wordcount weight="1" > double </wordcount>
    <wordcount weight="1" > physical </wordcount>
    <wordcount weight="1" > sources </wordcount>
    <wordcount weight="1" > every </wordcount>
    <wordcount weight="1" > disappearing </wordcount>
    <wordcount weight="1" > served </wordcount>
    <wordcount weight="1" > exploitation </wordcount>
    <wordcount weight="1" > majority </wordcount>
    <wordcount weight="1" > expediencies </wordcount>
    <wordcount weight="1" > importing </wordcount>
    <wordcount weight="1" > trustee </wordcount>
    <wordcount weight="1" > wider </wordcount>
    <wordcount weight="1" > heritage </wordcount>
    <wordcount weight="1" > causing </wordcount>
    <wordcount weight="1" > imminent </wordcount>
    <wordcount weight="1" > founding </wordcount>
    <wordcount weight="1" > originally </wordcount>
    <wordcount weight="1" > helped </wordcount>
    <wordcount weight="1" > technique </wordcount>
    <wordcount weight="1" > power </wordcount>
    <wordcount weight="1" > flow </wordcount>
    <wordcount weight="1" > taken </wordcount>
    <wordcount weight="1" > links </wordcount>
    <wordcount weight="1" > faced </wordcount>
    <wordcount weight="1" > outcome </wordcount>
    <wordcount weight="1" > again </wordcount>
    <wordcount weight="1" > might </wordcount>
    <wordcount weight="1" > ancient </wordcount>
    <wordcount weight="1" > treatment </wordcount>
    <wordcount weight="1" > academy </wordcount>
    <wordcount weight="1" > attempt </wordcount>
    <wordcount weight="1" > vegetables </wordcount>
    <wordcount weight="1" > conceived </wordcount>
    <wordcount weight="1" > intellectually </wordcount>
    <wordcount weight="1" > presented </wordcount>
    <wordcount weight="1" > similarly </wordcount>
    <wordcount weight="1" > alienation </wordcount>
    <wordcount weight="1" > principle </wordcount>
    <wordcount weight="1" > rational </wordcount>
    <wordcount weight="1" > commonplace </wordcount>
    <wordcount weight="1" > designing </wordcount>
    <wordcount weight="1" > adherence </wordcount>
    <wordcount weight="1" > experiments </wordcount>
    <wordcount weight="1" > signified </wordcount>
    <wordcount weight="1" > standards </wordcount>
    <wordcount weight="1" > skills </wordcount>
    <wordcount weight="1" > closely </wordcount>
    <wordcount weight="1" > distribution </wordcount>
    <wordcount weight="1" > cultivated </wordcount>
    <wordcount weight="1" > communal </wordcount>
    <wordcount weight="1" > my </wordcount>
    <wordcount weight="1" > novel </wordcount>
    <wordcount weight="1" > fact </wordcount>
    <wordcount weight="1" > latent </wordcount>
    <wordcount weight="1" > auxiliary </wordcount>
    <wordcount weight="1" > acting </wordcount>
    <wordcount weight="1" > principles </wordcount>
    <wordcount weight="1" > pest </wordcount>
    <wordcount weight="1" > available </wordcount>
    <wordcount weight="1" > fundamental </wordcount>
    <wordcount weight="1" > imposes </wordcount>
    <wordcount weight="1" > did </wordcount>
    <wordcount weight="1" > leading </wordcount>
    <wordcount weight="1" > laboratory </wordcount>
    <wordcount weight="1" > pressure </wordcount>
    <wordcount weight="1" > succeeds </wordcount>
    <wordcount weight="1" > call </wordcount>
    <wordcount weight="1" > method </wordcount>
    <wordcount weight="1" > found </wordcount>
    <wordcount weight="1" > aegis </wordcount>
    <wordcount weight="1" > polluted </wordcount>
    <wordcount weight="1" > plan </wordcount>
    <wordcount weight="1" > expense </wordcount>
    <wordcount weight="1" > nuffield </wordcount>
    <wordcount weight="1" > erosion </wordcount>
    <wordcount weight="1" > called </wordcount>
    <wordcount weight="1" > typical </wordcount>
    <wordcount weight="1" > perennially </wordcount>
    <wordcount weight="1" > surprisingly </wordcount>
    <wordcount weight="1" > indeed </wordcount>
    <wordcount weight="1" > p </wordcount>
    <wordcount weight="1" > domestic </wordcount>
    <wordcount weight="1" > plays </wordcount>
    <wordcount weight="1" > choice </wordcount>
    <wordcount weight="1" > feed </wordcount>
    <wordcount weight="1" > organizes </wordcount>
    <wordcount weight="1" > foundation </wordcount>
    <wordcount weight="1" > striving </wordcount>
    <wordcount weight="1" > seven </wordcount>
    <wordcount weight="1" > dunes </wordcount>
    <wordcount weight="1" > senses </wordcount>
    <wordcount weight="1" > nutrients </wordcount>
    <wordcount weight="1" > forage </wordcount>
    <wordcount weight="1" > objectives </wordcount>
    <wordcount weight="1" > able </wordcount>
    <wordcount weight="1" > demands </wordcount>
    <wordcount weight="1" > diverse </wordcount>
    <wordcount weight="1" > obviously </wordcount>
    <wordcount weight="1" > adhere </wordcount>
    <wordcount weight="1" > closer </wordcount>
    <wordcount weight="1" > audience </wordcount>
    <wordcount weight="1" > complementing </wordcount>
    <wordcount weight="1" > end </wordcount>
    <wordcount weight="1" > uphold </wordcount>
    <wordcount weight="1" > depletion </wordcount>
    <wordcount weight="1" > gene </wordcount>
    <wordcount weight="1" > biomass </wordcount>
    <wordcount weight="1" > cultivation </wordcount>
    <wordcount weight="1" > number </wordcount>
    <wordcount weight="1" > covering </wordcount>
    <wordcount weight="1" > survey </wordcount>
    <wordcount weight="1" > identical </wordcount>
    <wordcount weight="1" > deserving </wordcount>
    <wordcount weight="1" > impending </wordcount>
    <wordcount weight="1" > distinctive </wordcount>
    <wordcount weight="1" > warmly </wordcount>
    <wordcount weight="1" > gulfs </wordcount>
    <wordcount weight="1" > closest </wordcount>
    <wordcount weight="1" > almost </wordcount>
    <wordcount weight="1" > convert </wordcount>
    <wordcount weight="1" > feature </wordcount>
    <wordcount weight="1" > simple </wordcount>
    <wordcount weight="1" > living </wordcount>
    <wordcount weight="1" > based </wordcount>
    <wordcount weight="1" > term </wordcount>
    <wordcount weight="1" > hydrology </wordcount>
    <wordcount weight="1" > urbanization </wordcount>
    <wordcount weight="1" > consist </wordcount>
    <wordcount weight="1" > turned </wordcount>
    <wordcount weight="1" > disseminate </wordcount>
    <wordcount weight="1" > outside </wordcount>
    <wordcount weight="1" > relatives </wordcount>
    <wordcount weight="1" > demography </wordcount>
    <wordcount weight="1" > greatly </wordcount>
    <wordcount weight="1" > growing </wordcount>
    <wordcount weight="1" > concepts </wordcount>
    <wordcount weight="1" > raised </wordcount>
    <wordcount weight="1" > foresters </wordcount>
    <wordcount weight="1" > evapotranspiration </wordcount>
    <wordcount weight="1" > dangers </wordcount>
    <wordcount weight="1" > supporters </wordcount>
    <wordcount weight="1" > classified </wordcount>
    <wordcount weight="1" > urgent </wordcount>
    <wordcount weight="1" > cultural </wordcount>
    <wordcount weight="1" > denied </wordcount>
    <wordcount weight="1" > somewhat </wordcount>
    <wordcount weight="1" > road </wordcount>
    <wordcount weight="1" > select </wordcount>
    <wordcount weight="1" > within </wordcount>
    <wordcount weight="1" > purposes </wordcount>
    <wordcount weight="1" > soviet </wordcount>
    <wordcount weight="1" > differing </wordcount>
    <wordcount weight="1" > transfers </wordcount>
    <wordcount weight="1" > does </wordcount>
    <wordcount weight="1" > indirect </wordcount>
    <wordcount weight="1" > execution </wordcount>
    <wordcount weight="1" > establish </wordcount>
    <wordcount weight="1" > physiology </wordcount>
    <wordcount weight="1" > relevant </wordcount>
    <wordcount weight="1" > viewed </wordcount>
    <wordcount weight="1" > similarities </wordcount>
    <wordcount weight="1" > terms </wordcount>
    <wordcount weight="1" > form </wordcount>
    <wordcount weight="1" > ultimately </wordcount>
    <wordcount weight="1" > drawn </wordcount>
    <wordcount weight="1" > multidisciplinary </wordcount>
    <wordcount weight="1" > involvement </wordcount>
    <wordcount weight="1" > truly </wordcount>
    <wordcount weight="1" > supports </wordcount>
    <wordcount weight="1" > scale </wordcount>
    <wordcount weight="1" > sciences </wordcount>
    <wordcount weight="1" > necessary </wordcount>
    <wordcount weight="1" > otherwise </wordcount>
    <wordcount weight="1" > attitude </wordcount>
    <wordcount weight="1" > wasted </wordcount>
    <wordcount weight="1" > existence </wordcount>
    <wordcount weight="1" > seasonal </wordcount>
    <wordcount weight="1" > explored </wordcount>
    <wordcount weight="1" > consultant </wordcount>
    <wordcount weight="1" > sounder </wordcount>
    <wordcount weight="1" > dwellers </wordcount>
    <wordcount weight="1" > gaps </wordcount>
    <wordcount weight="1" > find </wordcount>
    <wordcount weight="1" > adaptation </wordcount>
    <wordcount weight="1" > extent </wordcount>
    <wordcount weight="1" > dream </wordcount>
    <wordcount weight="1" > clever </wordcount>
    <wordcount weight="1" > component </wordcount>
    <wordcount weight="1" > capacity </wordcount>
    <wordcount weight="1" > advice </wordcount>
    <wordcount weight="1" > prepare </wordcount>
    <wordcount weight="1" > sought </wordcount>
    <wordcount weight="1" > integrity </wordcount>
    <wordcount weight="1" > malnutrition </wordcount>
    <wordcount weight="1" > adventurous </wordcount>
    <wordcount weight="1" > healthy </wordcount>
    <wordcount weight="1" > thoroughly </wordcount>
    <wordcount weight="1" > preparations </wordcount>
    <wordcount weight="1" > remains </wordcount>
    <wordcount weight="1" > recreational </wordcount>
    <wordcount weight="1" > failure </wordcount>
    <wordcount weight="1" > larger </wordcount>
    <wordcount weight="1" > produce </wordcount>
    <wordcount weight="1" > cain </wordcount>
    <wordcount weight="1" > struggling </wordcount>
    <wordcount weight="1" > gained </wordcount>
    <wordcount weight="1" > breakdown </wordcount>
    <wordcount weight="1" > felt </wordcount>
    <wordcount weight="1" > brings </wordcount>
    <wordcount weight="1" > capable </wordcount>
    <wordcount weight="1" > possible </wordcount>
    <wordcount weight="1" > replacement </wordcount>
    <wordcount weight="1" > greatest </wordcount>
    <wordcount weight="1" > activity </wordcount>
    <wordcount weight="1" > situated </wordcount>
    <wordcount weight="1" > arising </wordcount>
    <wordcount weight="1" > gains </wordcount>
    <wordcount weight="1" > slight </wordcount>
    <wordcount weight="1" > disease </wordcount>
    <wordcount weight="1" > lost </wordcount>
    <wordcount weight="1" > conference </wordcount>
    <wordcount weight="1" > pooling </wordcount>
    <wordcount weight="1" > bibliography </wordcount>
    <wordcount weight="1" > discovery </wordcount>
    <wordcount weight="1" > situations </wordcount>
    <wordcount weight="1" > safeguarded </wordcount>
    <wordcount weight="1" > upon </wordcount>
    <wordcount weight="1" > bear </wordcount>
    <wordcount weight="1" > obvious </wordcount>
    <wordcount weight="1" > measuring </wordcount>
    <wordcount weight="1" > extending </wordcount>
    <wordcount weight="1" > environments </wordcount>
    <wordcount weight="1" > combination </wordcount>
    <wordcount weight="1" > met </wordcount>
    <wordcount weight="1" > variations </wordcount>
    <wordcount weight="1" > alerted </wordcount>
    <wordcount weight="1" > except </wordcount>
    <wordcount weight="1" > forms </wordcount>
    <wordcount weight="1" > far </wordcount>
    <wordcount weight="1" > city </wordcount>
    <wordcount weight="1" > technologies </wordcount>
    <wordcount weight="1" > devising </wordcount>
    <wordcount weight="1" > awesome </wordcount>
    <wordcount weight="1" > apparent </wordcount>
    <wordcount weight="1" > legume </wordcount>
    <wordcount weight="1" > ecologists </wordcount>
    <wordcount weight="1" > related </wordcount>
    <wordcount weight="1" > apply </wordcount>
    <wordcount weight="1" > environmental </wordcount>
    <wordcount weight="1" > irretrievable </wordcount>
    <wordcount weight="1" > representing </wordcount>
    <wordcount weight="1" > himself </wordcount>
    <wordcount weight="1" > techniques </wordcount>
    <wordcount weight="1" > intended </wordcount>
    <wordcount weight="1" > controlling </wordcount>
    <wordcount weight="1" > introduction </wordcount>
    <wordcount weight="1" > significant </wordcount>
    <wordcount weight="1" > acute </wordcount>
    <wordcount weight="1" > year </wordcount>
    <wordcount weight="1" > gave </wordcount>
    <wordcount weight="1" > physiologist </wordcount>
    <wordcount weight="1" > freedom </wordcount>
    <wordcount weight="1" > sand </wordcount>
    <wordcount weight="1" > obtain </wordcount>
    <wordcount weight="1" > demanding </wordcount>
    <wordcount weight="1" > government </wordcount>
    <wordcount weight="1" > place </wordcount>
    <wordcount weight="1" > rivers </wordcount>
    <wordcount weight="1" > harmony </wordcount>
    <wordcount weight="1" > exciting </wordcount>
    <wordcount weight="1" > ordinary </wordcount>
    <wordcount weight="1" > broad </wordcount>
    <wordcount weight="1" > diversity </wordcount>
    <wordcount weight="1" > facets </wordcount>
    <wordcount weight="1" > technological </wordcount>
    <wordcount weight="1" > ecosystems </wordcount>
    <wordcount weight="1" > records </wordcount>
    <wordcount weight="1" > wherever </wordcount>
    <wordcount weight="1" > exploit </wordcount>
    <wordcount weight="1" > ideas </wordcount>
    <wordcount weight="1" > relevance </wordcount>
    <wordcount weight="1" > concentrate </wordcount>
    <wordcount weight="1" > actually </wordcount>
    <wordcount weight="1" > overcome </wordcount>
    <wordcount weight="1" > structures </wordcount>
    <wordcount weight="1" > think </wordcount>
    <wordcount weight="1" > nonlegume </wordcount>
    <wordcount weight="1" > real </wordcount>
    <wordcount weight="1" > technologists </wordcount>
    <wordcount weight="1" > comprehensive </wordcount>
    <wordcount weight="1" > thus </wordcount>
    <wordcount weight="1" > continue </wordcount>
    <wordcount weight="1" > rockefeller </wordcount>
    <wordcount weight="1" > includes </wordcount>
    <wordcount weight="1" > throughout </wordcount>
    <wordcount weight="1" > domesticated </wordcount>
    <wordcount weight="1" > justification </wordcount>
    <wordcount weight="1" > raising </wordcount>
    <wordcount weight="1" > sees </wordcount>
    <wordcount weight="1" > timber </wordcount>
    <wordcount weight="1" > suggested </wordcount>
    <wordcount weight="1" > regions </wordcount>
    <wordcount weight="1" > states </wordcount>
    <wordcount weight="1" > surely </wordcount>
    <wordcount weight="1" > evidence </wordcount>
    <wordcount weight="1" > shown </wordcount>
    <wordcount weight="1" > tell </wordcount>
    <wordcount weight="1" > preparation </wordcount>
    <wordcount weight="1" > eventual </wordcount>
    <wordcount weight="1" > severe </wordcount>
    <wordcount weight="1" > spectrum </wordcount>
    <wordcount weight="1" > immediate </wordcount>
    <wordcount weight="1" > drastic </wordcount>
    <wordcount weight="1" > doubtful </wordcount>
    <wordcount weight="1" > symbiosis </wordcount>
    <wordcount weight="1" > received </wordcount>
    <wordcount weight="1" > combine </wordcount>
    <wordcount weight="1" > countless </wordcount>
    <wordcount weight="1" > physiographical </wordcount>
    <wordcount weight="1" > strongest </wordcount>
    <wordcount weight="1" > three </wordcount>
    <wordcount weight="1" > finding </wordcount>
    <wordcount weight="1" > demanded </wordcount>
    <wordcount weight="1" > biochemical </wordcount>
    <wordcount weight="1" > following </wordcount>
    <wordcount weight="1" > envisaged </wordcount>
    <wordcount weight="1" > laboratories </wordcount>
    <wordcount weight="1" > discussed </wordcount>
    <wordcount weight="1" > restraint </wordcount>
    <wordcount weight="1" > pollution </wordcount>
    <wordcount weight="1" > chemical </wordcount>
    <wordcount weight="1" > outlast </wordcount>
    <wordcount weight="1" > certain </wordcount>
    <wordcount weight="1" > position </wordcount>
    <wordcount weight="1" > investigational </wordcount>
    <wordcount weight="1" > discerned </wordcount>
    <wordcount weight="1" > points </wordcount>
    <wordcount weight="1" > scarce </wordcount>
    <wordcount weight="1" > health </wordcount>
    <wordcount weight="1" > aided </wordcount>
    <wordcount weight="1" > banker </wordcount>
    <wordcount weight="1" > pests </wordcount>
    <wordcount weight="1" > profitable </wordcount>
    <wordcount weight="1" > momentous </wordcount>
    <wordcount weight="1" > permit </wordcount>
    <wordcount weight="1" > nutrient </wordcount>
    <wordcount weight="1" > running </wordcount>
    <wordcount weight="1" > converts </wordcount>
    <wordcount weight="1" > individual </wordcount>
    <wordcount weight="1" > instead </wordcount>
    <wordcount weight="1" > fauna </wordcount>
    <wordcount weight="1" > neglected </wordcount>
    <wordcount weight="1" > grown </wordcount>
    <wordcount weight="1" > needed </wordcount>
    <wordcount weight="1" > successful </wordcount>
    <wordcount weight="1" > leaf </wordcount>
    <wordcount weight="1" > liaison </wordcount>
    <wordcount weight="1" > spread </wordcount>
    <wordcount weight="1" > crops </wordcount>
    <wordcount weight="1" > questionable </wordcount>
    <wordcount weight="1" > receptive </wordcount>
    <wordcount weight="1" > aroused </wordcount>
    <wordcount weight="1" > realization </wordcount>
    <wordcount weight="1" > breeders </wordcount>
    <wordcount weight="1" > funds </wordcount>
    <wordcount weight="1" > insecticides </wordcount>
    <wordcount weight="1" > assured </wordcount>
    <wordcount weight="1" > modifications </wordcount>
    <wordcount weight="1" > played </wordcount>
    <wordcount weight="1" > stages </wordcount>
    <wordcount weight="1" > instrumentation </wordcount>
    <wordcount weight="1" > leitmotivs </wordcount>
    <wordcount weight="1" > retrieval </wordcount>
    <wordcount weight="1" > shortcuts </wordcount>
    <wordcount weight="1" > nonwoody </wordcount>
    <wordcount weight="1" > forming </wordcount>
    <wordcount weight="1" > kept </wordcount>
    <wordcount weight="1" > overstretched </wordcount>
    <wordcount weight="1" > stimulation </wordcount>
    <wordcount weight="1" > estimates </wordcount>
    <wordcount weight="1" > area </wordcount>
    <wordcount weight="1" > measured </wordcount>
    <wordcount weight="1" > distinct </wordcount>
    <wordcount weight="1" > involved </wordcount>
    <wordcount weight="1" > cognate </wordcount>
    <wordcount weight="1" > amino </wordcount>
    <wordcount weight="1" > isolation </wordcount>
    <wordcount weight="1" > around </wordcount>
    <wordcount weight="1" > untouched </wordcount>
    <wordcount weight="1" > campaign </wordcount>
    <wordcount weight="1" > exchange </wordcount>
    <wordcount weight="1" > loose </wordcount>
    <wordcount weight="1" > means </wordcount>
    <wordcount weight="1" > undertaken </wordcount>
    <wordcount weight="1" > reproductive </wordcount>
    <wordcount weight="1" > summary </wordcount>
    <wordcount weight="1" > perspective </wordcount>
    <wordcount weight="1" > several </wordcount>
    <wordcount weight="1" > frustrating </wordcount>
    <wordcount weight="1" > soil </wordcount>
    <wordcount weight="1" > depend </wordcount>
    <wordcount weight="1" > facing </wordcount>
    <wordcount weight="1" > supported </wordcount>
    <wordcount weight="1" > amount </wordcount>
    <wordcount weight="1" > scrub </wordcount>
    <wordcount weight="1" > although </wordcount>
    <wordcount weight="1" > apart </wordcount>
    <wordcount weight="1" > systems </wordcount>
    <wordcount weight="1" > corresponding </wordcount>
    <wordcount weight="1" > promote </wordcount>
    <wordcount weight="1" > imaginative </wordcount>
    <wordcount weight="1" > elaborate </wordcount>
    <wordcount weight="1" > methods </wordcount>
    <wordcount weight="1" > rest </wordcount>
    <wordcount weight="1" > straining </wordcount>
    <wordcount weight="1" > clarify </wordcount>
    <wordcount weight="1" > plethora </wordcount>
    <wordcount weight="1" > relation </wordcount>
    <wordcount weight="1" > suitable </wordcount>
    <wordcount weight="1" > compared </wordcount>
    <wordcount weight="1" > stand </wordcount>
    <wordcount weight="1" > topics </wordcount>
    <wordcount weight="1" > effective </wordcount>
    <wordcount weight="1" > twice </wordcount>
    <wordcount weight="1" > vary </wordcount>
    <wordcount weight="1" > fit </wordcount>
    <wordcount weight="1" > right </wordcount>
    <wordcount weight="1" > effect </wordcount>
    <wordcount weight="1" > increased </wordcount>
    <wordcount weight="1" > sentiments </wordcount>
    <wordcount weight="1" > estimate </wordcount>
    <wordcount weight="1" > family </wordcount>
    <wordcount weight="1" > enjoyed </wordcount>
    <wordcount weight="1" > symposia </wordcount>
    <wordcount weight="1" > early </wordcount>
    <wordcount weight="1" > conserving </wordcount>
    <wordcount weight="1" > ibip </wordcount>
    <wordcount weight="1" > maximum </wordcount>
    <wordcount weight="1" > empiricism </wordcount>
    <wordcount weight="1" > probably </wordcount>
    <wordcount weight="1" > aim </wordcount>
    <wordcount weight="1" > translate </wordcount>
    <wordcount weight="1" > council </wordcount>
    <wordcount weight="1" > dependent </wordcount>
    <wordcount weight="1" > mankind </wordcount>
    <wordcount weight="1" > look </wordcount>
    <wordcount weight="1" > dry </wordcount>
    <wordcount weight="1" > filling </wordcount>
    <wordcount weight="1" > minds </wordcount>
    <wordcount weight="1" > grain </wordcount>
    <wordcount weight="1" > details </wordcount>
    <wordcount weight="1" > seek </wordcount>
    <wordcount weight="1" > nonlegumes </wordcount>
    <wordcount weight="1" > appropriate </wordcount>
    <wordcount weight="1" > agenda </wordcount>
    <wordcount weight="1" > value </wordcount>
    <wordcount weight="1" > professional </wordcount>
    <wordcount weight="1" > cause </wordcount>
    <wordcount weight="1" > developmental </wordcount>
    <wordcount weight="1" > productive </wordcount>
    <wordcount weight="1" > inferior </wordcount>
    <wordcount weight="1" > attention </wordcount>
    <wordcount weight="1" > infinite </wordcount>
    <wordcount weight="1" > race </wordcount>
    <wordcount weight="1" > stanley </wordcount>
    <wordcount weight="1" > rates </wordcount>
    <wordcount weight="1" > sophistication </wordcount>
    <wordcount weight="1" > widely </wordcount>
    <wordcount weight="1" > division </wordcount>
    <wordcount weight="1" > small </wordcount>
    <wordcount weight="1" > species </wordcount>
    <wordcount weight="1" > perform </wordcount>
    <wordcount weight="1" > conducts </wordcount>
    <wordcount weight="1" > separate </wordcount>
    <wordcount weight="1" > parks </wordcount>
    <wordcount weight="1" > appeal </wordcount>
    <wordcount weight="1" > late </wordcount>
</article>
