<?xml version="1.0" encoding="UTF-8"?>
<article id="10.2307/4353229" >
    <wordcount weight="484" > the </wordcount>
    <wordcount weight="399" > of </wordcount>
    <wordcount weight="250" > and </wordcount>
    <wordcount weight="223" > in </wordcount>
    <wordcount weight="183" > to </wordcount>
    <wordcount weight="149" > a </wordcount>
    <wordcount weight="108" > at </wordcount>
    <wordcount weight="71" > species </wordcount>
    <wordcount weight="67" > plants </wordcount>
    <wordcount weight="63" > on </wordcount>
    <wordcount weight="62" > were </wordcount>
    <wordcount weight="61" > by </wordcount>
    <wordcount weight="59" > that </wordcount>
    <wordcount weight="54" > from </wordcount>
    <wordcount weight="52" > as </wordcount>
    <wordcount weight="45" > for </wordcount>
    <wordcount weight="44" > different </wordcount>
    <wordcount weight="40" > is </wordcount>
    <wordcount weight="37" > are </wordcount>
    <wordcount weight="36" > with </wordcount>
    <wordcount weight="35" > or </wordcount>
    <wordcount weight="32" > which </wordcount>
    <wordcount weight="31" > hereditary </wordcount>
    <wordcount weight="30" > his </wordcount>
    <wordcount weight="30" > their </wordcount>
    <wordcount weight="29" > forms </wordcount>
    <wordcount weight="27" > experiments </wordcount>
    <wordcount weight="27" > l </wordcount>
    <wordcount weight="27" > these </wordcount>
    <wordcount weight="26" > between </wordcount>
    <wordcount weight="25" > it </wordcount>
    <wordcount weight="25" > more </wordcount>
    <wordcount weight="25" > be </wordcount>
    <wordcount weight="24" > an </wordcount>
    <wordcount weight="24" > plant </wordcount>
    <wordcount weight="23" > but </wordcount>
    <wordcount weight="23" > new </wordcount>
    <wordcount weight="22" > has </wordcount>
    <wordcount weight="22" > same </wordcount>
    <wordcount weight="22" > alpine </wordcount>
    <wordcount weight="21" > bot </wordcount>
    <wordcount weight="20" > one </wordcount>
    <wordcount weight="20" > botanical </wordcount>
    <wordcount weight="19" > differences </wordcount>
    <wordcount weight="19" > some </wordcount>
    <wordcount weight="19" > environments </wordcount>
    <wordcount weight="19" > lowland </wordcount>
    <wordcount weight="19" > modifications </wordcount>
    <wordcount weight="19" > have </wordcount>
    <wordcount weight="18" > other </wordcount>
    <wordcount weight="18" > was </wordcount>
    <wordcount weight="18" > found </wordcount>
    <wordcount weight="18" > station </wordcount>
    <wordcount weight="18" > environment </wordcount>
    <wordcount weight="17" > this </wordcount>
    <wordcount weight="17" > he </wordcount>
    <wordcount weight="17" > natural </wordcount>
    <wordcount weight="17" > effects </wordcount>
    <wordcount weight="16" > may </wordcount>
    <wordcount weight="16" > study </wordcount>
    <wordcount weight="16" > p </wordcount>
    <wordcount weight="16" > garden </wordcount>
    <wordcount weight="16" > jour </wordcount>
    <wordcount weight="16" > grown </wordcount>
    <wordcount weight="15" > they </wordcount>
    <wordcount weight="15" > studies </wordcount>
    <wordcount weight="15" > changes </wordcount>
    <wordcount weight="15" > m </wordcount>
    <wordcount weight="15" > stations </wordcount>
    <wordcount weight="15" > under </wordcount>
    <wordcount weight="15" > range </wordcount>
    <wordcount weight="15" > not </wordcount>
    <wordcount weight="15" > years </wordcount>
    <wordcount weight="14" > each </wordcount>
    <wordcount weight="14" > into </wordcount>
    <wordcount weight="14" > such </wordcount>
    <wordcount weight="14" > most </wordcount>
    <wordcount weight="14" > while </wordcount>
    <wordcount weight="13" > within </wordcount>
    <wordcount weight="13" > review </wordcount>
    <wordcount weight="13" > no </wordcount>
    <wordcount weight="13" > certain </wordcount>
    <wordcount weight="13" > brought </wordcount>
    <wordcount weight="13" > its </wordcount>
    <wordcount weight="13" > many </wordcount>
    <wordcount weight="13" > been </wordcount>
    <wordcount weight="13" > effect </wordcount>
    <wordcount weight="13" > through </wordcount>
    <wordcount weight="12" > when </wordcount>
    <wordcount weight="12" > habitats </wordcount>
    <wordcount weight="12" > various </wordcount>
    <wordcount weight="12" > pp </wordcount>
    <wordcount weight="12" > experimental </wordcount>
    <wordcount weight="12" > wild </wordcount>
    <wordcount weight="12" > given </wordcount>
    <wordcount weight="11" > nature </wordcount>
    <wordcount weight="11" > development </wordcount>
    <wordcount weight="11" > races </wordcount>
    <wordcount weight="11" > factors </wordcount>
    <wordcount weight="11" > w </wordcount>
    <wordcount weight="11" > results </wordcount>
    <wordcount weight="11" > habitat </wordcount>
    <wordcount weight="11" > like </wordcount>
    <wordcount weight="11" > after </wordcount>
    <wordcount weight="11" > over </wordcount>
    <wordcount weight="11" > cultures </wordcount>
    <wordcount weight="10" > rev </wordcount>
    <wordcount weight="10" > those </wordcount>
    <wordcount weight="10" > variations </wordcount>
    <wordcount weight="10" > than </wordcount>
    <wordcount weight="10" > two </wordcount>
    <wordcount weight="10" > upon </wordcount>
    <wordcount weight="10" > california </wordcount>
    <wordcount weight="10" > transplanting </wordcount>
    <wordcount weight="10" > form </wordcount>
    <wordcount weight="10" > reported </wordcount>
    <wordcount weight="10" > morphological </wordcount>
    <wordcount weight="10" > characters </wordcount>
    <wordcount weight="9" > environmental </wordcount>
    <wordcount weight="9" > e </wordcount>
    <wordcount weight="9" > complex </wordcount>
    <wordcount weight="9" > h </wordcount>
    <wordcount weight="9" > first </wordcount>
    <wordcount weight="9" > s </wordcount>
    <wordcount weight="9" > altitudes </wordcount>
    <wordcount weight="9" > growth </wordcount>
    <wordcount weight="9" > bonnier </wordcount>
    <wordcount weight="9" > near </wordcount>
    <wordcount weight="9" > heredity </wordcount>
    <wordcount weight="9" > turesson </wordcount>
    <wordcount weight="9" > studied </wordcount>
    <wordcount weight="9" > conditions </wordcount>
    <wordcount weight="9" > high </wordcount>
    <wordcount weight="9" > usually </wordcount>
    <wordcount weight="9" > who </wordcount>
    <wordcount weight="8" > all </wordcount>
    <wordcount weight="8" > able </wordcount>
    <wordcount weight="8" > investigations </wordcount>
    <wordcount weight="8" > genetic </wordcount>
    <wordcount weight="8" > de </wordcount>
    <wordcount weight="8" > work </wordcount>
    <wordcount weight="8" > ten </wordcount>
    <wordcount weight="8" > hereditas </wordcount>
    <wordcount weight="8" > long </wordcount>
    <wordcount weight="8" > strains </wordcount>
    <wordcount weight="8" > also </wordcount>
    <wordcount weight="8" > number </wordcount>
    <wordcount weight="8" > taxonomic </wordcount>
    <wordcount weight="8" > become </wordcount>
    <wordcount weight="8" > seasonal </wordcount>
    <wordcount weight="8" > became </wordcount>
    <wordcount weight="8" > early </wordcount>
    <wordcount weight="7" > du </wordcount>
    <wordcount weight="7" > j </wordcount>
    <wordcount weight="7" > i </wordcount>
    <wordcount weight="7" > capacity </wordcount>
    <wordcount weight="7" > sci </wordcount>
    <wordcount weight="7" > coastal </wordcount>
    <wordcount weight="7" > reactions </wordcount>
    <wordcount weight="7" > grew </wordcount>
    <wordcount weight="7" > generally </wordcount>
    <wordcount weight="7" > had </wordcount>
    <wordcount weight="7" > amer </wordcount>
    <wordcount weight="7" > varieties </wordcount>
    <wordcount weight="7" > wide </wordcount>
    <wordcount weight="7" > well </wordcount>
    <wordcount weight="7" > breeding </wordcount>
    <wordcount weight="7" > related </wordcount>
    <wordcount weight="7" > both </wordcount>
    <wordcount weight="7" > und </wordcount>
    <wordcount weight="7" > f </wordcount>
    <wordcount weight="7" > light </wordcount>
    <wordcount weight="7" > only </wordcount>
    <wordcount weight="7" > time </wordcount>
    <wordcount weight="7" > less </wordcount>
    <wordcount weight="7" > native </wordcount>
    <wordcount weight="7" > elevations </wordcount>
    <wordcount weight="7" > made </wordcount>
    <wordcount weight="7" > including </wordcount>
    <wordcount weight="7" > kerner </wordcount>
    <wordcount weight="7" > low </wordcount>
    <wordcount weight="7" > la </wordcount>
    <wordcount weight="7" > types </wordcount>
    <wordcount weight="7" > very </wordcount>
    <wordcount weight="7" > n </wordcount>
    <wordcount weight="7" > sur </wordcount>
    <wordcount weight="6" > now </wordcount>
    <wordcount weight="6" > kinds </wordcount>
    <wordcount weight="6" > induced </wordcount>
    <wordcount weight="6" > transplant </wordcount>
    <wordcount weight="6" > individuals </wordcount>
    <wordcount weight="6" > exposed </wordcount>
    <wordcount weight="6" > santa </wordcount>
    <wordcount weight="6" > bull </wordcount>
    <wordcount weight="6" > generations </wordcount>
    <wordcount weight="6" > similar </wordcount>
    <wordcount weight="6" > produced </wordcount>
    <wordcount weight="6" > et </wordcount>
    <wordcount weight="6" > field </wordcount>
    <wordcount weight="6" > climate </wordcount>
    <wordcount weight="6" > coast </wordcount>
    <wordcount weight="6" > populations </wordcount>
    <wordcount weight="6" > experiment </wordcount>
    <wordcount weight="6" > survive </wordcount>
    <wordcount weight="6" > three </wordcount>
    <wordcount weight="6" > b </wordcount>
    <wordcount weight="6" > points </wordcount>
    <wordcount weight="6" > genetics </wordcount>
    <wordcount weight="6" > period </wordcount>
    <wordcount weight="6" > leaves </wordcount>
    <wordcount weight="6" > where </wordcount>
    <wordcount weight="6" > altitude </wordcount>
    <wordcount weight="6" > any </wordcount>
    <wordcount weight="6" > growing </wordcount>
    <wordcount weight="6" > der </wordcount>
    <wordcount weight="6" > plantago </wordcount>
    <wordcount weight="6" > des </wordcount>
    <wordcount weight="6" > transplanted </wordcount>
    <wordcount weight="6" > uniform </wordcount>
    <wordcount weight="6" > contrasting </wordcount>
    <wordcount weight="6" > north </wordcount>
    <wordcount weight="6" > observed </wordcount>
    <wordcount weight="5" > along </wordcount>
    <wordcount weight="5" > fixed </wordcount>
    <wordcount weight="5" > phleum </wordcount>
    <wordcount weight="5" > there </wordcount>
    <wordcount weight="5" > point </wordcount>
    <wordcount weight="5" > lesage </wordcount>
    <wordcount weight="5" > perennial </wordcount>
    <wordcount weight="5" > distinct </wordcount>
    <wordcount weight="5" > suitable </wordcount>
    <wordcount weight="5" > climates </wordcount>
    <wordcount weight="5" > developed </wordcount>
    <wordcount weight="5" > altitudinal </wordcount>
    <wordcount weight="5" > les </wordcount>
    <wordcount weight="5" > established </wordcount>
    <wordcount weight="5" > pratense </wordcount>
    <wordcount weight="5" > out </wordcount>
    <wordcount weight="5" > late </wordcount>
    <wordcount weight="5" > having </wordcount>
    <wordcount weight="5" > part </wordcount>
    <wordcount weight="5" > data </wordcount>
    <wordcount weight="5" > intermediate </wordcount>
    <wordcount weight="5" > during </wordcount>
    <wordcount weight="5" > regions </wordcount>
    <wordcount weight="5" > several </wordcount>
    <wordcount weight="5" > south </wordcount>
    <wordcount weight="5" > southern </wordcount>
    <wordcount weight="5" > selection </wordcount>
    <wordcount weight="5" > about </wordcount>
    <wordcount weight="5" > nat </wordcount>
    <wordcount weight="5" > water </wordcount>
    <wordcount weight="5" > external </wordcount>
    <wordcount weight="5" > v </wordcount>
    <wordcount weight="5" > ecology </wordcount>
    <wordcount weight="5" > another </wordcount>
    <wordcount weight="5" > so </wordcount>
    <wordcount weight="5" > poa </wordcount>
    <wordcount weight="5" > relation </wordcount>
    <wordcount weight="5" > can </wordcount>
    <wordcount weight="5" > structure </wordcount>
    <wordcount weight="5" > viola </wordcount>
    <wordcount weight="5" > ecol </wordcount>
    <wordcount weight="5" > constant </wordcount>
    <wordcount weight="5" > subalpine </wordcount>
    <wordcount weight="5" > them </wordcount>
    <wordcount weight="5" > extent </wordcount>
    <wordcount weight="5" > observations </wordcount>
    <wordcount weight="5" > die </wordcount>
    <wordcount weight="5" > d </wordcount>
    <wordcount weight="5" > evidence </wordcount>
    <wordcount weight="5" > gen </wordcount>
    <wordcount weight="5" > smaller </wordcount>
    <wordcount weight="5" > themselves </wordcount>
    <wordcount weight="5" > among </wordcount>
    <wordcount weight="5" > recent </wordcount>
    <wordcount weight="4" > common </wordcount>
    <wordcount weight="4" > if </wordcount>
    <wordcount weight="4" > later </wordcount>
    <wordcount weight="4" > groups </wordcount>
    <wordcount weight="4" > determine </wordcount>
    <wordcount weight="4" > units </wordcount>
    <wordcount weight="4" > being </wordcount>
    <wordcount weight="4" > biol </wordcount>
    <wordcount weight="4" > carnegie </wordcount>
    <wordcount weight="4" > earliness </wordcount>
    <wordcount weight="4" > concepts </wordcount>
    <wordcount weight="4" > soc </wordcount>
    <wordcount weight="4" > depending </wordcount>
    <wordcount weight="4" > acad </wordcount>
    <wordcount weight="4" > vol </wordcount>
    <wordcount weight="4" > except </wordcount>
    <wordcount weight="4" > differential </wordcount>
    <wordcount weight="4" > characteristic </wordcount>
    <wordcount weight="4" > annua </wordcount>
    <wordcount weight="4" > cytological </wordcount>
    <wordcount weight="4" > higher </wordcount>
    <wordcount weight="4" > precocity </wordcount>
    <wordcount weight="4" > von </wordcount>
    <wordcount weight="4" > wash </wordcount>
    <wordcount weight="4" > modified </wordcount>
    <wordcount weight="4" > vulgaris </wordcount>
    <wordcount weight="4" > four </wordcount>
    <wordcount weight="4" > important </wordcount>
    <wordcount weight="4" > view </wordcount>
    <wordcount weight="4" > clements </wordcount>
    <wordcount weight="4" > problem </wordcount>
    <wordcount weight="4" > fitted </wordcount>
    <wordcount weight="4" > zone </wordcount>
    <wordcount weight="4" > cannot </wordcount>
    <wordcount weight="4" > basis </wordcount>
    <wordcount weight="4" > inst </wordcount>
    <wordcount weight="4" > few </wordcount>
    <wordcount weight="4" > seeds </wordcount>
    <wordcount weight="4" > annual </wordcount>
    <wordcount weight="4" > seed </wordcount>
    <wordcount weight="4" > transplants </wordcount>
    <wordcount weight="4" > variety </wordcount>
    <wordcount weight="4" > macdougal </wordcount>
    <wordcount weight="4" > buch </wordcount>
    <wordcount weight="4" > taxonomy </wordcount>
    <wordcount weight="4" > zealand </wordcount>
    <wordcount weight="4" > conclusions </wordcount>
    <wordcount weight="4" > do </wordcount>
    <wordcount weight="4" > present </wordcount>
    <wordcount weight="4" > remained </wordcount>
    <wordcount weight="4" > demonstrated </wordcount>
    <wordcount weight="4" > general </wordcount>
    <wordcount weight="4" > tricolor </wordcount>
    <wordcount weight="4" > especially </wordcount>
    <wordcount weight="4" > northern </wordcount>
    <wordcount weight="4" > we </wordcount>
    <wordcount weight="4" > ranging </wordcount>
    <wordcount weight="4" > proc </wordcount>
    <wordcount weight="4" > sometimes </wordcount>
    <wordcount weight="4" > ecological </wordcount>
    <wordcount weight="4" > lines </wordcount>
    <wordcount weight="4" > considered </wordcount>
    <wordcount weight="4" > acquired </wordcount>
    <wordcount weight="4" > series </wordcount>
    <wordcount weight="4" > extensive </wordcount>
    <wordcount weight="4" > alps </wordcount>
    <wordcount weight="4" > did </wordcount>
    <wordcount weight="4" > merely </wordcount>
    <wordcount weight="4" > what </wordcount>
    <wordcount weight="4" > selected </wordcount>
    <wordcount weight="4" > prostrate </wordcount>
    <wordcount weight="4" > careful </wordcount>
    <wordcount weight="4" > distinguishable </wordcount>
    <wordcount weight="4" > fruiting </wordcount>
    <wordcount weight="4" > numerous </wordcount>
    <wordcount weight="4" > salt </wordcount>
    <wordcount weight="4" > develop </wordcount>
    <wordcount weight="4" > much </wordcount>
    <wordcount weight="4" > strong </wordcount>
    <wordcount weight="3" > grasses </wordcount>
    <wordcount weight="3" > group </wordcount>
    <wordcount weight="3" > becoming </wordcount>
    <wordcount weight="3" > large </wordcount>
    <wordcount weight="3" > flowering </wordcount>
    <wordcount weight="3" > appl </wordcount>
    <wordcount weight="3" > western </wordcount>
    <wordcount weight="3" > pinus </wordcount>
    <wordcount weight="3" > t </wordcount>
    <wordcount weight="3" > every </wordcount>
    <wordcount weight="3" > taken </wordcount>
    <wordcount weight="3" > season </wordcount>
    <wordcount weight="3" > allan </wordcount>
    <wordcount weight="3" > latitudes </wordcount>
    <wordcount weight="3" > crops </wordcount>
    <wordcount weight="3" > great </wordcount>
    <wordcount weight="3" > ecotypes </wordcount>
    <wordcount weight="3" > assembled </wordcount>
    <wordcount weight="3" > gregor </wordcount>
    <wordcount weight="3" > composition </wordcount>
    <wordcount weight="3" > inland </wordcount>
    <wordcount weight="3" > principal </wordcount>
    <wordcount weight="3" > british </wordcount>
    <wordcount weight="3" > side </wordcount>
    <wordcount weight="3" > fruit </wordcount>
    <wordcount weight="3" > hall </wordcount>
    <wordcount weight="3" > determined </wordcount>
    <wordcount weight="3" > occurring </wordcount>
    <wordcount weight="3" > relationships </wordcount>
    <wordcount weight="3" > due </wordcount>
    <wordcount weight="3" > g </wordcount>
    <wordcount weight="3" > catalina </wordcount>
    <wordcount weight="3" > causing </wordcount>
    <wordcount weight="3" > response </wordcount>
    <wordcount weight="3" > compared </wordcount>
    <wordcount weight="3" > even </wordcount>
    <wordcount weight="3" > whose </wordcount>
    <wordcount weight="3" > obtained </wordcount>
    <wordcount weight="3" > aquatic </wordcount>
    <wordcount weight="3" > virgaurea </wordcount>
    <wordcount weight="3" > sown </wordcount>
    <wordcount weight="3" > developments </wordcount>
    <wordcount weight="3" > retained </wordcount>
    <wordcount weight="3" > proved </wordcount>
    <wordcount weight="3" > dug </wordcount>
    <wordcount weight="3" > whereas </wordcount>
    <wordcount weight="3" > closely </wordcount>
    <wordcount weight="3" > based </wordcount>
    <wordcount weight="3" > begun </wordcount>
    <wordcount weight="3" > plot </wordcount>
    <wordcount weight="3" > combinations </wordcount>
    <wordcount weight="3" > further </wordcount>
    <wordcount weight="3" > pure </wordcount>
    <wordcount weight="3" > maritima </wordcount>
    <wordcount weight="3" > clonemembers </wordcount>
    <wordcount weight="3" > aspects </wordcount>
    <wordcount weight="3" > failure </wordcount>
    <wordcount weight="3" > protected </wordcount>
    <wordcount weight="3" > year </wordcount>
    <wordcount weight="3" > thrived </wordcount>
    <wordcount weight="3" > pyrenees </wordcount>
    <wordcount weight="3" > solidago </wordcount>
    <wordcount weight="3" > amphibious </wordcount>
    <wordcount weight="3" > le </wordcount>
    <wordcount weight="3" > concept </wordcount>
    <wordcount weight="3" > grow </wordcount>
    <wordcount weight="3" > tended </wordcount>
    <wordcount weight="3" > offspring </wordcount>
    <wordcount weight="3" > geographical </wordcount>
    <wordcount weight="3" > periods </wordcount>
    <wordcount weight="3" > davy </wordcount>
    <wordcount weight="3" > arrangement </wordcount>
    <wordcount weight="3" > reduced </wordcount>
    <wordcount weight="3" > short </wordcount>
    <wordcount weight="3" > located </wordcount>
    <wordcount weight="3" > barley </wordcount>
    <wordcount weight="3" > make </wordcount>
    <wordcount weight="3" > structural </wordcount>
    <wordcount weight="3" > vs </wordcount>
    <wordcount weight="3" > greenhouse </wordcount>
    <wordcount weight="3" > atriplex </wordcount>
    <wordcount weight="3" > latitude </wordcount>
    <wordcount weight="3" > regional </wordcount>
    <wordcount weight="3" > principles </wordcount>
    <wordcount weight="3" > toward </wordcount>
    <wordcount weight="3" > striking </wordcount>
    <wordcount weight="3" > grows </wordcount>
    <wordcount weight="3" > original </wordcount>
    <wordcount weight="3" > associates </wordcount>
    <wordcount weight="3" > significant </wordcount>
    <wordcount weight="3" > persisted </wordcount>
    <wordcount weight="3" > significance </wordcount>
    <wordcount weight="3" > individual </wordcount>
    <wordcount weight="3" > latter </wordcount>
    <wordcount weight="3" > favored </wordcount>
    <wordcount weight="3" > ann </wordcount>
    <wordcount weight="3" > physiological </wordcount>
    <wordcount weight="3" > concluded </wordcount>
    <wordcount weight="3" > stems </wordcount>
    <wordcount weight="3" > genetical </wordcount>
    <wordcount weight="3" > variable </wordcount>
    <wordcount weight="3" > massart </wordcount>
    <wordcount weight="3" > set </wordcount>
    <wordcount weight="3" > current </wordcount>
    <wordcount weight="3" > edaphic </wordcount>
    <wordcount weight="3" > better </wordcount>
    <wordcount weight="3" > places </wordcount>
    <wordcount weight="3" > following </wordcount>
    <wordcount weight="3" > terms </wordcount>
    <wordcount weight="3" > induction </wordcount>
    <wordcount weight="3" > erect </wordcount>
    <wordcount weight="3" > theory </wordcount>
    <wordcount weight="3" > produce </wordcount>
    <wordcount weight="3" > cockayne </wordcount>
    <wordcount weight="3" > size </wordcount>
    <wordcount weight="3" > trees </wordcount>
    <wordcount weight="3" > mod </wordcount>
    <wordcount weight="3" > subject </wordcount>
    <wordcount weight="3" > varied </wordcount>
    <wordcount weight="3" > shown </wordcount>
    <wordcount weight="3" > until </wordcount>
    <wordcount weight="3" > morphologically </wordcount>
    <wordcount weight="3" > mutations </wordcount>
    <wordcount weight="3" > desert </wordcount>
    <wordcount weight="3" > summary </wordcount>
    <wordcount weight="3" > moved </wordcount>
    <wordcount weight="3" > flora </wordcount>
    <wordcount weight="3" > experimentales </wordcount>
    <wordcount weight="3" > glomerata </wordcount>
    <wordcount weight="3" > silene </wordcount>
    <wordcount weight="3" > occur </wordcount>
    <wordcount weight="2" > frequent </wordcount>
    <wordcount weight="2" > surroundings </wordcount>
    <wordcount weight="2" > chromosome </wordcount>
    <wordcount weight="2" > limits </wordcount>
    <wordcount weight="2" > vienna </wordcount>
    <wordcount weight="2" > extend </wordcount>
    <wordcount weight="2" > introduction </wordcount>
    <wordcount weight="2" > evans </wordcount>
    <wordcount weight="2" > conversion </wordcount>
    <wordcount weight="2" > conducted </wordcount>
    <wordcount weight="2" > discover </wordcount>
    <wordcount weight="2" > designed </wordcount>
    <wordcount weight="2" > character </wordcount>
    <wordcount weight="2" > habits </wordcount>
    <wordcount weight="2" > polygonum </wordcount>
    <wordcount weight="2" > cocksfoot </wordcount>
    <wordcount weight="2" > viewpoints </wordcount>
    <wordcount weight="2" > something </wordcount>
    <wordcount weight="2" > polyploidy </wordcount>
    <wordcount weight="2" > lower </wordcount>
    <wordcount weight="2" > colchicine </wordcount>
    <wordcount weight="2" > plantes </wordcount>
    <wordcount weight="2" > dwarf </wordcount>
    <wordcount weight="2" > crepis </wordcount>
    <wordcount weight="2" > experimented </wordcount>
    <wordcount weight="2" > originally </wordcount>
    <wordcount weight="2" > thrive </wordcount>
    <wordcount weight="2" > attempt </wordcount>
    <wordcount weight="2" > advanced </wordcount>
    <wordcount weight="2" > seems </wordcount>
    <wordcount weight="2" > flowers </wordcount>
    <wordcount weight="2" > origin </wordcount>
    <wordcount weight="2" > emphasized </wordcount>
    <wordcount weight="2" > superficially </wordcount>
    <wordcount weight="2" > system </wordcount>
    <wordcount weight="2" > case </wordcount>
    <wordcount weight="2" > existence </wordcount>
    <wordcount weight="2" > planted </wordcount>
    <wordcount weight="2" > zur </wordcount>
    <wordcount weight="2" > soils </wordcount>
    <wordcount weight="2" > etc </wordcount>
    <wordcount weight="2" > greene </wordcount>
    <wordcount weight="2" > timothy </wordcount>
    <wordcount weight="2" > horticultural </wordcount>
    <wordcount weight="2" > mountains </wordcount>
    <wordcount weight="2" > diversity </wordcount>
    <wordcount weight="2" > central </wordcount>
    <wordcount weight="2" > thus </wordcount>
    <wordcount weight="2" > timber </wordcount>
    <wordcount weight="2" > copenhagen </wordcount>
    <wordcount weight="2" > alternately </wordcount>
    <wordcount weight="2" > author </wordcount>
    <wordcount weight="2" > sierra </wordcount>
    <wordcount weight="2" > american </wordcount>
    <wordcount weight="2" > kind </wordcount>
    <wordcount weight="2" > progressive </wordcount>
    <wordcount weight="2" > cases </wordcount>
    <wordcount weight="2" > relations </wordcount>
    <wordcount weight="2" > glandulosa </wordcount>
    <wordcount weight="2" > evident </wordcount>
    <wordcount weight="2" > concerning </wordcount>
    <wordcount weight="2" > amount </wordcount>
    <wordcount weight="2" > back </wordcount>
    <wordcount weight="2" > ponderosa </wordcount>
    <wordcount weight="2" > started </wordcount>
    <wordcount weight="2" > conversions </wordcount>
    <wordcount weight="2" > baccharis </wordcount>
    <wordcount weight="2" > suitability </wordcount>
    <wordcount weight="2" > aquatica </wordcount>
    <wordcount weight="2" > influence </wordcount>
    <wordcount weight="2" > russian </wordcount>
    <wordcount weight="2" > without </wordcount>
    <wordcount weight="2" > subjected </wordcount>
    <wordcount weight="2" > soviet </wordcount>
    <wordcount weight="2" > how </wordcount>
    <wordcount weight="2" > remain </wordcount>
    <wordcount weight="2" > var </wordcount>
    <wordcount weight="2" > conceptions </wordcount>
    <wordcount weight="2" > dianthus </wordcount>
    <wordcount weight="2" > taxonomists </wordcount>
    <wordcount weight="2" > adjustments </wordcount>
    <wordcount weight="2" > parts </wordcount>
    <wordcount weight="2" > special </wordcount>
    <wordcount weight="2" > especes </wordcount>
    <wordcount weight="2" > summarized </wordcount>
    <wordcount weight="2" > extremes </wordcount>
    <wordcount weight="2" > support </wordcount>
    <wordcount weight="2" > coprosma </wordcount>
    <wordcount weight="2" > recherches </wordcount>
    <wordcount weight="2" > injury </wordcount>
    <wordcount weight="2" > affect </wordcount>
    <wordcount weight="2" > university </wordcount>
    <wordcount weight="2" > sex </wordcount>
    <wordcount weight="2" > proposed </wordcount>
    <wordcount weight="2" > placed </wordcount>
    <wordcount weight="2" > gradually </wordcount>
    <wordcount weight="2" > weak </wordcount>
    <wordcount weight="2" > nageli </wordcount>
    <wordcount weight="2" > pilularis </wordcount>
    <wordcount weight="2" > calypogeia </wordcount>
    <wordcount weight="2" > shorter </wordcount>
    <wordcount weight="2" > comparisons </wordcount>
    <wordcount weight="2" > algiers </wordcount>
    <wordcount weight="2" > dc </wordcount>
    <wordcount weight="2" > greater </wordcount>
    <wordcount weight="2" > result </wordcount>
    <wordcount weight="2" > amphibium </wordcount>
    <wordcount weight="2" > bearing </wordcount>
    <wordcount weight="2" > could </wordcount>
    <wordcount weight="2" > appearance </wordcount>
    <wordcount weight="2" > six </wordcount>
    <wordcount weight="2" > changed </wordcount>
    <wordcount weight="2" > term </wordcount>
    <wordcount weight="2" > cultural </wordcount>
    <wordcount weight="2" > population </wordcount>
    <wordcount weight="2" > ruppia </wordcount>
    <wordcount weight="2" > applied </wordcount>
    <wordcount weight="2" > neobeckia </wordcount>
    <wordcount weight="2" > method </wordcount>
    <wordcount weight="2" > maturing </wordcount>
    <wordcount weight="2" > distinguish </wordcount>
    <wordcount weight="2" > rocks </wordcount>
    <wordcount weight="2" > r </wordcount>
    <wordcount weight="2" > purpose </wordcount>
    <wordcount weight="2" > example </wordcount>
    <wordcount weight="2" > whole </wordcount>
    <wordcount weight="2" > describe </wordcount>
    <wordcount weight="2" > shoots </wordcount>
    <wordcount weight="2" > climatic </wordcount>
    <wordcount weight="2" > records </wordcount>
    <wordcount weight="2" > precocite </wordcount>
    <wordcount weight="2" > rise </wordcount>
    <wordcount weight="2" > stanford </wordcount>
    <wordcount weight="2" > wheat </wordcount>
    <wordcount weight="2" > attributed </wordcount>
    <wordcount weight="2" > approach </wordcount>
    <wordcount weight="2" > involve </wordcount>
    <wordcount weight="2" > tested </wordcount>
    <wordcount weight="2" > germ </wordcount>
    <wordcount weight="2" > grass </wordcount>
    <wordcount weight="2" > stimulated </wordcount>
    <wordcount weight="2" > stresses </wordcount>
    <wordcount weight="2" > quite </wordcount>
    <wordcount weight="2" > involved </wordcount>
    <wordcount weight="2" > characteristics </wordcount>
    <wordcount weight="2" > geneticists </wordcount>
    <wordcount weight="2" > jordan </wordcount>
    <wordcount weight="2" > organs </wordcount>
    <wordcount weight="2" > distinguishing </wordcount>
    <wordcount weight="2" > french </wordcount>
    <wordcount weight="2" > cycle </wordcount>
    <wordcount weight="2" > tallest </wordcount>
    <wordcount weight="2" > rancho </wordcount>
    <wordcount weight="2" > will </wordcount>
    <wordcount weight="2" > critical </wordcount>
    <wordcount weight="2" > led </wordcount>
    <wordcount weight="2" > ana </wordcount>
    <wordcount weight="2" > situation </wordcount>
    <wordcount weight="2" > action </wordcount>
    <wordcount weight="2" > gradual </wordcount>
    <wordcount weight="2" > service </wordcount>
    <wordcount weight="2" > vavilov </wordcount>
    <wordcount weight="2" > july </wordcount>
    <wordcount weight="2" > uber </wordcount>
    <wordcount weight="2" > still </wordcount>
    <wordcount weight="2" > hieracium </wordcount>
    <wordcount weight="2" > direction </wordcount>
    <wordcount weight="2" > herbarium </wordcount>
    <wordcount weight="2" > biological </wordcount>
    <wordcount weight="2" > undergo </wordcount>
    <wordcount weight="2" > potentilla </wordcount>
    <wordcount weight="2" > yet </wordcount>
    <wordcount weight="2" > interpretation </wordcount>
    <wordcount weight="2" > suited </wordcount>
    <wordcount weight="2" > selective </wordcount>
    <wordcount weight="2" > german </wordcount>
    <wordcount weight="2" > clarified </wordcount>
    <wordcount weight="2" > complete </wordcount>
    <wordcount weight="2" > culture </wordcount>
    <wordcount weight="2" > noted </wordcount>
    <wordcount weight="2" > inheritance </wordcount>
    <wordcount weight="2" > inflorescences </wordcount>
    <wordcount weight="2" > precocious </wordcount>
    <wordcount weight="2" > others </wordcount>
    <wordcount weight="2" > nevada </wordcount>
    <wordcount weight="2" > towards </wordcount>
    <wordcount weight="2" > efforts </wordcount>
    <wordcount weight="2" > cultivated </wordcount>
    <wordcount weight="2" > twenty </wordcount>
    <wordcount weight="2" > idea </wordcount>
    <wordcount weight="2" > treatment </wordcount>
    <wordcount weight="2" > fundamental </wordcount>
    <wordcount weight="2" > plasm </wordcount>
    <wordcount weight="2" > crop </wordcount>
    <wordcount weight="2" > diverse </wordcount>
    <wordcount weight="2" > variation </wordcount>
    <wordcount weight="2" > habit </wordcount>
    <wordcount weight="2" > outside </wordcount>
    <wordcount weight="2" > publ </wordcount>
    <wordcount weight="2" > shrubs </wordcount>
    <wordcount weight="2" > dougl </wordcount>
    <wordcount weight="2" > agencies </wordcount>
    <wordcount weight="2" > pikes </wordcount>
    <wordcount weight="2" > understanding </wordcount>
    <wordcount weight="2" > examples </wordcount>
    <wordcount weight="2" > maritime </wordcount>
    <wordcount weight="2" > region </wordcount>
    <wordcount weight="2" > unpredictable </wordcount>
    <wordcount weight="2" > varying </wordcount>
    <wordcount weight="2" > factor </wordcount>
    <wordcount weight="2" > questions </wordcount>
    <wordcount weight="2" > variables </wordcount>
    <wordcount weight="2" > laboratory </wordcount>
    <wordcount weight="2" > transect </wordcount>
    <wordcount weight="2" > wheats </wordcount>
    <wordcount weight="2" > open </wordcount>
    <wordcount weight="2" > clear </wordcount>
    <wordcount weight="2" > discovered </wordcount>
    <wordcount weight="2" > transformation </wordcount>
    <wordcount weight="2" > authors </wordcount>
    <wordcount weight="2" > turrill </wordcount>
    <wordcount weight="2" > keep </wordcount>
    <wordcount weight="2" > length </wordcount>
    <wordcount weight="2" > direct </wordcount>
    <wordcount weight="2" > dry </wordcount>
    <wordcount weight="2" > int </wordcount>
    <wordcount weight="2" > vitamins </wordcount>
    <wordcount weight="2" > virville </wordcount>
    <wordcount weight="2" > comparing </wordcount>
    <wordcount weight="2" > often </wordcount>
    <wordcount weight="2" > viewpoint </wordcount>
    <wordcount weight="2" > differ </wordcount>
    <wordcount weight="2" > ecotype </wordcount>
    <wordcount weight="2" > relative </wordcount>
    <wordcount weight="2" > increasing </wordcount>
    <wordcount weight="2" > carried </wordcount>
    <wordcount weight="2" > tests </wordcount>
    <wordcount weight="2" > progeny </wordcount>
    <wordcount weight="2" > modification </wordcount>
    <wordcount weight="2" > flower </wordcount>
    <wordcount weight="2" > continued </wordcount>
    <wordcount weight="2" > claimed </wordcount>
    <wordcount weight="2" > slow </wordcount>
    <wordcount weight="2" > investigators </wordcount>
    <wordcount weight="2" > contribution </wordcount>
    <wordcount weight="2" > hered </wordcount>
    <wordcount weight="2" > methods </wordcount>
    <wordcount weight="2" > dans </wordcount>
    <wordcount weight="2" > analysis </wordcount>
    <wordcount weight="2" > jepson </wordcount>
    <wordcount weight="2" > itself </wordcount>
    <wordcount weight="2" > resemble </wordcount>
    <wordcount weight="2" > forest </wordcount>
    <wordcount weight="2" > earliest </wordcount>
    <wordcount weight="2" > differentiated </wordcount>
    <wordcount weight="2" > lepidium </wordcount>
    <wordcount weight="2" > demonstrate </wordcount>
    <wordcount weight="2" > fran </wordcount>
    <wordcount weight="2" > beside </wordcount>
    <wordcount weight="2" > physical </wordcount>
    <wordcount weight="2" > pt </wordcount>
    <wordcount weight="2" > here </wordcount>
    <wordcount weight="2" > milieu </wordcount>
    <wordcount weight="2" > alpestris </wordcount>
    <wordcount weight="2" > continental </wordcount>
    <wordcount weight="2" > stem </wordcount>
    <wordcount weight="2" > principle </wordcount>
    <wordcount weight="2" > rainfall </wordcount>
    <wordcount weight="2" > seedlings </wordcount>
    <wordcount weight="2" > monthly </wordcount>
    <wordcount weight="2" > semibaccata </wordcount>
    <wordcount weight="2" > agron </wordcount>
    <wordcount weight="2" > genus </wordcount>
    <wordcount weight="2" > southernmost </wordcount>
    <wordcount weight="2" > subtropics </wordcount>
    <wordcount weight="2" > humid </wordcount>
    <wordcount weight="2" > hiesey </wordcount>
    <wordcount weight="2" > nouvelles </wordcount>
    <wordcount weight="2" > utilized </wordcount>
    <wordcount weight="2" > just </wordcount>
    <wordcount weight="2" > coronopus </wordcount>
    <wordcount weight="2" > william </wordcount>
    <wordcount weight="2" > nomenclature </wordcount>
    <wordcount weight="2" > particular </wordcount>
    <wordcount weight="2" > temperatures </wordcount>
    <wordcount weight="2" > agricultural </wordcount>
    <wordcount weight="2" > distribution </wordcount>
    <wordcount weight="2" > adaptation </wordcount>
    <wordcount weight="2" > studying </wordcount>
    <wordcount weight="2" > gardens </wordcount>
    <wordcount weight="2" > hundreds </wordcount>
    <wordcount weight="2" > recognition </wordcount>
    <wordcount weight="2" > little </wordcount>
    <wordcount weight="2" > conclude </wordcount>
    <wordcount weight="2" > radiation </wordcount>
    <wordcount weight="2" > au </wordcount>
    <wordcount weight="2" > innsbruck </wordcount>
    <wordcount weight="2" > dactylis </wordcount>
    <wordcount weight="2" > differentiation </wordcount>
    <wordcount weight="2" > unable </wordcount>
    <wordcount weight="2" > difference </wordcount>
    <wordcount weight="2" > hormones </wordcount>
    <wordcount weight="2" > genetically </wordcount>
    <wordcount weight="2" > temperature </wordcount>
    <wordcount weight="2" > indistinguishable </wordcount>
    <wordcount weight="2" > course </wordcount>
    <wordcount weight="2" > although </wordcount>
    <wordcount weight="2" > land </wordcount>
    <wordcount weight="2" > anatomical </wordcount>
    <wordcount weight="2" > attempted </wordcount>
    <wordcount weight="2" > remains </wordcount>
    <wordcount weight="2" > classification </wordcount>
    <wordcount weight="2" > c </wordcount>
    <wordcount weight="2" > reached </wordcount>
    <wordcount weight="2" > interaction </wordcount>
    <wordcount weight="2" > corn </wordcount>
    <wordcount weight="2" > cause </wordcount>
    <wordcount weight="2" > col </wordcount>
    <wordcount weight="2" > close </wordcount>
    <wordcount weight="1" > intimately </wordcount>
    <wordcount weight="1" > supplements </wordcount>
    <wordcount weight="1" > impossibility </wordcount>
    <wordcount weight="1" > does </wordcount>
    <wordcount weight="1" > hle </wordcount>
    <wordcount weight="1" > individuelle </wordcount>
    <wordcount weight="1" > stimuli </wordcount>
    <wordcount weight="1" > mostly </wordcount>
    <wordcount weight="1" > alpinus </wordcount>
    <wordcount weight="1" > body </wordcount>
    <wordcount weight="1" > way </wordcount>
    <wordcount weight="1" > lamarckian </wordcount>
    <wordcount weight="1" > rostrata </wordcount>
    <wordcount weight="1" > concerned </wordcount>
    <wordcount weight="1" > climat </wordcount>
    <wordcount weight="1" > quickly </wordcount>
    <wordcount weight="1" > interrelation </wordcount>
    <wordcount weight="1" > northernmost </wordcount>
    <wordcount weight="1" > encouraged </wordcount>
    <wordcount weight="1" > separated </wordcount>
    <wordcount weight="1" > represent </wordcount>
    <wordcount weight="1" > weeding </wordcount>
    <wordcount weight="1" > cells </wordcount>
    <wordcount weight="1" > college </wordcount>
    <wordcount weight="1" > trans </wordcount>
    <wordcount weight="1" > laxifolia </wordcount>
    <wordcount weight="1" > branches </wordcount>
    <wordcount weight="1" > considerably </wordcount>
    <wordcount weight="1" > differentiating </wordcount>
    <wordcount weight="1" > distributed </wordcount>
    <wordcount weight="1" > pools </wordcount>
    <wordcount weight="1" > laxa </wordcount>
    <wordcount weight="1" > scottish </wordcount>
    <wordcount weight="1" > likewise </wordcount>
    <wordcount weight="1" > needed </wordcount>
    <wordcount weight="1" > unsatisfactory </wordcount>
    <wordcount weight="1" > societte </wordcount>
    <wordcount weight="1" > rend </wordcount>
    <wordcount weight="1" > leningrad </wordcount>
    <wordcount weight="1" > zusammenhang </wordcount>
    <wordcount weight="1" > tend </wordcount>
    <wordcount weight="1" > maize </wordcount>
    <wordcount weight="1" > om </wordcount>
    <wordcount weight="1" > peas </wordcount>
    <wordcount weight="1" > introducing </wordcount>
    <wordcount weight="1" > med </wordcount>
    <wordcount weight="1" > sets </wordcount>
    <wordcount weight="1" > chromosomenmutationen </wordcount>
    <wordcount weight="1" > anthyllis </wordcount>
    <wordcount weight="1" > contend </wordcount>
    <wordcount weight="1" > vesca </wordcount>
    <wordcount weight="1" > mit </wordcount>
    <wordcount weight="1" > sativum </wordcount>
    <wordcount weight="1" > meristems </wordcount>
    <wordcount weight="1" > conscious </wordcount>
    <wordcount weight="1" > wolf </wordcount>
    <wordcount weight="1" > experimentation </wordcount>
    <wordcount weight="1" > myrica </wordcount>
    <wordcount weight="1" > former </wordcount>
    <wordcount weight="1" > descriptive </wordcount>
    <wordcount weight="1" > senecio </wordcount>
    <wordcount weight="1" > neues </wordcount>
    <wordcount weight="1" > propinqua </wordcount>
    <wordcount weight="1" > chassis </wordcount>
    <wordcount weight="1" > culms </wordcount>
    <wordcount weight="1" > hagstrom </wordcount>
    <wordcount weight="1" > organic </wordcount>
    <wordcount weight="1" > history </wordcount>
    <wordcount weight="1" > unlike </wordcount>
    <wordcount weight="1" > variants </wordcount>
    <wordcount weight="1" > turfs </wordcount>
    <wordcount weight="1" > observing </wordcount>
    <wordcount weight="1" > linien </wordcount>
    <wordcount weight="1" > cuneata </wordcount>
    <wordcount weight="1" > lowlands </wordcount>
    <wordcount weight="1" > plantations </wordcount>
    <wordcount weight="1" > continuous </wordcount>
    <wordcount weight="1" > permitted </wordcount>
    <wordcount weight="1" > experience </wordcount>
    <wordcount weight="1" > fluctuations </wordcount>
    <wordcount weight="1" > epharmoone </wordcount>
    <wordcount weight="1" > said </wordcount>
    <wordcount weight="1" > perenne </wordcount>
    <wordcount weight="1" > torreya </wordcount>
    <wordcount weight="1" > tids </wordcount>
    <wordcount weight="1" > vet </wordcount>
    <wordcount weight="1" > drugs </wordcount>
    <wordcount weight="1" > deren </wordcount>
    <wordcount weight="1" > progressed </wordcount>
    <wordcount weight="1" > matured </wordcount>
    <wordcount weight="1" > ii </wordcount>
    <wordcount weight="1" > give </wordcount>
    <wordcount weight="1" > indicated </wordcount>
    <wordcount weight="1" > planting </wordcount>
    <wordcount weight="1" > might </wordcount>
    <wordcount weight="1" > rhacomitrium </wordcount>
    <wordcount weight="1" > rapid </wordcount>
    <wordcount weight="1" > calcareous </wordcount>
    <wordcount weight="1" > fragmentary </wordcount>
    <wordcount weight="1" > analogies </wordcount>
    <wordcount weight="1" > kiefer </wordcount>
    <wordcount weight="1" > reach </wordcount>
    <wordcount weight="1" > height </wordcount>
    <wordcount weight="1" > genecologic </wordcount>
    <wordcount weight="1" > available </wordcount>
    <wordcount weight="1" > assembling </wordcount>
    <wordcount weight="1" > leading </wordcount>
    <wordcount weight="1" > accommodate </wordcount>
    <wordcount weight="1" > advantage </wordcount>
    <wordcount weight="1" > rennes </wordcount>
    <wordcount weight="1" > simple </wordcount>
    <wordcount weight="1" > confusion </wordcount>
    <wordcount weight="1" > accumulated </wordcount>
    <wordcount weight="1" > germination </wordcount>
    <wordcount weight="1" > producing </wordcount>
    <wordcount weight="1" > bos </wordcount>
    <wordcount weight="1" > spray </wordcount>
    <wordcount weight="1" > densifolia </wordcount>
    <wordcount weight="1" > modificatio </wordcount>
    <wordcount weight="1" > hundred </wordcount>
    <wordcount weight="1" > concludes </wordcount>
    <wordcount weight="1" > procedure </wordcount>
    <wordcount weight="1" > solutions </wordcount>
    <wordcount weight="1" > pflanzenleben </wordcount>
    <wordcount weight="1" > resulting </wordcount>
    <wordcount weight="1" > take </wordcount>
    <wordcount weight="1" > torr </wordcount>
    <wordcount weight="1" > unto </wordcount>
    <wordcount weight="1" > feature </wordcount>
    <wordcount weight="1" > differentes </wordcount>
    <wordcount weight="1" > nicotiana </wordcount>
    <wordcount weight="1" > biologists </wordcount>
    <wordcount weight="1" > lanuginosum </wordcount>
    <wordcount weight="1" > consist </wordcount>
    <wordcount weight="1" > floral </wordcount>
    <wordcount weight="1" > priest </wordcount>
    <wordcount weight="1" > greatly </wordcount>
    <wordcount weight="1" > fait </wordcount>
    <wordcount weight="1" > influences </wordcount>
    <wordcount weight="1" > reserved </wordcount>
    <wordcount weight="1" > ber </wordcount>
    <wordcount weight="1" > vernalization </wordcount>
    <wordcount weight="1" > alpes </wordcount>
    <wordcount weight="1" > gerste </wordcount>
    <wordcount weight="1" > verbascum </wordcount>
    <wordcount weight="1" > determinative </wordcount>
    <wordcount weight="1" > declivities </wordcount>
    <wordcount weight="1" > mousses </wordcount>
    <wordcount weight="1" > issue </wordcount>
    <wordcount weight="1" > bulbous </wordcount>
    <wordcount weight="1" > occasional </wordcount>
    <wordcount weight="1" > corresponded </wordcount>
    <wordcount weight="1" > advocates </wordcount>
    <wordcount weight="1" > polymorphic </wordcount>
    <wordcount weight="1" > statens </wordcount>
    <wordcount weight="1" > key </wordcount>
    <wordcount weight="1" > bur </wordcount>
    <wordcount weight="1" > paved </wordcount>
    <wordcount weight="1" > sought </wordcount>
    <wordcount weight="1" > mass </wordcount>
    <wordcount weight="1" > arvensis </wordcount>
    <wordcount weight="1" > springtransplant </wordcount>
    <wordcount weight="1" > verontica </wordcount>
    <wordcount weight="1" > chromosomal </wordcount>
    <wordcount weight="1" > sash </wordcount>
    <wordcount weight="1" > distributing </wordcount>
    <wordcount weight="1" > capable </wordcount>
    <wordcount weight="1" > fitting </wordcount>
    <wordcount weight="1" > possible </wordcount>
    <wordcount weight="1" > plantings </wordcount>
    <wordcount weight="1" > bloom </wordcount>
    <wordcount weight="1" > slight </wordcount>
    <wordcount weight="1" > fritz </wordcount>
    <wordcount weight="1" > anatomically </wordcount>
    <wordcount weight="1" > alter </wordcount>
    <wordcount weight="1" > bibliography </wordcount>
    <wordcount weight="1" > maleyev </wordcount>
    <wordcount weight="1" > alone </wordcount>
    <wordcount weight="1" > genotypical </wordcount>
    <wordcount weight="1" > vestamerikanske </wordcount>
    <wordcount weight="1" > x </wordcount>
    <wordcount weight="1" > far </wordcount>
    <wordcount weight="1" > conception </wordcount>
    <wordcount weight="1" > cardamine </wordcount>
    <wordcount weight="1" > typica </wordcount>
    <wordcount weight="1" > horticulturists </wordcount>
    <wordcount weight="1" > correlation </wordcount>
    <wordcount weight="1" > himself </wordcount>
    <wordcount weight="1" > depletion </wordcount>
    <wordcount weight="1" > sand </wordcount>
    <wordcount weight="1" > collection </wordcount>
    <wordcount weight="1" > behavior </wordcount>
    <wordcount weight="1" > succeed </wordcount>
    <wordcount weight="1" > terrestrials </wordcount>
    <wordcount weight="1" > phase </wordcount>
    <wordcount weight="1" > includes </wordcount>
    <wordcount weight="1" > crossing </wordcount>
    <wordcount weight="1" > procerus </wordcount>
    <wordcount weight="1" > vegetales </wordcount>
    <wordcount weight="1" > undulatum </wordcount>
    <wordcount weight="1" > belgique </wordcount>
    <wordcount weight="1" > modify </wordcount>
    <wordcount weight="1" > severe </wordcount>
    <wordcount weight="1" > facts </wordcount>
    <wordcount weight="1" > lotus </wordcount>
    <wordcount weight="1" > accommodation </wordcount>
    <wordcount weight="1" > feasibility </wordcount>
    <wordcount weight="1" > since </wordcount>
    <wordcount weight="1" > experimentelle </wordcount>
    <wordcount weight="1" > interior </wordcount>
    <wordcount weight="1" > jeffreyi </wordcount>
    <wordcount weight="1" > realized </wordcount>
    <wordcount weight="1" > waldbaume </wordcount>
    <wordcount weight="1" > molded </wordcount>
    <wordcount weight="1" > agent </wordcount>
    <wordcount weight="1" > relatively </wordcount>
    <wordcount weight="1" > basal </wordcount>
    <wordcount weight="1" > adopted </wordcount>
    <wordcount weight="1" > samen </wordcount>
    <wordcount weight="1" > heterogeneity </wordcount>
    <wordcount weight="1" > botanic </wordcount>
    <wordcount weight="1" > occurs </wordcount>
    <wordcount weight="1" > club </wordcount>
    <wordcount weight="1" > untersuchungen </wordcount>
    <wordcount weight="1" > morphologische </wordcount>
    <wordcount weight="1" > application </wordcount>
    <wordcount weight="1" > sedum </wordcount>
    <wordcount weight="1" > tucson </wordcount>
    <wordcount weight="1" > jr </wordcount>
    <wordcount weight="1" > emerges </wordcount>
    <wordcount weight="1" > media </wordcount>
    <wordcount weight="1" > sample </wordcount>
    <wordcount weight="1" > mild </wordcount>
    <wordcount weight="1" > admitted </wordcount>
    <wordcount weight="1" > vegetative </wordcount>
    <wordcount weight="1" > scapanien </wordcount>
    <wordcount weight="1" > weaknesses </wordcount>
    <wordcount weight="1" > thing </wordcount>
    <wordcount weight="1" > chez </wordcount>
    <wordcount weight="1" > parallelism </wordcount>
    <wordcount weight="1" > clay </wordcount>
    <wordcount weight="1" > maintaining </wordcount>
    <wordcount weight="1" > bay </wordcount>
    <wordcount weight="1" > david </wordcount>
    <wordcount weight="1" > intensities </wordcount>
    <wordcount weight="1" > bullock </wordcount>
    <wordcount weight="1" > differently </wordcount>
    <wordcount weight="1" > lat </wordcount>
    <wordcount weight="1" > completing </wordcount>
    <wordcount weight="1" > restrict </wordcount>
    <wordcount weight="1" > methodik </wordcount>
    <wordcount weight="1" > young </wordcount>
    <wordcount weight="1" > served </wordcount>
    <wordcount weight="1" > remarques </wordcount>
    <wordcount weight="1" > applying </wordcount>
    <wordcount weight="1" > third </wordcount>
    <wordcount weight="1" > twice </wordcount>
    <wordcount weight="1" > leaf </wordcount>
    <wordcount weight="1" > walter </wordcount>
    <wordcount weight="1" > thin </wordcount>
    <wordcount weight="1" > forsok </wordcount>
    <wordcount weight="1" > find </wordcount>
    <wordcount weight="1" > undulata </wordcount>
    <wordcount weight="1" > died </wordcount>
    <wordcount weight="1" > competition </wordcount>
    <wordcount weight="1" > storage </wordcount>
    <wordcount weight="1" > anii </wordcount>
    <wordcount weight="1" > y </wordcount>
    <wordcount weight="1" > drawn </wordcount>
    <wordcount weight="1" > lolium </wordcount>
    <wordcount weight="1" > details </wordcount>
    <wordcount weight="1" > apparently </wordcount>
    <wordcount weight="1" > tragard </wordcount>
    <wordcount weight="1" > leadership </wordcount>
    <wordcount weight="1" > cerifera </wordcount>
    <wordcount weight="1" > botanique </wordcount>
    <wordcount weight="1" > physiologique </wordcount>
    <wordcount weight="1" > acted </wordcount>
    <wordcount weight="1" > valleys </wordcount>
    <wordcount weight="1" > wouldtransplant </wordcount>
    <wordcount weight="1" > protoplasmic </wordcount>
    <wordcount weight="1" > according </wordcount>
    <wordcount weight="1" > centaurea </wordcount>
    <wordcount weight="1" > elementaires </wordcount>
    <wordcount weight="1" > nomenklatursystem </wordcount>
    <wordcount weight="1" > aquatics </wordcount>
    <wordcount weight="1" > vestlandets </wordcount>
    <wordcount weight="1" > poorly </wordcount>
    <wordcount weight="1" > depths </wordcount>
    <wordcount weight="1" > mechanism </wordcount>
    <wordcount weight="1" > gehard </wordcount>
    <wordcount weight="1" > phases </wordcount>
    <wordcount weight="1" > natur </wordcount>
    <wordcount weight="1" > aim </wordcount>
    <wordcount weight="1" > failed </wordcount>
    <wordcount weight="1" > seventh </wordcount>
    <wordcount weight="1" > behave </wordcount>
    <wordcount weight="1" > cytologists </wordcount>
    <wordcount weight="1" > gaining </wordcount>
    <wordcount weight="1" > silvestris </wordcount>
    <wordcount weight="1" > fort </wordcount>
    <wordcount weight="1" > iti </wordcount>
    <wordcount weight="1" > recognized </wordcount>
    <wordcount weight="1" > york </wordcount>
    <wordcount weight="1" > timetransplant </wordcount>
    <wordcount weight="1" > essential </wordcount>
    <wordcount weight="1" > einar </wordcount>
    <wordcount weight="1" > nordeuropas </wordcount>
    <wordcount weight="1" > biologische </wordcount>
    <wordcount weight="1" > syrach </wordcount>
    <wordcount weight="1" > synthesizing </wordcount>
    <wordcount weight="1" > begrenzung </wordcount>
    <wordcount weight="1" > reproduce </wordcount>
    <wordcount weight="1" > purely </wordcount>
    <wordcount weight="1" > naisme </wordcount>
    <wordcount weight="1" > spathulaefolia </wordcount>
    <wordcount weight="1" > principally </wordcount>
    <wordcount weight="1" > cushions </wordcount>
    <wordcount weight="1" > midi </wordcount>
    <wordcount weight="1" > adapt </wordcount>
    <wordcount weight="1" > mountain </wordcount>
    <wordcount weight="1" > basic </wordcount>
    <wordcount weight="1" > en </wordcount>
    <wordcount weight="1" > unit </wordcount>
    <wordcount weight="1" > evaluation </wordcount>
    <wordcount weight="1" > levels </wordcount>
    <wordcount weight="1" > crest </wordcount>
    <wordcount weight="1" > notion </wordcount>
    <wordcount weight="1" > process </wordcount>
    <wordcount weight="1" > untimely </wordcount>
    <wordcount weight="1" > spermatophyta </wordcount>
    <wordcount weight="1" > parents </wordcount>
    <wordcount weight="1" > einwirkung </wordcount>
    <wordcount weight="1" > dealt </wordcount>
    <wordcount weight="1" > taller </wordcount>
    <wordcount weight="1" > substantiate </wordcount>
    <wordcount weight="1" > arteinheiten </wordcount>
    <wordcount weight="1" > connected </wordcount>
    <wordcount weight="1" > salinity </wordcount>
    <wordcount weight="1" > gracillima </wordcount>
    <wordcount weight="1" > derived </wordcount>
    <wordcount weight="1" > runcinata </wordcount>
    <wordcount weight="1" > induce </wordcount>
    <wordcount weight="1" > stapledon </wordcount>
    <wordcount weight="1" > winters </wordcount>
    <wordcount weight="1" > nos </wordcount>
    <wordcount weight="1" > creek </wordcount>
    <wordcount weight="1" > ascending </wordcount>
    <wordcount weight="1" > cail </wordcount>
    <wordcount weight="1" > vorarbeiten </wordcount>
    <wordcount weight="1" > lots </wordcount>
    <wordcount weight="1" > experiences </wordcount>
    <wordcount weight="1" > meet </wordcount>
    <wordcount weight="1" > reason </wordcount>
    <wordcount weight="1" > arid </wordcount>
    <wordcount weight="1" > understand </wordcount>
    <wordcount weight="1" > ecad </wordcount>
    <wordcount weight="1" > albert </wordcount>
    <wordcount weight="1" > cytogenetics </wordcount>
    <wordcount weight="1" > epilobium </wordcount>
    <wordcount weight="1" > ges </wordcount>
    <wordcount weight="1" > wanted </wordcount>
    <wordcount weight="1" > calif </wordcount>
    <wordcount weight="1" > consider </wordcount>
    <wordcount weight="1" > possibly </wordcount>
    <wordcount weight="1" > photoperiodism </wordcount>
    <wordcount weight="1" > statistical </wordcount>
    <wordcount weight="1" > scale </wordcount>
    <wordcount weight="1" > familiar </wordcount>
    <wordcount weight="1" > yellow </wordcount>
    <wordcount weight="1" > clearly </wordcount>
    <wordcount weight="1" > gracilis </wordcount>
    <wordcount weight="1" > floras </wordcount>
    <wordcount weight="1" > air </wordcount>
    <wordcount weight="1" > moossystematische </wordcount>
    <wordcount weight="1" > receiving </wordcount>
    <wordcount weight="1" > k </wordcount>
    <wordcount weight="1" > slate </wordcount>
    <wordcount weight="1" > shore </wordcount>
    <wordcount weight="1" > raddi </wordcount>
    <wordcount weight="1" > listed </wordcount>
    <wordcount weight="1" > prevent </wordcount>
    <wordcount weight="1" > mixtures </wordcount>
    <wordcount weight="1" > situations </wordcount>
    <wordcount weight="1" > show </wordcount>
    <wordcount weight="1" > variously </wordcount>
    <wordcount weight="1" > alpinum </wordcount>
    <wordcount weight="1" > biotic </wordcount>
    <wordcount weight="1" > definite </wordcount>
    <wordcount weight="1" > lepidiunt </wordcount>
    <wordcount weight="1" > genotypes </wordcount>
    <wordcount weight="1" > problems </wordcount>
    <wordcount weight="1" > belgian </wordcount>
    <wordcount weight="1" > pierre </wordcount>
    <wordcount weight="1" > erroneous </wordcount>
    <wordcount weight="1" > breweri </wordcount>
    <wordcount weight="1" > alexis </wordcount>
    <wordcount weight="1" > warmer </wordcount>
    <wordcount weight="1" > deut </wordcount>
    <wordcount weight="1" > norway </wordcount>
    <wordcount weight="1" > wiltshire </wordcount>
    <wordcount weight="1" > gravis </wordcount>
    <wordcount weight="1" > polygonuttm </wordcount>
    <wordcount weight="1" > quanfitative </wordcount>
    <wordcount weight="1" > sv </wordcount>
    <wordcount weight="1" > ou </wordcount>
    <wordcount weight="1" > ecophene </wordcount>
    <wordcount weight="1" > okotypen </wordcount>
    <wordcount weight="1" > acceptable </wordcount>
    <wordcount weight="1" > tuolumne </wordcount>
    <wordcount weight="1" > kenntnis </wordcount>
    <wordcount weight="1" > histories </wordcount>
    <wordcount weight="1" > rule </wordcount>
    <wordcount weight="1" > basin </wordcount>
    <wordcount weight="1" > abst </wordcount>
    <wordcount weight="1" > typical </wordcount>
    <wordcount weight="1" > modifiable </wordcount>
    <wordcount weight="1" > meddelanden </wordcount>
    <wordcount weight="1" > relating </wordcount>
    <wordcount weight="1" > seven </wordcount>
    <wordcount weight="1" > ocean </wordcount>
    <wordcount weight="1" > relate </wordcount>
    <wordcount weight="1" > requirements </wordcount>
    <wordcount weight="1" > carolina </wordcount>
    <wordcount weight="1" > helianthemum </wordcount>
    <wordcount weight="1" > planta </wordcount>
    <wordcount weight="1" > hirsuta </wordcount>
    <wordcount weight="1" > nodosum </wordcount>
    <wordcount weight="1" > forstlige </wordcount>
    <wordcount weight="1" > einfiihrung </wordcount>
    <wordcount weight="1" > resultate </wordcount>
    <wordcount weight="1" > particularly </wordcount>
    <wordcount weight="1" > equally </wordcount>
    <wordcount weight="1" > neighboring </wordcount>
    <wordcount weight="1" > traits </wordcount>
    <wordcount weight="1" > shall </wordcount>
    <wordcount weight="1" > institute </wordcount>
    <wordcount weight="1" > inconstant </wordcount>
    <wordcount weight="1" > appears </wordcount>
    <wordcount weight="1" > lemmon </wordcount>
    <wordcount weight="1" > sansome </wordcount>
    <wordcount weight="1" > bouget </wordcount>
    <wordcount weight="1" > gattung </wordcount>
    <wordcount weight="1" > meddel </wordcount>
    <wordcount weight="1" > harvested </wordcount>
    <wordcount weight="1" > confirmation </wordcount>
    <wordcount weight="1" > required </wordcount>
    <wordcount weight="1" > possibility </wordcount>
    <wordcount weight="1" > expressions </wordcount>
    <wordcount weight="1" > because </wordcount>
    <wordcount weight="1" > penstemon </wordcount>
    <wordcount weight="1" > shape </wordcount>
    <wordcount weight="1" > underlie </wordcount>
    <wordcount weight="1" > agr </wordcount>
    <wordcount weight="1" > directly </wordcount>
    <wordcount weight="1" > aging </wordcount>
    <wordcount weight="1" > none </wordcount>
    <wordcount weight="1" > relatives </wordcount>
    <wordcount weight="1" > degrees </wordcount>
    <wordcount weight="1" > line </wordcount>
    <wordcount weight="1" > revealed </wordcount>
    <wordcount weight="1" > literature </wordcount>
    <wordcount weight="1" > dizision </wordcount>
    <wordcount weight="1" > formerly </wordcount>
    <wordcount weight="1" > scope </wordcount>
    <wordcount weight="1" > sea </wordcount>
    <wordcount weight="1" > abstracts </wordcount>
    <wordcount weight="1" > mem </wordcount>
    <wordcount weight="1" > emphasis </wordcount>
    <wordcount weight="1" > nine </wordcount>
    <wordcount weight="1" > reader </wordcount>
    <wordcount weight="1" > cockerell </wordcount>
    <wordcount weight="1" > heattreated </wordcount>
    <wordcount weight="1" > hybridisation </wordcount>
    <wordcount weight="1" > marsh </wordcount>
    <wordcount weight="1" > patulum </wordcount>
    <wordcount weight="1" > phenotypically </wordcount>
    <wordcount weight="1" > rearrangements </wordcount>
    <wordcount weight="1" > calls </wordcount>
    <wordcount weight="1" > ecologists </wordcount>
    <wordcount weight="1" > positions </wordcount>
    <wordcount weight="1" > crossings </wordcount>
    <wordcount weight="1" > provoquee </wordcount>
    <wordcount weight="1" > used </wordcount>
    <wordcount weight="1" > designate </wordcount>
    <wordcount weight="1" > beretn </wordcount>
    <wordcount weight="1" > aniagallis </wordcount>
    <wordcount weight="1" > fail </wordcount>
    <wordcount weight="1" > place </wordcount>
    <wordcount weight="1" > northwest </wordcount>
    <wordcount weight="1" > san </wordcount>
    <wordcount weight="1" > inherited </wordcount>
    <wordcount weight="1" > waived </wordcount>
    <wordcount weight="1" > collective </wordcount>
    <wordcount weight="1" > beginnings </wordcount>
    <wordcount weight="1" > drew </wordcount>
    <wordcount weight="1" > wintered </wordcount>
    <wordcount weight="1" > stimulate </wordcount>
    <wordcount weight="1" > neue </wordcount>
    <wordcount weight="1" > call </wordcount>
    <wordcount weight="1" > opuntia </wordcount>
    <wordcount weight="1" > divided </wordcount>
    <wordcount weight="1" > artemisia </wordcount>
    <wordcount weight="1" > reflect </wordcount>
    <wordcount weight="1" > systematic </wordcount>
    <wordcount weight="1" > showing </wordcount>
    <wordcount weight="1" > genet </wordcount>
    <wordcount weight="1" > interpreted </wordcount>
    <wordcount weight="1" > reine </wordcount>
    <wordcount weight="1" > alpina </wordcount>
    <wordcount weight="1" > memoirs </wordcount>
    <wordcount weight="1" > breeders </wordcount>
    <wordcount weight="1" > chemistry </wordcount>
    <wordcount weight="1" > either </wordcount>
    <wordcount weight="1" > seacoast </wordcount>
    <wordcount weight="1" > change </wordcount>
    <wordcount weight="1" > solution </wordcount>
    <wordcount weight="1" > least </wordcount>
    <wordcount weight="1" > eine </wordcount>
    <wordcount weight="1" > arisaema </wordcount>
    <wordcount weight="1" > arise </wordcount>
    <wordcount weight="1" > caused </wordcount>
    <wordcount weight="1" > describing </wordcount>
    <wordcount weight="1" > fennica </wordcount>
    <wordcount weight="1" > working </wordcount>
    <wordcount weight="1" > below </wordcount>
    <wordcount weight="1" > corresponds </wordcount>
    <wordcount weight="1" > drier </wordcount>
    <wordcount weight="1" > belle </wordcount>
    <wordcount weight="1" > simpler </wordcount>
    <wordcount weight="1" > teil </wordcount>
    <wordcount weight="1" > warrant </wordcount>
    <wordcount weight="1" > order </wordcount>
    <wordcount weight="1" > polygala </wordcount>
    <wordcount weight="1" > congr </wordcount>
    <wordcount weight="1" > phyt </wordcount>
    <wordcount weight="1" > intervals </wordcount>
    <wordcount weight="1" > june </wordcount>
    <wordcount weight="1" > temporary </wordcount>
    <wordcount weight="1" > cong </wordcount>
    <wordcount weight="1" > hugo </wordcount>
    <wordcount weight="1" > observe </wordcount>
    <wordcount weight="1" > research </wordcount>
    <wordcount weight="1" > gene </wordcount>
    <wordcount weight="1" > distinguished </wordcount>
    <wordcount weight="1" > suddenly </wordcount>
    <wordcount weight="1" > latest </wordcount>
    <wordcount weight="1" > impossible </wordcount>
    <wordcount weight="1" > dem </wordcount>
    <wordcount weight="1" > fully </wordcount>
    <wordcount weight="1" > ranunculus </wordcount>
    <wordcount weight="1" > mono </wordcount>
    <wordcount weight="1" > cytology </wordcount>
    <wordcount weight="1" > majority </wordcount>
    <wordcount weight="1" > appreciable </wordcount>
    <wordcount weight="1" > dentata </wordcount>
    <wordcount weight="1" > peculiar </wordcount>
    <wordcount weight="1" > notes </wordcount>
    <wordcount weight="1" > breed </wordcount>
    <wordcount weight="1" > chalky </wordcount>
    <wordcount weight="1" > montane </wordcount>
    <wordcount weight="1" > pot </wordcount>
    <wordcount weight="1" > am </wordcount>
    <wordcount weight="1" > ninth </wordcount>
    <wordcount weight="1" > modificatory </wordcount>
    <wordcount weight="1" > promising </wordcount>
    <wordcount weight="1" > behalf </wordcount>
    <wordcount weight="1" > too </wordcount>
    <wordcount weight="1" > society </wordcount>
    <wordcount weight="1" > institut </wordcount>
    <wordcount weight="1" > reduction </wordcount>
    <wordcount weight="1" > morphology </wordcount>
    <wordcount weight="1" > converge </wordcount>
    <wordcount weight="1" > naming </wordcount>
    <wordcount weight="1" > lenin </wordcount>
    <wordcount weight="1" > ursache </wordcount>
    <wordcount weight="1" > likely </wordcount>
    <wordcount weight="1" > transform </wordcount>
    <wordcount weight="1" > sierran </wordcount>
    <wordcount weight="1" > minor </wordcount>
    <wordcount weight="1" > cytotaxonomic </wordcount>
    <wordcount weight="1" > absence </wordcount>
    <wordcount weight="1" > materials </wordcount>
    <wordcount weight="1" > architecture </wordcount>
    <wordcount weight="1" > contended </wordcount>
    <wordcount weight="1" > drainage </wordcount>
    <wordcount weight="1" > scientific </wordcount>
    <wordcount weight="1" > umbellatum </wordcount>
    <wordcount weight="1" > identified </wordcount>
    <wordcount weight="1" > sous </wordcount>
    <wordcount weight="1" > expansion </wordcount>
    <wordcount weight="1" > tide </wordcount>
    <wordcount weight="1" > prospered </wordcount>
    <wordcount weight="1" > inhibit </wordcount>
    <wordcount weight="1" > oscar </wordcount>
    <wordcount weight="1" > vulgare </wordcount>
    <wordcount weight="1" > standortrassen </wordcount>
    <wordcount weight="1" > prove </wordcount>
    <wordcount weight="1" > modificationstransplant </wordcount>
    <wordcount weight="1" > above </wordcount>
    <wordcount weight="1" > slower </wordcount>
    <wordcount weight="1" > nursery </wordcount>
    <wordcount weight="1" > assoc </wordcount>
    <wordcount weight="1" > heteroauxin </wordcount>
    <wordcount weight="1" > studien </wordcount>
    <wordcount weight="1" > interrelations </wordcount>
    <wordcount weight="1" > outer </wordcount>
    <wordcount weight="1" > modes </wordcount>
    <wordcount weight="1" > pi </wordcount>
    <wordcount weight="1" > simultaneously </wordcount>
    <wordcount weight="1" > cooler </wordcount>
    <wordcount weight="1" > spectacular </wordcount>
    <wordcount weight="1" > wv </wordcount>
    <wordcount weight="1" > vie </wordcount>
    <wordcount weight="1" > illuminating </wordcount>
    <wordcount weight="1" > initergrading </wordcount>
    <wordcount weight="1" > guide </wordcount>
    <wordcount weight="1" > variabilitat </wordcount>
    <wordcount weight="1" > lindl </wordcount>
    <wordcount weight="1" > gave </wordcount>
    <wordcount weight="1" > elaboration </wordcount>
    <wordcount weight="1" > reference </wordcount>
    <wordcount weight="1" > intuitively </wordcount>
    <wordcount weight="1" > externally </wordcount>
    <wordcount weight="1" > pic </wordcount>
    <wordcount weight="1" > etat </wordcount>
    <wordcount weight="1" > disorderly </wordcount>
    <wordcount weight="1" > thought </wordcount>
    <wordcount weight="1" > forsoksstation </wordcount>
    <wordcount weight="1" > serve </wordcount>
    <wordcount weight="1" > clausen </wordcount>
    <wordcount weight="1" > chatham </wordcount>
    <wordcount weight="1" > morgan </wordcount>
    <wordcount weight="1" > restricted </wordcount>
    <wordcount weight="1" > exposure </wordcount>
    <wordcount weight="1" > specimens </wordcount>
    <wordcount weight="1" > idaho </wordcount>
    <wordcount weight="1" > jens </wordcount>
    <wordcount weight="1" > included </wordcount>
    <wordcount weight="1" > nebrodensis </wordcount>
    <wordcount weight="1" > transformations </wordcount>
    <wordcount weight="1" > rectangular </wordcount>
    <wordcount weight="1" > apres </wordcount>
    <wordcount weight="1" > purity </wordcount>
    <wordcount weight="1" > popularized </wordcount>
    <wordcount weight="1" > subdivisions </wordcount>
    <wordcount weight="1" > already </wordcount>
    <wordcount weight="1" > registration </wordcount>
    <wordcount weight="1" > illustrated </wordcount>
    <wordcount weight="1" > department </wordcount>
    <wordcount weight="1" > einigen </wordcount>
    <wordcount weight="1" > regardless </wordcount>
    <wordcount weight="1" > chose </wordcount>
    <wordcount weight="1" > alteration </wordcount>
    <wordcount weight="1" > members </wordcount>
    <wordcount weight="1" > consanguinea </wordcount>
    <wordcount weight="1" > vicissitudes </wordcount>
    <wordcount weight="1" > tour </wordcount>
    <wordcount weight="1" > traeslag </wordcount>
    <wordcount weight="1" > law </wordcount>
    <wordcount weight="1" > technique </wordcount>
    <wordcount weight="1" > olof </wordcount>
    <wordcount weight="1" > polytrichum </wordcount>
    <wordcount weight="1" > mirande </wordcount>
    <wordcount weight="1" > cedeac </wordcount>
    <wordcount weight="1" > genecology </wordcount>
    <wordcount weight="1" > death </wordcount>
    <wordcount weight="1" > pointed </wordcount>
    <wordcount weight="1" > altern </wordcount>
    <wordcount weight="1" > protoplasmtransplant </wordcount>
    <wordcount weight="1" > rothamsted </wordcount>
    <wordcount weight="1" > foromosum </wordcount>
    <wordcount weight="1" > sauvage </wordcount>
    <wordcount weight="1" > addition </wordcount>
    <wordcount weight="1" > toothing </wordcount>
    <wordcount weight="1" > longer </wordcount>
    <wordcount weight="1" > consideration </wordcount>
    <wordcount weight="1" > theorie </wordcount>
    <wordcount weight="1" > occurrence </wordcount>
    <wordcount weight="1" > accomodat </wordcount>
    <wordcount weight="1" > sowed </wordcount>
    <wordcount weight="1" > depict </wordcount>
    <wordcount weight="1" > setchell </wordcount>
    <wordcount weight="1" > epharmonic </wordcount>
    <wordcount weight="1" > als </wordcount>
    <wordcount weight="1" > classical </wordcount>
    <wordcount weight="1" > physiologists </wordcount>
    <wordcount weight="1" > pedocarpisme </wordcount>
    <wordcount weight="1" > demonstrating </wordcount>
    <wordcount weight="1" > gray </wordcount>
    <wordcount weight="1" > end </wordcount>
    <wordcount weight="1" > considerable </wordcount>
    <wordcount weight="1" > succeeding </wordcount>
    <wordcount weight="1" > pattern </wordcount>
    <wordcount weight="1" > discussed </wordcount>
    <wordcount weight="1" > entertained </wordcount>
    <wordcount weight="1" > environic </wordcount>
    <wordcount weight="1" > frederic </wordcount>
    <wordcount weight="1" > took </wordcount>
    <wordcount weight="1" > bulky </wordcount>
    <wordcount weight="1" > monographs </wordcount>
    <wordcount weight="1" > employment </wordcount>
    <wordcount weight="1" > gaston </wordcount>
    <wordcount weight="1" > chain </wordcount>
    <wordcount weight="1" > discussing </wordcount>
    <wordcount weight="1" > continuing </wordcount>
    <wordcount weight="1" > seedling </wordcount>
    <wordcount weight="1" > competitors </wordcount>
    <wordcount weight="1" > murr </wordcount>
    <wordcount weight="1" > accepted </wordcount>
    <wordcount weight="1" > alpinumn </wordcount>
    <wordcount weight="1" > corniculatus </wordcount>
    <wordcount weight="1" > sametransplant </wordcount>
    <wordcount weight="1" > slowest </wordcount>
    <wordcount weight="1" > forth </wordcount>
    <wordcount weight="1" > aquatilis </wordcount>
    <wordcount weight="1" > royal </wordcount>
    <wordcount weight="1" > lophozia </wordcount>
    <wordcount weight="1" > deep </wordcount>
    <wordcount weight="1" > survival </wordcount>
    <wordcount weight="1" > eighth </wordcount>
    <wordcount weight="1" > einer </wordcount>
    <wordcount weight="1" > books </wordcount>
    <wordcount weight="1" > controversy </wordcount>
    <wordcount weight="1" > unfitness </wordcount>
    <wordcount weight="1" > complicated </wordcount>
    <wordcount weight="1" > compete </wordcount>
    <wordcount weight="1" > pine </wordcount>
    <wordcount weight="1" > day </wordcount>
    <wordcount weight="1" > elevation </wordcount>
    <wordcount weight="1" > erigeron </wordcount>
    <wordcount weight="1" > interpreting </wordcount>
    <wordcount weight="1" > subspecies </wordcount>
    <wordcount weight="1" > interrelated </wordcount>
    <wordcount weight="1" > rootstocks </wordcount>
    <wordcount weight="1" > canad </wordcount>
    <wordcount weight="1" > investigated </wordcount>
    <wordcount weight="1" > blanc </wordcount>
    <wordcount weight="1" > discussion </wordcount>
    <wordcount weight="1" > achillea </wordcount>
    <wordcount weight="1" > mutants </wordcount>
    <wordcount weight="1" > treated </wordcount>
    <wordcount weight="1" > assemblages </wordcount>
    <wordcount weight="1" > width </wordcount>
    <wordcount weight="1" > heritee </wordcount>
    <wordcount weight="1" > kempff </wordcount>
    <wordcount weight="1" > jard </wordcount>
    <wordcount weight="1" > previously </wordcount>
    <wordcount weight="1" > retains </wordcount>
    <wordcount weight="1" > increase </wordcount>
    <wordcount weight="1" > individuality </wordcount>
    <wordcount weight="1" > tints </wordcount>
    <wordcount weight="1" > expression </wordcount>
    <wordcount weight="1" > combining </wordcount>
    <wordcount weight="1" > symbolae </wordcount>
    <wordcount weight="1" > food </wordcount>
    <wordcount weight="1" > unfortunately </wordcount>
    <wordcount weight="1" > largely </wordcount>
    <wordcount weight="1" > wasser </wordcount>
    <wordcount weight="1" > speedy </wordcount>
    <wordcount weight="1" > progenitors </wordcount>
    <wordcount weight="1" > emphasize </wordcount>
    <wordcount weight="1" > scapania </wordcount>
    <wordcount weight="1" > shades </wordcount>
    <wordcount weight="1" > gliick </wordcount>
    <wordcount weight="1" > prominently </wordcount>
    <wordcount weight="1" > tips </wordcount>
    <wordcount weight="1" > insure </wordcount>
    <wordcount weight="1" > trend </wordcount>
    <wordcount weight="1" > brodiaea </wordcount>
    <wordcount weight="1" > maturation </wordcount>
    <wordcount weight="1" > torrey </wordcount>
    <wordcount weight="1" > auf </wordcount>
    <wordcount weight="1" > drummondii </wordcount>
    <wordcount weight="1" > chara </wordcount>
    <wordcount weight="1" > imposes </wordcount>
    <wordcount weight="1" > fruits </wordcount>
    <wordcount weight="1" > full </wordcount>
    <wordcount weight="1" > eight </wordcount>
    <wordcount weight="1" > unsuited </wordcount>
    <wordcount weight="1" > theoretical </wordcount>
    <wordcount weight="1" > vii </wordcount>
    <wordcount weight="1" > finally </wordcount>
    <wordcount weight="1" > missouriensis </wordcount>
    <wordcount weight="1" > interconverted </wordcount>
    <wordcount weight="1" > melandrium </wordcount>
    <wordcount weight="1" > directed </wordcount>
    <wordcount weight="1" > comprehensive </wordcount>
    <wordcount weight="1" > publication </wordcount>
    <wordcount weight="1" > fragaria </wordcount>
    <wordcount weight="1" > mt </wordcount>
    <wordcount weight="1" > florets </wordcount>
    <wordcount weight="1" > agric </wordcount>
    <wordcount weight="1" > workers </wordcount>
    <wordcount weight="1" > august </wordcount>
    <wordcount weight="1" > divisions </wordcount>
    <wordcount weight="1" > dougal </wordcount>
    <wordcount weight="1" > variant </wordcount>
    <wordcount weight="1" > revised </wordcount>
    <wordcount weight="1" > spread </wordcount>
    <wordcount weight="1" > brussels </wordcount>
    <wordcount weight="1" > mount </wordcount>
    <wordcount weight="1" > windy </wordcount>
    <wordcount weight="1" > serves </wordcount>
    <wordcount weight="1" > distinction </wordcount>
    <wordcount weight="1" > stages </wordcount>
    <wordcount weight="1" > lie </wordcount>
    <wordcount weight="1" > filled </wordcount>
    <wordcount weight="1" > kept </wordcount>
    <wordcount weight="1" > proximity </wordcount>
    <wordcount weight="1" > anyone </wordcount>
    <wordcount weight="1" > standard </wordcount>
    <wordcount weight="1" > adequately </wordcount>
    <wordcount weight="1" > repeated </wordcount>
    <wordcount weight="1" > quick </wordcount>
    <wordcount weight="1" > hort </wordcount>
    <wordcount weight="1" > californica </wordcount>
    <wordcount weight="1" > facing </wordcount>
    <wordcount weight="1" > random </wordcount>
    <wordcount weight="1" > enough </wordcount>
    <wordcount weight="1" > miles </wordcount>
    <wordcount weight="1" > parallel </wordcount>
    <wordcount weight="1" > salsuginosus </wordcount>
    <wordcount weight="1" > evolutionary </wordcount>
    <wordcount weight="1" > moist </wordcount>
    <wordcount weight="1" > armeria </wordcount>
    <wordcount weight="1" > methodically </wordcount>
    <wordcount weight="1" > interpretations </wordcount>
    <wordcount weight="1" > overcome </wordcount>
    <wordcount weight="1" > respectively </wordcount>
    <wordcount weight="1" > shallow </wordcount>
    <wordcount weight="1" > stabilite </wordcount>
    <wordcount weight="1" > james </wordcount>
    <wordcount weight="1" > blooming </wordcount>
    <wordcount weight="1" > angustifolium </wordcount>
    <wordcount weight="1" > wells </wordcount>
    <wordcount weight="1" > occupied </wordcount>
    <wordcount weight="1" > institution </wordcount>
    <wordcount weight="1" > meiotic </wordcount>
    <wordcount weight="1" > angiosperms </wordcount>
    <wordcount weight="1" > attention </wordcount>
    <wordcount weight="1" > canterbury </wordcount>
    <wordcount weight="1" > brown </wordcount>
    <wordcount weight="1" > intergrading </wordcount>
    <wordcount weight="1" > performing </wordcount>
    <wordcount weight="1" > eschscholtzia </wordcount>
    <wordcount weight="1" > separate </wordcount>
    <wordcount weight="1" > caucasus </wordcount>
    <wordcount weight="1" > fails </wordcount>
    <wordcount weight="1" > dealing </wordcount>
    <wordcount weight="1" > fifty </wordcount>
    <wordcount weight="1" > zu </wordcount>
    <wordcount weight="1" > beset </wordcount>
    <wordcount weight="1" > dolores </wordcount>
    <wordcount weight="1" > shoot </wordcount>
    <wordcount weight="1" > dum </wordcount>
    <wordcount weight="1" > reviewer </wordcount>
    <wordcount weight="1" > science </wordcount>
    <wordcount weight="1" > movements </wordcount>
    <wordcount weight="1" > continue </wordcount>
    <wordcount weight="1" > stebbins </wordcount>
    <wordcount weight="1" > france </wordcount>
    <wordcount weight="1" > perennials </wordcount>
    <wordcount weight="1" > sunny </wordcount>
    <wordcount weight="1" > stocks </wordcount>
    <wordcount weight="1" > chamonix </wordcount>
    <wordcount weight="1" > fewer </wordcount>
    <wordcount weight="1" > phylogenesis </wordcount>
    <wordcount weight="1" > ordinary </wordcount>
    <wordcount weight="1" > botanicae </wordcount>
    <wordcount weight="1" > hook </wordcount>
    <wordcount weight="1" > predict </wordcount>
    <wordcount weight="1" > grandiflorum </wordcount>
    <wordcount weight="1" > caractere </wordcount>
    <wordcount weight="1" > experimenting </wordcount>
    <wordcount weight="1" > collections </wordcount>
    <wordcount weight="1" > establish </wordcount>
    <wordcount weight="1" > phytol </wordcount>
    <wordcount weight="1" > began </wordcount>
    <wordcount weight="1" > altai </wordcount>
    <wordcount weight="1" > lemperg </wordcount>
    <wordcount weight="1" > thirteen </wordcount>
    <wordcount weight="1" > remaining </wordcount>
    <wordcount weight="1" > bins </wordcount>
    <wordcount weight="1" > recognize </wordcount>
    <wordcount weight="1" > rapidly </wordcount>
    <wordcount weight="1" > whereby </wordcount>
    <wordcount weight="1" > iongipes </wordcount>
    <wordcount weight="1" > covering </wordcount>
    <wordcount weight="1" > segregates </wordcount>
    <wordcount weight="1" > frames </wordcount>
    <wordcount weight="1" > verschiedener </wordcount>
    <wordcount weight="1" > rubrum </wordcount>
    <wordcount weight="1" > life </wordcount>
    <wordcount weight="1" > sinskaya </wordcount>
    <wordcount weight="1" > christie </wordcount>
    <wordcount weight="1" > physiologische </wordcount>
    <wordcount weight="1" > existed </wordcount>
    <wordcount weight="1" > morphogeny </wordcount>
    <wordcount weight="1" > surprising </wordcount>
    <wordcount weight="1" > erophila </wordcount>
    <wordcount weight="1" > respect </wordcount>
    <wordcount weight="1" > composed </wordcount>
    <wordcount weight="1" > siberia </wordcount>
    <wordcount weight="1" > hafer </wordcount>
    <wordcount weight="1" > strategically </wordcount>
    <wordcount weight="1" > millefolium </wordcount>
    <wordcount weight="1" > amphibitumn </wordcount>
    <wordcount weight="1" > upsalienses </wordcount>
    <wordcount weight="1" > gathered </wordcount>
    <wordcount weight="1" > investigate </wordcount>
    <wordcount weight="1" > joseph </wordcount>
    <wordcount weight="1" > thick </wordcount>
    <wordcount weight="1" > sibiriens </wordcount>
    <wordcount weight="1" > res </wordcount>
    <wordcount weight="1" > recognizably </wordcount>
    <wordcount weight="1" > gaertn </wordcount>
    <wordcount weight="1" > tyrolese </wordcount>
    <wordcount weight="1" > proof </wordcount>
    <wordcount weight="1" > nebst </wordcount>
    <wordcount weight="1" > reciprocal </wordcount>
    <wordcount weight="1" > heavy </wordcount>
    <wordcount weight="1" > then </wordcount>
    <wordcount weight="1" > suite </wordcount>
    <wordcount weight="1" > internodes </wordcount>
    <wordcount weight="1" > oats </wordcount>
    <wordcount weight="1" > complexity </wordcount>
    <wordcount weight="1" > must </wordcount>
    <wordcount weight="1" > complexes </wordcount>
    <wordcount weight="1" > visualizes </wordcount>
    <wordcount weight="1" > suppl </wordcount>
    <wordcount weight="1" > adrien </wordcount>
    <wordcount weight="1" > vererbungslehre </wordcount>
    <wordcount weight="1" > inflata </wordcount>
    <wordcount weight="1" > soil </wordcount>
    <wordcount weight="1" > known </wordcount>
    <wordcount weight="1" > summit </wordcount>
    <wordcount weight="1" > sumpfgewachse </wordcount>
    <wordcount weight="1" > slope </wordcount>
    <wordcount weight="1" > mnium </wordcount>
    <wordcount weight="1" > sciences </wordcount>
    <wordcount weight="1" > sweden </wordcount>
    <wordcount weight="1" > sustained </wordcount>
    <wordcount weight="1" > gran </wordcount>
    <wordcount weight="1" > ecologic </wordcount>
    <wordcount weight="1" > respecting </wordcount>
    <wordcount weight="1" > delimitation </wordcount>
    <wordcount weight="1" > tendencies </wordcount>
    <wordcount weight="1" > arve </wordcount>
    <wordcount weight="1" > descriptions </wordcount>
    <wordcount weight="1" > reversal </wordcount>
    <wordcount weight="1" > specialized </wordcount>
    <wordcount weight="1" > exploration </wordcount>
    <wordcount weight="1" > sm </wordcount>
    <wordcount weight="1" > sprayed </wordcount>
    <wordcount weight="1" > best </wordcount>
    <wordcount weight="1" > down </wordcount>
    <wordcount weight="1" > report </wordcount>
    <wordcount weight="1" > pigment </wordcount>
    <wordcount weight="1" > eventually </wordcount>
    <wordcount weight="1" > rhizomes </wordcount>
    <wordcount weight="1" > taxonomical </wordcount>
    <wordcount weight="1" > researches </wordcount>
    <wordcount weight="1" > associated </wordcount>
    <wordcount weight="1" > cultivation </wordcount>
    <wordcount weight="1" > bin </wordcount>
    <wordcount weight="1" > multiradiata </wordcount>
    <wordcount weight="1" > distinctive </wordcount>
    <wordcount weight="1" > u </wordcount>
    <wordcount weight="1" > nitella </wordcount>
    <wordcount weight="1" > living </wordcount>
    <wordcount weight="1" > type </wordcount>
    <wordcount weight="1" > advances </wordcount>
    <wordcount weight="1" > justify </wordcount>
    <wordcount weight="1" > stature </wordcount>
    <wordcount weight="1" > interreact </wordcount>
    <wordcount weight="1" > diverses </wordcount>
    <wordcount weight="1" > genera </wordcount>
    <wordcount weight="1" > erwin </wordcount>
    <wordcount weight="1" > investigation </wordcount>
    <wordcount weight="1" > unique </wordcount>
    <wordcount weight="1" > vulneraria </wordcount>
    <wordcount weight="1" > physiology </wordcount>
    <wordcount weight="1" > whether </wordcount>
    <wordcount weight="1" > diagnoses </wordcount>
    <wordcount weight="1" > list </wordcount>
    <wordcount weight="1" > submontane </wordcount>
    <wordcount weight="1" > forestry </wordcount>
    <wordcount weight="1" > mosses </wordcount>
    <wordcount weight="1" > maintain </wordcount>
    <wordcount weight="1" > proven </wordcount>
    <wordcount weight="1" > lengths </wordcount>
    <wordcount weight="1" > firmly </wordcount>
    <wordcount weight="1" > ripe </wordcount>
    <wordcount weight="1" > leaving </wordcount>
    <wordcount weight="1" > supplemented </wordcount>
    <wordcount weight="1" > consisting </wordcount>
    <wordcount weight="1" > hourquette </wordcount>
    <wordcount weight="1" > always </wordcount>
    <wordcount weight="1" > brilliant </wordcount>
    <wordcount weight="1" > require </wordcount>
    <wordcount weight="1" > influenced </wordcount>
    <wordcount weight="1" > scient </wordcount>
    <wordcount weight="1" > agreed </wordcount>
    <wordcount weight="1" > suggests </wordcount>
    <wordcount weight="1" > lebermoosflora </wordcount>
    <wordcount weight="1" > up </wordcount>
    <wordcount weight="1" > rhacomitriumt </wordcount>
    <wordcount weight="1" > categories </wordcount>
    <wordcount weight="1" > klimaverhaltnisse </wordcount>
    <wordcount weight="1" > babcock </wordcount>
    <wordcount weight="1" > middle </wordcount>
    <wordcount weight="1" > bruman </wordcount>
    <wordcount weight="1" > photoperiods </wordcount>
    <wordcount weight="1" > nannfeldt </wordcount>
    <wordcount weight="1" > beitrage </wordcount>
    <wordcount weight="1" > neck </wordcount>
    <wordcount weight="1" > zauschneria </wordcount>
    <wordcount weight="1" > presented </wordcount>
    <wordcount weight="1" > alterations </wordcount>
    <wordcount weight="1" > necessity </wordcount>
    <wordcount weight="1" > classes </wordcount>
    <wordcount weight="1" > phytohormones </wordcount>
    <wordcount weight="1" > thereby </wordcount>
    <wordcount weight="1" > affecting </wordcount>
    <wordcount weight="1" > introduced </wordcount>
    <wordcount weight="1" > pretreatments </wordcount>
    <wordcount weight="1" > confirm </wordcount>
    <wordcount weight="1" > easy </wordcount>
    <wordcount weight="1" > variability </wordcount>
    <wordcount weight="1" > giving </wordcount>
    <wordcount weight="1" > skandinaviske </wordcount>
    <wordcount weight="1" > controls </wordcount>
    <wordcount weight="1" > climatestransplant </wordcount>
    <wordcount weight="1" > tissues </wordcount>
    <wordcount weight="1" > botany </wordcount>
    <wordcount weight="1" > aquaria </wordcount>
    <wordcount weight="1" > cunn </wordcount>
    <wordcount weight="1" > qualitative </wordcount>
    <wordcount weight="1" > mention </wordcount>
    <wordcount weight="1" > scarcely </wordcount>
    <wordcount weight="1" > tall </wordcount>
    <wordcount weight="1" > think </wordcount>
    <wordcount weight="1" > ein </wordcount>
    <wordcount weight="1" > reaching </wordcount>
    <wordcount weight="1" > our </wordcount>
    <wordcount weight="1" > tioga </wordcount>
    <wordcount weight="1" > eric </wordcount>
    <wordcount weight="1" > reactional </wordcount>
    <wordcount weight="1" > question </wordcount>
    <wordcount weight="1" > fred </wordcount>
    <wordcount weight="1" > abstammungslehre </wordcount>
    <wordcount weight="1" > shunk </wordcount>
    <wordcount weight="1" > devoted </wordcount>
    <wordcount weight="1" > baur </wordcount>
    <wordcount weight="1" > spring </wordcount>
    <wordcount weight="1" > imp </wordcount>
    <wordcount weight="1" > nutans </wordcount>
    <wordcount weight="1" > average </wordcount>
    <wordcount weight="1" > similarity </wordcount>
    <wordcount weight="1" > ihrer </wordcount>
    <wordcount weight="1" > flowered </wordcount>
    <wordcount weight="1" > tidskr </wordcount>
    <wordcount weight="1" > identify </wordcount>
    <wordcount weight="1" > fauna </wordcount>
    <wordcount weight="1" > include </wordcount>
    <wordcount weight="1" > dense </wordcount>
    <wordcount weight="1" > paloume </wordcount>
    <wordcount weight="1" > specialists </wordcount>
    <wordcount weight="1" > tyrolean </wordcount>
    <wordcount weight="1" > glass </wordcount>
    <wordcount weight="1" > migrational </wordcount>
    <wordcount weight="1" > involving </wordcount>
    <wordcount weight="1" > contamination </wordcount>
    <wordcount weight="1" > phenotypes </wordcount>
    <wordcount weight="1" > longidens </wordcount>
    <wordcount weight="1" > turkestan </wordcount>
    <wordcount weight="1" > embodies </wordcount>
    <wordcount weight="1" > extremely </wordcount>
    <wordcount weight="1" > acclimatization </wordcount>
    <wordcount weight="1" > association </wordcount>
    <wordcount weight="1" > shift </wordcount>
    <wordcount weight="1" > increased </wordcount>
    <wordcount weight="1" > enclosed </wordcount>
    <wordcount weight="1" > comparison </wordcount>
    <wordcount weight="1" > needs </wordcount>
    <wordcount weight="1" > vi </wordcount>
    <wordcount weight="1" > observation </wordcount>
    <wordcount weight="1" > specific </wordcount>
    <wordcount weight="1" > potential </wordcount>
    <wordcount weight="1" > nemoralis </wordcount>
    <wordcount weight="1" > dwarfs </wordcount>
    <wordcount weight="1" > commentationes </wordcount>
    <wordcount weight="1" > ser </wordcount>
    <wordcount weight="1" > chambers </wordcount>
    <wordcount weight="1" > klima </wordcount>
    <wordcount weight="1" > det </wordcount>
    <wordcount weight="1" > eurasiatic </wordcount>
    <wordcount weight="1" > varietas </wordcount>
    <wordcount weight="1" > comptes </wordcount>
    <wordcount weight="1" > sativurn </wordcount>
    <wordcount weight="1" > russia </wordcount>
    <wordcount weight="1" > genic </wordcount>
    <wordcount weight="1" > vary </wordcount>
    <wordcount weight="1" > era </wordcount>
    <wordcount weight="1" > appliquee </wordcount>
    <wordcount weight="1" > subspecific </wordcount>
    <wordcount weight="1" > alpin </wordcount>
    <wordcount weight="1" > gainesville </wordcount>
    <wordcount weight="1" > maximum </wordcount>
    <wordcount weight="1" > evidently </wordcount>
    <wordcount weight="1" > import </wordcount>
    <wordcount weight="1" > propagules </wordcount>
    <wordcount weight="1" > meddelelser </wordcount>
    <wordcount weight="1" > immediately </wordcount>
    <wordcount weight="1" > mature </wordcount>
    <wordcount weight="1" > whenever </wordcount>
    <wordcount weight="1" > anton </wordcount>
    <wordcount weight="1" > alberta </wordcount>
    <wordcount weight="1" > gote </wordcount>
    <wordcount weight="1" > hans </wordcount>
    <wordcount weight="1" > race </wordcount>
    <wordcount weight="1" > major </wordcount>
    <wordcount weight="1" > elucidation </wordcount>
    <wordcount weight="1" > continuously </wordcount>
</article>
