<?xml version="1.0" encoding="UTF-8"?>
<article id="10.2307/1935582" >
    <wordcount weight="111" > of </wordcount>
    <wordcount weight="105" > the </wordcount>
    <wordcount weight="81" > in </wordcount>
    <wordcount weight="80" > and </wordcount>
    <wordcount weight="69" > to </wordcount>
    <wordcount weight="48" > frost </wordcount>
    <wordcount weight="37" > bud </wordcount>
    <wordcount weight="34" > a </wordcount>
    <wordcount weight="33" > for </wordcount>
    <wordcount weight="32" > seedlings </wordcount>
    <wordcount weight="32" > by </wordcount>
    <wordcount weight="27" > from </wordcount>
    <wordcount weight="26" > sources </wordcount>
    <wordcount weight="26" > set </wordcount>
    <wordcount weight="24" > were </wordcount>
    <wordcount weight="21" > damage </wordcount>
    <wordcount weight="20" > was </wordcount>
    <wordcount weight="18" > that </wordcount>
    <wordcount weight="16" > is </wordcount>
    <wordcount weight="16" > on </wordcount>
    <wordcount weight="14" > at </wordcount>
    <wordcount weight="14" > as </wordcount>
    <wordcount weight="14" > sensitivity </wordcount>
    <wordcount weight="13" > latitude </wordcount>
    <wordcount weight="13" > each </wordcount>
    <wordcount weight="13" > be </wordcount>
    <wordcount weight="12" > source </wordcount>
    <wordcount weight="12" > related </wordcount>
    <wordcount weight="12" > among </wordcount>
    <wordcount weight="11" > seedling </wordcount>
    <wordcount weight="11" > this </wordcount>
    <wordcount weight="10" > more </wordcount>
    <wordcount weight="10" > weeks </wordcount>
    <wordcount weight="9" > growth </wordcount>
    <wordcount weight="9" > with </wordcount>
    <wordcount weight="9" > damaged </wordcount>
    <wordcount weight="9" > regression </wordcount>
    <wordcount weight="9" > than </wordcount>
    <wordcount weight="8" > proportion </wordcount>
    <wordcount weight="8" > had </wordcount>
    <wordcount weight="8" > date </wordcount>
    <wordcount weight="8" > plants </wordcount>
    <wordcount weight="8" > mean </wordcount>
    <wordcount weight="8" > seed </wordcount>
    <wordcount weight="7" > k </wordcount>
    <wordcount weight="7" > are </wordcount>
    <wordcount weight="7" > within </wordcount>
    <wordcount weight="7" > coos </wordcount>
    <wordcount weight="7" > our </wordcount>
    <wordcount weight="7" > week </wordcount>
    <wordcount weight="7" > buds </wordcount>
    <wordcount weight="7" > can </wordcount>
    <wordcount weight="7" > bever </wordcount>
    <wordcount weight="6" > sensitive </wordcount>
    <wordcount weight="6" > not </wordcount>
    <wordcount weight="6" > before </wordcount>
    <wordcount weight="6" > two </wordcount>
    <wordcount weight="6" > first </wordcount>
    <wordcount weight="6" > j </wordcount>
    <wordcount weight="6" > p </wordcount>
    <wordcount weight="6" > time </wordcount>
    <wordcount weight="6" > variation </wordcount>
    <wordcount weight="6" > probit </wordcount>
    <wordcount weight="6" > differences </wordcount>
    <wordcount weight="6" > oregon </wordcount>
    <wordcount weight="6" > development </wordcount>
    <wordcount weight="6" > hardiness </wordcount>
    <wordcount weight="6" > which </wordcount>
    <wordcount weight="6" > transect </wordcount>
    <wordcount weight="6" > score </wordcount>
    <wordcount weight="6" > cold </wordcount>
    <wordcount weight="6" > bay </wordcount>
    <wordcount weight="6" > between </wordcount>
    <wordcount weight="6" > we </wordcount>
    <wordcount weight="5" > r </wordcount>
    <wordcount weight="5" > if </wordcount>
    <wordcount weight="5" > been </wordcount>
    <wordcount weight="5" > coastal </wordcount>
    <wordcount weight="5" > per </wordcount>
    <wordcount weight="5" > wc </wordcount>
    <wordcount weight="5" > about </wordcount>
    <wordcount weight="5" > pacific </wordcount>
    <wordcount weight="5" > coefficients </wordcount>
    <wordcount weight="5" > resistance </wordcount>
    <wordcount weight="5" > an </wordcount>
    <wordcount weight="5" > or </wordcount>
    <wordcount weight="5" > fig </wordcount>
    <wordcount weight="5" > normal </wordcount>
    <wordcount weight="5" > some </wordcount>
    <wordcount weight="5" > data </wordcount>
    <wordcount weight="5" > probits </wordcount>
    <wordcount weight="5" > bot </wordcount>
    <wordcount weight="5" > mejnartowicz </wordcount>
    <wordcount weight="5" > southern </wordcount>
    <wordcount weight="5" > after </wordcount>
    <wordcount weight="5" > effect </wordcount>
    <wordcount weight="5" > ching </wordcount>
    <wordcount weight="4" > ec </wordcount>
    <wordcount weight="4" > collections </wordcount>
    <wordcount weight="4" > percentage </wordcount>
    <wordcount weight="4" > into </wordcount>
    <wordcount weight="4" > same </wordcount>
    <wordcount weight="4" > four </wordcount>
    <wordcount weight="4" > many </wordcount>
    <wordcount weight="4" > height </wordcount>
    <wordcount weight="4" > frosted </wordcount>
    <wordcount weight="4" > differed </wordcount>
    <wordcount weight="4" > i </wordcount>
    <wordcount weight="4" > degree </wordcount>
    <wordcount weight="4" > classes </wordcount>
    <wordcount weight="4" > trees </wordcount>
    <wordcount weight="4" > proportions </wordcount>
    <wordcount weight="4" > along </wordcount>
    <wordcount weight="4" > its </wordcount>
    <wordcount weight="4" > significant </wordcount>
    <wordcount weight="4" > average </wordcount>
    <wordcount weight="4" > approximately </wordcount>
    <wordcount weight="4" > plant </wordcount>
    <wordcount weight="4" > z </wordcount>
    <wordcount weight="4" > c </wordcount>
    <wordcount weight="4" > coast </wordcount>
    <wordcount weight="4" > northern </wordcount>
    <wordcount weight="4" > provenance </wordcount>
    <wordcount weight="4" > influence </wordcount>
    <wordcount weight="3" > fir </wordcount>
    <wordcount weight="3" > bialobok </wordcount>
    <wordcount weight="3" > scored </wordcount>
    <wordcount weight="3" > tests </wordcount>
    <wordcount weight="3" > relationship </wordcount>
    <wordcount weight="3" > second </wordcount>
    <wordcount weight="3" > rev </wordcount>
    <wordcount weight="3" > populations </wordcount>
    <wordcount weight="3" > l </wordcount>
    <wordcount weight="3" > cessation </wordcount>
    <wordcount weight="3" > five </wordcount>
    <wordcount weight="3" > transformation </wordcount>
    <wordcount weight="3" > one </wordcount>
    <wordcount weight="3" > class </wordcount>
    <wordcount weight="3" > analysis </wordcount>
    <wordcount weight="3" > control </wordcount>
    <wordcount weight="3" > eugene </wordcount>
    <wordcount weight="3" > h </wordcount>
    <wordcount weight="3" > raymond </wordcount>
    <wordcount weight="3" > forest </wordcount>
    <wordcount weight="3" > den </wordcount>
    <wordcount weight="3" > western </wordcount>
    <wordcount weight="3" > any </wordcount>
    <wordcount weight="3" > days </wordcount>
    <wordcount weight="3" > n </wordcount>
    <wordcount weight="3" > soleduck </wordcount>
    <wordcount weight="3" > most </wordcount>
    <wordcount weight="3" > woody </wordcount>
    <wordcount weight="3" > other </wordcount>
    <wordcount weight="3" > m </wordcount>
    <wordcount weight="3" > stands </wordcount>
    <wordcount weight="3" > usually </wordcount>
    <wordcount weight="3" > all </wordcount>
    <wordcount weight="3" > setting </wordcount>
    <wordcount weight="3" > new </wordcount>
    <wordcount weight="3" > diameter </wordcount>
    <wordcount weight="3" > growing </wordcount>
    <wordcount weight="3" > regressed </wordcount>
    <wordcount weight="3" > suffered </wordcount>
    <wordcount weight="3" > scale </wordcount>
    <wordcount weight="3" > roseburg </wordcount>
    <wordcount weight="3" > distribution </wordcount>
    <wordcount weight="3" > has </wordcount>
    <wordcount weight="3" > genet </wordcount>
    <wordcount weight="3" > determine </wordcount>
    <wordcount weight="3" > provenances </wordcount>
    <wordcount weight="3" > made </wordcount>
    <wordcount weight="3" > point </wordcount>
    <wordcount weight="3" > line </wordcount>
    <wordcount weight="3" > terminal </wordcount>
    <wordcount weight="3" > douglas </wordcount>
    <wordcount weight="3" > have </wordcount>
    <wordcount weight="3" > october </wordcount>
    <wordcount weight="3" > preceded </wordcount>
    <wordcount weight="3" > individual </wordcount>
    <wordcount weight="3" > d </wordcount>
    <wordcount weight="3" > so </wordcount>
    <wordcount weight="3" > stage </wordcount>
    <wordcount weight="3" > tested </wordcount>
    <wordcount weight="3" > curve </wordcount>
    <wordcount weight="3" > measured </wordcount>
    <wordcount weight="3" > ranged </wordcount>
    <wordcount weight="3" > several </wordcount>
    <wordcount weight="3" > highly </wordcount>
    <wordcount weight="3" > corvallis </wordcount>
    <wordcount weight="3" > photoperiod </wordcount>
    <wordcount weight="3" > north </wordcount>
    <wordcount weight="3" > hermann </wordcount>
    <wordcount weight="3" > dates </wordcount>
    <wordcount weight="2" > increasing </wordcount>
    <wordcount weight="2" > silvae </wordcount>
    <wordcount weight="2" > york </wordcount>
    <wordcount weight="2" > limits </wordcount>
    <wordcount weight="2" > no </wordcount>
    <wordcount weight="2" > curves </wordcount>
    <wordcount weight="2" > science </wordcount>
    <wordcount weight="2" > correlation </wordcount>
    <wordcount weight="2" > ecological </wordcount>
    <wordcount weight="2" > developed </wordcount>
    <wordcount weight="2" > randomly </wordcount>
    <wordcount weight="2" > vertical </wordcount>
    <wordcount weight="2" > tallens </wordcount>
    <wordcount weight="2" > driessche </wordcount>
    <wordcount weight="2" > above </wordcount>
    <wordcount weight="2" > considerably </wordcount>
    <wordcount weight="2" > introduction </wordcount>
    <wordcount weight="2" > indicates </wordcount>
    <wordcount weight="2" > they </wordcount>
    <wordcount weight="2" > similar </wordcount>
    <wordcount weight="2" > methods </wordcount>
    <wordcount weight="2" > scales </wordcount>
    <wordcount weight="2" > mortality </wordcount>
    <wordcount weight="2" > frank </wordcount>
    <wordcount weight="2" > when </wordcount>
    <wordcount weight="2" > adaptational </wordcount>
    <wordcount weight="2" > examine </wordcount>
    <wordcount weight="2" > photoperiodic </wordcount>
    <wordcount weight="2" > array </wordcount>
    <wordcount weight="2" > us </wordcount>
    <wordcount weight="2" > dormancy </wordcount>
    <wordcount weight="2" > occurred </wordcount>
    <wordcount weight="2" > light </wordcount>
    <wordcount weight="2" > transects </wordcount>
    <wordcount weight="2" > following </wordcount>
    <wordcount weight="2" > weather </wordcount>
    <wordcount weight="2" > but </wordcount>
    <wordcount weight="2" > comparison </wordcount>
    <wordcount weight="2" > these </wordcount>
    <wordcount weight="2" > different </wordcount>
    <wordcount weight="2" > being </wordcount>
    <wordcount weight="2" > shorter </wordcount>
    <wordcount weight="2" > independent </wordcount>
    <wordcount weight="2" > quantitative </wordcount>
    <wordcount weight="2" > biol </wordcount>
    <wordcount weight="2" > every </wordcount>
    <wordcount weight="2" > preceding </wordcount>
    <wordcount weight="2" > sustained </wordcount>
    <wordcount weight="2" > suec </wordcount>
    <wordcount weight="2" > equation </wordcount>
    <wordcount weight="2" > over </wordcount>
    <wordcount weight="2" > stud </wordcount>
    <wordcount weight="2" > ranges </wordcount>
    <wordcount weight="2" > s </wordcount>
    <wordcount weight="2" > came </wordcount>
    <wordcount weight="2" > medd </wordcount>
    <wordcount weight="2" > east </wordcount>
    <wordcount weight="2" > did </wordcount>
    <wordcount weight="2" > could </wordcount>
    <wordcount weight="2" > found </wordcount>
    <wordcount weight="2" > southernmost </wordcount>
    <wordcount weight="2" > identical </wordcount>
    <wordcount weight="2" > scores </wordcount>
    <wordcount weight="2" > studier </wordcount>
    <wordcount weight="2" > further </wordcount>
    <wordcount weight="2" > robert </wordcount>
    <wordcount weight="2" > decreased </wordcount>
    <wordcount weight="2" > what </wordcount>
    <wordcount weight="2" > appears </wordcount>
    <wordcount weight="2" > terms </wordcount>
    <wordcount weight="2" > population </wordcount>
    <wordcount weight="2" > less </wordcount>
    <wordcount weight="2" > particular </wordcount>
    <wordcount weight="2" > temperatures </wordcount>
    <wordcount weight="2" > hypothetical </wordcount>
    <wordcount weight="2" > linear </wordcount>
    <wordcount weight="2" > required </wordcount>
    <wordcount weight="2" > recorded </wordcount>
    <wordcount weight="2" > differentiation </wordcount>
    <wordcount weight="2" > vol </wordcount>
    <wordcount weight="2" > directly </wordcount>
    <wordcount weight="2" > sorensen </wordcount>
    <wordcount weight="2" > differ </wordcount>
    <wordcount weight="2" > mapleton </wordcount>
    <wordcount weight="2" > used </wordcount>
    <wordcount weight="2" > categories </wordcount>
    <wordcount weight="2" > averaged </wordcount>
    <wordcount weight="2" > reported </wordcount>
    <wordcount weight="2" > part </wordcount>
    <wordcount weight="2" > confidence </wordcount>
    <wordcount weight="2" > yates </wordcount>
    <wordcount weight="2" > station </wordcount>
    <wordcount weight="2" > winter </wordcount>
    <wordcount weight="2" > relationships </wordcount>
    <wordcount weight="2" > differentially </wordcount>
    <wordcount weight="2" > severe </wordcount>
    <wordcount weight="2" > campbell </wordcount>
    <wordcount weight="2" > such </wordcount>
    <wordcount weight="2" > years </wordcount>
    <wordcount weight="2" > objective </wordcount>
    <wordcount weight="2" > attributed </wordcount>
    <wordcount weight="2" > september </wordcount>
    <wordcount weight="2" > washington </wordcount>
    <wordcount weight="2" > points </wordcount>
    <wordcount weight="2" > statistically </wordcount>
    <wordcount weight="2" > grown </wordcount>
    <wordcount weight="2" > their </wordcount>
    <wordcount weight="2" > period </wordcount>
    <wordcount weight="2" > evidence </wordcount>
    <wordcount weight="2" > summer </wordcount>
    <wordcount weight="2" > pinus </wordcount>
    <wordcount weight="2" > obtained </wordcount>
    <wordcount weight="2" > advances </wordcount>
    <wordcount weight="2" > standard </wordcount>
    <wordcount weight="2" > latter </wordcount>
    <wordcount weight="2" > indices </wordcount>
    <wordcount weight="2" > study </wordcount>
    <wordcount weight="2" > become </wordcount>
    <wordcount weight="2" > research </wordcount>
    <wordcount weight="2" > respectively </wordcount>
    <wordcount weight="2" > continuous </wordcount>
    <wordcount weight="2" > twice </wordcount>
    <wordcount weight="2" > single </wordcount>
    <wordcount weight="2" > rate </wordcount>
    <wordcount weight="2" > annual </wordcount>
    <wordcount weight="2" > silvestris </wordcount>
    <wordcount weight="2" > generally </wordcount>
    <wordcount weight="2" > severely </wordcount>
    <wordcount weight="2" > given </wordcount>
    <wordcount weight="2" > equivalent </wordcount>
    <wordcount weight="2" > much </wordcount>
    <wordcount weight="2" > close </wordcount>
    <wordcount weight="2" > retransformed </wordcount>
    <wordcount weight="2" > mechanism </wordcount>
    <wordcount weight="1" > scoring </wordcount>
    <wordcount weight="1" > ranging </wordcount>
    <wordcount weight="1" > may </wordcount>
    <wordcount weight="1" > homegrown </wordcount>
    <wordcount weight="1" > van </wordcount>
    <wordcount weight="1" > retreated </wordcount>
    <wordcount weight="1" > critical </wordcount>
    <wordcount weight="1" > therefore </wordcount>
    <wordcount weight="1" > changes </wordcount>
    <wordcount weight="1" > der </wordcount>
    <wordcount weight="1" > thermometer </wordcount>
    <wordcount weight="1" > assigned </wordcount>
    <wordcount weight="1" > eiche </wordcount>
    <wordcount weight="1" > o </wordcount>
    <wordcount weight="1" > koniferen </wordcount>
    <wordcount weight="1" > belyst </wordcount>
    <wordcount weight="1" > cambial </wordcount>
    <wordcount weight="1" > plotted </wordcount>
    <wordcount weight="1" > transformations </wordcount>
    <wordcount weight="1" > matter </wordcount>
    <wordcount weight="1" > hb </wordcount>
    <wordcount weight="1" > materials </wordcount>
    <wordcount weight="1" > hebo </wordcount>
    <wordcount weight="1" > predicted </wordcount>
    <wordcount weight="1" > dead </wordcount>
    <wordcount weight="1" > fairly </wordcount>
    <wordcount weight="1" > later </wordcount>
    <wordcount weight="1" > indicated </wordcount>
    <wordcount weight="1" > performance </wordcount>
    <wordcount weight="1" > main </wordcount>
    <wordcount weight="1" > f </wordcount>
    <wordcount weight="1" > dry </wordcount>
    <wordcount weight="1" > located </wordcount>
    <wordcount weight="1" > overall </wordcount>
    <wordcount weight="1" > it </wordcount>
    <wordcount weight="1" > northernmost </wordcount>
    <wordcount weight="1" > separated </wordcount>
    <wordcount weight="1" > represent </wordcount>
    <wordcount weight="1" > various </wordcount>
    <wordcount weight="1" > resistant </wordcount>
    <wordcount weight="1" > weighted </wordcount>
    <wordcount weight="1" > unit </wordcount>
    <wordcount weight="1" > skirted </wordcount>
    <wordcount weight="1" > latitudinal </wordcount>
    <wordcount weight="1" > lines </wordcount>
    <wordcount weight="1" > heights </wordcount>
    <wordcount weight="1" > nearly </wordcount>
    <wordcount weight="1" > process </wordcount>
    <wordcount weight="1" > investigators </wordcount>
    <wordcount weight="1" > means </wordcount>
    <wordcount weight="1" > deviation </wordcount>
    <wordcount weight="1" > who </wordcount>
    <wordcount weight="1" > projecting </wordcount>
    <wordcount weight="1" > seen </wordcount>
    <wordcount weight="1" > sect </wordcount>
    <wordcount weight="1" > opportunity </wordcount>
    <wordcount weight="1" > appear </wordcount>
    <wordcount weight="1" > phytol </wordcount>
    <wordcount weight="1" > utility </wordcount>
    <wordcount weight="1" > began </wordcount>
    <wordcount weight="1" > checkpoint </wordcount>
    <wordcount weight="1" > skogforsoksves </wordcount>
    <wordcount weight="1" > probability </wordcount>
    <wordcount weight="1" > visual </wordcount>
    <wordcount weight="1" > nursery </wordcount>
    <wordcount weight="1" > experiences </wordcount>
    <wordcount weight="1" > contribution </wordcount>
    <wordcount weight="1" > precedes </wordcount>
    <wordcount weight="1" > position </wordcount>
    <wordcount weight="1" > studien </wordcount>
    <wordcount weight="1" > bei </wordcount>
    <wordcount weight="1" > registered </wordcount>
    <wordcount weight="1" > indicate </wordcount>
    <wordcount weight="1" > derived </wordcount>
    <wordcount weight="1" > proc </wordcount>
    <wordcount weight="1" > plots </wordcount>
    <wordcount weight="1" > ix </wordcount>
    <wordcount weight="1" > makes </wordcount>
    <wordcount weight="1" > differentiallate </wordcount>
    <wordcount weight="1" > tree </wordcount>
    <wordcount weight="1" > needles </wordcount>
    <wordcount weight="1" > biological </wordcount>
    <wordcount weight="1" > fall </wordcount>
    <wordcount weight="1" > arbor </wordcount>
    <wordcount weight="1" > formed </wordcount>
    <wordcount weight="1" > surprising </wordcount>
    <wordcount weight="1" > zero </wordcount>
    <wordcount weight="1" > factors </wordcount>
    <wordcount weight="1" > respect </wordcount>
    <wordcount weight="1" > dess </wordcount>
    <wordcount weight="1" > supposed </wordcount>
    <wordcount weight="1" > kornicki </wordcount>
    <wordcount weight="1" > med </wordcount>
    <wordcount weight="1" > sets </wordcount>
    <wordcount weight="1" > picea </wordcount>
    <wordcount weight="1" > types </wordcount>
    <wordcount weight="1" > british </wordcount>
    <wordcount weight="1" > get </wordcount>
    <wordcount weight="1" > examined </wordcount>
    <wordcount weight="1" > determination </wordcount>
    <wordcount weight="1" > injury </wordcount>
    <wordcount weight="1" > easily </wordcount>
    <wordcount weight="1" > settled </wordcount>
    <wordcount weight="1" > nor </wordcount>
    <wordcount weight="1" > finer </wordcount>
    <wordcount weight="1" > applied </wordcount>
    <wordcount weight="1" > ell </wordcount>
    <wordcount weight="1" > proveniensproblemet </wordcount>
    <wordcount weight="1" > appl </wordcount>
    <wordcount weight="1" > earliest </wordcount>
    <wordcount weight="1" > under </wordcount>
    <wordcount weight="1" > considered </wordcount>
    <wordcount weight="1" > tied </wordcount>
    <wordcount weight="1" > hafner </wordcount>
    <wordcount weight="1" > b </wordcount>
    <wordcount weight="1" > uninjured </wordcount>
    <wordcount weight="1" > termination </wordcount>
    <wordcount weight="1" > coldhardiness </wordcount>
    <wordcount weight="1" > cycles </wordcount>
    <wordcount weight="1" > statistical </wordcount>
    <wordcount weight="1" > predictor </wordcount>
    <wordcount weight="1" > seems </wordcount>
    <wordcount weight="1" > hagner </wordcount>
    <wordcount weight="1" > environment </wordcount>
    <wordcount weight="1" > predicting </wordcount>
    <wordcount weight="1" > included </wordcount>
    <wordcount weight="1" > equations </wordcount>
    <wordcount weight="1" > underlain </wordcount>
    <wordcount weight="1" > ett </wordcount>
    <wordcount weight="1" > valleypuget </wordcount>
    <wordcount weight="1" > numbers </wordcount>
    <wordcount weight="1" > squares </wordcount>
    <wordcount weight="1" > plantations </wordcount>
    <wordcount weight="1" > result </wordcount>
    <wordcount weight="1" > ed </wordcount>
    <wordcount weight="1" > al </wordcount>
    <wordcount weight="1" > experiment </wordcount>
    <wordcount weight="1" > observations </wordcount>
    <wordcount weight="1" > upper </wordcount>
    <wordcount weight="1" > accumulating </wordcount>
    <wordcount weight="1" > xi </wordcount>
    <wordcount weight="1" > also </wordcount>
    <wordcount weight="1" > department </wordcount>
    <wordcount weight="1" > damaging </wordcount>
    <wordcount weight="1" > phenology </wordcount>
    <wordcount weight="1" > additional </wordcount>
    <wordcount weight="1" > rise </wordcount>
    <wordcount weight="1" > characteristics </wordcount>
    <wordcount weight="1" > only </wordcount>
    <wordcount weight="1" > known </wordcount>
    <wordcount weight="1" > moisture </wordcount>
    <wordcount weight="1" > either </wordcount>
    <wordcount weight="1" > followed </wordcount>
    <wordcount weight="1" > arbitrary </wordcount>
    <wordcount weight="1" > subjective </wordcount>
    <wordcount weight="1" > northiwsest </wordcount>
    <wordcount weight="1" > supposedly </wordcount>
    <wordcount weight="1" > sciences </wordcount>
    <wordcount weight="1" > sums </wordcount>
    <wordcount weight="1" > sweden </wordcount>
    <wordcount weight="1" > here </wordcount>
    <wordcount weight="1" > destructive </wordcount>
    <wordcount weight="1" > og </wordcount>
    <wordcount weight="1" > forty </wordcount>
    <wordcount weight="1" > ekotyper </wordcount>
    <wordcount weight="1" > cd </wordcount>
    <wordcount weight="1" > toward </wordcount>
    <wordcount weight="1" > again </wordcount>
    <wordcount weight="1" > might </wordcount>
    <wordcount weight="1" > season </wordcount>
    <wordcount weight="1" > attempt </wordcount>
    <wordcount weight="1" > europe </wordcount>
    <wordcount weight="1" > klimatet </wordcount>
    <wordcount weight="1" > generated </wordcount>
    <wordcount weight="1" > similarly </wordcount>
    <wordcount weight="1" > stem </wordcount>
    <wordcount weight="1" > rainfall </wordcount>
    <wordcount weight="1" > towards </wordcount>
    <wordcount weight="1" > scots </wordcount>
    <wordcount weight="1" > closely </wordcount>
    <wordcount weight="1" > analogous </wordcount>
    <wordcount weight="1" > averages </wordcount>
    <wordcount weight="1" > based </wordcount>
    <wordcount weight="1" > calculation </wordcount>
    <wordcount weight="1" > location </wordcount>
    <wordcount weight="1" > variable </wordcount>
    <wordcount weight="1" > latitudes </wordcount>
    <wordcount weight="1" > et </wordcount>
    <wordcount weight="1" > appearance </wordcount>
    <wordcount weight="1" > genus </wordcount>
    <wordcount weight="1" > klima </wordcount>
    <wordcount weight="1" > genecological </wordcount>
    <wordcount weight="1" > appeared </wordcount>
    <wordcount weight="1" > abstract </wordcount>
    <wordcount weight="1" > indeed </wordcount>
    <wordcount weight="1" > relating </wordcount>
    <wordcount weight="1" > follows </wordcount>
    <wordcount weight="1" > fysiologiska </wordcount>
    <wordcount weight="1" > reliability </wordcount>
    <wordcount weight="1" > decreases </wordcount>
    <wordcount weight="1" > variabilitet </wordcount>
    <wordcount weight="1" > till </wordcount>
    <wordcount weight="1" > rely </wordcount>
    <wordcount weight="1" > infer </wordcount>
    <wordcount weight="1" > very </wordcount>
    <wordcount weight="1" > requirements </wordcount>
    <wordcount weight="1" > separating </wordcount>
    <wordcount weight="1" > distributions </wordcount>
    <wordcount weight="1" > considerable </wordcount>
    <wordcount weight="1" > pattern </wordcount>
    <wordcount weight="1" > inland </wordcount>
    <wordcount weight="1" > alden </wordcount>
    <wordcount weight="1" > climate </wordcount>
    <wordcount weight="1" > pitfalls </wordcount>
    <wordcount weight="1" > simple </wordcount>
    <wordcount weight="1" > february </wordcount>
    <wordcount weight="1" > evaluate </wordcount>
    <wordcount weight="1" > symptoms </wordcount>
    <wordcount weight="1" > academic </wordcount>
    <wordcount weight="1" > accurately </wordcount>
    <wordcount weight="1" > do </wordcount>
    <wordcount weight="1" > v </wordcount>
    <wordcount weight="1" > physiological </wordcount>
    <wordcount weight="1" > those </wordcount>
    <wordcount weight="1" > traits </wordcount>
    <wordcount weight="1" > according </wordcount>
    <wordcount weight="1" > ninety </wordcount>
    <wordcount weight="1" > correlate </wordcount>
    <wordcount weight="1" > somewhat </wordcount>
    <wordcount weight="1" > where </wordcount>
    <wordcount weight="1" > injured </wordcount>
    <wordcount weight="1" > literature </wordcount>
    <wordcount weight="1" > aspects </wordcount>
    <wordcount weight="1" > fisher </wordcount>
    <wordcount weight="1" > month </wordcount>
    <wordcount weight="1" > combined </wordcount>
    <wordcount weight="1" > accepted </wordcount>
    <wordcount weight="1" > retransformation </wordcount>
    <wordcount weight="1" > selected </wordcount>
    <wordcount weight="1" > intensity </wordcount>
    <wordcount weight="1" > system </wordcount>
    <wordcount weight="1" > cannot </wordcount>
    <wordcount weight="1" > timer </wordcount>
    <wordcount weight="1" > strategies </wordcount>
    <wordcount weight="1" > accounts </wordcount>
    <wordcount weight="1" > och </wordcount>
    <wordcount weight="1" > llb </wordcount>
    <wordcount weight="1" > side </wordcount>
    <wordcount weight="1" > genotypic </wordcount>
    <wordcount weight="1" > experimental </wordcount>
    <wordcount weight="1" > priori </wordcount>
    <wordcount weight="1" > forestry </wordcount>
    <wordcount weight="1" > ascribed </wordcount>
    <wordcount weight="1" > proceeded </wordcount>
    <wordcount weight="1" > agricultural </wordcount>
    <wordcount weight="1" > rhythm </wordcount>
    <wordcount weight="1" > year </wordcount>
    <wordcount weight="1" > eastern </wordcount>
    <wordcount weight="1" > frequency </wordcount>
    <wordcount weight="1" > zentralbl </wordcount>
    <wordcount weight="1" > statens </wordcount>
    <wordcount weight="1" > extent </wordcount>
    <wordcount weight="1" > av </wordcount>
    <wordcount weight="1" > zur </wordcount>
    <wordcount weight="1" > stations </wordcount>
    <wordcount weight="1" > number </wordcount>
    <wordcount weight="1" > sci </wordcount>
    <wordcount weight="1" > day </wordcount>
    <wordcount weight="1" > sensitivities </wordcount>
    <wordcount weight="1" > because </wordcount>
    <wordcount weight="1" > elevation </wordcount>
    <wordcount weight="1" > percent </wordcount>
    <wordcount weight="1" > well </wordcount>
    <wordcount weight="1" > trough </wordcount>
    <wordcount weight="1" > thousands </wordcount>
    <wordcount weight="1" > limitations </wordcount>
    <wordcount weight="1" > indirectly </wordcount>
    <wordcount weight="1" > almost </wordcount>
    <wordcount weight="1" > agreed </wordcount>
    <wordcount weight="1" > degrees </wordcount>
    <wordcount weight="1" > hundreds </wordcount>
    <wordcount weight="1" > salem </wordcount>
    <wordcount weight="1" > divided </wordcount>
    <wordcount weight="1" > discrepancies </wordcount>
    <wordcount weight="1" > drawn </wordcount>
    <wordcount weight="1" > finished </wordcount>
    <wordcount weight="1" > properties </wordcount>
    <wordcount weight="1" > mm </wordcount>
    <wordcount weight="1" > received </wordcount>
    <wordcount weight="1" > treated </wordcount>
    <wordcount weight="1" > sacrifices </wordcount>
    <wordcount weight="1" > presented </wordcount>
    <wordcount weight="1" > range </wordcount>
    <wordcount weight="1" > nine </wordcount>
    <wordcount weight="1" > lect </wordcount>
    <wordcount weight="1" > openpollinated </wordcount>
    <wordcount weight="1" > medical </wordcount>
    <wordcount weight="1" > quilcene </wordcount>
    <wordcount weight="1" > west </wordcount>
    <wordcount weight="1" > region </wordcount>
    <wordcount weight="1" > significantly </wordcount>
    <wordcount weight="1" > combination </wordcount>
    <wordcount weight="1" > london </wordcount>
    <wordcount weight="1" > bidrag </wordcount>
    <wordcount weight="1" > slopes </wordcount>
    <wordcount weight="1" > vekstrytme </wordcount>
    <wordcount weight="1" > schober </wordcount>
    <wordcount weight="1" > extending </wordcount>
    <wordcount weight="1" > dosage </wordcount>
    <wordcount weight="1" > phenological </wordcount>
    <wordcount weight="1" > increase </wordcount>
    <wordcount weight="1" > synchronize </wordcount>
    <wordcount weight="1" > confirm </wordcount>
    <wordcount weight="1" > genetic </wordcount>
    <wordcount weight="1" > press </wordcount>
    <wordcount weight="1" > became </wordcount>
    <wordcount weight="1" > coded </wordcount>
    <wordcount weight="1" > representing </wordcount>
    <wordcount weight="1" > decreasing </wordcount>
    <wordcount weight="1" > giving </wordcount>
    <wordcount weight="1" > tighter </wordcount>
    <wordcount weight="1" > against </wordcount>
    <wordcount weight="1" > subject </wordcount>
    <wordcount weight="1" > common </wordcount>
    <wordcount weight="1" > periodicity </wordcount>
    <wordcount weight="1" > spite </wordcount>
    <wordcount weight="1" > loss </wordcount>
    <wordcount weight="1" > measure </wordcount>
    <wordcount weight="1" > sweet </wordcount>
    <wordcount weight="1" > tissues </wordcount>
    <wordcount weight="1" > oflate </wordcount>
    <wordcount weight="1" > convenience </wordcount>
    <wordcount weight="1" > collection </wordcount>
    <wordcount weight="1" > during </wordcount>
    <wordcount weight="1" > reworked </wordcount>
    <wordcount weight="1" > northwest </wordcount>
    <wordcount weight="1" > botany </wordcount>
    <wordcount weight="1" > describes </wordcount>
    <wordcount weight="1" > assume </wordcount>
    <wordcount weight="1" > corresponding </wordcount>
    <wordcount weight="1" > climatic </wordcount>
    <wordcount weight="1" > world </wordcount>
    <wordcount weight="1" > records </wordcount>
    <wordcount weight="1" > resulting </wordcount>
    <wordcount weight="1" > behaved </wordcount>
    <wordcount weight="1" > strong </wordcount>
    <wordcount weight="1" > genecology </wordcount>
    <wordcount weight="1" > previous </wordcount>
    <wordcount weight="1" > away </wordcount>
    <wordcount weight="1" > ronald </wordcount>
    <wordcount weight="1" > surrounding </wordcount>
    <wordcount weight="1" > falconer </wordcount>
    <wordcount weight="1" > pine </wordcount>
    <wordcount weight="1" > sound </wordcount>
    <wordcount weight="1" > until </wordcount>
    <wordcount weight="1" > expect </wordcount>
    <wordcount weight="1" > described </wordcount>
    <wordcount weight="1" > showing </wordcount>
    <wordcount weight="1" > advance </wordcount>
    <wordcount weight="1" > considering </wordcount>
    <wordcount weight="1" > explained </wordcount>
    <wordcount weight="1" > component </wordcount>
    <wordcount weight="1" > low </wordcount>
    <wordcount weight="1" > both </wordcount>
    <wordcount weight="1" > discovered </wordcount>
    <wordcount weight="1" > since </wordcount>
    <wordcount weight="1" > follow </wordcount>
    <wordcount weight="1" > frosthartung </wordcount>
    <wordcount weight="1" > tables </wordcount>
    <wordcount weight="1" > consult </wordcount>
    <wordcount weight="1" > t </wordcount>
    <wordcount weight="1" > temperature </wordcount>
    <wordcount weight="1" > g </wordcount>
    <wordcount weight="1" > ved </wordcount>
    <wordcount weight="1" > accept </wordcount>
    <wordcount weight="1" > publishing </wordcount>
    <wordcount weight="1" > precipitation </wordcount>
    <wordcount weight="1" > relatively </wordcount>
    <wordcount weight="1" > general </wordcount>
    <wordcount weight="1" > bortitz </wordcount>
    <wordcount weight="1" > include </wordcount>
    <wordcount weight="1" > genetics </wordcount>
    <wordcount weight="1" > deduction </wordcount>
    <wordcount weight="1" > inference </wordcount>
    <wordcount weight="1" > frames </wordcount>
    <wordcount weight="1" > developmental </wordcount>
    <wordcount weight="1" > smaller </wordcount>
    <wordcount weight="1" > august </wordcount>
    <wordcount weight="1" > states </wordcount>
    <wordcount weight="1" > acclimation </wordcount>
    <wordcount weight="1" > effects </wordcount>
    <wordcount weight="1" > mountain </wordcount>
    <wordcount weight="1" > int </wordcount>
    <wordcount weight="1" > discriminations </wordcount>
    <wordcount weight="1" > roche </wordcount>
    <wordcount weight="1" > daylengths </wordcount>
    <wordcount weight="1" > night </wordcount>
    <wordcount weight="1" > event </wordcount>
    <wordcount weight="1" > association </wordcount>
    <wordcount weight="1" > least </wordcount>
    <wordcount weight="1" > late </wordcount>
    <wordcount weight="1" > kannedomen </wordcount>
    <wordcount weight="1" > willamette </wordcount>
    <wordcount weight="1" > profits </wordcount>
    <wordcount weight="1" > averaging </wordcount>
    <wordcount weight="1" > sufficient </wordcount>
    <wordcount weight="1" > internal </wordcount>
    <wordcount weight="1" > although </wordcount>
    <wordcount weight="1" > measurement </wordcount>
    <wordcount weight="1" > components </wordcount>
    <wordcount weight="1" > response </wordcount>
    <wordcount weight="1" > often </wordcount>
    <wordcount weight="1" > columbia </wordcount>
    <wordcount weight="1" > difficulty </wordcount>
    <wordcount weight="1" > samband </wordcount>
    <wordcount weight="1" > discontinuous </wordcount>
    <wordcount weight="1" > compared </wordcount>
    <wordcount weight="1" > november </wordcount>
    <wordcount weight="1" > ann </wordcount>
    <wordcount weight="1" > effective </wordcount>
    <wordcount weight="1" > reached </wordcount>
    <wordcount weight="1" > criterion </wordcount>
    <wordcount weight="1" > mapeton </wordcount>
    <wordcount weight="1" > subjectively </wordcount>
    <wordcount weight="1" > fully </wordcount>
    <wordcount weight="1" > partial </wordcount>
    <wordcount weight="1" > early </wordcount>
    <wordcount weight="1" > reordered </wordcount>
    <wordcount weight="1" > maximum </wordcount>
    <wordcount weight="1" > y </wordcount>
    <wordcount weight="1" > species </wordcount>
    <wordcount weight="1" > probably </wordcount>
    <wordcount weight="1" > necessity </wordcount>
    <wordcount weight="1" > results </wordcount>
    <wordcount weight="1" > using </wordcount>
    <wordcount weight="1" > need </wordcount>
    <wordcount weight="1" > yellowed </wordcount>
    <wordcount weight="1" > recent </wordcount>
    <wordcount weight="1" > om </wordcount>
    <wordcount weight="1" > symp </wordcount>
    <wordcount weight="1" > should </wordcount>
    <wordcount weight="1" > newly </wordcount>
    <wordcount weight="1" > physiologie </wordcount>
    <wordcount weight="1" > provided </wordcount>
    <wordcount weight="1" > regressions </wordcount>
    <wordcount weight="1" > thought </wordcount>
    <wordcount weight="1" > arithmetic </wordcount>
    <wordcount weight="1" > increments </wordcount>
    <wordcount weight="1" > function </wordcount>
    <wordcount weight="1" > rest </wordcount>
    <wordcount weight="1" > concluded </wordcount>
    <wordcount weight="1" > cited </wordcount>
    <wordcount weight="1" > occur </wordcount>
    <wordcount weight="1" > complicates </wordcount>
    <wordcount weight="1" > row </wordcount>
    <wordcount weight="1" > gaz </wordcount>
    <wordcount weight="1" > sample </wordcount>
</article>
