<?xml version="1.0" encoding="UTF-8"?>
<article id="10.2307/2989767" >
    <wordcount weight="579" > the </wordcount>
    <wordcount weight="378" > of </wordcount>
    <wordcount weight="275" > in </wordcount>
    <wordcount weight="203" > and </wordcount>
    <wordcount weight="188" > to </wordcount>
    <wordcount weight="135" > that </wordcount>
    <wordcount weight="134" > is </wordcount>
    <wordcount weight="128" > a </wordcount>
    <wordcount weight="90" > be </wordcount>
    <wordcount weight="82" > are </wordcount>
    <wordcount weight="77" > by </wordcount>
    <wordcount weight="68" > for </wordcount>
    <wordcount weight="66" > have </wordcount>
    <wordcount weight="62" > as </wordcount>
    <wordcount weight="61" > tropical </wordcount>
    <wordcount weight="60" > this </wordcount>
    <wordcount weight="58" > which </wordcount>
    <wordcount weight="57" > it </wordcount>
    <wordcount weight="48" > on </wordcount>
    <wordcount weight="45" > species </wordcount>
    <wordcount weight="44" > there </wordcount>
    <wordcount weight="42" > with </wordcount>
    <wordcount weight="39" > not </wordcount>
    <wordcount weight="39" > trees </wordcount>
    <wordcount weight="38" > may </wordcount>
    <wordcount weight="37" > more </wordcount>
    <wordcount weight="34" > we </wordcount>
    <wordcount weight="34" > from </wordcount>
    <wordcount weight="32" > at </wordcount>
    <wordcount weight="31" > tropics </wordcount>
    <wordcount weight="30" > diversity </wordcount>
    <wordcount weight="30" > their </wordcount>
    <wordcount weight="28" > they </wordcount>
    <wordcount weight="27" > forest </wordcount>
    <wordcount weight="26" > one </wordcount>
    <wordcount weight="26" > these </wordcount>
    <wordcount weight="25" > or </wordcount>
    <wordcount weight="24" > i </wordcount>
    <wordcount weight="24" > plants </wordcount>
    <wordcount weight="23" > has </wordcount>
    <wordcount weight="23" > an </wordcount>
    <wordcount weight="23" > evolution </wordcount>
    <wordcount weight="23" > evidence </wordcount>
    <wordcount weight="22" > j </wordcount>
    <wordcount weight="22" > many </wordcount>
    <wordcount weight="21" > plant </wordcount>
    <wordcount weight="21" > forests </wordcount>
    <wordcount weight="20" > even </wordcount>
    <wordcount weight="20" > than </wordcount>
    <wordcount weight="20" > also </wordcount>
    <wordcount weight="20" > speciation </wordcount>
    <wordcount weight="19" > will </wordcount>
    <wordcount weight="19" > can </wordcount>
    <wordcount weight="19" > been </wordcount>
    <wordcount weight="19" > between </wordcount>
    <wordcount weight="18" > when </wordcount>
    <wordcount weight="17" > other </wordcount>
    <wordcount weight="17" > some </wordcount>
    <wordcount weight="17" > was </wordcount>
    <wordcount weight="17" > very </wordcount>
    <wordcount weight="16" > temperate </wordcount>
    <wordcount weight="16" > but </wordcount>
    <wordcount weight="15" > g </wordcount>
    <wordcount weight="14" > into </wordcount>
    <wordcount weight="14" > all </wordcount>
    <wordcount weight="14" > such </wordcount>
    <wordcount weight="14" > where </wordcount>
    <wordcount weight="14" > them </wordcount>
    <wordcount weight="13" > flowering </wordcount>
    <wordcount weight="13" > h </wordcount>
    <wordcount weight="13" > seems </wordcount>
    <wordcount weight="13" > flowers </wordcount>
    <wordcount weight="13" > those </wordcount>
    <wordcount weight="13" > climatic </wordcount>
    <wordcount weight="13" > only </wordcount>
    <wordcount weight="13" > pathway </wordcount>
    <wordcount weight="12" > if </wordcount>
    <wordcount weight="12" > possible </wordcount>
    <wordcount weight="12" > animals </wordcount>
    <wordcount weight="12" > rain </wordcount>
    <wordcount weight="12" > so </wordcount>
    <wordcount weight="12" > evolutionary </wordcount>
    <wordcount weight="12" > tree </wordcount>
    <wordcount weight="12" > should </wordcount>
    <wordcount weight="11" > p </wordcount>
    <wordcount weight="11" > because </wordcount>
    <wordcount weight="11" > seeds </wordcount>
    <wordcount weight="11" > productivity </wordcount>
    <wordcount weight="11" > what </wordcount>
    <wordcount weight="10" > important </wordcount>
    <wordcount weight="10" > large </wordcount>
    <wordcount weight="10" > each </wordcount>
    <wordcount weight="10" > no </wordcount>
    <wordcount weight="10" > r </wordcount>
    <wordcount weight="10" > least </wordcount>
    <wordcount weight="10" > several </wordcount>
    <wordcount weight="10" > up </wordcount>
    <wordcount weight="10" > same </wordcount>
    <wordcount weight="10" > two </wordcount>
    <wordcount weight="10" > areas </wordcount>
    <wordcount weight="10" > time </wordcount>
    <wordcount weight="10" > new </wordcount>
    <wordcount weight="10" > while </wordcount>
    <wordcount weight="10" > must </wordcount>
    <wordcount weight="9" > now </wordcount>
    <wordcount weight="9" > available </wordcount>
    <wordcount weight="9" > bats </wordcount>
    <wordcount weight="9" > most </wordcount>
    <wordcount weight="9" > its </wordcount>
    <wordcount weight="9" > regions </wordcount>
    <wordcount weight="9" > competition </wordcount>
    <wordcount weight="9" > light </wordcount>
    <wordcount weight="9" > were </wordcount>
    <wordcount weight="9" > high </wordcount>
    <wordcount weight="9" > study </wordcount>
    <wordcount weight="9" > science </wordcount>
    <wordcount weight="9" > stable </wordcount>
    <wordcount weight="9" > pollination </wordcount>
    <wordcount weight="9" > theory </wordcount>
    <wordcount weight="9" > years </wordcount>
    <wordcount weight="8" > canopy </wordcount>
    <wordcount weight="8" > studies </wordcount>
    <wordcount weight="8" > might </wordcount>
    <wordcount weight="8" > amer </wordcount>
    <wordcount weight="8" > floristic </wordcount>
    <wordcount weight="8" > being </wordcount>
    <wordcount weight="8" > biol </wordcount>
    <wordcount weight="8" > situation </wordcount>
    <wordcount weight="8" > populations </wordcount>
    <wordcount weight="8" > put </wordcount>
    <wordcount weight="8" > any </wordcount>
    <wordcount weight="8" > much </wordcount>
    <wordcount weight="7" > rate </wordcount>
    <wordcount weight="7" > natural </wordcount>
    <wordcount weight="7" > kinds </wordcount>
    <wordcount weight="7" > taxa </wordcount>
    <wordcount weight="7" > s </wordcount>
    <wordcount weight="7" > soc </wordcount>
    <wordcount weight="7" > leaves </wordcount>
    <wordcount weight="7" > just </wordcount>
    <wordcount weight="7" > w </wordcount>
    <wordcount weight="7" > result </wordcount>
    <wordcount weight="7" > out </wordcount>
    <wordcount weight="7" > during </wordcount>
    <wordcount weight="7" > communities </wordcount>
    <wordcount weight="7" > do </wordcount>
    <wordcount weight="7" > made </wordcount>
    <wordcount weight="7" > low </wordcount>
    <wordcount weight="7" > would </wordcount>
    <wordcount weight="7" > probably </wordcount>
    <wordcount weight="7" > often </wordcount>
    <wordcount weight="7" > soil </wordcount>
    <wordcount weight="7" > different </wordcount>
    <wordcount weight="7" > shown </wordcount>
    <wordcount weight="7" > conditions </wordcount>
    <wordcount weight="7" > d </wordcount>
    <wordcount weight="7" > flora </wordcount>
    <wordcount weight="7" > carbon </wordcount>
    <wordcount weight="7" > c </wordcount>
    <wordcount weight="7" > hypothesis </wordcount>
    <wordcount weight="6" > lond </wordcount>
    <wordcount weight="6" > able </wordcount>
    <wordcount weight="6" > vegetation </wordcount>
    <wordcount weight="6" > america </wordcount>
    <wordcount weight="6" > e </wordcount>
    <wordcount weight="6" > naturalist </wordcount>
    <wordcount weight="6" > far </wordcount>
    <wordcount weight="6" > tend </wordcount>
    <wordcount weight="6" > ecosystems </wordcount>
    <wordcount weight="6" > rates </wordcount>
    <wordcount weight="6" > whose </wordcount>
    <wordcount weight="6" > rather </wordcount>
    <wordcount weight="6" > university </wordcount>
    <wordcount weight="6" > basis </wordcount>
    <wordcount weight="6" > lower </wordcount>
    <wordcount weight="6" > quite </wordcount>
    <wordcount weight="6" > few </wordcount>
    <wordcount weight="6" > seed </wordcount>
    <wordcount weight="6" > society </wordcount>
    <wordcount weight="6" > he </wordcount>
    <wordcount weight="6" > forward </wordcount>
    <wordcount weight="6" > community </wordcount>
    <wordcount weight="6" > about </wordcount>
    <wordcount weight="6" > us </wordcount>
    <wordcount weight="6" > extinction </wordcount>
    <wordcount weight="6" > weeds </wordcount>
    <wordcount weight="6" > less </wordcount>
    <wordcount weight="6" > another </wordcount>
    <wordcount weight="6" > increase </wordcount>
    <wordcount weight="6" > like </wordcount>
    <wordcount weight="6" > attention </wordcount>
    <wordcount weight="6" > flower </wordcount>
    <wordcount weight="6" > usually </wordcount>
    <wordcount weight="6" > who </wordcount>
    <wordcount weight="6" > linn </wordcount>
    <wordcount weight="6" > photosynthesis </wordcount>
    <wordcount weight="6" > subject </wordcount>
    <wordcount weight="6" > smaller </wordcount>
    <wordcount weight="6" > area </wordcount>
    <wordcount weight="6" > arctic </wordcount>
    <wordcount weight="6" > among </wordcount>
    <wordcount weight="6" > recent </wordcount>
    <wordcount weight="6" > occur </wordcount>
    <wordcount weight="5" > extreme </wordcount>
    <wordcount weight="5" > environmental </wordcount>
    <wordcount weight="5" > appear </wordcount>
    <wordcount weight="5" > american </wordcount>
    <wordcount weight="5" > ceiba </wordcount>
    <wordcount weight="5" > first </wordcount>
    <wordcount weight="5" > microhabitat </wordcount>
    <wordcount weight="5" > season </wordcount>
    <wordcount weight="5" > great </wordcount>
    <wordcount weight="5" > ashton </wordcount>
    <wordcount weight="5" > dr </wordcount>
    <wordcount weight="5" > humid </wordcount>
    <wordcount weight="5" > dioxide </wordcount>
    <wordcount weight="5" > still </wordcount>
    <wordcount weight="5" > central </wordcount>
    <wordcount weight="5" > since </wordcount>
    <wordcount weight="5" > predators </wordcount>
    <wordcount weight="5" > given </wordcount>
    <wordcount weight="5" > fig </wordcount>
    <wordcount weight="5" > costa </wordcount>
    <wordcount weight="5" > l </wordcount>
    <wordcount weight="5" > growth </wordcount>
    <wordcount weight="5" > bot </wordcount>
    <wordcount weight="5" > mean </wordcount>
    <wordcount weight="5" > predation </wordcount>
    <wordcount weight="5" > n </wordcount>
    <wordcount weight="5" > biotic </wordcount>
    <wordcount weight="5" > pleistocene </wordcount>
    <wordcount weight="5" > greater </wordcount>
    <wordcount weight="5" > before </wordcount>
    <wordcount weight="5" > well </wordcount>
    <wordcount weight="5" > data </wordcount>
    <wordcount weight="5" > small </wordcount>
    <wordcount weight="5" > janzen </wordcount>
    <wordcount weight="5" > world </wordcount>
    <wordcount weight="5" > geographical </wordcount>
    <wordcount weight="5" > insects </wordcount>
    <wordcount weight="5" > reproductive </wordcount>
    <wordcount weight="5" > organisms </wordcount>
    <wordcount weight="5" > b </wordcount>
    <wordcount weight="5" > dry </wordcount>
    <wordcount weight="5" > then </wordcount>
    <wordcount weight="5" > circumstances </wordcount>
    <wordcount weight="5" > over </wordcount>
    <wordcount weight="5" > genus </wordcount>
    <wordcount weight="5" > stability </wordcount>
    <wordcount weight="5" > ones </wordcount>
    <wordcount weight="5" > distribution </wordcount>
    <wordcount weight="5" > adaptation </wordcount>
    <wordcount weight="5" > chemical </wordcount>
    <wordcount weight="5" > need </wordcount>
    <wordcount weight="5" > pathways </wordcount>
    <wordcount weight="5" > little </wordcount>
    <wordcount weight="5" > bees </wordcount>
    <wordcount weight="4" > way </wordcount>
    <wordcount weight="4" > groups </wordcount>
    <wordcount weight="4" > long </wordcount>
    <wordcount weight="4" > chemicals </wordcount>
    <wordcount weight="4" > differences </wordcount>
    <wordcount weight="4" > take </wordcount>
    <wordcount weight="4" > case </wordcount>
    <wordcount weight="4" > existence </wordcount>
    <wordcount weight="4" > west </wordcount>
    <wordcount weight="4" > kind </wordcount>
    <wordcount weight="4" > wet </wordcount>
    <wordcount weight="4" > climates </wordcount>
    <wordcount weight="4" > van </wordcount>
    <wordcount weight="4" > higher </wordcount>
    <wordcount weight="4" > lesser </wordcount>
    <wordcount weight="4" > how </wordcount>
    <wordcount weight="4" > proportion </wordcount>
    <wordcount weight="4" > similar </wordcount>
    <wordcount weight="4" > scattered </wordcount>
    <wordcount weight="4" > numbers </wordcount>
    <wordcount weight="4" > upper </wordcount>
    <wordcount weight="4" > isolation </wordcount>
    <wordcount weight="4" > problems </wordcount>
    <wordcount weight="4" > recently </wordcount>
    <wordcount weight="4" > dispersal </wordcount>
    <wordcount weight="4" > pollen </wordcount>
    <wordcount weight="4" > explain </wordcount>
    <wordcount weight="4" > feeding </wordcount>
    <wordcount weight="4" > place </wordcount>
    <wordcount weight="4" > contrast </wordcount>
    <wordcount weight="4" > niches </wordcount>
    <wordcount weight="4" > provided </wordcount>
    <wordcount weight="4" > f </wordcount>
    <wordcount weight="4" > make </wordcount>
    <wordcount weight="4" > interactions </wordcount>
    <wordcount weight="4" > selection </wordcount>
    <wordcount weight="4" > single </wordcount>
    <wordcount weight="4" > linnean </wordcount>
    <wordcount weight="4" > picture </wordcount>
    <wordcount weight="4" > published </wordcount>
    <wordcount weight="4" > members </wordcount>
    <wordcount weight="4" > longer </wordcount>
    <wordcount weight="4" > crop </wordcount>
    <wordcount weight="4" > come </wordcount>
    <wordcount weight="4" > rica </wordcount>
    <wordcount weight="4" > number </wordcount>
    <wordcount weight="4" > day </wordcount>
    <wordcount weight="4" > local </wordcount>
    <wordcount weight="4" > explanation </wordcount>
    <wordcount weight="4" > upon </wordcount>
    <wordcount weight="4" > birds </wordcount>
    <wordcount weight="4" > california </wordcount>
    <wordcount weight="4" > theories </wordcount>
    <wordcount weight="4" > photosynthetic </wordcount>
    <wordcount weight="4" > organism </wordcount>
    <wordcount weight="4" > characterized </wordcount>
    <wordcount weight="4" > general </wordcount>
    <wordcount weight="4" > especially </wordcount>
    <wordcount weight="4" > effect </wordcount>
    <wordcount weight="4" > northern </wordcount>
    <wordcount weight="4" > suggestion </wordcount>
    <wordcount weight="4" > me </wordcount>
    <wordcount weight="4" > ecological </wordcount>
    <wordcount weight="4" > reasonable </wordcount>
    <wordcount weight="4" > ecol </wordcount>
    <wordcount weight="4" > life </wordcount>
    <wordcount weight="4" > biology </wordcount>
    <wordcount weight="4" > branches </wordcount>
    <wordcount weight="4" > seem </wordcount>
    <wordcount weight="4" > believe </wordcount>
    <wordcount weight="4" > proposed </wordcount>
    <wordcount weight="4" > information </wordcount>
    <wordcount weight="4" > suggests </wordcount>
    <wordcount weight="4" > through </wordcount>
    <wordcount weight="4" > mature </wordcount>
    <wordcount weight="4" > zones </wordcount>
    <wordcount weight="3" > transportation </wordcount>
    <wordcount weight="3" > likely </wordcount>
    <wordcount weight="3" > western </wordcount>
    <wordcount weight="3" > history </wordcount>
    <wordcount weight="3" > baker </wordcount>
    <wordcount weight="3" > t </wordcount>
    <wordcount weight="3" > certainly </wordcount>
    <wordcount weight="3" > pianka </wordcount>
    <wordcount weight="3" > could </wordcount>
    <wordcount weight="3" > origin </wordcount>
    <wordcount weight="3" > producing </wordcount>
    <wordcount weight="3" > products </wordcount>
    <wordcount weight="3" > real </wordcount>
    <wordcount weight="3" > niche </wordcount>
    <wordcount weight="3" > last </wordcount>
    <wordcount weight="3" > side </wordcount>
    <wordcount weight="3" > wetter </wordcount>
    <wordcount weight="3" > takes </wordcount>
    <wordcount weight="3" > brun </wordcount>
    <wordcount weight="3" > say </wordcount>
    <wordcount weight="3" > apply </wordcount>
    <wordcount weight="3" > zoological </wordcount>
    <wordcount weight="3" > points </wordcount>
    <wordcount weight="3" > interest </wordcount>
    <wordcount weight="3" > migrate </wordcount>
    <wordcount weight="3" > old </wordcount>
    <wordcount weight="3" > epiphytes </wordcount>
    <wordcount weight="3" > gradients </wordcount>
    <wordcount weight="3" > extraordinary </wordcount>
    <wordcount weight="3" > compared </wordcount>
    <wordcount weight="3" > though </wordcount>
    <wordcount weight="3" > poor </wordcount>
    <wordcount weight="3" > his </wordcount>
    <wordcount weight="3" > opportunity </wordcount>
    <wordcount weight="3" > certain </wordcount>
    <wordcount weight="3" > direct </wordcount>
    <wordcount weight="3" > pp </wordcount>
    <wordcount weight="3" > escape </wordcount>
    <wordcount weight="3" > specialization </wordcount>
    <wordcount weight="3" > presumably </wordcount>
    <wordcount weight="3" > too </wordcount>
    <wordcount weight="3" > xi </wordcount>
    <wordcount weight="3" > hit </wordcount>
    <wordcount weight="3" > ranges </wordcount>
    <wordcount weight="3" > had </wordcount>
    <wordcount weight="3" > my </wordcount>
    <wordcount weight="3" > allow </wordcount>
    <wordcount weight="3" > found </wordcount>
    <wordcount weight="3" > called </wordcount>
    <wordcount weight="3" > behavioral </wordcount>
    <wordcount weight="3" > served </wordcount>
    <wordcount weight="3" > pioneer </wordcount>
    <wordcount weight="3" > shall </wordcount>
    <wordcount weight="3" > let </wordcount>
    <wordcount weight="3" > directly </wordcount>
    <wordcount weight="3" > correlation </wordcount>
    <wordcount weight="3" > related </wordcount>
    <wordcount weight="3" > year </wordcount>
    <wordcount weight="3" > own </wordcount>
    <wordcount weight="3" > suggest </wordcount>
    <wordcount weight="3" > relevant </wordcount>
    <wordcount weight="3" > zoologists </wordcount>
    <wordcount weight="3" > characteristics </wordcount>
    <wordcount weight="3" > highly </wordcount>
    <wordcount weight="3" > grow </wordcount>
    <wordcount weight="3" > research </wordcount>
    <wordcount weight="3" > comm </wordcount>
    <wordcount weight="3" > periods </wordcount>
    <wordcount weight="3" > habitats </wordcount>
    <wordcount weight="3" > stebbins </wordcount>
    <wordcount weight="3" > short </wordcount>
    <wordcount weight="3" > synthesis </wordcount>
    <wordcount weight="3" > address </wordcount>
    <wordcount weight="3" > conventional </wordcount>
    <wordcount weight="3" > yet </wordcount>
    <wordcount weight="3" > selective </wordcount>
    <wordcount weight="3" > favorable </wordcount>
    <wordcount weight="3" > already </wordcount>
    <wordcount weight="3" > isolated </wordcount>
    <wordcount weight="3" > fill </wordcount>
    <wordcount weight="3" > faunistic </wordcount>
    <wordcount weight="3" > toward </wordcount>
    <wordcount weight="3" > others </wordcount>
    <wordcount weight="3" > lack </wordcount>
    <wordcount weight="3" > larger </wordcount>
    <wordcount weight="3" > biota </wordcount>
    <wordcount weight="3" > patterns </wordcount>
    <wordcount weight="3" > existing </wordcount>
    <wordcount weight="3" > toxic </wordcount>
    <wordcount weight="3" > native </wordcount>
    <wordcount weight="3" > ecology </wordcount>
    <wordcount weight="3" > vegetational </wordcount>
    <wordcount weight="3" > discussion </wordcount>
    <wordcount weight="3" > reviewing </wordcount>
    <wordcount weight="3" > mutch </wordcount>
    <wordcount weight="3" > food </wordcount>
    <wordcount weight="3" > individual </wordcount>
    <wordcount weight="3" > mountain </wordcount>
    <wordcount weight="3" > abundant </wordcount>
    <wordcount weight="3" > relation </wordcount>
    <wordcount weight="3" > sugar </wordcount>
    <wordcount weight="3" > parent </wordcount>
    <wordcount weight="3" > multitude </wordcount>
    <wordcount weight="3" > family </wordcount>
    <wordcount weight="3" > woody </wordcount>
    <wordcount weight="3" > botanical </wordcount>
    <wordcount weight="3" > wasps </wordcount>
    <wordcount weight="3" > paper </wordcount>
    <wordcount weight="3" > destroyed </wordcount>
    <wordcount weight="3" > places </wordcount>
    <wordcount weight="3" > animal </wordcount>
    <wordcount weight="3" > beginning </wordcount>
    <wordcount weight="3" > genera </wordcount>
    <wordcount weight="3" > spatial </wordcount>
    <wordcount weight="3" > making </wordcount>
    <wordcount weight="3" > weedy </wordcount>
    <wordcount weight="3" > studying </wordcount>
    <wordcount weight="3" > richness </wordcount>
    <wordcount weight="3" > both </wordcount>
    <wordcount weight="3" > level </wordcount>
    <wordcount weight="3" > press </wordcount>
    <wordcount weight="3" > african </wordcount>
    <wordcount weight="3" > think </wordcount>
    <wordcount weight="3" > cambridge </wordcount>
    <wordcount weight="3" > although </wordcount>
    <wordcount weight="3" > usa </wordcount>
    <wordcount weight="3" > extremely </wordcount>
    <wordcount weight="3" > territories </wordcount>
    <wordcount weight="3" > assumed </wordcount>
    <wordcount weight="3" > strong </wordcount>
    <wordcount weight="3" > looking </wordcount>
    <wordcount weight="2" > mostly </wordcount>
    <wordcount weight="2" > common </wordcount>
    <wordcount weight="2" > bassham </wordcount>
    <wordcount weight="2" > implies </wordcount>
    <wordcount weight="2" > predator </wordcount>
    <wordcount weight="2" > mountains </wordcount>
    <wordcount weight="2" > bawa </wordcount>
    <wordcount weight="2" > distributed </wordcount>
    <wordcount weight="2" > per </wordcount>
    <wordcount weight="2" > orias </wordcount>
    <wordcount weight="2" > group </wordcount>
    <wordcount weight="2" > needed </wordcount>
    <wordcount weight="2" > jukes </wordcount>
    <wordcount weight="2" > maize </wordcount>
    <wordcount weight="2" > ways </wordcount>
    <wordcount weight="2" > subgenera </wordcount>
    <wordcount weight="2" > bark </wordcount>
    <wordcount weight="2" > every </wordcount>
    <wordcount weight="2" > topographic </wordcount>
    <wordcount weight="2" > microhabitats </wordcount>
    <wordcount weight="2" > develops </wordcount>
    <wordcount weight="2" > nature </wordcount>
    <wordcount weight="2" > asia </wordcount>
    <wordcount weight="2" > reach </wordcount>
    <wordcount weight="2" > crops </wordcount>
    <wordcount weight="2" > compounds </wordcount>
    <wordcount weight="2" > richards </wordcount>
    <wordcount weight="2" > germination </wordcount>
    <wordcount weight="2" > fruits </wordcount>
    <wordcount weight="2" > molecular </wordcount>
    <wordcount weight="2" > composition </wordcount>
    <wordcount weight="2" > help </wordcount>
    <wordcount weight="2" > feature </wordcount>
    <wordcount weight="2" > biologists </wordcount>
    <wordcount weight="2" > newell </wordcount>
    <wordcount weight="2" > opposite </wordcount>
    <wordcount weight="2" > papyrus </wordcount>
    <wordcount weight="2" > within </wordcount>
    <wordcount weight="2" > attempted </wordcount>
    <wordcount weight="2" > british </wordcount>
    <wordcount weight="2" > macarthur </wordcount>
    <wordcount weight="2" > bird </wordcount>
    <wordcount weight="2" > bases </wordcount>
    <wordcount weight="2" > condition </wordcount>
    <wordcount weight="2" > soils </wordcount>
    <wordcount weight="2" > obvious </wordcount>
    <wordcount weight="2" > pass </wordcount>
    <wordcount weight="2" > point </wordcount>
    <wordcount weight="2" > resources </wordcount>
    <wordcount weight="2" > beneath </wordcount>
    <wordcount weight="2" > slack </wordcount>
    <wordcount weight="2" > behavior </wordcount>
    <wordcount weight="2" > human </wordcount>
    <wordcount weight="2" > throughout </wordcount>
    <wordcount weight="2" > review </wordcount>
    <wordcount weight="2" > relationships </wordcount>
    <wordcount weight="2" > branching </wordcount>
    <wordcount weight="2" > severe </wordcount>
    <wordcount weight="2" > cotuld </wordcount>
    <wordcount weight="2" > development </wordcount>
    <wordcount weight="2" > visited </wordcount>
    <wordcount weight="2" > de </wordcount>
    <wordcount weight="2" > characteristic </wordcount>
    <wordcount weight="2" > heterogeneity </wordcount>
    <wordcount weight="2" > expected </wordcount>
    <wordcount weight="2" > cases </wordcount>
    <wordcount weight="2" > effective </wordcount>
    <wordcount weight="2" > sci </wordcount>
    <wordcount weight="2" > drawn </wordcount>
    <wordcount weight="2" > parasites </wordcount>
    <wordcount weight="2" > delivered </wordcount>
    <wordcount weight="2" > mechanism </wordcount>
    <wordcount weight="2" > interesting </wordcount>
    <wordcount weight="2" > york </wordcount>
    <wordcount weight="2" > without </wordcount>
    <wordcount weight="2" > remain </wordcount>
    <wordcount weight="2" > levels </wordcount>
    <wordcount weight="2" > process </wordcount>
    <wordcount weight="2" > active </wordcount>
    <wordcount weight="2" > environments </wordcount>
    <wordcount weight="2" > amazonian </wordcount>
    <wordcount weight="2" > easily </wordcount>
    <wordcount weight="2" > special </wordcount>
    <wordcount weight="2" > feel </wordcount>
    <wordcount weight="2" > reason </wordcount>
    <wordcount weight="2" > finer </wordcount>
    <wordcount weight="2" > operates </wordcount>
    <wordcount weight="2" > forget </wordcount>
    <wordcount weight="2" > nearby </wordcount>
    <wordcount weight="2" > clearly </wordcount>
    <wordcount weight="2" > k </wordcount>
    <wordcount weight="2" > solid </wordcount>
    <wordcount weight="2" > situations </wordcount>
    <wordcount weight="2" > operate </wordcount>
    <wordcount weight="2" > follow </wordcount>
    <wordcount weight="2" > stark </wordcount>
    <wordcount weight="2" > dobzhansky </wordcount>
    <wordcount weight="2" > syconia </wordcount>
    <wordcount weight="2" > m </wordcount>
    <wordcount weight="2" > suggested </wordcount>
    <wordcount weight="2" > stands </wordcount>
    <wordcount weight="2" > cauliflory </wordcount>
    <wordcount weight="2" > whereas </wordcount>
    <wordcount weight="2" > opening </wordcount>
    <wordcount weight="2" > mycorrhiza </wordcount>
    <wordcount weight="2" > closely </wordcount>
    <wordcount weight="2" > fitted </wordcount>
    <wordcount weight="2" > glacial </wordcount>
    <wordcount weight="2" > late </wordcount>
    <wordcount weight="2" > suclh </wordcount>
    <wordcount weight="2" > appears </wordcount>
    <wordcount weight="2" > population </wordcount>
    <wordcount weight="2" > produced </wordcount>
    <wordcount weight="2" > younger </wordcount>
    <wordcount weight="2" > otherwise </wordcount>
    <wordcount weight="2" > energy </wordcount>
    <wordcount weight="2" > tension </wordcount>
    <wordcount weight="2" > approached </wordcount>
    <wordcount weight="2" > wide </wordcount>
    <wordcount weight="2" > possibility </wordcount>
    <wordcount weight="2" > aspects </wordcount>
    <wordcount weight="2" > used </wordcount>
    <wordcount weight="2" > abstracts </wordcount>
    <wordcount weight="2" > significantly </wordcount>
    <wordcount weight="2" > part </wordcount>
    <wordcount weight="2" > proportions </wordcount>
    <wordcount weight="2" > loss </wordcount>
    <wordcount weight="2" > pollinators </wordcount>
    <wordcount weight="2" > endemics </wordcount>
    <wordcount weight="2" > et </wordcount>
    <wordcount weight="2" > biotropica </wordcount>
    <wordcount weight="2" > seashore </wordcount>
    <wordcount weight="2" > approach </wordcount>
    <wordcount weight="2" > change </wordcount>
    <wordcount weight="2" > drier </wordcount>
    <wordcount weight="2" > grass </wordcount>
    <wordcount weight="2" > order </wordcount>
    <wordcount weight="2" > amensal </wordcount>
    <wordcount weight="2" > cacao </wordcount>
    <wordcount weight="2" > generally </wordcount>
    <wordcount weight="2" > mutclh </wordcount>
    <wordcount weight="2" > progress </wordcount>
    <wordcount weight="2" > appropriate </wordcount>
    <wordcount weight="2" > newly </wordcount>
    <wordcount weight="2" > am </wordcount>
    <wordcount weight="2" > better </wordcount>
    <wordcount weight="2" > activities </wordcount>
    <wordcount weight="2" > reduction </wordcount>
    <wordcount weight="2" > outside </wordcount>
    <wordcount weight="2" > second </wordcount>
    <wordcount weight="2" > fly </wordcount>
    <wordcount weight="2" > reduced </wordcount>
    <wordcount weight="2" > matter </wordcount>
    <wordcount weight="2" > contact </wordcount>
    <wordcount weight="2" > harris </wordcount>
    <wordcount weight="2" > female </wordcount>
    <wordcount weight="2" > boreal </wordcount>
    <wordcount weight="2" > fossil </wordcount>
    <wordcount weight="2" > expanded </wordcount>
    <wordcount weight="2" > ice </wordcount>
    <wordcount weight="2" > tends </wordcount>
    <wordcount weight="2" > biological </wordcount>
    <wordcount weight="2" > once </wordcount>
    <wordcount weight="2" > angiosperm </wordcount>
    <wordcount weight="2" > opportunities </wordcount>
    <wordcount weight="2" > makes </wordcount>
    <wordcount weight="2" > thought </wordcount>
    <wordcount weight="2" > soon </wordcount>
    <wordcount weight="2" > under </wordcount>
    <wordcount weight="2" > lowland </wordcount>
    <wordcount weight="2" > unbalanced </wordcount>
    <wordcount weight="2" > pointed </wordcount>
    <wordcount weight="2" > chance </wordcount>
    <wordcount weight="2" > summing </wordcount>
    <wordcount weight="2" > paine </wordcount>
    <wordcount weight="2" > cultivated </wordcount>
    <wordcount weight="2" > fact </wordcount>
    <wordcount weight="2" > murphy </wordcount>
    <wordcount weight="2" > reasoning </wordcount>
    <wordcount weight="2" > diverse </wordcount>
    <wordcount weight="2" > shallow </wordcount>
    <wordcount weight="2" > distributions </wordcount>
    <wordcount weight="2" > serious </wordcount>
    <wordcount weight="2" > sort </wordcount>
    <wordcount weight="2" > never </wordcount>
    <wordcount weight="2" > enough </wordcount>
    <wordcount weight="2" > corbiculae </wordcount>
    <wordcount weight="2" > present </wordcount>
    <wordcount weight="2" > remarkable </wordcount>
    <wordcount weight="2" > continuing </wordcount>
    <wordcount weight="2" > see </wordcount>
    <wordcount weight="2" > material </wordcount>
    <wordcount weight="2" > maturity </wordcount>
    <wordcount weight="2" > nocturnal </wordcount>
    <wordcount weight="2" > microchiroptera </wordcount>
    <wordcount weight="2" > vogel </wordcount>
    <wordcount weight="2" > examples </wordcount>
    <wordcount weight="2" > bear </wordcount>
    <wordcount weight="2" > region </wordcount>
    <wordcount weight="2" > including </wordcount>
    <wordcount weight="2" > desperate </wordcount>
    <wordcount weight="2" > significant </wordcount>
    <wordcount weight="2" > hypotheses </wordcount>
    <wordcount weight="2" > factor </wordcount>
    <wordcount weight="2" > variation </wordcount>
    <wordcount weight="2" > nothing </wordcount>
    <wordcount weight="2" > continue </wordcount>
    <wordcount weight="2" > evolving </wordcount>
    <wordcount weight="2" > taxon </wordcount>
    <wordcount weight="2" > endozootic </wordcount>
    <wordcount weight="2" > involves </wordcount>
    <wordcount weight="2" > significance </wordcount>
    <wordcount weight="2" > pollinator </wordcount>
    <wordcount weight="2" > authors </wordcount>
    <wordcount weight="2" > agreement </wordcount>
    <wordcount weight="2" > amounts </wordcount>
    <wordcount weight="2" > co </wordcount>
    <wordcount weight="2" > keep </wordcount>
    <wordcount weight="2" > genetics </wordcount>
    <wordcount weight="2" > period </wordcount>
    <wordcount weight="2" > function </wordcount>
    <wordcount weight="2" > sarich </wordcount>
    <wordcount weight="2" > int </wordcount>
    <wordcount weight="2" > mammals </wordcount>
    <wordcount weight="2" > after </wordcount>
    <wordcount weight="2" > presidential </wordcount>
    <wordcount weight="2" > article </wordcount>
    <wordcount weight="2" > become </wordcount>
    <wordcount weight="2" > tregunna </wordcount>
    <wordcount weight="2" > ann </wordcount>
    <wordcount weight="2" > seattle </wordcount>
    <wordcount weight="2" > commtunities </wordcount>
    <wordcount weight="2" > paris </wordcount>
    <wordcount weight="2" > arisen </wordcount>
    <wordcount weight="2" > adaptations </wordcount>
    <wordcount weight="2" > looked </wordcount>
    <wordcount weight="2" > versus </wordcount>
    <wordcount weight="2" > tendency </wordcount>
    <wordcount weight="2" > gaseous </wordcount>
    <wordcount weight="2" > destruction </wordcount>
    <wordcount weight="2" > ago </wordcount>
    <wordcount weight="2" > regimes </wordcount>
    <wordcount weight="2" > immigration </wordcount>
    <wordcount weight="2" > bruchid </wordcount>
    <wordcount weight="2" > photorespiration </wordcount>
    <wordcount weight="2" > increasing </wordcount>
    <wordcount weight="2" > provide </wordcount>
    <wordcount weight="2" > hectare </wordcount>
    <wordcount weight="2" > esculentus </wordcount>
    <wordcount weight="2" > polyploids </wordcount>
    <wordcount weight="2" > success </wordcount>
    <wordcount weight="2" > detailed </wordcount>
    <wordcount weight="2" > rapidly </wordcount>
    <wordcount weight="2" > why </wordcount>
    <wordcount weight="2" > perhaps </wordcount>
    <wordcount weight="2" > hope </wordcount>
    <wordcount weight="2" > get </wordcount>
    <wordcount weight="2" > genetical </wordcount>
    <wordcount weight="2" > affect </wordcount>
    <wordcount weight="2" > claims </wordcount>
    <wordcount weight="2" > environment </wordcount>
    <wordcount weight="2" > following </wordcount>
    <wordcount weight="2" > dicotyledons </wordcount>
    <wordcount weight="2" > carica </wordcount>
    <wordcount weight="2" > homogeneity </wordcount>
    <wordcount weight="2" > geographic </wordcount>
    <wordcount weight="2" > continues </wordcount>
    <wordcount weight="2" > masses </wordcount>
    <wordcount weight="2" > terrestrial </wordcount>
    <wordcount weight="2" > compensation </wordcount>
    <wordcount weight="2" > here </wordcount>
    <wordcount weight="2" > der </wordcount>
    <wordcount weight="2" > know </wordcount>
    <wordcount weight="2" > december </wordcount>
    <wordcount weight="2" > did </wordcount>
    <wordcount weight="2" > best </wordcount>
    <wordcount weight="2" > bombacaceae </wordcount>
    <wordcount weight="2" > feed </wordcount>
    <wordcount weight="2" > particularly </wordcount>
    <wordcount weight="2" > wasp </wordcount>
    <wordcount weight="2" > historical </wordcount>
    <wordcount weight="2" > past </wordcount>
    <wordcount weight="2" > stigmas </wordcount>
    <wordcount weight="2" > william </wordcount>
    <wordcount weight="2" > explanations </wordcount>
    <wordcount weight="2" > particular </wordcount>
    <wordcount weight="2" > acad </wordcount>
    <wordcount weight="2" > maintain </wordcount>
    <wordcount weight="2" > fully </wordcount>
    <wordcount weight="2" > suborder </wordcount>
    <wordcount weight="2" > produce </wordcount>
    <wordcount weight="2" > almost </wordcount>
    <wordcount weight="2" > emphasis </wordcount>
    <wordcount weight="2" > contain </wordcount>
    <wordcount weight="2" > size </wordcount>
    <wordcount weight="2" > remember </wordcount>
    <wordcount weight="2" > went </wordcount>
    <wordcount weight="2" > happens </wordcount>
    <wordcount weight="2" > silva </wordcount>
    <wordcount weight="2" > substance </wordcount>
    <wordcount weight="2" > phenomenon </wordcount>
    <wordcount weight="2" > using </wordcount>
    <wordcount weight="2" > allows </wordcount>
    <wordcount weight="2" > botanists </wordcount>
    <wordcount weight="2" > our </wordcount>
    <wordcount weight="2" > suppressed </wordcount>
    <wordcount weight="2" > eric </wordcount>
    <wordcount weight="2" > wild </wordcount>
    <wordcount weight="2" > pine </wordcount>
    <wordcount weight="2" > until </wordcount>
    <wordcount weight="2" > spacing </wordcount>
    <wordcount weight="2" > differentiation </wordcount>
    <wordcount weight="2" > biochemical </wordcount>
    <wordcount weight="2" > decrease </wordcount>
    <wordcount weight="2" > position </wordcount>
    <wordcount weight="2" > completed </wordcount>
    <wordcount weight="2" > range </wordcount>
    <wordcount weight="2" > green </wordcount>
    <wordcount weight="2" > gross </wordcount>
    <wordcount weight="2" > you </wordcount>
    <wordcount weight="2" > effects </wordcount>
    <wordcount weight="2" > off </wordcount>
    <wordcount weight="2" > increased </wordcount>
    <wordcount weight="2" > reached </wordcount>
    <wordcount weight="2" > early </wordcount>
    <wordcount weight="2" > north </wordcount>
    <wordcount weight="2" > showed </wordcount>
    <wordcount weight="2" > close </wordcount>
    <wordcount weight="2" > major </wordcount>
    <wordcount weight="1" > bakermaking </wordcount>
    <wordcount weight="1" > problem </wordcount>
    <wordcount weight="1" > frequent </wordcount>
    <wordcount weight="1" > difficult </wordcount>
    <wordcount weight="1" > ficzus </wordcount>
    <wordcount weight="1" > genetic </wordcount>
    <wordcount weight="1" > go </wordcount>
    <wordcount weight="1" > does </wordcount>
    <wordcount weight="1" > dturing </wordcount>
    <wordcount weight="1" > pedawan </wordcount>
    <wordcount weight="1" > struggle </wordcount>
    <wordcount weight="1" > macrohabitats </wordcount>
    <wordcount weight="1" > conflicting </wordcount>
    <wordcount weight="1" > concerned </wordcount>
    <wordcount weight="1" > adopt </wordcount>
    <wordcount weight="1" > rev </wordcount>
    <wordcount weight="1" > insect </wordcount>
    <wordcount weight="1" > tropischen </wordcount>
    <wordcount weight="1" > monsters </wordcount>
    <wordcount weight="1" > created </wordcount>
    <wordcount weight="1" > truth </wordcount>
    <wordcount weight="1" > epidemics </wordcount>
    <wordcount weight="1" > cells </wordcount>
    <wordcount weight="1" > dash </wordcount>
    <wordcount weight="1" > episodes </wordcount>
    <wordcount weight="1" > resulted </wordcount>
    <wordcount weight="1" > resisting </wordcount>
    <wordcount weight="1" > euphorbia </wordcount>
    <wordcount weight="1" > arbitrate </wordcount>
    <wordcount weight="1" > systemic </wordcount>
    <wordcount weight="1" > expect </wordcount>
    <wordcount weight="1" > speakers </wordcount>
    <wordcount weight="1" > excretions </wordcount>
    <wordcount weight="1" > becoming </wordcount>
    <wordcount weight="1" > hot </wordcount>
    <wordcount weight="1" > discover </wordcount>
    <wordcount weight="1" > leached </wordcount>
    <wordcount weight="1" > unsatisfactory </wordcount>
    <wordcount weight="1" > use </wordcount>
    <wordcount weight="1" > larry </wordcount>
    <wordcount weight="1" > superb </wordcount>
    <wordcount weight="1" > catastrophe </wordcount>
    <wordcount weight="1" > remind </wordcount>
    <wordcount weight="1" > alive </wordcount>
    <wordcount weight="1" > leguminotus </wordcount>
    <wordcount weight="1" > true </wordcount>
    <wordcount weight="1" > interglacial </wordcount>
    <wordcount weight="1" > completely </wordcount>
    <wordcount weight="1" > arrangement </wordcount>
    <wordcount weight="1" > contend </wordcount>
    <wordcount weight="1" > jonathan </wordcount>
    <wordcount weight="1" > desperately </wordcount>
    <wordcount weight="1" > phyllonycterinae </wordcount>
    <wordcount weight="1" > microorganisms </wordcount>
    <wordcount weight="1" > modern </wordcount>
    <wordcount weight="1" > favor </wordcount>
    <wordcount weight="1" > distribtutions </wordcount>
    <wordcount weight="1" > occulpied </wordcount>
    <wordcount weight="1" > chiropterophilie </wordcount>
    <wordcount weight="1" > considerations </wordcount>
    <wordcount weight="1" > ntumber </wordcount>
    <wordcount weight="1" > pollinated </wordcount>
    <wordcount weight="1" > explicable </wordcount>
    <wordcount weight="1" > necessarily </wordcount>
    <wordcount weight="1" > organic </wordcount>
    <wordcount weight="1" > stefan </wordcount>
    <wordcount weight="1" > occurred </wordcount>
    <wordcount weight="1" > guyana </wordcount>
    <wordcount weight="1" > squeiezed </wordcount>
    <wordcount weight="1" > impede </wordcount>
    <wordcount weight="1" > something </wordcount>
    <wordcount weight="1" > assume </wordcount>
    <wordcount weight="1" > controlled </wordcount>
    <wordcount weight="1" > sequential </wordcount>
    <wordcount weight="1" > pioneers </wordcount>
    <wordcount weight="1" > bjorkman </wordcount>
    <wordcount weight="1" > cyperzts </wordcount>
    <wordcount weight="1" > negative </wordcount>
    <wordcount weight="1" > colon </wordcount>
    <wordcount weight="1" > predominantly </wordcount>
    <wordcount weight="1" > expend </wordcount>
    <wordcount weight="1" > accumulation </wordcount>
    <wordcount weight="1" > inhibited </wordcount>
    <wordcount weight="1" > fraction </wordcount>
    <wordcount weight="1" > else </wordcount>
    <wordcount weight="1" > upland </wordcount>
    <wordcount weight="1" > inherently </wordcount>
    <wordcount weight="1" > zoolooist </wordcount>
    <wordcount weight="1" > sources </wordcount>
    <wordcount weight="1" > net </wordcount>
    <wordcount weight="1" > production </wordcount>
    <wordcount weight="1" > taken </wordcount>
    <wordcount weight="1" > nellie </wordcount>
    <wordcount weight="1" > contrasted </wordcount>
    <wordcount weight="1" > kilometers </wordcount>
    <wordcount weight="1" > disturbance </wordcount>
    <wordcount weight="1" > palynological </wordcount>
    <wordcount weight="1" > anywhere </wordcount>
    <wordcount weight="1" > promoting </wordcount>
    <wordcount weight="1" > mistake </wordcount>
    <wordcount weight="1" > emerged </wordcount>
    <wordcount weight="1" > possessing </wordcount>
    <wordcount weight="1" > glimpsed </wordcount>
    <wordcount weight="1" > freely </wordcount>
    <wordcount weight="1" > england </wordcount>
    <wordcount weight="1" > sttudy </wordcount>
    <wordcount weight="1" > diseases </wordcount>
    <wordcount weight="1" > words </wordcount>
    <wordcount weight="1" > definition </wordcount>
    <wordcount weight="1" > gary </wordcount>
    <wordcount weight="1" > confirmed </wordcount>
    <wordcount weight="1" > affinities </wordcount>
    <wordcount weight="1" > attractive </wordcount>
    <wordcount weight="1" > garth </wordcount>
    <wordcount weight="1" > individuals </wordcount>
    <wordcount weight="1" > packed </wordcount>
    <wordcount weight="1" > leading </wordcount>
    <wordcount weight="1" > belong </wordcount>
    <wordcount weight="1" > advantage </wordcount>
    <wordcount weight="1" > exceptionally </wordcount>
    <wordcount weight="1" > suggesting </wordcount>
    <wordcount weight="1" > correspondingly </wordcount>
    <wordcount weight="1" > together </wordcount>
    <wordcount weight="1" > reasons </wordcount>
    <wordcount weight="1" > ptlblished </wordcount>
    <wordcount weight="1" > rich </wordcount>
    <wordcount weight="1" > assembled </wordcount>
    <wordcount weight="1" > studied </wordcount>
    <wordcount weight="1" > accommodated </wordcount>
    <wordcount weight="1" > farther </wordcount>
    <wordcount weight="1" > closer </wordcount>
    <wordcount weight="1" > delaying </wordcount>
    <wordcount weight="1" > misled </wordcount>
    <wordcount weight="1" > carnegie </wordcount>
    <wordcount weight="1" > reproduction </wordcount>
    <wordcount weight="1" > saccharuzn </wordcount>
    <wordcount weight="1" > achieved </wordcount>
    <wordcount weight="1" > written </wordcount>
    <wordcount weight="1" > stand </wordcount>
    <wordcount weight="1" > influences </wordcount>
    <wordcount weight="1" > remainder </wordcount>
    <wordcount weight="1" > concepts </wordcount>
    <wordcount weight="1" > conserve </wordcount>
    <wordcount weight="1" > robert </wordcount>
    <wordcount weight="1" > advantages </wordcount>
    <wordcount weight="1" > diversify </wordcount>
    <wordcount weight="1" > favoring </wordcount>
    <wordcount weight="1" > dissolved </wordcount>
    <wordcount weight="1" > daniel </wordcount>
    <wordcount weight="1" > latitudinal </wordcount>
    <wordcount weight="1" > papers </wordcount>
    <wordcount weight="1" > photographer </wordcount>
    <wordcount weight="1" > system </wordcount>
    <wordcount weight="1" > synchronization </wordcount>
    <wordcount weight="1" > equially </wordcount>
    <wordcount weight="1" > leaching </wordcount>
    <wordcount weight="1" > empty </wordcount>
    <wordcount weight="1" > preventing </wordcount>
    <wordcount weight="1" > narrower </wordcount>
    <wordcount weight="1" > catastrophes </wordcount>
    <wordcount weight="1" > eastern </wordcount>
    <wordcount weight="1" > moths </wordcount>
    <wordcount weight="1" > king </wordcount>
    <wordcount weight="1" > ptit </wordcount>
    <wordcount weight="1" > peculiarities </wordcount>
    <wordcount weight="1" > primary </wordcount>
    <wordcount weight="1" > sexual </wordcount>
    <wordcount weight="1" > draw </wordcount>
    <wordcount weight="1" > right </wordcount>
    <wordcount weight="1" > retain </wordcount>
    <wordcount weight="1" > chromosomal </wordcount>
    <wordcount weight="1" > account </wordcount>
    <wordcount weight="1" > vol </wordcount>
    <wordcount weight="1" > replacement </wordcount>
    <wordcount weight="1" > felt </wordcount>
    <wordcount weight="1" > evolttion </wordcount>
    <wordcount weight="1" > stubjected </wordcount>
    <wordcount weight="1" > reaction </wordcount>
    <wordcount weight="1" > powers </wordcount>
    <wordcount weight="1" > move </wordcount>
    <wordcount weight="1" > advantageous </wordcount>
    <wordcount weight="1" > structurally </wordcount>
    <wordcount weight="1" > countered </wordcount>
    <wordcount weight="1" > fine </wordcount>
    <wordcount weight="1" > abotut </wordcount>
    <wordcount weight="1" > whatever </wordcount>
    <wordcount weight="1" > interdisciplinary </wordcount>
    <wordcount weight="1" > except </wordcount>
    <wordcount weight="1" > consequent </wordcount>
    <wordcount weight="1" > establishment </wordcount>
    <wordcount weight="1" > climax </wordcount>
    <wordcount weight="1" > above </wordcount>
    <wordcount weight="1" > along </wordcount>
    <wordcount weight="1" > occulrrence </wordcount>
    <wordcount weight="1" > keeps </wordcount>
    <wordcount weight="1" > nobs </wordcount>
    <wordcount weight="1" > permissive </wordcount>
    <wordcount weight="1" > asstumption </wordcount>
    <wordcount weight="1" > fixation </wordcount>
    <wordcount weight="1" > sand </wordcount>
    <wordcount weight="1" > collection </wordcount>
    <wordcount weight="1" > localized </wordcount>
    <wordcount weight="1" > wats </wordcount>
    <wordcount weight="1" > interestingly </wordcount>
    <wordcount weight="1" > wherever </wordcount>
    <wordcount weight="1" > tons </wordcount>
    <wordcount weight="1" > lewontin </wordcount>
    <wordcount weight="1" > savanna </wordcount>
    <wordcount weight="1" > thus </wordcount>
    <wordcount weight="1" > phase </wordcount>
    <wordcount weight="1" > prey </wordcount>
    <wordcount weight="1" > optimutm </wordcount>
    <wordcount weight="1" > eventual </wordcount>
    <wordcount weight="1" > facts </wordcount>
    <wordcount weight="1" > alternately </wordcount>
    <wordcount weight="1" > daylight </wordcount>
    <wordcount weight="1" > due </wordcount>
    <wordcount weight="1" > inhibition </wordcount>
    <wordcount weight="1" > edgar </wordcount>
    <wordcount weight="1" > hullten </wordcount>
    <wordcount weight="1" > confer </wordcount>
    <wordcount weight="1" > neighbors </wordcount>
    <wordcount weight="1" > relatively </wordcount>
    <wordcount weight="1" > ability </wordcount>
    <wordcount weight="1" > concentrations </wordcount>
    <wordcount weight="1" > sequentially </wordcount>
    <wordcount weight="1" > santa </wordcount>
    <wordcount weight="1" > club </wordcount>
    <wordcount weight="1" > leaf </wordcount>
    <wordcount weight="1" > haffer </wordcount>
    <wordcount weight="1" > grouped </wordcount>
    <wordcount weight="1" > satiation </wordcount>
    <wordcount weight="1" > pay </wordcount>
    <wordcount weight="1" > topic </wordcount>
    <wordcount weight="1" > century </wordcount>
    <wordcount weight="1" > admitted </wordcount>
    <wordcount weight="1" > vegetative </wordcount>
    <wordcount weight="1" > forced </wordcount>
    <wordcount weight="1" > exponent </wordcount>
    <wordcount weight="1" > estimates </wordcount>
    <wordcount weight="1" > clay </wordcount>
    <wordcount weight="1" > developments </wordcount>
    <wordcount weight="1" > plantation </wordcount>
    <wordcount weight="1" > curiously </wordcount>
    <wordcount weight="1" > times </wordcount>
    <wordcount weight="1" > speciespoor </wordcount>
    <wordcount weight="1" > refer </wordcount>
    <wordcount weight="1" > profound </wordcount>
    <wordcount weight="1" > amount </wordcount>
    <wordcount weight="1" > intensities </wordcount>
    <wordcount weight="1" > highest </wordcount>
    <wordcount weight="1" > simplest </wordcount>
    <wordcount weight="1" > nectaror </wordcount>
    <wordcount weight="1" > restrict </wordcount>
    <wordcount weight="1" > output </wordcount>
    <wordcount weight="1" > allowing </wordcount>
    <wordcount weight="1" > suitable </wordcount>
    <wordcount weight="1" > twice </wordcount>
    <wordcount weight="1" > publications </wordcount>
    <wordcount weight="1" > find </wordcount>
    <wordcount weight="1" > monopolizes </wordcount>
    <wordcount weight="1" > permian </wordcount>
    <wordcount weight="1" > packing </wordcount>
    <wordcount weight="1" > accompaniment </wordcount>
    <wordcount weight="1" > application </wordcount>
    <wordcount weight="1" > nonselective </wordcount>
    <wordcount weight="1" > beat </wordcount>
    <wordcount weight="1" > journal </wordcount>
    <wordcount weight="1" > practically </wordcount>
    <wordcount weight="1" > yan </wordcount>
    <wordcount weight="1" > demonstration </wordcount>
    <wordcount weight="1" > operative </wordcount>
    <wordcount weight="1" > deeply </wordcount>
    <wordcount weight="1" > eperua </wordcount>
    <wordcount weight="1" > generation </wordcount>
    <wordcount weight="1" > influence </wordcount>
    <wordcount weight="1" > referring </wordcount>
    <wordcount weight="1" > typified </wordcount>
    <wordcount weight="1" > gradtual </wordcount>
    <wordcount weight="1" > mechanisms </wordcount>
    <wordcount weight="1" > operation </wordcount>
    <wordcount weight="1" > opposed </wordcount>
    <wordcount weight="1" > exhaustively </wordcount>
    <wordcount weight="1" > eines </wordcount>
    <wordcount weight="1" > btut </wordcount>
    <wordcount weight="1" > ingest </wordcount>
    <wordcount weight="1" > bull </wordcount>
    <wordcount weight="1" > reflects </wordcount>
    <wordcount weight="1" > bog </wordcount>
    <wordcount weight="1" > nattural </wordcount>
    <wordcount weight="1" > difficullty </wordcount>
    <wordcount weight="1" > acid </wordcount>
    <wordcount weight="1" > exact </wordcount>
    <wordcount weight="1" > subjected </wordcount>
    <wordcount weight="1" > thirsty </wordcount>
    <wordcount weight="1" > parasitization </wordcount>
    <wordcount weight="1" > paznicuin </wordcount>
    <wordcount weight="1" > stop </wordcount>
    <wordcount weight="1" > interpretation </wordcount>
    <wordcount weight="1" > gymnosperm </wordcount>
    <wordcount weight="1" > possession </wordcount>
    <wordcount weight="1" > ascent </wordcount>
    <wordcount weight="1" > parents </wordcount>
    <wordcount weight="1" > goes </wordcount>
    <wordcount weight="1" > ntutrient </wordcount>
    <wordcount weight="1" > monsoon </wordcount>
    <wordcount weight="1" > connected </wordcount>
    <wordcount weight="1" > loses </wordcount>
    <wordcount weight="1" > importance </wordcount>
    <wordcount weight="1" > grew </wordcount>
    <wordcount weight="1" > parts </wordcount>
    <wordcount weight="1" > benjamin </wordcount>
    <wordcount weight="1" > contributions </wordcount>
    <wordcount weight="1" > oult </wordcount>
    <wordcount weight="1" > scrub </wordcount>
    <wordcount weight="1" > possess </wordcount>
    <wordcount weight="1" > lacking </wordcount>
    <wordcount weight="1" > diminishes </wordcount>
    <wordcount weight="1" > factors </wordcount>
    <wordcount weight="1" > accuiuldate </wordcount>
    <wordcount weight="1" > chalcid </wordcount>
    <wordcount weight="1" > means </wordcount>
    <wordcount weight="1" > understand </wordcount>
    <wordcount weight="1" > megachiroptera </wordcount>
    <wordcount weight="1" > mora </wordcount>
    <wordcount weight="1" > suppression </wordcount>
    <wordcount weight="1" > colonizing </wordcount>
    <wordcount weight="1" > nor </wordcount>
    <wordcount weight="1" > facilitated </wordcount>
    <wordcount weight="1" > vastly </wordcount>
    <wordcount weight="1" > counterparts </wordcount>
    <wordcount weight="1" > possibly </wordcount>
    <wordcount weight="1" > flexibility </wordcount>
    <wordcount weight="1" > les </wordcount>
    <wordcount weight="1" > river </wordcount>
    <wordcount weight="1" > statistical </wordcount>
    <wordcount weight="1" > familiar </wordcount>
    <wordcount weight="1" > evoluevolution </wordcount>
    <wordcount weight="1" > fishes </wordcount>
    <wordcount weight="1" > elsewhere </wordcount>
    <wordcount weight="1" > floras </wordcount>
    <wordcount weight="1" > days </wordcount>
    <wordcount weight="1" > placed </wordcount>
    <wordcount weight="1" > pedologists </wordcount>
    <wordcount weight="1" > olle </wordcount>
    <wordcount weight="1" > respiration </wordcount>
    <wordcount weight="1" > unfavorable </wordcount>
    <wordcount weight="1" > frequently </wordcount>
    <wordcount weight="1" > accumulating </wordcount>
    <wordcount weight="1" > advancing </wordcount>
    <wordcount weight="1" > show </wordcount>
    <wordcount weight="1" > experienced </wordcount>
    <wordcount weight="1" > exploited </wordcount>
    <wordcount weight="1" > resource </wordcount>
    <wordcount weight="1" > occidentale </wordcount>
    <wordcount weight="1" > comparisons </wordcount>
    <wordcount weight="1" > surface </wordcount>
    <wordcount weight="1" > drought </wordcount>
    <wordcount weight="1" > shed </wordcount>
    <wordcount weight="1" > stresses </wordcount>
    <wordcount weight="1" > undertaken </wordcount>
    <wordcount weight="1" > cost </wordcount>
    <wordcount weight="1" > redulced </wordcount>
    <wordcount weight="1" > always </wordcount>
    <wordcount weight="1" > genotypes </wordcount>
    <wordcount weight="1" > rendered </wordcount>
    <wordcount weight="1" > iteroparity </wordcount>
    <wordcount weight="1" > corresponding </wordcount>
    <wordcount weight="1" > uistually </wordcount>
    <wordcount weight="1" > opinion </wordcount>
    <wordcount weight="1" > strategy </wordcount>
    <wordcount weight="1" > view </wordcount>
    <wordcount weight="1" > etlirope </wordcount>
    <wordcount weight="1" > regulatory </wordcount>
    <wordcount weight="1" > awaited </wordcount>
    <wordcount weight="1" > trop </wordcount>
    <wordcount weight="1" > sttudies </wordcount>
    <wordcount weight="1" > sheaths </wordcount>
    <wordcount weight="1" > cretaceous </wordcount>
    <wordcount weight="1" > talking </wordcount>
    <wordcount weight="1" > expressed </wordcount>
    <wordcount weight="1" > uses </wordcount>
    <wordcount weight="1" > based </wordcount>
    <wordcount weight="1" > societe </wordcount>
    <wordcount weight="1" > plateau </wordcount>
    <wordcount weight="1" > latitudes </wordcount>
    <wordcount weight="1" > absoltute </wordcount>
    <wordcount weight="1" > rule </wordcount>
    <wordcount weight="1" > preaching </wordcount>
    <wordcount weight="1" > faunal </wordcount>
    <wordcount weight="1" > typical </wordcount>
    <wordcount weight="1" > attack </wordcount>
    <wordcount weight="1" > recolonized </wordcount>
    <wordcount weight="1" > dunes </wordcount>
    <wordcount weight="1" > energetic </wordcount>
    <wordcount weight="1" > typify </wordcount>
    <wordcount weight="1" > international </wordcount>
    <wordcount weight="1" > nivalis </wordcount>
    <wordcount weight="1" > survivors </wordcount>
    <wordcount weight="1" > emerge </wordcount>
    <wordcount weight="1" > complete </wordcount>
    <wordcount weight="1" > base </wordcount>
    <wordcount weight="1" > academic </wordcount>
    <wordcount weight="1" > further </wordcount>
    <wordcount weight="1" > weed </wordcount>
    <wordcount weight="1" > dicarboxylic </wordcount>
    <wordcount weight="1" > facc </wordcount>
    <wordcount weight="1" > whichever </wordcount>
    <wordcount weight="1" > hardwoods </wordcount>
    <wordcount weight="1" > uipon </wordcount>
    <wordcount weight="1" > clumping </wordcount>
    <wordcount weight="1" > anderson </wordcount>
    <wordcount weight="1" > macartlhtir </wordcount>
    <wordcount weight="1" > buitenzorg </wordcount>
    <wordcount weight="1" > cannot </wordcount>
    <wordcount weight="1" > erratic </wordcount>
    <wordcount weight="1" > hoarding </wordcount>
    <wordcount weight="1" > record </wordcount>
    <wordcount weight="1" > ravages </wordcount>
    <wordcount weight="1" > ashford </wordcount>
    <wordcount weight="1" > refuge </wordcount>
    <wordcount weight="1" > virus </wordcount>
    <wordcount weight="1" > reocctupation </wordcount>
    <wordcount weight="1" > saltation </wordcount>
    <wordcount weight="1" > balance </wordcount>
    <wordcount weight="1" > acuniinatta </wordcount>
    <wordcount weight="1" > outstanding </wordcount>
    <wordcount weight="1" > fertilizing </wordcount>
    <wordcount weight="1" > none </wordcount>
    <wordcount weight="1" > degrees </wordcount>
    <wordcount weight="1" > temuperate </wordcount>
    <wordcount weight="1" > work </wordcount>
    <wordcount weight="1" > climb </wordcount>
    <wordcount weight="1" > insectivorous </wordcount>
    <wordcount weight="1" > strict </wordcount>
    <wordcount weight="1" > preferred </wordcount>
    <wordcount weight="1" > reestablished </wordcount>
    <wordcount weight="1" > claim </wordcount>
    <wordcount weight="1" > future </wordcount>
    <wordcount weight="1" > concept </wordcount>
    <wordcount weight="1" > fitwith </wordcount>
    <wordcount weight="1" > brought </wordcount>
    <wordcount weight="1" > heavily </wordcount>
    <wordcount weight="1" > dominance </wordcount>
    <wordcount weight="1" > london </wordcount>
    <wordcount weight="1" > purpose </wordcount>
    <wordcount weight="1" > numerous </wordcount>
    <wordcount weight="1" > phenological </wordcount>
    <wordcount weight="1" > knowledge </wordcount>
    <wordcount weight="1" > calls </wordcount>
    <wordcount weight="1" > ecologists </wordcount>
    <wordcount weight="1" > mitteilungen </wordcount>
    <wordcount weight="1" > axelrod </wordcount>
    <wordcount weight="1" > whole </wordcount>
    <wordcount weight="1" > literature </wordcount>
    <wordcount weight="1" > phylogenetic </wordcount>
    <wordcount weight="1" > fit </wordcount>
    <wordcount weight="1" > older </wordcount>
    <wordcount weight="1" > palynology </wordcount>
    <wordcount weight="1" > prormfote </wordcount>
    <wordcount weight="1" > leptonycteris </wordcount>
    <wordcount weight="1" > micropalaeontology </wordcount>
    <wordcount weight="1" > cane </wordcount>
    <wordcount weight="1" > cited </wordcount>
    <wordcount weight="1" > partly </wordcount>
    <wordcount weight="1" > produlce </wordcount>
    <wordcount weight="1" > accidental </wordcount>
    <wordcount weight="1" > relevance </wordcount>
    <wordcount weight="1" > temperatlres </wordcount>
    <wordcount weight="1" > actually </wordcount>
    <wordcount weight="1" > partictilar </wordcount>
    <wordcount weight="1" > bat </wordcount>
    <wordcount weight="1" > freshwater </wordcount>
    <wordcount weight="1" > neue </wordcount>
    <wordcount weight="1" > parkia </wordcount>
    <wordcount weight="1" > bccn </wordcount>
    <wordcount weight="1" > natl </wordcount>
    <wordcount weight="1" > formations </wordcount>
    <wordcount weight="1" > employed </wordcount>
    <wordcount weight="1" > believes </wordcount>
    <wordcount weight="1" > showing </wordcount>
    <wordcount weight="1" > thule </wordcount>
    <wordcount weight="1" > manage </wordcount>
    <wordcount weight="1" > stanford </wordcount>
    <wordcount weight="1" > cornerstone </wordcount>
    <wordcount weight="1" > individtuals </wordcount>
    <wordcount weight="1" > graduate </wordcount>
    <wordcount weight="1" > gap </wordcount>
    <wordcount weight="1" > violated </wordcount>
    <wordcount weight="1" > stockholm </wordcount>
    <wordcount weight="1" > good </wordcount>
    <wordcount weight="1" > pick </wordcount>
    <wordcount weight="1" > neotropischen </wordcount>
    <wordcount weight="1" > closing </wordcount>
    <wordcount weight="1" > urwaldes </wordcount>
    <wordcount weight="1" > thotusand </wordcount>
    <wordcount weight="1" > ambitiotus </wordcount>
    <wordcount weight="1" > successful </wordcount>
    <wordcount weight="1" > presented </wordcount>
    <wordcount weight="1" > forets </wordcount>
    <wordcount weight="1" > field </wordcount>
    <wordcount weight="1" > quarter </wordcount>
    <wordcount weight="1" > diminish </wordcount>
    <wordcount weight="1" > leguminosae </wordcount>
    <wordcount weight="1" > next </wordcount>
    <wordcount weight="1" > asstlmption </wordcount>
    <wordcount weight="1" > cope </wordcount>
    <wordcount weight="1" > reaches </wordcount>
    <wordcount weight="1" > ploidy </wordcount>
    <wordcount weight="1" > atmosphere </wordcount>
    <wordcount weight="1" > la </wordcount>
    <wordcount weight="1" > dolicaula </wordcount>
    <wordcount weight="1" > revealing </wordcount>
    <wordcount weight="1" > transfer </wordcount>
    <wordcount weight="1" > exigencies </wordcount>
    <wordcount weight="1" > phosphorylated </wordcount>
    <wordcount weight="1" > massachusetts </wordcount>
    <wordcount weight="1" > climate </wordcount>
    <wordcount weight="1" > ancestors </wordcount>
    <wordcount weight="1" > sterculiaceae </wordcount>
    <wordcount weight="1" > impoverishment </wordcount>
    <wordcount weight="1" > coloniales </wordcount>
    <wordcount weight="1" > characterizes </wordcount>
    <wordcount weight="1" > arcas </wordcount>
    <wordcount weight="1" > inflorescences </wordcount>
    <wordcount weight="1" > offspring </wordcount>
    <wordcount weight="1" > majority </wordcount>
    <wordcount weight="1" > dependent </wordcount>
    <wordcount weight="1" > torrey </wordcount>
    <wordcount weight="1" > filling </wordcount>
    <wordcount weight="1" > resistance </wordcount>
    <wordcount weight="1" > rican </wordcount>
    <wordcount weight="1" > stupply </wordcount>
    <wordcount weight="1" > promoter </wordcount>
    <wordcount weight="1" > preliminary </wordcount>
    <wordcount weight="1" > finds </wordcount>
    <wordcount weight="1" > borneo </wordcount>
    <wordcount weight="1" > aggregate </wordcount>
    <wordcount weight="1" > rest </wordcount>
    <wordcount weight="1" > gordon </wordcount>
    <wordcount weight="1" > reducing </wordcount>
    <wordcount weight="1" > seemed </wordcount>
    <wordcount weight="1" > subsequently </wordcount>
    <wordcount weight="1" > south </wordcount>
    <wordcount weight="1" > blanket </wordcount>
    <wordcount weight="1" > portion </wordcount>
    <wordcount weight="1" > happen </wordcount>
    <wordcount weight="1" > led </wordcount>
    <wordcount weight="1" > endtured </wordcount>
    <wordcount weight="1" > roughness </wordcount>
    <wordcount weight="1" > chains </wordcount>
    <wordcount weight="1" > annum </wordcount>
    <wordcount weight="1" > bactericidal </wordcount>
    <wordcount weight="1" > onset </wordcount>
    <wordcount weight="1" > cytotaxonomic </wordcount>
    <wordcount weight="1" > variety </wordcount>
    <wordcount weight="1" > absence </wordcount>
    <wordcount weight="1" > ridge </wordcount>
    <wordcount weight="1" > various </wordcount>
    <wordcount weight="1" > noble </wordcount>
    <wordcount weight="1" > preadaptation </wordcount>
    <wordcount weight="1" > scientific </wordcount>
    <wordcount weight="1" > mehra </wordcount>
    <wordcount weight="1" > action </wordcount>
    <wordcount weight="1" > lurking </wordcount>
    <wordcount weight="1" > reftligia </wordcount>
    <wordcount weight="1" > service </wordcount>
    <wordcount weight="1" > located </wordcount>
    <wordcount weight="1" > enables </wordcount>
    <wordcount weight="1" > skippers </wordcount>
    <wordcount weight="1" > secondly </wordcount>
    <wordcount weight="1" > admirable </wordcount>
    <wordcount weight="1" > wait </wordcount>
    <wordcount weight="1" > notoriously </wordcount>
    <wordcount weight="1" > released </wordcount>
    <wordcount weight="1" > islands </wordcount>
    <wordcount weight="1" > drops </wordcount>
    <wordcount weight="1" > rapid </wordcount>
    <wordcount weight="1" > taboada </wordcount>
    <wordcount weight="1" > denominator </wordcount>
    <wordcount weight="1" > reduce </wordcount>
    <wordcount weight="1" > dispersibility </wordcount>
    <wordcount weight="1" > evoitition </wordcount>
    <wordcount weight="1" > ceibas </wordcount>
    <wordcount weight="1" > modes </wordcount>
    <wordcount weight="1" > inore </wordcount>
    <wordcount weight="1" > hold </wordcount>
    <wordcount weight="1" > bakerspeciation </wordcount>
    <wordcount weight="1" > positive </wordcount>
    <wordcount weight="1" > southeast </wordcount>
    <wordcount weight="1" > vicinity </wordcount>
    <wordcount weight="1" > relationship </wordcount>
    <wordcount weight="1" > inhibitors </wordcount>
    <wordcount weight="1" > postulate </wordcount>
    <wordcount weight="1" > pastures </wordcount>
    <wordcount weight="1" > usibp </wordcount>
    <wordcount weight="1" > metric </wordcount>
    <wordcount weight="1" > prolongation </wordcount>
    <wordcount weight="1" > loaded </wordcount>
    <wordcount weight="1" > hopeftul </wordcount>
    <wordcount weight="1" > recognized </wordcount>
    <wordcount weight="1" > museum </wordcount>
    <wordcount weight="1" > reference </wordcount>
    <wordcount weight="1" > examined </wordcount>
    <wordcount weight="1" > monogr </wordcount>
    <wordcount weight="1" > tremendous </wordcount>
    <wordcount weight="1" > added </wordcount>
    <wordcount weight="1" > read </wordcount>
    <wordcount weight="1" > marginal </wordcount>
    <wordcount weight="1" > atriplex </wordcount>
    <wordcount weight="1" > message </wordcount>
    <wordcount weight="1" > evolved </wordcount>
    <wordcount weight="1" > restricted </wordcount>
    <wordcount weight="1" > specimens </wordcount>
    <wordcount weight="1" > swamp </wordcount>
    <wordcount weight="1" > consociations </wordcount>
    <wordcount weight="1" > shifting </wordcount>
    <wordcount weight="1" > imiade </wordcount>
    <wordcount weight="1" > performed </wordcount>
    <wordcount weight="1" > carefull </wordcount>
    <wordcount weight="1" > responsive </wordcount>
    <wordcount weight="1" > motuntain </wordcount>
    <wordcount weight="1" > largest </wordcount>
    <wordcount weight="1" > belonging </wordcount>
    <wordcount weight="1" > intense </wordcount>
    <wordcount weight="1" > thorn </wordcount>
    <wordcount weight="1" > illustrated </wordcount>
    <wordcount weight="1" > department </wordcount>
    <wordcount weight="1" > qualified </wordcount>
    <wordcount weight="1" > increasingly </wordcount>
    <wordcount weight="1" > williams </wordcount>
    <wordcount weight="1" > assimilated </wordcount>
    <wordcount weight="1" > rise </wordcount>
    <wordcount weight="1" > linhart </wordcount>
    <wordcount weight="1" > happening </wordcount>
    <wordcount weight="1" > useful </wordcount>
    <wordcount weight="1" > fix </wordcount>
    <wordcount weight="1" > massachusettsbe </wordcount>
    <wordcount weight="1" > french </wordcount>
    <wordcount weight="1" > book </wordcount>
    <wordcount weight="1" > structures </wordcount>
    <wordcount weight="1" > acccpting </wordcount>
    <wordcount weight="1" > isolates </wordcount>
    <wordcount weight="1" > genecology </wordcount>
    <wordcount weight="1" > desertification </wordcount>
    <wordcount weight="1" > californian </wordcount>
    <wordcount weight="1" > drink </wordcount>
    <wordcount weight="1" > similarly </wordcount>
    <wordcount weight="1" > ridley </wordcount>
    <wordcount weight="1" > lowering </wordcount>
    <wordcount weight="1" > addition </wordcount>
    <wordcount weight="1" > towards </wordcount>
    <wordcount weight="1" > projects </wordcount>
    <wordcount weight="1" > tiny </wordcount>
    <wordcount weight="1" > mesosternum </wordcount>
    <wordcount weight="1" > water </wordcount>
    <wordcount weight="1" > smith </wordcount>
    <wordcount weight="1" > release </wordcount>
    <wordcount weight="1" > herbert </wordcount>
    <wordcount weight="1" > incorporates </wordcount>
    <wordcount weight="1" > contintuotus </wordcount>
    <wordcount weight="1" > shows </wordcount>
    <wordcount weight="1" > valid </wordcount>
    <wordcount weight="1" > consideration </wordcount>
    <wordcount weight="1" > limit </wordcount>
    <wordcount weight="1" > coincidence </wordcount>
    <wordcount weight="1" > reproductives </wordcount>
    <wordcount weight="1" > head </wordcount>
    <wordcount weight="1" > pressure </wordcount>
    <wordcount weight="1" > striking </wordcount>
    <wordcount weight="1" > instability </wordcount>
    <wordcount weight="1" > utilizing </wordcount>
    <wordcount weight="1" > agree </wordcount>
    <wordcount weight="1" > appeared </wordcount>
    <wordcount weight="1" > pentandra </wordcount>
    <wordcount weight="1" > abstract </wordcount>
    <wordcount weight="1" > exclusion </wordcount>
    <wordcount weight="1" > relict </wordcount>
    <wordcount weight="1" > regulation </wordcount>
    <wordcount weight="1" > striving </wordcount>
    <wordcount weight="1" > really </wordcount>
    <wordcount weight="1" > habitat </wordcount>
    <wordcount weight="1" > connell </wordcount>
    <wordcount weight="1" > francaise </wordcount>
    <wordcount weight="1" > maritimes </wordcount>
    <wordcount weight="1" > legs </wordcount>
    <wordcount weight="1" > grows </wordcount>
    <wordcount weight="1" > onc </wordcount>
    <wordcount weight="1" > end </wordcount>
    <wordcount weight="1" > everything </wordcount>
    <wordcount weight="1" > bundle </wordcount>
    <wordcount weight="1" > considerable </wordcount>
    <wordcount weight="1" > fashion </wordcount>
    <wordcount weight="1" > pattern </wordcount>
    <wordcount weight="1" > feedback </wordcount>
    <wordcount weight="1" > discussed </wordcount>
    <wordcount weight="1" > simple </wordcount>
    <wordcount weight="1" > ages </wordcount>
    <wordcount weight="1" > fits </wordcount>
    <wordcount weight="1" > promoted </wordcount>
    <wordcount weight="1" > adjacent </wordcount>
    <wordcount weight="1" > learn </wordcount>
    <wordcount weight="1" > physiological </wordcount>
    <wordcount weight="1" > deploy </wordcount>
    <wordcount weight="1" > formation </wordcount>
    <wordcount weight="1" > covered </wordcount>
    <wordcount weight="1" > manner </wordcount>
    <wordcount weight="1" > tlhe </wordcount>
    <wordcount weight="1" > seedling </wordcount>
    <wordcount weight="1" > validity </wordcount>
    <wordcount weight="1" > tukey </wordcount>
    <wordcount weight="1" > demonstrations </wordcount>
    <wordcount weight="1" > weevils </wordcount>
    <wordcount weight="1" > analyses </wordcount>
    <wordcount weight="1" > endemism </wordcount>
    <wordcount weight="1" > spoke </wordcount>
    <wordcount weight="1" > poles </wordcount>
    <wordcount weight="1" > chloroplast </wordcount>
    <wordcount weight="1" > fewer </wordcount>
    <wordcount weight="1" > acids </wordcount>
    <wordcount weight="1" > fltucttuations </wordcount>
    <wordcount weight="1" > soziologie </wordcount>
    <wordcount weight="1" > shifts </wordcount>
    <wordcount weight="1" > acquire </wordcount>
    <wordcount weight="1" > going </wordcount>
    <wordcount weight="1" > degree </wordcount>
    <wordcount weight="1" > remained </wordcount>
    <wordcount weight="1" > regurgitate </wordcount>
    <wordcount weight="1" > brachyphylla </wordcount>
    <wordcount weight="1" > dormant </wordcount>
    <wordcount weight="1" > original </wordcount>
    <wordcount weight="1" > equator </wordcount>
    <wordcount weight="1" > demonstrated </wordcount>
    <wordcount weight="1" > retaining </wordcount>
    <wordcount weight="1" > understanding </wordcount>
    <wordcount weight="1" > investigators </wordcount>
    <wordcount weight="1" > greatest </wordcount>
    <wordcount weight="1" > meaningful </wordcount>
    <wordcount weight="1" > casual </wordcount>
    <wordcount weight="1" > donn </wordcount>
    <wordcount weight="1" > supplies </wordcount>
    <wordcount weight="1" > btit </wordcount>
    <wordcount weight="1" > shcet </wordcount>
    <wordcount weight="1" > lost </wordcount>
    <wordcount weight="1" > mays </wordcount>
    <wordcount weight="1" > pavicazn </wordcount>
    <wordcount weight="1" > carboxylation </wordcount>
    <wordcount weight="1" > discovery </wordcount>
    <wordcount weight="1" > hundred </wordcount>
    <wordcount weight="1" > shoulld </wordcount>
    <wordcount weight="1" > frits </wordcount>
    <wordcount weight="1" > pturpose </wordcount>
    <wordcount weight="1" > aggregated </wordcount>
    <wordcount weight="1" > pollinate </wordcount>
    <wordcount weight="1" > wotuld </wordcount>
    <wordcount weight="1" > jard </wordcount>
    <wordcount weight="1" > emphatic </wordcount>
    <wordcount weight="1" > delicate </wordcount>
    <wordcount weight="1" > enormous </wordcount>
    <wordcount weight="1" > illumination </wordcount>
    <wordcount weight="1" > finding </wordcount>
    <wordcount weight="1" > varying </wordcount>
    <wordcount weight="1" > grassland </wordcount>
    <wordcount weight="1" > controlling </wordcount>
    <wordcount weight="1" > waste </wordcount>
    <wordcount weight="1" > characteristically </wordcount>
    <wordcount weight="1" > reeve </wordcount>
    <wordcount weight="1" > largely </wordcount>
    <wordcount weight="1" > exciting </wordcount>
    <wordcount weight="1" > tolerance </wordcount>
    <wordcount weight="1" > causes </wordcount>
    <wordcount weight="1" > sequence </wordcount>
    <wordcount weight="1" > harvard </wordcount>
    <wordcount weight="1" > dipterocarp </wordcount>
    <wordcount weight="1" > methodology </wordcount>
    <wordcount weight="1" > variables </wordcount>
    <wordcount weight="1" > maintains </wordcount>
    <wordcount weight="1" > examination </wordcount>
    <wordcount weight="1" > full </wordcount>
    <wordcount weight="1" > previous </wordcount>
    <wordcount weight="1" > strikingly </wordcount>
    <wordcount weight="1" > parasitic </wordcount>
    <wordcount weight="1" > theoretical </wordcount>
    <wordcount weight="1" > overtopped </wordcount>
    <wordcount weight="1" > huindreds </wordcount>
    <wordcount weight="1" > bioscience </wordcount>
    <wordcount weight="1" > clear </wordcount>
    <wordcount weight="1" > discovered </wordcount>
    <wordcount weight="1" > three </wordcount>
    <wordcount weight="1" > remaining </wordcount>
    <wordcount weight="1" > tis </wordcount>
    <wordcount weight="1" > directed </wordcount>
    <wordcount weight="1" > emphasizing </wordcount>
    <wordcount weight="1" > adding </wordcount>
    <wordcount weight="1" > publication </wordcount>
    <wordcount weight="1" > accounted </wordcount>
    <wordcount weight="1" > taxonomic </wordcount>
    <wordcount weight="1" > maintenance </wordcount>
    <wordcount weight="1" > himalayan </wordcount>
    <wordcount weight="1" > workers </wordcount>
    <wordcount weight="1" > held </wordcount>
    <wordcount weight="1" > foret </wordcount>
    <wordcount weight="1" > epiphyten </wordcount>
    <wordcount weight="1" > dipterocarpaceae </wordcount>
    <wordcount weight="1" > spread </wordcount>
    <wordcount weight="1" > valen </wordcount>
    <wordcount weight="1" > features </wordcount>
    <wordcount weight="1" > interspecific </wordcount>
    <wordcount weight="1" > mexico </wordcount>
    <wordcount weight="1" > multifarious </wordcount>
    <wordcount weight="1" > stimulation </wordcount>
    <wordcount weight="1" > epoch </wordcount>
    <wordcount weight="1" > rtunning </wordcount>
    <wordcount weight="1" > believing </wordcount>
    <wordcount weight="1" > provides </wordcount>
    <wordcount weight="1" > adequately </wordcount>
    <wordcount weight="1" > forms </wordcount>
    <wordcount weight="1" > postpleistocene </wordcount>
    <wordcount weight="1" > exchange </wordcount>
    <wordcount weight="1" > repeated </wordcount>
    <wordcount weight="1" > spent </wordcount>
    <wordcount weight="1" > quick </wordcount>
    <wordcount weight="1" > favored </wordcount>
    <wordcount weight="1" > behind </wordcount>
    <wordcount weight="1" > systems </wordcount>
    <wordcount weight="1" > methods </wordcount>
    <wordcount weight="1" > moist </wordcount>
    <wordcount weight="1" > alpine </wordcount>
    <wordcount weight="1" > sense </wordcount>
    <wordcount weight="1" > foggiest </wordcount>
    <wordcount weight="1" > toxicity </wordcount>
    <wordcount weight="1" > mayr </wordcount>
    <wordcount weight="1" > exactly </wordcount>
    <wordcount weight="1" > stuch </wordcount>
    <wordcount weight="1" > attendant </wordcount>
    <wordcount weight="1" > availability </wordcount>
    <wordcount weight="1" > structure </wordcount>
    <wordcount weight="1" > arnimal </wordcount>
    <wordcount weight="1" > percent </wordcount>
    <wordcount weight="1" > cybernetic </wordcount>
    <wordcount weight="1" > implication </wordcount>
    <wordcount weight="1" > looks </wordcount>
    <wordcount weight="1" > analyze </wordcount>
    <wordcount weight="1" > slightly </wordcount>
    <wordcount weight="1" > story </wordcount>
    <wordcount weight="1" > unpubl </wordcount>
    <wordcount weight="1" > below </wordcount>
    <wordcount weight="1" > mutations </wordcount>
    <wordcount weight="1" > occupied </wordcount>
    <wordcount weight="1" > institution </wordcount>
    <wordcount weight="1" > relative </wordcount>
    <wordcount weight="1" > yotunger </wordcount>
    <wordcount weight="1" > occupy </wordcount>
    <wordcount weight="1" > angiosperms </wordcount>
    <wordcount weight="1" > macarthtir </wordcount>
    <wordcount weight="1" > unrelated </wordcount>
    <wordcount weight="1" > concluded </wordcount>
    <wordcount weight="1" > widely </wordcount>
    <wordcount weight="1" > applies </wordcount>
    <wordcount weight="1" > busy </wordcount>
    <wordcount weight="1" > visit </wordcount>
    <wordcount weight="1" > arbitration </wordcount>
    <wordcount weight="1" > calvin </wordcount>
    <wordcount weight="1" > organismn </wordcount>
    <wordcount weight="1" > ctut </wordcount>
    <wordcount weight="1" > fosberg </wordcount>
    <wordcount weight="1" > seasons </wordcount>
    <wordcount weight="1" > dominants </wordcount>
    <wordcount weight="1" > escaping </wordcount>
    <wordcount weight="1" > assigned </wordcount>
    <wordcount weight="1" > agaonidae </wordcount>
    <wordcount weight="1" > devote </wordcount>
    <wordcount weight="1" > proc </wordcount>
    <wordcount weight="1" > chances </wordcount>
    <wordcount weight="1" > alex </wordcount>
    <wordcount weight="1" > africa </wordcount>
    <wordcount weight="1" > richest </wordcount>
    <wordcount weight="1" > tinaffected </wordcount>
    <wordcount weight="1" > lot </wordcount>
    <wordcount weight="1" > evolve </wordcount>
    <wordcount weight="1" > sometimes </wordcount>
    <wordcount weight="1" > rutila </wordcount>
    <wordcount weight="1" > foggy </wordcount>
    <wordcount weight="1" > lutrking </wordcount>
    <wordcount weight="1" > officinarunir </wordcount>
    <wordcount weight="1" > widespread </wordcount>
    <wordcount weight="1" > sauer </wordcount>
    <wordcount weight="1" > sandstone </wordcount>
    <wordcount weight="1" > referred </wordcount>
    <wordcount weight="1" > collections </wordcount>
    <wordcount weight="1" > uiniformity </wordcount>
    <wordcount weight="1" > outline </wordcount>
    <wordcount weight="1" > klopfer </wordcount>
    <wordcount weight="1" > bt </wordcount>
    <wordcount weight="1" > localization </wordcount>
    <wordcount weight="1" > obviotusly </wordcount>
    <wordcount weight="1" > wilson </wordcount>
    <wordcount weight="1" > chaparral </wordcount>
    <wordcount weight="1" > recognize </wordcount>
    <wordcount weight="1" > indicate </wordcount>
    <wordcount weight="1" > intend </wordcount>
    <wordcount weight="1" > efficiency </wordcount>
    <wordcount weight="1" > extra </wordcount>
    <wordcount weight="1" > analysis </wordcount>
    <wordcount weight="1" > continually </wordcount>
    <wordcount weight="1" > biochem </wordcount>
    <wordcount weight="1" > spectacularly </wordcount>
    <wordcount weight="1" > fall </wordcount>
    <wordcount weight="1" > sheds </wordcount>
    <wordcount weight="1" > blastophaga </wordcount>
    <wordcount weight="1" > decreasing </wordcount>
    <wordcount weight="1" > exists </wordcount>
    <wordcount weight="1" > individulals </wordcount>
    <wordcount weight="1" > itself </wordcount>
    <wordcount weight="1" > crowded </wordcount>
    <wordcount weight="1" > mnuist </wordcount>
    <wordcount weight="1" > matters </wordcount>
    <wordcount weight="1" > detail </wordcount>
    <wordcount weight="1" > speciatiolz </wordcount>
    <wordcount weight="1" > fertility </wordcount>
    <wordcount weight="1" > stereotyped </wordcount>
    <wordcount weight="1" > suggestions </wordcount>
    <wordcount weight="1" > heavy </wordcount>
    <wordcount weight="1" > rarely </wordcount>
    <wordcount weight="1" > proceed </wordcount>
    <wordcount weight="1" > constant </wordcount>
    <wordcount weight="1" > occasional </wordcount>
    <wordcount weight="1" > dispersed </wordcount>
    <wordcount weight="1" > catuses </wordcount>
    <wordcount weight="1" > comes </wordcount>
    <wordcount weight="1" > complexity </wordcount>
    <wordcount weight="1" > ever </wordcount>
    <wordcount weight="1" > satisfying </wordcount>
    <wordcount weight="1" > determinants </wordcount>
    <wordcount weight="1" > known </wordcount>
    <wordcount weight="1" > implied </wordcount>
    <wordcount weight="1" > bult </wordcount>
    <wordcount weight="1" > precise </wordcount>
    <wordcount weight="1" > physical </wordcount>
    <wordcount weight="1" > charles </wordcount>
    <wordcount weight="1" > disapproval </wordcount>
    <wordcount weight="1" > occurrences </wordcount>
    <wordcount weight="1" > plea </wordcount>
    <wordcount weight="1" > alps </wordcount>
    <wordcount weight="1" > hawk </wordcount>
    <wordcount weight="1" > quaternary </wordcount>
    <wordcount weight="1" > set </wordcount>
    <wordcount weight="1" > fulnction </wordcount>
    <wordcount weight="1" > cover </wordcount>
    <wordcount weight="1" > floristically </wordcount>
    <wordcount weight="1" > trunk </wordcount>
    <wordcount weight="1" > continental </wordcount>
    <wordcount weight="1" > principle </wordcount>
    <wordcount weight="1" > control </wordcount>
    <wordcount weight="1" > rainfall </wordcount>
    <wordcount weight="1" > tendencies </wordcount>
    <wordcount weight="1" > seedlings </wordcount>
    <wordcount weight="1" > sure </wordcount>
    <wordcount weight="1" > parental </wordcount>
    <wordcount weight="1" > ratio </wordcount>
    <wordcount weight="1" > removing </wordcount>
    <wordcount weight="1" > connection </wordcount>
    <wordcount weight="1" > interested </wordcount>
    <wordcount weight="1" > gone </wordcount>
    <wordcount weight="1" > wall </wordcount>
    <wordcount weight="1" > microstemon </wordcount>
    <wordcount weight="1" > visiting </wordcount>
    <wordcount weight="1" > report </wordcount>
    <wordcount weight="1" > iii </wordcount>
    <wordcount weight="1" > losses </wordcount>
    <wordcount weight="1" > latittudinal </wordcount>
    <wordcount weight="1" > disperse </wordcount>
    <wordcount weight="1" > eupatorium </wordcount>
    <wordcount weight="1" > melastomataceae </wordcount>
    <wordcount weight="1" > edible </wordcount>
    <wordcount weight="1" > amiazonian </wordcount>
    <wordcount weight="1" > associated </wordcount>
    <wordcount weight="1" > visits </wordcount>
    <wordcount weight="1" > build </wordcount>
    <wordcount weight="1" > tracts </wordcount>
    <wordcount weight="1" > utilized </wordcount>
    <wordcount weight="1" > passage </wordcount>
    <wordcount weight="1" > living </wordcount>
    <wordcount weight="1" > growing </wordcount>
    <wordcount weight="1" > malaysia </wordcount>
    <wordcount weight="1" > iunzstable </wordcount>
    <wordcount weight="1" > phytophagous </wordcount>
    <wordcount weight="1" > catastrophic </wordcount>
    <wordcount weight="1" > answered </wordcount>
    <wordcount weight="1" > physiology </wordcount>
    <wordcount weight="1" > volcanic </wordcount>
    <wordcount weight="1" > rose </wordcount>
    <wordcount weight="1" > terms </wordcount>
    <wordcount weight="1" > selected </wordcount>
    <wordcount weight="1" > volant </wordcount>
    <wordcount weight="1" > quote </wordcount>
    <wordcount weight="1" > imposed </wordcount>
    <wordcount weight="1" > allowance </wordcount>
    <wordcount weight="1" > opportunistic </wordcount>
    <wordcount weight="1" > abt </wordcount>
    <wordcount weight="1" > seasonal </wordcount>
    <wordcount weight="1" > sturely </wordcount>
    <wordcount weight="1" > epizootic </wordcount>
    <wordcount weight="1" > tightly </wordcount>
    <wordcount weight="1" > leaving </wordcount>
    <wordcount weight="1" > steenis </wordcount>
    <wordcount weight="1" > extent </wordcount>
    <wordcount weight="1" > deleteriously </wordcount>
    <wordcount weight="1" > xeric </wordcount>
    <wordcount weight="1" > predate </wordcount>
    <wordcount weight="1" > getting </wordcount>
    <wordcount weight="1" > hlappening </wordcount>
    <wordcount weight="1" > dark </wordcount>
    <wordcount weight="1" > herbivores </wordcount>
    <wordcount weight="1" > property </wordcount>
    <wordcount weight="1" > proposing </wordcount>
    <wordcount weight="1" > brachiopods </wordcount>
    <wordcount weight="1" > observations </wordcount>
    <wordcount weight="1" > pers </wordcount>
    <wordcount weight="1" > oxygen </wordcount>
    <wordcount weight="1" > cretaceots </wordcount>
    <wordcount weight="1" > atoms </wordcount>
    <wordcount weight="1" > wonders </wordcount>
    <wordcount weight="1" > unrelenting </wordcount>
    <wordcount weight="1" > specics </wordcount>
    <wordcount weight="1" > revista </wordcount>
    <wordcount weight="1" > unnoticed </wordcount>
    <wordcount weight="1" > aniazilia </wordcount>
    <wordcount weight="1" > conference </wordcount>
    <wordcount weight="1" > radically </wordcount>
    <wordcount weight="1" > researchers </wordcount>
    <wordcount weight="1" > balances </wordcount>
    <wordcount weight="1" > careful </wordcount>
    <wordcount weight="1" > ruled </wordcount>
    <wordcount weight="1" > biologically </wordcount>
    <wordcount weight="1" > reported </wordcount>
    <wordcount weight="1" > ancestral </wordcount>
    <wordcount weight="1" > conclude </wordcount>
    <wordcount weight="1" > introduced </wordcount>
    <wordcount weight="1" > sea </wordcount>
    <wordcount weight="1" > despite </wordcount>
    <wordcount weight="1" > joining </wordcount>
    <wordcount weight="1" > aubreville </wordcount>
    <wordcount weight="1" > prevalent </wordcount>
    <wordcount weight="1" > role </wordcount>
    <wordcount weight="1" > fedorov </wordcount>
    <wordcount weight="1" > giving </wordcount>
    <wordcount weight="1" > macarthtur </wordcount>
    <wordcount weight="1" > adapted </wordcount>
    <wordcount weight="1" > hybridization </wordcount>
    <wordcount weight="1" > contribute </wordcount>
    <wordcount weight="1" > pests </wordcount>
    <wordcount weight="1" > programs </wordcount>
    <wordcount weight="1" > foraminifera </wordcount>
    <wordcount weight="1" > alternating </wordcount>
    <wordcount weight="1" > divided </wordcount>
    <wordcount weight="1" > mention </wordcount>
    <wordcount weight="1" > maintained </wordcount>
    <wordcount weight="1" > snow </wordcount>
    <wordcount weight="1" > fruiting </wordcount>
    <wordcount weight="1" > rewarding </wordcount>
    <wordcount weight="1" > remarks </wordcount>
    <wordcount weight="1" > dominant </wordcount>
    <wordcount weight="1" > prepared </wordcount>
    <wordcount weight="1" > susceptible </wordcount>
    <wordcount weight="1" > aktiebolaget </wordcount>
    <wordcount weight="1" > sulbject </wordcount>
    <wordcount weight="1" > layers </wordcount>
    <wordcount weight="1" > miconia </wordcount>
    <wordcount weight="1" > models </wordcount>
    <wordcount weight="1" > difference </wordcount>
    <wordcount weight="1" > genetically </wordcount>
    <wordcount weight="1" > philos </wordcount>
    <wordcount weight="1" > web </wordcount>
    <wordcount weight="1" > psezes </wordcount>
    <wordcount weight="1" > morphological </wordcount>
    <wordcount weight="1" > accept </wordcount>
    <wordcount weight="1" > watt </wordcount>
    <wordcount weight="1" > prolonged </wordcount>
    <wordcount weight="1" > richard </wordcount>
    <wordcount weight="1" > fauna </wordcount>
    <wordcount weight="1" > grown </wordcount>
    <wordcount weight="1" > pleasing </wordcount>
    <wordcount weight="1" > correlated </wordcount>
    <wordcount weight="1" > dense </wordcount>
    <wordcount weight="1" > isolating </wordcount>
    <wordcount weight="1" > breckland </wordcount>
    <wordcount weight="1" > chiroptera </wordcount>
    <wordcount weight="1" > obviotus </wordcount>
    <wordcount weight="1" > regime </wordcount>
    <wordcount weight="1" > althotugh </wordcount>
    <wordcount weight="1" > deviated </wordcount>
    <wordcount weight="1" > patrolled </wordcount>
    <wordcount weight="1" > pistillate </wordcount>
    <wordcount weight="1" > regular </wordcount>
    <wordcount weight="1" > attributes </wordcount>
    <wordcount weight="1" > photograph </wordcount>
    <wordcount weight="1" > forming </wordcount>
    <wordcount weight="1" > cretaceotus </wordcount>
    <wordcount weight="1" > deductions </wordcount>
    <wordcount weight="1" > morning </wordcount>
    <wordcount weight="1" > congeries </wordcount>
    <wordcount weight="1" > maintaining </wordcount>
    <wordcount weight="1" > needs </wordcount>
    <wordcount weight="1" > thousand </wordcount>
    <wordcount weight="1" > observation </wordcount>
    <wordcount weight="1" > supported </wordcount>
    <wordcount weight="1" > drift </wordcount>
    <wordcount weight="1" > potential </wordcount>
    <wordcount weight="1" > taking </wordcount>
    <wordcount weight="1" > tropicale </wordcount>
    <wordcount weight="1" > themselves </wordcount>
    <wordcount weight="1" > ptut </wordcount>
    <wordcount weight="1" > extratropical </wordcount>
    <wordcount weight="1" > ntutritionally </wordcount>
    <wordcount weight="1" > chicago </wordcount>
    <wordcount weight="1" > incumbent </wordcount>
    <wordcount weight="1" > temperatures </wordcount>
    <wordcount weight="1" > immigrated </wordcount>
    <wordcount weight="1" > th </wordcount>
    <wordcount weight="1" > irrelevant </wordcount>
    <wordcount weight="1" > agrees </wordcount>
    <wordcount weight="1" > create </wordcount>
    <wordcount weight="1" > maximum </wordcount>
    <wordcount weight="1" > exclusively </wordcount>
    <wordcount weight="1" > cnthulsiasmn </wordcount>
    <wordcount weight="1" > interaction </wordcount>
    <wordcount weight="1" > oikos </wordcount>
    <wordcount weight="1" > immediately </wordcount>
    <wordcount weight="1" > leafy </wordcount>
    <wordcount weight="1" > saltatory </wordcount>
    <wordcount weight="1" > frankie </wordcount>
    <wordcount weight="1" > famous </wordcount>
    <wordcount weight="1" > jurgen </wordcount>
    <wordcount weight="1" > building </wordcount>
    <wordcount weight="1" > meeting </wordcount>
    <wordcount weight="1" > malcolm </wordcount>
    <wordcount weight="1" > delayed </wordcount>
    <wordcount weight="1" > glaciations </wordcount>
    <wordcount weight="1" > quiestion </wordcount>
    <wordcount weight="1" > heterogeneous </wordcount>
    <wordcount weight="1" > eagerly </wordcount>
</article>
