<?xml version="1.0" encoding="UTF-8"?>
<article id="10.2307/1550331" >
    <wordcount weight="1047" > the </wordcount>
    <wordcount weight="674" > of </wordcount>
    <wordcount weight="487" > and </wordcount>
    <wordcount weight="400" > in </wordcount>
    <wordcount weight="249" > a </wordcount>
    <wordcount weight="203" > i </wordcount>
    <wordcount weight="198" > at </wordcount>
    <wordcount weight="195" > to </wordcount>
    <wordcount weight="149" > south </wordcount>
    <wordcount weight="135" > from </wordcount>
    <wordcount weight="121" > populations </wordcount>
    <wordcount weight="121" > is </wordcount>
    <wordcount weight="118" > on </wordcount>
    <wordcount weight="111" > between </wordcount>
    <wordcount weight="109" > tillers </wordcount>
    <wordcount weight="105" > are </wordcount>
    <wordcount weight="101" > be </wordcount>
    <wordcount weight="100" > population </wordcount>
    <wordcount weight="100" > with </wordcount>
    <wordcount weight="100" > growing </wordcount>
    <wordcount weight="98" > greenland </wordcount>
    <wordcount weight="96" > site </wordcount>
    <wordcount weight="93" > by </wordcount>
    <wordcount weight="89" > for </wordcount>
    <wordcount weight="89" > georgian </wordcount>
    <wordcount weight="84" > that </wordcount>
    <wordcount weight="74" > differences </wordcount>
    <wordcount weight="72" > mean </wordcount>
    <wordcount weight="68" > sites </wordcount>
    <wordcount weight="66" > this </wordcount>
    <wordcount weight="65" > leaf </wordcount>
    <wordcount weight="63" > were </wordcount>
    <wordcount weight="62" > lyngmarksbugt </wordcount>
    <wordcount weight="62" > disko </wordcount>
    <wordcount weight="61" > may </wordcount>
    <wordcount weight="60" > island </wordcount>
    <wordcount weight="59" > season </wordcount>
    <wordcount weight="56" > it </wordcount>
    <wordcount weight="53" > per </wordcount>
    <wordcount weight="51" > flush </wordcount>
    <wordcount weight="50" > primary </wordcount>
    <wordcount weight="50" > was </wordcount>
    <wordcount weight="50" > p </wordcount>
    <wordcount weight="49" > growth </wordcount>
    <wordcount weight="49" > species </wordcount>
    <wordcount weight="49" > number </wordcount>
    <wordcount weight="47" > rostkovia </wordcount>
    <wordcount weight="47" > ns </wordcount>
    <wordcount weight="46" > flowering </wordcount>
    <wordcount weight="44" > alpinum </wordcount>
    <wordcount weight="44" > these </wordcount>
    <wordcount weight="44" > different </wordcount>
    <wordcount weight="43" > georgia </wordcount>
    <wordcount weight="42" > habitats </wordcount>
    <wordcount weight="42" > as </wordcount>
    <wordcount weight="41" > length </wordcount>
    <wordcount weight="39" > inflorescence </wordcount>
    <wordcount weight="39" > leaves </wordcount>
    <wordcount weight="39" > table </wordcount>
    <wordcount weight="38" > than </wordcount>
    <wordcount weight="38" > also </wordcount>
    <wordcount weight="38" > both </wordcount>
    <wordcount weight="38" > c </wordcount>
    <wordcount weight="37" > phleum </wordcount>
    <wordcount weight="37" > which </wordcount>
    <wordcount weight="37" > quadrats </wordcount>
    <wordcount weight="36" > dry </wordcount>
    <wordcount weight="36" > two </wordcount>
    <wordcount weight="35" > callaghan </wordcount>
    <wordcount weight="35" > reproductive </wordcount>
    <wordcount weight="35" > conditions </wordcount>
    <wordcount weight="35" > high </wordcount>
    <wordcount weight="35" > figure </wordcount>
    <wordcount weight="35" > very </wordcount>
    <wordcount weight="32" > vegetative </wordcount>
    <wordcount weight="31" > all </wordcount>
    <wordcount weight="31" > z </wordcount>
    <wordcount weight="31" > m </wordcount>
    <wordcount weight="31" > more </wordcount>
    <wordcount weight="30" > t </wordcount>
    <wordcount weight="30" > characters </wordcount>
    <wordcount weight="29" > significant </wordcount>
    <wordcount weight="28" > weight </wordcount>
    <wordcount weight="28" > variation </wordcount>
    <wordcount weight="28" > alpine </wordcount>
    <wordcount weight="27" > an </wordcount>
    <wordcount weight="27" > similar </wordcount>
    <wordcount weight="27" > values </wordcount>
    <wordcount weight="27" > plants </wordcount>
    <wordcount weight="26" > arctic </wordcount>
    <wordcount weight="26" > time </wordcount>
    <wordcount weight="26" > significance </wordcount>
    <wordcount weight="25" > each </wordcount>
    <wordcount weight="25" > found </wordcount>
    <wordcount weight="25" > presented </wordcount>
    <wordcount weight="25" > under </wordcount>
    <wordcount weight="25" > low </wordcount>
    <wordcount weight="25" > although </wordcount>
    <wordcount weight="24" > seed </wordcount>
    <wordcount weight="24" > results </wordcount>
    <wordcount weight="24" > various </wordcount>
    <wordcount weight="24" > over </wordcount>
    <wordcount weight="24" > shown </wordcount>
    <wordcount weight="23" > quadrat </wordcount>
    <wordcount weight="23" > tiller </wordcount>
    <wordcount weight="23" > l </wordcount>
    <wordcount weight="23" > or </wordcount>
    <wordcount weight="23" > same </wordcount>
    <wordcount weight="23" > plant </wordcount>
    <wordcount weight="22" > j </wordcount>
    <wordcount weight="22" > v </wordcount>
    <wordcount weight="22" > been </wordcount>
    <wordcount weight="22" > plastic </wordcount>
    <wordcount weight="21" > but </wordcount>
    <wordcount weight="21" > have </wordcount>
    <wordcount weight="20" > their </wordcount>
    <wordcount weight="20" > its </wordcount>
    <wordcount weight="20" > shows </wordcount>
    <wordcount weight="20" > three </wordcount>
    <wordcount weight="20" > can </wordcount>
    <wordcount weight="20" > seasons </wordcount>
    <wordcount weight="19" > environmental </wordcount>
    <wordcount weight="19" > e </wordcount>
    <wordcount weight="19" > one </wordcount>
    <wordcount weight="19" > youngest </wordcount>
    <wordcount weight="19" > other </wordcount>
    <wordcount weight="19" > date </wordcount>
    <wordcount weight="19" > whereas </wordcount>
    <wordcount weight="19" > july </wordcount>
    <wordcount weight="19" > habitat </wordcount>
    <wordcount weight="19" > plasticity </wordcount>
    <wordcount weight="19" > not </wordcount>
    <wordcount weight="19" > distribution </wordcount>
    <wordcount weight="18" > s </wordcount>
    <wordcount weight="18" > within </wordcount>
    <wordcount weight="18" > character </wordcount>
    <wordcount weight="18" > f </wordcount>
    <wordcount weight="18" > favorable </wordcount>
    <wordcount weight="18" > only </wordcount>
    <wordcount weight="18" > analysis </wordcount>
    <wordcount weight="17" > great </wordcount>
    <wordcount weight="17" > situ </wordcount>
    <wordcount weight="17" > sg </wordcount>
    <wordcount weight="17" > u </wordcount>
    <wordcount weight="17" > altitude </wordcount>
    <wordcount weight="17" > figures </wordcount>
    <wordcount weight="17" > station </wordcount>
    <wordcount weight="17" > august </wordcount>
    <wordcount weight="16" > response </wordcount>
    <wordcount weight="16" > greater </wordcount>
    <wordcount weight="16" > short </wordcount>
    <wordcount weight="16" > where </wordcount>
    <wordcount weight="16" > florets </wordcount>
    <wordcount weight="16" > would </wordcount>
    <wordcount weight="16" > variance </wordcount>
    <wordcount weight="16" > sward </wordcount>
    <wordcount weight="16" > w </wordcount>
    <wordcount weight="16" > differentiation </wordcount>
    <wordcount weight="15" > o </wordcount>
    <wordcount weight="15" > development </wordcount>
    <wordcount weight="15" > sample </wordcount>
    <wordcount weight="15" > show </wordcount>
    <wordcount weight="15" > internode </wordcount>
    <wordcount weight="15" > whaling </wordcount>
    <wordcount weight="15" > parameters </wordcount>
    <wordcount weight="15" > temperature </wordcount>
    <wordcount weight="15" > grown </wordcount>
    <wordcount weight="14" > being </wordcount>
    <wordcount weight="14" > lu </wordcount>
    <wordcount weight="14" > has </wordcount>
    <wordcount weight="14" > data </wordcount>
    <wordcount weight="14" > june </wordcount>
    <wordcount weight="14" > periods </wordcount>
    <wordcount weight="14" > cover </wordcount>
    <wordcount weight="14" > years </wordcount>
    <wordcount weight="14" > area </wordcount>
    <wordcount weight="13" > resulting </wordcount>
    <wordcount weight="13" > sexual </wordcount>
    <wordcount weight="13" > some </wordcount>
    <wordcount weight="13" > x </wordcount>
    <wordcount weight="13" > september </wordcount>
    <wordcount weight="13" > b </wordcount>
    <wordcount weight="13" > numbers </wordcount>
    <wordcount weight="13" > most </wordcount>
    <wordcount weight="13" > capacities </wordcount>
    <wordcount weight="13" > seeds </wordcount>
    <wordcount weight="13" > elongation </wordcount>
    <wordcount weight="13" > range </wordcount>
    <wordcount weight="13" > after </wordcount>
    <wordcount weight="13" > seen </wordcount>
    <wordcount weight="13" > snow </wordcount>
    <wordcount weight="13" > morphological </wordcount>
    <wordcount weight="13" > snowbed </wordcount>
    <wordcount weight="13" > given </wordcount>
    <wordcount weight="12" > higher </wordcount>
    <wordcount weight="12" > out </wordcount>
    <wordcount weight="12" > above </wordcount>
    <wordcount weight="12" > many </wordcount>
    <wordcount weight="12" > genecological </wordcount>
    <wordcount weight="12" > described </wordcount>
    <wordcount weight="11" > total </wordcount>
    <wordcount weight="11" > capacity </wordcount>
    <wordcount weight="11" > throughout </wordcount>
    <wordcount weight="11" > living </wordcount>
    <wordcount weight="11" > polar </wordcount>
    <wordcount weight="11" > r </wordcount>
    <wordcount weight="11" > during </wordcount>
    <wordcount weight="11" > regions </wordcount>
    <wordcount weight="11" > soil </wordcount>
    <wordcount weight="11" > selection </wordcount>
    <wordcount weight="11" > pp </wordcount>
    <wordcount weight="11" > culture </wordcount>
    <wordcount weight="11" > solar </wordcount>
    <wordcount weight="11" > exsertion </wordcount>
    <wordcount weight="11" > associated </wordcount>
    <wordcount weight="11" > comparison </wordcount>
    <wordcount weight="11" > showed </wordcount>
    <wordcount weight="10" > separated </wordcount>
    <wordcount weight="10" > comparisons </wordcount>
    <wordcount weight="10" > those </wordcount>
    <wordcount weight="10" > severe </wordcount>
    <wordcount weight="10" > longest </wordcount>
    <wordcount weight="10" > result </wordcount>
    <wordcount weight="10" > well </wordcount>
    <wordcount weight="10" > reduction </wordcount>
    <wordcount weight="10" > annual </wordcount>
    <wordcount weight="10" > when </wordcount>
    <wordcount weight="10" > end </wordcount>
    <wordcount weight="10" > individual </wordcount>
    <wordcount weight="10" > general </wordcount>
    <wordcount weight="10" > ecological </wordcount>
    <wordcount weight="10" > methods </wordcount>
    <wordcount weight="10" > salix </wordcount>
    <wordcount weight="10" > flushed </wordcount>
    <wordcount weight="10" > potential </wordcount>
    <wordcount weight="9" > tetraploid </wordcount>
    <wordcount weight="9" > uj </wordcount>
    <wordcount weight="9" > lower </wordcount>
    <wordcount weight="9" > production </wordcount>
    <wordcount weight="9" > along </wordcount>
    <wordcount weight="9" > levels </wordcount>
    <wordcount weight="9" > compared </wordcount>
    <wordcount weight="9" > late </wordcount>
    <wordcount weight="9" > loge </wordcount>
    <wordcount weight="9" > significantly </wordcount>
    <wordcount weight="9" > responses </wordcount>
    <wordcount weight="9" > intervals </wordcount>
    <wordcount weight="9" > developmental </wordcount>
    <wordcount weight="9" > absence </wordcount>
    <wordcount weight="9" > lack </wordcount>
    <wordcount weight="9" > limit </wordcount>
    <wordcount weight="9" > new </wordcount>
    <wordcount weight="9" > considerable </wordcount>
    <wordcount weight="9" > pattern </wordcount>
    <wordcount weight="9" > upon </wordcount>
    <wordcount weight="9" > medium </wordcount>
    <wordcount weight="9" > actual </wordcount>
    <wordcount weight="9" > probably </wordcount>
    <wordcount weight="9" > means </wordcount>
    <wordcount weight="9" > slope </wordcount>
    <wordcount weight="9" > set </wordcount>
    <wordcount weight="9" > harvest </wordcount>
    <wordcount weight="9" > size </wordcount>
    <wordcount weight="9" > level </wordcount>
    <wordcount weight="9" > flora </wordcount>
    <wordcount weight="9" > interaction </wordcount>
    <wordcount weight="8" > into </wordcount>
    <wordcount weight="8" > vegetation </wordcount>
    <wordcount weight="8" > expected </wordcount>
    <wordcount weight="8" > no </wordcount>
    <wordcount weight="8" > intermediate </wordcount>
    <wordcount weight="8" > fellfield </wordcount>
    <wordcount weight="8" > et </wordcount>
    <wordcount weight="8" > change </wordcount>
    <wordcount weight="8" > least </wordcount>
    <wordcount weight="8" > nonlimiting </wordcount>
    <wordcount weight="8" > rates </wordcount>
    <wordcount weight="8" > will </wordcount>
    <wordcount weight="8" > percentage </wordcount>
    <wordcount weight="8" > stream </wordcount>
    <wordcount weight="8" > addition </wordcount>
    <wordcount weight="8" > daily </wordcount>
    <wordcount weight="8" > strategies </wordcount>
    <wordcount weight="8" > style </wordcount>
    <wordcount weight="8" > greatest </wordcount>
    <wordcount weight="8" > made </wordcount>
    <wordcount weight="8" > region </wordcount>
    <wordcount weight="8" > relative </wordcount>
    <wordcount weight="8" > adaptive </wordcount>
    <wordcount weight="8" > carried </wordcount>
    <wordcount weight="8" > case </wordcount>
    <wordcount weight="8" > distributional </wordcount>
    <wordcount weight="8" > effects </wordcount>
    <wordcount weight="8" > increase </wordcount>
    <wordcount weight="7" > rate </wordcount>
    <wordcount weight="7" > h </wordcount>
    <wordcount weight="7" > harvests </wordcount>
    <wordcount weight="7" > long </wordcount>
    <wordcount weight="7" > linear </wordcount>
    <wordcount weight="7" > exposed </wordcount>
    <wordcount weight="7" > calculated </wordcount>
    <wordcount weight="7" > against </wordcount>
    <wordcount weight="7" > main </wordcount>
    <wordcount weight="7" > environments </wordcount>
    <wordcount weight="7" > study </wordcount>
    <wordcount weight="7" > university </wordcount>
    <wordcount weight="7" > genes </wordcount>
    <wordcount weight="7" > produced </wordcount>
    <wordcount weight="7" > absolute </wordcount>
    <wordcount weight="7" > highly </wordcount>
    <wordcount weight="7" > geographical </wordcount>
    <wordcount weight="7" > wind </wordcount>
    <wordcount weight="7" > competition </wordcount>
    <wordcount weight="7" > patterns </wordcount>
    <wordcount weight="7" > less </wordcount>
    <wordcount weight="7" > width </wordcount>
    <wordcount weight="7" > processes </wordcount>
    <wordcount weight="7" > collected </wordcount>
    <wordcount weight="7" > standard </wordcount>
    <wordcount weight="7" > characteristics </wordcount>
    <wordcount weight="7" > effect </wordcount>
    <wordcount weight="7" > widely </wordcount>
    <wordcount weight="7" > differentiated </wordcount>
    <wordcount weight="7" > research </wordcount>
    <wordcount weight="7" > selected </wordcount>
    <wordcount weight="7" > particular </wordcount>
    <wordcount weight="7" > radiation </wordcount>
    <wordcount weight="7" > temperatures </wordcount>
    <wordcount weight="7" > much </wordcount>
    <wordcount weight="7" > mature </wordcount>
    <wordcount weight="6" > way </wordcount>
    <wordcount weight="6" > represent </wordcount>
    <wordcount weight="6" > om </wordcount>
    <wordcount weight="6" > first </wordcount>
    <wordcount weight="6" > ii </wordcount>
    <wordcount weight="6" > warm </wordcount>
    <wordcount weight="6" > there </wordcount>
    <wordcount weight="6" > genetic </wordcount>
    <wordcount weight="6" > minimum </wordcount>
    <wordcount weight="6" > tables </wordcount>
    <wordcount weight="6" > characteristic </wordcount>
    <wordcount weight="6" > distinct </wordcount>
    <wordcount weight="6" > gradients </wordcount>
    <wordcount weight="6" > unit </wordcount>
    <wordcount weight="6" > changes </wordcount>
    <wordcount weight="6" > important </wordcount>
    <wordcount weight="6" > strategy </wordcount>
    <wordcount weight="6" > microclimate </wordcount>
    <wordcount weight="6" > fitted </wordcount>
    <wordcount weight="6" > wide </wordcount>
    <wordcount weight="6" > london </wordcount>
    <wordcount weight="6" > year </wordcount>
    <wordcount weight="6" > contrast </wordcount>
    <wordcount weight="6" > several </wordcount>
    <wordcount weight="6" > presence </wordcount>
    <wordcount weight="6" > using </wordcount>
    <wordcount weight="6" > cycle </wordcount>
    <wordcount weight="6" > morphology </wordcount>
    <wordcount weight="6" > critical </wordcount>
    <wordcount weight="6" > islands </wordcount>
    <wordcount weight="6" > communities </wordcount>
    <wordcount weight="6" > restricted </wordcount>
    <wordcount weight="6" > experimental </wordcount>
    <wordcount weight="6" > fact </wordcount>
    <wordcount weight="6" > lewis </wordcount>
    <wordcount weight="6" > inflorescences </wordcount>
    <wordcount weight="6" > medd </wordcount>
    <wordcount weight="6" > genecologically </wordcount>
    <wordcount weight="6" > frequency </wordcount>
    <wordcount weight="6" > investigated </wordcount>
    <wordcount weight="6" > vascular </wordcount>
    <wordcount weight="6" > present </wordcount>
    <wordcount weight="6" > concluded </wordcount>
    <wordcount weight="6" > limiting </wordcount>
    <wordcount weight="6" > biotypes </wordcount>
    <wordcount weight="6" > relationship </wordcount>
    <wordcount weight="6" > abundance </wordcount>
    <wordcount weight="6" > pressures </wordcount>
    <wordcount weight="6" > anthesis </wordcount>
    <wordcount weight="6" > measurements </wordcount>
    <wordcount weight="6" > cm </wordcount>
    <wordcount weight="6" > edaphic </wordcount>
    <wordcount weight="6" > adaptation </wordcount>
    <wordcount weight="6" > while </wordcount>
    <wordcount weight="6" > difference </wordcount>
    <wordcount weight="6" > dense </wordcount>
    <wordcount weight="6" > morphologically </wordcount>
    <wordcount weight="6" > still </wordcount>
    <wordcount weight="6" > vary </wordcount>
    <wordcount weight="6" > maximum </wordcount>
    <wordcount weight="5" > phenotypic </wordcount>
    <wordcount weight="5" > extreme </wordcount>
    <wordcount weight="5" > natural </wordcount>
    <wordcount weight="5" > large </wordcount>
    <wordcount weight="5" > cove </wordcount>
    <wordcount weight="5" > studies </wordcount>
    <wordcount weight="5" > accumulation </wordcount>
    <wordcount weight="5" > give </wordcount>
    <wordcount weight="5" > taken </wordcount>
    <wordcount weight="5" > ssp </wordcount>
    <wordcount weight="5" > thus </wordcount>
    <wordcount weight="5" > analyses </wordcount>
    <wordcount weight="5" > meteorological </wordcount>
    <wordcount weight="5" > recorded </wordcount>
    <wordcount weight="5" > king </wordcount>
    <wordcount weight="5" > pohlia </wordcount>
    <wordcount weight="5" > microclimates </wordcount>
    <wordcount weight="5" > dotted </wordcount>
    <wordcount weight="5" > due </wordcount>
    <wordcount weight="5" > unpublished </wordcount>
    <wordcount weight="5" > g </wordcount>
    <wordcount weight="5" > thin </wordcount>
    <wordcount weight="5" > even </wordcount>
    <wordcount weight="5" > rather </wordcount>
    <wordcount weight="5" > edward </wordcount>
    <wordcount weight="5" > severity </wordcount>
    <wordcount weight="5" > k </wordcount>
    <wordcount weight="5" > shore </wordcount>
    <wordcount weight="5" > solid </wordcount>
    <wordcount weight="5" > generally </wordcount>
    <wordcount weight="5" > permanent </wordcount>
    <wordcount weight="5" > northern </wordcount>
    <wordcount weight="5" > place </wordcount>
    <wordcount weight="5" > broad </wordcount>
    <wordcount weight="5" > either </wordcount>
    <wordcount weight="5" > small </wordcount>
    <wordcount weight="5" > overall </wordcount>
    <wordcount weight="5" > diploid </wordcount>
    <wordcount weight="5" > department </wordcount>
    <wordcount weight="5" > available </wordcount>
    <wordcount weight="5" > water </wordcount>
    <wordcount weight="5" > physiological </wordcount>
    <wordcount weight="5" > ground </wordcount>
    <wordcount weight="5" > chosen </wordcount>
    <wordcount weight="5" > acaena </wordcount>
    <wordcount weight="5" > period </wordcount>
    <wordcount weight="5" > relation </wordcount>
    <wordcount weight="5" > juncus </wordcount>
    <wordcount weight="5" > normal </wordcount>
    <wordcount weight="5" > bars </wordcount>
    <wordcount weight="5" > anther </wordcount>
    <wordcount weight="5" > supporting </wordcount>
    <wordcount weight="5" > types </wordcount>
    <wordcount weight="5" > months </wordcount>
    <wordcount weight="5" > considered </wordcount>
    <wordcount weight="5" > environment </wordcount>
    <wordcount weight="5" > aerial </wordcount>
    <wordcount weight="5" > monthly </wordcount>
    <wordcount weight="5" > evident </wordcount>
    <wordcount weight="5" > beginning </wordcount>
    <wordcount weight="5" > attain </wordcount>
    <wordcount weight="5" > form </wordcount>
    <wordcount weight="5" > suggests </wordcount>
    <wordcount weight="5" > bryophytes </wordcount>
    <wordcount weight="5" > contrasts </wordcount>
    <wordcount weight="5" > survival </wordcount>
    <wordcount weight="5" > value </wordcount>
    <wordcount weight="5" > d </wordcount>
    <wordcount weight="5" > north </wordcount>
    <wordcount weight="5" > occur </wordcount>
    <wordcount weight="4" > chromosome </wordcount>
    <wordcount weight="4" > estimated </wordcount>
    <wordcount weight="4" > northernmost </wordcount>
    <wordcount weight="4" > affected </wordcount>
    <wordcount weight="4" > modifier </wordcount>
    <wordcount weight="4" > they </wordcount>
    <wordcount weight="4" > american </wordcount>
    <wordcount weight="4" > height </wordcount>
    <wordcount weight="4" > broken </wordcount>
    <wordcount weight="4" > together </wordcount>
    <wordcount weight="4" > origin </wordcount>
    <wordcount weight="4" > locality </wordcount>
    <wordcount weight="4" > take </wordcount>
    <wordcount weight="4" > comparative </wordcount>
    <wordcount weight="4" > reproduction </wordcount>
    <wordcount weight="4" > british </wordcount>
    <wordcount weight="4" > side </wordcount>
    <wordcount weight="4" > determined </wordcount>
    <wordcount weight="4" > marked </wordcount>
    <wordcount weight="4" > lsd </wordcount>
    <wordcount weight="4" > greene </wordcount>
    <wordcount weight="4" > west </wordcount>
    <wordcount weight="4" > bot </wordcount>
    <wordcount weight="4" > phase </wordcount>
    <wordcount weight="4" > relatively </wordcount>
    <wordcount weight="4" > sp </wordcount>
    <wordcount weight="4" > output </wordcount>
    <wordcount weight="4" > plotted </wordcount>
    <wordcount weight="4" > square </wordcount>
    <wordcount weight="4" > falkland </wordcount>
    <wordcount weight="4" > possess </wordcount>
    <wordcount weight="4" > summarized </wordcount>
    <wordcount weight="4" > limitation </wordcount>
    <wordcount weight="4" > established </wordcount>
    <wordcount weight="4" > shorter </wordcount>
    <wordcount weight="4" > suggested </wordcount>
    <wordcount weight="4" > assessments </wordcount>
    <wordcount weight="4" > occurred </wordcount>
    <wordcount weight="4" > nonplastic </wordcount>
    <wordcount weight="4" > attained </wordcount>
    <wordcount weight="4" > meter </wordcount>
    <wordcount weight="4" > intensity </wordcount>
    <wordcount weight="4" > iceland </wordcount>
    <wordcount weight="4" > basis </wordcount>
    <wordcount weight="4" > degrees </wordcount>
    <wordcount weight="4" > winter </wordcount>
    <wordcount weight="4" > field </wordcount>
    <wordcount weight="4" > next </wordcount>
    <wordcount weight="4" > bank </wordcount>
    <wordcount weight="4" > herb </wordcount>
    <wordcount weight="4" > differing </wordcount>
    <wordcount weight="4" > fa </wordcount>
    <wordcount weight="4" > herbarium </wordcount>
    <wordcount weight="4" > exposure </wordcount>
    <wordcount weight="4" > latitude </wordcount>
    <wordcount weight="4" > index </wordcount>
    <wordcount weight="4" > specimens </wordcount>
    <wordcount weight="4" > al </wordcount>
    <wordcount weight="4" > experienced </wordcount>
    <wordcount weight="4" > phenology </wordcount>
    <wordcount weight="4" > phanerogams </wordcount>
    <wordcount weight="4" > dependencies </wordcount>
    <wordcount weight="4" > subantarctic </wordcount>
    <wordcount weight="4" > do </wordcount>
    <wordcount weight="4" > distance </wordcount>
    <wordcount weight="4" > strongly </wordcount>
    <wordcount weight="4" > brit </wordcount>
    <wordcount weight="4" > points </wordcount>
    <wordcount weight="4" > understory </wordcount>
    <wordcount weight="4" > like </wordcount>
    <wordcount weight="4" > parallel </wordcount>
    <wordcount weight="4" > become </wordcount>
    <wordcount weight="4" > correlated </wordcount>
    <wordcount weight="4" > adaptations </wordcount>
    <wordcount weight="4" > detailed </wordcount>
    <wordcount weight="4" > widest </wordcount>
    <wordcount weight="4" > any </wordcount>
    <wordcount weight="4" > following </wordcount>
    <wordcount weight="4" > physical </wordcount>
    <wordcount weight="4" > southernmost </wordcount>
    <wordcount weight="4" > particularly </wordcount>
    <wordcount weight="4" > gene </wordcount>
    <wordcount weight="4" > glauca </wordcount>
    <wordcount weight="4" > decumbens </wordcount>
    <wordcount weight="4" > tunnels </wordcount>
    <wordcount weight="4" > physiology </wordcount>
    <wordcount weight="4" > extent </wordcount>
    <wordcount weight="4" > unfavorable </wordcount>
    <wordcount weight="4" > produce </wordcount>
    <wordcount weight="4" > adapted </wordcount>
    <wordcount weight="4" > oceanic </wordcount>
    <wordcount weight="4" > exserted </wordcount>
    <wordcount weight="4" > moderate </wordcount>
    <wordcount weight="4" > decrease </wordcount>
    <wordcount weight="4" > evidence </wordcount>
    <wordcount weight="4" > gross </wordcount>
    <wordcount weight="3" > final </wordcount>
    <wordcount weight="3" > frequent </wordcount>
    <wordcount weight="3" > limits </wordcount>
    <wordcount weight="3" > if </wordcount>
    <wordcount weight="3" > mountains </wordcount>
    <wordcount weight="3" > mar </wordcount>
    <wordcount weight="3" > complex </wordcount>
    <wordcount weight="3" > former </wordcount>
    <wordcount weight="3" > cycles </wordcount>
    <wordcount weight="3" > unlike </wordcount>
    <wordcount weight="3" > before </wordcount>
    <wordcount weight="3" > descriptions </wordcount>
    <wordcount weight="3" > location </wordcount>
    <wordcount weight="3" > thank </wordcount>
    <wordcount weight="3" > spaced </wordcount>
    <wordcount weight="3" > closer </wordcount>
    <wordcount weight="3" > achieved </wordcount>
    <wordcount weight="3" > last </wordcount>
    <wordcount weight="3" > greatly </wordcount>
    <wordcount weight="3" > investigations </wordcount>
    <wordcount weight="3" > floret </wordcount>
    <wordcount weight="3" > genotypic </wordcount>
    <wordcount weight="3" > sheath </wordcount>
    <wordcount weight="3" > variations </wordcount>
    <wordcount weight="3" > experiencing </wordcount>
    <wordcount weight="3" > sheltered </wordcount>
    <wordcount weight="3" > diversity </wordcount>
    <wordcount weight="3" > exist </wordcount>
    <wordcount weight="3" > component </wordcount>
    <wordcount weight="3" > herbs </wordcount>
    <wordcount weight="3" > festuca </wordcount>
    <wordcount weight="3" > regarded </wordcount>
    <wordcount weight="3" > occurs </wordcount>
    <wordcount weight="3" > type </wordcount>
    <wordcount weight="3" > estimates </wordcount>
    <wordcount weight="3" > highest </wordcount>
    <wordcount weight="3" > maxima </wordcount>
    <wordcount weight="3" > third </wordcount>
    <wordcount weight="3" > vermiculite </wordcount>
    <wordcount weight="3" > photoperiod </wordcount>
    <wordcount weight="3" > godhavn </wordcount>
    <wordcount weight="3" > assessed </wordcount>
    <wordcount weight="3" > adapt </wordcount>
    <wordcount weight="3" > earlier </wordcount>
    <wordcount weight="3" > importance </wordcount>
    <wordcount weight="3" > scrub </wordcount>
    <wordcount weight="3" > factors </wordcount>
    <wordcount weight="3" > amplitude </wordcount>
    <wordcount weight="3" > epilobium </wordcount>
    <wordcount weight="3" > gravelly </wordcount>
    <wordcount weight="3" > floras </wordcount>
    <wordcount weight="3" > observations </wordcount>
    <wordcount weight="3" > situations </wordcount>
    <wordcount weight="3" > four </wordcount>
    <wordcount weight="3" > plateau </wordcount>
    <wordcount weight="3" > latitudes </wordcount>
    <wordcount weight="3" > monitoring </wordcount>
    <wordcount weight="3" > zone </wordcount>
    <wordcount weight="3" > initial </wordcount>
    <wordcount weight="3" > nutrient </wordcount>
    <wordcount weight="3" > representative </wordcount>
    <wordcount weight="3" > density </wordcount>
    <wordcount weight="3" > cultural </wordcount>
    <wordcount weight="3" > cannot </wordcount>
    <wordcount weight="3" > method </wordcount>
    <wordcount weight="3" > stations </wordcount>
    <wordcount weight="3" > near </wordcount>
    <wordcount weight="3" > failure </wordcount>
    <wordcount weight="3" > line </wordcount>
    <wordcount weight="3" > closed </wordcount>
    <wordcount weight="3" > used </wordcount>
    <wordcount weight="3" > clarke </wordcount>
    <wordcount weight="3" > rocks </wordcount>
    <wordcount weight="3" > example </wordcount>
    <wordcount weight="3" > apparent </wordcount>
    <wordcount weight="3" > related </wordcount>
    <wordcount weight="3" > description </wordcount>
    <wordcount weight="3" > climatic </wordcount>
    <wordcount weight="3" > calculating </wordcount>
    <wordcount weight="3" > cubic </wordcount>
    <wordcount weight="3" > compact </wordcount>
    <wordcount weight="3" > alpina </wordcount>
    <wordcount weight="3" > tolerance </wordcount>
    <wordcount weight="3" > errors </wordcount>
    <wordcount weight="3" > bryophyte </wordcount>
    <wordcount weight="3" > precipitation </wordcount>
    <wordcount weight="3" > lowest </wordcount>
    <wordcount weight="3" > buildings </wordcount>
    <wordcount weight="3" > wahlenbergii </wordcount>
    <wordcount weight="3" > shaded </wordcount>
    <wordcount weight="3" > newfoundland </wordcount>
    <wordcount weight="3" > aggregate </wordcount>
    <wordcount weight="3" > clumps </wordcount>
    <wordcount weight="3" > surv </wordcount>
    <wordcount weight="3" > matter </wordcount>
    <wordcount weight="3" > again </wordcount>
    <wordcount weight="3" > community </wordcount>
    <wordcount weight="3" > boreal </wordcount>
    <wordcount weight="3" > structural </wordcount>
    <wordcount weight="3" > springs </wordcount>
    <wordcount weight="3" > represents </wordcount>
    <wordcount weight="3" > acting </wordcount>
    <wordcount weight="3" > initiation </wordcount>
    <wordcount weight="3" > tortula </wordcount>
    <wordcount weight="3" > subarctic </wordcount>
    <wordcount weight="3" > maintained </wordcount>
    <wordcount weight="3" > microclimatic </wordcount>
    <wordcount weight="3" > polytrichum </wordcount>
    <wordcount weight="3" > death </wordcount>
    <wordcount weight="3" > longer </wordcount>
    <wordcount weight="3" > consideration </wordcount>
    <wordcount weight="3" > banks </wordcount>
    <wordcount weight="3" > decreases </wordcount>
    <wordcount weight="3" > tundra </wordcount>
    <wordcount weight="3" > maturity </wordcount>
    <wordcount weight="3" > alchemilla </wordcount>
    <wordcount weight="3" > ecology </wordcount>
    <wordcount weight="3" > degree </wordcount>
    <wordcount weight="3" > investment </wordcount>
    <wordcount weight="3" > completed </wordcount>
    <wordcount weight="3" > varying </wordcount>
    <wordcount weight="3" > open </wordcount>
    <wordcount weight="3" > so </wordcount>
    <wordcount weight="3" > mexico </wordcount>
    <wordcount weight="3" > obtained </wordcount>
    <wordcount weight="3" > evolutionary </wordcount>
    <wordcount weight="3" > often </wordcount>
    <wordcount weight="3" > marchantia </wordcount>
    <wordcount weight="3" > ann </wordcount>
    <wordcount weight="3" > mainly </wordcount>
    <wordcount weight="3" > regression </wordcount>
    <wordcount weight="3" > robusta </wordcount>
    <wordcount weight="3" > regressions </wordcount>
    <wordcount weight="3" > increasing </wordcount>
    <wordcount weight="3" > european </wordcount>
    <wordcount weight="3" > shortest </wordcount>
    <wordcount weight="3" > usually </wordcount>
    <wordcount weight="3" > five </wordcount>
    <wordcount weight="3" > support </wordcount>
    <wordcount weight="3" > randomly </wordcount>
    <wordcount weight="3" > life </wordcount>
    <wordcount weight="3" > humic </wordcount>
    <wordcount weight="3" > biotype </wordcount>
    <wordcount weight="3" > existed </wordcount>
    <wordcount weight="3" > dead </wordcount>
    <wordcount weight="3" > stable </wordcount>
    <wordcount weight="3" > antarctic </wordcount>
    <wordcount weight="3" > then </wordcount>
    <wordcount weight="3" > botanical </wordcount>
    <wordcount weight="3" > alps </wordcount>
    <wordcount weight="3" > here </wordcount>
    <wordcount weight="3" > equation </wordcount>
    <wordcount weight="3" > floristically </wordcount>
    <wordcount weight="3" > control </wordcount>
    <wordcount weight="3" > sizes </wordcount>
    <wordcount weight="3" > half </wordcount>
    <wordcount weight="3" > exhibits </wordcount>
    <wordcount weight="3" > microenvironments </wordcount>
    <wordcount weight="3" > adv </wordcount>
    <wordcount weight="3" > stability </wordcount>
    <wordcount weight="3" > feb </wordcount>
    <wordcount weight="3" > lengths </wordcount>
    <wordcount weight="3" > almost </wordcount>
    <wordcount weight="3" > discussion </wordcount>
    <wordcount weight="3" > antarctica </wordcount>
    <wordcount weight="3" > despite </wordcount>
    <wordcount weight="3" > senescence </wordcount>
    <wordcount weight="3" > observed </wordcount>
    <wordcount weight="3" > genetically </wordcount>
    <wordcount weight="3" > progressions </wordcount>
    <wordcount weight="3" > antarct </wordcount>
    <wordcount weight="3" > include </wordcount>
    <wordcount weight="3" > n </wordcount>
    <wordcount weight="3" > pathways </wordcount>
    <wordcount weight="2" > distributed </wordcount>
    <wordcount weight="2" > mouth </wordcount>
    <wordcount weight="2" > group </wordcount>
    <wordcount weight="2" > tend </wordcount>
    <wordcount weight="2" > stem </wordcount>
    <wordcount weight="2" > alive </wordcount>
    <wordcount weight="2" > basalt </wordcount>
    <wordcount weight="2" > peary </wordcount>
    <wordcount weight="2" > leads </wordcount>
    <wordcount weight="2" > dwarf </wordcount>
    <wordcount weight="2" > every </wordcount>
    <wordcount weight="2" > itable </wordcount>
    <wordcount weight="2" > austral </wordcount>
    <wordcount weight="2" > evolution </wordcount>
    <wordcount weight="2" > possesses </wordcount>
    <wordcount weight="2" > england </wordcount>
    <wordcount weight="2" > seems </wordcount>
    <wordcount weight="2" > experiments </wordcount>
    <wordcount weight="2" > containing </wordcount>
    <wordcount weight="2" > corrie </wordcount>
    <wordcount weight="2" > leading </wordcount>
    <wordcount weight="2" > paramount </wordcount>
    <wordcount weight="2" > rich </wordcount>
    <wordcount weight="2" > follows </wordcount>
    <wordcount weight="2" > thanks </wordcount>
    <wordcount weight="2" > brachythecium </wordcount>
    <wordcount weight="2" > soc </wordcount>
    <wordcount weight="2" > similarities </wordcount>
    <wordcount weight="2" > est </wordcount>
    <wordcount weight="2" > takes </wordcount>
    <wordcount weight="2" > dr </wordcount>
    <wordcount weight="2" > march </wordcount>
    <wordcount weight="2" > possible </wordcount>
    <wordcount weight="2" > insight </wordcount>
    <wordcount weight="2" > professor </wordcount>
    <wordcount weight="2" > subpolar </wordcount>
    <wordcount weight="2" > central </wordcount>
    <wordcount weight="2" > oxyria </wordcount>
    <wordcount weight="2" > relationships </wordcount>
    <wordcount weight="2" > explained </wordcount>
    <wordcount weight="2" > mm </wordcount>
    <wordcount weight="2" > inflation </wordcount>
    <wordcount weight="2" > author </wordcount>
    <wordcount weight="2" > perennial </wordcount>
    <wordcount weight="2" > acta </wordcount>
    <wordcount weight="2" > ai </wordcount>
    <wordcount weight="2" > tibet </wordcount>
    <wordcount weight="2" > piliferum </wordcount>
    <wordcount weight="2" > latifolium </wordcount>
    <wordcount weight="2" > sci </wordcount>
    <wordcount weight="2" > stature </wordcount>
    <wordcount weight="2" > y </wordcount>
    <wordcount weight="2" > lyngmarksbugten </wordcount>
    <wordcount weight="2" > error </wordcount>
    <wordcount weight="2" > walls </wordcount>
    <wordcount weight="2" > ovoid </wordcount>
    <wordcount weight="2" > york </wordcount>
    <wordcount weight="2" > essential </wordcount>
    <wordcount weight="2" > purely </wordcount>
    <wordcount weight="2" > performance </wordcount>
    <wordcount weight="2" > absent </wordcount>
    <wordcount weight="2" > var </wordcount>
    <wordcount weight="2" > completely </wordcount>
    <wordcount weight="2" > represented </wordcount>
    <wordcount weight="2" > requisite </wordcount>
    <wordcount weight="2" > curvilinear </wordcount>
    <wordcount weight="2" > eight </wordcount>
    <wordcount weight="2" > assuming </wordcount>
    <wordcount weight="2" > scattered </wordcount>
    <wordcount weight="2" > affect </wordcount>
    <wordcount weight="2" > warren </wordcount>
    <wordcount weight="2" > days </wordcount>
    <wordcount weight="2" > max </wordcount>
    <wordcount weight="2" > inflated </wordcount>
    <wordcount weight="2" > undertaken </wordcount>
    <wordcount weight="2" > pratense </wordcount>
    <wordcount weight="2" > hourly </wordcount>
    <wordcount weight="2" > restriction </wordcount>
    <wordcount weight="2" > providing </wordcount>
    <wordcount weight="2" > aliens </wordcount>
    <wordcount weight="2" > logarithms </wordcount>
    <wordcount weight="2" > my </wordcount>
    <wordcount weight="2" > access </wordcount>
    <wordcount weight="2" > resembles </wordcount>
    <wordcount weight="2" > tatra </wordcount>
    <wordcount weight="2" > percentages </wordcount>
    <wordcount weight="2" > base </wordcount>
    <wordcount weight="2" > alt </wordcount>
    <wordcount weight="2" > researchtable </wordcount>
    <wordcount weight="2" > lat </wordcount>
    <wordcount weight="2" > further </wordcount>
    <wordcount weight="2" > left </wordcount>
    <wordcount weight="2" > though </wordcount>
    <wordcount weight="2" > floristic </wordcount>
    <wordcount weight="2" > facilities </wordcount>
    <wordcount weight="2" > exert </wordcount>
    <wordcount weight="2" > sept </wordcount>
    <wordcount weight="2" > gully </wordcount>
    <wordcount weight="2" > bud </wordcount>
    <wordcount weight="2" > reflect </wordcount>
    <wordcount weight="2" > surrounding </wordcount>
    <wordcount weight="2" > differentially </wordcount>
    <wordcount weight="2" > gnaphalium </wordcount>
    <wordcount weight="2" > regulator </wordcount>
    <wordcount weight="2" > markedly </wordcount>
    <wordcount weight="2" > weeks </wordcount>
    <wordcount weight="2" > pyrenees </wordcount>
    <wordcount weight="2" > grytviken </wordcount>
    <wordcount weight="2" > running </wordcount>
    <wordcount weight="2" > insolated </wordcount>
    <wordcount weight="2" > insolation </wordcount>
    <wordcount weight="2" > suggest </wordcount>
    <wordcount weight="2" > stage </wordcount>
    <wordcount weight="2" > involved </wordcount>
    <wordcount weight="2" > oct </wordcount>
    <wordcount weight="2" > sufficient </wordcount>
    <wordcount weight="2" > issuing </wordcount>
    <wordcount weight="2" > components </wordcount>
    <wordcount weight="2" > grow </wordcount>
    <wordcount weight="2" > denotes </wordcount>
    <wordcount weight="2" > mol </wordcount>
    <wordcount weight="2" > coast </wordcount>
    <wordcount weight="2" > ranunculus </wordcount>
    <wordcount weight="2" > depauperization </wordcount>
    <wordcount weight="2" > sea </wordcount>
    <wordcount weight="2" > displaced </wordcount>
    <wordcount weight="2" > contributory </wordcount>
    <wordcount weight="2" > valuable </wordcount>
    <wordcount weight="2" > converge </wordcount>
    <wordcount weight="2" > situation </wordcount>
    <wordcount weight="2" > reductions </wordcount>
    <wordcount weight="2" > onset </wordcount>
    <wordcount weight="2" > synthesis </wordcount>
    <wordcount weight="2" > service </wordcount>
    <wordcount weight="2" > ia </wordcount>
    <wordcount weight="2" > prevailing </wordcount>
    <wordcount weight="2" > sibbaldia </wordcount>
    <wordcount weight="2" > reduce </wordcount>
    <wordcount weight="2" > biological </wordcount>
    <wordcount weight="2" > scarcity </wordcount>
    <wordcount weight="2" > about </wordcount>
    <wordcount weight="2" > once </wordcount>
    <wordcount weight="2" > recognized </wordcount>
    <wordcount weight="2" > genotypically </wordcount>
    <wordcount weight="2" > reference </wordcount>
    <wordcount weight="2" > recordings </wordcount>
    <wordcount weight="2" > glacialis </wordcount>
    <wordcount weight="2" > temperate </wordcount>
    <wordcount weight="2" > included </wordcount>
    <wordcount weight="2" > light </wordcount>
    <wordcount weight="2" > brid </wordcount>
    <wordcount weight="2" > complete </wordcount>
    <wordcount weight="2" > ed </wordcount>
    <wordcount weight="2" > outlined </wordcount>
    <wordcount weight="2" > regional </wordcount>
    <wordcount weight="2" > members </wordcount>
    <wordcount weight="2" > topographically </wordcount>
    <wordcount weight="2" > technique </wordcount>
    <wordcount weight="2" > varies </wordcount>
    <wordcount weight="2" > clausen </wordcount>
    <wordcount weight="2" > pair </wordcount>
    <wordcount weight="2" > areas </wordcount>
    <wordcount weight="2" > departments </wordcount>
    <wordcount weight="2" > enable </wordcount>
    <wordcount weight="2" > larger </wordcount>
    <wordcount weight="2" > grows </wordcount>
    <wordcount weight="2" > aug </wordcount>
    <wordcount weight="2" > remarkable </wordcount>
    <wordcount weight="2" > increases </wordcount>
    <wordcount weight="2" > accepted </wordcount>
    <wordcount weight="2" > eg </wordcount>
    <wordcount weight="2" > native </wordcount>
    <wordcount weight="2" > local </wordcount>
    <wordcount weight="2" > demonstrated </wordcount>
    <wordcount weight="2" > ecol </wordcount>
    <wordcount weight="2" > understanding </wordcount>
    <wordcount weight="2" > exhibit </wordcount>
    <wordcount weight="2" > dissimilar </wordcount>
    <wordcount weight="2" > athe </wordcount>
    <wordcount weight="2" > ameasurements </wordcount>
    <wordcount weight="2" > lake </wordcount>
    <wordcount weight="2" > transformed </wordcount>
    <wordcount weight="2" > parameter </wordcount>
    <wordcount weight="2" > previously </wordcount>
    <wordcount weight="2" > factor </wordcount>
    <wordcount weight="2" > survey </wordcount>
    <wordcount weight="2" > hour </wordcount>
    <wordcount weight="2" > examination </wordcount>
    <wordcount weight="2" > previous </wordcount>
    <wordcount weight="2" > recruitment </wordcount>
    <wordcount weight="2" > rhizomatous </wordcount>
    <wordcount weight="2" > summer </wordcount>
    <wordcount weight="2" > features </wordcount>
    <wordcount weight="2" > paths </wordcount>
    <wordcount weight="2" > enriched </wordcount>
    <wordcount weight="2" > luzula </wordcount>
    <wordcount weight="2" > poa </wordcount>
    <wordcount weight="2" > repeated </wordcount>
    <wordcount weight="2" > especially </wordcount>
    <wordcount weight="2" > facing </wordcount>
    <wordcount weight="2" > narrow </wordcount>
    <wordcount weight="2" > january </wordcount>
    <wordcount weight="2" > slightly </wordcount>
    <wordcount weight="2" > differ </wordcount>
    <wordcount weight="2" > streams </wordcount>
    <wordcount weight="2" > physiognomically </wordcount>
    <wordcount weight="2" > separate </wordcount>
    <wordcount weight="2" > seedset </wordcount>
    <wordcount weight="2" > oxford </wordcount>
    <wordcount weight="2" > indication </wordcount>
    <wordcount weight="2" > depressed </wordcount>
    <wordcount weight="2" > independent </wordcount>
    <wordcount weight="2" > hedw </wordcount>
    <wordcount weight="2" > taraxacum </wordcount>
    <wordcount weight="2" > lines </wordcount>
    <wordcount weight="2" > fewer </wordcount>
    <wordcount weight="2" > physiologically </wordcount>
    <wordcount weight="2" > who </wordcount>
    <wordcount weight="2" > ea </wordcount>
    <wordcount weight="2" > whereby </wordcount>
    <wordcount weight="2" > fontana </wordcount>
    <wordcount weight="2" > fuegia </wordcount>
    <wordcount weight="2" > floor </wordcount>
    <wordcount weight="2" > ie </wordcount>
    <wordcount weight="2" > contained </wordcount>
    <wordcount weight="2" > series </wordcount>
    <wordcount weight="2" > meterological </wordcount>
    <wordcount weight="2" > deep </wordcount>
    <wordcount weight="2" > must </wordcount>
    <wordcount weight="2" > extension </wordcount>
    <wordcount weight="2" > gieseckiana </wordcount>
    <wordcount weight="2" > supported </wordcount>
    <wordcount weight="2" > alpestris </wordcount>
    <wordcount weight="2" > persisting </wordcount>
    <wordcount weight="2" > colonization </wordcount>
    <wordcount weight="2" > fitness </wordcount>
    <wordcount weight="2" > counting </wordcount>
    <wordcount weight="2" > nordenskiold </wordcount>
    <wordcount weight="2" > reflected </wordcount>
    <wordcount weight="2" > past </wordcount>
    <wordcount weight="2" > february </wordcount>
    <wordcount weight="2" > merely </wordcount>
    <wordcount weight="2" > respect </wordcount>
    <wordcount weight="2" > according </wordcount>
    <wordcount weight="2" > investigation </wordcount>
    <wordcount weight="2" > supports </wordcount>
    <wordcount weight="2" > densities </wordcount>
    <wordcount weight="2" > freedom </wordcount>
    <wordcount weight="2" > midseason </wordcount>
    <wordcount weight="2" > monitored </wordcount>
    <wordcount weight="2" > occasionally </wordcount>
    <wordcount weight="2" > little </wordcount>
    <wordcount weight="2" > affecting </wordcount>
    <wordcount weight="2" > slopes </wordcount>
    <wordcount weight="2" > confirm </wordcount>
    <wordcount weight="2" > aspect </wordcount>
    <wordcount weight="2" > varied </wordcount>
    <wordcount weight="2" > jan </wordcount>
    <wordcount weight="2" > iu </wordcount>
    <wordcount weight="2" > formation </wordcount>
    <wordcount weight="2" > generate </wordcount>
    <wordcount weight="2" > cambridge </wordcount>
    <wordcount weight="2" > average </wordcount>
    <wordcount weight="2" > lato </wordcount>
    <wordcount weight="2" > position </wordcount>
    <wordcount weight="2" > land </wordcount>
    <wordcount weight="2" > smaller </wordcount>
    <wordcount weight="2" > forming </wordcount>
    <wordcount weight="2" > measured </wordcount>
    <wordcount weight="2" > internodes </wordcount>
    <wordcount weight="2" > specific </wordcount>
    <wordcount weight="2" > assumed </wordcount>
    <wordcount weight="2" > welldrained </wordcount>
    <wordcount weight="2" > km </wordcount>
    <wordcount weight="2" > avg </wordcount>
    <wordcount weight="2" > contrasting </wordcount>
    <wordcount weight="2" > pool </wordcount>
    <wordcount weight="2" > damp </wordcount>
    <wordcount weight="2" > severely </wordcount>
    <wordcount weight="2" > duration </wordcount>
    <wordcount weight="1" > lyngmarskbugt </wordcount>
    <wordcount weight="1" > vqq </wordcount>
    <wordcount weight="1" > winds </wordcount>
    <wordcount weight="1" > does </wordcount>
    <wordcount weight="1" > possessed </wordcount>
    <wordcount weight="1" > produces </wordcount>
    <wordcount weight="1" > paralleled </wordcount>
    <wordcount weight="1" > operons </wordcount>
    <wordcount weight="1" > schimp </wordcount>
    <wordcount weight="1" > lation </wordcount>
    <wordcount weight="1" > stellaria </wordcount>
    <wordcount weight="1" > clonal </wordcount>
    <wordcount weight="1" > common </wordcount>
    <wordcount weight="1" > later </wordcount>
    <wordcount weight="1" > rhacomitrium </wordcount>
    <wordcount weight="1" > substances </wordcount>
    <wordcount weight="1" > names </wordcount>
    <wordcount weight="1" > groups </wordcount>
    <wordcount weight="1" > tropics </wordcount>
    <wordcount weight="1" > correlations </wordcount>
    <wordcount weight="1" > compensate </wordcount>
    <wordcount weight="1" > moor </wordcount>
    <wordcount weight="1" > reconsidered </wordcount>
    <wordcount weight="1" > extend </wordcount>
    <wordcount weight="1" > resulted </wordcount>
    <wordcount weight="1" > upperstory </wordcount>
    <wordcount weight="1" > findings </wordcount>
    <wordcount weight="1" > tierra </wordcount>
    <wordcount weight="1" > determine </wordcount>
    <wordcount weight="1" > offset </wordcount>
    <wordcount weight="1" > birmingreferences </wordcount>
    <wordcount weight="1" > nouvelle </wordcount>
    <wordcount weight="1" > introduction </wordcount>
    <wordcount weight="1" > compensated </wordcount>
    <wordcount weight="1" > originate </wordcount>
    <wordcount weight="1" > manuscript </wordcount>
    <wordcount weight="1" > reflection </wordcount>
    <wordcount weight="1" > operator </wordcount>
    <wordcount weight="1" > iact </wordcount>
    <wordcount weight="1" > michalski </wordcount>
    <wordcount weight="1" > birmingham </wordcount>
    <wordcount weight="1" > deviates </wordcount>
    <wordcount weight="1" > zz </wordcount>
    <wordcount weight="1" > confusa </wordcount>
    <wordcount weight="1" > arabis </wordcount>
    <wordcount weight="1" > likely </wordcount>
    <wordcount weight="1" > constitutes </wordcount>
    <wordcount weight="1" > culm </wordcount>
    <wordcount weight="1" > english </wordcount>
    <wordcount weight="1" > ways </wordcount>
    <wordcount weight="1" > peaks </wordcount>
    <wordcount weight="1" > approaches </wordcount>
    <wordcount weight="1" > sudden </wordcount>
    <wordcount weight="1" > dicranum </wordcount>
    <wordcount weight="1" > favor </wordcount>
    <wordcount weight="1" > quadratic </wordcount>
    <wordcount weight="1" > turgidum </wordcount>
    <wordcount weight="1" > alpinurm </wordcount>
    <wordcount weight="1" > senecio </wordcount>
    <wordcount weight="1" > protection </wordcount>
    <wordcount weight="1" > avalues </wordcount>
    <wordcount weight="1" > glumes </wordcount>
    <wordcount weight="1" > afghanistan </wordcount>
    <wordcount weight="1" > had </wordcount>
    <wordcount weight="1" > rf </wordcount>
    <wordcount weight="1" > freeman </wordcount>
    <wordcount weight="1" > polygonum </wordcount>
    <wordcount weight="1" > assume </wordcount>
    <wordcount weight="1" > detected </wordcount>
    <wordcount weight="1" > continuous </wordcount>
    <wordcount weight="1" > controlled </wordcount>
    <wordcount weight="1" > du </wordcount>
    <wordcount weight="1" > nomenclature </wordcount>
    <wordcount weight="1" > efficacy </wordcount>
    <wordcount weight="1" > langleys </wordcount>
    <wordcount weight="1" > sitesa </wordcount>
    <wordcount weight="1" > barriers </wordcount>
    <wordcount weight="1" > jackson </wordcount>
    <wordcount weight="1" > localities </wordcount>
    <wordcount weight="1" > athan </wordcount>
    <wordcount weight="1" > contrasted </wordcount>
    <wordcount weight="1" > anomalies </wordcount>
    <wordcount weight="1" > kilometers </wordcount>
    <wordcount weight="1" > speciesrich </wordcount>
    <wordcount weight="1" > permanently </wordcount>
    <wordcount weight="1" > cessation </wordcount>
    <wordcount weight="1" > fragmentary </wordcount>
    <wordcount weight="1" > possessing </wordcount>
    <wordcount weight="1" > pygmaeus </wordcount>
    <wordcount weight="1" > retreat </wordcount>
    <wordcount weight="1" > nature </wordcount>
    <wordcount weight="1" > dramatically </wordcount>
    <wordcount weight="1" > comparatively </wordcount>
    <wordcount weight="1" > aall </wordcount>
    <wordcount weight="1" > affinities </wordcount>
    <wordcount weight="1" > europe </wordcount>
    <wordcount weight="1" > could </wordcount>
    <wordcount weight="1" > advantage </wordcount>
    <wordcount weight="1" > suggesting </wordcount>
    <wordcount weight="1" > microphyllum </wordcount>
    <wordcount weight="1" > timing </wordcount>
    <wordcount weight="1" > inherent </wordcount>
    <wordcount weight="1" > ephemeral </wordcount>
    <wordcount weight="1" > ences </wordcount>
    <wordcount weight="1" > ol </wordcount>
    <wordcount weight="1" > procedure </wordcount>
    <wordcount weight="1" > lichens </wordcount>
    <wordcount weight="1" > erecta </wordcount>
    <wordcount weight="1" > cai </wordcount>
    <wordcount weight="1" > carnegie </wordcount>
    <wordcount weight="1" > niche </wordcount>
    <wordcount weight="1" > nstable </wordcount>
    <wordcount weight="1" > help </wordcount>
    <wordcount weight="1" > oecology </wordcount>
    <wordcount weight="1" > feature </wordcount>
    <wordcount weight="1" > meadowa </wordcount>
    <wordcount weight="1" > lanuginosum </wordcount>
    <wordcount weight="1" > alpinzltm </wordcount>
    <wordcount weight="1" > zu </wordcount>
    <wordcount weight="1" > reserved </wordcount>
    <wordcount weight="1" > decreased </wordcount>
    <wordcount weight="1" > somewhat </wordcount>
    <wordcount weight="1" > regressed </wordcount>
    <wordcount weight="1" > nserous </wordcount>
    <wordcount weight="1" > attempted </wordcount>
    <wordcount weight="1" > loeske </wordcount>
    <wordcount weight="1" > univ </wordcount>
    <wordcount weight="1" > explosive </wordcount>
    <wordcount weight="1" > morpopulations </wordcount>
    <wordcount weight="1" > occasional </wordcount>
    <wordcount weight="1" > mmtable </wordcount>
    <wordcount weight="1" > dissemination </wordcount>
    <wordcount weight="1" > existence </wordcount>
    <wordcount weight="1" > spherical </wordcount>
    <wordcount weight="1" > nothofagits </wordcount>
    <wordcount weight="1" > moisture </wordcount>
    <wordcount weight="1" > hamaenerion </wordcount>
    <wordcount weight="1" > estimating </wordcount>
    <wordcount weight="1" > hr </wordcount>
    <wordcount weight="1" > trans </wordcount>
    <wordcount weight="1" > planted </wordcount>
    <wordcount weight="1" > iv </wordcount>
    <wordcount weight="1" > masked </wordcount>
    <wordcount weight="1" > researchcapacity </wordcount>
    <wordcount weight="1" > america </wordcount>
    <wordcount weight="1" > rubella </wordcount>
    <wordcount weight="1" > killed </wordcount>
    <wordcount weight="1" > cu </wordcount>
    <wordcount weight="1" > amplit </wordcount>
    <wordcount weight="1" > drummondii </wordcount>
    <wordcount weight="1" > typify </wordcount>
    <wordcount weight="1" > vol </wordcount>
    <wordcount weight="1" > compensatory </wordcount>
    <wordcount weight="1" > uniflora </wordcount>
    <wordcount weight="1" > mongolia </wordcount>
    <wordcount weight="1" > paucity </wordcount>
    <wordcount weight="1" > characterize </wordcount>
    <wordcount weight="1" > slight </wordcount>
    <wordcount weight="1" > april </wordcount>
    <wordcount weight="1" > fluctuation </wordcount>
    <wordcount weight="1" > occupy </wordcount>
    <wordcount weight="1" > obvious </wordcount>
    <wordcount weight="1" > hawkes </wordcount>
    <wordcount weight="1" > irrigated </wordcount>
    <wordcount weight="1" > occurring </wordcount>
    <wordcount weight="1" > point </wordcount>
    <wordcount weight="1" > except </wordcount>
    <wordcount weight="1" > establishment </wordcount>
    <wordcount weight="1" > ouadrat </wordcount>
    <wordcount weight="1" > pairs </wordcount>
    <wordcount weight="1" > quantity </wordcount>
    <wordcount weight="1" > milder </wordcount>
    <wordcount weight="1" > decreasing </wordcount>
    <wordcount weight="1" > tenera </wordcount>
    <wordcount weight="1" > financed </wordcount>
    <wordcount weight="1" > guano </wordcount>
    <wordcount weight="1" > separating </wordcount>
    <wordcount weight="1" > altitudes </wordcount>
    <wordcount weight="1" > colonized </wordcount>
    <wordcount weight="1" > mid </wordcount>
    <wordcount weight="1" > alpinlntm </wordcount>
    <wordcount weight="1" > li </wordcount>
    <wordcount weight="1" > regarding </wordcount>
    <wordcount weight="1" > equisetum </wordcount>
    <wordcount weight="1" > quartic </wordcount>
    <wordcount weight="1" > inhabits </wordcount>
    <wordcount weight="1" > ty </wordcount>
    <wordcount weight="1" > includes </wordcount>
    <wordcount weight="1" > royal </wordcount>
    <wordcount weight="1" > hirsuta </wordcount>
    <wordcount weight="1" > dependence </wordcount>
    <wordcount weight="1" > situa </wordcount>
    <wordcount weight="1" > cthree </wordcount>
    <wordcount weight="1" > copyrighted </wordcount>
    <wordcount weight="1" > desv </wordcount>
    <wordcount weight="1" > lw </wordcount>
    <wordcount weight="1" > copenhagen </wordcount>
    <wordcount weight="1" > oppositifolia </wordcount>
    <wordcount weight="1" > retention </wordcount>
    <wordcount weight="1" > accounted </wordcount>
    <wordcount weight="1" > pretreatment </wordcount>
    <wordcount weight="1" > nepal </wordcount>
    <wordcount weight="1" > elongate </wordcount>
    <wordcount weight="1" > genotype </wordcount>
    <wordcount weight="1" > de </wordcount>
    <wordcount weight="1" > litardier </wordcount>
    <wordcount weight="1" > abnormally </wordcount>
    <wordcount weight="1" > glacier </wordcount>
    <wordcount weight="1" > ability </wordcount>
    <wordcount weight="1" > relations </wordcount>
    <wordcount weight="1" > salisbury </wordcount>
    <wordcount weight="1" > br </wordcount>
    <wordcount weight="1" > calicarpea </wordcount>
    <wordcount weight="1" > ease </wordcount>
    <wordcount weight="1" > term </wordcount>
    <wordcount weight="1" > phleumn </wordcount>
    <wordcount weight="1" > retreats </wordcount>
    <wordcount weight="1" > progressive </wordcount>
    <wordcount weight="1" > turn </wordcount>
    <wordcount weight="1" > chromosomique </wordcount>
    <wordcount weight="1" > tenuously </wordcount>
    <wordcount weight="1" > adjustment </wordcount>
    <wordcount weight="1" > resting </wordcount>
    <wordcount weight="1" > snowpatch </wordcount>
    <wordcount weight="1" > meteorology </wordcount>
    <wordcount weight="1" > underlying </wordcount>
    <wordcount weight="1" > places </wordcount>
    <wordcount weight="1" > persist </wordcount>
    <wordcount weight="1" > profound </wordcount>
    <wordcount weight="1" > infrequently </wordcount>
    <wordcount weight="1" > intensities </wordcount>
    <wordcount weight="1" > herbaceous </wordcount>
    <wordcount weight="1" > imt </wordcount>
    <wordcount weight="1" > awns </wordcount>
    <wordcount weight="1" > restrict </wordcount>
    <wordcount weight="1" > pilns </wordcount>
    <wordcount weight="1" > young </wordcount>
    <wordcount weight="1" > ophleum </wordcount>
    <wordcount weight="1" > graphically </wordcount>
    <wordcount weight="1" > ygonum </wordcount>
    <wordcount weight="1" > arranged </wordcount>
    <wordcount weight="1" > cytological </wordcount>
    <wordcount weight="1" > twice </wordcount>
    <wordcount weight="1" > svenska </wordcount>
    <wordcount weight="1" > explosions </wordcount>
    <wordcount weight="1" > hybrid </wordcount>
    <wordcount weight="1" > researchplants </wordcount>
    <wordcount weight="1" > argentina </wordcount>
    <wordcount weight="1" > climates </wordcount>
    <wordcount weight="1" > populationa </wordcount>
    <wordcount weight="1" > pronounced </wordcount>
    <wordcount weight="1" > generation </wordcount>
    <wordcount weight="1" > wl </wordcount>
    <wordcount weight="1" > influence </wordcount>
    <wordcount weight="1" > acknowledge </wordcount>
    <wordcount weight="1" > bipolar </wordcount>
    <wordcount weight="1" > afrequency </wordcount>
    <wordcount weight="1" > harvestsa </wordcount>
    <wordcount weight="1" > constraints </wordcount>
    <wordcount weight="1" > phases </wordcount>
    <wordcount weight="1" > employ </wordcount>
    <wordcount weight="1" > drained </wordcount>
    <wordcount weight="1" > mechanisms </wordcount>
    <wordcount weight="1" > rights </wordcount>
    <wordcount weight="1" > mtable </wordcount>
    <wordcount weight="1" > potentilla </wordcount>
    <wordcount weight="1" > interesting </wordcount>
    <wordcount weight="1" > wishes </wordcount>
    <wordcount weight="1" > nonvegetating </wordcount>
    <wordcount weight="1" > bull </wordcount>
    <wordcount weight="1" > rw </wordcount>
    <wordcount weight="1" > reflects </wordcount>
    <wordcount weight="1" > commutatum </wordcount>
    <wordcount weight="1" > lt </wordcount>
    <wordcount weight="1" > without </wordcount>
    <wordcount weight="1" > act </wordcount>
    <wordcount weight="1" > negatively </wordcount>
    <wordcount weight="1" > taxonomy </wordcount>
    <wordcount weight="1" > district </wordcount>
    <wordcount weight="1" > proceedings </wordcount>
    <wordcount weight="1" > altitudinal </wordcount>
    <wordcount weight="1" > basic </wordcount>
    <wordcount weight="1" > cerastium </wordcount>
    <wordcount weight="1" > nsin </wordcount>
    <wordcount weight="1" > vaccinium </wordcount>
    <wordcount weight="1" > digyna </wordcount>
    <wordcount weight="1" > hughes </wordcount>
    <wordcount weight="1" > spermatophyta </wordcount>
    <wordcount weight="1" > adamp </wordcount>
    <wordcount weight="1" > taller </wordcount>
    <wordcount weight="1" > determining </wordcount>
    <wordcount weight="1" > circumarctic </wordcount>
    <wordcount weight="1" > altitudinial </wordcount>
    <wordcount weight="1" > gull </wordcount>
    <wordcount weight="1" > ex </wordcount>
    <wordcount weight="1" > seedlings </wordcount>
    <wordcount weight="1" > certain </wordcount>
    <wordcount weight="1" > accumulate </wordcount>
    <wordcount weight="1" > derived </wordcount>
    <wordcount weight="1" > hodges </wordcount>
    <wordcount weight="1" > veronica </wordcount>
    <wordcount weight="1" > pretreatments </wordcount>
    <wordcount weight="1" > special </wordcount>
    <wordcount weight="1" > symbols </wordcount>
    <wordcount weight="1" > lacking </wordcount>
    <wordcount weight="1" > black </wordcount>
    <wordcount weight="1" > discoveries </wordcount>
    <wordcount weight="1" > von </wordcount>
    <wordcount weight="1" > conifers </wordcount>
    <wordcount weight="1" > flushes </wordcount>
    <wordcount weight="1" > extremes </wordcount>
    <wordcount weight="1" > localitiesa </wordcount>
    <wordcount weight="1" > wash </wordcount>
    <wordcount weight="1" > calycantha </wordcount>
    <wordcount weight="1" > exceptional </wordcount>
    <wordcount weight="1" > modified </wordcount>
    <wordcount weight="1" > lyngi </wordcount>
    <wordcount weight="1" > lua </wordcount>
    <wordcount weight="1" > colonizing </wordcount>
    <wordcount weight="1" > finer </wordcount>
    <wordcount weight="1" > hairs </wordcount>
    <wordcount weight="1" > ensure </wordcount>
    <wordcount weight="1" > appl </wordcount>
    <wordcount weight="1" > stepwise </wordcount>
    <wordcount weight="1" > sch </wordcount>
    <wordcount weight="1" > les </wordcount>
    <wordcount weight="1" > vulgaris </wordcount>
    <wordcount weight="1" > slowly </wordcount>
    <wordcount weight="1" > irreversible </wordcount>
    <wordcount weight="1" > presumably </wordcount>
    <wordcount weight="1" > clearly </wordcount>
    <wordcount weight="1" > section </wordcount>
    <wordcount weight="1" > just </wordcount>
    <wordcount weight="1" > kipp </wordcount>
    <wordcount weight="1" > air </wordcount>
    <wordcount weight="1" > completion </wordcount>
    <wordcount weight="1" > differs </wordcount>
    <wordcount weight="1" > snowfree </wordcount>
    <wordcount weight="1" > cliff </wordcount>
    <wordcount weight="1" > jeffryi </wordcount>
    <wordcount weight="1" > prevent </wordcount>
    <wordcount weight="1" > norvegicum </wordcount>
    <wordcount weight="1" > additional </wordcount>
    <wordcount weight="1" > adaptively </wordcount>
    <wordcount weight="1" > genotypes </wordcount>
    <wordcount weight="1" > western </wordcount>
    <wordcount weight="1" > instance </wordcount>
    <wordcount weight="1" > helped </wordcount>
    <wordcount weight="1" > tu </wordcount>
    <wordcount weight="1" > differently </wordcount>
    <wordcount weight="1" > view </wordcount>
    <wordcount weight="1" > oblique </wordcount>
    <wordcount weight="1" > dessication </wordcount>
    <wordcount weight="1" > regulatory </wordcount>
    <wordcount weight="1" > habtiat </wordcount>
    <wordcount weight="1" > pyrola </wordcount>
    <wordcount weight="1" > sheaths </wordcount>
    <wordcount weight="1" > convergent </wordcount>
    <wordcount weight="1" > expressed </wordcount>
    <wordcount weight="1" > closely </wordcount>
    <wordcount weight="1" > based </wordcount>
    <wordcount weight="1" > escence </wordcount>
    <wordcount weight="1" > allow </wordcount>
    <wordcount weight="1" > portable </wordcount>
    <wordcount weight="1" > acknowledgments </wordcount>
    <wordcount weight="1" > typical </wordcount>
    <wordcount weight="1" > moraines </wordcount>
    <wordcount weight="1" > cz </wordcount>
    <wordcount weight="1" > scotland </wordcount>
    <wordcount weight="1" > international </wordcount>
    <wordcount weight="1" > infrequent </wordcount>
    <wordcount weight="1" > nivalis </wordcount>
    <wordcount weight="1" > philonotis </wordcount>
    <wordcount weight="1" > fo </wordcount>
    <wordcount weight="1" > glacial </wordcount>
    <wordcount weight="1" > respects </wordcount>
    <wordcount weight="1" > academic </wordcount>
    <wordcount weight="1" > equally </wordcount>
    <wordcount weight="1" > carex </wordcount>
    <wordcount weight="1" > lynmarksbugt </wordcount>
    <wordcount weight="1" > recently </wordcount>
    <wordcount weight="1" > scale </wordcount>
    <wordcount weight="1" > energy </wordcount>
    <wordcount weight="1" > placed </wordcount>
    <wordcount weight="1" > glaulca </wordcount>
    <wordcount weight="1" > aichemilla </wordcount>
    <wordcount weight="1" > expressions </wordcount>
    <wordcount weight="1" > sparse </wordcount>
    <wordcount weight="1" > draba </wordcount>
    <wordcount weight="1" > because </wordcount>
    <wordcount weight="1" > colonies </wordcount>
    <wordcount weight="1" > bradshaw </wordcount>
    <wordcount weight="1" > none </wordcount>
    <wordcount weight="1" > agr </wordcount>
    <wordcount weight="1" > minimal </wordcount>
    <wordcount weight="1" > nitens </wordcount>
    <wordcount weight="1" > norvegica </wordcount>
    <wordcount weight="1" > tr </wordcount>
    <wordcount weight="1" > inferred </wordcount>
    <wordcount weight="1" > viability </wordcount>
    <wordcount weight="1" > received </wordcount>
    <wordcount weight="1" > sitea </wordcount>
    <wordcount weight="1" > del </wordcount>
    <wordcount weight="1" > protein </wordcount>
    <wordcount weight="1" > concept </wordcount>
    <wordcount weight="1" > aulacomnium </wordcount>
    <wordcount weight="1" > part </wordcount>
    <wordcount weight="1" > discusses </wordcount>
    <wordcount weight="1" > competing </wordcount>
    <wordcount weight="1" > partitioned </wordcount>
    <wordcount weight="1" > confirms </wordcount>
    <wordcount weight="1" > positions </wordcount>
    <wordcount weight="1" > microenvironmental </wordcount>
    <wordcount weight="1" > fluctuations </wordcount>
    <wordcount weight="1" > ttaraoxacum </wordcount>
    <wordcount weight="1" > whole </wordcount>
    <wordcount weight="1" > q </wordcount>
    <wordcount weight="1" > describe </wordcount>
    <wordcount weight="1" > acrocladium </wordcount>
    <wordcount weight="1" > fail </wordcount>
    <wordcount weight="1" > postulated </wordcount>
    <wordcount weight="1" > iz </wordcount>
    <wordcount weight="1" > issues </wordcount>
    <wordcount weight="1" > partly </wordcount>
    <wordcount weight="1" > records </wordcount>
    <wordcount weight="1" > researchgrowth </wordcount>
    <wordcount weight="1" > work </wordcount>
    <wordcount weight="1" > angiosperms </wordcount>
    <wordcount weight="1" > microenvironment </wordcount>
    <wordcount weight="1" > rows </wordcount>
    <wordcount weight="1" > tomentella </wordcount>
    <wordcount weight="1" > cld </wordcount>
    <wordcount weight="1" > glomerulans </wordcount>
    <wordcount weight="1" > asg </wordcount>
    <wordcount weight="1" > lachenalii </wordcount>
    <wordcount weight="1" > camptothecium </wordcount>
    <wordcount weight="1" > status </wordcount>
    <wordcount weight="1" > miss </wordcount>
    <wordcount weight="1" > own </wordcount>
    <wordcount weight="1" > wastage </wordcount>
    <wordcount weight="1" > towards </wordcount>
    <wordcount weight="1" > sampled </wordcount>
    <wordcount weight="1" > swards </wordcount>
    <wordcount weight="1" > solution </wordcount>
    <wordcount weight="1" > computer </wordcount>
    <wordcount weight="1" > ratios </wordcount>
    <wordcount weight="1" > sense </wordcount>
    <wordcount weight="1" > successful </wordcount>
    <wordcount weight="1" > below </wordcount>
    <wordcount weight="1" > negligible </wordcount>
    <wordcount weight="1" > drier </wordcount>
    <wordcount weight="1" > tested </wordcount>
    <wordcount weight="1" > grass </wordcount>
    <wordcount weight="1" > order </wordcount>
    <wordcount weight="1" > synthesized </wordcount>
    <wordcount weight="1" > quite </wordcount>
    <wordcount weight="1" > arbitrary </wordcount>
    <wordcount weight="1" > insurance </wordcount>
    <wordcount weight="1" > biol </wordcount>
    <wordcount weight="1" > around </wordcount>
    <wordcount weight="1" > hemisphere </wordcount>
    <wordcount weight="1" > inst </wordcount>
    <wordcount weight="1" > philib </wordcount>
    <wordcount weight="1" > separately </wordcount>
    <wordcount weight="1" > few </wordcount>
    <wordcount weight="1" > seb </wordcount>
    <wordcount weight="1" > munich </wordcount>
    <wordcount weight="1" > depression </wordcount>
    <wordcount weight="1" > peak </wordcount>
    <wordcount weight="1" > peaty </wordcount>
    <wordcount weight="1" > climate </wordcount>
    <wordcount weight="1" > viviparum </wordcount>
    <wordcount weight="1" > gradient </wordcount>
    <wordcount weight="1" > fully </wordcount>
    <wordcount weight="1" > substrategies </wordcount>
    <wordcount weight="1" > visible </wordcount>
    <wordcount weight="1" > richness </wordcount>
    <wordcount weight="1" > up </wordcount>
    <wordcount weight="1" > inability </wordcount>
    <wordcount weight="1" > lui </wordcount>
    <wordcount weight="1" > os </wordcount>
    <wordcount weight="1" > productivity </wordcount>
    <wordcount weight="1" > pedicularis </wordcount>
    <wordcount weight="1" > environmentally </wordcount>
    <wordcount weight="1" > substituted </wordcount>
    <wordcount weight="1" > anomalous </wordcount>
    <wordcount weight="1" > evoked </wordcount>
    <wordcount weight="1" > retreating </wordcount>
    <wordcount weight="1" > cx </wordcount>
    <wordcount weight="1" > input </wordcount>
    <wordcount weight="1" > monocotyledons </wordcount>
    <wordcount weight="1" > poland </wordcount>
    <wordcount weight="1" > second </wordcount>
    <wordcount weight="1" > arrangement </wordcount>
    <wordcount weight="1" > strokes </wordcount>
    <wordcount weight="1" > io </wordcount>
    <wordcount weight="1" > reduced </wordcount>
    <wordcount weight="1" > sensu </wordcount>
    <wordcount weight="1" > herbacea </wordcount>
    <wordcount weight="1" > variety </wordcount>
    <wordcount weight="1" > clones </wordcount>
    <wordcount weight="1" > materials </wordcount>
    <wordcount weight="1" > curves </wordcount>
    <wordcount weight="1" > bocher </wordcount>
    <wordcount weight="1" > visually </wordcount>
    <wordcount weight="1" > scientific </wordcount>
    <wordcount weight="1" > seral </wordcount>
    <wordcount weight="1" > arvense </wordcount>
    <wordcount weight="1" > action </wordcount>
    <wordcount weight="1" > britain </wordcount>
    <wordcount weight="1" > canalized </wordcount>
    <wordcount weight="1" > permits </wordcount>
    <wordcount weight="1" > enables </wordcount>
    <wordcount weight="1" > expansion </wordcount>
    <wordcount weight="1" > limited </wordcount>
    <wordcount weight="1" > researchphase </wordcount>
    <wordcount weight="1" > trials </wordcount>
    <wordcount weight="1" > yields </wordcount>
    <wordcount weight="1" > tundras </wordcount>
    <wordcount weight="1" > poor </wordcount>
    <wordcount weight="1" > etc </wordcount>
    <wordcount weight="1" > intensively </wordcount>
    <wordcount weight="1" > slower </wordcount>
    <wordcount weight="1" > estimations </wordcount>
    <wordcount weight="1" > indicates </wordcount>
    <wordcount weight="1" > interactions </wordcount>
    <wordcount weight="1" > woods </wordcount>
    <wordcount weight="1" > experiences </wordcount>
    <wordcount weight="1" > studien </wordcount>
    <wordcount weight="1" > initially </wordcount>
    <wordcount weight="1" > modes </wordcount>
    <wordcount weight="1" > southern </wordcount>
    <wordcount weight="1" > tends </wordcount>
    <wordcount weight="1" > direction </wordcount>
    <wordcount weight="1" > vicinity </wordcount>
    <wordcount weight="1" > rs </wordcount>
    <wordcount weight="1" > nonrhizomatous </wordcount>
    <wordcount weight="1" > yet </wordcount>
    <wordcount weight="1" > macloviana </wordcount>
    <wordcount weight="1" > tp </wordcount>
    <wordcount weight="1" > nardina </wordcount>
    <wordcount weight="1" > illustrierte </wordcount>
    <wordcount weight="1" > me </wordcount>
    <wordcount weight="1" > alongside </wordcount>
    <wordcount weight="1" > financial </wordcount>
    <wordcount weight="1" > counterparts </wordcount>
    <wordcount weight="1" > cylindrical </wordcount>
    <wordcount weight="1" > luj </wordcount>
    <wordcount weight="1" > senstl </wordcount>
    <wordcount weight="1" > constant </wordcount>
    <wordcount weight="1" > falls </wordcount>
    <wordcount weight="1" > positively </wordcount>
    <wordcount weight="1" > performed </wordcount>
    <wordcount weight="1" > iiber </wordcount>
    <wordcount weight="1" > um </wordcount>
    <wordcount weight="1" > numt </wordcount>
    <wordcount weight="1" > already </wordcount>
    <wordcount weight="1" > illustrated </wordcount>
    <wordcount weight="1" > begins </wordcount>
    <wordcount weight="1" > increasingly </wordcount>
    <wordcount weight="1" > relevance </wordcount>
    <wordcount weight="1" > fan </wordcount>
    <wordcount weight="1" > organizations </wordcount>
    <wordcount weight="1" > starting </wordcount>
    <wordcount weight="1" > extracted </wordcount>
    <wordcount weight="1" > popullation </wordcount>
    <wordcount weight="1" > stated </wordcount>
    <wordcount weight="1" > slopetable </wordcount>
    <wordcount weight="1" > genecology </wordcount>
    <wordcount weight="1" > others </wordcount>
    <wordcount weight="1" > approaching </wordcount>
    <wordcount weight="1" > flushing </wordcount>
    <wordcount weight="1" > rock </wordcount>
    <wordcount weight="1" > intraspecific </wordcount>
    <wordcount weight="1" > papaver </wordcount>
    <wordcount weight="1" > efforts </wordcount>
    <wordcount weight="1" > fundamental </wordcount>
    <wordcount weight="1" > meadow </wordcount>
    <wordcount weight="1" > tolerate </wordcount>
    <wordcount weight="1" > striking </wordcount>
    <wordcount weight="1" > deschampsia </wordcount>
    <wordcount weight="1" > abstract </wordcount>
    <wordcount weight="1" > bryol </wordcount>
    <wordcount weight="1" > replicates </wordcount>
    <wordcount weight="1" > choice </wordcount>
    <wordcount weight="1" > inevitably </wordcount>
    <wordcount weight="1" > warb </wordcount>
    <wordcount weight="1" > diverse </wordcount>
    <wordcount weight="1" > clumped </wordcount>
    <wordcount weight="1" > pteridophyta </wordcount>
    <wordcount weight="1" > identical </wordcount>
    <wordcount weight="1" > weeds </wordcount>
    <wordcount weight="1" > oc </wordcount>
    <wordcount weight="1" > parviflora </wordcount>
    <wordcount weight="1" > forms </wordcount>
    <wordcount weight="1" > behind </wordcount>
    <wordcount weight="1" > billings </wordcount>
    <wordcount weight="1" > hand </wordcount>
    <wordcount weight="1" > adjacent </wordcount>
    <wordcount weight="1" > caindividual </wordcount>
    <wordcount weight="1" > angustifolium </wordcount>
    <wordcount weight="1" > ecotype </wordcount>
    <wordcount weight="1" > tricuspidata </wordcount>
    <wordcount weight="1" > manner </wordcount>
    <wordcount weight="1" > flooded </wordcount>
    <wordcount weight="1" > seedling </wordcount>
    <wordcount weight="1" > superimposed </wordcount>
    <wordcount weight="1" > relevant </wordcount>
    <wordcount weight="1" > see </wordcount>
    <wordcount weight="1" > necessary </wordcount>
    <wordcount weight="1" > monocarpic </wordcount>
    <wordcount weight="1" > material </wordcount>
    <wordcount weight="1" > colony </wordcount>
    <wordcount weight="1" > occured </wordcount>
    <wordcount weight="1" > pratensis </wordcount>
    <wordcount weight="1" > perhaps </wordcount>
    <wordcount weight="1" > circumpolar </wordcount>
    <wordcount weight="1" > preparation </wordcount>
    <wordcount weight="1" > impoverished </wordcount>
    <wordcount weight="1" > gives </wordcount>
    <wordcount weight="1" > angiospermous </wordcount>
    <wordcount weight="1" > classical </wordcount>
    <wordcount weight="1" > vegetational </wordcount>
    <wordcount weight="1" > original </wordcount>
    <wordcount weight="1" > analyzed </wordcount>
    <wordcount weight="1" > emend </wordcount>
    <wordcount weight="1" > hatherton </wordcount>
    <wordcount weight="1" > averaged </wordcount>
    <wordcount weight="1" > turkey </wordcount>
    <wordcount weight="1" > background </wordcount>
    <wordcount weight="1" > oquadrat </wordcount>
    <wordcount weight="1" > ecologically </wordcount>
    <wordcount weight="1" > limitations </wordcount>
    <wordcount weight="1" > including </wordcount>
    <wordcount weight="1" > lanatum </wordcount>
    <wordcount weight="1" > depended </wordcount>
    <wordcount weight="1" > sufficiently </wordcount>
    <wordcount weight="1" > samples </wordcount>
    <wordcount weight="1" > top </wordcount>
    <wordcount weight="1" > montia </wordcount>
    <wordcount weight="1" > grassland </wordcount>
    <wordcount weight="1" > heath </wordcount>
    <wordcount weight="1" > waste </wordcount>
    <wordcount weight="1" > expression </wordcount>
    <wordcount weight="1" > schwaegr </wordcount>
    <wordcount weight="1" > complement </wordcount>
    <wordcount weight="1" > persisted </wordcount>
    <wordcount weight="1" > submitted </wordcount>
    <wordcount weight="1" > lows </wordcount>
    <wordcount weight="1" > trend </wordcount>
    <wordcount weight="1" > crevices </wordcount>
    <wordcount weight="1" > variables </wordcount>
    <wordcount weight="1" > maintains </wordcount>
    <wordcount weight="1" > imposes </wordcount>
    <wordcount weight="1" > infloryoungyoungof </wordcount>
    <wordcount weight="1" > steering </wordcount>
    <wordcount weight="1" > ua </wordcount>
    <wordcount weight="1" > derelict </wordcount>
    <wordcount weight="1" > biome </wordcount>
    <wordcount weight="1" > discussed </wordcount>
    <wordcount weight="1" > iaccompanied </wordcount>
    <wordcount weight="1" > scandinavia </wordcount>
    <wordcount weight="1" > agreement </wordcount>
    <wordcount weight="1" > damage </wordcount>
    <wordcount weight="1" > maintenance </wordcount>
    <wordcount weight="1" > formulas </wordcount>
    <wordcount weight="1" > interpret </wordcount>
    <wordcount weight="1" > mts </wordcount>
    <wordcount weight="1" > vahliana </wordcount>
    <wordcount weight="1" > watered </wordcount>
    <wordcount weight="1" > symposium </wordcount>
    <wordcount weight="1" > marksbugt </wordcount>
    <wordcount weight="1" > croceum </wordcount>
    <wordcount weight="1" > genetics </wordcount>
    <wordcount weight="1" > ef </wordcount>
    <wordcount weight="1" > creating </wordcount>
    <wordcount weight="1" > capillaris </wordcount>
    <wordcount weight="1" > static </wordcount>
    <wordcount weight="1" > alpintlijn </wordcount>
    <wordcount weight="1" > alphology </wordcount>
    <wordcount weight="1" > screes </wordcount>
    <wordcount weight="1" > minuartia </wordcount>
    <wordcount weight="1" > filled </wordcount>
    <wordcount weight="1" > accurate </wordcount>
    <wordcount weight="1" > canalization </wordcount>
    <wordcount weight="1" > provides </wordcount>
    <wordcount weight="1" > arctica </wordcount>
    <wordcount weight="1" > latter </wordcount>
    <wordcount weight="1" > uly </wordcount>
    <wordcount weight="1" > comparing </wordcount>
    <wordcount weight="1" > enough </wordcount>
    <wordcount weight="1" > floral </wordcount>
    <wordcount weight="1" > radicatum </wordcount>
    <wordcount weight="1" > tactics </wordcount>
    <wordcount weight="1" > pathway </wordcount>
    <wordcount weight="1" > iterms </wordcount>
    <wordcount weight="1" > campanula </wordcount>
    <wordcount weight="1" > commence </wordcount>
    <wordcount weight="1" > destruction </wordcount>
    <wordcount weight="1" > insignificant </wordcount>
    <wordcount weight="1" > dryas </wordcount>
    <wordcount weight="1" > basically </wordcount>
    <wordcount weight="1" > quarter </wordcount>
    <wordcount weight="1" > brown </wordcount>
    <wordcount weight="1" > starkei </wordcount>
    <wordcount weight="1" > cqggf </wordcount>
    <wordcount weight="1" > sented </wordcount>
    <wordcount weight="1" > anatomy </wordcount>
    <wordcount weight="1" > alaska </wordcount>
    <wordcount weight="1" > unexpected </wordcount>
    <wordcount weight="1" > ranging </wordcount>
    <wordcount weight="1" > shrubs </wordcount>
    <wordcount weight="1" > phytogeographical </wordcount>
    <wordcount weight="1" > depth </wordcount>
    <wordcount weight="1" > fifty </wordcount>
    <wordcount weight="1" > regelii </wordcount>
    <wordcount weight="1" > topography </wordcount>
    <wordcount weight="1" > modification </wordcount>
    <wordcount weight="1" > vv </wordcount>
    <wordcount weight="1" > suprising </wordcount>
    <wordcount weight="1" > snout </wordcount>
    <wordcount weight="1" > continued </wordcount>
    <wordcount weight="1" > provide </wordcount>
    <wordcount weight="1" > naturally </wordcount>
    <wordcount weight="1" > uliginosum </wordcount>
    <wordcount weight="1" > program </wordcount>
    <wordcount weight="1" > hill </wordcount>
    <wordcount weight="1" > begin </wordcount>
    <wordcount weight="1" > cytogenetic </wordcount>
    <wordcount weight="1" > widespread </wordcount>
    <wordcount weight="1" > slow </wordcount>
    <wordcount weight="1" > becomes </wordcount>
    <wordcount weight="1" > success </wordcount>
    <wordcount weight="1" > collections </wordcount>
    <wordcount weight="1" > translation </wordcount>
    <wordcount weight="1" > acaulis </wordcount>
    <wordcount weight="1" > phlearound </wordcount>
    <wordcount weight="1" > bt </wordcount>
    <wordcount weight="1" > effectively </wordcount>
    <wordcount weight="1" > overlap </wordcount>
    <wordcount weight="1" > remaining </wordcount>
    <wordcount weight="1" > phytogeography </wordcount>
    <wordcount weight="1" > covering </wordcount>
    <wordcount weight="1" > dans </wordcount>
    <wordcount weight="1" > lowered </wordcount>
    <wordcount weight="1" > procumbens </wordcount>
    <wordcount weight="1" > fennicae </wordcount>
    <wordcount weight="1" > ms </wordcount>
    <wordcount weight="1" > fields </wordcount>
    <wordcount weight="1" > exists </wordcount>
    <wordcount weight="1" > itself </wordcount>
    <wordcount weight="1" > fuerlandes </wordcount>
    <wordcount weight="1" > solarimeter </wordcount>
    <wordcount weight="1" > investigate </wordcount>
    <wordcount weight="1" > thick </wordcount>
    <wordcount weight="1" > forest </wordcount>
    <wordcount weight="1" > biology </wordcount>
    <wordcount weight="1" > detail </wordcount>
    <wordcount weight="1" > depauperized </wordcount>
    <wordcount weight="1" > permafrost </wordcount>
    <wordcount weight="1" > lj </wordcount>
    <wordcount weight="1" > perturbation </wordcount>
    <wordcount weight="1" > variable </wordcount>
    <wordcount weight="1" > nonplasticity </wordcount>
    <wordcount weight="1" > understorey </wordcount>
    <wordcount weight="1" > pepper </wordcount>
    <wordcount weight="1" > summary </wordcount>
    <wordcount weight="1" > rahn </wordcount>
    <wordcount weight="1" > changing </wordcount>
    <wordcount weight="1" > ogden </wordcount>
    <wordcount weight="1" > bryum </wordcount>
    <wordcount weight="1" > extending </wordcount>
    <wordcount weight="1" > zool </wordcount>
    <wordcount weight="1" > rupestris </wordcount>
    <wordcount weight="1" > qu </wordcount>
    <wordcount weight="1" > known </wordcount>
    <wordcount weight="1" > muell </wordcount>
    <wordcount weight="1" > grimmia </wordcount>
    <wordcount weight="1" > fluctuating </wordcount>
    <wordcount weight="1" > masses </wordcount>
    <wordcount weight="1" > note </wordcount>
    <wordcount weight="1" > invade </wordcount>
    <wordcount weight="1" > scree </wordcount>
    <wordcount weight="1" > seven </wordcount>
    <wordcount weight="1" > forty </wordcount>
    <wordcount weight="1" > vetensk </wordcount>
    <wordcount weight="1" > know </wordcount>
    <wordcount weight="1" > darwinian </wordcount>
    <wordcount weight="1" > branches </wordcount>
    <wordcount weight="1" > hornemanii </wordcount>
    <wordcount weight="1" > paper </wordcount>
    <wordcount weight="1" > melt </wordcount>
    <wordcount weight="1" > cushion </wordcount>
    <wordcount weight="1" > ratio </wordcount>
    <wordcount weight="1" > saxifraga </wordcount>
    <wordcount weight="1" > sampling </wordcount>
    <wordcount weight="1" > genus </wordcount>
    <wordcount weight="1" > cc </wordcount>
    <wordcount weight="1" > regard </wordcount>
    <wordcount weight="1" > phlenum </wordcount>
    <wordcount weight="1" > chamaenerion </wordcount>
    <wordcount weight="1" > pacities </wordcount>
    <wordcount weight="1" > subalpine </wordcount>
    <wordcount weight="1" > cultivation </wordcount>
    <wordcount weight="1" > month </wordcount>
    <wordcount weight="1" > differed </wordcount>
    <wordcount weight="1" > essentially </wordcount>
    <wordcount weight="1" > sierra </wordcount>
    <wordcount weight="1" > quoted </wordcount>
    <wordcount weight="1" > recorder </wordcount>
    <wordcount weight="1" > assessment </wordcount>
    <wordcount weight="1" > better </wordcount>
    <wordcount weight="1" > cernua </wordcount>
    <wordcount weight="1" > cal </wordcount>
    <wordcount weight="1" > burgeff </wordcount>
    <wordcount weight="1" > what </wordcount>
    <wordcount weight="1" > fuller </wordcount>
    <wordcount weight="1" > ofellfield </wordcount>
    <wordcount weight="1" > fuego </wordcount>
    <wordcount weight="1" > spatial </wordcount>
    <wordcount weight="1" > them </wordcount>
    <wordcount weight="1" > terms </wordcount>
    <wordcount weight="1" > list </wordcount>
    <wordcount weight="1" > making </wordcount>
    <wordcount weight="1" > phlemln </wordcount>
    <wordcount weight="1" > imposed </wordcount>
    <wordcount weight="1" > acad </wordcount>
    <wordcount weight="1" > noticeable </wordcount>
    <wordcount weight="1" > min </wordcount>
    <wordcount weight="1" > hoped </wordcount>
    <wordcount weight="1" > seasonal </wordcount>
    <wordcount weight="1" > iequisetum </wordcount>
    <wordcount weight="1" > protective </wordcount>
    <wordcount weight="1" > interval </wordcount>
    <wordcount weight="1" > weights </wordcount>
    <wordcount weight="1" > thousands </wordcount>
    <wordcount weight="1" > require </wordcount>
    <wordcount weight="1" > property </wordcount>
    <wordcount weight="1" > information </wordcount>
    <wordcount weight="1" > orizaba </wordcount>
    <wordcount weight="1" > listed </wordcount>
    <wordcount weight="1" > ses </wordcount>
    <wordcount weight="1" > middle </wordcount>
    <wordcount weight="1" > conference </wordcount>
    <wordcount weight="1" > outline </wordcount>
    <wordcount weight="1" > phanerogam </wordcount>
    <wordcount weight="1" > researchdo </wordcount>
    <wordcount weight="1" > integrifolia </wordcount>
    <wordcount weight="1" > bd </wordcount>
    <wordcount weight="1" > altered </wordcount>
    <wordcount weight="1" > cryptogams </wordcount>
    <wordcount weight="1" > uniform </wordcount>
    <wordcount weight="1" > complexes </wordcount>
    <wordcount weight="1" > uh </wordcount>
    <wordcount weight="1" > sl </wordcount>
    <wordcount weight="1" > ac </wordcount>
    <wordcount weight="1" > giving </wordcount>
    <wordcount weight="1" > williamson </wordcount>
    <wordcount weight="1" > die </wordcount>
    <wordcount weight="1" > subject </wordcount>
    <wordcount weight="1" > impose </wordcount>
    <wordcount weight="1" > rigid </wordcount>
    <wordcount weight="1" > measure </wordcount>
    <wordcount weight="1" > greeland </wordcount>
    <wordcount weight="1" > harvesting </wordcount>
    <wordcount weight="1" > contribute </wordcount>
    <wordcount weight="1" > botany </wordcount>
    <wordcount weight="1" > distinguishable </wordcount>
    <wordcount weight="1" > pol </wordcount>
    <wordcount weight="1" > tall </wordcount>
    <wordcount weight="1" > proceeds </wordcount>
    <wordcount weight="1" > susceptible </wordcount>
    <wordcount weight="1" > wild </wordcount>
    <wordcount weight="1" > chile </wordcount>
    <wordcount weight="1" > until </wordcount>
    <wordcount weight="1" > spring </wordcount>
    <wordcount weight="1" > recording </wordcount>
    <wordcount weight="1" > dactylis </wordcount>
    <wordcount weight="1" > initiated </wordcount>
    <wordcount weight="1" > proteins </wordcount>
    <wordcount weight="1" > similarity </wordcount>
    <wordcount weight="1" > numerous </wordcount>
    <wordcount weight="1" > exerted </wordcount>
    <wordcount weight="1" > grant </wordcount>
    <wordcount weight="1" > explanation </wordcount>
    <wordcount weight="1" > isles </wordcount>
    <wordcount weight="1" > parallels </wordcount>
    <wordcount weight="1" > contributed </wordcount>
    <wordcount weight="1" > approximately </wordcount>
    <wordcount weight="1" > integrated </wordcount>
    <wordcount weight="1" > enabling </wordcount>
    <wordcount weight="1" > usa </wordcount>
    <wordcount weight="1" > sur </wordcount>
    <wordcount weight="1" > ll </wordcount>
    <wordcount weight="1" > product </wordcount>
    <wordcount weight="1" > states </wordcount>
    <wordcount weight="1" > regular </wordcount>
    <wordcount weight="1" > cerastoides </wordcount>
    <wordcount weight="1" > anatomical </wordcount>
    <wordcount weight="1" > approach </wordcount>
    <wordcount weight="1" > programme </wordcount>
    <wordcount weight="1" > cr </wordcount>
    <wordcount weight="1" > phenotypes </wordcount>
    <wordcount weight="1" > bliss </wordcount>
    <wordcount weight="1" > association </wordcount>
    <wordcount weight="1" > increased </wordcount>
    <wordcount weight="1" > laminas </wordcount>
    <wordcount weight="1" > enclosed </wordcount>
    <wordcount weight="1" > vi </wordcount>
    <wordcount weight="1" > tified </wordcount>
    <wordcount weight="1" > ser </wordcount>
    <wordcount weight="1" > eurasiatic </wordcount>
    <wordcount weight="1" > themselves </wordcount>
    <wordcount weight="1" > denser </wordcount>
    <wordcount weight="1" > consisted </wordcount>
    <wordcount weight="1" > akad </wordcount>
    <wordcount weight="1" > early </wordcount>
    <wordcount weight="1" > propagules </wordcount>
    <wordcount weight="1" > immediately </wordcount>
    <wordcount weight="1" > counts </wordcount>
    <wordcount weight="1" > strong </wordcount>
    <wordcount weight="1" > comparable </wordcount>
    <wordcount weight="1" > recent </wordcount>
    <wordcount weight="1" > zones </wordcount>
    <wordcount weight="1" > thinz </wordcount>
    <wordcount weight="1" > glomerata </wordcount>
    <wordcount weight="1" > nsns </wordcount>
    <wordcount weight="1" > resembled </wordcount>
    <wordcount weight="1" > flammea </wordcount>
    <wordcount weight="1" > race </wordcount>
    <wordcount weight="1" > close </wordcount>
    <wordcount weight="1" > silene </wordcount>
    <wordcount weight="1" > row </wordcount>
    <wordcount weight="1" > continuously </wordcount>
</article>
