<?xml version="1.0" encoding="UTF-8"?>
<article id="10.2307/2433839" >
    <wordcount weight="264" > of </wordcount>
    <wordcount weight="188" > and </wordcount>
    <wordcount weight="160" > in </wordcount>
    <wordcount weight="102" > a </wordcount>
    <wordcount weight="100" > the </wordcount>
    <wordcount weight="66" > j </wordcount>
    <wordcount weight="42" > d </wordcount>
    <wordcount weight="39" > m </wordcount>
    <wordcount weight="39" > p </wordcount>
    <wordcount weight="38" > r </wordcount>
    <wordcount weight="36" > l </wordcount>
    <wordcount weight="31" > to </wordcount>
    <wordcount weight="30" > by </wordcount>
    <wordcount weight="30" > c </wordcount>
    <wordcount weight="26" > root </wordcount>
    <wordcount weight="25" > h </wordcount>
    <wordcount weight="22" > e </wordcount>
    <wordcount weight="22" > for </wordcount>
    <wordcount weight="22" > as </wordcount>
    <wordcount weight="21" > g </wordcount>
    <wordcount weight="20" > b </wordcount>
    <wordcount weight="18" > s </wordcount>
    <wordcount weight="18" > on </wordcount>
    <wordcount weight="17" > growth </wordcount>
    <wordcount weight="17" > t </wordcount>
    <wordcount weight="17" > plants </wordcount>
    <wordcount weight="17" > plant </wordcount>
    <wordcount weight="16" > studies </wordcount>
    <wordcount weight="16" > cuttings </wordcount>
    <wordcount weight="15" > k </wordcount>
    <wordcount weight="15" > from </wordcount>
    <wordcount weight="15" > i </wordcount>
    <wordcount weight="14" > tolerance </wordcount>
    <wordcount weight="13" > f </wordcount>
    <wordcount weight="13" > germination </wordcount>
    <wordcount weight="13" > variation </wordcount>
    <wordcount weight="13" > affecting </wordcount>
    <wordcount weight="13" > formation </wordcount>
    <wordcount weight="13" > development </wordcount>
    <wordcount weight="12" > affected </wordcount>
    <wordcount weight="11" > interglacial </wordcount>
    <wordcount weight="11" > articles </wordcount>
    <wordcount weight="11" > relation </wordcount>
    <wordcount weight="10" > at </wordcount>
    <wordcount weight="10" > population </wordcount>
    <wordcount weight="10" > during </wordcount>
    <wordcount weight="10" > effects </wordcount>
    <wordcount weight="10" > phaseolus </wordcount>
    <wordcount weight="10" > zinc </wordcount>
    <wordcount weight="9" > leaves </wordcount>
    <wordcount weight="9" > translocation </wordcount>
    <wordcount weight="9" > cell </wordcount>
    <wordcount weight="9" > new </wordcount>
    <wordcount weight="9" > seasonal </wordcount>
    <wordcount weight="9" > carbohydrate </wordcount>
    <wordcount weight="9" > va </wordcount>
    <wordcount weight="8" > flower </wordcount>
    <wordcount weight="8" > endophyte </wordcount>
    <wordcount weight="8" > barley </wordcount>
    <wordcount weight="8" > stem </wordcount>
    <wordcount weight="8" > senecio </wordcount>
    <wordcount weight="8" > culture </wordcount>
    <wordcount weight="8" > mycorrhizas </wordcount>
    <wordcount weight="8" > n </wordcount>
    <wordcount weight="8" > uptake </wordcount>
    <wordcount weight="8" > silene </wordcount>
    <wordcount weight="7" > wastes </wordcount>
    <wordcount weight="7" > colonizing </wordcount>
    <wordcount weight="7" > w </wordcount>
    <wordcount weight="7" > different </wordcount>
    <wordcount weight="7" > regeneration </wordcount>
    <wordcount weight="7" > camelina </wordcount>
    <wordcount weight="7" > metabolism </wordcount>
    <wordcount weight="7" > physiology </wordcount>
    <wordcount weight="7" > capacity </wordcount>
    <wordcount weight="7" > differentiation </wordcount>
    <wordcount weight="7" > aureus </wordcount>
    <wordcount weight="7" > soil </wordcount>
    <wordcount weight="6" > additivity </wordcount>
    <wordcount weight="6" > with </wordcount>
    <wordcount weight="6" > types </wordcount>
    <wordcount weight="6" > heavy </wordcount>
    <wordcount weight="6" > linum </wordcount>
    <wordcount weight="6" > wax </wordcount>
    <wordcount weight="6" > sativa </wordcount>
    <wordcount weight="6" > composition </wordcount>
    <wordcount weight="6" > plantago </wordcount>
    <wordcount weight="6" > maritima </wordcount>
    <wordcount weight="6" > toxic </wordcount>
    <wordcount weight="6" > induction </wordcount>
    <wordcount weight="6" > distribution </wordcount>
    <wordcount weight="6" > apple </wordcount>
    <wordcount weight="6" > original </wordcount>
    <wordcount weight="6" > activity </wordcount>
    <wordcount weight="6" > occurring </wordcount>
    <wordcount weight="6" > fungi </wordcount>
    <wordcount weight="6" > holcus </wordcount>
    <wordcount weight="6" > photosynthetic </wordcount>
    <wordcount weight="6" > sediment </wordcount>
    <wordcount weight="6" > characteristics </wordcount>
    <wordcount weight="6" > transfer </wordcount>
    <wordcount weight="6" > structure </wordcount>
    <wordcount weight="6" > species </wordcount>
    <wordcount weight="6" > suspension </wordcount>
    <wordcount weight="5" > performance </wordcount>
    <wordcount weight="5" > naturally </wordcount>
    <wordcount weight="5" > metalliferous </wordcount>
    <wordcount weight="5" > codium </wordcount>
    <wordcount weight="5" > simazine </wordcount>
    <wordcount weight="5" > changes </wordcount>
    <wordcount weight="5" > organic </wordcount>
    <wordcount weight="5" > phyllosphere </wordcount>
    <wordcount weight="5" > first </wordcount>
    <wordcount weight="5" > surface </wordcount>
    <wordcount weight="5" > lemna </wordcount>
    <wordcount weight="5" > seeds </wordcount>
    <wordcount weight="5" > british </wordcount>
    <wordcount weight="5" > glutinosa </wordcount>
    <wordcount weight="5" > mycorrhizal </wordcount>
    <wordcount weight="5" > yield </wordcount>
    <wordcount weight="5" > bacteria </wordcount>
    <wordcount weight="5" > protein </wordcount>
    <wordcount weight="5" > supply </wordcount>
    <wordcount weight="5" > content </wordcount>
    <wordcount weight="5" > isolated </wordcount>
    <wordcount weight="5" > preparation </wordcount>
    <wordcount weight="5" > salt </wordcount>
    <wordcount weight="5" > poa </wordcount>
    <wordcount weight="5" > carbon </wordcount>
    <wordcount weight="5" > young </wordcount>
    <wordcount weight="5" > v </wordcount>
    <wordcount weight="4" > benzyl </wordcount>
    <wordcount weight="4" > van </wordcount>
    <wordcount weight="4" > higher </wordcount>
    <wordcount weight="4" > abscisic </wordcount>
    <wordcount weight="4" > shoot </wordcount>
    <wordcount weight="4" > acid </wordcount>
    <wordcount weight="4" > fraction </wordcount>
    <wordcount weight="4" > populations </wordcount>
    <wordcount weight="4" > ecological </wordcount>
    <wordcount weight="4" > genecology </wordcount>
    <wordcount weight="4" > fruit </wordcount>
    <wordcount weight="4" > deposit </wordcount>
    <wordcount weight="4" > pisum </wordcount>
    <wordcount weight="4" > xerophyta </wordcount>
    <wordcount weight="4" > stereocaulon </wordcount>
    <wordcount weight="4" > maize </wordcount>
    <wordcount weight="4" > flowering </wordcount>
    <wordcount weight="4" > protandry </wordcount>
    <wordcount weight="4" > tissue </wordcount>
    <wordcount weight="4" > salinity </wordcount>
    <wordcount weight="4" > sativum </wordcount>
    <wordcount weight="4" > exudation </wordcount>
    <wordcount weight="4" > lawns </wordcount>
    <wordcount weight="4" > phosphorus </wordcount>
    <wordcount weight="4" > resistances </wordcount>
    <wordcount weight="4" > nitrogen </wordcount>
    <wordcount weight="4" > index </wordcount>
    <wordcount weight="4" > beet </wordcount>
    <wordcount weight="4" > vicia </wordcount>
    <wordcount weight="4" > granules </wordcount>
    <wordcount weight="4" > fragile </wordcount>
    <wordcount weight="4" > profile </wordcount>
    <wordcount weight="4" > two </wordcount>
    <wordcount weight="4" > pollen </wordcount>
    <wordcount weight="4" > nodules </wordcount>
    <wordcount weight="4" > calcium </wordcount>
    <wordcount weight="4" > polyphosphate </wordcount>
    <wordcount weight="4" > boron </wordcount>
    <wordcount weight="4" > spinach </wordcount>
    <wordcount weight="4" > opening </wordcount>
    <wordcount weight="4" > nutrients </wordcount>
    <wordcount weight="4" > lichen </wordcount>
    <wordcount weight="4" > adenine </wordcount>
    <wordcount weight="4" > coronopus </wordcount>
    <wordcount weight="4" > floral </wordcount>
    <wordcount weight="4" > rehydration </wordcount>
    <wordcount weight="4" > jacqueline </wordcount>
    <wordcount weight="4" > angustifolium </wordcount>
    <wordcount weight="4" > palaeobotany </wordcount>
    <wordcount weight="4" > system </wordcount>
    <wordcount weight="4" > lanatus </wordcount>
    <wordcount weight="4" > respiration </wordcount>
    <wordcount weight="4" > tip </wordcount>
    <wordcount weight="4" > sowing </wordcount>
    <wordcount weight="4" > fine </wordcount>
    <wordcount weight="4" > scandal </wordcount>
    <wordcount weight="4" > beds </wordcount>
    <wordcount weight="4" > diversity </wordcount>
    <wordcount weight="4" > records </wordcount>
    <wordcount weight="4" > bicarbonate </wordcount>
    <wordcount weight="4" > datura </wordcount>
    <wordcount weight="4" > hypogymnia </wordcount>
    <wordcount weight="4" > apex </wordcount>
    <wordcount weight="4" > viability </wordcount>
    <wordcount weight="4" > nitrogenase </wordcount>
    <wordcount weight="4" > rooting </wordcount>
    <wordcount weight="4" > festuca </wordcount>
    <wordcount weight="4" > inositol </wordcount>
    <wordcount weight="4" > nutrient </wordcount>
    <wordcount weight="4" > an </wordcount>
    <wordcount weight="4" > black </wordcount>
    <wordcount weight="4" > mining </wordcount>
    <wordcount weight="4" > usitatissimum </wordcount>
    <wordcount weight="4" > contrasting </wordcount>
    <wordcount weight="4" > seed </wordcount>
    <wordcount weight="4" > gibba </wordcount>
    <wordcount weight="4" > ipswichian </wordcount>
    <wordcount weight="4" > coal </wordcount>
    <wordcount weight="3" > xanthoria </wordcount>
    <wordcount weight="3" > mucoralean </wordcount>
    <wordcount weight="3" > nodosa </wordcount>
    <wordcount weight="3" > lawn </wordcount>
    <wordcount weight="3" > requirement </wordcount>
    <wordcount weight="3" > talbotia </wordcount>
    <wordcount weight="3" > ethanol </wordcount>
    <wordcount weight="3" > filtration </wordcount>
    <wordcount weight="3" > aonla </wordcount>
    <wordcount weight="3" > onion </wordcount>
    <wordcount weight="3" > palynological </wordcount>
    <wordcount weight="3" > susceptibility </wordcount>
    <wordcount weight="3" > fixation </wordcount>
    <wordcount weight="3" > seedlings </wordcount>
    <wordcount weight="3" > parenchyma </wordcount>
    <wordcount weight="3" > citrus </wordcount>
    <wordcount weight="3" > or </wordcount>
    <wordcount weight="3" > environment </wordcount>
    <wordcount weight="3" > vulgaris </wordcount>
    <wordcount weight="3" > assimilation </wordcount>
    <wordcount weight="3" > under </wordcount>
    <wordcount weight="3" > following </wordcount>
    <wordcount weight="3" > oats </wordcount>
    <wordcount weight="3" > test </wordcount>
    <wordcount weight="3" > nutritional </wordcount>
    <wordcount weight="3" > histochemistry </wordcount>
    <wordcount weight="3" > chloroplast </wordcount>
    <wordcount weight="3" > lead </wordcount>
    <wordcount weight="3" > physodes </wordcount>
    <wordcount weight="3" > set </wordcount>
    <wordcount weight="3" > ii </wordcount>
    <wordcount weight="3" > mycotypha </wordcount>
    <wordcount weight="3" > arum </wordcount>
    <wordcount weight="3" > vivipara </wordcount>
    <wordcount weight="3" > dependency </wordcount>
    <wordcount weight="3" > glutamine </wordcount>
    <wordcount weight="3" > evolutionary </wordcount>
    <wordcount weight="3" > gel </wordcount>
    <wordcount weight="3" > cymodocea </wordcount>
    <wordcount weight="3" > hybrid </wordcount>
    <wordcount weight="3" > synthetase </wordcount>
    <wordcount weight="3" > villosa </wordcount>
    <wordcount weight="3" > gibberellins </wordcount>
    <wordcount weight="3" > adaxial </wordcount>
    <wordcount weight="3" > heterocysts </wordcount>
    <wordcount weight="3" > regulation </wordcount>
    <wordcount weight="3" > amylase </wordcount>
    <wordcount weight="3" > faba </wordcount>
    <wordcount weight="3" > clover </wordcount>
    <wordcount weight="3" > inorganic </wordcount>
    <wordcount weight="3" > surfaces </wordcount>
    <wordcount weight="3" > requirements </wordcount>
    <wordcount weight="3" > compartmentation </wordcount>
    <wordcount weight="3" > weeds </wordcount>
    <wordcount weight="3" > vegetation </wordcount>
    <wordcount weight="3" > density </wordcount>
    <wordcount weight="3" > subterranean </wordcount>
    <wordcount weight="3" > diatom </wordcount>
    <wordcount weight="3" > plantlets </wordcount>
    <wordcount weight="3" > investigation </wordcount>
    <wordcount weight="3" > etiolation </wordcount>
    <wordcount weight="3" > heterocyst </wordcount>
    <wordcount weight="3" > inus </wordcount>
    <wordcount weight="3" > spadix </wordcount>
    <wordcount weight="3" > adaptation </wordcount>
    <wordcount weight="3" > decapitation </wordcount>
    <wordcount weight="3" > randolph </wordcount>
    <wordcount weight="3" > aspects </wordcount>
    <wordcount weight="3" > cadmium </wordcount>
    <wordcount weight="3" > turf </wordcount>
    <wordcount weight="3" > reorganization </wordcount>
    <wordcount weight="3" > closed </wordcount>
    <wordcount weight="3" > oleracea </wordcount>
    <wordcount weight="3" > nostochopsis </wordcount>
    <wordcount weight="3" > john </wordcount>
    <wordcount weight="3" > transport </wordcount>
    <wordcount weight="3" > deposits </wordcount>
    <wordcount weight="3" > chloroplasts </wordcount>
    <wordcount weight="3" > its </wordcount>
    <wordcount weight="3" > ficus </wordcount>
    <wordcount weight="3" > celery </wordcount>
    <wordcount weight="3" > jojoba </wordcount>
    <wordcount weight="3" > chamaenerion </wordcount>
    <wordcount weight="3" > inhibition </wordcount>
    <wordcount weight="3" > auxin </wordcount>
    <wordcount weight="3" > spore </wordcount>
    <wordcount weight="3" > temperature </wordcount>
    <wordcount weight="3" > larch </wordcount>
    <wordcount weight="3" > groundsel </wordcount>
    <wordcount weight="3" > green </wordcount>
    <wordcount weight="3" > polarity </wordcount>
    <wordcount weight="3" > allium </wordcount>
    <wordcount weight="3" > palaeobotanical </wordcount>
    <wordcount weight="3" > piptocephalis </wordcount>
    <wordcount weight="3" > puccinia </wordcount>
    <wordcount weight="3" > hydra </wordcount>
    <wordcount weight="3" > study </wordcount>
    <wordcount weight="3" > zea </wordcount>
    <wordcount weight="3" > annua </wordcount>
    <wordcount weight="3" > gene </wordcount>
    <wordcount weight="3" > kernels </wordcount>
    <wordcount weight="3" > cytology </wordcount>
    <wordcount weight="3" > effect </wordcount>
    <wordcount weight="3" > orchid </wordcount>
    <wordcount weight="3" > enzymes </wordcount>
    <wordcount weight="3" > ricinus </wordcount>
    <wordcount weight="3" > regimes </wordcount>
    <wordcount weight="3" > influence </wordcount>
    <wordcount weight="3" > meristematic </wordcount>
    <wordcount weight="2" > nectaries </wordcount>
    <wordcount weight="2" > roadside </wordcount>
    <wordcount weight="2" > page </wordcount>
    <wordcount weight="2" > raja </wordcount>
    <wordcount weight="2" > scientific </wordcount>
    <wordcount weight="2" > partition </wordcount>
    <wordcount weight="2" > symbiont </wordcount>
    <wordcount weight="2" > taxonomy </wordcount>
    <wordcount weight="2" > comparative </wordcount>
    <wordcount weight="2" > techniques </wordcount>
    <wordcount weight="2" > cells </wordcount>
    <wordcount weight="2" > proton </wordcount>
    <wordcount weight="2" > vol </wordcount>
    <wordcount weight="2" > interactions </wordcount>
    <wordcount weight="2" > transformation </wordcount>
    <wordcount weight="2" > wind </wordcount>
    <wordcount weight="2" > selection </wordcount>
    <wordcount weight="2" > carboxylase </wordcount>
    <wordcount weight="2" > structural </wordcount>
    <wordcount weight="2" > columns </wordcount>
    <wordcount weight="2" > factors </wordcount>
    <wordcount weight="2" > oxford </wordcount>
    <wordcount weight="2" > fibres </wordcount>
    <wordcount weight="2" > coordination </wordcount>
    <wordcount weight="2" > reference </wordcount>
    <wordcount weight="2" > regulators </wordcount>
    <wordcount weight="2" > biology </wordcount>
    <wordcount weight="2" > cycles </wordcount>
    <wordcount weight="2" > cultivars </wordcount>
    <wordcount weight="2" > carica </wordcount>
    <wordcount weight="2" > slate </wordcount>
    <wordcount weight="2" > observations </wordcount>
    <wordcount weight="2" > endomycorrhizas </wordcount>
    <wordcount weight="2" > chlorella </wordcount>
    <wordcount weight="2" > areas </wordcount>
    <wordcount weight="2" > avena </wordcount>
    <wordcount weight="2" > pollination </wordcount>
    <wordcount weight="2" > lyndsey </wordcount>
    <wordcount weight="2" > alnus </wordcount>
    <wordcount weight="2" > blackwell </wordcount>
    <wordcount weight="2" > numerical </wordcount>
    <wordcount weight="2" > trichosomes </wordcount>
    <wordcount weight="2" > colonization </wordcount>
    <wordcount weight="2" > rock </wordcount>
    <wordcount weight="2" > calluna </wordcount>
    <wordcount weight="2" > england </wordcount>
    <wordcount weight="2" > water </wordcount>
    <wordcount weight="2" > viridis </wordcount>
    <wordcount weight="2" > allan </wordcount>
    <wordcount weight="2" > shade </wordcount>
    <wordcount weight="2" > occurrence </wordcount>
    <wordcount weight="2" > genus </wordcount>
    <wordcount weight="2" > stramonium </wordcount>
    <wordcount weight="2" > roxb </wordcount>
    <wordcount weight="2" > fimbriata </wordcount>
    <wordcount weight="2" > vessels </wordcount>
    <wordcount weight="2" > lichens </wordcount>
    <wordcount weight="2" > extrafloral </wordcount>
    <wordcount weight="2" > rubp </wordcount>
    <wordcount weight="2" > zealand </wordcount>
    <wordcount weight="2" > communis </wordcount>
    <wordcount weight="2" > infected </wordcount>
    <wordcount weight="2" > subgenus </wordcount>
    <wordcount weight="2" > robert </wordcount>
    <wordcount weight="2" > wales </wordcount>
    <wordcount weight="2" > helical </wordcount>
    <wordcount weight="2" > mannose </wordcount>
    <wordcount weight="2" > vill </wordcount>
    <wordcount weight="2" > michael </wordcount>
    <wordcount weight="2" > particular </wordcount>
    <wordcount weight="2" > publications </wordcount>
    <wordcount weight="2" > levels </wordcount>
    <wordcount weight="2" > metals </wordcount>
    <wordcount weight="2" > zn </wordcount>
    <wordcount weight="2" > mitochondria </wordcount>
    <wordcount weight="2" > mass </wordcount>
    <wordcount weight="2" > triticum </wordcount>
    <wordcount weight="2" > em </wordcount>
    <wordcount weight="2" > symbiosis </wordcount>
    <wordcount weight="2" > soils </wordcount>
    <wordcount weight="2" > paschale </wordcount>
    <wordcount weight="2" > hydraulic </wordcount>
    <wordcount weight="2" > mays </wordcount>
    <wordcount weight="2" > tilia </wordcount>
    <wordcount weight="2" > four </wordcount>
    <wordcount weight="2" > beck </wordcount>
    <wordcount weight="2" > parietina </wordcount>
    <wordcount weight="2" > calothrix </wordcount>
    <wordcount weight="2" > molium </wordcount>
    <wordcount weight="2" > samples </wordcount>
    <wordcount weight="2" > fructans </wordcount>
    <wordcount weight="2" > mosaic </wordcount>
    <wordcount weight="2" > controlling </wordcount>
    <wordcount weight="2" > eukaryotes </wordcount>
    <wordcount weight="2" > onions </wordcount>
    <wordcount weight="2" > karen </wordcount>
    <wordcount weight="2" > metal </wordcount>
    <wordcount weight="2" > lnus </wordcount>
    <wordcount weight="2" > structures </wordcount>
    <wordcount weight="2" > woods </wordcount>
    <wordcount weight="2" > thickenings </wordcount>
    <wordcount weight="2" > melynllyn </wordcount>
    <wordcount weight="2" > low </wordcount>
    <wordcount weight="2" > wilting </wordcount>
    <wordcount weight="2" > de </wordcount>
    <wordcount weight="2" > microspora </wordcount>
    <wordcount weight="2" > ethylene </wordcount>
    <wordcount weight="2" > lactuca </wordcount>
    <wordcount weight="2" > disruptive </wordcount>
    <wordcount weight="2" > leaf </wordcount>
    <wordcount weight="2" > solutes </wordcount>
    <wordcount weight="2" > anatomical </wordcount>
    <wordcount weight="2" > bowling </wordcount>
    <wordcount weight="2" > plotter </wordcount>
    <wordcount weight="2" > biosynthesis </wordcount>
    <wordcount weight="2" > cellular </wordcount>
    <wordcount weight="2" > coefficient </wordcount>
    <wordcount weight="2" > albugo </wordcount>
    <wordcount weight="2" > sugworth </wordcount>
    <wordcount weight="2" > ann </wordcount>
    <wordcount weight="2" > endophytes </wordcount>
    <wordcount weight="2" > temperatures </wordcount>
    <wordcount weight="2" > when </wordcount>
    <wordcount weight="2" > within </wordcount>
    <wordcount weight="2" > st </wordcount>
    <wordcount weight="2" > alga </wordcount>
    <wordcount weight="2" > using </wordcount>
    <wordcount weight="2" > general </wordcount>
    <wordcount weight="2" > la </wordcount>
    <wordcount weight="2" > brassica </wordcount>
    <wordcount weight="1" > dispersing </wordcount>
    <wordcount weight="1" > illawarra </wordcount>
    <wordcount weight="1" > landtus </wordcount>
    <wordcount weight="1" > mycoparasites </wordcount>
    <wordcount weight="1" > kant </wordcount>
    <wordcount weight="1" > relationship </wordcount>
    <wordcount weight="1" > habitats </wordcount>
    <wordcount weight="1" > incubated </wordcount>
    <wordcount weight="1" > south </wordcount>
    <wordcount weight="1" > limits </wordcount>
    <wordcount weight="1" > detected </wordcount>
    <wordcount weight="1" > common </wordcount>
    <wordcount weight="1" > his </wordcount>
    <wordcount weight="1" > kenneth </wordcount>
    <wordcount weight="1" > action </wordcount>
    <wordcount weight="1" > melbourne </wordcount>
    <wordcount weight="1" > roderic </wordcount>
    <wordcount weight="1" > solute </wordcount>
    <wordcount weight="1" > cepa </wordcount>
    <wordcount weight="1" > sulphur </wordcount>
    <wordcount weight="1" > officinalis </wordcount>
    <wordcount weight="1" > vernalization </wordcount>
    <wordcount weight="1" > introduction </wordcount>
    <wordcount weight="1" > chromatin </wordcount>
    <wordcount weight="1" > persistent </wordcount>
    <wordcount weight="1" > pools </wordcount>
    <wordcount weight="1" > spinacea </wordcount>
    <wordcount weight="1" > lbugo </wordcount>
    <wordcount weight="1" > cordata </wordcount>
    <wordcount weight="1" > screening </wordcount>
    <wordcount weight="1" > ix </wordcount>
    <wordcount weight="1" > life </wordcount>
    <wordcount weight="1" > pages </wordcount>
    <wordcount weight="1" > britain </wordcount>
    <wordcount weight="1" > biological </wordcount>
    <wordcount weight="1" > elegans </wordcount>
    <wordcount weight="1" > ulex </wordcount>
    <wordcount weight="1" > hull </wordcount>
    <wordcount weight="1" > fenner </wordcount>
    <wordcount weight="1" > stratified </wordcount>
    <wordcount weight="1" > edited </wordcount>
    <wordcount weight="1" > lettuce </wordcount>
    <wordcount weight="1" > lesley </wordcount>
    <wordcount weight="1" > starch </wordcount>
    <wordcount weight="1" > solutions </wordcount>
    <wordcount weight="1" > inducing </wordcount>
    <wordcount weight="1" > elina </wordcount>
    <wordcount weight="1" > epilobium </wordcount>
    <wordcount weight="1" > cam </wordcount>
    <wordcount weight="1" > orchideen </wordcount>
    <wordcount weight="1" > osney </wordcount>
    <wordcount weight="1" > stephen </wordcount>
    <wordcount weight="1" > classification </wordcount>
    <wordcount weight="1" > desiccated </wordcount>
    <wordcount weight="1" > sant </wordcount>
    <wordcount weight="1" > into </wordcount>
    <wordcount weight="1" > pliytologjst </wordcount>
    <wordcount weight="1" > magnitude </wordcount>
    <wordcount weight="1" > elisabeth </wordcount>
    <wordcount weight="1" > squalidus </wordcount>
    <wordcount weight="1" > allocation </wordcount>
    <wordcount weight="1" > induced </wordcount>
    <wordcount weight="1" > rosemary </wordcount>
    <wordcount weight="1" > nw </wordcount>
    <wordcount weight="1" > kerstin </wordcount>
    <wordcount weight="1" > nickel </wordcount>
    <wordcount weight="1" > experiment </wordcount>
    <wordcount weight="1" > reviewed </wordcount>
    <wordcount weight="1" > mixtures </wordcount>
    <wordcount weight="1" > appraisal </wordcount>
    <wordcount weight="1" > xi </wordcount>
    <wordcount weight="1" > founded </wordcount>
    <wordcount weight="1" > substrate </wordcount>
    <wordcount weight="1" > metabolic </wordcount>
    <wordcount weight="1" > embryos </wordcount>
    <wordcount weight="1" > emblica </wordcount>
    <wordcount weight="1" > subsp </wordcount>
    <wordcount weight="1" > kay </wordcount>
    <wordcount weight="1" > relevance </wordcount>
    <wordcount weight="1" > volume </wordcount>
    <wordcount weight="1" > plates </wordcount>
    <wordcount weight="1" > biochemistry </wordcount>
    <wordcount weight="1" > north </wordcount>
    <wordcount weight="1" > pea </wordcount>
    <wordcount weight="1" > lewis </wordcount>
    <wordcount weight="1" > hydro </wordcount>
    <wordcount weight="1" > lobatus </wordcount>
    <wordcount weight="1" > biotechnological </wordcount>
    <wordcount weight="1" > meristem </wordcount>
    <wordcount weight="1" > lipid </wordcount>
    <wordcount weight="1" > evidence </wordcount>
    <wordcount weight="1" > ni </wordcount>
    <wordcount weight="1" > fig </wordcount>
    <wordcount weight="1" > natural </wordcount>
    <wordcount weight="1" > meaistematic </wordcount>
    <wordcount weight="1" > smith </wordcount>
    <wordcount weight="1" > novel </wordcount>
    <wordcount weight="1" > location </wordcount>
    <wordcount weight="1" > phytologistthe </wordcount>
    <wordcount weight="1" > formulation </wordcount>
    <wordcount weight="1" > initiation </wordcount>
    <wordcount weight="1" > printed </wordcount>
    <wordcount weight="1" > genecological </wordcount>
    <wordcount weight="1" > great </wordcount>
    <wordcount weight="1" > conditions </wordcount>
    <wordcount weight="1" > trichomes </wordcount>
    <wordcount weight="1" > dennis </wordcount>
    <wordcount weight="1" > region </wordcount>
    <wordcount weight="1" > europaeus </wordcount>
    <wordcount weight="1" > incorporation </wordcount>
    <wordcount weight="1" > ilium </wordcount>
    <wordcount weight="1" > rudolf </wordcount>
    <wordcount weight="1" > plan </wordcount>
    <wordcount weight="1" > arthur </wordcount>
    <wordcount weight="1" > cultivation </wordcount>
    <wordcount weight="1" > products </wordcount>
    <wordcount weight="1" > scop </wordcount>
    <wordcount weight="1" > alina </wordcount>
    <wordcount weight="1" > man </wordcount>
    <wordcount weight="1" > picrate </wordcount>
    <wordcount weight="1" > alden </wordcount>
    <wordcount weight="1" > tragopogonisinfected </wordcount>
    <wordcount weight="1" > richardson </wordcount>
    <wordcount weight="1" > gibberrellins </wordcount>
    <wordcount weight="1" > lipids </wordcount>
    <wordcount weight="1" > cymodon </wordcount>
    <wordcount weight="1" > further </wordcount>
    <wordcount weight="1" > burnett </wordcount>
    <wordcount weight="1" > investigations </wordcount>
    <wordcount weight="1" > cultural </wordcount>
    <wordcount weight="1" > stramoniumr </wordcount>
    <wordcount weight="1" > hypogym </wordcount>
    <wordcount weight="1" > jennings </wordcount>
    <wordcount weight="1" > bituminous </wordcount>
    <wordcount weight="1" > surveillance </wordcount>
    <wordcount weight="1" > therapeutical </wordcount>
    <wordcount weight="1" > experimental </wordcount>
    <wordcount weight="1" > seaweeds </wordcount>
    <wordcount weight="1" > viscosus </wordcount>
    <wordcount weight="1" > edinburgh </wordcount>
    <wordcount weight="1" > hormone </wordcount>
    <wordcount weight="1" > microscopy </wordcount>
    <wordcount weight="1" > aliza </wordcount>
    <wordcount weight="1" > books </wordcount>
    <wordcount weight="1" > alilium </wordcount>
    <wordcount weight="1" > method </wordcount>
    <wordcount weight="1" > felation </wordcount>
    <wordcount weight="1" > edward </wordcount>
    <wordcount weight="1" > polymers </wordcount>
    <wordcount weight="1" > vitro </wordcount>
    <wordcount weight="1" > wood </wordcount>
    <wordcount weight="1" > leadbeater </wordcount>
    <wordcount weight="1" > iv </wordcount>
    <wordcount weight="1" > interpreting </wordcount>
    <wordcount weight="1" > dormant </wordcount>
    <wordcount weight="1" > sir </wordcount>
    <wordcount weight="1" > some </wordcount>
    <wordcount weight="1" > possible </wordcount>
    <wordcount weight="1" > duckweed </wordcount>
    <wordcount weight="1" > gorse </wordcount>
    <wordcount weight="1" > revealed </wordcount>
    <wordcount weight="1" > xiii </wordcount>
    <wordcount weight="1" > categories </wordcount>
    <wordcount weight="1" > harley </wordcount>
    <wordcount weight="1" > photosynthesis </wordcount>
    <wordcount weight="1" > richard </wordcount>
    <wordcount weight="1" > upon </wordcount>
    <wordcount weight="1" > west </wordcount>
    <wordcount weight="1" > ill </wordcount>
    <wordcount weight="1" > inoriginal </wordcount>
    <wordcount weight="1" > london </wordcount>
    <wordcount weight="1" > introduced </wordcount>
    <wordcount weight="1" > reduction </wordcount>
    <wordcount weight="1" > related </wordcount>
    <wordcount weight="1" > indigenous </wordcount>
    <wordcount weight="1" > die </wordcount>
    <wordcount weight="1" > elizabeth </wordcount>
    <wordcount weight="1" > woodland </wordcount>
    <wordcount weight="1" > whole </wordcount>
    <wordcount weight="1" > factorial </wordcount>
    <wordcount weight="1" > hybridization </wordcount>
    <wordcount weight="1" > sequence </wordcount>
    <wordcount weight="1" > briggs </wordcount>
    <wordcount weight="1" > serriola </wordcount>
    <wordcount weight="1" > evolution </wordcount>
    <wordcount weight="1" > micromethod </wordcount>
    <wordcount weight="1" > kamla </wordcount>
    <wordcount weight="1" > electron </wordcount>
    <wordcount weight="1" > wild </wordcount>
    <wordcount weight="1" > vii </wordcount>
    <wordcount weight="1" > berkshire </wordcount>
    <wordcount weight="1" > xv </wordcount>
    <wordcount weight="1" > intermediates </wordcount>
    <wordcount weight="1" > serricola </wordcount>
    <wordcount weight="1" > three </wordcount>
    <wordcount weight="1" > numerous </wordcount>
    <wordcount weight="1" > authors </wordcount>
    <wordcount weight="1" > movement </wordcount>
    <wordcount weight="1" > amounts </wordcount>
    <wordcount weight="1" > solution </wordcount>
    <wordcount weight="1" > isles </wordcount>
    <wordcount weight="1" > reviewers </wordcount>
    <wordcount weight="1" > isolating </wordcount>
    <wordcount weight="1" > spinacia </wordcount>
    <wordcount weight="1" > field </wordcount>
    <wordcount weight="1" > range </wordcount>
    <wordcount weight="1" > infecting </wordcount>
    <wordcount weight="1" > crantz </wordcount>
    <wordcount weight="1" > mountain </wordcount>
    <wordcount weight="1" > gaertn </wordcount>
    <wordcount weight="1" > tarn </wordcount>
    <wordcount weight="1" > nucleosomes </wordcount>
    <wordcount weight="1" > several </wordcount>
    <wordcount weight="1" > flora </wordcount>
    <wordcount weight="1" > problems </wordcount>
    <wordcount weight="1" > subjects </wordcount>
    <wordcount weight="1" > between </wordcount>
    <wordcount weight="1" > response </wordcount>
    <wordcount weight="1" > leyton </wordcount>
    <wordcount weight="1" > sm </wordcount>
    <wordcount weight="1" > combination </wordcount>
    <wordcount weight="1" > xvi </wordcount>
    <wordcount weight="1" > text </wordcount>
    <wordcount weight="1" > ultrastructure </wordcount>
    <wordcount weight="1" > james </wordcount>
    <wordcount weight="1" > scott </wordcount>
    <wordcount weight="1" > syrett </wordcount>
    <wordcount weight="1" > application </wordcount>
    <wordcount weight="1" > northern </wordcount>
    <wordcount weight="1" > figures </wordcount>
    <wordcount weight="1" > tago </wordcount>
    <wordcount weight="1" > nia </wordcount>
    <wordcount weight="1" > cycle </wordcount>
    <wordcount weight="1" > tansley </wordcount>
    <wordcount weight="1" > encyclopedia </wordcount>
    <wordcount weight="1" > dessicated </wordcount>
    <wordcount weight="1" > geographical </wordcount>
    <wordcount weight="1" > ringbarking </wordcount>
    <wordcount weight="1" > symbiotic </wordcount>
    <wordcount weight="1" > dehydrated </wordcount>
</article>
