<?xml version="1.0" encoding="UTF-8"?>
<article id="10.2307/2406802" >
    <wordcount weight="261" > the </wordcount>
    <wordcount weight="257" > of </wordcount>
    <wordcount weight="196" > and </wordcount>
    <wordcount weight="153" > in </wordcount>
    <wordcount weight="100" > populations </wordcount>
    <wordcount weight="94" > to </wordcount>
    <wordcount weight="88" > on </wordcount>
    <wordcount weight="81" > soil </wordcount>
    <wordcount weight="78" > a </wordcount>
    <wordcount weight="57" > from </wordcount>
    <wordcount weight="56" > grass </wordcount>
    <wordcount weight="53" > park </wordcount>
    <wordcount weight="51" > population </wordcount>
    <wordcount weight="50" > was </wordcount>
    <wordcount weight="43" > plots </wordcount>
    <wordcount weight="42" > were </wordcount>
    <wordcount weight="41" > natural </wordcount>
    <wordcount weight="39" > response </wordcount>
    <wordcount weight="38" > is </wordcount>
    <wordcount weight="36" > acid </wordcount>
    <wordcount weight="35" > calcareous </wordcount>
    <wordcount weight="35" > between </wordcount>
    <wordcount weight="34" > soils </wordcount>
    <wordcount weight="32" > contrasting </wordcount>
    <wordcount weight="26" > than </wordcount>
    <wordcount weight="25" > for </wordcount>
    <wordcount weight="24" > that </wordcount>
    <wordcount weight="24" > ph </wordcount>
    <wordcount weight="24" > differentiation </wordcount>
    <wordcount weight="23" > as </wordcount>
    <wordcount weight="22" > each </wordcount>
    <wordcount weight="22" > j </wordcount>
    <wordcount weight="21" > within </wordcount>
    <wordcount weight="21" > plant </wordcount>
    <wordcount weight="20" > r </wordcount>
    <wordcount weight="19" > at </wordcount>
    <wordcount weight="19" > with </wordcount>
    <wordcount weight="19" > experiment </wordcount>
    <wordcount weight="19" > less </wordcount>
    <wordcount weight="19" > mosaic </wordcount>
    <wordcount weight="18" > environmental </wordcount>
    <wordcount weight="18" > differences </wordcount>
    <wordcount weight="18" > evolution </wordcount>
    <wordcount weight="18" > g </wordcount>
    <wordcount weight="18" > limed </wordcount>
    <wordcount weight="17" > are </wordcount>
    <wordcount weight="17" > by </wordcount>
    <wordcount weight="17" > plants </wordcount>
    <wordcount weight="17" > genetic </wordcount>
    <wordcount weight="17" > have </wordcount>
    <wordcount weight="17" > seed </wordcount>
    <wordcount weight="17" > unlimed </wordcount>
    <wordcount weight="16" > been </wordcount>
    <wordcount weight="16" > but </wordcount>
    <wordcount weight="16" > odoratum </wordcount>
    <wordcount weight="15" > their </wordcount>
    <wordcount weight="15" > m </wordcount>
    <wordcount weight="15" > has </wordcount>
    <wordcount weight="15" > this </wordcount>
    <wordcount weight="15" > variance </wordcount>
    <wordcount weight="14" > w </wordcount>
    <wordcount weight="13" > collected </wordcount>
    <wordcount weight="13" > l </wordcount>
    <wordcount weight="13" > environment </wordcount>
    <wordcount weight="13" > also </wordcount>
    <wordcount weight="13" > over </wordcount>
    <wordcount weight="13" > i </wordcount>
    <wordcount weight="13" > both </wordcount>
    <wordcount weight="12" > therefore </wordcount>
    <wordcount weight="12" > selection </wordcount>
    <wordcount weight="12" > source </wordcount>
    <wordcount weight="12" > plot </wordcount>
    <wordcount weight="12" > variation </wordcount>
    <wordcount weight="12" > there </wordcount>
    <wordcount weight="12" > yield </wordcount>
    <wordcount weight="12" > which </wordcount>
    <wordcount weight="12" > d </wordcount>
    <wordcount weight="11" > mean </wordcount>
    <wordcount weight="11" > these </wordcount>
    <wordcount weight="11" > t </wordcount>
    <wordcount weight="11" > coefficient </wordcount>
    <wordcount weight="10" > no </wordcount>
    <wordcount weight="10" > it </wordcount>
    <wordcount weight="10" > similar </wordcount>
    <wordcount weight="10" > first </wordcount>
    <wordcount weight="10" > species </wordcount>
    <wordcount weight="10" > an </wordcount>
    <wordcount weight="10" > anthoxanthum </wordcount>
    <wordcount weight="9" > snaydon </wordcount>
    <wordcount weight="9" > factors </wordcount>
    <wordcount weight="9" > changes </wordcount>
    <wordcount weight="9" > harvest </wordcount>
    <wordcount weight="9" > native </wordcount>
    <wordcount weight="9" > tiller </wordcount>
    <wordcount weight="9" > years </wordcount>
    <wordcount weight="9" > grown </wordcount>
    <wordcount weight="9" > after </wordcount>
    <wordcount weight="9" > c </wordcount>
    <wordcount weight="8" > o </wordcount>
    <wordcount weight="8" > four </wordcount>
    <wordcount weight="8" > genotypes </wordcount>
    <wordcount weight="8" > more </wordcount>
    <wordcount weight="8" > greater </wordcount>
    <wordcount weight="8" > p </wordcount>
    <wordcount weight="8" > treatments </wordcount>
    <wordcount weight="8" > very </wordcount>
    <wordcount weight="8" > data </wordcount>
    <wordcount weight="8" > variability </wordcount>
    <wordcount weight="8" > correlation </wordcount>
    <wordcount weight="8" > those </wordcount>
    <wordcount weight="7" > may </wordcount>
    <wordcount weight="7" > z </wordcount>
    <wordcount weight="7" > or </wordcount>
    <wordcount weight="7" > two </wordcount>
    <wordcount weight="7" > all </wordcount>
    <wordcount weight="7" > had </wordcount>
    <wordcount weight="7" > experiments </wordcount>
    <wordcount weight="7" > s </wordcount>
    <wordcount weight="7" > material </wordcount>
    <wordcount weight="7" > original </wordcount>
    <wordcount weight="7" > heredity </wordcount>
    <wordcount weight="7" > difference </wordcount>
    <wordcount weight="7" > since </wordcount>
    <wordcount weight="7" > distances </wordcount>
    <wordcount weight="7" > fig </wordcount>
    <wordcount weight="7" > be </wordcount>
    <wordcount weight="7" > characters </wordcount>
    <wordcount weight="7" > results </wordcount>
    <wordcount weight="7" > occur </wordcount>
    <wordcount weight="6" > year </wordcount>
    <wordcount weight="6" > table </wordcount>
    <wordcount weight="6" > flow </wordcount>
    <wordcount weight="6" > environments </wordcount>
    <wordcount weight="6" > b </wordcount>
    <wordcount weight="6" > not </wordcount>
    <wordcount weight="6" > h </wordcount>
    <wordcount weight="6" > months </wordcount>
    <wordcount weight="6" > coefficients </wordcount>
    <wordcount weight="6" > herbage </wordcount>
    <wordcount weight="6" > most </wordcount>
    <wordcount weight="6" > n </wordcount>
    <wordcount weight="6" > only </wordcount>
    <wordcount weight="6" > ii </wordcount>
    <wordcount weight="6" > closely </wordcount>
    <wordcount weight="6" > fertilizer </wordcount>
    <wordcount weight="6" > rothamsted </wordcount>
    <wordcount weight="6" > time </wordcount>
    <wordcount weight="6" > amer </wordcount>
    <wordcount weight="6" > number </wordcount>
    <wordcount weight="6" > well </wordcount>
    <wordcount weight="6" > x </wordcount>
    <wordcount weight="6" > its </wordcount>
    <wordcount weight="6" > significant </wordcount>
    <wordcount weight="6" > liming </wordcount>
    <wordcount weight="6" > individual </wordcount>
    <wordcount weight="6" > effects </wordcount>
    <wordcount weight="6" > six </wordcount>
    <wordcount weight="6" > gene </wordcount>
    <wordcount weight="6" > yielded </wordcount>
    <wordcount weight="5" > natur </wordcount>
    <wordcount weight="5" > ecol </wordcount>
    <wordcount weight="5" > e </wordcount>
    <wordcount weight="5" > studies </wordcount>
    <wordcount weight="5" > k </wordcount>
    <wordcount weight="5" > whole </wordcount>
    <wordcount weight="5" > measured </wordcount>
    <wordcount weight="5" > variable </wordcount>
    <wordcount weight="5" > harvests </wordcount>
    <wordcount weight="5" > series </wordcount>
    <wordcount weight="5" > various </wordcount>
    <wordcount weight="5" > wide </wordcount>
    <wordcount weight="5" > u </wordcount>
    <wordcount weight="5" > adjacent </wordcount>
    <wordcount weight="5" > harvested </wordcount>
    <wordcount weight="5" > upon </wordcount>
    <wordcount weight="5" > significantly </wordcount>
    <wordcount weight="5" > sample </wordcount>
    <wordcount weight="5" > correlated </wordcount>
    <wordcount weight="5" > june </wordcount>
    <wordcount weight="5" > details </wordcount>
    <wordcount weight="5" > apparently </wordcount>
    <wordcount weight="5" > heterogeneous </wordcount>
    <wordcount weight="4" > space </wordcount>
    <wordcount weight="4" > chalk </wordcount>
    <wordcount weight="4" > extracted </wordcount>
    <wordcount weight="4" > phenotypic </wordcount>
    <wordcount weight="4" > repens </wordcount>
    <wordcount weight="4" > large </wordcount>
    <wordcount weight="4" > analysis </wordcount>
    <wordcount weight="4" > values </wordcount>
    <wordcount weight="4" > types </wordcount>
    <wordcount weight="4" > evolved </wordcount>
    <wordcount weight="4" > res </wordcount>
    <wordcount weight="4" > days </wordcount>
    <wordcount weight="4" > might </wordcount>
    <wordcount weight="4" > intraspecific </wordcount>
    <wordcount weight="4" > water </wordcount>
    <wordcount weight="4" > expressed </wordcount>
    <wordcount weight="4" > germination </wordcount>
    <wordcount weight="4" > found </wordcount>
    <wordcount weight="4" > type </wordcount>
    <wordcount weight="4" > where </wordcount>
    <wordcount weight="4" > agrostis </wordcount>
    <wordcount weight="4" > aston </wordcount>
    <wordcount weight="4" > experimental </wordcount>
    <wordcount weight="4" > variances </wordcount>
    <wordcount weight="4" > adaptation </wordcount>
    <wordcount weight="4" > bradshaw </wordcount>
    <wordcount weight="4" > mg </wordcount>
    <wordcount weight="4" > almost </wordcount>
    <wordcount weight="4" > second </wordcount>
    <wordcount weight="4" > differ </wordcount>
    <wordcount weight="4" > used </wordcount>
    <wordcount weight="4" > october </wordcount>
    <wordcount weight="4" > drosophila </wordcount>
    <wordcount weight="4" > et </wordcount>
    <wordcount weight="4" > due </wordcount>
    <wordcount weight="4" > tolerance </wordcount>
    <wordcount weight="4" > morphological </wordcount>
    <wordcount weight="4" > agric </wordcount>
    <wordcount weight="4" > heterogeneity </wordcount>
    <wordcount weight="4" > indicate </wordcount>
    <wordcount weight="4" > area </wordcount>
    <wordcount weight="4" > study </wordcount>
    <wordcount weight="4" > respectively </wordcount>
    <wordcount weight="4" > structure </wordcount>
    <wordcount weight="4" > probably </wordcount>
    <wordcount weight="4" > equivalent </wordcount>
    <wordcount weight="4" > among </wordcount>
    <wordcount weight="3" > related </wordcount>
    <wordcount weight="3" > habitats </wordcount>
    <wordcount weight="3" > change </wordcount>
    <wordcount weight="3" > later </wordcount>
    <wordcount weight="3" > performance </wordcount>
    <wordcount weight="3" > five </wordcount>
    <wordcount weight="3" > dry </wordcount>
    <wordcount weight="3" > limited </wordcount>
    <wordcount weight="3" > rapidly </wordcount>
    <wordcount weight="3" > stability </wordcount>
    <wordcount weight="3" > flowering </wordcount>
    <wordcount weight="3" > then </wordcount>
    <wordcount weight="3" > cultivars </wordcount>
    <wordcount weight="3" > frequently </wordcount>
    <wordcount weight="3" > until </wordcount>
    <wordcount weight="3" > seedlings </wordcount>
    <wordcount weight="3" > mineral </wordcount>
    <wordcount weight="3" > random </wordcount>
    <wordcount weight="3" > tirrold </wordcount>
    <wordcount weight="3" > rapid </wordcount>
    <wordcount weight="3" > based </wordcount>
    <wordcount weight="3" > other </wordcount>
    <wordcount weight="3" > half </wordcount>
    <wordcount weight="3" > ecotypes </wordcount>
    <wordcount weight="3" > nutrients </wordcount>
    <wordcount weight="3" > free </wordcount>
    <wordcount weight="3" > disruptive </wordcount>
    <wordcount weight="3" > equally </wordcount>
    <wordcount weight="3" > physiological </wordcount>
    <wordcount weight="3" > boxes </wordcount>
    <wordcount weight="3" > suspension </wordcount>
    <wordcount weight="3" > selected </wordcount>
    <wordcount weight="3" > scale </wordcount>
    <wordcount weight="3" > recorded </wordcount>
    <wordcount weight="3" > distribution </wordcount>
    <wordcount weight="3" > sites </wordcount>
    <wordcount weight="3" > some </wordcount>
    <wordcount weight="3" > basis </wordcount>
    <wordcount weight="3" > chlorosis </wordcount>
    <wordcount weight="3" > exp </wordcount>
    <wordcount weight="3" > subplots </wordcount>
    <wordcount weight="3" > three </wordcount>
    <wordcount weight="3" > heath </wordcount>
    <wordcount weight="3" > thus </wordcount>
    <wordcount weight="3" > heckfield </wordcount>
    <wordcount weight="3" > de </wordcount>
    <wordcount weight="3" > pt </wordcount>
    <wordcount weight="3" > calculated </wordcount>
    <wordcount weight="3" > genetically </wordcount>
    <wordcount weight="3" > against </wordcount>
    <wordcount weight="3" > weeks </wordcount>
    <wordcount weight="3" > grew </wordcount>
    <wordcount weight="3" > whilst </wordcount>
    <wordcount weight="3" > approximately </wordcount>
    <wordcount weight="3" > presented </wordcount>
    <wordcount weight="3" > august </wordcount>
    <wordcount weight="3" > extremely </wordcount>
    <wordcount weight="3" > small </wordcount>
    <wordcount weight="3" > fitness </wordcount>
    <wordcount weight="3" > evolutionary </wordcount>
    <wordcount weight="3" > effect </wordcount>
    <wordcount weight="3" > kt </wordcount>
    <wordcount weight="3" > annual </wordcount>
    <wordcount weight="3" > weight </wordcount>
    <wordcount weight="3" > when </wordcount>
    <wordcount weight="3" > much </wordcount>
    <wordcount weight="3" > should </wordcount>
    <wordcount weight="3" > adaptive </wordcount>
    <wordcount weight="3" > standard </wordcount>
    <wordcount weight="2" > polymorphism </wordcount>
    <wordcount weight="2" > seems </wordcount>
    <wordcount weight="2" > f </wordcount>
    <wordcount weight="2" > likely </wordcount>
    <wordcount weight="2" > beech </wordcount>
    <wordcount weight="2" > if </wordcount>
    <wordcount weight="2" > rev </wordcount>
    <wordcount weight="2" > growth </wordcount>
    <wordcount weight="2" > divergence </wordcount>
    <wordcount weight="2" > short </wordcount>
    <wordcount weight="2" > square </wordcount>
    <wordcount weight="2" > insufficient </wordcount>
    <wordcount weight="2" > defined </wordcount>
    <wordcount weight="2" > collections </wordcount>
    <wordcount weight="2" > whether </wordcount>
    <wordcount weight="2" > derived </wordcount>
    <wordcount weight="2" > panicle </wordcount>
    <wordcount weight="2" > about </wordcount>
    <wordcount weight="2" > treatment </wordcount>
    <wordcount weight="2" > sown </wordcount>
    <wordcount weight="2" > susceptibility </wordcount>
    <wordcount weight="2" > stable </wordcount>
    <wordcount weight="2" > cwm </wordcount>
    <wordcount weight="2" > grazed </wordcount>
    <wordcount weight="2" > pasture </wordcount>
    <wordcount weight="2" > ms </wordcount>
    <wordcount weight="2" > heavy </wordcount>
    <wordcount weight="2" > induced </wordcount>
    <wordcount weight="2" > industrial </wordcount>
    <wordcount weight="2" > must </wordcount>
    <wordcount weight="2" > lower </wordcount>
    <wordcount weight="2" > log </wordcount>
    <wordcount weight="2" > either </wordcount>
    <wordcount weight="2" > swyncombe </wordcount>
    <wordcount weight="2" > isolation </wordcount>
    <wordcount weight="2" > specific </wordcount>
    <wordcount weight="2" > every </wordcount>
    <wordcount weight="2" > helianthus </wordcount>
    <wordcount weight="2" > into </wordcount>
    <wordcount weight="2" > coombe </wordcount>
    <wordcount weight="2" > daly </wordcount>
    <wordcount weight="2" > result </wordcount>
    <wordcount weight="2" > organic </wordcount>
    <wordcount weight="2" > trifolium </wordcount>
    <wordcount weight="2" > hybrid </wordcount>
    <wordcount weight="2" > great </wordcount>
    <wordcount weight="2" > adaptability </wordcount>
    <wordcount weight="2" > spaced </wordcount>
    <wordcount weight="2" > new </wordcount>
    <wordcount weight="2" > composition </wordcount>
    <wordcount weight="2" > edaphic </wordcount>
    <wordcount weight="2" > pattern </wordcount>
    <wordcount weight="2" > nutrient </wordcount>
    <wordcount weight="2" > ecotypic </wordcount>
    <wordcount weight="2" > hill </wordcount>
    <wordcount weight="2" > pewsey </wordcount>
    <wordcount weight="2" > v </wordcount>
    <wordcount weight="2" > regression </wordcount>
    <wordcount weight="2" > present </wordcount>
    <wordcount weight="2" > rep </wordcount>
    <wordcount weight="2" > acetic </wordcount>
    <wordcount weight="2" > though </wordcount>
    <wordcount weight="2" > physiol </wordcount>
    <wordcount weight="2" > na </wordcount>
    <wordcount weight="2" > seedling </wordcount>
    <wordcount weight="2" > investigation </wordcount>
    <wordcount weight="2" > spatial </wordcount>
    <wordcount weight="2" > ryegrass </wordcount>
    <wordcount weight="2" > recently </wordcount>
    <wordcount weight="2" > produced </wordcount>
    <wordcount weight="2" > contiguous </wordcount>
    <wordcount weight="2" > agricultural </wordcount>
    <wordcount weight="2" > theory </wordcount>
    <wordcount weight="2" > watlington </wordcount>
    <wordcount weight="2" > germinated </wordcount>
    <wordcount weight="2" > extent </wordcount>
    <wordcount weight="2" > distance </wordcount>
    <wordcount weight="2" > sowing </wordcount>
    <wordcount weight="2" > planted </wordcount>
    <wordcount weight="2" > acidophilous </wordcount>
    <wordcount weight="2" > early </wordcount>
    <wordcount weight="2" > animal </wordcount>
    <wordcount weight="2" > kg </wordcount>
    <wordcount weight="2" > greatest </wordcount>
    <wordcount weight="2" > nutrition </wordcount>
    <wordcount weight="2" > pers </wordcount>
    <wordcount weight="2" > matter </wordcount>
    <wordcount weight="2" > received </wordcount>
    <wordcount weight="2" > lolium </wordcount>
    <wordcount weight="2" > rapidity </wordcount>
    <wordcount weight="2" > apart </wordcount>
    <wordcount weight="2" > boam </wordcount>
    <wordcount weight="2" > except </wordcount>
    <wordcount weight="2" > part </wordcount>
    <wordcount weight="2" > samples </wordcount>
    <wordcount weight="2" > subject </wordcount>
    <wordcount weight="2" > adapted </wordcount>
    <wordcount weight="2" > sta </wordcount>
    <wordcount weight="2" > potting </wordcount>
    <wordcount weight="2" > climatic </wordcount>
    <wordcount weight="2" > bot </wordcount>
    <wordcount weight="2" > maynard </wordcount>
    <wordcount weight="2" > ceunant </wordcount>
    <wordcount weight="2" > cat </wordcount>
    <wordcount weight="2" > theoretical </wordcount>
    <wordcount weight="2" > survival </wordcount>
    <wordcount weight="2" > genet </wordcount>
    <wordcount weight="2" > open </wordcount>
    <wordcount weight="2" > initial </wordcount>
    <wordcount weight="2" > errors </wordcount>
    <wordcount weight="2" > genotype </wordcount>
    <wordcount weight="2" > ability </wordcount>
    <wordcount weight="2" > vries </wordcount>
    <wordcount weight="2" > field </wordcount>
    <wordcount weight="2" > morphologically </wordcount>
    <wordcount weight="2" > spatially </wordcount>
    <wordcount weight="2" > so </wordcount>
    <wordcount weight="2" > relatively </wordcount>
    <wordcount weight="2" > stage </wordcount>
    <wordcount weight="2" > interspecific </wordcount>
    <wordcount weight="2" > vegetative </wordcount>
    <wordcount weight="2" > obtained </wordcount>
    <wordcount weight="2" > calciphilous </wordcount>
    <wordcount weight="2" > contrast </wordcount>
    <wordcount weight="2" > quite </wordcount>
    <wordcount weight="2" > abundant </wordcount>
    <wordcount weight="2" > emerging </wordcount>
    <wordcount weight="2" > elements </wordcount>
    <wordcount weight="2" > self </wordcount>
    <wordcount weight="2" > intervals </wordcount>
    <wordcount weight="2" > summary </wordcount>
    <wordcount weight="2" > tolerant </wordcount>
    <wordcount weight="2" > especially </wordcount>
    <wordcount weight="2" > highly </wordcount>
    <wordcount weight="2" > components </wordcount>
    <wordcount weight="2" > ann </wordcount>
    <wordcount weight="2" > boundaries </wordcount>
    <wordcount weight="2" > twice </wordcount>
    <wordcount weight="2" > reached </wordcount>
    <wordcount weight="2" > average </wordcount>
    <wordcount weight="2" > sci </wordcount>
    <wordcount weight="2" > ranunculus </wordcount>
    <wordcount weight="2" > little </wordcount>
    <wordcount weight="2" > regardless </wordcount>
    <wordcount weight="2" > previously </wordcount>
    <wordcount weight="2" > grateful </wordcount>
    <wordcount weight="2" > am </wordcount>
    <wordcount weight="2" > close </wordcount>
    <wordcount weight="2" > error </wordcount>
    <wordcount weight="2" > society </wordcount>
    <wordcount weight="1" > expt </wordcount>
    <wordcount weight="1" > means </wordcount>
    <wordcount weight="1" > did </wordcount>
    <wordcount weight="1" > difficult </wordcount>
    <wordcount weight="1" > mechanisms </wordcount>
    <wordcount weight="1" > reading </wordcount>
    <wordcount weight="1" > surprisingly </wordcount>
    <wordcount weight="1" > indication </wordcount>
    <wordcount weight="1" > oxford </wordcount>
    <wordcount weight="1" > buffering </wordcount>
    <wordcount weight="1" > roadside </wordcount>
    <wordcount weight="1" > overestimated </wordcount>
    <wordcount weight="1" > glasshouse </wordcount>
    <wordcount weight="1" > states </wordcount>
    <wordcount weight="1" > applications </wordcount>
    <wordcount weight="1" > markedly </wordcount>
    <wordcount weight="1" > soilt </wordcount>
    <wordcount weight="1" > proc </wordcount>
    <wordcount weight="1" > essential </wordcount>
    <wordcount weight="1" > complex </wordcount>
    <wordcount weight="1" > absence </wordcount>
    <wordcount weight="1" > without </wordcount>
    <wordcount weight="1" > forty </wordcount>
    <wordcount weight="1" > identification </wordcount>
    <wordcount weight="1" > attributable </wordcount>
    <wordcount weight="1" > way </wordcount>
    <wordcount weight="1" > fairly </wordcount>
    <wordcount weight="1" > true </wordcount>
    <wordcount weight="1" > his </wordcount>
    <wordcount weight="1" > lesser </wordcount>
    <wordcount weight="1" > figure </wordcount>
    <wordcount weight="1" > podzolization </wordcount>
    <wordcount weight="1" > developed </wordcount>
    <wordcount weight="1" > vienna </wordcount>
    <wordcount weight="1" > iou </wordcount>
    <wordcount weight="1" > district </wordcount>
    <wordcount weight="1" > overall </wordcount>
    <wordcount weight="1" > created </wordcount>
    <wordcount weight="1" > sol </wordcount>
    <wordcount weight="1" > comparative </wordcount>
    <wordcount weight="1" > bhanthumnavin </wordcount>
    <wordcount weight="1" > barley </wordcount>
    <wordcount weight="1" > planting </wordcount>
    <wordcount weight="1" > incipient </wordcount>
    <wordcount weight="1" > persimilis </wordcount>
    <wordcount weight="1" > genecology </wordcount>
    <wordcount weight="1" > extreme </wordcount>
    <wordcount weight="1" > harris </wordcount>
    <wordcount weight="1" > fewer </wordcount>
    <wordcount weight="1" > determine </wordcount>
    <wordcount weight="1" > presentation </wordcount>
    <wordcount weight="1" > cut </wordcount>
    <wordcount weight="1" > responded </wordcount>
    <wordcount weight="1" > spp </wordcount>
    <wordcount weight="1" > slow </wordcount>
    <wordcount weight="1" > euphorbia </wordcount>
    <wordcount weight="1" > exceptional </wordcount>
    <wordcount weight="1" > excluding </wordcount>
    <wordcount weight="1" > ultramafic </wordcount>
    <wordcount weight="1" > me </wordcount>
    <wordcount weight="1" > phosphate </wordcount>
    <wordcount weight="1" > cotatn </wordcount>
    <wordcount weight="1" > july </wordcount>
    <wordcount weight="1" > necessary </wordcount>
    <wordcount weight="1" > sub </wordcount>
    <wordcount weight="1" > brougham </wordcount>
    <wordcount weight="1" > phytol </wordcount>
    <wordcount weight="1" > garden </wordcount>
    <wordcount weight="1" > evans </wordcount>
    <wordcount weight="1" > several </wordcount>
    <wordcount weight="1" > designs </wordcount>
    <wordcount weight="1" > interactions </wordcount>
    <wordcount weight="1" > per </wordcount>
    <wordcount weight="1" > contribution </wordcount>
    <wordcount weight="1" > they </wordcount>
    <wordcount weight="1" > deals </wordcount>
    <wordcount weight="1" > importance </wordcount>
    <wordcount weight="1" > se </wordcount>
    <wordcount weight="1" > certain </wordcount>
    <wordcount weight="1" > maniola </wordcount>
    <wordcount weight="1" > modes </wordcount>
    <wordcount weight="1" > plasticity </wordcount>
    <wordcount weight="1" > tillers </wordcount>
    <wordcount weight="1" > advan </wordcount>
    <wordcount weight="1" > one </wordcount>
    <wordcount weight="1" > izrtramet </wordcount>
    <wordcount weight="1" > international </wordcount>
    <wordcount weight="1" > hay </wordcount>
    <wordcount weight="1" > illa </wordcount>
    <wordcount weight="1" > serpentine </wordcount>
    <wordcount weight="1" > often </wordcount>
    <wordcount weight="1" > internat </wordcount>
    <wordcount weight="1" > use </wordcount>
    <wordcount weight="1" > black </wordcount>
    <wordcount weight="1" > relationship </wordcount>
    <wordcount weight="1" > journal </wordcount>
    <wordcount weight="1" > gilbert </wordcount>
    <wordcount weight="1" > belangrijke </wordcount>
    <wordcount weight="1" > united </wordcount>
    <wordcount weight="1" > betreffende </wordcount>
    <wordcount weight="1" > holmgren </wordcount>
    <wordcount weight="1" > collect </wordcount>
    <wordcount weight="1" > rate </wordcount>
    <wordcount weight="1" > competition </wordcount>
    <wordcount weight="1" > respect </wordcount>
    <wordcount weight="1" > provides </wordcount>
    <wordcount weight="1" > magnesium </wordcount>
    <wordcount weight="1" > criticism </wordcount>
    <wordcount weight="1" > english </wordcount>
    <wordcount weight="1" > inherent </wordcount>
    <wordcount weight="1" > stolonif </wordcount>
    <wordcount weight="1" > centuries </wordcount>
    <wordcount weight="1" > liability </wordcount>
    <wordcount weight="1" > investigating </wordcount>
    <wordcount weight="1" > bradsiiaw </wordcount>
    <wordcount weight="1" > permission </wordcount>
    <wordcount weight="1" > completely </wordcount>
    <wordcount weight="1" > double </wordcount>
    <wordcount weight="1" > logarithmic </wordcount>
    <wordcount weight="1" > applied </wordcount>
    <wordcount weight="1" > pressures </wordcount>
    <wordcount weight="1" > investigate </wordcount>
    <wordcount weight="1" > detectable </wordcount>
    <wordcount weight="1" > io </wordcount>
    <wordcount weight="1" > ratio </wordcount>
    <wordcount weight="1" > heterophylly </wordcount>
    <wordcount weight="1" > gegevens </wordcount>
    <wordcount weight="1" > grasslands </wordcount>
    <wordcount weight="1" > supplementary </wordcount>
    <wordcount weight="1" > possibly </wordcount>
    <wordcount weight="1" > melanism </wordcount>
    <wordcount weight="1" > flexibility </wordcount>
    <wordcount weight="1" > selective </wordcount>
    <wordcount weight="1" > western </wordcount>
    <wordcount weight="1" > fertility </wordcount>
    <wordcount weight="1" > thepopulations </wordcount>
    <wordcount weight="1" > imposing </wordcount>
    <wordcount weight="1" > management </wordcount>
    <wordcount weight="1" > mainland </wordcount>
    <wordcount weight="1" > few </wordcount>
    <wordcount weight="1" > reciprocal </wordcount>
    <wordcount weight="1" > contained </wordcount>
    <wordcount weight="1" > occurred </wordcount>
    <wordcount weight="1" > tcifolium </wordcount>
    <wordcount weight="1" > total </wordcount>
    <wordcount weight="1" > botany </wordcount>
    <wordcount weight="1" > energy </wordcount>
    <wordcount weight="1" > paper </wordcount>
    <wordcount weight="1" > light </wordcount>
    <wordcount weight="1" > warren </wordcount>
    <wordcount weight="1" > director </wordcount>
    <wordcount weight="1" > panicles </wordcount>
    <wordcount weight="1" > culture </wordcount>
    <wordcount weight="1" > warington </wordcount>
    <wordcount weight="1" > lighting </wordcount>
    <wordcount weight="1" > shortlived </wordcount>
    <wordcount weight="1" > complicating </wordcount>
    <wordcount weight="1" > ovina </wordcount>
    <wordcount weight="1" > generally </wordcount>
    <wordcount weight="1" > ou </wordcount>
    <wordcount weight="1" > locality </wordcount>
    <wordcount weight="1" > restricted </wordcount>
    <wordcount weight="1" > detected </wordcount>
    <wordcount weight="1" > complexity </wordcount>
    <wordcount weight="1" > responsive </wordcount>
    <wordcount weight="1" > abstr </wordcount>
    <wordcount weight="1" > character </wordcount>
    <wordcount weight="1" > mixtures </wordcount>
    <wordcount weight="1" > materials </wordcount>
    <wordcount weight="1" > deep </wordcount>
    <wordcount weight="1" > heated </wordcount>
    <wordcount weight="1" > show </wordcount>
    <wordcount weight="1" > ciz </wordcount>
    <wordcount weight="1" > constituted </wordcount>
    <wordcount weight="1" > being </wordcount>
    <wordcount weight="1" > epstein </wordcount>
    <wordcount weight="1" > consistent </wordcount>
    <wordcount weight="1" > alfalfa </wordcount>
    <wordcount weight="1" > nutritional </wordcount>
    <wordcount weight="1" > known </wordcount>
    <wordcount weight="1" > surface </wordcount>
    <wordcount weight="1" > perenne </wordcount>
    <wordcount weight="1" > published </wordcount>
    <wordcount weight="1" > grazing </wordcount>
    <wordcount weight="1" > followed </wordcount>
    <wordcount weight="1" > lateral </wordcount>
    <wordcount weight="1" > include </wordcount>
    <wordcount weight="1" > lightly </wordcount>
    <wordcount weight="1" > specifically </wordcount>
    <wordcount weight="1" > wickham </wordcount>
    <wordcount weight="1" > vernal </wordcount>
    <wordcount weight="1" > rather </wordcount>
    <wordcount weight="1" > members </wordcount>
    <wordcount weight="1" > certainly </wordcount>
    <wordcount weight="1" > successfully </wordcount>
    <wordcount weight="1" > midland </wordcount>
    <wordcount weight="1" > measurement </wordcount>
    <wordcount weight="1" > production </wordcount>
    <wordcount weight="1" > lappaceus </wordcount>
    <wordcount weight="1" > lu </wordcount>
    <wordcount weight="1" > set </wordcount>
    <wordcount weight="1" > linear </wordcount>
    <wordcount weight="1" > integrative </wordcount>
    <wordcount weight="1" > evidence </wordcount>
    <wordcount weight="1" > important </wordcount>
    <wordcount weight="1" > symmetrical </wordcount>
    <wordcount weight="1" > estimated </wordcount>
    <wordcount weight="1" > isotopes </wordcount>
    <wordcount weight="1" > contrasted </wordcount>
    <wordcount weight="1" > again </wordcount>
    <wordcount weight="1" > metal </wordcount>
    <wordcount weight="1" > wageningen </wordcount>
    <wordcount weight="1" > view </wordcount>
    <wordcount weight="1" > appear </wordcount>
    <wordcount weight="1" > similarly </wordcount>
    <wordcount weight="1" > varies </wordcount>
    <wordcount weight="1" > identified </wordcount>
    <wordcount weight="1" > control </wordcount>
    <wordcount weight="1" > performs </wordcount>
    <wordcount weight="1" > stebbins </wordcount>
    <wordcount weight="1" > transplant </wordcount>
    <wordcount weight="1" > nature </wordcount>
    <wordcount weight="1" > gregory </wordcount>
    <wordcount weight="1" > crops </wordcount>
    <wordcount weight="1" > speciation </wordcount>
    <wordcount weight="1" > different </wordcount>
    <wordcount weight="1" > frederick </wordcount>
    <wordcount weight="1" > lack </wordcount>
    <wordcount weight="1" > laid </wordcount>
    <wordcount weight="1" > indukt </wordcount>
    <wordcount weight="1" > gloinerata </wordcount>
    <wordcount weight="1" > height </wordcount>
    <wordcount weight="1" > seem </wordcount>
    <wordcount weight="1" > location </wordcount>
    <wordcount weight="1" > shade </wordcount>
    <wordcount weight="1" > latitudes </wordcount>
    <wordcount weight="1" > stringent </wordcount>
    <wordcount weight="1" > unknown </wordcount>
    <wordcount weight="1" > seived </wordcount>
    <wordcount weight="1" > broken </wordcount>
    <wordcount weight="1" > mcwhirter </wordcount>
    <wordcount weight="1" > abstamm </wordcount>
    <wordcount weight="1" > genetik </wordcount>
    <wordcount weight="1" > agron </wordcount>
    <wordcount weight="1" > plan </wordcount>
    <wordcount weight="1" > rendzina </wordcount>
    <wordcount weight="1" > reasons </wordcount>
    <wordcount weight="1" > sd </wordcount>
    <wordcount weight="1" > report </wordcount>
    <wordcount weight="1" > crop </wordcount>
    <wordcount weight="1" > iii </wordcount>
    <wordcount weight="1" > out </wordcount>
    <wordcount weight="1" > changed </wordcount>
    <wordcount weight="1" > diverse </wordcount>
    <wordcount weight="1" > atomic </wordcount>
    <wordcount weight="1" > bunting </wordcount>
    <wordcount weight="1" > fallen </wordcount>
    <wordcount weight="1" > equilibrium </wordcount>
    <wordcount weight="1" > varietal </wordcount>
    <wordcount weight="1" > shaded </wordcount>
    <wordcount weight="1" > survey </wordcount>
    <wordcount weight="1" > identical </wordcount>
    <wordcount weight="1" > differed </wordcount>
    <wordcount weight="1" > niche </wordcount>
    <wordcount weight="1" > help </wordcount>
    <wordcount weight="1" > discussed </wordcount>
    <wordcount weight="1" > feature </wordcount>
    <wordcount weight="1" > zealand </wordcount>
    <wordcount weight="1" > february </wordcount>
    <wordcount weight="1" > situation </wordcount>
    <wordcount weight="1" > compared </wordcount>
    <wordcount weight="1" > app </wordcount>
    <wordcount weight="1" > herb </wordcount>
    <wordcount weight="1" > conclusions </wordcount>
    <wordcount weight="1" > date </wordcount>
    <wordcount weight="1" > murray </wordcount>
    <wordcount weight="1" > further </wordcount>
    <wordcount weight="1" > xxxiii </wordcount>
    <wordcount weight="1" > ecotype </wordcount>
    <wordcount weight="1" > staff </wordcount>
    <wordcount weight="1" > equal </wordcount>
    <wordcount weight="1" > secondly </wordcount>
    <wordcount weight="1" > unlikely </wordcount>
    <wordcount weight="1" > adv </wordcount>
    <wordcount weight="1" > started </wordcount>
    <wordcount weight="1" > because </wordcount>
    <wordcount weight="1" > welsh </wordcount>
    <wordcount weight="1" > pooled </wordcount>
    <wordcount weight="1" > essentially </wordcount>
    <wordcount weight="1" > scoroaonia </wordcount>
    <wordcount weight="1" > hci </wordcount>
    <wordcount weight="1" > napmgna </wordcount>
    <wordcount weight="1" > cook </wordcount>
    <wordcount weight="1" > nanagansettpopulations </wordcount>
    <wordcount weight="1" > ion </wordcount>
    <wordcount weight="1" > intensity </wordcount>
    <wordcount weight="1" > toxic </wordcount>
    <wordcount weight="1" > british </wordcount>
    <wordcount weight="1" > council </wordcount>
    <wordcount weight="1" > analyses </wordcount>
    <wordcount weight="1" > iib </wordcount>
    <wordcount weight="1" > compares </wordcount>
    <wordcount weight="1" > initially </wordcount>
    <wordcount weight="1" > metals </wordcount>
    <wordcount weight="1" > graslandplanten </wordcount>
    <wordcount weight="1" > pollen </wordcount>
    <wordcount weight="1" > botanical </wordcount>
    <wordcount weight="1" > zn </wordcount>
    <wordcount weight="1" > required </wordcount>
    <wordcount weight="1" > johnston </wordcount>
    <wordcount weight="1" > frequency </wordcount>
    <wordcount weight="1" > biotic </wordcount>
    <wordcount weight="1" > equidistant </wordcount>
    <wordcount weight="1" > heavily </wordcount>
    <wordcount weight="1" > acknowledgments </wordcount>
    <wordcount weight="1" > component </wordcount>
    <wordcount weight="1" > cepaea </wordcount>
    <wordcount weight="1" > si </wordcount>
    <wordcount weight="1" > calcerous </wordcount>
    <wordcount weight="1" > mine </wordcount>
    <wordcount weight="1" > kruijne </wordcount>
    <wordcount weight="1" > shoot </wordcount>
    <wordcount weight="1" > information </wordcount>
    <wordcount weight="1" > ecology </wordcount>
    <wordcount weight="1" > convenient </wordcount>
    <wordcount weight="1" > griffiths </wordcount>
    <wordcount weight="1" > stages </wordcount>
    <wordcount weight="1" > studied </wordcount>
    <wordcount weight="1" > grassgerlan </wordcount>
    <wordcount weight="1" > sir </wordcount>
    <wordcount weight="1" > plotspopulations </wordcount>
    <wordcount weight="1" > prior </wordcount>
    <wordcount weight="1" > ideal </wordcount>
    <wordcount weight="1" > implies </wordcount>
    <wordcount weight="1" > up </wordcount>
    <wordcount weight="1" > physiologically </wordcount>
    <wordcount weight="1" > sometime </wordcount>
    <wordcount weight="1" > literature </wordcount>
    <wordcount weight="1" > discussion </wordcount>
    <wordcount weight="1" > acetate </wordcount>
    <wordcount weight="1" > acidic </wordcount>
    <wordcount weight="1" > examples </wordcount>
    <wordcount weight="1" > mm </wordcount>
    <wordcount weight="1" > trial </wordcount>
    <wordcount weight="1" > treated </wordcount>
    <wordcount weight="1" > functions </wordcount>
    <wordcount weight="1" > made </wordcount>
    <wordcount weight="1" > comprise </wordcount>
    <wordcount weight="1" > mededelingen </wordcount>
    <wordcount weight="1" > varieties </wordcount>
    <wordcount weight="1" > apparatus </wordcount>
    <wordcount weight="1" > level </wordcount>
    <wordcount weight="1" > range </wordcount>
    <wordcount weight="1" > comprises </wordcount>
    <wordcount weight="1" > maritime </wordcount>
    <wordcount weight="1" > professor </wordcount>
    <wordcount weight="1" > dutch </wordcount>
    <wordcount weight="1" > determined </wordcount>
    <wordcount weight="1" > germinating </wordcount>
    <wordcount weight="1" > met </wordcount>
    <wordcount weight="1" > london </wordcount>
    <wordcount weight="1" > progress </wordcount>
    <wordcount weight="1" > mgt </wordcount>
    <wordcount weight="1" > pairs </wordcount>
    <wordcount weight="1" > soi </wordcount>
    <wordcount weight="1" > cited </wordcount>
    <wordcount weight="1" > increase </wordcount>
    <wordcount weight="1" > apparent </wordcount>
    <wordcount weight="1" > see </wordcount>
    <wordcount weight="1" > confirm </wordcount>
    <wordcount weight="1" > authenticated </wordcount>
    <wordcount weight="1" > role </wordcount>
    <wordcount weight="1" > november </wordcount>
    <wordcount weight="1" > streams </wordcount>
    <wordcount weight="1" > teucrium </wordcount>
    <wordcount weight="1" > terms </wordcount>
    <wordcount weight="1" > soc </wordcount>
    <wordcount weight="1" > olium </wordcount>
    <wordcount weight="1" > financed </wordcount>
    <wordcount weight="1" > transition </wordcount>
    <wordcount weight="1" > grassland </wordcount>
    <wordcount weight="1" > idniiainnme </wordcount>
    <wordcount weight="1" > exceeded </wordcount>
    <wordcount weight="1" > lambert </wordcount>
    <wordcount weight="1" > loam </wordcount>
    <wordcount weight="1" > hybridization </wordcount>
    <wordcount weight="1" > trif </wordcount>
    <wordcount weight="1" > acidpopulations </wordcount>
    <wordcount weight="1" > largely </wordcount>
    <wordcount weight="1" > during </wordcount>
    <wordcount weight="1" > shoots </wordcount>
    <wordcount weight="1" > jefferies </wordcount>
    <wordcount weight="1" > copper </wordcount>
    <wordcount weight="1" > conditions </wordcount>
    <wordcount weight="1" > localized </wordcount>
    <wordcount weight="1" > diversity </wordcount>
    <wordcount weight="1" > phenomenon </wordcount>
    <wordcount weight="1" > initiation </wordcount>
    <wordcount weight="1" > mcmillan </wordcount>
    <wordcount weight="1" > actually </wordcount>
    <wordcount weight="1" > fine </wordcount>
    <wordcount weight="1" > thoday </wordcount>
    <wordcount weight="1" > harpenden </wordcount>
    <wordcount weight="1" > thereafter </wordcount>
    <wordcount weight="1" > gestencilde </wordcount>
    <wordcount weight="1" > slowly </wordcount>
    <wordcount weight="1" > pair </wordcount>
    <wordcount weight="1" > ammonium </wordcount>
    <wordcount weight="1" > sympatric </wordcount>
    <wordcount weight="1" > jol </wordcount>
    <wordcount weight="1" > full </wordcount>
    <wordcount weight="1" > another </wordcount>
    <wordcount weight="1" > differential </wordcount>
    <wordcount weight="1" > repneto </wordcount>
    <wordcount weight="1" > wild </wordcount>
    <wordcount weight="1" > california </wordcount>
    <wordcount weight="1" > il </wordcount>
    <wordcount weight="1" > lawes </wordcount>
    <wordcount weight="1" > southampton </wordcount>
    <wordcount weight="1" > confuse </wordcount>
    <wordcount weight="1" > photosynthetic </wordcount>
    <wordcount weight="1" > reverse </wordcount>
    <wordcount weight="1" > dactylis </wordcount>
    <wordcount weight="1" > locations </wordcount>
    <wordcount weight="1" > immediate </wordcount>
    <wordcount weight="1" > such </wordcount>
    <wordcount weight="1" > development </wordcount>
    <wordcount weight="1" > significance </wordcount>
    <wordcount weight="1" > zones </wordcount>
    <wordcount weight="1" > alternately </wordcount>
    <wordcount weight="1" > similarity </wordcount>
    <wordcount weight="1" > envisaged </wordcount>
    <wordcount weight="1" > count </wordcount>
    <wordcount weight="1" > september </wordcount>
    <wordcount weight="1" > nixon </wordcount>
    <wordcount weight="1" > canina </wordcount>
    <wordcount weight="1" > chemical </wordcount>
    <wordcount weight="1" > brittonia </wordcount>
    <wordcount weight="1" > obtaining </wordcount>
    <wordcount weight="1" > compost </wordcount>
    <wordcount weight="1" > group </wordcount>
    <wordcount weight="1" > earth </wordcount>
    <wordcount weight="1" > festuca </wordcount>
    <wordcount weight="1" > mode </wordcount>
    <wordcount weight="1" > teucriumn </wordcount>
    <wordcount weight="1" > potassium </wordcount>
    <wordcount weight="1" > swards </wordcount>
    <wordcount weight="1" > perennial </wordcount>
    <wordcount weight="1" > watered </wordcount>
    <wordcount weight="1" > general </wordcount>
    <wordcount weight="1" > interpret </wordcount>
    <wordcount weight="1" > times </wordcount>
    <wordcount weight="1" > thymifolia </wordcount>
    <wordcount weight="1" > occurs </wordcount>
    <wordcount weight="1" > southern </wordcount>
    <wordcount weight="1" > genetics </wordcount>
    <wordcount weight="1" > working </wordcount>
    <wordcount weight="1" > period </wordcount>
    <wordcount weight="1" > function </wordcount>
    <wordcount weight="1" > developmental </wordcount>
    <wordcount weight="1" > grassl </wordcount>
    <wordcount weight="1" > fluorescent </wordcount>
    <wordcount weight="1" > extensively </wordcount>
    <wordcount weight="1" > expected </wordcount>
    <wordcount weight="1" > involving </wordcount>
    <wordcount weight="1" > froth </wordcount>
    <wordcount weight="1" > contamination </wordcount>
    <wordcount weight="1" > martini </wordcount>
    <wordcount weight="1" > int </wordcount>
    <wordcount weight="1" > cope </wordcount>
    <wordcount weight="1" > estimates </wordcount>
    <wordcount weight="1" > down </wordcount>
    <wordcount weight="1" > plo </wordcount>
    <wordcount weight="1" > irondeficiency </wordcount>
    <wordcount weight="1" > lepidoptera </wordcount>
    <wordcount weight="1" > deionized </wordcount>
    <wordcount weight="1" > genetica </wordcount>
    <wordcount weight="1" > clay </wordcount>
    <wordcount weight="1" > pseudoobscura </wordcount>
    <wordcount weight="1" > shift </wordcount>
    <wordcount weight="1" > least </wordcount>
    <wordcount weight="1" > increased </wordcount>
    <wordcount weight="1" > clark </wordcount>
    <wordcount weight="1" > antonovics </wordcount>
    <wordcount weight="1" > fertilization </wordcount>
    <wordcount weight="1" > repeated </wordcount>
    <wordcount weight="1" > inst </wordcount>
    <wordcount weight="1" > scorodonia </wordcount>
    <wordcount weight="1" > xpese </wordcount>
    <wordcount weight="1" > squares </wordcount>
    <wordcount weight="1" > bradsnaw </wordcount>
    <wordcount weight="1" > transport </wordcount>
    <wordcount weight="1" > intermittently </wordcount>
    <wordcount weight="1" > charles </wordcount>
    <wordcount weight="1" > levins </wordcount>
    <wordcount weight="1" > amount </wordcount>
    <wordcount weight="1" > wider </wordcount>
    <wordcount weight="1" > nemoralis </wordcount>
    <wordcount weight="1" > ratios </wordcount>
    <wordcount weight="1" > grow </wordcount>
    <wordcount weight="1" > methods </wordcount>
    <wordcount weight="1" > competitive </wordcount>
    <wordcount weight="1" > ungrazed </wordcount>
    <wordcount weight="1" > replicated </wordcount>
    <wordcount weight="1" > presence </wordcount>
    <wordcount weight="1" > single </wordcount>
    <wordcount weight="1" > relation </wordcount>
    <wordcount weight="1" > research </wordcount>
    <wordcount weight="1" > australian </wordcount>
    <wordcount weight="1" > tenuis </wordcount>
    <wordcount weight="1" > reported </wordcount>
    <wordcount weight="1" > variations </wordcount>
    <wordcount weight="1" > odoraturn </wordcount>
    <wordcount weight="1" > texas </wordcount>
    <wordcount weight="1" > lb </wordcount>
    <wordcount weight="1" > site </wordcount>
    <wordcount weight="1" > johnson </wordcount>
    <wordcount weight="1" > vary </wordcount>
    <wordcount weight="1" > ellis </wordcount>
    <wordcount weight="1" > ent </wordcount>
    <wordcount weight="1" > era </wordcount>
    <wordcount weight="1" > th </wordcount>
    <wordcount weight="1" > mixture </wordcount>
    <wordcount weight="1" > flammula </wordcount>
    <wordcount weight="1" > microdistribution </wordcount>
    <wordcount weight="1" > firstly </wordcount>
    <wordcount weight="1" > dyke </wordcount>
    <wordcount weight="1" > would </wordcount>
    <wordcount weight="1" > replicates </wordcount>
    <wordcount weight="1" > interaction </wordcount>
    <wordcount weight="1" > attracted </wordcount>
    <wordcount weight="1" > immediately </wordcount>
    <wordcount weight="1" > und </wordcount>
    <wordcount weight="1" > maintained </wordcount>
    <wordcount weight="1" > uk </wordcount>
    <wordcount weight="1" > comparable </wordcount>
    <wordcount weight="1" > north </wordcount>
    <wordcount weight="1" > relative </wordcount>
    <wordcount weight="1" > breed </wordcount>
    <wordcount weight="1" > provided </wordcount>
    <wordcount weight="1" > climates </wordcount>
    <wordcount weight="1" > silty </wordcount>
    <wordcount weight="1" > exposed </wordcount>
    <wordcount weight="1" > ee </wordcount>
    <wordcount weight="1" > arithmetic </wordcount>
    <wordcount weight="1" > investigations </wordcount>
    <wordcount weight="1" > attention </wordcount>
    <wordcount weight="1" > la </wordcount>
    <wordcount weight="1" > immigration </wordcount>
    <wordcount weight="1" > valuable </wordcount>
    <wordcount weight="1" > concluded </wordcount>
    <wordcount weight="1" > vererblehre </wordcount>
    <wordcount weight="1" > geographical </wordcount>
    <wordcount weight="1" > brown </wordcount>
    <wordcount weight="1" > eachpopulations </wordcount>
    <wordcount weight="1" > examines </wordcount>
    <wordcount weight="1" > poorly </wordcount>
    <wordcount weight="1" > separate </wordcount>
    <wordcount weight="1" > comm </wordcount>
</article>
