<?xml version="1.0" encoding="UTF-8"?>
<article id="10.2307/2430251" >
    <wordcount weight="220" > and </wordcount>
    <wordcount weight="204" > of </wordcount>
    <wordcount weight="128" > in </wordcount>
    <wordcount weight="99" > the </wordcount>
    <wordcount weight="79" > j </wordcount>
    <wordcount weight="69" > a </wordcount>
    <wordcount weight="43" > on </wordcount>
    <wordcount weight="43" > d </wordcount>
    <wordcount weight="41" > l </wordcount>
    <wordcount weight="39" > h </wordcount>
    <wordcount weight="36" > i </wordcount>
    <wordcount weight="34" > g </wordcount>
    <wordcount weight="33" > growth </wordcount>
    <wordcount weight="31" > e </wordcount>
    <wordcount weight="29" > to </wordcount>
    <wordcount weight="29" > r </wordcount>
    <wordcount weight="28" > c </wordcount>
    <wordcount weight="27" > p </wordcount>
    <wordcount weight="24" > t </wordcount>
    <wordcount weight="23" > m </wordcount>
    <wordcount weight="23" > plant </wordcount>
    <wordcount weight="21" > f </wordcount>
    <wordcount weight="21" > from </wordcount>
    <wordcount weight="20" > w </wordcount>
    <wordcount weight="20" > leaf </wordcount>
    <wordcount weight="18" > s </wordcount>
    <wordcount weight="18" > metabolism </wordcount>
    <wordcount weight="15" > uptake </wordcount>
    <wordcount weight="14" > pollen </wordcount>
    <wordcount weight="14" > fungi </wordcount>
    <wordcount weight="14" > development </wordcount>
    <wordcount weight="13" > acid </wordcount>
    <wordcount weight="13" > phosphorus </wordcount>
    <wordcount weight="13" > leaves </wordcount>
    <wordcount weight="12" > phosphate </wordcount>
    <wordcount weight="12" > b </wordcount>
    <wordcount weight="12" > nitrogen </wordcount>
    <wordcount weight="12" > stomatal </wordcount>
    <wordcount weight="12" > effects </wordcount>
    <wordcount weight="12" > effect </wordcount>
    <wordcount weight="11" > by </wordcount>
    <wordcount weight="11" > photosynthesis </wordcount>
    <wordcount weight="11" > fixation </wordcount>
    <wordcount weight="10" > page </wordcount>
    <wordcount weight="10" > k </wordcount>
    <wordcount weight="10" > for </wordcount>
    <wordcount weight="10" > variation </wordcount>
    <wordcount weight="10" > plants </wordcount>
    <wordcount weight="10" > structure </wordcount>
    <wordcount weight="10" > an </wordcount>
    <wordcount weight="9" > eucalyptus </wordcount>
    <wordcount weight="9" > morphology </wordcount>
    <wordcount weight="9" > diagrams </wordcount>
    <wordcount weight="9" > rhizopus </wordcount>
    <wordcount weight="9" > mycorrhiza </wordcount>
    <wordcount weight="9" > study </wordcount>
    <wordcount weight="8" > with </wordcount>
    <wordcount weight="8" > articles </wordcount>
    <wordcount weight="8" > studies </wordcount>
    <wordcount weight="8" > n </wordcount>
    <wordcount weight="8" > root </wordcount>
    <wordcount weight="8" > british </wordcount>
    <wordcount weight="8" > lolium </wordcount>
    <wordcount weight="8" > anatomy </wordcount>
    <wordcount weight="7" > action </wordcount>
    <wordcount weight="7" > biology </wordcount>
    <wordcount weight="7" > tomato </wordcount>
    <wordcount weight="7" > gibberellic </wordcount>
    <wordcount weight="7" > sexual </wordcount>
    <wordcount weight="7" > transport </wordcount>
    <wordcount weight="7" > spore </wordcount>
    <wordcount weight="7" > responses </wordcount>
    <wordcount weight="7" > soil </wordcount>
    <wordcount weight="7" > carbon </wordcount>
    <wordcount weight="7" > resistance </wordcount>
    <wordcount weight="7" > hydrodictyon </wordcount>
    <wordcount weight="7" > brown </wordcount>
    <wordcount weight="6" > stolonifer </wordcount>
    <wordcount weight="6" > tissue </wordcount>
    <wordcount weight="6" > scotland </wordcount>
    <wordcount weight="6" > original </wordcount>
    <wordcount weight="6" > measurement </wordcount>
    <wordcount weight="6" > inhibition </wordcount>
    <wordcount weight="6" > temperature </wordcount>
    <wordcount weight="6" > flora </wordcount>
    <wordcount weight="6" > alnus </wordcount>
    <wordcount weight="6" > relation </wordcount>
    <wordcount weight="6" > influence </wordcount>
    <wordcount weight="5" > at </wordcount>
    <wordcount weight="5" > note </wordcount>
    <wordcount weight="5" > determination </wordcount>
    <wordcount weight="5" > vulgaris </wordcount>
    <wordcount weight="5" > initiation </wordcount>
    <wordcount weight="5" > vicia </wordcount>
    <wordcount weight="5" > africanum </wordcount>
    <wordcount weight="5" > avena </wordcount>
    <wordcount weight="5" > peat </wordcount>
    <wordcount weight="5" > ii </wordcount>
    <wordcount weight="5" > seedlings </wordcount>
    <wordcount weight="5" > water </wordcount>
    <wordcount weight="5" > light </wordcount>
    <wordcount weight="5" > reproduction </wordcount>
    <wordcount weight="5" > floral </wordcount>
    <wordcount weight="5" > absorption </wordcount>
    <wordcount weight="5" > form </wordcount>
    <wordcount weight="5" > vol </wordcount>
    <wordcount weight="5" > some </wordcount>
    <wordcount weight="5" > spectra </wordcount>
    <wordcount weight="5" > seeds </wordcount>
    <wordcount weight="5" > v </wordcount>
    <wordcount weight="5" > phaseolus </wordcount>
    <wordcount weight="5" > roots </wordcount>
    <wordcount weight="5" > vicilin </wordcount>
    <wordcount weight="4" > polypodium </wordcount>
    <wordcount weight="4" > synthesis </wordcount>
    <wordcount weight="4" > active </wordcount>
    <wordcount weight="4" > bicarbonate </wordcount>
    <wordcount weight="4" > auxin </wordcount>
    <wordcount weight="4" > joseph </wordcount>
    <wordcount weight="4" > translocation </wordcount>
    <wordcount weight="4" > no </wordcount>
    <wordcount weight="4" > index </wordcount>
    <wordcount weight="4" > polyphosphate </wordcount>
    <wordcount weight="4" > aphthosa </wordcount>
    <wordcount weight="4" > herbicides </wordcount>
    <wordcount weight="4" > apical </wordcount>
    <wordcount weight="4" > legumin </wordcount>
    <wordcount weight="4" > crop </wordcount>
    <wordcount weight="4" > iii </wordcount>
    <wordcount weight="4" > ecology </wordcount>
    <wordcount weight="4" > physiology </wordcount>
    <wordcount weight="4" > ion </wordcount>
    <wordcount weight="4" > system </wordcount>
    <wordcount weight="4" > strawberry </wordcount>
    <wordcount weight="4" > status </wordcount>
    <wordcount weight="4" > nutrition </wordcount>
    <wordcount weight="4" > dioxide </wordcount>
    <wordcount weight="4" > during </wordcount>
    <wordcount weight="4" > isolated </wordcount>
    <wordcount weight="4" > exogenously </wordcount>
    <wordcount weight="4" > formation </wordcount>
    <wordcount weight="4" > diurnal </wordcount>
    <wordcount weight="4" > elements </wordcount>
    <wordcount weight="4" > genotypes </wordcount>
    <wordcount weight="4" > as </wordcount>
    <wordcount weight="4" > y </wordcount>
    <wordcount weight="4" > peltigera </wordcount>
    <wordcount weight="4" > species </wordcount>
    <wordcount weight="4" > morphogenesis </wordcount>
    <wordcount weight="3" > andrographis </wordcount>
    <wordcount weight="3" > callus </wordcount>
    <wordcount weight="3" > cytotaxonomic </wordcount>
    <wordcount weight="3" > movements </wordcount>
    <wordcount weight="3" > ecological </wordcount>
    <wordcount weight="3" > photosensitivity </wordcount>
    <wordcount weight="3" > expansion </wordcount>
    <wordcount weight="3" > barley </wordcount>
    <wordcount weight="3" > influxes </wordcount>
    <wordcount weight="3" > contraction </wordcount>
    <wordcount weight="3" > cells </wordcount>
    <wordcount weight="3" > fruit </wordcount>
    <wordcount weight="3" > islands </wordcount>
    <wordcount weight="3" > inhibitor </wordcount>
    <wordcount weight="3" > spp </wordcount>
    <wordcount weight="3" > prototheca </wordcount>
    <wordcount weight="3" > taximetric </wordcount>
    <wordcount weight="3" > southern </wordcount>
    <wordcount weight="3" > clinal </wordcount>
    <wordcount weight="3" > life </wordcount>
    <wordcount weight="3" > cones </wordcount>
    <wordcount weight="3" > britain </wordcount>
    <wordcount weight="3" > inhibitors </wordcount>
    <wordcount weight="3" > nodules </wordcount>
    <wordcount weight="3" > factors </wordcount>
    <wordcount weight="3" > potentilla </wordcount>
    <wordcount weight="3" > respect </wordcount>
    <wordcount weight="3" > drawings </wordcount>
    <wordcount weight="3" > internode </wordcount>
    <wordcount weight="3" > meristems </wordcount>
    <wordcount weight="3" > nucleic </wordcount>
    <wordcount weight="3" > classification </wordcount>
    <wordcount weight="3" > cellulose </wordcount>
    <wordcount weight="3" > progametangia </wordcount>
    <wordcount weight="3" > adenosine </wordcount>
    <wordcount weight="3" > excised </wordcount>
    <wordcount weight="3" > capsule </wordcount>
    <wordcount weight="3" > ibp </wordcount>
    <wordcount weight="3" > asexual </wordcount>
    <wordcount weight="3" > trace </wordcount>
    <wordcount weight="3" > solanum </wordcount>
    <wordcount weight="3" > accumulation </wordcount>
    <wordcount weight="3" > isolation </wordcount>
    <wordcount weight="3" > cotton </wordcount>
    <wordcount weight="3" > chaetomium </wordcount>
    <wordcount weight="3" > north </wordcount>
    <wordcount weight="3" > pea </wordcount>
    <wordcount weight="3" > aegilops </wordcount>
    <wordcount weight="3" > substances </wordcount>
    <wordcount weight="3" > control </wordcount>
    <wordcount weight="3" > supplied </wordcount>
    <wordcount weight="3" > sativa </wordcount>
    <wordcount weight="3" > viridis </wordcount>
    <wordcount weight="3" > concentration </wordcount>
    <wordcount weight="3" > genecological </wordcount>
    <wordcount weight="3" > cell </wordcount>
    <wordcount weight="3" > faba </wordcount>
    <wordcount weight="3" > germination </wordcount>
    <wordcount weight="3" > handbook </wordcount>
    <wordcount weight="3" > subsequent </wordcount>
    <wordcount weight="3" > nigrospora </wordcount>
    <wordcount weight="3" > annuals </wordcount>
    <wordcount weight="3" > obliqua </wordcount>
    <wordcount weight="3" > cereal </wordcount>
    <wordcount weight="3" > splachnum </wordcount>
    <wordcount weight="3" > intensity </wordcount>
    <wordcount weight="3" > mesocotyl </wordcount>
    <wordcount weight="3" > picea </wordcount>
    <wordcount weight="3" > material </wordcount>
    <wordcount weight="3" > seasonal </wordcount>
    <wordcount weight="3" > distribution </wordcount>
    <wordcount weight="3" > clone </wordcount>
    <wordcount weight="3" > u </wordcount>
    <wordcount weight="3" > weichselian </wordcount>
    <wordcount weight="3" > ranunculus </wordcount>
    <wordcount weight="3" > vulgare </wordcount>
    <wordcount weight="3" > properties </wordcount>
    <wordcount weight="3" > fluctuation </wordcount>
    <wordcount weight="3" > fine </wordcount>
    <wordcount weight="3" > apparent </wordcount>
    <wordcount weight="3" > antagonism </wordcount>
    <wordcount weight="3" > stolon </wordcount>
    <wordcount weight="3" > use </wordcount>
    <wordcount weight="3" > himanthalia </wordcount>
    <wordcount weight="3" > copper </wordcount>
    <wordcount weight="3" > winter </wordcount>
    <wordcount weight="3" > corylus </wordcount>
    <wordcount weight="3" > wild </wordcount>
    <wordcount weight="3" > relationships </wordcount>
    <wordcount weight="3" > photosynthetic </wordcount>
    <wordcount weight="3" > dactylis </wordcount>
    <wordcount weight="3" > gibberellin </wordcount>
    <wordcount weight="3" > three </wordcount>
    <wordcount weight="3" > festuca </wordcount>
    <wordcount weight="3" > sp </wordcount>
    <wordcount weight="3" > detached </wordcount>
    <wordcount weight="3" > sugars </wordcount>
    <wordcount weight="3" > period </wordcount>
    <wordcount weight="3" > phytokinins </wordcount>
    <wordcount weight="3" > endogone </wordcount>
    <wordcount weight="3" > martin </wordcount>
    <wordcount weight="3" > evolutionary </wordcount>
    <wordcount weight="3" > oryzae </wordcount>
    <wordcount weight="3" > contrasting </wordcount>
    <wordcount weight="3" > orchid </wordcount>
    <wordcount weight="3" > dark </wordcount>
    <wordcount weight="3" > becium </wordcount>
    <wordcount weight="3" > phyllitis </wordcount>
    <wordcount weight="3" > among </wordcount>
    <wordcount weight="3" > enzymes </wordcount>
    <wordcount weight="3" > avellana </wordcount>
    <wordcount weight="3" > triphosphate </wordcount>
    <wordcount weight="3" > homblei </wordcount>
    <wordcount weight="2" > south </wordcount>
    <wordcount weight="2" > tuberosum </wordcount>
    <wordcount weight="2" > critical </wordcount>
    <wordcount weight="2" > gametophyte </wordcount>
    <wordcount weight="2" > glasshouse </wordcount>
    <wordcount weight="2" > abscisic </wordcount>
    <wordcount weight="2" > interglacial </wordcount>
    <wordcount weight="2" > io </wordcount>
    <wordcount weight="2" > endophyte </wordcount>
    <wordcount weight="2" > beech </wordcount>
    <wordcount weight="2" > soluble </wordcount>
    <wordcount weight="2" > populations </wordcount>
    <wordcount weight="2" > genecology </wordcount>
    <wordcount weight="2" > trigonella </wordcount>
    <wordcount weight="2" > elongation </wordcount>
    <wordcount weight="2" > janiece </wordcount>
    <wordcount weight="2" > ordination </wordcount>
    <wordcount weight="2" > hutton </wordcount>
    <wordcount weight="2" > cephalodia </wordcount>
    <wordcount weight="2" > pisum </wordcount>
    <wordcount weight="2" > chrysobalanaceae </wordcount>
    <wordcount weight="2" > special </wordcount>
    <wordcount weight="2" > structural </wordcount>
    <wordcount weight="2" > thermocouple </wordcount>
    <wordcount weight="2" > lightsaturated </wordcount>
    <wordcount weight="2" > rosalie </wordcount>
    <wordcount weight="2" > permeability </wordcount>
    <wordcount weight="2" > reference </wordcount>
    <wordcount weight="2" > starch </wordcount>
    <wordcount weight="2" > york </wordcount>
    <wordcount weight="2" > applied </wordcount>
    <wordcount weight="2" > myrica </wordcount>
    <wordcount weight="2" > protection </wordcount>
    <wordcount weight="2" > position </wordcount>
    <wordcount weight="2" > myrfyn </wordcount>
    <wordcount weight="2" > history </wordcount>
    <wordcount weight="2" > pinus </wordcount>
    <wordcount weight="2" > floras </wordcount>
    <wordcount weight="2" > mycorrhizas </wordcount>
    <wordcount weight="2" > droplet </wordcount>
    <wordcount weight="2" > lilian </wordcount>
    <wordcount weight="2" > experimental </wordcount>
    <wordcount weight="2" > respiration </wordcount>
    <wordcount weight="2" > mycology </wordcount>
    <wordcount weight="2" > observations </wordcount>
    <wordcount weight="2" > cuticles </wordcount>
    <wordcount weight="2" > auxins </wordcount>
    <wordcount weight="2" > woody </wordcount>
    <wordcount weight="2" > polar </wordcount>
    <wordcount weight="2" > cicer </wordcount>
    <wordcount weight="2" > zosterophyllum </wordcount>
    <wordcount weight="2" > pollination </wordcount>
    <wordcount weight="2" > barriers </wordcount>
    <wordcount weight="2" > greening </wordcount>
    <wordcount weight="2" > lewis </wordcount>
    <wordcount weight="2" > flandrian </wordcount>
    <wordcount weight="2" > production </wordcount>
    <wordcount weight="2" > der </wordcount>
    <wordcount weight="2" > flow </wordcount>
    <wordcount weight="2" > gametophytes </wordcount>
    <wordcount weight="2" > urtica </wordcount>
    <wordcount weight="2" > calcifuges </wordcount>
    <wordcount weight="2" > stem </wordcount>
    <wordcount weight="2" > vascular </wordcount>
    <wordcount weight="2" > liquid </wordcount>
    <wordcount weight="2" > experiments </wordcount>
    <wordcount weight="2" > cultures </wordcount>
    <wordcount weight="2" > different </wordcount>
    <wordcount weight="2" > endogenous </wordcount>
    <wordcount weight="2" > phase </wordcount>
    <wordcount weight="2" > flowers </wordcount>
    <wordcount weight="2" > camaldulensis </wordcount>
    <wordcount weight="2" > genus </wordcount>
    <wordcount weight="2" > ammonia </wordcount>
    <wordcount weight="2" > orkney </wordcount>
    <wordcount weight="2" > moors </wordcount>
    <wordcount weight="2" > ectotropic </wordcount>
    <wordcount weight="2" > international </wordcount>
    <wordcount weight="2" > incorporation </wordcount>
    <wordcount weight="2" > embryology </wordcount>
    <wordcount weight="2" > aeropalynology </wordcount>
    <wordcount weight="2" > products </wordcount>
    <wordcount weight="2" > diclinis </wordcount>
    <wordcount weight="2" > parveen </wordcount>
    <wordcount weight="2" > man </wordcount>
    <wordcount weight="2" > vegetation </wordcount>
    <wordcount weight="2" > altitudinal </wordcount>
    <wordcount weight="2" > bean </wordcount>
    <wordcount weight="2" > physiological </wordcount>
    <wordcount weight="2" > robert </wordcount>
    <wordcount weight="2" > durham </wordcount>
    <wordcount weight="2" > wales </wordcount>
    <wordcount weight="2" > kinetin </wordcount>
    <wordcount weight="2" > reviews </wordcount>
    <wordcount weight="2" > epidermis </wordcount>
    <wordcount weight="2" > acetic </wordcount>
    <wordcount weight="2" > infection </wordcount>
    <wordcount weight="2" > papers </wordcount>
    <wordcount weight="2" > contents </wordcount>
    <wordcount weight="2" > michael </wordcount>
    <wordcount weight="2" > softwood </wordcount>
    <wordcount weight="2" > aleurone </wordcount>
    <wordcount weight="2" > aquatilis </wordcount>
    <wordcount weight="2" > psychrometers </wordcount>
    <wordcount weight="2" > absolute </wordcount>
    <wordcount weight="2" > aspects </wordcount>
    <wordcount weight="2" > apple </wordcount>
    <wordcount weight="2" > cuttings </wordcount>
    <wordcount weight="2" > shape </wordcount>
    <wordcount weight="2" > calcifuge </wordcount>
    <wordcount weight="2" > anna </wordcount>
    <wordcount weight="2" > biological </wordcount>
    <wordcount weight="2" > stella </wordcount>
    <wordcount weight="2" > staling </wordcount>
    <wordcount weight="2" > raft </wordcount>
    <wordcount weight="2" > scolopendrium </wordcount>
    <wordcount weight="2" > eucaryotic </wordcount>
    <wordcount weight="2" > cl </wordcount>
    <wordcount weight="2" > part </wordcount>
    <wordcount weight="2" > algal </wordcount>
    <wordcount weight="2" > william </wordcount>
    <wordcount weight="2" > ficus </wordcount>
    <wordcount weight="2" > host </wordcount>
    <wordcount weight="2" > iodoacetate </wordcount>
    <wordcount weight="2" > fugla </wordcount>
    <wordcount weight="2" > phylogenetic </wordcount>
    <wordcount weight="2" > fruticosa </wordcount>
    <wordcount weight="2" > gabrielle </wordcount>
    <wordcount weight="2" > kotschyi </wordcount>
    <wordcount weight="2" > fruiting </wordcount>
    <wordcount weight="2" > daphne </wordcount>
    <wordcount weight="2" > calcicole </wordcount>
    <wordcount weight="2" > willow </wordcount>
    <wordcount weight="2" > vii </wordcount>
    <wordcount weight="2" > indolyl </wordcount>
    <wordcount weight="2" > significance </wordcount>
    <wordcount weight="2" > algae </wordcount>
    <wordcount weight="2" > margaret </wordcount>
    <wordcount weight="2" > sclerotinia </wordcount>
    <wordcount weight="2" > geranium </wordcount>
    <wordcount weight="2" > maintenance </wordcount>
    <wordcount weight="2" > change </wordcount>
    <wordcount weight="2" > co </wordcount>
    <wordcount weight="2" > iooi </wordcount>
    <wordcount weight="2" > ethylene </wordcount>
    <wordcount weight="2" > calcicoles </wordcount>
    <wordcount weight="2" > green </wordcount>
    <wordcount weight="2" > etiolated </wordcount>
    <wordcount weight="2" > rooted </wordcount>
    <wordcount weight="2" > maree </wordcount>
    <wordcount weight="2" > piptocephalis </wordcount>
    <wordcount weight="2" > rot </wordcount>
    <wordcount weight="2" > phascum </wordcount>
    <wordcount weight="2" > ectotrophic </wordcount>
    <wordcount weight="2" > comparison </wordcount>
    <wordcount weight="2" > terrestrial </wordcount>
    <wordcount weight="2" > sexualis </wordcount>
    <wordcount weight="2" > between </wordcount>
    <wordcount weight="2" > response </wordcount>
    <wordcount weight="2" > silene </wordcount>
    <wordcount weight="2" > races </wordcount>
    <wordcount weight="2" > elongata </wordcount>
    <wordcount weight="2" > cytology </wordcount>
    <wordcount weight="2" > terniola </wordcount>
    <wordcount weight="2" > mallee </wordcount>
    <wordcount weight="2" > gymnodinium </wordcount>
    <wordcount weight="2" > hybrid </wordcount>
    <wordcount weight="2" > characters </wordcount>
    <wordcount weight="2" > cardiganshire </wordcount>
    <wordcount weight="2" > bracken </wordcount>
    <wordcount weight="2" > und </wordcount>
    <wordcount weight="2" > cycle </wordcount>
    <wordcount weight="2" > apogamous </wordcount>
    <wordcount weight="2" > angiosperms </wordcount>
    <wordcount weight="2" > paniculata </wordcount>
    <wordcount weight="2" > walls </wordcount>
    <wordcount weight="1" > solar </wordcount>
    <wordcount weight="1" > model </wordcount>
    <wordcount weight="1" > arietinum </wordcount>
    <wordcount weight="1" > final </wordcount>
    <wordcount weight="1" > edn </wordcount>
    <wordcount weight="1" > naturwissenschaftler </wordcount>
    <wordcount weight="1" > cotyledons </wordcount>
    <wordcount weight="1" > guide </wordcount>
    <wordcount weight="1" > bartram </wordcount>
    <wordcount weight="1" > relationship </wordcount>
    <wordcount weight="1" > habitats </wordcount>
    <wordcount weight="1" > genesis </wordcount>
    <wordcount weight="1" > conditioning </wordcount>
    <wordcount weight="1" > mediziner </wordcount>
    <wordcount weight="1" > identification </wordcount>
    <wordcount weight="1" > ovule </wordcount>
    <wordcount weight="1" > cuspidatum </wordcount>
    <wordcount weight="1" > george </wordcount>
    <wordcount weight="1" > hedw </wordcount>
    <wordcount weight="1" > planke </wordcount>
    <wordcount weight="1" > kenneth </wordcount>
    <wordcount weight="1" > boiss </wordcount>
    <wordcount weight="1" > lodoacetate </wordcount>
    <wordcount weight="1" > generations </wordcount>
    <wordcount weight="1" > taxonomy </wordcount>
    <wordcount weight="1" > rootstock </wordcount>
    <wordcount weight="1" > till </wordcount>
    <wordcount weight="1" > comparative </wordcount>
    <wordcount weight="1" > edward </wordcount>
    <wordcount weight="1" > leptomitaceae </wordcount>
    <wordcount weight="1" > affected </wordcount>
    <wordcount weight="1" > winifred </wordcount>
    <wordcount weight="1" > environmental </wordcount>
    <wordcount weight="1" > invigorating </wordcount>
    <wordcount weight="1" > wierde </wordcount>
    <wordcount weight="1" > inoculum </wordcount>
    <wordcount weight="1" > red </wordcount>
    <wordcount weight="1" > dissolution </wordcount>
    <wordcount weight="1" > dimensions </wordcount>
    <wordcount weight="1" > pythiaceae </wordcount>
    <wordcount weight="1" > lichen </wordcount>
    <wordcount weight="1" > alternation </wordcount>
    <wordcount weight="1" > kriuger </wordcount>
    <wordcount weight="1" > introduction </wordcount>
    <wordcount weight="1" > differentiating </wordcount>
    <wordcount weight="1" > grasses </wordcount>
    <wordcount weight="1" > labiatae </wordcount>
    <wordcount weight="1" > systematics </wordcount>
    <wordcount weight="1" > procaryota </wordcount>
    <wordcount weight="1" > katherine </wordcount>
    <wordcount weight="1" > supplement </wordcount>
    <wordcount weight="1" > ex </wordcount>
    <wordcount weight="1" > karl </wordcount>
    <wordcount weight="1" > valerie </wordcount>
    <wordcount weight="1" > prediction </wordcount>
    <wordcount weight="1" > ix </wordcount>
    <wordcount weight="1" > contributions </wordcount>
    <wordcount weight="1" > changes </wordcount>
    <wordcount weight="1" > gale </wordcount>
    <wordcount weight="1" > biophysical </wordcount>
    <wordcount weight="1" > pflanzen </wordcount>
    <wordcount weight="1" > essays </wordcount>
    <wordcount weight="1" > maize </wordcount>
    <wordcount weight="1" > angiosperm </wordcount>
    <wordcount weight="1" > flowering </wordcount>
    <wordcount weight="1" > spreng </wordcount>
    <wordcount weight="1" > mykologie </wordcount>
    <wordcount weight="1" > sandstone </wordcount>
    <wordcount weight="1" > tissues </wordcount>
    <wordcount weight="1" > maureen </wordcount>
    <wordcount weight="1" > heather </wordcount>
    <wordcount weight="1" > emil </wordcount>
    <wordcount weight="1" > microscope </wordcount>
    <wordcount weight="1" > deblossomed </wordcount>
    <wordcount weight="1" > pteridium </wordcount>
    <wordcount weight="1" > jpswichian </wordcount>
    <wordcount weight="1" > maiden </wordcount>
    <wordcount weight="1" > potentials </wordcount>
    <wordcount weight="1" > randomness </wordcount>
    <wordcount weight="1" > correlative </wordcount>
    <wordcount weight="1" > rubra </wordcount>
    <wordcount weight="1" > analytical </wordcount>
    <wordcount weight="1" > platismatia </wordcount>
    <wordcount weight="1" > associated </wordcount>
    <wordcount weight="1" > xxiv </wordcount>
    <wordcount weight="1" > hoheren </wordcount>
    <wordcount weight="1" > africa </wordcount>
    <wordcount weight="1" > sycomorus </wordcount>
    <wordcount weight="1" > families </wordcount>
    <wordcount weight="1" > xi </wordcount>
    <wordcount weight="1" > manual </wordcount>
    <wordcount weight="1" > two </wordcount>
    <wordcount weight="1" > kategorien </wordcount>
    <wordcount weight="1" > origins </wordcount>
    <wordcount weight="1" > comparisons </wordcount>
    <wordcount weight="1" > conservation </wordcount>
    <wordcount weight="1" > perenne </wordcount>
    <wordcount weight="1" > sources </wordcount>
    <wordcount weight="1" > cuticle </wordcount>
    <wordcount weight="1" > paraguay </wordcount>
    <wordcount weight="1" > nees </wordcount>
    <wordcount weight="1" > glutinosa </wordcount>
    <wordcount weight="1" > segments </wordcount>
    <wordcount weight="1" > potential </wordcount>
    <wordcount weight="1" > pauciflora </wordcount>
    <wordcount weight="1" > technique </wordcount>
    <wordcount weight="1" > aperture </wordcount>
    <wordcount weight="1" > natural </wordcount>
    <wordcount weight="1" > delimitation </wordcount>
    <wordcount weight="1" > utilization </wordcount>
    <wordcount weight="1" > dc </wordcount>
    <wordcount weight="1" > marina </wordcount>
    <wordcount weight="1" > soo </wordcount>
    <wordcount weight="1" > husk </wordcount>
    <wordcount weight="1" > towards </wordcount>
    <wordcount weight="1" > smith </wordcount>
    <wordcount weight="1" > newm </wordcount>
    <wordcount weight="1" > auf </wordcount>
    <wordcount weight="1" > mosses </wordcount>
    <wordcount weight="1" > key </wordcount>
    <wordcount weight="1" > banksiana </wordcount>
    <wordcount weight="1" > conifers </wordcount>
    <wordcount weight="1" > areas </wordcount>
    <wordcount weight="1" > occurrence </wordcount>
    <wordcount weight="1" > examination </wordcount>
    <wordcount weight="1" > deschampsia </wordcount>
    <wordcount weight="1" > phosphyorylation </wordcount>
    <wordcount weight="1" > wall </wordcount>
    <wordcount weight="1" > lainz </wordcount>
    <wordcount weight="1" > origin </wordcount>
    <wordcount weight="1" > vesicular </wordcount>
    <wordcount weight="1" > rudolf </wordcount>
    <wordcount weight="1" > carolina </wordcount>
    <wordcount weight="1" > lichens </wordcount>
    <wordcount weight="1" > ritchie </wordcount>
    <wordcount weight="1" > steppe </wordcount>
    <wordcount weight="1" > section </wordcount>
    <wordcount weight="1" > borrill </wordcount>
    <wordcount weight="1" > gramineae </wordcount>
    <wordcount weight="1" > diagnoses </wordcount>
    <wordcount weight="1" > jill </wordcount>
    <wordcount weight="1" > nutrient </wordcount>
    <wordcount weight="1" > glacial </wordcount>
    <wordcount weight="1" > simple </wordcount>
    <wordcount weight="1" > glauca </wordcount>
    <wordcount weight="1" > assessment </wordcount>
    <wordcount weight="1" > infected </wordcount>
    <wordcount weight="1" > marine </wordcount>
    <wordcount weight="1" > cattleya </wordcount>
    <wordcount weight="1" > chimeras </wordcount>
    <wordcount weight="1" > mycological </wordcount>
    <wordcount weight="1" > cercocarpus </wordcount>
    <wordcount weight="1" > dwarfing </wordcount>
    <wordcount weight="1" > california </wordcount>
    <wordcount weight="1" > third </wordcount>
    <wordcount weight="1" > automatic </wordcount>
    <wordcount weight="1" > respiratory </wordcount>
    <wordcount weight="1" > regulatoren </wordcount>
    <wordcount weight="1" > genera </wordcount>
    <wordcount weight="1" > rosaceae </wordcount>
    <wordcount weight="1" > commonwealth </wordcount>
    <wordcount weight="1" > population </wordcount>
    <wordcount weight="1" > carbohydrate </wordcount>
    <wordcount weight="1" > axes </wordcount>
    <wordcount weight="1" > involvement </wordcount>
    <wordcount weight="1" > herbicide </wordcount>
    <wordcount weight="1" > arten </wordcount>
    <wordcount weight="1" > judith </wordcount>
    <wordcount weight="1" > membranes </wordcount>
    <wordcount weight="1" > geobotanische </wordcount>
    <wordcount weight="1" > botanical </wordcount>
    <wordcount weight="1" > generic </wordcount>
    <wordcount weight="1" > zeylanica </wordcount>
    <wordcount weight="1" > virus </wordcount>
    <wordcount weight="1" > frequency </wordcount>
    <wordcount weight="1" > east </wordcount>
    <wordcount weight="1" > source </wordcount>
    <wordcount weight="1" > method </wordcount>
    <wordcount weight="1" > fundamentals </wordcount>
    <wordcount weight="1" > glucose </wordcount>
    <wordcount weight="1" > dianne </wordcount>
    <wordcount weight="1" > ability </wordcount>
    <wordcount weight="1" > tulasne </wordcount>
    <wordcount weight="1" > primary </wordcount>
    <wordcount weight="1" > institute </wordcount>
    <wordcount weight="1" > antony </wordcount>
    <wordcount weight="1" > heuffelii </wordcount>
    <wordcount weight="1" > vegetational </wordcount>
    <wordcount weight="1" > pocketbook </wordcount>
    <wordcount weight="1" > understanding </wordcount>
    <wordcount weight="1" > cetrelia </wordcount>
    <wordcount weight="1" > xiii </wordcount>
    <wordcount weight="1" > bacteria </wordcount>
    <wordcount weight="1" > tropical </wordcount>
    <wordcount weight="1" > progress </wordcount>
    <wordcount weight="1" > umbelliferae </wordcount>
    <wordcount weight="1" > turkey </wordcount>
    <wordcount weight="1" > received </wordcount>
    <wordcount weight="1" > seychelles </wordcount>
    <wordcount weight="1" > crown </wordcount>
    <wordcount weight="1" > outline </wordcount>
    <wordcount weight="1" > petch </wordcount>
    <wordcount weight="1" > trees </wordcount>
    <wordcount weight="1" > dioica </wordcount>
    <wordcount weight="1" > heredity </wordcount>
    <wordcount weight="1" > ions </wordcount>
    <wordcount weight="1" > sanguineum </wordcount>
    <wordcount weight="1" > affecting </wordcount>
    <wordcount weight="1" > breeding </wordcount>
    <wordcount weight="1" > processes </wordcount>
    <wordcount weight="1" > alga </wordcount>
    <wordcount weight="1" > excursion </wordcount>
    <wordcount weight="1" > resources </wordcount>
    <wordcount weight="1" > fur </wordcount>
    <wordcount weight="1" > colonize </wordcount>
    <wordcount weight="1" > untersuchungen </wordcount>
    <wordcount weight="1" > inorganic </wordcount>
    <wordcount weight="1" > elfyn </wordcount>
    <wordcount weight="1" > its </wordcount>
    <wordcount weight="1" > die </wordcount>
    <wordcount weight="1" > radiation </wordcount>
    <wordcount weight="1" > viruses </wordcount>
    <wordcount weight="1" > entstehung </wordcount>
    <wordcount weight="1" > implications </wordcount>
    <wordcount weight="1" > organization </wordcount>
    <wordcount weight="1" > diversity </wordcount>
    <wordcount weight="1" > liverworts </wordcount>
    <wordcount weight="1" > lower </wordcount>
    <wordcount weight="1" > eucalypts </wordcount>
    <wordcount weight="1" > karen </wordcount>
    <wordcount weight="1" > figures </wordcount>
    <wordcount weight="1" > loliumperenne </wordcount>
    <wordcount weight="1" > books </wordcount>
    <wordcount weight="1" > structures </wordcount>
    <wordcount weight="1" > frequencies </wordcount>
    <wordcount weight="1" > zoological </wordcount>
    <wordcount weight="1" > halophyte </wordcount>
    <wordcount weight="1" > frances </wordcount>
    <wordcount weight="1" > sheet </wordcount>
    <wordcount weight="1" > check </wordcount>
    <wordcount weight="1" > review </wordcount>
    <wordcount weight="1" > diagram </wordcount>
    <wordcount weight="1" > electron </wordcount>
    <wordcount weight="1" > sieb </wordcount>
    <wordcount weight="1" > ovary </wordcount>
    <wordcount weight="1" > cycling </wordcount>
    <wordcount weight="1" > pringsheim </wordcount>
    <wordcount weight="1" > recording </wordcount>
    <wordcount weight="1" > berkshire </wordcount>
    <wordcount weight="1" > differentiation </wordcount>
    <wordcount weight="1" > scanning </wordcount>
    <wordcount weight="1" > chenopodiaceae </wordcount>
    <wordcount weight="1" > feddersen </wordcount>
    <wordcount weight="1" > wheat </wordcount>
    <wordcount weight="1" > litter </wordcount>
    <wordcount weight="1" > edgar </wordcount>
    <wordcount weight="1" > sugar </wordcount>
    <wordcount weight="1" > web </wordcount>
    <wordcount weight="1" > authors </wordcount>
    <wordcount weight="1" > bei </wordcount>
    <wordcount weight="1" > embryonic </wordcount>
    <wordcount weight="1" > pollution </wordcount>
    <wordcount weight="1" > encyclopedia </wordcount>
    <wordcount weight="1" > betty </wordcount>
    <wordcount weight="1" > isles </wordcount>
    <wordcount weight="1" > phyllotaxis </wordcount>
    <wordcount weight="1" > course </wordcount>
    <wordcount weight="1" > activities </wordcount>
    <wordcount weight="1" > hawaii </wordcount>
    <wordcount weight="1" > symposium </wordcount>
    <wordcount weight="1" > their </wordcount>
    <wordcount weight="1" > indicator </wordcount>
    <wordcount weight="1" > reviewers </wordcount>
    <wordcount weight="1" > application </wordcount>
    <wordcount weight="1" > evidence </wordcount>
    <wordcount weight="1" > janet </wordcount>
    <wordcount weight="1" > duvig </wordcount>
    <wordcount weight="1" > industrial </wordcount>
    <wordcount weight="1" > stages </wordcount>
    <wordcount weight="1" > pathology </wordcount>
    <wordcount weight="1" > grassland </wordcount>
    <wordcount weight="1" > programme </wordcount>
    <wordcount weight="1" > old </wordcount>
    <wordcount weight="1" > late </wordcount>
    <wordcount weight="1" > stomata </wordcount>
    <wordcount weight="1" > exchange </wordcount>
    <wordcount weight="1" > desert </wordcount>
    <wordcount weight="1" > pathologic </wordcount>
    <wordcount weight="1" > conifer </wordcount>
    <wordcount weight="1" > concerning </wordcount>
    <wordcount weight="1" > mineral </wordcount>
    <wordcount weight="1" > wayside </wordcount>
    <wordcount weight="1" > ovaries </wordcount>
    <wordcount weight="1" > pierre </wordcount>
    <wordcount weight="1" > subjects </wordcount>
    <wordcount weight="1" > br </wordcount>
    <wordcount weight="1" > edmund </wordcount>
    <wordcount weight="1" > methods </wordcount>
    <wordcount weight="1" > columbia </wordcount>
    <wordcount weight="1" > aegean </wordcount>
    <wordcount weight="1" > variations </wordcount>
    <wordcount weight="1" > swelling </wordcount>
    <wordcount weight="1" > genetics </wordcount>
    <wordcount weight="1" > coast </wordcount>
    <wordcount weight="1" > xxvii </wordcount>
    <wordcount weight="1" > potatoes </wordcount>
    <wordcount weight="1" > partial </wordcount>
    <wordcount weight="1" > annual </wordcount>
    <wordcount weight="1" > flexuosa </wordcount>
    <wordcount weight="1" > fuscum </wordcount>
    <wordcount weight="1" > photoperiod </wordcount>
    <wordcount weight="1" > shetland </wordcount>
    <wordcount weight="1" > interaction </wordcount>
    <wordcount weight="1" > ipswichian </wordcount>
    <wordcount weight="1" > world </wordcount>
    <wordcount weight="1" > grace </wordcount>
    <wordcount weight="1" > gaseous </wordcount>
    <wordcount weight="1" > atlas </wordcount>
    <wordcount weight="1" > arnold </wordcount>
    <wordcount weight="1" > wachstums </wordcount>
    <wordcount weight="1" > modifications </wordcount>
    <wordcount weight="1" > wolfgang </wordcount>
    <wordcount weight="1" > pythium </wordcount>
    <wordcount weight="1" > grundriss </wordcount>
    <wordcount weight="1" > competitive </wordcount>
    <wordcount weight="1" > petiole </wordcount>
    <wordcount weight="1" > rates </wordcount>
    <wordcount weight="1" > viola </wordcount>
    <wordcount weight="1" > biosystematic </wordcount>
    <wordcount weight="1" > willis </wordcount>
    <wordcount weight="1" > xxv </wordcount>
    <wordcount weight="1" > society </wordcount>
    <wordcount weight="1" > mechanism </wordcount>
    <wordcount weight="1" > hypothesis </wordcount>
</article>
