<?xml version="1.0" encoding="UTF-8"?>
<article id="10.2307/2429054" >
    <wordcount weight="589" > the </wordcount>
    <wordcount weight="428" > of </wordcount>
    <wordcount weight="210" > in </wordcount>
    <wordcount weight="181" > and </wordcount>
    <wordcount weight="181" > to </wordcount>
    <wordcount weight="170" > a </wordcount>
    <wordcount weight="156" > is </wordcount>
    <wordcount weight="105" > that </wordcount>
    <wordcount weight="79" > as </wordcount>
    <wordcount weight="72" > for </wordcount>
    <wordcount weight="59" > it </wordcount>
    <wordcount weight="56" > at </wordcount>
    <wordcount weight="55" > by </wordcount>
    <wordcount weight="54" > from </wordcount>
    <wordcount weight="53" > are </wordcount>
    <wordcount weight="52" > this </wordcount>
    <wordcount weight="51" > plant </wordcount>
    <wordcount weight="47" > be </wordcount>
    <wordcount weight="47" > on </wordcount>
    <wordcount weight="46" > plants </wordcount>
    <wordcount weight="45" > which </wordcount>
    <wordcount weight="42" > i </wordcount>
    <wordcount weight="40" > not </wordcount>
    <wordcount weight="39" > we </wordcount>
    <wordcount weight="38" > ecotypic </wordcount>
    <wordcount weight="38" > size </wordcount>
    <wordcount weight="37" > with </wordcount>
    <wordcount weight="35" > variation </wordcount>
    <wordcount weight="34" > reproductive </wordcount>
    <wordcount weight="33" > an </wordcount>
    <wordcount weight="32" > seed </wordcount>
    <wordcount weight="30" > large </wordcount>
    <wordcount weight="30" > was </wordcount>
    <wordcount weight="27" > breeding </wordcount>
    <wordcount weight="27" > seeds </wordcount>
    <wordcount weight="26" > but </wordcount>
    <wordcount weight="26" > more </wordcount>
    <wordcount weight="25" > no </wordcount>
    <wordcount weight="25" > small </wordcount>
    <wordcount weight="24" > these </wordcount>
    <wordcount weight="24" > edaphic </wordcount>
    <wordcount weight="23" > population </wordcount>
    <wordcount weight="23" > than </wordcount>
    <wordcount weight="23" > were </wordcount>
    <wordcount weight="23" > have </wordcount>
    <wordcount weight="22" > their </wordcount>
    <wordcount weight="22" > populations </wordcount>
    <wordcount weight="22" > under </wordcount>
    <wordcount weight="22" > samples </wordcount>
    <wordcount weight="21" > only </wordcount>
    <wordcount weight="21" > number </wordcount>
    <wordcount weight="21" > scape </wordcount>
    <wordcount weight="20" > capacity </wordcount>
    <wordcount weight="20" > or </wordcount>
    <wordcount weight="20" > differentiation </wordcount>
    <wordcount weight="20" > between </wordcount>
    <wordcount weight="19" > j </wordcount>
    <wordcount weight="19" > other </wordcount>
    <wordcount weight="19" > conditions </wordcount>
    <wordcount weight="19" > different </wordcount>
    <wordcount weight="19" > has </wordcount>
    <wordcount weight="18" > environmental </wordcount>
    <wordcount weight="18" > w </wordcount>
    <wordcount weight="18" > species </wordcount>
    <wordcount weight="18" > table </wordcount>
    <wordcount weight="17" > within </wordcount>
    <wordcount weight="17" > gradients </wordcount>
    <wordcount weight="17" > taxonomic </wordcount>
    <wordcount weight="17" > been </wordcount>
    <wordcount weight="16" > sample </wordcount>
    <wordcount weight="16" > habit </wordcount>
    <wordcount weight="16" > flower </wordcount>
    <wordcount weight="16" > series </wordcount>
    <wordcount weight="15" > if </wordcount>
    <wordcount weight="15" > may </wordcount>
    <wordcount weight="15" > growth </wordcount>
    <wordcount weight="15" > b </wordcount>
    <wordcount weight="15" > data </wordcount>
    <wordcount weight="15" > hereditary </wordcount>
    <wordcount weight="15" > two </wordcount>
    <wordcount weight="15" > habitat </wordcount>
    <wordcount weight="15" > less </wordcount>
    <wordcount weight="15" > length </wordcount>
    <wordcount weight="14" > one </wordcount>
    <wordcount weight="14" > into </wordcount>
    <wordcount weight="14" > its </wordcount>
    <wordcount weight="14" > soil </wordcount>
    <wordcount weight="14" > ecological </wordcount>
    <wordcount weight="14" > very </wordcount>
    <wordcount weight="13" > ii </wordcount>
    <wordcount weight="13" > individuals </wordcount>
    <wordcount weight="13" > when </wordcount>
    <wordcount weight="13" > any </wordcount>
    <wordcount weight="13" > iii </wordcount>
    <wordcount weight="13" > c </wordcount>
    <wordcount weight="12" > all </wordcount>
    <wordcount weight="12" > there </wordcount>
    <wordcount weight="12" > thus </wordcount>
    <wordcount weight="12" > p </wordcount>
    <wordcount weight="12" > seedling </wordcount>
    <wordcount weight="12" > variates </wordcount>
    <wordcount weight="12" > so </wordcount>
    <wordcount weight="12" > some </wordcount>
    <wordcount weight="11" > such </wordcount>
    <wordcount weight="11" > l </wordcount>
    <wordcount weight="11" > though </wordcount>
    <wordcount weight="11" > significant </wordcount>
    <wordcount weight="11" > grade </wordcount>
    <wordcount weight="11" > while </wordcount>
    <wordcount weight="11" > each </wordcount>
    <wordcount weight="10" > per </wordcount>
    <wordcount weight="10" > ecotypes </wordcount>
    <wordcount weight="10" > gregor </wordcount>
    <wordcount weight="10" > even </wordcount>
    <wordcount weight="10" > means </wordcount>
    <wordcount weight="10" > most </wordcount>
    <wordcount weight="10" > treatments </wordcount>
    <wordcount weight="10" > habitats </wordcount>
    <wordcount weight="10" > index </wordcount>
    <wordcount weight="10" > experimental </wordcount>
    <wordcount weight="10" > growing </wordcount>
    <wordcount weight="10" > terms </wordcount>
    <wordcount weight="10" > level </wordcount>
    <wordcount weight="10" > average </wordcount>
    <wordcount weight="9" > they </wordcount>
    <wordcount weight="9" > plantain </wordcount>
    <wordcount weight="9" > being </wordcount>
    <wordcount weight="9" > find </wordcount>
    <wordcount weight="9" > higher </wordcount>
    <wordcount weight="9" > character </wordcount>
    <wordcount weight="9" > selection </wordcount>
    <wordcount weight="9" > same </wordcount>
    <wordcount weight="9" > treatment </wordcount>
    <wordcount weight="9" > new </wordcount>
    <wordcount weight="9" > variational </wordcount>
    <wordcount weight="9" > spike </wordcount>
    <wordcount weight="9" > trend </wordcount>
    <wordcount weight="9" > would </wordcount>
    <wordcount weight="9" > can </wordcount>
    <wordcount weight="9" > plantago </wordcount>
    <wordcount weight="9" > survival </wordcount>
    <wordcount weight="8" > now </wordcount>
    <wordcount weight="8" > total </wordcount>
    <wordcount weight="8" > advanced </wordcount>
    <wordcount weight="8" > advantage </wordcount>
    <wordcount weight="8" > possible </wordcount>
    <wordcount weight="8" > since </wordcount>
    <wordcount weight="8" > maritima </wordcount>
    <wordcount weight="8" > plantains </wordcount>
    <wordcount weight="8" > community </wordcount>
    <wordcount weight="8" > also </wordcount>
    <wordcount weight="8" > forth </wordcount>
    <wordcount weight="8" > range </wordcount>
    <wordcount weight="8" > where </wordcount>
    <wordcount weight="8" > environment </wordcount>
    <wordcount weight="8" > seedlings </wordcount>
    <wordcount weight="8" > erect </wordcount>
    <wordcount weight="8" > wild </wordcount>
    <wordcount weight="8" > area </wordcount>
    <wordcount weight="7" > does </wordcount>
    <wordcount weight="7" > way </wordcount>
    <wordcount weight="7" > represent </wordcount>
    <wordcount weight="7" > s </wordcount>
    <wordcount weight="7" > differences </wordcount>
    <wordcount weight="7" > those </wordcount>
    <wordcount weight="7" > far </wordcount>
    <wordcount weight="7" > weight </wordcount>
    <wordcount weight="7" > apparently </wordcount>
    <wordcount weight="7" > shall </wordcount>
    <wordcount weight="7" > study </wordcount>
    <wordcount weight="7" > four </wordcount>
    <wordcount weight="7" > greater </wordcount>
    <wordcount weight="7" > ranges </wordcount>
    <wordcount weight="7" > distribution </wordcount>
    <wordcount weight="7" > cannot </wordcount>
    <wordcount weight="7" > therefore </wordcount>
    <wordcount weight="7" > likely </wordcount>
    <wordcount weight="7" > elimination </wordcount>
    <wordcount weight="7" > competition </wordcount>
    <wordcount weight="7" > decumbent </wordcount>
    <wordcount weight="7" > high </wordcount>
    <wordcount weight="7" > practical </wordcount>
    <wordcount weight="7" > often </wordcount>
    <wordcount weight="7" > respect </wordcount>
    <wordcount weight="7" > following </wordcount>
    <wordcount weight="7" > what </wordcount>
    <wordcount weight="7" > grades </wordcount>
    <wordcount weight="7" > suggests </wordcount>
    <wordcount weight="6" > concerned </wordcount>
    <wordcount weight="6" > had </wordcount>
    <wordcount weight="6" > first </wordcount>
    <wordcount weight="6" > height </wordcount>
    <wordcount weight="6" > flowers </wordcount>
    <wordcount weight="6" > case </wordcount>
    <wordcount weight="6" > iv </wordcount>
    <wordcount weight="6" > occupying </wordcount>
    <wordcount weight="6" > along </wordcount>
    <wordcount weight="6" > correlation </wordcount>
    <wordcount weight="6" > bot </wordcount>
    <wordcount weight="6" > levels </wordcount>
    <wordcount weight="6" > coastal </wordcount>
    <wordcount weight="6" > ns </wordcount>
    <wordcount weight="6" > plots </wordcount>
    <wordcount weight="6" > established </wordcount>
    <wordcount weight="6" > whereas </wordcount>
    <wordcount weight="6" > trends </wordcount>
    <wordcount weight="6" > gradient </wordcount>
    <wordcount weight="6" > reference </wordcount>
    <wordcount weight="6" > fact </wordcount>
    <wordcount weight="6" > present </wordcount>
    <wordcount weight="6" > frequency </wordcount>
    <wordcount weight="6" > significance </wordcount>
    <wordcount weight="6" > structure </wordcount>
    <wordcount weight="6" > relationship </wordcount>
    <wordcount weight="6" > mortality </wordcount>
    <wordcount weight="6" > must </wordcount>
    <wordcount weight="5" > spikes </wordcount>
    <wordcount weight="5" > e </wordcount>
    <wordcount weight="5" > he </wordcount>
    <wordcount weight="5" > flowering </wordcount>
    <wordcount weight="5" > units </wordcount>
    <wordcount weight="5" > true </wordcount>
    <wordcount weight="5" > lower </wordcount>
    <wordcount weight="5" > dwarf </wordcount>
    <wordcount weight="5" > account </wordcount>
    <wordcount weight="5" > say </wordcount>
    <wordcount weight="5" > ecoclines </wordcount>
    <wordcount weight="5" > regarded </wordcount>
    <wordcount weight="5" > leaf </wordcount>
    <wordcount weight="5" > output </wordcount>
    <wordcount weight="5" > communities </wordcount>
    <wordcount weight="5" > connexion </wordcount>
    <wordcount weight="5" > proportion </wordcount>
    <wordcount weight="5" > similar </wordcount>
    <wordcount weight="5" > beyond </wordcount>
    <wordcount weight="5" > found </wordcount>
    <wordcount weight="5" > initial </wordcount>
    <wordcount weight="5" > ecoclinal </wordcount>
    <wordcount weight="5" > well </wordcount>
    <wordcount weight="5" > climatic </wordcount>
    <wordcount weight="5" > least </wordcount>
    <wordcount weight="5" > will </wordcount>
    <wordcount weight="5" > garden </wordcount>
    <wordcount weight="5" > selective </wordcount>
    <wordcount weight="5" > lewis </wordcount>
    <wordcount weight="5" > larger </wordcount>
    <wordcount weight="5" > v </wordcount>
    <wordcount weight="5" > ecotype </wordcount>
    <wordcount weight="5" > largely </wordcount>
    <wordcount weight="5" > actual </wordcount>
    <wordcount weight="5" > individual </wordcount>
    <wordcount weight="5" > collected </wordcount>
    <wordcount weight="5" > alpine </wordcount>
    <wordcount weight="5" > relation </wordcount>
    <wordcount weight="5" > tendency </wordcount>
    <wordcount weight="5" > coefficients </wordcount>
    <wordcount weight="5" > life </wordcount>
    <wordcount weight="5" > types </wordcount>
    <wordcount weight="5" > ie </wordcount>
    <wordcount weight="5" > then </wordcount>
    <wordcount weight="5" > associated </wordcount>
    <wordcount weight="5" > topocline </wordcount>
    <wordcount weight="5" > sampling </wordcount>
    <wordcount weight="5" > whether </wordcount>
    <wordcount weight="5" > particular </wordcount>
    <wordcount weight="5" > ecotypically </wordcount>
    <wordcount weight="5" > almost </wordcount>
    <wordcount weight="5" > upper </wordcount>
    <wordcount weight="5" > varieties </wordcount>
    <wordcount weight="5" > given </wordcount>
    <wordcount weight="5" > colonial </wordcount>
    <wordcount weight="5" > isolated </wordcount>
    <wordcount weight="5" > tall </wordcount>
    <wordcount weight="5" > recording </wordcount>
    <wordcount weight="5" > difference </wordcount>
    <wordcount weight="5" > d </wordcount>
    <wordcount weight="5" > reached </wordcount>
    <wordcount weight="4" > o </wordcount>
    <wordcount weight="4" > long </wordcount>
    <wordcount weight="4" > capsules </wordcount>
    <wordcount weight="4" > give </wordcount>
    <wordcount weight="4" > might </wordcount>
    <wordcount weight="4" > nature </wordcount>
    <wordcount weight="4" > vegetation </wordcount>
    <wordcount weight="4" > raised </wordcount>
    <wordcount weight="4" > central </wordcount>
    <wordcount weight="4" > interest </wordcount>
    <wordcount weight="4" > relatively </wordcount>
    <wordcount weight="4" > competitive </wordcount>
    <wordcount weight="4" > his </wordcount>
    <wordcount weight="4" > performance </wordcount>
    <wordcount weight="4" > unit </wordcount>
    <wordcount weight="4" > mean </wordcount>
    <wordcount weight="4" > determining </wordcount>
    <wordcount weight="4" > certain </wordcount>
    <wordcount weight="4" > direct </wordcount>
    <wordcount weight="4" > veronica </wordcount>
    <wordcount weight="4" > factors </wordcount>
    <wordcount weight="4" > important </wordcount>
    <wordcount weight="4" > view </wordcount>
    <wordcount weight="4" > bearing </wordcount>
    <wordcount weight="4" > diploids </wordcount>
    <wordcount weight="4" > out </wordcount>
    <wordcount weight="4" > density </wordcount>
    <wordcount weight="4" > equally </wordcount>
    <wordcount weight="4" > produced </wordcount>
    <wordcount weight="4" > surrounded </wordcount>
    <wordcount weight="4" > basis </wordcount>
    <wordcount weight="4" > loss </wordcount>
    <wordcount weight="4" > year </wordcount>
    <wordcount weight="4" > during </wordcount>
    <wordcount weight="4" > place </wordcount>
    <wordcount weight="4" > employed </wordcount>
    <wordcount weight="4" > subspecies </wordcount>
    <wordcount weight="4" > own </wordcount>
    <wordcount weight="4" > change </wordcount>
    <wordcount weight="4" > suggest </wordcount>
    <wordcount weight="4" > stage </wordcount>
    <wordcount weight="4" > core </wordcount>
    <wordcount weight="4" > results </wordcount>
    <wordcount weight="4" > value </wordcount>
    <wordcount weight="4" > happen </wordcount>
    <wordcount weight="4" > matter </wordcount>
    <wordcount weight="4" > absence </wordcount>
    <wordcount weight="4" > still </wordcount>
    <wordcount weight="4" > ring </wordcount>
    <wordcount weight="4" > time </wordcount>
    <wordcount weight="4" > pattern </wordcount>
    <wordcount weight="4" > forms </wordcount>
    <wordcount weight="4" > physiological </wordcount>
    <wordcount weight="4" > increases </wordcount>
    <wordcount weight="4" > see </wordcount>
    <wordcount weight="4" > material </wordcount>
    <wordcount weight="4" > perhaps </wordcount>
    <wordcount weight="4" > distance </wordcount>
    <wordcount weight="4" > local </wordcount>
    <wordcount weight="4" > classes </wordcount>
    <wordcount weight="4" > increase </wordcount>
    <wordcount weight="4" > expression </wordcount>
    <wordcount weight="4" > assume </wordcount>
    <wordcount weight="4" > discontinuity </wordcount>
    <wordcount weight="4" > described </wordcount>
    <wordcount weight="4" > three </wordcount>
    <wordcount weight="4" > points </wordcount>
    <wordcount weight="4" > general </wordcount>
    <wordcount weight="4" > obtained </wordcount>
    <wordcount weight="4" > stages </wordcount>
    <wordcount weight="4" > mountain </wordcount>
    <wordcount weight="4" > respective </wordcount>
    <wordcount weight="4" > random </wordcount>
    <wordcount weight="4" > do </wordcount>
    <wordcount weight="4" > officinalis </wordcount>
    <wordcount weight="4" > phytol </wordcount>
    <wordcount weight="4" > fertility </wordcount>
    <wordcount weight="4" > characteristics </wordcount>
    <wordcount weight="4" > produce </wordcount>
    <wordcount weight="4" > gradation </wordcount>
    <wordcount weight="4" > both </wordcount>
    <wordcount weight="4" > our </wordcount>
    <wordcount weight="4" > question </wordcount>
    <wordcount weight="4" > shown </wordcount>
    <wordcount weight="4" > years </wordcount>
    <wordcount weight="4" > approximately </wordcount>
    <wordcount weight="4" > increased </wordcount>
    <wordcount weight="4" > specific </wordcount>
    <wordcount weight="4" > potential </wordcount>
    <wordcount weight="4" > occurring </wordcount>
    <wordcount weight="4" > point </wordcount>
    <wordcount weight="4" > vary </wordcount>
    <wordcount weight="4" > characters </wordcount>
    <wordcount weight="4" > much </wordcount>
    <wordcount weight="3" > groups </wordcount>
    <wordcount weight="3" > correlations </wordcount>
    <wordcount weight="3" > extreme </wordcount>
    <wordcount weight="3" > ultimate </wordcount>
    <wordcount weight="3" > group </wordcount>
    <wordcount weight="3" > complex </wordcount>
    <wordcount weight="3" > tend </wordcount>
    <wordcount weight="3" > studies </wordcount>
    <wordcount weight="3" > before </wordcount>
    <wordcount weight="3" > something </wordcount>
    <wordcount weight="3" > tetraploids </wordcount>
    <wordcount weight="3" > reach </wordcount>
    <wordcount weight="3" > principles </wordcount>
    <wordcount weight="3" > origin </wordcount>
    <wordcount weight="3" > composition </wordcount>
    <wordcount weight="3" > inland </wordcount>
    <wordcount weight="3" > scapes </wordcount>
    <wordcount weight="3" > recorded </wordcount>
    <wordcount weight="3" > establishment </wordcount>
    <wordcount weight="3" > juvenile </wordcount>
    <wordcount weight="3" > frequencies </wordcount>
    <wordcount weight="3" > g </wordcount>
    <wordcount weight="3" > salisbury </wordcount>
    <wordcount weight="3" > response </wordcount>
    <wordcount weight="3" > compared </wordcount>
    <wordcount weight="3" > spotted </wordcount>
    <wordcount weight="3" > continuous </wordcount>
    <wordcount weight="3" > effective </wordcount>
    <wordcount weight="3" > graded </wordcount>
    <wordcount weight="3" > generation </wordcount>
    <wordcount weight="3" > recognized </wordcount>
    <wordcount weight="3" > whose </wordcount>
    <wordcount weight="3" > taxonomy </wordcount>
    <wordcount weight="3" > how </wordcount>
    <wordcount weight="3" > process </wordcount>
    <wordcount weight="3" > importance </wordcount>
    <wordcount weight="3" > lanceolata </wordcount>
    <wordcount weight="3" > sum </wordcount>
    <wordcount weight="3" > n </wordcount>
    <wordcount weight="3" > numbers </wordcount>
    <wordcount weight="3" > commonly </wordcount>
    <wordcount weight="3" > comprising </wordcount>
    <wordcount weight="3" > terminology </wordcount>
    <wordcount weight="3" > m </wordcount>
    <wordcount weight="3" > expressed </wordcount>
    <wordcount weight="3" > result </wordcount>
    <wordcount weight="3" > strength </wordcount>
    <wordcount weight="3" > relate </wordcount>
    <wordcount weight="3" > dispersal </wordcount>
    <wordcount weight="3" > pollen </wordcount>
    <wordcount weight="3" > floristic </wordcount>
    <wordcount weight="3" > trial </wordcount>
    <wordcount weight="3" > bc </wordcount>
    <wordcount weight="3" > ideal </wordcount>
    <wordcount weight="3" > concept </wordcount>
    <wordcount weight="3" > significantly </wordcount>
    <wordcount weight="3" > favourable </wordcount>
    <wordcount weight="3" > competing </wordcount>
    <wordcount weight="3" > proportions </wordcount>
    <wordcount weight="3" > related </wordcount>
    <wordcount weight="3" > ecocline </wordcount>
    <wordcount weight="3" > tolerance </wordcount>
    <wordcount weight="3" > t </wordcount>
    <wordcount weight="3" > numerically </wordcount>
    <wordcount weight="3" > reliable </wordcount>
    <wordcount weight="3" > standpoint </wordcount>
    <wordcount weight="3" > several </wordcount>
    <wordcount weight="3" > few </wordcount>
    <wordcount weight="3" > grow </wordcount>
    <wordcount weight="3" > denotes </wordcount>
    <wordcount weight="3" > climate </wordcount>
    <wordcount weight="3" > dependent </wordcount>
    <wordcount weight="3" > reduced </wordcount>
    <wordcount weight="3" > minor </wordcount>
    <wordcount weight="3" > above </wordcount>
    <wordcount weight="3" > fitness </wordcount>
    <wordcount weight="3" > single </wordcount>
    <wordcount weight="3" > biological </wordcount>
    <wordcount weight="3" > about </wordcount>
    <wordcount weight="3" > examined </wordcount>
    <wordcount weight="3" > represents </wordcount>
    <wordcount weight="3" > pp </wordcount>
    <wordcount weight="3" > upwards </wordcount>
    <wordcount weight="3" > populated </wordcount>
    <wordcount weight="3" > light </wordcount>
    <wordcount weight="3" > diploid </wordcount>
    <wordcount weight="3" > belonging </wordcount>
    <wordcount weight="3" > cultivated </wordcount>
    <wordcount weight="3" > genecology </wordcount>
    <wordcount weight="3" > available </wordcount>
    <wordcount weight="3" > varies </wordcount>
    <wordcount weight="3" > towards </wordcount>
    <wordcount weight="3" > consideration </wordcount>
    <wordcount weight="3" > meadow </wordcount>
    <wordcount weight="3" > end </wordcount>
    <wordcount weight="3" > plate </wordcount>
    <wordcount weight="3" > competitors </wordcount>
    <wordcount weight="3" > relevant </wordcount>
    <wordcount weight="3" > necessary </wordcount>
    <wordcount weight="3" > free </wordcount>
    <wordcount weight="3" > degree </wordcount>
    <wordcount weight="3" > another </wordcount>
    <wordcount weight="3" > divided </wordcount>
    <wordcount weight="3" > upon </wordcount>
    <wordcount weight="3" > bear </wordcount>
    <wordcount weight="3" > ecologically </wordcount>
    <wordcount weight="3" > examination </wordcount>
    <wordcount weight="3" > chosen </wordcount>
    <wordcount weight="3" > low </wordcount>
    <wordcount weight="3" > counted </wordcount>
    <wordcount weight="3" > after </wordcount>
    <wordcount weight="3" > latter </wordcount>
    <wordcount weight="3" > especially </wordcount>
    <wordcount weight="3" > britain </wordcount>
    <wordcount weight="3" > differ </wordcount>
    <wordcount weight="3" > equivalent </wordcount>
    <wordcount weight="3" > streams </wordcount>
    <wordcount weight="3" > european </wordcount>
    <wordcount weight="3" > note </wordcount>
    <wordcount weight="3" > provide </wordcount>
    <wordcount weight="3" > sqyd </wordcount>
    <wordcount weight="3" > favour </wordcount>
    <wordcount weight="3" > seen </wordcount>
    <wordcount weight="3" > analysis </wordcount>
    <wordcount weight="3" > distributional </wordcount>
    <wordcount weight="3" > differentiated </wordcount>
    <wordcount weight="3" > contained </wordcount>
    <wordcount weight="3" > here </wordcount>
    <wordcount weight="3" > column </wordcount>
    <wordcount weight="3" > hereditarily </wordcount>
    <wordcount weight="3" > correspond </wordcount>
    <wordcount weight="3" > half </wordcount>
    <wordcount weight="3" > regard </wordcount>
    <wordcount weight="3" > type </wordcount>
    <wordcount weight="3" > spatial </wordcount>
    <wordcount weight="3" > form </wordcount>
    <wordcount weight="3" > sinskaja </wordcount>
    <wordcount weight="3" > contain </wordcount>
    <wordcount weight="3" > recognition </wordcount>
    <wordcount weight="3" > despite </wordcount>
    <wordcount weight="3" > ac </wordcount>
    <wordcount weight="3" > huxley </wordcount>
    <wordcount weight="3" > decumbents </wordcount>
    <wordcount weight="3" > until </wordcount>
    <wordcount weight="3" > smaller </wordcount>
    <wordcount weight="3" > attributes </wordcount>
    <wordcount weight="3" > off </wordcount>
    <wordcount weight="3" > measured </wordcount>
    <wordcount weight="3" > remains </wordcount>
    <wordcount weight="3" > drift </wordcount>
    <wordcount weight="3" > little </wordcount>
    <wordcount weight="3" > among </wordcount>
    <wordcount weight="3" > ab </wordcount>
    <wordcount weight="3" > should </wordcount>
    <wordcount weight="3" > showed </wordcount>
    <wordcount weight="2" > go </wordcount>
    <wordcount weight="2" > rate </wordcount>
    <wordcount weight="2" > limits </wordcount>
    <wordcount weight="2" > generalization </wordcount>
    <wordcount weight="2" > common </wordcount>
    <wordcount weight="2" > fertile </wordcount>
    <wordcount weight="2" > judging </wordcount>
    <wordcount weight="2" > considerably </wordcount>
    <wordcount weight="2" > over </wordcount>
    <wordcount weight="2" > succession </wordcount>
    <wordcount weight="2" > introduction </wordcount>
    <wordcount weight="2" > constitution </wordcount>
    <wordcount weight="2" > scottish </wordcount>
    <wordcount weight="2" > becoming </wordcount>
    <wordcount weight="2" > gamodeme </wordcount>
    <wordcount weight="2" > vigour </wordcount>
    <wordcount weight="2" > h </wordcount>
    <wordcount weight="2" > strictly </wordcount>
    <wordcount weight="2" > necessarily </wordcount>
    <wordcount weight="2" > classify </wordcount>
    <wordcount weight="2" > said </wordcount>
    <wordcount weight="2" > either </wordcount>
    <wordcount weight="2" > hence </wordcount>
    <wordcount weight="2" > certainly </wordcount>
    <wordcount weight="2" > exclusive </wordcount>
    <wordcount weight="2" > europe </wordcount>
    <wordcount weight="2" > constituents </wordcount>
    <wordcount weight="2" > spaced </wordcount>
    <wordcount weight="2" > inherent </wordcount>
    <wordcount weight="2" > take </wordcount>
    <wordcount weight="2" > state </wordcount>
    <wordcount weight="2" > system </wordcount>
    <wordcount weight="2" > british </wordcount>
    <wordcount weight="2" > ark </wordcount>
    <wordcount weight="2" > owing </wordcount>
    <wordcount weight="2" > adverse </wordcount>
    <wordcount weight="2" > ecoclinally </wordcount>
    <wordcount weight="2" > fl </wordcount>
    <wordcount weight="2" > slight </wordcount>
    <wordcount weight="2" > obvious </wordcount>
    <wordcount weight="2" > combination </wordcount>
    <wordcount weight="2" > genetic </wordcount>
    <wordcount weight="2" > minimum </wordcount>
    <wordcount weight="2" > zonation </wordcount>
    <wordcount weight="2" > measurement </wordcount>
    <wordcount weight="2" > raunkiaer </wordcount>
    <wordcount weight="2" > development </wordcount>
    <wordcount weight="2" > mm </wordcount>
    <wordcount weight="2" > occurs </wordcount>
    <wordcount weight="2" > amount </wordcount>
    <wordcount weight="2" > simplest </wordcount>
    <wordcount weight="2" > six </wordcount>
    <wordcount weight="2" > suitable </wordcount>
    <wordcount weight="2" > waterlogged </wordcount>
    <wordcount weight="2" > criterion </wordcount>
    <wordcount weight="2" > appreciated </wordcount>
    <wordcount weight="2" > pronounced </wordcount>
    <wordcount weight="2" > influence </wordcount>
    <wordcount weight="2" > luxuriant </wordcount>
    <wordcount weight="2" > essential </wordcount>
    <wordcount weight="2" > without </wordcount>
    <wordcount weight="2" > rather </wordcount>
    <wordcount weight="2" > remain </wordcount>
    <wordcount weight="2" > topoclinal </wordcount>
    <wordcount weight="2" > var </wordcount>
    <wordcount weight="2" > represented </wordcount>
    <wordcount weight="2" > environments </wordcount>
    <wordcount weight="2" > taxonomists </wordcount>
    <wordcount weight="2" > parts </wordcount>
    <wordcount weight="2" > assuming </wordcount>
    <wordcount weight="2" > extremes </wordcount>
    <wordcount weight="2" > reason </wordcount>
    <wordcount weight="2" > changes </wordcount>
    <wordcount weight="2" > consider </wordcount>
    <wordcount weight="2" > statistical </wordcount>
    <wordcount weight="2" > just </wordcount>
    <wordcount weight="2" > observations </wordcount>
    <wordcount weight="2" > prevent </wordcount>
    <wordcount weight="2" > show </wordcount>
    <wordcount weight="2" > isolation </wordcount>
    <wordcount weight="2" > followed </wordcount>
    <wordcount weight="2" > definite </wordcount>
    <wordcount weight="2" > riviniana </wordcount>
    <wordcount weight="2" > typical </wordcount>
    <wordcount weight="2" > term </wordcount>
    <wordcount weight="2" > cultural </wordcount>
    <wordcount weight="2" > equal </wordcount>
    <wordcount weight="2" > scale </wordcount>
    <wordcount weight="2" > iceland </wordcount>
    <wordcount weight="2" > excluded </wordcount>
    <wordcount weight="2" > near </wordcount>
    <wordcount weight="2" > receive </wordcount>
    <wordcount weight="2" > because </wordcount>
    <wordcount weight="2" > liable </wordcount>
    <wordcount weight="2" > comprises </wordcount>
    <wordcount weight="2" > part </wordcount>
    <wordcount weight="2" > apparent </wordcount>
    <wordcount weight="2" > positions </wordcount>
    <wordcount weight="2" > whole </wordcount>
    <wordcount weight="2" > fail </wordcount>
    <wordcount weight="2" > heredity </wordcount>
    <wordcount weight="2" > figures </wordcount>
    <wordcount weight="2" > genet </wordcount>
    <wordcount weight="2" > sense </wordcount>
    <wordcount weight="2" > viable </wordcount>
    <wordcount weight="2" > presented </wordcount>
    <wordcount weight="2" > working </wordcount>
    <wordcount weight="2" > field </wordcount>
    <wordcount weight="2" > next </wordcount>
    <wordcount weight="2" > diagnostic </wordcount>
    <wordcount weight="2" > accomplished </wordcount>
    <wordcount weight="2" > impossible </wordcount>
    <wordcount weight="2" > widely </wordcount>
    <wordcount weight="2" > customary </wordcount>
    <wordcount weight="2" > mendelian </wordcount>
    <wordcount weight="2" > annual </wordcount>
    <wordcount weight="2" > orthodox </wordcount>
    <wordcount weight="2" > geographical </wordcount>
    <wordcount weight="2" > partially </wordcount>
    <wordcount weight="2" > various </wordcount>
    <wordcount weight="2" > bocher </wordcount>
    <wordcount weight="2" > action </wordcount>
    <wordcount weight="2" > separation </wordcount>
    <wordcount weight="2" > indeed </wordcount>
    <wordcount weight="2" > tide </wordcount>
    <wordcount weight="2" > appreciate </wordcount>
    <wordcount weight="2" > exception </wordcount>
    <wordcount weight="2" > hold </wordcount>
    <wordcount weight="2" > percentage </wordcount>
    <wordcount weight="2" > criticism </wordcount>
    <wordcount weight="2" > makes </wordcount>
    <wordcount weight="2" > serve </wordcount>
    <wordcount weight="2" > continuity </wordcount>
    <wordcount weight="2" > included </wordcount>
    <wordcount weight="2" > rightly </wordcount>
    <wordcount weight="2" > culture </wordcount>
    <wordcount weight="2" > already </wordcount>
    <wordcount weight="2" > illustrated </wordcount>
    <wordcount weight="2" > picture </wordcount>
    <wordcount weight="2" > volume </wordcount>
    <wordcount weight="2" > name </wordcount>
    <wordcount weight="2" > successfully </wordcount>
    <wordcount weight="2" > pointed </wordcount>
    <wordcount weight="2" > intraspecific </wordcount>
    <wordcount weight="2" > shows </wordcount>
    <wordcount weight="2" > idea </wordcount>
    <wordcount weight="2" > coincidence </wordcount>
    <wordcount weight="2" > areas </wordcount>
    <wordcount weight="2" > nemorosa </wordcount>
    <wordcount weight="2" > clarendon </wordcount>
    <wordcount weight="2" > deschampsia </wordcount>
    <wordcount weight="2" > doubt </wordcount>
    <wordcount weight="2" > identical </wordcount>
    <wordcount weight="2" > distributions </wordcount>
    <wordcount weight="2" > considerable </wordcount>
    <wordcount weight="2" > patterns </wordcount>
    <wordcount weight="2" > geography </wordcount>
    <wordcount weight="2" > ultimately </wordcount>
    <wordcount weight="2" > coincident </wordcount>
    <wordcount weight="2" > eg </wordcount>
    <wordcount weight="2" > colony </wordcount>
    <wordcount weight="2" > gives </wordcount>
    <wordcount weight="2" > grouping </wordcount>
    <wordcount weight="2" > explanation </wordcount>
    <wordcount weight="2" > organisms </wordcount>
    <wordcount weight="2" > values </wordcount>
    <wordcount weight="2" > cult </wordcount>
    <wordcount weight="2" > topotype </wordcount>
    <wordcount weight="2" > topoclines </wordcount>
    <wordcount weight="2" > nothing </wordcount>
    <wordcount weight="2" > topoclinally </wordcount>
    <wordcount weight="2" > previous </wordcount>
    <wordcount weight="2" > vii </wordcount>
    <wordcount weight="2" > peripheral </wordcount>
    <wordcount weight="2" > obtaining </wordcount>
    <wordcount weight="2" > times </wordcount>
    <wordcount weight="2" > genetics </wordcount>
    <wordcount weight="2" > geographically </wordcount>
    <wordcount weight="2" > optimum </wordcount>
    <wordcount weight="2" > features </wordcount>
    <wordcount weight="2" > standard </wordcount>
    <wordcount weight="2" > assessing </wordcount>
    <wordcount weight="2" > exactly </wordcount>
    <wordcount weight="2" > effect </wordcount>
    <wordcount weight="2" > assigning </wordcount>
    <wordcount weight="2" > normal </wordcount>
    <wordcount weight="2" > viola </wordcount>
    <wordcount weight="2" > separate </wordcount>
    <wordcount weight="2" > dealing </wordcount>
    <wordcount weight="2" > usually </wordcount>
    <wordcount weight="2" > deteriorating </wordcount>
    <wordcount weight="2" > becomes </wordcount>
    <wordcount weight="2" > overlap </wordcount>
    <wordcount weight="2" > exists </wordcount>
    <wordcount weight="2" > examine </wordcount>
    <wordcount weight="2" > mud </wordcount>
    <wordcount weight="2" > zygotes </wordcount>
    <wordcount weight="2" > share </wordcount>
    <wordcount weight="2" > topotypes </wordcount>
    <wordcount weight="2" > conclusion </wordcount>
    <wordcount weight="2" > nutritional </wordcount>
    <wordcount weight="2" > colonization </wordcount>
    <wordcount weight="2" > paper </wordcount>
    <wordcount weight="2" > dansk </wordcount>
    <wordcount weight="2" > worth </wordcount>
    <wordcount weight="2" > auxiliary </wordcount>
    <wordcount weight="2" > sizes </wordcount>
    <wordcount weight="2" > seem </wordcount>
    <wordcount weight="2" > best </wordcount>
    <wordcount weight="2" > sc </wordcount>
    <wordcount weight="2" > differed </wordcount>
    <wordcount weight="2" > past </wordcount>
    <wordcount weight="2" > anomalous </wordcount>
    <wordcount weight="2" > living </wordcount>
    <wordcount weight="2" > better </wordcount>
    <wordcount weight="2" > references </wordcount>
    <wordcount weight="2" > physiologic </wordcount>
    <wordcount weight="2" > edinburgh </wordcount>
    <wordcount weight="2" > mere </wordcount>
    <wordcount weight="2" > lengths </wordcount>
    <wordcount weight="2" > problem </wordcount>
    <wordcount weight="2" > influenced </wordcount>
    <wordcount weight="2" > categories </wordcount>
    <wordcount weight="2" > content </wordcount>
    <wordcount weight="2" > press </wordcount>
    <wordcount weight="2" > measure </wordcount>
    <wordcount weight="2" > contribute </wordcount>
    <wordcount weight="2" > discussion </wordcount>
    <wordcount weight="2" > maintained </wordcount>
    <wordcount weight="2" > named </wordcount>
    <wordcount weight="2" > false </wordcount>
    <wordcount weight="2" > spring </wordcount>
    <wordcount weight="2" > numerous </wordcount>
    <wordcount weight="2" > morphological </wordcount>
    <wordcount weight="2" > contributed </wordcount>
    <wordcount weight="2" > grown </wordcount>
    <wordcount weight="2" > although </wordcount>
    <wordcount weight="2" > correlated </wordcount>
    <wordcount weight="2" > morphologically </wordcount>
    <wordcount weight="2" > shift </wordcount>
    <wordcount weight="2" > summary </wordcount>
    <wordcount weight="2" > doubtless </wordcount>
    <wordcount weight="2" > improve </wordcount>
    <wordcount weight="2" > vi </wordcount>
    <wordcount weight="2" > intergroup </wordcount>
    <wordcount weight="2" > fortuitous </wordcount>
    <wordcount weight="2" > discontinuous </wordcount>
    <wordcount weight="2" > major </wordcount>
    <wordcount weight="2" > strong </wordcount>
    <wordcount weight="2" > close </wordcount>
    <wordcount weight="2" > occur </wordcount>
    <wordcount weight="2" > continuously </wordcount>
    <wordcount weight="1" > margins </wordcount>
    <wordcount weight="1" > rchb </wordcount>
    <wordcount weight="1" > done </wordcount>
    <wordcount weight="1" > underrate </wordcount>
    <wordcount weight="1" > paralleled </wordcount>
    <wordcount weight="1" > exhibiting </wordcount>
    <wordcount weight="1" > page </wordcount>
    <wordcount weight="1" > estimated </wordcount>
    <wordcount weight="1" > representing </wordcount>
    <wordcount weight="1" > later </wordcount>
    <wordcount weight="1" > soluble </wordcount>
    <wordcount weight="1" > rev </wordcount>
    <wordcount weight="1" > names </wordcount>
    <wordcount weight="1" > arctic </wordcount>
    <wordcount weight="1" > till </wordcount>
    <wordcount weight="1" > separated </wordcount>
    <wordcount weight="1" > truth </wordcount>
    <wordcount weight="1" > affected </wordcount>
    <wordcount weight="1" > allelomorph </wordcount>
    <wordcount weight="1" > resulted </wordcount>
    <wordcount weight="1" > college </wordcount>
    <wordcount weight="1" > determine </wordcount>
    <wordcount weight="1" > naming </wordcount>
    <wordcount weight="1" > alone </wordcount>
    <wordcount weight="1" > eliminated </wordcount>
    <wordcount weight="1" > dseedlings </wordcount>
    <wordcount weight="1" > distributed </wordcount>
    <wordcount weight="1" > debris </wordcount>
    <wordcount weight="1" > formulated </wordcount>
    <wordcount weight="1" > needs </wordcount>
    <wordcount weight="1" > interrelationships </wordcount>
    <wordcount weight="1" > american </wordcount>
    <wordcount weight="1" > measurable </wordcount>
    <wordcount weight="1" > replaced </wordcount>
    <wordcount weight="1" > achievements </wordcount>
    <wordcount weight="1" > designed </wordcount>
    <wordcount weight="1" > situation </wordcount>
    <wordcount weight="1" > approaches </wordcount>
    <wordcount weight="1" > arrangement </wordcount>
    <wordcount weight="1" > easily </wordcount>
    <wordcount weight="1" > analyse </wordcount>
    <wordcount weight="1" > struggle </wordcount>
    <wordcount weight="1" > modern </wordcount>
    <wordcount weight="1" > appl </wordcount>
    <wordcount weight="1" > ti </wordcount>
    <wordcount weight="1" > former </wordcount>
    <wordcount weight="1" > reasonably </wordcount>
    <wordcount weight="1" > protection </wordcount>
    <wordcount weight="1" > fixed </wordcount>
    <wordcount weight="1" > organic </wordcount>
    <wordcount weight="1" > title </wordcount>
    <wordcount weight="1" > laid </wordcount>
    <wordcount weight="1" > occurred </wordcount>
    <wordcount weight="1" > habits </wordcount>
    <wordcount weight="1" > pasture </wordcount>
    <wordcount weight="1" > ascertainable </wordcount>
    <wordcount weight="1" > iooo </wordcount>
    <wordcount weight="1" > migration </wordcount>
    <wordcount weight="1" > amongst </wordcount>
    <wordcount weight="1" > permitted </wordcount>
    <wordcount weight="1" > discontinuously </wordcount>
    <wordcount weight="1" > leads </wordcount>
    <wordcount weight="1" > test </wordcount>
    <wordcount weight="1" > meadows </wordcount>
    <wordcount weight="1" > attributable </wordcount>
    <wordcount weight="1" > gap </wordcount>
    <wordcount weight="1" > upland </wordcount>
    <wordcount weight="1" > decidedly </wordcount>
    <wordcount weight="1" > provision </wordcount>
    <wordcount weight="1" > titles </wordcount>
    <wordcount weight="1" > uncongenial </wordcount>
    <wordcount weight="1" > constituting </wordcount>
    <wordcount weight="1" > distinguishing </wordcount>
    <wordcount weight="1" > originally </wordcount>
    <wordcount weight="1" > expectation </wordcount>
    <wordcount weight="1" > ourselves </wordcount>
    <wordcount weight="1" > experiments </wordcount>
    <wordcount weight="1" > supplied </wordcount>
    <wordcount weight="1" > words </wordcount>
    <wordcount weight="1" > definition </wordcount>
    <wordcount weight="1" > confirmed </wordcount>
    <wordcount weight="1" > comparatively </wordcount>
    <wordcount weight="1" > belong </wordcount>
    <wordcount weight="1" > cotyledonary </wordcount>
    <wordcount weight="1" > arises </wordcount>
    <wordcount weight="1" > admittedly </wordcount>
    <wordcount weight="1" > borne </wordcount>
    <wordcount weight="1" > studied </wordcount>
    <wordcount weight="1" > able </wordcount>
    <wordcount weight="1" > characterizing </wordcount>
    <wordcount weight="1" > individualsecotypic </wordcount>
    <wordcount weight="1" > genus </wordcount>
    <wordcount weight="1" > products </wordcount>
    <wordcount weight="1" > ia </wordcount>
    <wordcount weight="1" > reproduction </wordcount>
    <wordcount weight="1" > feature </wordcount>
    <wordcount weight="1" > sqcm </wordcount>
    <wordcount weight="1" > confers </wordcount>
    <wordcount weight="1" > chloride </wordcount>
    <wordcount weight="1" > replicated </wordcount>
    <wordcount weight="1" > emphasized </wordcount>
    <wordcount weight="1" > respond </wordcount>
    <wordcount weight="1" > influences </wordcount>
    <wordcount weight="1" > opposite </wordcount>
    <wordcount weight="1" > alike </wordcount>
    <wordcount weight="1" > ity </wordcount>
    <wordcount weight="1" > verbascum </wordcount>
    <wordcount weight="1" > el </wordcount>
    <wordcount weight="1" > conferring </wordcount>
    <wordcount weight="1" > contents </wordcount>
    <wordcount weight="1" > depends </wordcount>
    <wordcount weight="1" > adaptational </wordcount>
    <wordcount weight="1" > nearer </wordcount>
    <wordcount weight="1" > issue </wordcount>
    <wordcount weight="1" > side </wordcount>
    <wordcount weight="1" > pl </wordcount>
    <wordcount weight="1" > takes </wordcount>
    <wordcount weight="1" > advocates </wordcount>
    <wordcount weight="1" > existence </wordcount>
    <wordcount weight="1" > botanical </wordcount>
    <wordcount weight="1" > linear </wordcount>
    <wordcount weight="1" > eastern </wordcount>
    <wordcount weight="1" > east </wordcount>
    <wordcount weight="1" > eastwards </wordcount>
    <wordcount weight="1" > caespitosa </wordcount>
    <wordcount weight="1" > severe </wordcount>
    <wordcount weight="1" > primary </wordcount>
    <wordcount weight="1" > bases </wordcount>
    <wordcount weight="1" > saying </wordcount>
    <wordcount weight="1" > agriculture </wordcount>
    <wordcount weight="1" > discuss </wordcount>
    <wordcount weight="1" > rests </wordcount>
    <wordcount weight="1" > inl </wordcount>
    <wordcount weight="1" > cain </wordcount>
    <wordcount weight="1" > figs </wordcount>
    <wordcount weight="1" > replacement </wordcount>
    <wordcount weight="1" > welcome </wordcount>
    <wordcount weight="1" > abundantly </wordcount>
    <wordcount weight="1" > capable </wordcount>
    <wordcount weight="1" > kainnedomen </wordcount>
    <wordcount weight="1" > marked </wordcount>
    <wordcount weight="1" > condition </wordcount>
    <wordcount weight="1" > reaction </wordcount>
    <wordcount weight="1" > solely </wordcount>
    <wordcount weight="1" > october </wordcount>
    <wordcount weight="1" > aukland </wordcount>
    <wordcount weight="1" > occupy </wordcount>
    <wordcount weight="1" > genotypical </wordcount>
    <wordcount weight="1" > apart </wordcount>
    <wordcount weight="1" > variations </wordcount>
    <wordcount weight="1" > bell </wordcount>
    <wordcount weight="1" > except </wordcount>
    <wordcount weight="1" > bidrag </wordcount>
    <wordcount weight="1" > ignores </wordcount>
    <wordcount weight="1" > apply </wordcount>
    <wordcount weight="1" > undoubtedly </wordcount>
    <wordcount weight="1" > savours </wordcount>
    <wordcount weight="1" > denoting </wordcount>
    <wordcount weight="1" > collection </wordcount>
    <wordcount weight="1" > sheltered </wordcount>
    <wordcount weight="1" > corresponding </wordcount>
    <wordcount weight="1" > exposed </wordcount>
    <wordcount weight="1" > tons </wordcount>
    <wordcount weight="1" > exist </wordcount>
    <wordcount weight="1" > mistake </wordcount>
    <wordcount weight="1" > million </wordcount>
    <wordcount weight="1" > apex </wordcount>
    <wordcount weight="1" > differential </wordcount>
    <wordcount weight="1" > widened </wordcount>
    <wordcount weight="1" > delimit </wordcount>
    <wordcount weight="1" > explained </wordcount>
    <wordcount weight="1" > component </wordcount>
    <wordcount weight="1" > peculiarities </wordcount>
    <wordcount weight="1" > aborted </wordcount>
    <wordcount weight="1" > dynamics </wordcount>
    <wordcount weight="1" > inevitable </wordcount>
    <wordcount weight="1" > textfig </wordcount>
    <wordcount weight="1" > unconnected </wordcount>
    <wordcount weight="1" > due </wordcount>
    <wordcount weight="1" > against </wordcount>
    <wordcount weight="1" > realized </wordcount>
    <wordcount weight="1" > festuca </wordcount>
    <wordcount weight="1" > characteristic </wordcount>
    <wordcount weight="1" > ability </wordcount>
    <wordcount weight="1" > ecospecific </wordcount>
    <wordcount weight="1" > moment </wordcount>
    <wordcount weight="1" > relations </wordcount>
    <wordcount weight="1" > afford </wordcount>
    <wordcount weight="1" > grouped </wordcount>
    <wordcount weight="1" > discover </wordcount>
    <wordcount weight="1" > ecotypicallyecotypic </wordcount>
    <wordcount weight="1" > ecoand </wordcount>
    <wordcount weight="1" > reproduced </wordcount>
    <wordcount weight="1" > expected </wordcount>
    <wordcount weight="1" > vegetative </wordcount>
    <wordcount weight="1" > z </wordcount>
    <wordcount weight="1" > forced </wordcount>
    <wordcount weight="1" > kind </wordcount>
    <wordcount weight="1" > disguises </wordcount>
    <wordcount weight="1" > occasioned </wordcount>
    <wordcount weight="1" > adjustment </wordcount>
    <wordcount weight="1" > distinct </wordcount>
    <wordcount weight="1" > nor </wordcount>
    <wordcount weight="1" > old </wordcount>
    <wordcount weight="1" > survivors </wordcount>
    <wordcount weight="1" > glandulosa </wordcount>
    <wordcount weight="1" > throughecotypic </wordcount>
    <wordcount weight="1" > refer </wordcount>
    <wordcount weight="1" > concerning </wordcount>
    <wordcount weight="1" > back </wordcount>
    <wordcount weight="1" > stalk </wordcount>
    <wordcount weight="1" > difficulty </wordcount>
    <wordcount weight="1" > young </wordcount>
    <wordcount weight="1" > firth </wordcount>
    <wordcount weight="1" > applying </wordcount>
    <wordcount weight="1" > syngameon </wordcount>
    <wordcount weight="1" > truly </wordcount>
    <wordcount weight="1" > compare </wordcount>
    <wordcount weight="1" > died </wordcount>
    <wordcount weight="1" > accompaniment </wordcount>
    <wordcount weight="1" > flood </wordcount>
    <wordcount weight="1" > consequently </wordcount>
    <wordcount weight="1" > practically </wordcount>
    <wordcount weight="1" > details </wordcount>
    <wordcount weight="1" > seeded </wordcount>
    <wordcount weight="1" > demonstrably </wordcount>
    <wordcount weight="1" > adult </wordcount>
    <wordcount weight="1" > weakness </wordcount>
    <wordcount weight="1" > dust </wordcount>
    <wordcount weight="1" > unfortunate </wordcount>
    <wordcount weight="1" > walls </wordcount>
    <wordcount weight="1" > aim </wordcount>
    <wordcount weight="1" > failed </wordcount>
    <wordcount weight="1" > permits </wordcount>
    <wordcount weight="1" > interesting </wordcount>
    <wordcount weight="1" > simultaneously </wordcount>
    <wordcount weight="1" > york </wordcount>
    <wordcount weight="1" > bull </wordcount>
    <wordcount weight="1" > favourably </wordcount>
    <wordcount weight="1" > floran </wordcount>
    <wordcount weight="1" > act </wordcount>
    <wordcount weight="1" > bring </wordcount>
    <wordcount weight="1" > principally </wordcount>
    <wordcount weight="1" > main </wordcount>
    <wordcount weight="1" > altitudinal </wordcount>
    <wordcount weight="1" > affairs </wordcount>
    <wordcount weight="1" > square </wordcount>
    <wordcount weight="1" > appreciation </wordcount>
    <wordcount weight="1" > sw </wordcount>
    <wordcount weight="1" > af </wordcount>
    <wordcount weight="1" > longest </wordcount>
    <wordcount weight="1" > subdivision </wordcount>
    <wordcount weight="1" > incidence </wordcount>
    <wordcount weight="1" > completely </wordcount>
    <wordcount weight="1" > requisite </wordcount>
    <wordcount weight="1" > suffer </wordcount>
    <wordcount weight="1" > eight </wordcount>
    <wordcount weight="1" > turn </wordcount>
    <wordcount weight="1" > turrill </wordcount>
    <wordcount weight="1" > mus </wordcount>
    <wordcount weight="1" > derived </wordcount>
    <wordcount weight="1" > contributions </wordcount>
    <wordcount weight="1" > illustrations </wordcount>
    <wordcount weight="1" > summarized </wordcount>
    <wordcount weight="1" > consequences </wordcount>
    <wordcount weight="1" > scattered </wordcount>
    <wordcount weight="1" > moves </wordcount>
    <wordcount weight="1" > glabrous </wordcount>
    <wordcount weight="1" > constitute </wordcount>
    <wordcount weight="1" > eighteen </wordcount>
    <wordcount weight="1" > sown </wordcount>
    <wordcount weight="1" > category </wordcount>
    <wordcount weight="1" > colonizing </wordcount>
    <wordcount weight="1" > affect </wordcount>
    <wordcount weight="1" > operates </wordcount>
    <wordcount weight="1" > familiar </wordcount>
    <wordcount weight="1" > intensive </wordcount>
    <wordcount weight="1" > grains </wordcount>
    <wordcount weight="1" > appearing </wordcount>
    <wordcount weight="1" > spirally </wordcount>
    <wordcount weight="1" > hiesey </wordcount>
    <wordcount weight="1" > photographs </wordcount>
    <wordcount weight="1" > proved </wordcount>
    <wordcount weight="1" > invariably </wordcount>
    <wordcount weight="1" > weak </wordcount>
    <wordcount weight="1" > flats </wordcount>
    <wordcount weight="1" > supplying </wordcount>
    <wordcount weight="1" > additional </wordcount>
    <wordcount weight="1" > biotic </wordcount>
    <wordcount weight="1" > surface </wordcount>
    <wordcount weight="1" > follow </wordcount>
    <wordcount weight="1" > unsuitable </wordcount>
    <wordcount weight="1" > annually </wordcount>
    <wordcount weight="1" > putting </wordcount>
    <wordcount weight="1" > potentialities </wordcount>
    <wordcount weight="1" > instance </wordcount>
    <wordcount weight="1" > ecospecies </wordcount>
    <wordcount weight="1" > opinion </wordcount>
    <wordcount weight="1" > suggested </wordcount>
    <wordcount weight="1" > gametes </wordcount>
    <wordcount weight="1" > icelandic </wordcount>
    <wordcount weight="1" > appear </wordcount>
    <wordcount weight="1" > numerical </wordcount>
    <wordcount weight="1" > hot </wordcount>
    <wordcount weight="1" > constructive </wordcount>
    <wordcount weight="1" > ifc </wordcount>
    <wordcount weight="1" > penetration </wordcount>
    <wordcount weight="1" > based </wordcount>
    <wordcount weight="1" > allow </wordcount>
    <wordcount weight="1" > nontable </wordcount>
    <wordcount weight="1" > could </wordcount>
    <wordcount weight="1" > appearance </wordcount>
    <wordcount weight="1" > holds </wordcount>
    <wordcount weight="1" > rule </wordcount>
    <wordcount weight="1" > conservative </wordcount>
    <wordcount weight="1" > plot </wordcount>
    <wordcount weight="1" > search </wordcount>
    <wordcount weight="1" > called </wordcount>
    <wordcount weight="1" > access </wordcount>
    <wordcount weight="1" > combinations </wordcount>
    <wordcount weight="1" > relating </wordcount>
    <wordcount weight="1" > punctata </wordcount>
    <wordcount weight="1" > conspicuous </wordcount>
    <wordcount weight="1" > changed </wordcount>
    <wordcount weight="1" > scotland </wordcount>
    <wordcount weight="1" > demands </wordcount>
    <wordcount weight="1" > shared </wordcount>
    <wordcount weight="1" > ovules </wordcount>
    <wordcount weight="1" > pass </wordcount>
    <wordcount weight="1" > events </wordcount>
    <wordcount weight="1" > noting </wordcount>
    <wordcount weight="1" > amer </wordcount>
    <wordcount weight="1" > percentages </wordcount>
    <wordcount weight="1" > irregularly </wordcount>
    <wordcount weight="1" > midway </wordcount>
    <wordcount weight="1" > genes </wordcount>
    <wordcount weight="1" > capsule </wordcount>
    <wordcount weight="1" > further </wordcount>
    <wordcount weight="1" > intervening </wordcount>
    <wordcount weight="1" > pure </wordcount>
    <wordcount weight="1" > tallness </wordcount>
    <wordcount weight="1" > wales </wordcount>
    <wordcount weight="1" > mainly </wordcount>
    <wordcount weight="1" > districts </wordcount>
    <wordcount weight="1" > panmictic </wordcount>
    <wordcount weight="1" > bore </wordcount>
    <wordcount weight="1" > afforded </wordcount>
    <wordcount weight="1" > appears </wordcount>
    <wordcount weight="1" > recently </wordcount>
    <wordcount weight="1" > devoid </wordcount>
    <wordcount weight="1" > northwards </wordcount>
    <wordcount weight="1" > wherein </wordcount>
    <wordcount weight="1" > erratic </wordcount>
    <wordcount weight="1" > amenable </wordcount>
    <wordcount weight="1" > placed </wordcount>
    <wordcount weight="1" > required </wordcount>
    <wordcount weight="1" > method </wordcount>
    <wordcount weight="1" > duly </wordcount>
    <wordcount weight="1" > creates </wordcount>
    <wordcount weight="1" > possibility </wordcount>
    <wordcount weight="1" > expressions </wordcount>
    <wordcount weight="1" > eliminate </wordcount>
    <wordcount weight="1" > impression </wordcount>
    <wordcount weight="1" > briefly </wordcount>
    <wordcount weight="1" > overlapping </wordcount>
    <wordcount weight="1" > inflorescence </wordcount>
    <wordcount weight="1" > exert </wordcount>
    <wordcount weight="1" > colonies </wordcount>
    <wordcount weight="1" > gained </wordcount>
    <wordcount weight="1" > directly </wordcount>
    <wordcount weight="1" > keeping </wordcount>
    <wordcount weight="1" > having </wordcount>
    <wordcount weight="1" > oak </wordcount>
    <wordcount weight="1" > unequal </wordcount>
    <wordcount weight="1" > scapm </wordcount>
    <wordcount weight="1" > ascend </wordcount>
    <wordcount weight="1" > relief </wordcount>
    <wordcount weight="1" > literature </wordcount>
    <wordcount weight="1" > edaphically </wordcount>
    <wordcount weight="1" > scope </wordcount>
    <wordcount weight="1" > nearest </wordcount>
    <wordcount weight="1" > simplification </wordcount>
    <wordcount weight="1" > brought </wordcount>
    <wordcount weight="1" > leafless </wordcount>
    <wordcount weight="1" > bolder </wordcount>
    <wordcount weight="1" > occupants </wordcount>
    <wordcount weight="1" > purpose </wordcount>
    <wordcount weight="1" > example </wordcount>
    <wordcount weight="1" > pollens </wordcount>
    <wordcount weight="1" > reduction </wordcount>
    <wordcount weight="1" > enter </wordcount>
    <wordcount weight="1" > multiplied </wordcount>
    <wordcount weight="1" > description </wordcount>
    <wordcount weight="1" > ten </wordcount>
    <wordcount weight="1" > used </wordcount>
    <wordcount weight="1" > gave </wordcount>
    <wordcount weight="1" > describe </wordcount>
    <wordcount weight="1" > island </wordcount>
    <wordcount weight="1" > consistently </wordcount>
    <wordcount weight="1" > densely </wordcount>
    <wordcount weight="1" > actually </wordcount>
    <wordcount weight="1" > statistics </wordcount>
    <wordcount weight="1" > et </wordcount>
    <wordcount weight="1" > call </wordcount>
    <wordcount weight="1" > away </wordcount>
    <wordcount weight="1" > reflect </wordcount>
    <wordcount weight="1" > turesson </wordcount>
    <wordcount weight="1" > showing </wordcount>
    <wordcount weight="1" > doubtful </wordcount>
    <wordcount weight="1" > rubra </wordcount>
    <wordcount weight="1" > regions </wordcount>
    <wordcount weight="1" > analysed </wordcount>
    <wordcount weight="1" > good </wordcount>
    <wordcount weight="1" > wholesale </wordcount>
    <wordcount weight="1" > creating </wordcount>
    <wordcount weight="1" > ist </wordcount>
    <wordcount weight="1" > normally </wordcount>
    <wordcount weight="1" > caused </wordcount>
    <wordcount weight="1" > describing </wordcount>
    <wordcount weight="1" > norge </wordcount>
    <wordcount weight="1" > tta </wordcount>
    <wordcount weight="1" > laborious </wordcount>
    <wordcount weight="1" > involve </wordcount>
    <wordcount weight="1" > prevalence </wordcount>
    <wordcount weight="1" > indicators </wordcount>
    <wordcount weight="1" > complicate </wordcount>
    <wordcount weight="1" > phrase </wordcount>
    <wordcount weight="1" > arbitrary </wordcount>
    <wordcount weight="1" > involved </wordcount>
    <wordcount weight="1" > biol </wordcount>
    <wordcount weight="1" > vid </wordcount>
    <wordcount weight="1" > inst </wordcount>
    <wordcount weight="1" > buds </wordcount>
    <wordcount weight="1" > sufficient </wordcount>
    <wordcount weight="1" > highly </wordcount>
    <wordcount weight="1" > bijdr </wordcount>
    <wordcount weight="1" > coast </wordcount>
    <wordcount weight="1" > whatsoever </wordcount>
    <wordcount weight="1" > always </wordcount>
    <wordcount weight="1" > generally </wordcount>
    <wordcount weight="1" > up </wordcount>
    <wordcount weight="1" > progress </wordcount>
    <wordcount weight="1" > majority </wordcount>
    <wordcount weight="1" > peculiarly </wordcount>
    <wordcount weight="1" > proper </wordcount>
    <wordcount weight="1" > using </wordcount>
    <wordcount weight="1" > correspondence </wordcount>
    <wordcount weight="1" > production </wordcount>
    <wordcount weight="1" > roots </wordcount>
    <wordcount weight="1" > notes </wordcount>
    <wordcount weight="1" > breed </wordcount>
    <wordcount weight="1" > diminished </wordcount>
    <wordcount weight="1" > rn </wordcount>
    <wordcount weight="1" > tallest </wordcount>
    <wordcount weight="1" > finds </wordcount>
    <wordcount weight="1" > am </wordcount>
    <wordcount weight="1" > valuable </wordcount>
    <wordcount weight="1" > modificatory </wordcount>
    <wordcount weight="1" > activities </wordcount>
    <wordcount weight="1" > avoid </wordcount>
    <wordcount weight="1" > occasions </wordcount>
    <wordcount weight="1" > survived </wordcount>
    <wordcount weight="1" > uncommon </wordcount>
    <wordcount weight="1" > sons </wordcount>
    <wordcount weight="1" > irrespective </wordcount>
    <wordcount weight="1" > fortunate </wordcount>
    <wordcount weight="1" > reductions </wordcount>
    <wordcount weight="1" > variety </wordcount>
    <wordcount weight="1" > subvarieties </wordcount>
    <wordcount weight="1" > subsp </wordcount>
    <wordcount weight="1" > fortunately </wordcount>
    <wordcount weight="1" > indicative </wordcount>
    <wordcount weight="1" > incorrect </wordcount>
    <wordcount weight="1" > short </wordcount>
    <wordcount weight="1" > taxonomist </wordcount>
    <wordcount weight="1" > meangt </wordcount>
    <wordcount weight="1" > clines </wordcount>
    <wordcount weight="1" > comparative </wordcount>
    <wordcount weight="1" > play </wordcount>
    <wordcount weight="1" > trials </wordcount>
    <wordcount weight="1" > notoriously </wordcount>
    <wordcount weight="1" > brief </wordcount>
    <wordcount weight="1" > indication </wordcount>
    <wordcount weight="1" > nearly </wordcount>
    <wordcount weight="1" > intersample </wordcount>
    <wordcount weight="1" > arithmetical </wordcount>
    <wordcount weight="1" > brings </wordcount>
    <wordcount weight="1" > prevailing </wordcount>
    <wordcount weight="1" > reduce </wordcount>
    <wordcount weight="1" > accumulations </wordcount>
    <wordcount weight="1" > woods </wordcount>
    <wordcount weight="1" > tends </wordcount>
    <wordcount weight="1" > direction </wordcount>
    <wordcount weight="1" > sexually </wordcount>
    <wordcount weight="1" > scarcity </wordcount>
    <wordcount weight="1" > contributing </wordcount>
    <wordcount weight="1" > potentilla </wordcount>
    <wordcount weight="1" > edited </wordcount>
    <wordcount weight="1" > yet </wordcount>
    <wordcount weight="1" > rock </wordcount>
    <wordcount weight="1" > randomized </wordcount>
    <wordcount weight="1" > opportunities </wordcount>
    <wordcount weight="1" > fit </wordcount>
    <wordcount weight="1" > read </wordcount>
    <wordcount weight="1" > happened </wordcount>
    <wordcount weight="1" > heaviest </wordcount>
    <wordcount weight="1" > neither </wordcount>
    <wordcount weight="1" > achieve </wordcount>
    <wordcount weight="1" > fissures </wordcount>
    <wordcount weight="1" > positively </wordcount>
    <wordcount weight="1" > complete </wordcount>
    <wordcount weight="1" > iic </wordcount>
    <wordcount weight="1" > locality </wordcount>
    <wordcount weight="1" > wright </wordcount>
    <wordcount weight="1" > subdivisions </wordcount>
    <wordcount weight="1" > al </wordcount>
    <wordcount weight="1" > largest </wordcount>
    <wordcount weight="1" > bothecotypic </wordcount>
    <wordcount weight="1" > containing </wordcount>
    <wordcount weight="1" > noted </wordcount>
    <wordcount weight="1" > increasingly </wordcount>
    <wordcount weight="1" > speaking </wordcount>
    <wordcount weight="1" > regional </wordcount>
    <wordcount weight="1" > avoided </wordcount>
    <wordcount weight="1" > independent </wordcount>
    <wordcount weight="1" > harper </wordcount>
    <wordcount weight="1" > conica </wordcount>
    <wordcount weight="1" > members </wordcount>
    <wordcount weight="1" > gamodemes </wordcount>
    <wordcount weight="1" > potentiality </wordcount>
    <wordcount weight="1" > comparison </wordcount>
    <wordcount weight="1" > fell </wordcount>
    <wordcount weight="1" > undetermined </wordcount>
    <wordcount weight="1" > again </wordcount>
    <wordcount weight="1" > others </wordcount>
    <wordcount weight="1" > approaching </wordcount>
    <wordcount weight="1" > chance </wordcount>
    <wordcount weight="1" > put </wordcount>
    <wordcount weight="1" > shade </wordcount>
    <wordcount weight="1" > genotypically </wordcount>
    <wordcount weight="1" > addition </wordcount>
    <wordcount weight="1" > many </wordcount>
    <wordcount weight="1" > clausen </wordcount>
    <wordcount weight="1" > water </wordcount>
    <wordcount weight="1" > smith </wordcount>
    <wordcount weight="1" > lacked </wordcount>
    <wordcount weight="1" > speciation </wordcount>
    <wordcount weight="1" > longer </wordcount>
    <wordcount weight="1" > valid </wordcount>
    <wordcount weight="1" > fundamental </wordcount>
    <wordcount weight="1" > deficient </wordcount>
    <wordcount weight="1" > striking </wordcount>
    <wordcount weight="1" > potentially </wordcount>
    <wordcount weight="1" > genecological </wordcount>
    <wordcount weight="1" > levelecotypic </wordcount>
    <wordcount weight="1" > spein </wordcount>
    <wordcount weight="1" > viii </wordcount>
    <wordcount weight="1" > enable </wordcount>
    <wordcount weight="1" > diverse </wordcount>
    <wordcount weight="1" > shallow </wordcount>
    <wordcount weight="1" > substantially </wordcount>
    <wordcount weight="1" > seldom </wordcount>
    <wordcount weight="1" > discussed </wordcount>
    <wordcount weight="1" > serious </wordcount>
    <wordcount weight="1" > never </wordcount>
    <wordcount weight="1" > conclusions </wordcount>
    <wordcount weight="1" > publ </wordcount>
    <wordcount weight="1" > toecotypic </wordcount>
    <wordcount weight="1" > likelihood </wordcount>
    <wordcount weight="1" > manner </wordcount>
    <wordcount weight="1" > apices </wordcount>
    <wordcount weight="1" > discussing </wordcount>
    <wordcount weight="1" > essentially </wordcount>
    <wordcount weight="1" > superimposed </wordcount>
    <wordcount weight="1" > accepted </wordcount>
    <wordcount weight="1" > answer </wordcount>
    <wordcount weight="1" > parent </wordcount>
    <wordcount weight="1" > maturity </wordcount>
    <wordcount weight="1" > deep </wordcount>
    <wordcount weight="1" > capacities </wordcount>
    <wordcount weight="1" > counterpart </wordcount>
    <wordcount weight="1" > acquire </wordcount>
    <wordcount weight="1" > compete </wordcount>
    <wordcount weight="1" > ecology </wordcount>
    <wordcount weight="1" > convenient </wordcount>
    <wordcount weight="1" > wrapped </wordcount>
    <wordcount weight="1" > turf </wordcount>
    <wordcount weight="1" > argues </wordcount>
    <wordcount weight="1" > vegetational </wordcount>
    <wordcount weight="1" > original </wordcount>
    <wordcount weight="1" > physiologically </wordcount>
    <wordcount weight="1" > collecting </wordcount>
    <wordcount weight="1" > nutrition </wordcount>
    <wordcount weight="1" > situated </wordcount>
    <wordcount weight="1" > hairiness </wordcount>
    <wordcount weight="1" > survive </wordcount>
    <wordcount weight="1" > examples </wordcount>
    <wordcount weight="1" > background </wordcount>
    <wordcount weight="1" > assemblages </wordcount>
    <wordcount weight="1" > unquestionably </wordcount>
    <wordcount weight="1" > region </wordcount>
    <wordcount weight="1" > attainment </wordcount>
    <wordcount weight="1" > including </wordcount>
    <wordcount weight="1" > enhanced </wordcount>
    <wordcount weight="1" > procedure </wordcount>
    <wordcount weight="1" > sufficiently </wordcount>
    <wordcount weight="1" > illumination </wordcount>
    <wordcount weight="1" > individuality </wordcount>
    <wordcount weight="1" > interrelation </wordcount>
    <wordcount weight="1" > resolve </wordcount>
    <wordcount weight="1" > endeavour </wordcount>
    <wordcount weight="1" > concern </wordcount>
    <wordcount weight="1" > persists </wordcount>
    <wordcount weight="1" > controlling </wordcount>
    <wordcount weight="1" > entirely </wordcount>
    <wordcount weight="1" > food </wordcount>
    <wordcount weight="1" > convenience </wordcount>
    <wordcount weight="1" > predominating </wordcount>
    <wordcount weight="1" > factor </wordcount>
    <wordcount weight="1" > causes </wordcount>
    <wordcount weight="1" > sequence </wordcount>
    <wordcount weight="1" > exhibited </wordcount>
    <wordcount weight="1" > full </wordcount>
    <wordcount weight="1" > involves </wordcount>
    <wordcount weight="1" > cranwell </wordcount>
    <wordcount weight="1" > compositions </wordcount>
    <wordcount weight="1" > clear </wordcount>
    <wordcount weight="1" > loosely </wordcount>
    <wordcount weight="1" > emphasizing </wordcount>
    <wordcount weight="1" > stress </wordcount>
    <wordcount weight="1" > vegetations </wordcount>
    <wordcount weight="1" > express </wordcount>
    <wordcount weight="1" > agreement </wordcount>
    <wordcount weight="1" > agric </wordcount>
    <wordcount weight="1" > august </wordcount>
    <wordcount weight="1" > held </wordcount>
    <wordcount weight="1" > organism </wordcount>
    <wordcount weight="1" > allowed </wordcount>
    <wordcount weight="1" > period </wordcount>
    <wordcount weight="1" > belongs </wordcount>
    <wordcount weight="1" > him </wordcount>
    <wordcount weight="1" > statistically </wordcount>
    <wordcount weight="1" > premium </wordcount>
    <wordcount weight="1" > analysing </wordcount>
    <wordcount weight="1" > played </wordcount>
    <wordcount weight="1" > disadvantage </wordcount>
    <wordcount weight="1" > probable </wordcount>
    <wordcount weight="1" > sparsely </wordcount>
    <wordcount weight="1" > nacl </wordcount>
    <wordcount weight="1" > provides </wordcount>
    <wordcount weight="1" > repeated </wordcount>
    <wordcount weight="1" > discarded </wordcount>
    <wordcount weight="1" > problems </wordcount>
    <wordcount weight="1" > systems </wordcount>
    <wordcount weight="1" > satisfy </wordcount>
    <wordcount weight="1" > leaves </wordcount>
    <wordcount weight="1" > alnus </wordcount>
    <wordcount weight="1" > methods </wordcount>
    <wordcount weight="1" > become </wordcount>
    <wordcount weight="1" > sight </wordcount>
    <wordcount weight="1" > respectively </wordcount>
    <wordcount weight="1" > soc </wordcount>
    <wordcount weight="1" > probably </wordcount>
    <wordcount weight="1" > residue </wordcount>
    <wordcount weight="1" > translate </wordcount>
    <wordcount weight="1" > northern </wordcount>
    <wordcount weight="1" > slide </wordcount>
    <wordcount weight="1" > ground </wordcount>
    <wordcount weight="1" > destruction </wordcount>
    <wordcount weight="1" > relative </wordcount>
    <wordcount weight="1" > caution </wordcount>
    <wordcount weight="1" > adaptive </wordcount>
    <wordcount weight="1" > quarter </wordcount>
    <wordcount weight="1" > modifications </wordcount>
    <wordcount weight="1" > delimited </wordcount>
    <wordcount weight="1" > exch </wordcount>
    <wordcount weight="1" > rarity </wordcount>
    <wordcount weight="1" > increasing </wordcount>
    <wordcount weight="1" > ranging </wordcount>
    <wordcount weight="1" > depth </wordcount>
    <wordcount weight="1" > yields </wordcount>
    <wordcount weight="1" > suggestion </wordcount>
    <wordcount weight="1" > twelve </wordcount>
    <wordcount weight="1" > extracted </wordcount>
    <wordcount weight="1" > modification </wordcount>
    <wordcount weight="1" > shoot </wordcount>
    <wordcount weight="1" > chances </wordcount>
    <wordcount weight="1" > delimiting </wordcount>
    <wordcount weight="1" > she </wordcount>
    <wordcount weight="1" > fairly </wordcount>
    <wordcount weight="1" > bulk </wordcount>
    <wordcount weight="1" > sometimes </wordcount>
    <wordcount weight="1" > figure </wordcount>
    <wordcount weight="1" > five </wordcount>
    <wordcount weight="1" > developing </wordcount>
    <wordcount weight="1" > suggestive </wordcount>
    <wordcount weight="1" > bound </wordcount>
    <wordcount weight="1" > profusely </wordcount>
    <wordcount weight="1" > vertical </wordcount>
    <wordcount weight="1" > lines </wordcount>
    <wordcount weight="1" > le </wordcount>
    <wordcount weight="1" > referred </wordcount>
    <wordcount weight="1" > success </wordcount>
    <wordcount weight="1" > translation </wordcount>
    <wordcount weight="1" > papers </wordcount>
    <wordcount weight="1" > effectively </wordcount>
    <wordcount weight="1" > lawrence </wordcount>
    <wordcount weight="1" > sequences </wordcount>
    <wordcount weight="1" > remaining </wordcount>
    <wordcount weight="1" > recognize </wordcount>
    <wordcount weight="1" > rapidly </wordcount>
    <wordcount weight="1" > indicate </wordcount>
    <wordcount weight="1" > covering </wordcount>
    <wordcount weight="1" > littoral </wordcount>
    <wordcount weight="1" > valentine </wordcount>
    <wordcount weight="1" > why </wordcount>
    <wordcount weight="1" > responsible </wordcount>
    <wordcount weight="1" > unusual </wordcount>
    <wordcount weight="1" > quite </wordcount>
    <wordcount weight="1" > ecoelements </wordcount>
    <wordcount weight="1" > fall </wordcount>
    <wordcount weight="1" > transferring </wordcount>
    <wordcount weight="1" > surprising </wordcount>
    <wordcount weight="1" > centres </wordcount>
    <wordcount weight="1" > months </wordcount>
    <wordcount weight="1" > itself </wordcount>
    <wordcount weight="1" > recalling </wordcount>
    <wordcount weight="1" > enunciated </wordcount>
    <wordcount weight="1" > widest </wordcount>
    <wordcount weight="1" > areal </wordcount>
    <wordcount weight="1" > thinly </wordcount>
    <wordcount weight="1" > discarding </wordcount>
    <wordcount weight="1" > fleast </wordcount>
    <wordcount weight="1" > proceed </wordcount>
    <wordcount weight="1" > ioo </wordcount>
    <wordcount weight="1" > biology </wordcount>
    <wordcount weight="1" > practice </wordcount>
    <wordcount weight="1" > considered </wordcount>
    <wordcount weight="1" > mentioned </wordcount>
    <wordcount weight="1" > homogeneity </wordcount>
    <wordcount weight="1" > tempting </wordcount>
    <wordcount weight="1" > keck </wordcount>
    <wordcount weight="1" > throw </wordcount>
    <wordcount weight="1" > salts </wordcount>
    <wordcount weight="1" > founded </wordcount>
    <wordcount weight="1" > measurements </wordcount>
    <wordcount weight="1" > adjoining </wordcount>
    <wordcount weight="1" > unviable </wordcount>
    <wordcount weight="1" > geographic </wordcount>
    <wordcount weight="1" > recognizably </wordcount>
    <wordcount weight="1" > known </wordcount>
    <wordcount weight="1" > implied </wordcount>
    <wordcount weight="1" > precise </wordcount>
    <wordcount weight="1" > recognizable </wordcount>
    <wordcount weight="1" > dr </wordcount>
    <wordcount weight="1" > physical </wordcount>
    <wordcount weight="1" > pollination </wordcount>
    <wordcount weight="1" > disguise </wordcount>
    <wordcount weight="1" > wherever </wordcount>
    <wordcount weight="1" > carneg </wordcount>
    <wordcount weight="1" > coincides </wordcount>
    <wordcount weight="1" > natural </wordcount>
    <wordcount weight="1" > dierk </wordcount>
    <wordcount weight="1" > principle </wordcount>
    <wordcount weight="1" > cm </wordcount>
    <wordcount weight="1" > attribute </wordcount>
    <wordcount weight="1" > ratio </wordcount>
    <wordcount weight="1" > setting </wordcount>
    <wordcount weight="1" > gametic </wordcount>
    <wordcount weight="1" > down </wordcount>
    <wordcount weight="1" > expense </wordcount>
    <wordcount weight="1" > current </wordcount>
    <wordcount weight="1" > allied </wordcount>
    <wordcount weight="1" > shrivelled </wordcount>
    <wordcount weight="1" > particularly </wordcount>
    <wordcount weight="1" > brothers </wordcount>
    <wordcount weight="1" > exhibits </wordcount>
    <wordcount weight="1" > obviously </wordcount>
    <wordcount weight="1" > speculation </wordcount>
    <wordcount weight="1" > infer </wordcount>
    <wordcount weight="1" > intrinsically </wordcount>
    <wordcount weight="1" > equilibrium </wordcount>
    <wordcount weight="1" > subalpine </wordcount>
    <wordcount weight="1" > cultivation </wordcount>
    <wordcount weight="1" > reflected </wordcount>
    <wordcount weight="1" > examining </wordcount>
    <wordcount weight="1" > misfits </wordcount>
    <wordcount weight="1" > reverting </wordcount>
    <wordcount weight="1" > merely </wordcount>
    <wordcount weight="1" > evident </wordcount>
    <wordcount weight="1" > portions </wordcount>
    <wordcount weight="1" > subordinate </wordcount>
    <wordcount weight="1" > thapsus </wordcount>
    <wordcount weight="1" > reproduce </wordcount>
    <wordcount weight="1" > ones </wordcount>
    <wordcount weight="1" > variate </wordcount>
    <wordcount weight="1" > want </wordcount>
    <wordcount weight="1" > och </wordcount>
    <wordcount weight="1" > add </wordcount>
    <wordcount weight="1" > storm </wordcount>
    <wordcount weight="1" > glutinosa </wordcount>
    <wordcount weight="1" > theory </wordcount>
    <wordcount weight="1" > interval </wordcount>
    <wordcount weight="1" > ceased </wordcount>
    <wordcount weight="1" > beauv </wordcount>
    <wordcount weight="1" > extent </wordcount>
    <wordcount weight="1" > characterizes </wordcount>
    <wordcount weight="1" > foundations </wordcount>
    <wordcount weight="1" > thousands </wordcount>
    <wordcount weight="1" > imperial </wordcount>
    <wordcount weight="1" > precedent </wordcount>
    <wordcount weight="1" > too </wordcount>
    <wordcount weight="1" > emphasis </wordcount>
    <wordcount weight="1" > middle </wordcount>
    <wordcount weight="1" > unreasonable </wordcount>
    <wordcount weight="1" > marking </wordcount>
    <wordcount weight="1" > transplanted </wordcount>
    <wordcount weight="1" > circumstances </wordcount>
    <wordcount weight="1" > intermedia </wordcount>
    <wordcount weight="1" > biologically </wordcount>
    <wordcount weight="1" > thereby </wordcount>
    <wordcount weight="1" > conclude </wordcount>
    <wordcount weight="1" > uniform </wordcount>
    <wordcount weight="1" > introduced </wordcount>
    <wordcount weight="1" > sea </wordcount>
    <wordcount weight="1" > easy </wordcount>
    <wordcount weight="1" > subject </wordcount>
    <wordcount weight="1" > simply </wordcount>
    <wordcount weight="1" > reserves </wordcount>
    <wordcount weight="1" > aptly </wordcount>
    <wordcount weight="1" > congenial </wordcount>
    <wordcount weight="1" > happens </wordcount>
    <wordcount weight="1" > summarizes </wordcount>
    <wordcount weight="1" > advisability </wordcount>
    <wordcount weight="1" > aims </wordcount>
    <wordcount weight="1" > westwards </wordcount>
    <wordcount weight="1" > aspect </wordcount>
    <wordcount weight="1" > oceanic </wordcount>
    <wordcount weight="1" > counts </wordcount>
    <wordcount weight="1" > accorded </wordcount>
    <wordcount weight="1" > intergradation </wordcount>
    <wordcount weight="1" > nevadensis </wordcount>
    <wordcount weight="1" > susceptible </wordcount>
    <wordcount weight="1" > instructive </wordcount>
    <wordcount weight="1" > biennial </wordcount>
    <wordcount weight="1" > cambridge </wordcount>
    <wordcount weight="1" > caepitosa </wordcount>
    <wordcount weight="1" > decrease </wordcount>
    <wordcount weight="1" > flowered </wordcount>
    <wordcount weight="1" > isles </wordcount>
    <wordcount weight="1" > applicable </wordcount>
    <wordcount weight="1" > instead </wordcount>
    <wordcount weight="1" > include </wordcount>
    <wordcount weight="1" > proceeding </wordcount>
    <wordcount weight="1" > enabling </wordcount>
    <wordcount weight="1" > need </wordcount>
    <wordcount weight="1" > evidence </wordcount>
    <wordcount weight="1" > facilitates </wordcount>
    <wordcount weight="1" > endeavours </wordcount>
    <wordcount weight="1" > states </wordcount>
    <wordcount weight="1" > regular </wordcount>
    <wordcount weight="1" > approach </wordcount>
    <wordcount weight="1" > defined </wordcount>
    <wordcount weight="1" > classification </wordcount>
    <wordcount weight="1" > ranged </wordcount>
    <wordcount weight="1" > roughly </wordcount>
    <wordcount weight="1" > indices </wordcount>
    <wordcount weight="1" > selnstotal </wordcount>
    <wordcount weight="1" > fromecotypic </wordcount>
    <wordcount weight="1" > flora </wordcount>
    <wordcount weight="1" > thousand </wordcount>
    <wordcount weight="1" > removed </wordcount>
    <wordcount weight="1" > ceiling </wordcount>
    <wordcount weight="1" > classificatory </wordcount>
    <wordcount weight="1" > aggregations </wordcount>
    <wordcount weight="1" > chicago </wordcount>
    <wordcount weight="1" > inasmuch </wordcount>
    <wordcount weight="1" > cline </wordcount>
    <wordcount weight="1" > contrasting </wordcount>
    <wordcount weight="1" > partial </wordcount>
    <wordcount weight="1" > subspecific </wordcount>
    <wordcount weight="1" > early </wordcount>
    <wordcount weight="1" > maximum </wordcount>
    <wordcount weight="1" > substantial </wordcount>
    <wordcount weight="1" > import </wordcount>
    <wordcount weight="1" > entire </wordcount>
    <wordcount weight="1" > apure </wordcount>
    <wordcount weight="1" > develop </wordcount>
    <wordcount weight="1" > immediately </wordcount>
    <wordcount weight="1" > glance </wordcount>
    <wordcount weight="1" > mature </wordcount>
    <wordcount weight="1" > seek </wordcount>
    <wordcount weight="1" > whenever </wordcount>
    <wordcount weight="1" > north </wordcount>
    <wordcount weight="1" > recent </wordcount>
    <wordcount weight="1" > histograms </wordcount>
    <wordcount weight="1" > handpollinated </wordcount>
    <wordcount weight="1" > unrepresentative </wordcount>
    <wordcount weight="1" > race </wordcount>
    <wordcount weight="1" > silene </wordcount>
    <wordcount weight="1" > embraces </wordcount>
    <wordcount weight="1" > hypothesis </wordcount>
</article>
