<?xml version="1.0" encoding="UTF-8"?>
<article id="10.2307/2433589" >
    <wordcount weight="195" > the </wordcount>
    <wordcount weight="136" > of </wordcount>
    <wordcount weight="98" > and </wordcount>
    <wordcount weight="89" > in </wordcount>
    <wordcount weight="45" > to </wordcount>
    <wordcount weight="44" > is </wordcount>
    <wordcount weight="44" > from </wordcount>
    <wordcount weight="43" > populations </wordcount>
    <wordcount weight="37" > leaf </wordcount>
    <wordcount weight="32" > are </wordcount>
    <wordcount weight="30" > teesdale </wordcount>
    <wordcount weight="28" > length </wordcount>
    <wordcount weight="26" > for </wordcount>
    <wordcount weight="25" > with </wordcount>
    <wordcount weight="25" > calyx </wordcount>
    <wordcount weight="24" > a </wordcount>
    <wordcount weight="23" > that </wordcount>
    <wordcount weight="23" > ratio </wordcount>
    <wordcount weight="21" > co </wordcount>
    <wordcount weight="20" > these </wordcount>
    <wordcount weight="20" > t </wordcount>
    <wordcount weight="20" > variation </wordcount>
    <wordcount weight="18" > e </wordcount>
    <wordcount weight="18" > i </wordcount>
    <wordcount weight="18" > verna </wordcount>
    <wordcount weight="18" > this </wordcount>
    <wordcount weight="18" > have </wordcount>
    <wordcount weight="17" > it </wordcount>
    <wordcount weight="17" > means </wordcount>
    <wordcount weight="16" > ny </wordcount>
    <wordcount weight="15" > by </wordcount>
    <wordcount weight="15" > characters </wordcount>
    <wordcount weight="15" > samples </wordcount>
    <wordcount weight="15" > were </wordcount>
    <wordcount weight="15" > be </wordcount>
    <wordcount weight="14" > gentiana </wordcount>
    <wordcount weight="14" > durham </wordcount>
    <wordcount weight="14" > british </wordcount>
    <wordcount weight="14" > species </wordcount>
    <wordcount weight="13" > may </wordcount>
    <wordcount weight="13" > population </wordcount>
    <wordcount weight="13" > between </wordcount>
    <wordcount weight="12" > altitude </wordcount>
    <wordcount weight="12" > g </wordcount>
    <wordcount weight="12" > france </wordcount>
    <wordcount weight="12" > nr </wordcount>
    <wordcount weight="12" > alpine </wordcount>
    <wordcount weight="11" > at </wordcount>
    <wordcount weight="11" > tooth </wordcount>
    <wordcount weight="11" > continental </wordcount>
    <wordcount weight="11" > as </wordcount>
    <wordcount weight="10" > m </wordcount>
    <wordcount weight="10" > their </wordcount>
    <wordcount weight="10" > altitudes </wordcount>
    <wordcount weight="10" > j </wordcount>
    <wordcount weight="10" > corolla </wordcount>
    <wordcount weight="10" > irish </wordcount>
    <wordcount weight="10" > ireland </wordcount>
    <wordcount weight="10" > flora </wordcount>
    <wordcount weight="10" > fig </wordcount>
    <wordcount weight="9" > been </wordcount>
    <wordcount weight="9" > groups </wordcount>
    <wordcount weight="9" > those </wordcount>
    <wordcount weight="9" > area </wordcount>
    <wordcount weight="8" > relationship </wordcount>
    <wordcount weight="8" > not </wordcount>
    <wordcount weight="8" > switzerland </wordcount>
    <wordcount weight="8" > areas </wordcount>
    <wordcount weight="8" > there </wordcount>
    <wordcount weight="8" > regression </wordcount>
    <wordcount weight="8" > r </wordcount>
    <wordcount weight="8" > scatter </wordcount>
    <wordcount weight="8" > diagram </wordcount>
    <wordcount weight="8" > three </wordcount>
    <wordcount weight="8" > on </wordcount>
    <wordcount weight="8" > pyreneen </wordcount>
    <wordcount weight="8" > britain </wordcount>
    <wordcount weight="7" > they </wordcount>
    <wordcount weight="7" > group </wordcount>
    <wordcount weight="7" > but </wordcount>
    <wordcount weight="7" > two </wordcount>
    <wordcount weight="7" > differences </wordcount>
    <wordcount weight="7" > related </wordcount>
    <wordcount weight="7" > relation </wordcount>
    <wordcount weight="6" > higher </wordcount>
    <wordcount weight="6" > l </wordcount>
    <wordcount weight="6" > one </wordcount>
    <wordcount weight="6" > h </wordcount>
    <wordcount weight="6" > most </wordcount>
    <wordcount weight="6" > haute </wordcount>
    <wordcount weight="6" > all </wordcount>
    <wordcount weight="6" > widdybank </wordcount>
    <wordcount weight="6" > new </wordcount>
    <wordcount weight="6" > c </wordcount>
    <wordcount weight="6" > within </wordcount>
    <wordcount weight="6" > distribution </wordcount>
    <wordcount weight="6" > has </wordcount>
    <wordcount weight="6" > some </wordcount>
    <wordcount weight="6" > possible </wordcount>
    <wordcount weight="6" > since </wordcount>
    <wordcount weight="6" > d </wordcount>
    <wordcount weight="6" > period </wordcount>
    <wordcount weight="6" > random </wordcount>
    <wordcount weight="5" > f </wordcount>
    <wordcount weight="5" > sample </wordcount>
    <wordcount weight="5" > yugoslavia </wordcount>
    <wordcount weight="5" > same </wordcount>
    <wordcount weight="5" > being </wordcount>
    <wordcount weight="5" > present </wordcount>
    <wordcount weight="5" > also </wordcount>
    <wordcount weight="5" > each </wordcount>
    <wordcount weight="5" > elkington </wordcount>
    <wordcount weight="5" > together </wordcount>
    <wordcount weight="5" > genecological </wordcount>
    <wordcount weight="5" > plants </wordcount>
    <wordcount weight="5" > line </wordcount>
    <wordcount weight="5" > differentiation </wordcount>
    <wordcount weight="5" > years </wordcount>
    <wordcount weight="5" > calculated </wordcount>
    <wordcount weight="5" > correlated </wordcount>
    <wordcount weight="5" > plant </wordcount>
    <wordcount weight="5" > distinct </wordcount>
    <wordcount weight="5" > small </wordcount>
    <wordcount weight="5" > drift </wordcount>
    <wordcount weight="5" > climate </wordcount>
    <wordcount weight="5" > geographical </wordcount>
    <wordcount weight="5" > lobe </wordcount>
    <wordcount weight="5" > general </wordcount>
    <wordcount weight="4" > morphology </wordcount>
    <wordcount weight="4" > genotypically </wordcount>
    <wordcount weight="4" > mean </wordcount>
    <wordcount weight="4" > similar </wordcount>
    <wordcount weight="4" > leaves </wordcount>
    <wordcount weight="4" > standard </wordcount>
    <wordcount weight="4" > considered </wordcount>
    <wordcount weight="4" > into </wordcount>
    <wordcount weight="4" > clearly </wordcount>
    <wordcount weight="4" > w </wordcount>
    <wordcount weight="4" > measurements </wordcount>
    <wordcount weight="4" > show </wordcount>
    <wordcount weight="4" > galway </wordcount>
    <wordcount weight="4" > result </wordcount>
    <wordcount weight="4" > other </wordcount>
    <wordcount weight="4" > rosette </wordcount>
    <wordcount weight="4" > considerable </wordcount>
    <wordcount weight="4" > do </wordcount>
    <wordcount weight="4" > form </wordcount>
    <wordcount weight="4" > eg </wordcount>
    <wordcount weight="4" > both </wordcount>
    <wordcount weight="4" > clear </wordcount>
    <wordcount weight="4" > determined </wordcount>
    <wordcount weight="4" > through </wordcount>
    <wordcount weight="4" > correlation </wordcount>
    <wordcount weight="4" > collection </wordcount>
    <wordcount weight="4" > which </wordcount>
    <wordcount weight="4" > shown </wordcount>
    <wordcount weight="4" > low </wordcount>
    <wordcount weight="4" > sampled </wordcount>
    <wordcount weight="4" > an </wordcount>
    <wordcount weight="4" > heat </wordcount>
    <wordcount weight="4" > although </wordcount>
    <wordcount weight="4" > than </wordcount>
    <wordcount weight="4" > north </wordcount>
    <wordcount weight="3" > therefore </wordcount>
    <wordcount weight="3" > now </wordcount>
    <wordcount weight="3" > haugh </wordcount>
    <wordcount weight="3" > proc </wordcount>
    <wordcount weight="3" > cow </wordcount>
    <wordcount weight="3" > breadth </wordcount>
    <wordcount weight="3" > clinal </wordcount>
    <wordcount weight="3" > biological </wordcount>
    <wordcount weight="3" > tend </wordcount>
    <wordcount weight="3" > table </wordcount>
    <wordcount weight="3" > continent </wordcount>
    <wordcount weight="3" > forest </wordcount>
    <wordcount weight="3" > university </wordcount>
    <wordcount weight="3" > position </wordcount>
    <wordcount weight="3" > or </wordcount>
    <wordcount weight="3" > lowland </wordcount>
    <wordcount weight="3" > limits </wordcount>
    <wordcount weight="3" > bay </wordcount>
    <wordcount weight="3" > no </wordcount>
    <wordcount weight="3" > lower </wordcount>
    <wordcount weight="3" > known </wordcount>
    <wordcount weight="3" > alps </wordcount>
    <wordcount weight="3" > s </wordcount>
    <wordcount weight="3" > taken </wordcount>
    <wordcount weight="3" > suggested </wordcount>
    <wordcount weight="3" > particularly </wordcount>
    <wordcount weight="3" > cultivation </wordcount>
    <wordcount weight="3" > where </wordcount>
    <wordcount weight="3" > selected </wordcount>
    <wordcount weight="3" > while </wordcount>
    <wordcount weight="3" > because </wordcount>
    <wordcount weight="3" > given </wordcount>
    <wordcount weight="3" > west </wordcount>
    <wordcount weight="3" > significantly </wordcount>
    <wordcount weight="3" > previously </wordcount>
    <wordcount weight="3" > year </wordcount>
    <wordcount weight="3" > oceanic </wordcount>
    <wordcount weight="3" > london </wordcount>
    <wordcount weight="3" > described </wordcount>
    <wordcount weight="3" > errors </wordcount>
    <wordcount weight="3" > morphological </wordcount>
    <wordcount weight="3" > morphologically </wordcount>
    <wordcount weight="3" > montane </wordcount>
    <wordcount weight="3" > features </wordcount>
    <wordcount weight="3" > collected </wordcount>
    <wordcount weight="3" > rosettes </wordcount>
    <wordcount weight="3" > characteristics </wordcount>
    <wordcount weight="3" > transfer </wordcount>
    <wordcount weight="3" > more </wordcount>
    <wordcount weight="3" > early </wordcount>
    <wordcount weight="3" > cetry </wordcount>
    <wordcount weight="3" > much </wordcount>
    <wordcount weight="2" > survived </wordcount>
    <wordcount weight="2" > disjunct </wordcount>
    <wordcount weight="2" > phenotypic </wordcount>
    <wordcount weight="2" > locality </wordcount>
    <wordcount weight="2" > main </wordcount>
    <wordcount weight="2" > overall </wordcount>
    <wordcount weight="2" > ir </wordcount>
    <wordcount weight="2" > separated </wordcount>
    <wordcount weight="2" > lines </wordcount>
    <wordcount weight="2" > myosotis </wordcount>
    <wordcount weight="2" > sect </wordcount>
    <wordcount weight="2" > large </wordcount>
    <wordcount weight="2" > plasticity </wordcount>
    <wordcount weight="2" > refugia </wordcount>
    <wordcount weight="2" > sheffield </wordcount>
    <wordcount weight="2" > english </wordcount>
    <wordcount weight="2" > changes </wordcount>
    <wordcount weight="2" > history </wordcount>
    <wordcount weight="2" > environment </wordcount>
    <wordcount weight="2" > variable </wordcount>
    <wordcount weight="2" > complete </wordcount>
    <wordcount weight="2" > numbers </wordcount>
    <wordcount weight="2" > du </wordcount>
    <wordcount weight="2" > upper </wordcount>
    <wordcount weight="2" > included </wordcount>
    <wordcount weight="2" > regional </wordcount>
    <wordcount weight="2" > only </wordcount>
    <wordcount weight="2" > isolation </wordcount>
    <wordcount weight="2" > long </wordcount>
    <wordcount weight="2" > octopetala </wordcount>
    <wordcount weight="2" > calyces </wordcount>
    <wordcount weight="2" > alpestris </wordcount>
    <wordcount weight="2" > many </wordcount>
    <wordcount weight="2" > seems </wordcount>
    <wordcount weight="2" > separation </wordcount>
    <wordcount weight="2" > origin </wordcount>
    <wordcount weight="2" > time </wordcount>
    <wordcount weight="2" > basses </wordcount>
    <wordcount weight="2" > helianthemum </wordcount>
    <wordcount weight="2" > holcus </wordcount>
    <wordcount weight="2" > vegetation </wordcount>
    <wordcount weight="2" > phd </wordcount>
    <wordcount weight="2" > canum </wordcount>
    <wordcount weight="2" > covered </wordcount>
    <wordcount weight="2" > alpes </wordcount>
    <wordcount weight="2" > recorded </wordcount>
    <wordcount weight="2" > habitat </wordcount>
    <wordcount weight="2" > having </wordcount>
    <wordcount weight="2" > observations </wordcount>
    <wordcount weight="2" > data </wordcount>
    <wordcount weight="2" > discussion </wordcount>
    <wordcount weight="2" > range </wordcount>
    <wordcount weight="2" > combination </wordcount>
    <wordcount weight="2" > little </wordcount>
    <wordcount weight="2" > europe </wordcount>
    <wordcount weight="2" > indicating </wordcount>
    <wordcount weight="2" > genetic </wordcount>
    <wordcount weight="2" > pennines </wordcount>
    <wordcount weight="2" > woodland </wordcount>
    <wordcount weight="2" > significant </wordcount>
    <wordcount weight="2" > bot </wordcount>
    <wordcount weight="2" > throughout </wordcount>
    <wordcount weight="2" > de </wordcount>
    <wordcount weight="2" > open </wordcount>
    <wordcount weight="2" > significance </wordcount>
    <wordcount weight="2" > rubra </wordcount>
    <wordcount weight="2" > festuca </wordcount>
    <wordcount weight="2" > decrease </wordcount>
    <wordcount weight="2" > either </wordcount>
    <wordcount weight="2" > temperature </wordcount>
    <wordcount weight="2" > pyrenees </wordcount>
    <wordcount weight="2" > indistinguishable </wordcount>
    <wordcount weight="2" > interest </wordcount>
    <wordcount weight="2" > least </wordcount>
    <wordcount weight="2" > grown </wordcount>
    <wordcount weight="2" > so </wordcount>
    <wordcount weight="2" > high </wordcount>
    <wordcount weight="2" > hegi </wordcount>
    <wordcount weight="2" > mollis </wordcount>
    <wordcount weight="2" > cases </wordcount>
    <wordcount weight="2" > wider </wordcount>
    <wordcount weight="2" > response </wordcount>
    <wordcount weight="2" > can </wordcount>
    <wordcount weight="2" > structure </wordcount>
    <wordcount weight="2" > even </wordcount>
    <wordcount weight="2" > localities </wordcount>
    <wordcount weight="2" > results </wordcount>
    <wordcount weight="2" > bella </wordcount>
    <wordcount weight="2" > successive </wordcount>
    <wordcount weight="1" > increasing </wordcount>
    <wordcount weight="1" > speeds </wordcount>
    <wordcount weight="1" > phytogeographical </wordcount>
    <wordcount weight="1" > span </wordcount>
    <wordcount weight="1" > will </wordcount>
    <wordcount weight="1" > bernard </wordcount>
    <wordcount weight="1" > seasons </wordcount>
    <wordcount weight="1" > potentilla </wordcount>
    <wordcount weight="1" > mickle </wordcount>
    <wordcount weight="1" > rchb </wordcount>
    <wordcount weight="1" > chromosome </wordcount>
    <wordcount weight="1" > partially </wordcount>
    <wordcount weight="1" > likely </wordcount>
    <wordcount weight="1" > modification </wordcount>
    <wordcount weight="1" > o </wordcount>
    <wordcount weight="1" > boreal </wordcount>
    <wordcount weight="1" > frequent </wordcount>
    <wordcount weight="1" > bog </wordcount>
    <wordcount weight="1" > clonal </wordcount>
    <wordcount weight="1" > homoploid </wordcount>
    <wordcount weight="1" > due </wordcount>
    <wordcount weight="1" > clones </wordcount>
    <wordcount weight="1" > various </wordcount>
    <wordcount weight="1" > difficult </wordcount>
    <wordcount weight="1" > expected </wordcount>
    <wordcount weight="1" > provide </wordcount>
    <wordcount weight="1" > if </wordcount>
    <wordcount weight="1" > yorks </wordcount>
    <wordcount weight="1" > munichvariation </wordcount>
    <wordcount weight="1" > indicated </wordcount>
    <wordcount weight="1" > rev </wordcount>
    <wordcount weight="1" > arising </wordcount>
    <wordcount weight="1" > taxonomy </wordcount>
    <wordcount weight="1" > arctic </wordcount>
    <wordcount weight="1" > amarella </wordcount>
    <wordcount weight="1" > gentian </wordcount>
    <wordcount weight="1" > functional </wordcount>
    <wordcount weight="1" > extreme </wordcount>
    <wordcount weight="1" > environmental </wordcount>
    <wordcount weight="1" > widespread </wordcount>
    <wordcount weight="1" > hippocrepis </wordcount>
    <wordcount weight="1" > ordination </wordcount>
    <wordcount weight="1" > samplesvariation </wordcount>
    <wordcount weight="1" > ecol </wordcount>
    <wordcount weight="1" > incidence </wordcount>
    <wordcount weight="1" > nz </wordcount>
    <wordcount weight="1" > environments </wordcount>
    <wordcount weight="1" > still </wordcount>
    <wordcount weight="1" > officinalis </wordcount>
    <wordcount weight="1" > over </wordcount>
    <wordcount weight="1" > introduction </wordcount>
    <wordcount weight="1" > phytol </wordcount>
    <wordcount weight="1" > indicates </wordcount>
    <wordcount weight="1" > yet </wordcount>
    <wordcount weight="1" > expect </wordcount>
    <wordcount weight="1" > importance </wordcount>
    <wordcount weight="1" > b </wordcount>
    <wordcount weight="1" > wind </wordcount>
    <wordcount weight="1" > perennial </wordcount>
    <wordcount weight="1" > pleiotropic </wordcount>
    <wordcount weight="1" > gemmi </wordcount>
    <wordcount weight="1" > studies </wordcount>
    <wordcount weight="1" > selection </wordcount>
    <wordcount weight="1" > scrub </wordcount>
    <wordcount weight="1" > methods </wordcount>
    <wordcount weight="1" > ample </wordcount>
    <wordcount weight="1" > confidence </wordcount>
    <wordcount weight="1" > lobes </wordcount>
    <wordcount weight="1" > analysis </wordcount>
    <wordcount weight="1" > fall </wordcount>
    <wordcount weight="1" > patches </wordcount>
    <wordcount weight="1" > explicable </wordcount>
    <wordcount weight="1" > factors </wordcount>
    <wordcount weight="1" > flowering </wordcount>
    <wordcount weight="1" > sticking </wordcount>
    <wordcount weight="1" > convective </wordcount>
    <wordcount weight="1" > exists </wordcount>
    <wordcount weight="1" > completely </wordcount>
    <wordcount weight="1" > adequately </wordcount>
    <wordcount weight="1" > lanche </wordcount>
    <wordcount weight="1" > pp </wordcount>
    <wordcount weight="1" > godwin </wordcount>
    <wordcount weight="1" > illustrierte </wordcount>
    <wordcount weight="1" > country </wordcount>
    <wordcount weight="1" > ofvariation </wordcount>
    <wordcount weight="1" > conservation </wordcount>
    <wordcount weight="1" > farrington </wordcount>
    <wordcount weight="1" > andcontinental </wordcount>
    <wordcount weight="1" > ti </wordcount>
    <wordcount weight="1" > biology </wordcount>
    <wordcount weight="1" > possibly </wordcount>
    <wordcount weight="1" > les </wordcount>
    <wordcount weight="1" > boundary </wordcount>
    <wordcount weight="1" > established </wordcount>
    <wordcount weight="1" > was </wordcount>
    <wordcount weight="1" > grains </wordcount>
    <wordcount weight="1" > vegetative </wordcount>
    <wordcount weight="1" > falls </wordcount>
    <wordcount weight="1" > extinction </wordcount>
    <wordcount weight="1" > coefficients </wordcount>
    <wordcount weight="1" > heliophyte </wordcount>
    <wordcount weight="1" > under </wordcount>
    <wordcount weight="1" > growing </wordcount>
    <wordcount weight="1" > air </wordcount>
    <wordcount weight="1" > hurth </wordcount>
    <wordcount weight="1" > dansk </wordcount>
    <wordcount weight="1" > listed </wordcount>
    <wordcount weight="1" > grand </wordcount>
    <wordcount weight="1" > limestone </wordcount>
    <wordcount weight="1" > must </wordcount>
    <wordcount weight="1" > illustrated </wordcount>
    <wordcount weight="1" > riviniana </wordcount>
    <wordcount weight="1" > department </wordcount>
    <wordcount weight="1" > shorter </wordcount>
    <wordcount weight="1" > extension </wordcount>
    <wordcount weight="1" > considers </wordcount>
    <wordcount weight="1" > walters </wordcount>
    <wordcount weight="1" > generally </wordcount>
    <wordcount weight="1" > lengthratio </wordcount>
    <wordcount weight="1" > comprising </wordcount>
    <wordcount weight="1" > members </wordcount>
    <wordcount weight="1" > hoxnian </wordcount>
    <wordcount weight="1" > yugoslavian </wordcount>
    <wordcount weight="1" > distinguishing </wordcount>
    <wordcount weight="1" > french </wordcount>
    <wordcount weight="1" > scientific </wordcount>
    <wordcount weight="1" > comparison </wordcount>
    <wordcount weight="1" > cover </wordcount>
    <wordcount weight="1" > sensu </wordcount>
    <wordcount weight="1" > warmer </wordcount>
    <wordcount weight="1" > genecology </wordcount>
    <wordcount weight="1" > others </wordcount>
    <wordcount weight="1" > natural </wordcount>
    <wordcount weight="1" > appear </wordcount>
    <wordcount weight="1" > varies </wordcount>
    <wordcount weight="1" > dc </wordcount>
    <wordcount weight="1" > postglacial </wordcount>
    <wordcount weight="1" > spreading </wordcount>
    <wordcount weight="1" > england </wordcount>
    <wordcount weight="1" > yl </wordcount>
    <wordcount weight="1" > paper </wordcount>
    <wordcount weight="1" > ayere </wordcount>
    <wordcount weight="1" > limited </wordcount>
    <wordcount weight="1" > closely </wordcount>
    <wordcount weight="1" > different </wordcount>
    <wordcount weight="1" > came </wordcount>
    <wordcount weight="1" > including </wordcount>
    <wordcount weight="1" > schmidt </wordcount>
    <wordcount weight="1" > sampling </wordcount>
    <wordcount weight="1" > available </wordcount>
    <wordcount weight="1" > flowers </wordcount>
    <wordcount weight="1" > best </wordcount>
    <wordcount weight="1" > occurrence </wordcount>
    <wordcount weight="1" > warm </wordcount>
    <wordcount weight="1" > bellbeaver </wordcount>
    <wordcount weight="1" > gaseous </wordcount>
    <wordcount weight="1" > deposit </wordcount>
    <wordcount weight="1" > aaa </wordcount>
    <wordcount weight="1" > iii </wordcount>
    <wordcount weight="1" > layer </wordcount>
    <wordcount weight="1" > comosa </wordcount>
    <wordcount weight="1" > alternatively </wordcount>
    <wordcount weight="1" > studied </wordcount>
    <wordcount weight="1" > personal </wordcount>
    <wordcount weight="1" > variational </wordcount>
    <wordcount weight="1" > grows </wordcount>
    <wordcount weight="1" > end </wordcount>
    <wordcount weight="1" > any </wordcount>
    <wordcount weight="1" > near </wordcount>
    <wordcount weight="1" > suitable </wordcount>
    <wordcount weight="1" > resulting </wordcount>
    <wordcount weight="1" > reproduction </wordcount>
    <wordcount weight="1" > diameter </wordcount>
    <wordcount weight="1" > glacial </wordcount>
    <wordcount weight="1" > late </wordcount>
    <wordcount weight="1" > respect </wordcount>
    <wordcount weight="1" > evident </wordcount>
    <wordcount weight="1" > academic </wordcount>
    <wordcount weight="1" > gamete </wordcount>
    <wordcount weight="1" > soc </wordcount>
    <wordcount weight="1" > savoie </wordcount>
    <wordcount weight="1" > though </wordcount>
    <wordcount weight="1" > regard </wordcount>
    <wordcount weight="1" > unlikely </wordcount>
    <wordcount weight="1" > orientales </wordcount>
    <wordcount weight="1" > them </wordcount>
    <wordcount weight="1" > less </wordcount>
    <wordcount weight="1" > ones </wordcount>
    <wordcount weight="1" > references </wordcount>
    <wordcount weight="1" > coincident </wordcount>
    <wordcount weight="1" > pl </wordcount>
    <wordcount weight="1" > experimental </wordcount>
    <wordcount weight="1" > nearby </wordcount>
    <wordcount weight="1" > maintain </wordcount>
    <wordcount weight="1" > existence </wordcount>
    <wordcount weight="1" > pollen </wordcount>
    <wordcount weight="1" > ark </wordcount>
    <wordcount weight="1" > contrasting </wordcount>
    <wordcount weight="1" > isl </wordcount>
    <wordcount weight="1" > explain </wordcount>
    <wordcount weight="1" > theory </wordcount>
    <wordcount weight="1" > frequency </wordcount>
    <wordcount weight="1" > extent </wordcount>
    <wordcount weight="1" > wide </wordcount>
    <wordcount weight="1" > val </wordcount>
    <wordcount weight="1" > number </wordcount>
    <wordcount weight="1" > viola </wordcount>
    <wordcount weight="1" > possibility </wordcount>
    <wordcount weight="1" > regionally </wordcount>
    <wordcount weight="1" > day </wordcount>
    <wordcount weight="1" > studying </wordcount>
    <wordcount weight="1" > ranunculus </wordcount>
    <wordcount weight="1" > well </wordcount>
    <wordcount weight="1" > shape </wordcount>
    <wordcount weight="1" > brachyphylla </wordcount>
    <wordcount weight="1" > another </wordcount>
    <wordcount weight="1" > information </wordcount>
    <wordcount weight="1" > almost </wordcount>
    <wordcount weight="1" > application </wordcount>
    <wordcount weight="1" > basis </wordcount>
    <wordcount weight="1" > greatest </wordcount>
    <wordcount weight="1" > closed </wordcount>
    <wordcount weight="1" > size </wordcount>
    <wordcount weight="1" > largest </wordcount>
    <wordcount weight="1" > soils </wordcount>
    <wordcount weight="1" > unreasonable </wordcount>
    <wordcount weight="1" > properties </wordcount>
    <wordcount weight="1" > survive </wordcount>
    <wordcount weight="1" > element </wordcount>
    <wordcount weight="1" > made </wordcount>
    <wordcount weight="1" > width </wordcount>
    <wordcount weight="1" > values </wordcount>
    <wordcount weight="1" > potentillafruticosa </wordcount>
    <wordcount weight="1" > preserved </wordcount>
    <wordcount weight="1" > moving </wordcount>
    <wordcount weight="1" > communities </wordcount>
    <wordcount weight="1" > region </wordcount>
    <wordcount weight="1" > brought </wordcount>
    <wordcount weight="1" > deposits </wordcount>
    <wordcount weight="1" > part </wordcount>
    <wordcount weight="1" > br </wordcount>
    <wordcount weight="1" > sea </wordcount>
    <wordcount weight="1" > flandrian </wordcount>
    <wordcount weight="1" > cumberland </wordcount>
    <wordcount weight="1" > confined </wordcount>
    <wordcount weight="1" > fossil </wordcount>
    <wordcount weight="1" > variability </wordcount>
    <wordcount weight="1" > positions </wordcount>
    <wordcount weight="1" > ten </wordcount>
    <wordcount weight="1" > grassland </wordcount>
    <wordcount weight="1" > loss </wordcount>
    <wordcount weight="1" > use </wordcount>
    <wordcount weight="1" > hypotheses </wordcount>
    <wordcount weight="1" > pic </wordcount>
    <wordcount weight="1" > place </wordcount>
    <wordcount weight="1" > distinguishable </wordcount>
    <wordcount weight="1" > squires </wordcount>
    <wordcount weight="1" > genotypical </wordcount>
    <wordcount weight="1" > climatic </wordcount>
    <wordcount weight="1" > records </wordcount>
    <wordcount weight="1" > exposed </wordcount>
    <wordcount weight="1" > valais </wordcount>
    <wordcount weight="1" > thus </wordcount>
    <wordcount weight="1" > come </wordcount>
    <wordcount weight="1" > occupied </wordcount>
    <wordcount weight="1" > formation </wordcount>
    <wordcount weight="1" > tosko </wordcount>
    <wordcount weight="1" > relationships </wordcount>
    <wordcount weight="1" > evidence </wordcount>
    <wordcount weight="1" > explained </wordcount>
    <wordcount weight="1" > cambridge </wordcount>
    <wordcount weight="1" > winds </wordcount>
    <wordcount weight="1" > longevity </wordcount>
    <wordcount weight="1" > conditions </wordcount>
    <wordcount weight="1" > discussed </wordcount>
    <wordcount weight="1" > geranium </wordcount>
    <wordcount weight="1" > good </wordcount>
    <wordcount weight="1" > change </wordcount>
    <wordcount weight="1" > relatively </wordcount>
    <wordcount weight="1" > individual </wordcount>
    <wordcount weight="1" > optimal </wordcount>
    <wordcount weight="1" > times </wordcount>
    <wordcount weight="1" > ratios </wordcount>
    <wordcount weight="1" > adaptive </wordcount>
    <wordcount weight="1" > would </wordcount>
    <wordcount weight="1" > sanguineum </wordcount>
    <wordcount weight="1" > suggest </wordcount>
    <wordcount weight="1" > proctor </wordcount>
    <wordcount weight="1" > effects </wordcount>
    <wordcount weight="1" > le </wordcount>
    <wordcount weight="1" > channel </wordcount>
    <wordcount weight="1" > polygala </wordcount>
    <wordcount weight="1" > probable </wordcount>
    <wordcount weight="1" > black </wordcount>
    <wordcount weight="1" > diagnostic </wordcount>
    <wordcount weight="1" > veronica </wordcount>
    <wordcount weight="1" > measured </wordcount>
    <wordcount weight="1" > maintaining </wordcount>
    <wordcount weight="1" > involved </wordcount>
    <wordcount weight="1" > around </wordcount>
    <wordcount weight="1" > rarities </wordcount>
    <wordcount weight="1" > exchange </wordcount>
    <wordcount weight="1" > clinally </wordcount>
    <wordcount weight="1" > summary </wordcount>
    <wordcount weight="1" > several </wordcount>
    <wordcount weight="1" > burren </wordcount>
    <wordcount weight="1" > wilkins </wordcount>
    <wordcount weight="1" > highly </wordcount>
    <wordcount weight="1" > highest </wordcount>
    <wordcount weight="1" > k </wordcount>
    <wordcount weight="1" > hirtus </wordcount>
    <wordcount weight="1" > ser </wordcount>
    <wordcount weight="1" > races </wordcount>
    <wordcount weight="1" > single </wordcount>
    <wordcount weight="1" > gene </wordcount>
    <wordcount weight="1" > clare </wordcount>
    <wordcount weight="1" > compared </wordcount>
    <wordcount weight="1" > effective </wordcount>
    <wordcount weight="1" > anderson </wordcount>
    <wordcount weight="1" > differing </wordcount>
    <wordcount weight="1" > immigrated </wordcount>
    <wordcount weight="1" > fruticosa </wordcount>
    <wordcount weight="1" > managed </wordcount>
    <wordcount weight="1" > when </wordcount>
    <wordcount weight="1" > maximum </wordcount>
    <wordcount weight="1" > swiss </wordcount>
    <wordcount weight="1" > consecutive </wordcount>
    <wordcount weight="1" > st </wordcount>
    <wordcount weight="1" > differ </wordcount>
    <wordcount weight="1" > arisen </wordcount>
    <wordcount weight="1" > equivalent </wordcount>
    <wordcount weight="1" > counts </wordcount>
    <wordcount weight="1" > strong </wordcount>
    <wordcount weight="1" > apparently </wordcount>
    <wordcount weight="1" > operative </wordcount>
    <wordcount weight="1" > recent </wordcount>
    <wordcount weight="1" > conceive </wordcount>
    <wordcount weight="1" > observed </wordcount>
    <wordcount weight="1" > westmorland </wordcount>
    <wordcount weight="1" > porte </wordcount>
    <wordcount weight="1" > dryas </wordcount>
    <wordcount weight="1" > climates </wordcount>
    <wordcount weight="1" > col </wordcount>
    <wordcount weight="1" > delimited </wordcount>
    <wordcount weight="1" > la </wordcount>
    <wordcount weight="1" > lac </wordcount>
    <wordcount weight="1" > widely </wordcount>
    <wordcount weight="1" > von </wordcount>
    <wordcount weight="1" > biosystematic </wordcount>
    <wordcount weight="1" > baumg </wordcount>
    <wordcount weight="1" > morphogenesis </wordcount>
</article>
