<?xml version="1.0" encoding="UTF-8"?>
<article id="10.2307/2258550" >
    <wordcount weight="74" > the </wordcount>
    <wordcount weight="58" > of </wordcount>
    <wordcount weight="44" > and </wordcount>
    <wordcount weight="22" > a </wordcount>
    <wordcount weight="20" > in </wordcount>
    <wordcount weight="20" > is </wordcount>
    <wordcount weight="12" > to </wordcount>
    <wordcount weight="12" > with </wordcount>
    <wordcount weight="10" > this </wordcount>
    <wordcount weight="10" > be </wordcount>
    <wordcount weight="9" > then </wordcount>
    <wordcount weight="8" > that </wordcount>
    <wordcount weight="8" > are </wordcount>
    <wordcount weight="6" > at </wordcount>
    <wordcount weight="6" > on </wordcount>
    <wordcount weight="6" > have </wordcount>
    <wordcount weight="6" > way </wordcount>
    <wordcount weight="6" > an </wordcount>
    <wordcount weight="6" > ecology </wordcount>
    <wordcount weight="6" > discussion </wordcount>
    <wordcount weight="6" > for </wordcount>
    <wordcount weight="6" > book </wordcount>
    <wordcount weight="6" > communities </wordcount>
    <wordcount weight="6" > which </wordcount>
    <wordcount weight="6" > many </wordcount>
    <wordcount weight="6" > ecosystems </wordcount>
    <wordcount weight="6" > considered </wordcount>
    <wordcount weight="4" > may </wordcount>
    <wordcount weight="4" > from </wordcount>
    <wordcount weight="4" > books </wordcount>
    <wordcount weight="4" > not </wordcount>
    <wordcount weight="4" > text </wordcount>
    <wordcount weight="4" > price </wordcount>
    <wordcount weight="4" > production </wordcount>
    <wordcount weight="4" > stage </wordcount>
    <wordcount weight="4" > brief </wordcount>
    <wordcount weight="4" > some </wordcount>
    <wordcount weight="4" > r </wordcount>
    <wordcount weight="4" > nature </wordcount>
    <wordcount weight="4" > places </wordcount>
    <wordcount weight="4" > elementary </wordcount>
    <wordcount weight="4" > part </wordcount>
    <wordcount weight="4" > through </wordcount>
    <wordcount weight="4" > structure </wordcount>
    <wordcount weight="4" > whittaker </wordcount>
    <wordcount weight="4" > than </wordcount>
    <wordcount weight="4" > there </wordcount>
    <wordcount weight="4" > world </wordcount>
    <wordcount weight="4" > circulation </wordcount>
    <wordcount weight="4" > merit </wordcount>
    <wordcount weight="4" > though </wordcount>
    <wordcount weight="2" > i </wordcount>
    <wordcount weight="2" > shown </wordcount>
    <wordcount weight="2" > set </wordcount>
    <wordcount weight="2" > will </wordcount>
    <wordcount weight="2" > it </wordcount>
    <wordcount weight="2" > but </wordcount>
    <wordcount weight="2" > development </wordcount>
    <wordcount weight="2" > undergraduate </wordcount>
    <wordcount weight="2" > spatial </wordcount>
    <wordcount weight="2" > them </wordcount>
    <wordcount weight="2" > by </wordcount>
    <wordcount weight="2" > continua </wordcount>
    <wordcount weight="2" > population </wordcount>
    <wordcount weight="2" > professor </wordcount>
    <wordcount weight="2" > four </wordcount>
    <wordcount weight="2" > diurnal </wordcount>
    <wordcount weight="2" > most </wordcount>
    <wordcount weight="2" > list </wordcount>
    <wordcount weight="2" > second </wordcount>
    <wordcount weight="2" > due </wordcount>
    <wordcount weight="2" > habitats </wordcount>
    <wordcount weight="2" > succession </wordcount>
    <wordcount weight="2" > adequate </wordcount>
    <wordcount weight="2" > case </wordcount>
    <wordcount weight="2" > tables </wordcount>
    <wordcount weight="2" > well </wordcount>
    <wordcount weight="2" > scale </wordcount>
    <wordcount weight="2" > necessary </wordcount>
    <wordcount weight="2" > first </wordcount>
    <wordcount weight="2" > continues </wordcount>
    <wordcount weight="2" > thread </wordcount>
    <wordcount weight="2" > matter </wordcount>
    <wordcount weight="2" > only </wordcount>
    <wordcount weight="2" > materials </wordcount>
    <wordcount weight="2" > lot </wordcount>
    <wordcount weight="2" > errors </wordcount>
    <wordcount weight="2" > horizontal </wordcount>
    <wordcount weight="2" > seasonal </wordcount>
    <wordcount weight="2" > calls </wordcount>
    <wordcount weight="2" > dr </wordcount>
    <wordcount weight="2" > important </wordcount>
    <wordcount weight="2" > rather </wordcount>
    <wordcount weight="2" > science </wordcount>
    <wordcount weight="2" > fewer </wordcount>
    <wordcount weight="2" > reviews </wordcount>
    <wordcount weight="2" > sometimes </wordcount>
    <wordcount weight="2" > indicated </wordcount>
    <wordcount weight="2" > growth </wordcount>
    <wordcount weight="2" > least </wordcount>
    <wordcount weight="2" > plates </wordcount>
    <wordcount weight="2" > every </wordcount>
    <wordcount weight="2" > controversy </wordcount>
    <wordcount weight="2" > distribution </wordcount>
    <wordcount weight="2" > defects </wordcount>
    <wordcount weight="2" > style </wordcount>
    <wordcount weight="2" > gives </wordcount>
    <wordcount weight="2" > like </wordcount>
    <wordcount weight="2" > numbered </wordcount>
    <wordcount weight="2" > follows </wordcount>
    <wordcount weight="2" > application </wordcount>
    <wordcount weight="2" > admit </wordcount>
    <wordcount weight="2" > here </wordcount>
    <wordcount weight="2" > impression </wordcount>
    <wordcount weight="2" > memory </wordcount>
    <wordcount weight="2" > valid </wordcount>
    <wordcount weight="2" > day </wordcount>
    <wordcount weight="2" > biosphere </wordcount>
    <wordcount weight="2" > arbitrary </wordcount>
    <wordcount weight="2" > aspects </wordcount>
    <wordcount weight="2" > vertical </wordcount>
    <wordcount weight="2" > flow </wordcount>
    <wordcount weight="2" > expected </wordcount>
    <wordcount weight="2" > plane </wordcount>
    <wordcount weight="2" > having </wordcount>
    <wordcount weight="2" > already </wordcount>
    <wordcount weight="2" > might </wordcount>
    <wordcount weight="2" > trek </wordcount>
    <wordcount weight="2" > dimension </wordcount>
    <wordcount weight="2" > contrast </wordcount>
    <wordcount weight="2" > radioactive </wordcount>
    <wordcount weight="2" > didactic </wordcount>
    <wordcount weight="2" > area </wordcount>
    <wordcount weight="2" > emphasis </wordcount>
    <wordcount weight="2" > opportunity </wordcount>
    <wordcount weight="2" > each </wordcount>
    <wordcount weight="2" > titles </wordcount>
    <wordcount weight="2" > quality </wordcount>
    <wordcount weight="2" > behaviour </wordcount>
    <wordcount weight="2" > cm </wordcount>
    <wordcount weight="2" > seems </wordcount>
    <wordcount weight="2" > small </wordcount>
    <wordcount weight="2" > publisher </wordcount>
    <wordcount weight="2" > needs </wordcount>
    <wordcount weight="2" > watersheds </wordcount>
    <wordcount weight="2" > s </wordcount>
    <wordcount weight="2" > deals </wordcount>
    <wordcount weight="2" > lack </wordcount>
    <wordcount weight="2" > hot </wordcount>
    <wordcount weight="2" > level </wordcount>
    <wordcount weight="2" > length </wordcount>
    <wordcount weight="2" > idea </wordcount>
    <wordcount weight="2" > one </wordcount>
    <wordcount weight="2" > items </wordcount>
    <wordcount weight="2" > removed </wordcount>
    <wordcount weight="2" > could </wordcount>
    <wordcount weight="2" > multiple </wordcount>
    <wordcount weight="2" > areas </wordcount>
    <wordcount weight="2" > leaves </wordcount>
    <wordcount weight="2" > six </wordcount>
    <wordcount weight="2" > lucidity </wordcount>
    <wordcount weight="2" > use </wordcount>
    <wordcount weight="2" > striking </wordcount>
    <wordcount weight="2" > single </wordcount>
    <wordcount weight="2" > together </wordcount>
    <wordcount weight="2" > x </wordcount>
    <wordcount weight="2" > suitable </wordcount>
    <wordcount weight="2" > simple </wordcount>
    <wordcount weight="2" > sketches </wordcount>
    <wordcount weight="2" > developed </wordcount>
    <wordcount weight="2" > space </wordcount>
    <wordcount weight="2" > ecologists </wordcount>
    <wordcount weight="2" > misleading </wordcount>
    <wordcount weight="2" > two </wordcount>
    <wordcount weight="2" > inorganic </wordcount>
    <wordcount weight="2" > fourth </wordcount>
    <wordcount weight="2" > naturally </wordcount>
    <wordcount weight="2" > moves </wordcount>
    <wordcount weight="2" > eventually </wordcount>
    <wordcount weight="2" > find </wordcount>
    <wordcount weight="2" > arises </wordcount>
    <wordcount weight="2" > h </wordcount>
    <wordcount weight="2" > particularly </wordcount>
    <wordcount weight="2" > subject </wordcount>
    <wordcount weight="2" > uncertainty </wordcount>
    <wordcount weight="2" > texts </wordcount>
    <wordcount weight="2" > when </wordcount>
    <wordcount weight="2" > up </wordcount>
    <wordcount weight="2" > associates </wordcount>
    <wordcount weight="2" > would </wordcount>
    <wordcount weight="2" > entirely </wordcount>
    <wordcount weight="2" > even </wordcount>
    <wordcount weight="2" > whole </wordcount>
    <wordcount weight="2" > pp </wordcount>
    <wordcount weight="2" > composition </wordcount>
    <wordcount weight="2" > end </wordcount>
    <wordcount weight="2" > unfortunately </wordcount>
    <wordcount weight="2" > traditional </wordcount>
    <wordcount weight="2" > discussions </wordcount>
    <wordcount weight="2" > figures </wordcount>
    <wordcount weight="2" > blurred </wordcount>
    <wordcount weight="2" > consumers </wordcount>
    <wordcount weight="2" > make </wordcount>
    <wordcount weight="2" > niche </wordcount>
    <wordcount weight="2" > free </wordcount>
    <wordcount weight="2" > clearest </wordcount>
    <wordcount weight="2" > discussed </wordcount>
    <wordcount weight="2" > achieved </wordcount>
    <wordcount weight="2" > professional </wordcount>
    <wordcount weight="2" > should </wordcount>
    <wordcount weight="2" > general </wordcount>
    <wordcount weight="2" > index </wordcount>
    <wordcount weight="2" > runs </wordcount>
    <wordcount weight="2" > vegetation </wordcount>
    <wordcount weight="2" > more </wordcount>
    <wordcount weight="2" > improved </wordcount>
    <wordcount weight="2" > into </wordcount>
    <wordcount weight="2" > forms </wordcount>
    <wordcount weight="2" > thus </wordcount>
    <wordcount weight="2" > readers </wordcount>
    <wordcount weight="2" > includes </wordcount>
    <wordcount weight="2" > multidimensional </wordcount>
    <wordcount weight="2" > concluded </wordcount>
    <wordcount weight="2" > animal </wordcount>
    <wordcount weight="2" > climax </wordcount>
    <wordcount weight="2" > concepts </wordcount>
    <wordcount weight="2" > species </wordcount>
    <wordcount weight="2" > physiological </wordcount>
    <wordcount weight="2" > previous </wordcount>
    <wordcount weight="2" > starts </wordcount>
    <wordcount weight="2" > none </wordcount>
    <wordcount weight="2" > same </wordcount>
    <wordcount weight="2" > third </wordcount>
    <wordcount weight="1" > xi </wordcount>
    <wordcount weight="1" > dines </wordcount>
    <wordcount weight="1" > clymo </wordcount>
    <wordcount weight="1" > clines </wordcount>
</article>
