<?xml version="1.0" encoding="UTF-8"?>
<article id="10.2307/2424478" >
    <wordcount weight="177" > of </wordcount>
    <wordcount weight="136" > the </wordcount>
    <wordcount weight="121" > and </wordcount>
    <wordcount weight="111" > seeds </wordcount>
    <wordcount weight="95" > in </wordcount>
    <wordcount weight="76" > from </wordcount>
    <wordcount weight="73" > a </wordcount>
    <wordcount weight="47" > to </wordcount>
    <wordcount weight="46" > germination </wordcount>
    <wordcount weight="34" > that </wordcount>
    <wordcount weight="34" > differences </wordcount>
    <wordcount weight="32" > plants </wordcount>
    <wordcount weight="30" > than </wordcount>
    <wordcount weight="28" > under </wordcount>
    <wordcount weight="27" > at </wordcount>
    <wordcount weight="26" > on </wordcount>
    <wordcount weight="25" > dormancy </wordcount>
    <wordcount weight="25" > germinated </wordcount>
    <wordcount weight="25" > grown </wordcount>
    <wordcount weight="24" > j </wordcount>
    <wordcount weight="22" > produced </wordcount>
    <wordcount weight="22" > c </wordcount>
    <wordcount weight="21" > populations </wordcount>
    <wordcount weight="20" > seed </wordcount>
    <wordcount weight="19" > higher </wordcount>
    <wordcount weight="19" > percentage </wordcount>
    <wordcount weight="19" > those </wordcount>
    <wordcount weight="19" > plant </wordcount>
    <wordcount weight="18" > by </wordcount>
    <wordcount weight="18" > during </wordcount>
    <wordcount weight="18" > were </wordcount>
    <wordcount weight="17" > species </wordcount>
    <wordcount weight="16" > light </wordcount>
    <wordcount weight="16" > or </wordcount>
    <wordcount weight="16" > collected </wordcount>
    <wordcount weight="15" > for </wordcount>
    <wordcount weight="14" > days </wordcount>
    <wordcount weight="14" > be </wordcount>
    <wordcount weight="13" > temperature </wordcount>
    <wordcount weight="12" > may </wordcount>
    <wordcount weight="12" > is </wordcount>
    <wordcount weight="12" > not </wordcount>
    <wordcount weight="12" > with </wordcount>
    <wordcount weight="12" > characteristics </wordcount>
    <wordcount weight="12" > sources </wordcount>
    <wordcount weight="12" > temperatures </wordcount>
    <wordcount weight="12" > northern </wordcount>
    <wordcount weight="11" > performance </wordcount>
    <wordcount weight="11" > different </wordcount>
    <wordcount weight="11" > which </wordcount>
    <wordcount weight="11" > have </wordcount>
    <wordcount weight="10" > studies </wordcount>
    <wordcount weight="10" > was </wordcount>
    <wordcount weight="10" > found </wordcount>
    <wordcount weight="10" > southern </wordcount>
    <wordcount weight="10" > after </wordcount>
    <wordcount weight="10" > soil </wordcount>
    <wordcount weight="10" > between </wordcount>
    <wordcount weight="10" > photoperiod </wordcount>
    <wordcount weight="9" > various </wordcount>
    <wordcount weight="9" > environmental </wordcount>
    <wordcount weight="9" > growing </wordcount>
    <wordcount weight="9" > period </wordcount>
    <wordcount weight="8" > short </wordcount>
    <wordcount weight="8" > before </wordcount>
    <wordcount weight="8" > w </wordcount>
    <wordcount weight="8" > also </wordcount>
    <wordcount weight="8" > m </wordcount>
    <wordcount weight="8" > are </wordcount>
    <wordcount weight="8" > origin </wordcount>
    <wordcount weight="8" > significantly </wordcount>
    <wordcount weight="8" > maturation </wordcount>
    <wordcount weight="7" > genetic </wordcount>
    <wordcount weight="7" > l </wordcount>
    <wordcount weight="7" > been </wordcount>
    <wordcount weight="7" > mother </wordcount>
    <wordcount weight="7" > lettuce </wordcount>
    <wordcount weight="7" > matured </wordcount>
    <wordcount weight="7" > all </wordcount>
    <wordcount weight="7" > daily </wordcount>
    <wordcount weight="7" > p </wordcount>
    <wordcount weight="7" > new </wordcount>
    <wordcount weight="7" > ecotypic </wordcount>
    <wordcount weight="7" > uniform </wordcount>
    <wordcount weight="7" > et </wordcount>
    <wordcount weight="7" > average </wordcount>
    <wordcount weight="7" > conditions </wordcount>
    <wordcount weight="7" > stratification </wordcount>
    <wordcount weight="7" > should </wordcount>
    <wordcount weight="6" > their </wordcount>
    <wordcount weight="6" > environment </wordcount>
    <wordcount weight="6" > long </wordcount>
    <wordcount weight="6" > season </wordcount>
    <wordcount weight="6" > faster </wordcount>
    <wordcount weight="6" > did </wordcount>
    <wordcount weight="6" > chilling </wordcount>
    <wordcount weight="6" > physiological </wordcount>
    <wordcount weight="6" > less </wordcount>
    <wordcount weight="6" > required </wordcount>
    <wordcount weight="6" > due </wordcount>
    <wordcount weight="6" > gave </wordcount>
    <wordcount weight="6" > when </wordcount>
    <wordcount weight="5" > f </wordcount>
    <wordcount weight="5" > if </wordcount>
    <wordcount weight="5" > generations </wordcount>
    <wordcount weight="5" > red </wordcount>
    <wordcount weight="5" > album </wordcount>
    <wordcount weight="5" > show </wordcount>
    <wordcount weight="5" > more </wordcount>
    <wordcount weight="5" > natural </wordcount>
    <wordcount weight="5" > had </wordcount>
    <wordcount weight="5" > harvest </wordcount>
    <wordcount weight="5" > strobus </wordcount>
    <wordcount weight="5" > amer </wordcount>
    <wordcount weight="5" > while </wordcount>
    <wordcount weight="5" > number </wordcount>
    <wordcount weight="5" > dormant </wordcount>
    <wordcount weight="5" > differentiation </wordcount>
    <wordcount weight="5" > caused </wordcount>
    <wordcount weight="5" > several </wordcount>
    <wordcount weight="5" > dark </wordcount>
    <wordcount weight="4" > site </wordcount>
    <wordcount weight="4" > rate </wordcount>
    <wordcount weight="4" > proc </wordcount>
    <wordcount weight="4" > per </wordcount>
    <wordcount weight="4" > united </wordcount>
    <wordcount weight="4" > affect </wordcount>
    <wordcount weight="4" > lower </wordcount>
    <wordcount weight="4" > midland </wordcount>
    <wordcount weight="4" > stands </wordcount>
    <wordcount weight="4" > genecological </wordcount>
    <wordcount weight="4" > thompson </wordcount>
    <wordcount weight="4" > following </wordcount>
    <wordcount weight="4" > within </wordcount>
    <wordcount weight="4" > sites </wordcount>
    <wordcount weight="4" > r </wordcount>
    <wordcount weight="4" > mean </wordcount>
    <wordcount weight="4" > naturalist </wordcount>
    <wordcount weight="4" > correlation </wordcount>
    <wordcount weight="4" > exposed </wordcount>
    <wordcount weight="4" > years </wordcount>
    <wordcount weight="4" > three </wordcount>
    <wordcount weight="4" > regions </wordcount>
    <wordcount weight="4" > g </wordcount>
    <wordcount weight="4" > hard </wordcount>
    <wordcount weight="4" > american </wordcount>
    <wordcount weight="4" > evidence </wordcount>
    <wordcount weight="4" > lowest </wordcount>
    <wordcount weight="4" > states </wordcount>
    <wordcount weight="4" > high </wordcount>
    <wordcount weight="4" > mexico </wordcount>
    <wordcount weight="4" > effects </wordcount>
    <wordcount weight="4" > crosses </wordcount>
    <wordcount weight="4" > highest </wordcount>
    <wordcount weight="4" > continuous </wordcount>
    <wordcount weight="4" > effect </wordcount>
    <wordcount weight="4" > d </wordcount>
    <wordcount weight="4" > white </wordcount>
    <wordcount weight="4" > mature </wordcount>
    <wordcount weight="4" > north </wordcount>
    <wordcount weight="4" > styraciflua </wordcount>
    <wordcount weight="4" > louisiana </wordcount>
    <wordcount weight="4" > showed </wordcount>
    <wordcount weight="3" > variation </wordcount>
    <wordcount weight="3" > he </wordcount>
    <wordcount weight="3" > assigned </wordcount>
    <wordcount weight="3" > growth </wordcount>
    <wordcount weight="3" > affected </wordcount>
    <wordcount weight="3" > e </wordcount>
    <wordcount weight="3" > canadensis </wordcount>
    <wordcount weight="3" > darkness </wordcount>
    <wordcount weight="3" > se </wordcount>
    <wordcount weight="3" > dwight </wordcount>
    <wordcount weight="3" > pinus </wordcount>
    <wordcount weight="3" > then </wordcount>
    <wordcount weight="3" > typha </wordcount>
    <wordcount weight="3" > mentioned </wordcount>
    <wordcount weight="3" > these </wordcount>
    <wordcount weight="3" > age </wordcount>
    <wordcount weight="3" > only </wordcount>
    <wordcount weight="3" > t </wordcount>
    <wordcount weight="3" > chenopodium </wordcount>
    <wordcount weight="3" > cotton </wordcount>
    <wordcount weight="3" > over </wordcount>
    <wordcount weight="3" > thermoperiod </wordcount>
    <wordcount weight="3" > could </wordcount>
    <wordcount weight="3" > ecotypes </wordcount>
    <wordcount weight="3" > time </wordcount>
    <wordcount weight="3" > requirements </wordcount>
    <wordcount weight="3" > aust </wordcount>
    <wordcount weight="3" > harvested </wordcount>
    <wordcount weight="3" > hr </wordcount>
    <wordcount weight="3" > development </wordcount>
    <wordcount weight="3" > incubation </wordcount>
    <wordcount weight="3" > year </wordcount>
    <wordcount weight="3" > tsuga </wordcount>
    <wordcount weight="3" > we </wordcount>
    <wordcount weight="3" > populational </wordcount>
    <wordcount weight="3" > germinate </wordcount>
    <wordcount weight="3" > low </wordcount>
    <wordcount weight="3" > significance </wordcount>
    <wordcount weight="3" > since </wordcount>
    <wordcount weight="3" > olson </wordcount>
    <wordcount weight="3" > relatively </wordcount>
    <wordcount weight="3" > responses </wordcount>
    <wordcount weight="3" > compared </wordcount>
    <wordcount weight="3" > an </wordcount>
    <wordcount weight="2" > alabama </wordcount>
    <wordcount weight="2" > production </wordcount>
    <wordcount weight="2" > later </wordcount>
    <wordcount weight="2" > harrington </wordcount>
    <wordcount weight="2" > comparative </wordcount>
    <wordcount weight="2" > biol </wordcount>
    <wordcount weight="2" > nearly </wordcount>
    <wordcount weight="2" > exaltata </wordcount>
    <wordcount weight="2" > determine </wordcount>
    <wordcount weight="2" > ecol </wordcount>
    <wordcount weight="2" > investigators </wordcount>
    <wordcount weight="2" > environments </wordcount>
    <wordcount weight="2" > interactions </wordcount>
    <wordcount weight="2" > they </wordcount>
    <wordcount weight="2" > large </wordcount>
    <wordcount weight="2" > length </wordcount>
    <wordcount weight="2" > nondormant </wordcount>
    <wordcount weight="2" > fluorescent </wordcount>
    <wordcount weight="2" > one </wordcount>
    <wordcount weight="2" > life </wordcount>
    <wordcount weight="2" > study </wordcount>
    <wordcount weight="2" > often </wordcount>
    <wordcount weight="2" > as </wordcount>
    <wordcount weight="2" > existed </wordcount>
    <wordcount weight="2" > permeability </wordcount>
    <wordcount weight="2" > h </wordcount>
    <wordcount weight="2" > completely </wordcount>
    <wordcount weight="2" > brunswick </wordcount>
    <wordcount weight="2" > thuja </wordcount>
    <wordcount weight="2" > forest </wordcount>
    <wordcount weight="2" > favorable </wordcount>
    <wordcount weight="2" > idaho </wordcount>
    <wordcount weight="2" > slowly </wordcount>
    <wordcount weight="2" > total </wordcount>
    <wordcount weight="2" > any </wordcount>
    <wordcount weight="2" > anagallis </wordcount>
    <wordcount weight="2" > same </wordcount>
    <wordcount weight="2" > air </wordcount>
    <wordcount weight="2" > jersey </wordcount>
    <wordcount weight="2" > dishes </wordcount>
    <wordcount weight="2" > liquidambar </wordcount>
    <wordcount weight="2" > but </wordcount>
    <wordcount weight="2" > university </wordcount>
    <wordcount weight="2" > wisconsin </wordcount>
    <wordcount weight="2" > sicula </wordcount>
    <wordcount weight="2" > being </wordcount>
    <wordcount weight="2" > shorter </wordcount>
    <wordcount weight="2" > implied </wordcount>
    <wordcount weight="2" > upland </wordcount>
    <wordcount weight="2" > preceding </wordcount>
    <wordcount weight="2" > stated </wordcount>
    <wordcount weight="2" > ripening </wordcount>
    <wordcount weight="2" > available </wordcount>
    <wordcount weight="2" > each </wordcount>
    <wordcount weight="2" > whereas </wordcount>
    <wordcount weight="2" > paper </wordcount>
    <wordcount weight="2" > unstratified </wordcount>
    <wordcount weight="2" > incandescent </wordcount>
    <wordcount weight="2" > based </wordcount>
    <wordcount weight="2" > agr </wordcount>
    <wordcount weight="2" > s </wordcount>
    <wordcount weight="2" > included </wordcount>
    <wordcount weight="2" > thaliana </wordcount>
    <wordcount weight="2" > broken </wordcount>
    <wordcount weight="2" > agree </wordcount>
    <wordcount weight="2" > treatments </wordcount>
    <wordcount weight="2" > nutrients </wordcount>
    <wordcount weight="2" > break </wordcount>
    <wordcount weight="2" > habitat </wordcount>
    <wordcount weight="2" > hiesey </wordcount>
    <wordcount weight="2" > farther </wordcount>
    <wordcount weight="2" > there </wordcount>
    <wordcount weight="2" > climate </wordcount>
    <wordcount weight="2" > turresson </wordcount>
    <wordcount weight="2" > investigations </wordcount>
    <wordcount weight="2" > fertilizer </wordcount>
    <wordcount weight="2" > ecology </wordcount>
    <wordcount weight="2" > receiving </wordcount>
    <wordcount weight="2" > physiology </wordcount>
    <wordcount weight="2" > population </wordcount>
    <wordcount weight="2" > excellent </wordcount>
    <wordcount weight="2" > can </wordcount>
    <wordcount weight="2" > moisture </wordcount>
    <wordcount weight="2" > subterraneum </wordcount>
    <wordcount weight="2" > filter </wordcount>
    <wordcount weight="2" > argued </wordcount>
    <wordcount weight="2" > arvensis </wordcount>
    <wordcount weight="2" > require </wordcount>
    <wordcount weight="2" > early </wordcount>
    <wordcount weight="2" > degree </wordcount>
    <wordcount weight="2" > local </wordcount>
    <wordcount weight="2" > none </wordcount>
    <wordcount weight="2" > original </wordcount>
    <wordcount weight="2" > hybrid </wordcount>
    <wordcount weight="2" > demonstrated </wordcount>
    <wordcount weight="2" > wilcox </wordcount>
    <wordcount weight="2" > exhibit </wordcount>
    <wordcount weight="2" > data </wordcount>
    <wordcount weight="2" > discussion </wordcount>
    <wordcount weight="2" > work </wordcount>
    <wordcount weight="2" > trees </wordcount>
    <wordcount weight="2" > including </wordcount>
    <wordcount weight="2" > caryopses </wordcount>
    <wordcount weight="2" > soc </wordcount>
    <wordcount weight="2" > minimum </wordcount>
    <wordcount weight="2" > significant </wordcount>
    <wordcount weight="2" > bottomland </wordcount>
    <wordcount weight="2" > lights </wordcount>
    <wordcount weight="2" > occidentalis </wordcount>
    <wordcount weight="2" > bot </wordcount>
    <wordcount weight="2" > heredity </wordcount>
    <wordcount weight="2" > ononis </wordcount>
    <wordcount weight="2" > sweetgum </wordcount>
    <wordcount weight="2" > hampshire </wordcount>
    <wordcount weight="2" > shown </wordcount>
    <wordcount weight="2" > washington </wordcount>
    <wordcount weight="2" > breakdown </wordcount>
    <wordcount weight="2" > this </wordcount>
    <wordcount weight="2" > illinois </wordcount>
    <wordcount weight="2" > b </wordcount>
    <wordcount weight="2" > morphological </wordcount>
    <wordcount weight="2" > taxonomic </wordcount>
    <wordcount weight="2" > good </wordcount>
    <wordcount weight="2" > optimal </wordcount>
    <wordcount weight="2" > would </wordcount>
    <wordcount weight="2" > field </wordcount>
    <wordcount weight="2" > cold </wordcount>
    <wordcount weight="2" > petri </wordcount>
    <wordcount weight="2" > tested </wordcount>
    <wordcount weight="2" > obtained </wordcount>
    <wordcount weight="2" > quinn </wordcount>
    <wordcount weight="2" > int </wordcount>
    <wordcount weight="2" > taeniatherum </wordcount>
    <wordcount weight="2" > arabidopsis </wordcount>
    <wordcount weight="2" > nelson </wordcount>
    <wordcount weight="2" > preconditioning </wordcount>
    <wordcount weight="2" > hort </wordcount>
    <wordcount weight="2" > mineral </wordcount>
    <wordcount weight="2" > highly </wordcount>
    <wordcount weight="2" > response </wordcount>
    <wordcount weight="2" > texas </wordcount>
    <wordcount weight="2" > asperum </wordcount>
    <wordcount weight="2" > fowler </wordcount>
    <wordcount weight="2" > much </wordcount>
    <wordcount weight="2" > notes </wordcount>
    <wordcount weight="2" > florida </wordcount>
    <wordcount weight="2" > function </wordcount>
    <wordcount weight="1" > solar </wordcount>
    <wordcount weight="1" > periods </wordcount>
    <wordcount weight="1" > carried </wordcount>
    <wordcount weight="1" > aim </wordcount>
    <wordcount weight="1" > does </wordcount>
    <wordcount weight="1" > poor </wordcount>
    <wordcount weight="1" > saturation </wordcount>
    <wordcount weight="1" > related </wordcount>
    <wordcount weight="1" > mostly </wordcount>
    <wordcount weight="1" > applications </wordcount>
    <wordcount weight="1" > incubated </wordcount>
    <wordcount weight="1" > lindauer </wordcount>
    <wordcount weight="1" > bull </wordcount>
    <wordcount weight="1" > give </wordcount>
    <wordcount weight="1" > coats </wordcount>
    <wordcount weight="1" > variety </wordcount>
    <wordcount weight="1" > expected </wordcount>
    <wordcount weight="1" > subsp </wordcount>
    <wordcount weight="1" > will </wordcount>
    <wordcount weight="1" > rev </wordcount>
    <wordcount weight="1" > ecological </wordcount>
    <wordcount weight="1" > cedar </wordcount>
    <wordcount weight="1" > dry </wordcount>
    <wordcount weight="1" > resistant </wordcount>
    <wordcount weight="1" > parent </wordcount>
    <wordcount weight="1" > rapids </wordcount>
    <wordcount weight="1" > brief </wordcount>
    <wordcount weight="1" > levels </wordcount>
    <wordcount weight="1" > tuber </wordcount>
    <wordcount weight="1" > hemlock </wordcount>
    <wordcount weight="1" > geneticenvironmental </wordcount>
    <wordcount weight="1" > asperurn </wordcount>
    <wordcount weight="1" > strongly </wordcount>
    <wordcount weight="1" > still </wordcount>
    <wordcount weight="1" > garden </wordcount>
    <wordcount weight="1" > vol </wordcount>
    <wordcount weight="1" > proportion </wordcount>
    <wordcount weight="1" > canopy </wordcount>
    <wordcount weight="1" > grew </wordcount>
    <wordcount weight="1" > certain </wordcount>
    <wordcount weight="1" > derived </wordcount>
    <wordcount weight="1" > complex </wordcount>
    <wordcount weight="1" > ass </wordcount>
    <wordcount weight="1" > ix </wordcount>
    <wordcount weight="1" > nienstaedt </wordcount>
    <wordcount weight="1" > special </wordcount>
    <wordcount weight="1" > biological </wordcount>
    <wordcount weight="1" > relationship </wordcount>
    <wordcount weight="1" > inhibitors </wordcount>
    <wordcount weight="1" > formed </wordcount>
    <wordcount weight="1" > chamber </wordcount>
    <wordcount weight="1" > second </wordcount>
    <wordcount weight="1" > factors </wordcount>
    <wordcount weight="1" > danthonia </wordcount>
    <wordcount weight="1" > suffice </wordcount>
    <wordcount weight="1" > reference </wordcount>
    <wordcount weight="1" > vs </wordcount>
    <wordcount weight="1" > greenhouse </wordcount>
    <wordcount weight="1" > sativum </wordcount>
    <wordcount weight="1" > varying </wordcount>
    <wordcount weight="1" > fertility </wordcount>
    <wordcount weight="1" > school </wordcount>
    <wordcount weight="1" > sky </wordcount>
    <wordcount weight="1" > into </wordcount>
    <wordcount weight="1" > unfiltered </wordcount>
    <wordcount weight="1" > presumably </wordcount>
    <wordcount weight="1" > altitudes </wordcount>
    <wordcount weight="1" > just </wordcount>
    <wordcount weight="1" > placed </wordcount>
    <wordcount weight="1" > no </wordcount>
    <wordcount weight="1" > source </wordcount>
    <wordcount weight="1" > al </wordcount>
    <wordcount weight="1" > grand </wordcount>
    <wordcount weight="1" > most </wordcount>
    <wordcount weight="1" > two </wordcount>
    <wordcount weight="1" > test </wordcount>
    <wordcount weight="1" > fluctuations </wordcount>
    <wordcount weight="1" > simply </wordcount>
    <wordcount weight="1" > fla </wordcount>
    <wordcount weight="1" > rigidly </wordcount>
    <wordcount weight="1" > first </wordcount>
    <wordcount weight="1" > n </wordcount>
    <wordcount weight="1" > ratio </wordcount>
    <wordcount weight="1" > grandparent </wordcount>
    <wordcount weight="1" > exceed </wordcount>
    <wordcount weight="1" > longer </wordcount>
    <wordcount weight="1" > ballard </wordcount>
    <wordcount weight="1" > followed </wordcount>
    <wordcount weight="1" > regime </wordcount>
    <wordcount weight="1" > lexington </wordcount>
    <wordcount weight="1" > filtered </wordcount>
    <wordcount weight="1" > rottboellia </wordcount>
    <wordcount weight="1" > medusahead </wordcount>
    <wordcount weight="1" > hardseededness </wordcount>
    <wordcount weight="1" > forty </wordcount>
    <wordcount weight="1" > genecology </wordcount>
    <wordcount weight="1" > rapid </wordcount>
    <wordcount weight="1" > shade </wordcount>
    <wordcount weight="1" > control </wordcount>
    <wordcount weight="1" > heynh </wordcount>
    <wordcount weight="1" > added </wordcount>
    <wordcount weight="1" > cent </wordcount>
    <wordcount weight="1" > water </wordcount>
    <wordcount weight="1" > speaks </wordcount>
    <wordcount weight="1" > root </wordcount>
    <wordcount weight="1" > december </wordcount>
    <wordcount weight="1" > other </wordcount>
    <wordcount weight="1" > trifolium </wordcount>
    <wordcount weight="1" > latitudes </wordcount>
    <wordcount weight="1" > warm </wordcount>
    <wordcount weight="1" > seedlings </wordcount>
    <wordcount weight="1" > cell </wordcount>
    <wordcount weight="1" > clover </wordcount>
    <wordcount weight="1" > varius </wordcount>
    <wordcount weight="1" > objectives </wordcount>
    <wordcount weight="1" > thermoperiods </wordcount>
    <wordcount weight="1" > composition </wordcount>
    <wordcount weight="1" > very </wordcount>
    <wordcount weight="1" > koller </wordcount>
    <wordcount weight="1" > fertilized </wordcount>
    <wordcount weight="1" > resulting </wordcount>
    <wordcount weight="1" > percentages </wordcount>
    <wordcount weight="1" > subsequent </wordcount>
    <wordcount weight="1" > haven </wordcount>
    <wordcount weight="1" > almost </wordcount>
    <wordcount weight="1" > late </wordcount>
    <wordcount weight="1" > respectively </wordcount>
    <wordcount weight="1" > patterns </wordcount>
    <wordcount weight="1" > hand </wordcount>
    <wordcount weight="1" > subterranean </wordcount>
    <wordcount weight="1" > germinability </wordcount>
    <wordcount weight="1" > freshly </wordcount>
    <wordcount weight="1" > learn </wordcount>
    <wordcount weight="1" > pine </wordcount>
    <wordcount weight="1" > lipp </wordcount>
    <wordcount weight="1" > adaptative </wordcount>
    <wordcount weight="1" > stearns </wordcount>
    <wordcount weight="1" > accepted </wordcount>
    <wordcount weight="1" > them </wordcount>
    <wordcount weight="1" > whether </wordcount>
    <wordcount weight="1" > system </wordcount>
    <wordcount weight="1" > references </wordcount>
    <wordcount weight="1" > robinson </wordcount>
    <wordcount weight="1" > cause </wordcount>
    <wordcount weight="1" > forestry </wordcount>
    <wordcount weight="1" > milner </wordcount>
    <wordcount weight="1" > fruit </wordcount>
    <wordcount weight="1" > iii </wordcount>
    <wordcount weight="1" > yield </wordcount>
    <wordcount weight="1" > eastern </wordcount>
    <wordcount weight="1" > distribution </wordcount>
    <wordcount weight="1" > wide </wordcount>
    <wordcount weight="1" > january </wordcount>
    <wordcount weight="1" > possibility </wordcount>
    <wordcount weight="1" > acad </wordcount>
    <wordcount weight="1" > gardens </wordcount>
    <wordcount weight="1" > federer </wordcount>
    <wordcount weight="1" > lupinus </wordcount>
    <wordcount weight="1" > prior </wordcount>
    <wordcount weight="1" > some </wordcount>
    <wordcount weight="1" > emphasis </wordcount>
    <wordcount weight="1" > degrees </wordcount>
    <wordcount weight="1" > nutrition </wordcount>
    <wordcount weight="1" > used </wordcount>
    <wordcount weight="1" > foemina </wordcount>
    <wordcount weight="1" > erased </wordcount>
    <wordcount weight="1" > received </wordcount>
    <wordcount weight="1" > photoperiods </wordcount>
    <wordcount weight="1" > range </wordcount>
    <wordcount weight="1" > exp </wordcount>
    <wordcount weight="1" > tanner </wordcount>
    <wordcount weight="1" > goebel </wordcount>
    <wordcount weight="1" > extracts </wordcount>
    <wordcount weight="1" > combination </wordcount>
    <wordcount weight="1" > reported </wordcount>
    <wordcount weight="1" > say </wordcount>
    <wordcount weight="1" > affecting </wordcount>
    <wordcount weight="1" > breeding </wordcount>
    <wordcount weight="1" > purpose </wordcount>
    <wordcount weight="1" > introduced </wordcount>
    <wordcount weight="1" > karssen </wordcount>
    <wordcount weight="1" > procedure </wordcount>
    <wordcount weight="1" > legume </wordcount>
    <wordcount weight="1" > its </wordcount>
    <wordcount weight="1" > sericea </wordcount>
    <wordcount weight="1" > guss </wordcount>
    <wordcount weight="1" > sta </wordcount>
    <wordcount weight="1" > persisted </wordcount>
    <wordcount weight="1" > controlled </wordcount>
    <wordcount weight="1" > submitted </wordcount>
    <wordcount weight="1" > exhibited </wordcount>
    <wordcount weight="1" > winter </wordcount>
    <wordcount weight="1" > throughout </wordcount>
    <wordcount weight="1" > clonally </wordcount>
    <wordcount weight="1" > promoted </wordcount>
    <wordcount weight="1" > quinlivan </wordcount>
    <wordcount weight="1" > spring </wordcount>
    <wordcount weight="1" > environmentally </wordcount>
    <wordcount weight="1" > commercial </wordcount>
    <wordcount weight="1" > locations </wordcount>
    <wordcount weight="1" > such </wordcount>
    <wordcount weight="1" > ignored </wordcount>
    <wordcount weight="1" > conn </wordcount>
    <wordcount weight="1" > germinating </wordcount>
    <wordcount weight="1" > gutterman </wordcount>
    <wordcount weight="1" > genetically </wordcount>
    <wordcount weight="1" > against </wordcount>
    <wordcount weight="1" > weeks </wordcount>
    <wordcount weight="1" > softening </wordcount>
    <wordcount weight="1" > grant </wordcount>
    <wordcount weight="1" > attained </wordcount>
    <wordcount weight="1" > supraoptimal </wordcount>
    <wordcount weight="1" > spectra </wordcount>
    <wordcount weight="1" > resultant </wordcount>
    <wordcount weight="1" > seedplant </wordcount>
    <wordcount weight="1" > like </wordcount>
    <wordcount weight="1" > harris </wordcount>
    <wordcount weight="1" > jr </wordcount>
    <wordcount weight="1" > summer </wordcount>
    <wordcount weight="1" > smaller </wordcount>
    <wordcount weight="1" > suggest </wordcount>
    <wordcount weight="1" > carol </wordcount>
    <wordcount weight="1" > grass </wordcount>
    <wordcount weight="1" > order </wordcount>
    <wordcount weight="1" > inhibitory </wordcount>
    <wordcount weight="1" > area </wordcount>
    <wordcount weight="1" > sunlight </wordcount>
    <wordcount weight="1" > acta </wordcount>
    <wordcount weight="1" > times </wordcount>
    <wordcount weight="1" > respective </wordcount>
    <wordcount weight="1" > sufficient </wordcount>
    <wordcount weight="1" > genotypical </wordcount>
    <wordcount weight="1" > ecophysiological </wordcount>
    <wordcount weight="1" > cool </wordcount>
    <wordcount weight="1" > races </wordcount>
    <wordcount weight="1" > phd </wordcount>
    <wordcount weight="1" > lepidium </wordcount>
    <wordcount weight="1" > concluded </wordcount>
    <wordcount weight="1" > third </wordcount>
    <wordcount weight="1" > influences </wordcount>
    <wordcount weight="1" > yielded </wordcount>
    <wordcount weight="1" > afterripening </wordcount>
    <wordcount weight="1" > assigning </wordcount>
    <wordcount weight="1" > thicker </wordcount>
    <wordcount weight="1" > potatoes </wordcount>
    <wordcount weight="1" > annual </wordcount>
    <wordcount weight="1" > through </wordcount>
    <wordcount weight="1" > tubers </wordcount>
    <wordcount weight="1" > probably </wordcount>
    <wordcount weight="1" > spectral </wordcount>
    <wordcount weight="1" > application </wordcount>
    <wordcount weight="1" > given </wordcount>
    <wordcount weight="1" > rarely </wordcount>
    <wordcount weight="1" > induced </wordcount>
    <wordcount weight="1" > ecotype </wordcount>
    <wordcount weight="1" > comparable </wordcount>
    <wordcount weight="1" > y </wordcount>
    <wordcount weight="1" > tendency </wordcount>
    <wordcount weight="1" > sun </wordcount>
    <wordcount weight="1" > provenance </wordcount>
    <wordcount weight="1" > jerry </wordcount>
    <wordcount weight="1" > generation </wordcount>
    <wordcount weight="1" > influence </wordcount>
    <wordcount weight="1" > race </wordcount>
    <wordcount weight="1" > baskin </wordcount>
    <wordcount weight="1" > estland </wordcount>
    <wordcount weight="1" > major </wordcount>
    <wordcount weight="1" > annu </wordcount>
    <wordcount weight="1" > predetermination </wordcount>
</article>
