<?xml version="1.0" encoding="UTF-8"?>
<article id="10.2307/20166052" >
    <wordcount weight="223" > the </wordcount>
    <wordcount weight="182" > of </wordcount>
    <wordcount weight="141" > and </wordcount>
    <wordcount weight="87" > in </wordcount>
    <wordcount weight="73" > to </wordcount>
    <wordcount weight="49" > a </wordcount>
    <wordcount weight="38" > is </wordcount>
    <wordcount weight="34" > are </wordcount>
    <wordcount weight="29" > for </wordcount>
    <wordcount weight="29" > be </wordcount>
    <wordcount weight="26" > will </wordcount>
    <wordcount weight="22" > on </wordcount>
    <wordcount weight="22" > an </wordcount>
    <wordcount weight="20" > coastal </wordcount>
    <wordcount weight="16" > by </wordcount>
    <wordcount weight="15" > this </wordcount>
    <wordcount weight="14" > program </wordcount>
    <wordcount weight="14" > as </wordcount>
    <wordcount weight="14" > with </wordcount>
    <wordcount weight="14" > that </wordcount>
    <wordcount weight="12" > tropical </wordcount>
    <wordcount weight="12" > from </wordcount>
    <wordcount weight="12" > has </wordcount>
    <wordcount weight="12" > have </wordcount>
    <wordcount weight="11" > it </wordcount>
    <wordcount weight="11" > national </wordcount>
    <wordcount weight="11" > symposium </wordcount>
    <wordcount weight="11" > society </wordcount>
    <wordcount weight="10" > ecology </wordcount>
    <wordcount weight="10" > their </wordcount>
    <wordcount weight="10" > plant </wordcount>
    <wordcount weight="9" > environmental </wordcount>
    <wordcount weight="9" > project </wordcount>
    <wordcount weight="9" > field </wordcount>
    <wordcount weight="9" > miombo </wordcount>
    <wordcount weight="8" > or </wordcount>
    <wordcount weight="8" > available </wordcount>
    <wordcount weight="8" > new </wordcount>
    <wordcount weight="7" > lamto </wordcount>
    <wordcount weight="7" > more </wordcount>
    <wordcount weight="7" > all </wordcount>
    <wordcount weight="7" > many </wordcount>
    <wordcount weight="7" > resources </wordcount>
    <wordcount weight="7" > its </wordcount>
    <wordcount weight="7" > held </wordcount>
    <wordcount weight="6" > at </wordcount>
    <wordcount weight="6" > may </wordcount>
    <wordcount weight="6" > study </wordcount>
    <wordcount weight="6" > under </wordcount>
    <wordcount weight="6" > university </wordcount>
    <wordcount weight="6" > was </wordcount>
    <wordcount weight="6" > northwest </wordcount>
    <wordcount weight="6" > these </wordcount>
    <wordcount weight="6" > also </wordcount>
    <wordcount weight="6" > management </wordcount>
    <wordcount weight="6" > international </wordcount>
    <wordcount weight="6" > knowledge </wordcount>
    <wordcount weight="6" > use </wordcount>
    <wordcount weight="6" > students </wordcount>
    <wordcount weight="6" > journal </wordcount>
    <wordcount weight="5" > his </wordcount>
    <wordcount weight="5" > ecological </wordcount>
    <wordcount weight="5" > been </wordcount>
    <wordcount weight="5" > studies </wordcount>
    <wordcount weight="5" > not </wordcount>
    <wordcount weight="5" > articles </wordcount>
    <wordcount weight="5" > history </wordcount>
    <wordcount weight="5" > published </wordcount>
    <wordcount weight="5" > natural </wordcount>
    <wordcount weight="5" > projects </wordcount>
    <wordcount weight="5" > other </wordcount>
    <wordcount weight="5" > public </wordcount>
    <wordcount weight="5" > corps </wordcount>
    <wordcount weight="5" > sciences </wordcount>
    <wordcount weight="5" > interns </wordcount>
    <wordcount weight="5" > invited </wordcount>
    <wordcount weight="5" > ecologists </wordcount>
    <wordcount weight="5" > station </wordcount>
    <wordcount weight="5" > intern </wordcount>
    <wordcount weight="5" > language </wordcount>
    <wordcount weight="5" > rapidly </wordcount>
    <wordcount weight="5" > relations </wordcount>
    <wordcount weight="5" > fauna </wordcount>
    <wordcount weight="5" > length </wordcount>
    <wordcount weight="5" > esa </wordcount>
    <wordcount weight="5" > research </wordcount>
    <wordcount weight="5" > among </wordcount>
    <wordcount weight="5" > than </wordcount>
    <wordcount weight="5" > should </wordcount>
    <wordcount weight="4" > zaire </wordcount>
    <wordcount weight="4" > now </wordcount>
    <wordcount weight="4" > variety </wordcount>
    <wordcount weight="4" > science </wordcount>
    <wordcount weight="4" > scientific </wordcount>
    <wordcount weight="4" > tion </wordcount>
    <wordcount weight="4" > limited </wordcount>
    <wordcount weight="4" > basic </wordcount>
    <wordcount weight="4" > environments </wordcount>
    <wordcount weight="4" > detailed </wordcount>
    <wordcount weight="4" > computer </wordcount>
    <wordcount weight="4" > ing </wordcount>
    <wordcount weight="4" > us </wordcount>
    <wordcount weight="4" > quantitative </wordcount>
    <wordcount weight="4" > minutes </wordcount>
    <wordcount weight="4" > two </wordcount>
    <wordcount weight="4" > congress </wordcount>
    <wordcount weight="4" > dr </wordcount>
    <wordcount weight="4" > members </wordcount>
    <wordcount weight="4" > french </wordcount>
    <wordcount weight="4" > each </wordcount>
    <wordcount weight="4" > our </wordcount>
    <wordcount weight="4" > those </wordcount>
    <wordcount weight="4" > papers </wordcount>
    <wordcount weight="4" > number </wordcount>
    <wordcount weight="4" > aspects </wordcount>
    <wordcount weight="4" > information </wordcount>
    <wordcount weight="4" > some </wordcount>
    <wordcount weight="4" > work </wordcount>
    <wordcount weight="4" > conference </wordcount>
    <wordcount weight="4" > made </wordcount>
    <wordcount weight="4" > organizations </wordcount>
    <wordcount weight="4" > malaisse </wordcount>
    <wordcount weight="4" > which </wordcount>
    <wordcount weight="4" > development </wordcount>
    <wordcount weight="4" > ecosystem </wordcount>
    <wordcount weight="4" > land </wordcount>
    <wordcount weight="4" > re </wordcount>
    <wordcount weight="4" > staff </wordcount>
    <wordcount weight="4" > about </wordcount>
    <wordcount weight="3" > interesting </wordcount>
    <wordcount weight="3" > one </wordcount>
    <wordcount weight="3" > life </wordcount>
    <wordcount weight="3" > aquatic </wordcount>
    <wordcount weight="3" > methods </wordcount>
    <wordcount weight="3" > h </wordcount>
    <wordcount weight="3" > concord </wordcount>
    <wordcount weight="3" > park </wordcount>
    <wordcount weight="3" > committee </wordcount>
    <wordcount weight="3" > proposed </wordcount>
    <wordcount weight="3" > vegetatio </wordcount>
    <wordcount weight="3" > must </wordcount>
    <wordcount weight="3" > most </wordcount>
    <wordcount weight="3" > department </wordcount>
    <wordcount weight="3" > internship </wordcount>
    <wordcount weight="3" > savannah </wordcount>
    <wordcount weight="3" > first </wordcount>
    <wordcount weight="3" > terrestrial </wordcount>
    <wordcount weight="3" > interested </wordcount>
    <wordcount weight="3" > areas </wordcount>
    <wordcount weight="3" > assignments </wordcount>
    <wordcount weight="3" > report </wordcount>
    <wordcount weight="3" > considerable </wordcount>
    <wordcount weight="3" > further </wordcount>
    <wordcount weight="3" > shallow </wordcount>
    <wordcount weight="3" > persons </wordcount>
    <wordcount weight="3" > can </wordcount>
    <wordcount weight="3" > intecol </wordcount>
    <wordcount weight="3" > audubon </wordcount>
    <wordcount weight="3" > your </wordcount>
    <wordcount weight="3" > institute </wordcount>
    <wordcount weight="3" > local </wordcount>
    <wordcount weight="3" > application </wordcount>
    <wordcount weight="3" > r </wordcount>
    <wordcount weight="3" > through </wordcount>
    <wordcount weight="3" > significant </wordcount>
    <wordcount weight="3" > programs </wordcount>
    <wordcount weight="3" > during </wordcount>
    <wordcount weight="3" > editorial </wordcount>
    <wordcount weight="3" > acre </wordcount>
    <wordcount weight="3" > take </wordcount>
    <wordcount weight="3" > central </wordcount>
    <wordcount weight="3" > professor </wordcount>
    <wordcount weight="3" > directed </wordcount>
    <wordcount weight="3" > interest </wordcount>
    <wordcount weight="3" > eip </wordcount>
    <wordcount weight="3" > no </wordcount>
    <wordcount weight="3" > you </wordcount>
    <wordcount weight="3" > course </wordcount>
    <wordcount weight="3" > area </wordcount>
    <wordcount weight="3" > ap </wordcount>
    <wordcount weight="3" > flora </wordcount>
    <wordcount weight="3" > wise </wordcount>
    <wordcount weight="3" > coast </wordcount>
    <wordcount weight="3" > annual </wordcount>
    <wordcount weight="3" > productivity </wordcount>
    <wordcount weight="3" > north </wordcount>
    <wordcount weight="3" > attend </wordcount>
    <wordcount weight="3" > general </wordcount>
    <wordcount weight="3" > meeting </wordcount>
    <wordcount weight="3" > united </wordcount>
    <wordcount weight="2" > nations </wordcount>
    <wordcount weight="2" > states </wordcount>
    <wordcount weight="2" > noteworthy </wordcount>
    <wordcount weight="2" > americans </wordcount>
    <wordcount weight="2" > note </wordcount>
    <wordcount weight="2" > africa </wordcount>
    <wordcount weight="2" > education </wordcount>
    <wordcount weight="2" > costs </wordcount>
    <wordcount weight="2" > rook </wordcount>
    <wordcount weight="2" > l </wordcount>
    <wordcount weight="2" > glasgow </wordcount>
    <wordcount weight="2" > ers </wordcount>
    <wordcount weight="2" > located </wordcount>
    <wordcount weight="2" > oregon </wordcount>
    <wordcount weight="2" > presently </wordcount>
    <wordcount weight="2" > woods </wordcount>
    <wordcount weight="2" > similar </wordcount>
    <wordcount weight="2" > importance </wordcount>
    <wordcount weight="2" > sessions </wordcount>
    <wordcount weight="2" > lecturers </wordcount>
    <wordcount weight="2" > analysis </wordcount>
    <wordcount weight="2" > biological </wordcount>
    <wordcount weight="2" > pastures </wordcount>
    <wordcount weight="2" > wildlife </wordcount>
    <wordcount weight="2" > federal </wordcount>
    <wordcount weight="2" > museum </wordcount>
    <wordcount weight="2" > months </wordcount>
    <wordcount weight="2" > accounts </wordcount>
    <wordcount weight="2" > examined </wordcount>
    <wordcount weight="2" > parts </wordcount>
    <wordcount weight="2" > policy </wordcount>
    <wordcount weight="2" > policies </wordcount>
    <wordcount weight="2" > con </wordcount>
    <wordcount weight="2" > growing </wordcount>
    <wordcount weight="2" > morning </wordcount>
    <wordcount weight="2" > al </wordcount>
    <wordcount weight="2" > respective </wordcount>
    <wordcount weight="2" > volunteers </wordcount>
    <wordcount weight="2" > dept </wordcount>
    <wordcount weight="2" > known </wordcount>
    <wordcount weight="2" > sponsoring </wordcount>
    <wordcount weight="2" > useful </wordcount>
    <wordcount weight="2" > community </wordcount>
    <wordcount weight="2" > indonesia </wordcount>
    <wordcount weight="2" > colleagues </wordcount>
    <wordcount weight="2" > western </wordcount>
    <wordcount weight="2" > river </wordcount>
    <wordcount weight="2" > important </wordcount>
    <wordcount weight="2" > secretary </wordcount>
    <wordcount weight="2" > utilization </wordcount>
    <wordcount weight="2" > water </wordcount>
    <wordcount weight="2" > five </wordcount>
    <wordcount weight="2" > tions </wordcount>
    <wordcount weight="2" > ivory </wordcount>
    <wordcount weight="2" > abilities </wordcount>
    <wordcount weight="2" > organiza </wordcount>
    <wordcount weight="2" > institutions </wordcount>
    <wordcount weight="2" > search </wordcount>
    <wordcount weight="2" > foundation </wordcount>
    <wordcount weight="2" > effort </wordcount>
    <wordcount weight="2" > time </wordcount>
    <wordcount weight="2" > write </wordcount>
    <wordcount weight="2" > very </wordcount>
    <wordcount weight="2" > section </wordcount>
    <wordcount weight="2" > i </wordcount>
    <wordcount weight="2" > stipend </wordcount>
    <wordcount weight="2" > man </wordcount>
    <wordcount weight="2" > there </wordcount>
    <wordcount weight="2" > feature </wordcount>
    <wordcount weight="2" > nutrient </wordcount>
    <wordcount weight="2" > kc </wordcount>
    <wordcount weight="2" > improved </wordcount>
    <wordcount weight="2" > consist </wordcount>
    <wordcount weight="2" > academic </wordcount>
    <wordcount weight="2" > buted </wordcount>
    <wordcount weight="2" > state </wordcount>
    <wordcount weight="2" > date </wordcount>
    <wordcount weight="2" > miles </wordcount>
    <wordcount weight="2" > afternoon </wordcount>
    <wordcount weight="2" > pro </wordcount>
    <wordcount weight="2" > robert </wordcount>
    <wordcount weight="2" > william </wordcount>
    <wordcount weight="2" > place </wordcount>
    <wordcount weight="2" > developing </wordcount>
    <wordcount weight="2" > ad </wordcount>
    <wordcount weight="2" > system </wordcount>
    <wordcount weight="2" > guide </wordcount>
    <wordcount weight="2" > meet </wordcount>
    <wordcount weight="2" > rising </wordcount>
    <wordcount weight="2" > appreciate </wordcount>
    <wordcount weight="2" > necessary </wordcount>
    <wordcount weight="2" > forestry </wordcount>
    <wordcount weight="2" > add </wordcount>
    <wordcount weight="2" > eastern </wordcount>
    <wordcount weight="2" > wide </wordcount>
    <wordcount weight="2" > estab </wordcount>
    <wordcount weight="2" > streets </wordcount>
    <wordcount weight="2" > improve </wordcount>
    <wordcount weight="2" > well </wordcount>
    <wordcount weight="2" > outstanding </wordcount>
    <wordcount weight="2" > government </wordcount>
    <wordcount weight="2" > emphasis </wordcount>
    <wordcount weight="2" > understanding </wordcount>
    <wordcount weight="2" > meetings </wordcount>
    <wordcount weight="2" > travel </wordcount>
    <wordcount weight="2" > who </wordcount>
    <wordcount weight="2" > level </wordcount>
    <wordcount weight="2" > student </wordcount>
    <wordcount weight="2" > recognition </wordcount>
    <wordcount weight="2" > peace </wordcount>
    <wordcount weight="2" > part </wordcount>
    <wordcount weight="2" > over </wordcount>
    <wordcount weight="2" > role </wordcount>
    <wordcount weight="2" > seeking </wordcount>
    <wordcount weight="2" > african </wordcount>
    <wordcount weight="2" > experience </wordcount>
    <wordcount weight="2" > intended </wordcount>
    <wordcount weight="2" > sion </wordcount>
    <wordcount weight="2" > savan </wordcount>
    <wordcount weight="2" > using </wordcount>
    <wordcount weight="2" > formerly </wordcount>
    <wordcount weight="2" > acres </wordcount>
    <wordcount weight="2" > being </wordcount>
    <wordcount weight="2" > com </wordcount>
    <wordcount weight="2" > processes </wordcount>
    <wordcount weight="2" > laboratory </wordcount>
    <wordcount weight="2" > come </wordcount>
    <wordcount weight="2" > session </wordcount>
    <wordcount weight="2" > personal </wordcount>
    <wordcount weight="2" > publication </wordcount>
    <wordcount weight="2" > participate </wordcount>
    <wordcount weight="2" > described </wordcount>
    <wordcount weight="2" > grant </wordcount>
    <wordcount weight="2" > such </wordcount>
    <wordcount weight="2" > concurrent </wordcount>
    <wordcount weight="2" > approach </wordcount>
    <wordcount weight="2" > naturalists </wordcount>
    <wordcount weight="2" > agreement </wordcount>
    <wordcount weight="2" > p </wordcount>
    <wordcount weight="2" > individual </wordcount>
    <wordcount weight="2" > working </wordcount>
    <wordcount weight="2" > roads </wordcount>
    <wordcount weight="2" > high </wordcount>
    <wordcount weight="2" > expected </wordcount>
    <wordcount weight="2" > uni </wordcount>
    <wordcount weight="2" > obtained </wordcount>
    <wordcount weight="2" > funds </wordcount>
    <wordcount weight="2" > vegetation </wordcount>
    <wordcount weight="2" > involved </wordcount>
    <wordcount weight="2" > old </wordcount>
    <wordcount weight="2" > direction </wordcount>
    <wordcount weight="2" > needs </wordcount>
    <wordcount weight="2" > separately </wordcount>
    <wordcount weight="2" > problems </wordcount>
    <wordcount weight="2" > smithsonian </wordcount>
    <wordcount weight="2" > topics </wordcount>
    <wordcount weight="2" > up </wordcount>
    <wordcount weight="2" > misra </wordcount>
    <wordcount weight="2" > majority </wordcount>
    <wordcount weight="2" > queensland </wordcount>
    <wordcount weight="2" > communication </wordcount>
    <wordcount weight="2" > paid </wordcount>
    <wordcount weight="2" > ecosystems </wordcount>
    <wordcount weight="2" > inquiries </wordcount>
    <wordcount weight="2" > professional </wordcount>
    <wordcount weight="2" > provided </wordcount>
    <wordcount weight="2" > attendance </wordcount>
    <wordcount weight="2" > quaternary </wordcount>
    <wordcount weight="2" > activities </wordcount>
    <wordcount weight="2" > major </wordcount>
    <wordcount weight="2" > readership </wordcount>
    <wordcount weight="2" > grants </wordcount>
    <wordcount weight="1" > controbutions </wordcount>
    <wordcount weight="1" > normale </wordcount>
    <wordcount weight="1" > final </wordcount>
    <wordcount weight="1" > van </wordcount>
    <wordcount weight="1" > difficult </wordcount>
    <wordcount weight="1" > carried </wordcount>
    <wordcount weight="1" > threatened </wordcount>
    <wordcount weight="1" > f </wordcount>
    <wordcount weight="1" > ments </wordcount>
    <wordcount weight="1" > cover </wordcount>
    <wordcount weight="1" > indication </wordcount>
    <wordcount weight="1" > lance </wordcount>
    <wordcount weight="1" > compendium </wordcount>
    <wordcount weight="1" > twelve </wordcount>
    <wordcount weight="1" > challenge </wordcount>
    <wordcount weight="1" > provid </wordcount>
    <wordcount weight="1" > topography </wordcount>
    <wordcount weight="1" > related </wordcount>
    <wordcount weight="1" > currently </wordcount>
    <wordcount weight="1" > second </wordcount>
    <wordcount weight="1" > faculties </wordcount>
    <wordcount weight="1" > names </wordcount>
    <wordcount weight="1" > assisting </wordcount>
    <wordcount weight="1" > page </wordcount>
    <wordcount weight="1" > request </wordcount>
    <wordcount weight="1" > contact </wordcount>
    <wordcount weight="1" > diagrams </wordcount>
    <wordcount weight="1" > bureau </wordcount>
    <wordcount weight="1" > wastes </wordcount>
    <wordcount weight="1" > entitled </wordcount>
    <wordcount weight="1" > fairly </wordcount>
    <wordcount weight="1" > provide </wordcount>
    <wordcount weight="1" > sets </wordcount>
    <wordcount weight="1" > compara </wordcount>
    <wordcount weight="1" > purely </wordcount>
    <wordcount weight="1" > ecole </wordcount>
    <wordcount weight="1" > usually </wordcount>
    <wordcount weight="1" > individuals </wordcount>
    <wordcount weight="1" > autecology </wordcount>
    <wordcount weight="1" > rams </wordcount>
    <wordcount weight="1" > aimed </wordcount>
    <wordcount weight="1" > groups </wordcount>
    <wordcount weight="1" > c </wordcount>
    <wordcount weight="1" > plays </wordcount>
    <wordcount weight="1" > box </wordcount>
    <wordcount weight="1" > fields </wordcount>
    <wordcount weight="1" > directors </wordcount>
    <wordcount weight="1" > comparative </wordcount>
    <wordcount weight="1" > site </wordcount>
    <wordcount weight="1" > facilities </wordcount>
    <wordcount weight="1" > encouraged </wordcount>
    <wordcount weight="1" > lie </wordcount>
    <wordcount weight="1" > support </wordcount>
    <wordcount weight="1" > begin </wordcount>
    <wordcount weight="1" > decomposer </wordcount>
    <wordcount weight="1" > low </wordcount>
    <wordcount weight="1" > acknowledged </wordcount>
    <wordcount weight="1" > citizens </wordcount>
    <wordcount weight="1" > brief </wordcount>
    <wordcount weight="1" > commit </wordcount>
    <wordcount weight="1" > disciplines </wordcount>
    <wordcount weight="1" > seien </wordcount>
    <wordcount weight="1" > presentation </wordcount>
    <wordcount weight="1" > myself </wordcount>
    <wordcount weight="1" > bulletin </wordcount>
    <wordcount weight="1" > holistic </wordcount>
    <wordcount weight="1" > red </wordcount>
    <wordcount weight="1" > becomes </wordcount>
    <wordcount weight="1" > e </wordcount>
    <wordcount weight="1" > object </wordcount>
    <wordcount weight="1" > lost </wordcount>
    <wordcount weight="1" > etc </wordcount>
    <wordcount weight="1" > alone </wordcount>
    <wordcount weight="1" > converted </wordcount>
    <wordcount weight="1" > deliberately </wordcount>
    <wordcount weight="1" > tive </wordcount>
    <wordcount weight="1" > mate </wordcount>
    <wordcount weight="1" > opportunity </wordcount>
    <wordcount weight="1" > team </wordcount>
    <wordcount weight="1" > blanks </wordcount>
    <wordcount weight="1" > appear </wordcount>
    <wordcount weight="1" > force </wordcount>
    <wordcount weight="1" > make </wordcount>
    <wordcount weight="1" > oriented </wordcount>
    <wordcount weight="1" > distributed </wordcount>
    <wordcount weight="1" > interactions </wordcount>
    <wordcount weight="1" > ronments </wordcount>
    <wordcount weight="1" > salaries </wordcount>
    <wordcount weight="1" > experiences </wordcount>
    <wordcount weight="1" > contribution </wordcount>
    <wordcount weight="1" > standing </wordcount>
    <wordcount weight="1" > they </wordcount>
    <wordcount weight="1" > conversion </wordcount>
    <wordcount weight="1" > b </wordcount>
    <wordcount weight="1" > group </wordcount>
    <wordcount weight="1" > large </wordcount>
    <wordcount weight="1" > executive </wordcount>
    <wordcount weight="1" > expert </wordcount>
    <wordcount weight="1" > indicate </wordcount>
    <wordcount weight="1" > derived </wordcount>
    <wordcount weight="1" > countries </wordcount>
    <wordcount weight="1" > american </wordcount>
    <wordcount weight="1" > tee </wordcount>
    <wordcount weight="1" > zoology </wordcount>
    <wordcount weight="1" > degradations </wordcount>
    <wordcount weight="1" > tidal </wordcount>
    <wordcount weight="1" > ongoing </wordcount>
    <wordcount weight="1" > deter </wordcount>
    <wordcount weight="1" > decisions </wordcount>
    <wordcount weight="1" > pages </wordcount>
    <wordcount weight="1" > es </wordcount>
    <wordcount weight="1" > satisfaction </wordcount>
    <wordcount weight="1" > returned </wordcount>
    <wordcount weight="1" > gratefully </wordcount>
    <wordcount weight="1" > lay </wordcount>
    <wordcount weight="1" > picked </wordcount>
    <wordcount weight="1" > chauvinism </wordcount>
    <wordcount weight="1" > argonne </wordcount>
    <wordcount weight="1" > achieve </wordcount>
    <wordcount weight="1" > frank </wordcount>
    <wordcount weight="1" > european </wordcount>
    <wordcount weight="1" > devote </wordcount>
    <wordcount weight="1" > formed </wordcount>
    <wordcount weight="1" > depends </wordcount>
    <wordcount weight="1" > space </wordcount>
    <wordcount weight="1" > pacific </wordcount>
    <wordcount weight="1" > english </wordcount>
    <wordcount weight="1" > gathering </wordcount>
    <wordcount weight="1" > applicants </wordcount>
    <wordcount weight="1" > means </wordcount>
    <wordcount weight="1" > reason </wordcount>
    <wordcount weight="1" > ery </wordcount>
    <wordcount weight="1" > face </wordcount>
    <wordcount weight="1" > pressures </wordcount>
    <wordcount weight="1" > makes </wordcount>
    <wordcount weight="1" > publica </wordcount>
    <wordcount weight="1" > unusual </wordcount>
    <wordcount weight="1" > mounds </wordcount>
    <wordcount weight="1" > august </wordcount>
    <wordcount weight="1" > york </wordcount>
    <wordcount weight="1" > microorganisms </wordcount>
    <wordcount weight="1" > serve </wordcount>
    <wordcount weight="1" > england </wordcount>
    <wordcount weight="1" > conservation </wordcount>
    <wordcount weight="1" > golley </wordcount>
    <wordcount weight="1" > forest </wordcount>
    <wordcount weight="1" > regularly </wordcount>
    <wordcount weight="1" > whose </wordcount>
    <wordcount weight="1" > jardine </wordcount>
    <wordcount weight="1" > former </wordcount>
    <wordcount weight="1" > fifth </wordcount>
    <wordcount weight="1" > sym </wordcount>
    <wordcount weight="1" > consider </wordcount>
    <wordcount weight="1" > phytocoenologia </wordcount>
    <wordcount weight="1" > possibly </wordcount>
    <wordcount weight="1" > j </wordcount>
    <wordcount weight="1" > phytosociologists </wordcount>
    <wordcount weight="1" > burned </wordcount>
    <wordcount weight="1" > favorable </wordcount>
    <wordcount weight="1" > established </wordcount>
    <wordcount weight="1" > school </wordcount>
    <wordcount weight="1" > agencies </wordcount>
    <wordcount weight="1" > necessarily </wordcount>
    <wordcount weight="1" > tentative </wordcount>
    <wordcount weight="1" > into </wordcount>
    <wordcount weight="1" > severity </wordcount>
    <wordcount weight="1" > environment </wordcount>
    <wordcount weight="1" > organized </wordcount>
    <wordcount weight="1" > nounced </wordcount>
    <wordcount weight="1" > participants </wordcount>
    <wordcount weight="1" > stan </wordcount>
    <wordcount weight="1" > sachusetts </wordcount>
    <wordcount weight="1" > phenol </wordcount>
    <wordcount weight="1" > lowell </wordcount>
    <wordcount weight="1" > individu </wordcount>
    <wordcount weight="1" > any </wordcount>
    <wordcount weight="1" > cornell </wordcount>
    <wordcount weight="1" > sored </wordcount>
    <wordcount weight="1" > panama </wordcount>
    <wordcount weight="1" > complete </wordcount>
    <wordcount weight="1" > director </wordcount>
    <wordcount weight="1" > sectors </wordcount>
    <wordcount weight="1" > vidual </wordcount>
    <wordcount weight="1" > material </wordcount>
    <wordcount weight="1" > same </wordcount>
    <wordcount weight="1" > record </wordcount>
    <wordcount weight="1" > po </wordcount>
    <wordcount weight="1" > ed </wordcount>
    <wordcount weight="1" > dards </wordcount>
    <wordcount weight="1" > colored </wordcount>
    <wordcount weight="1" > broad </wordcount>
    <wordcount weight="1" > offic </wordcount>
    <wordcount weight="1" > complexity </wordcount>
    <wordcount weight="1" > univer </wordcount>
    <wordcount weight="1" > but </wordcount>
    <wordcount weight="1" > changing </wordcount>
    <wordcount weight="1" > preciation </wordcount>
    <wordcount weight="1" > du </wordcount>
    <wordcount weight="1" > oceanic </wordcount>
    <wordcount weight="1" > fringe </wordcount>
    <wordcount weight="1" > recruits </wordcount>
    <wordcount weight="1" > four </wordcount>
    <wordcount weight="1" > reports </wordcount>
    <wordcount weight="1" > restrial </wordcount>
    <wordcount weight="1" > solitary </wordcount>
    <wordcount weight="1" > delta </wordcount>
    <wordcount weight="1" > eration </wordcount>
    <wordcount weight="1" > proach </wordcount>
    <wordcount weight="1" > resource </wordcount>
    <wordcount weight="1" > regional </wordcount>
    <wordcount weight="1" > advantage </wordcount>
    <wordcount weight="1" > semester </wordcount>
    <wordcount weight="1" > bush </wordcount>
    <wordcount weight="1" > forests </wordcount>
    <wordcount weight="1" > implementors </wordcount>
    <wordcount weight="1" > sector </wordcount>
    <wordcount weight="1" > sistent </wordcount>
    <wordcount weight="1" > conflicting </wordcount>
    <wordcount weight="1" > acceptable </wordcount>
    <wordcount weight="1" > australia </wordcount>
    <wordcount weight="1" > membership </wordcount>
    <wordcount weight="1" > cost </wordcount>
    <wordcount weight="1" > long </wordcount>
    <wordcount weight="1" > desired </wordcount>
    <wordcount weight="1" > bedford </wordcount>
    <wordcount weight="1" > presenta </wordcount>
    <wordcount weight="1" > fire </wordcount>
    <wordcount weight="1" > dues </wordcount>
    <wordcount weight="1" > countway </wordcount>
    <wordcount weight="1" > name </wordcount>
    <wordcount weight="1" > successfully </wordcount>
    <wordcount weight="1" > popula </wordcount>
    <wordcount weight="1" > s </wordcount>
    <wordcount weight="1" > alternative </wordcount>
    <wordcount weight="1" > inqua </wordcount>
    <wordcount weight="1" > environmentally </wordcount>
    <wordcount weight="1" > law </wordcount>
    <wordcount weight="1" > ba </wordcount>
    <wordcount weight="1" > concerned </wordcount>
    <wordcount weight="1" > set </wordcount>
    <wordcount weight="1" > earthworms </wordcount>
    <wordcount weight="1" > der </wordcount>
    <wordcount weight="1" > munication </wordcount>
    <wordcount weight="1" > flow </wordcount>
    <wordcount weight="1" > nounce </wordcount>
    <wordcount weight="1" > mr </wordcount>
    <wordcount weight="1" > hospitality </wordcount>
    <wordcount weight="1" > palm </wordcount>
    <wordcount weight="1" > know </wordcount>
    <wordcount weight="1" > toward </wordcount>
    <wordcount weight="1" > trained </wordcount>
    <wordcount weight="1" > might </wordcount>
    <wordcount weight="1" > cut </wordcount>
    <wordcount weight="1" > populations </wordcount>
    <wordcount weight="1" > stands </wordcount>
    <wordcount weight="1" > numerical </wordcount>
    <wordcount weight="1" > subject </wordcount>
    <wordcount weight="1" > dc </wordcount>
    <wordcount weight="1" > nsf </wordcount>
    <wordcount weight="1" > withycombe </wordcount>
    <wordcount weight="1" > reptiles </wordcount>
    <wordcount weight="1" > maple </wordcount>
    <wordcount weight="1" > principle </wordcount>
    <wordcount weight="1" > rational </wordcount>
    <wordcount weight="1" > charcoal </wordcount>
    <wordcount weight="1" > union </wordcount>
    <wordcount weight="1" > financial </wordcount>
    <wordcount weight="1" > posium </wordcount>
    <wordcount weight="1" > nah </wordcount>
    <wordcount weight="1" > descriptive </wordcount>
    <wordcount weight="1" > official </wordcount>
    <wordcount weight="1" > had </wordcount>
    <wordcount weight="1" > headquarters </wordcount>
    <wordcount weight="1" > uses </wordcount>
    <wordcount weight="1" > different </wordcount>
    <wordcount weight="1" > meadows </wordcount>
    <wordcount weight="1" > georgia </wordcount>
    <wordcount weight="1" > fact </wordcount>
    <wordcount weight="1" > regrettable </wordcount>
    <wordcount weight="1" > longer </wordcount>
    <wordcount weight="1" > immense </wordcount>
    <wordcount weight="1" > introduce </wordcount>
    <wordcount weight="1" > limit </wordcount>
    <wordcount weight="1" > board </wordcount>
    <wordcount weight="1" > allow </wordcount>
    <wordcount weight="1" > higher </wordcount>
    <wordcount weight="1" > scientists </wordcount>
    <wordcount weight="1" > skills </wordcount>
    <wordcount weight="1" > could </wordcount>
    <wordcount weight="1" > broadly </wordcount>
    <wordcount weight="1" > basin </wordcount>
    <wordcount weight="1" > ponsor </wordcount>
    <wordcount weight="1" > mandate </wordcount>
    <wordcount weight="1" > trips </wordcount>
    <wordcount weight="1" > documents </wordcount>
    <wordcount weight="1" > match </wordcount>
    <wordcount weight="1" > typical </wordcount>
    <wordcount weight="1" > current </wordcount>
    <wordcount weight="1" > visiting </wordcount>
    <wordcount weight="1" > editors </wordcount>
    <wordcount weight="1" > attempt </wordcount>
    <wordcount weight="1" > orstom </wordcount>
    <wordcount weight="1" > analyses </wordcount>
    <wordcount weight="1" > ported </wordcount>
    <wordcount weight="1" > awa </wordcount>
    <wordcount weight="1" > particularly </wordcount>
    <wordcount weight="1" > out </wordcount>
    <wordcount weight="1" > objectives </wordcount>
    <wordcount weight="1" > dedi </wordcount>
    <wordcount weight="1" > economics </wordcount>
    <wordcount weight="1" > habitat </wordcount>
    <wordcount weight="1" > demands </wordcount>
    <wordcount weight="1" > job </wordcount>
    <wordcount weight="1" > mailed </wordcount>
    <wordcount weight="1" > selves </wordcount>
    <wordcount weight="1" > spon </wordcount>
    <wordcount weight="1" > concludes </wordcount>
    <wordcount weight="1" > full </wordcount>
    <wordcount weight="1" > near </wordcount>
    <wordcount weight="1" > pierce </wordcount>
    <wordcount weight="1" > medina </wordcount>
    <wordcount weight="1" > formulating </wordcount>
    <wordcount weight="1" > allocated </wordcount>
    <wordcount weight="1" > build </wordcount>
    <wordcount weight="1" > scheduled </wordcount>
    <wordcount weight="1" > listing </wordcount>
    <wordcount weight="1" > foster </wordcount>
    <wordcount weight="1" > minimize </wordcount>
    <wordcount weight="1" > deci </wordcount>
    <wordcount weight="1" > past </wordcount>
    <wordcount weight="1" > preferences </wordcount>
    <wordcount weight="1" > great </wordcount>
    <wordcount weight="1" > achieved </wordcount>
    <wordcount weight="1" > mass </wordcount>
    <wordcount weight="1" > agree </wordcount>
    <wordcount weight="1" > mined </wordcount>
    <wordcount weight="1" > assessment </wordcount>
    <wordcount weight="1" > february </wordcount>
    <wordcount weight="1" > tially </wordcount>
    <wordcount weight="1" > devised </wordcount>
    <wordcount weight="1" > transit </wordcount>
    <wordcount weight="1" > caracas </wordcount>
    <wordcount weight="1" > better </wordcount>
    <wordcount weight="1" > pri </wordcount>
    <wordcount weight="1" > mammals </wordcount>
    <wordcount weight="1" > trouble </wordcount>
    <wordcount weight="1" > represent </wordcount>
    <wordcount weight="1" > henry </wordcount>
    <wordcount weight="1" > equally </wordcount>
    <wordcount weight="1" > employment </wordcount>
    <wordcount weight="1" > sanctuary </wordcount>
    <wordcount weight="1" > pine </wordcount>
    <wordcount weight="1" > geography </wordcount>
    <wordcount weight="1" > traced </wordcount>
    <wordcount weight="1" > political </wordcount>
    <wordcount weight="1" > normal </wordcount>
    <wordcount weight="1" > according </wordcount>
    <wordcount weight="1" > communities </wordcount>
    <wordcount weight="1" > effective </wordcount>
    <wordcount weight="1" > receive </wordcount>
    <wordcount weight="1" > reading </wordcount>
    <wordcount weight="1" > somewhat </wordcount>
    <wordcount weight="1" > where </wordcount>
    <wordcount weight="1" > ity </wordcount>
    <wordcount weight="1" > because </wordcount>
    <wordcount weight="1" > proceedings </wordcount>
    <wordcount weight="1" > march </wordcount>
    <wordcount weight="1" > investigation </wordcount>
    <wordcount weight="1" > award </wordcount>
    <wordcount weight="1" > lands </wordcount>
    <wordcount weight="1" > educational </wordcount>
    <wordcount weight="1" > establish </wordcount>
    <wordcount weight="1" > them </wordcount>
    <wordcount weight="1" > viewed </wordcount>
    <wordcount weight="1" > recently </wordcount>
    <wordcount weight="1" > population </wordcount>
    <wordcount weight="1" > selected </wordcount>
    <wordcount weight="1" > form </wordcount>
    <wordcount weight="1" > shown </wordcount>
    <wordcount weight="1" > intensity </wordcount>
    <wordcount weight="1" > speaker </wordcount>
    <wordcount weight="1" > achieving </wordcount>
    <wordcount weight="1" > maryland </wordcount>
    <wordcount weight="1" > applied </wordcount>
    <wordcount weight="1" > appreciation </wordcount>
    <wordcount weight="1" > evaluation </wordcount>
    <wordcount weight="1" > ports </wordcount>
    <wordcount weight="1" > versities </wordcount>
    <wordcount weight="1" > energy </wordcount>
    <wordcount weight="1" > tal </wordcount>
    <wordcount weight="1" > lished </wordcount>
    <wordcount weight="1" > placed </wordcount>
    <wordcount weight="1" > maps </wordcount>
    <wordcount weight="1" > suspect </wordcount>
    <wordcount weight="1" > botanical </wordcount>
    <wordcount weight="1" > charter </wordcount>
    <wordcount weight="1" > generic </wordcount>
    <wordcount weight="1" > coop </wordcount>
    <wordcount weight="1" > refuge </wordcount>
    <wordcount weight="1" > verlag </wordcount>
    <wordcount weight="1" > required </wordcount>
    <wordcount weight="1" > responsibil </wordcount>
    <wordcount weight="1" > college </wordcount>
    <wordcount weight="1" > mathematics </wordcount>
    <wordcount weight="1" > lib </wordcount>
    <wordcount weight="1" > awarded </wordcount>
    <wordcount weight="1" > st </wordcount>
    <wordcount weight="1" > solicits </wordcount>
    <wordcount weight="1" > east </wordcount>
    <wordcount weight="1" > method </wordcount>
    <wordcount weight="1" > motion </wordcount>
    <wordcount weight="1" > while </wordcount>
    <wordcount weight="1" > sought </wordcount>
    <wordcount weight="1" > oversees </wordcount>
    <wordcount weight="1" > view </wordcount>
    <wordcount weight="1" > bay </wordcount>
    <wordcount weight="1" > intecolviste </wordcount>
    <wordcount weight="1" > tenth </wordcount>
    <wordcount weight="1" > cated </wordcount>
    <wordcount weight="1" > pickman </wordcount>
    <wordcount weight="1" > studying </wordcount>
    <wordcount weight="1" > require </wordcount>
    <wordcount weight="1" > fisheries </wordcount>
    <wordcount weight="1" > belatedly </wordcount>
    <wordcount weight="1" > parcels </wordcount>
    <wordcount weight="1" > submit </wordcount>
    <wordcount weight="1" > fight </wordcount>
    <wordcount weight="1" > years </wordcount>
    <wordcount weight="1" > gained </wordcount>
    <wordcount weight="1" > directly </wordcount>
    <wordcount weight="1" > springer </wordcount>
    <wordcount weight="1" > having </wordcount>
    <wordcount weight="1" > participation </wordcount>
    <wordcount weight="1" > placement </wordcount>
    <wordcount weight="1" > csiro </wordcount>
    <wordcount weight="1" > basis </wordcount>
    <wordcount weight="1" > possible </wordcount>
    <wordcount weight="1" > maximum </wordcount>
    <wordcount weight="1" > w </wordcount>
    <wordcount weight="1" > roorganism </wordcount>
    <wordcount weight="1" > situated </wordcount>
    <wordcount weight="1" > open </wordcount>
    <wordcount weight="1" > minute </wordcount>
    <wordcount weight="1" > ses </wordcount>
    <wordcount weight="1" > burning </wordcount>
    <wordcount weight="1" > shaba </wordcount>
    <wordcount weight="1" > planning </wordcount>
    <wordcount weight="1" > publish </wordcount>
    <wordcount weight="1" > deadlines </wordcount>
    <wordcount weight="1" > coutinho </wordcount>
    <wordcount weight="1" > effectiveness </wordcount>
    <wordcount weight="1" > experi </wordcount>
    <wordcount weight="1" > world </wordcount>
    <wordcount weight="1" > abstracts </wordcount>
    <wordcount weight="1" > cambridge </wordcount>
    <wordcount weight="1" > researchers </wordcount>
    <wordcount weight="1" > boston </wordcount>
    <wordcount weight="1" > richard </wordcount>
    <wordcount weight="1" > occupy </wordcount>
    <wordcount weight="1" > upon </wordcount>
    <wordcount weight="1" > range </wordcount>
    <wordcount weight="1" > comprises </wordcount>
    <wordcount weight="1" > trees </wordcount>
    <wordcount weight="1" > environmen </wordcount>
    <wordcount weight="1" > clear </wordcount>
    <wordcount weight="1" > future </wordcount>
    <wordcount weight="1" > mounting </wordcount>
    <wordcount weight="1" > unless </wordcount>
    <wordcount weight="1" > occurring </wordcount>
    <wordcount weight="1" > outer </wordcount>
    <wordcount weight="1" > reported </wordcount>
    <wordcount weight="1" > supply </wordcount>
    <wordcount weight="1" > affecting </wordcount>
    <wordcount weight="1" > x </wordcount>
    <wordcount weight="1" > gether </wordcount>
    <wordcount weight="1" > purpose </wordcount>
    <wordcount weight="1" > enhanced </wordcount>
    <wordcount weight="1" > july </wordcount>
    <wordcount weight="1" > training </wordcount>
    <wordcount weight="1" > pre </wordcount>
    <wordcount weight="1" > nsa </wordcount>
    <wordcount weight="1" > corres </wordcount>
    <wordcount weight="1" > contacts </wordcount>
    <wordcount weight="1" > develop </wordcount>
    <wordcount weight="1" > copies </wordcount>
    <wordcount weight="1" > apply </wordcount>
    <wordcount weight="1" > interna </wordcount>
    <wordcount weight="1" > comment </wordcount>
    <wordcount weight="1" > cations </wordcount>
    <wordcount weight="1" > ac </wordcount>
    <wordcount weight="1" > journals </wordcount>
    <wordcount weight="1" > concern </wordcount>
    <wordcount weight="1" > ecologist </wordcount>
    <wordcount weight="1" > listings </wordcount>
    <wordcount weight="1" > findings </wordcount>
    <wordcount weight="1" > woodland </wordcount>
    <wordcount weight="1" > geology </wordcount>
    <wordcount weight="1" > host </wordcount>
    <wordcount weight="1" > grassland </wordcount>
    <wordcount weight="1" > newly </wordcount>
    <wordcount weight="1" > mas </wordcount>
    <wordcount weight="1" > savannahs </wordcount>
    <wordcount weight="1" > ledge </wordcount>
    <wordcount weight="1" > ponds </wordcount>
    <wordcount weight="1" > confronted </wordcount>
    <wordcount weight="1" > matches </wordcount>
    <wordcount weight="1" > tional </wordcount>
    <wordcount weight="1" > operated </wordcount>
    <wordcount weight="1" > lubumbashi </wordcount>
    <wordcount weight="1" > virtually </wordcount>
    <wordcount weight="1" > began </wordcount>
    <wordcount weight="1" > appointed </wordcount>
    <wordcount weight="1" > garden </wordcount>
    <wordcount weight="1" > literally </wordcount>
    <wordcount weight="1" > diversity </wordcount>
    <wordcount weight="1" > phenomenon </wordcount>
    <wordcount weight="1" > challenges </wordcount>
    <wordcount weight="1" > people </wordcount>
    <wordcount weight="1" > kingdom </wordcount>
    <wordcount weight="1" > harvard </wordcount>
    <wordcount weight="1" > submitted </wordcount>
    <wordcount weight="1" > rials </wordcount>
    <wordcount weight="1" > aspect </wordcount>
    <wordcount weight="1" > sists </wordcount>
    <wordcount weight="1" > freshwater </wordcount>
    <wordcount weight="1" > hiring </wordcount>
    <wordcount weight="1" > hoc </wordcount>
    <wordcount weight="1" > correspondence </wordcount>
    <wordcount weight="1" > engaged </wordcount>
    <wordcount weight="1" > rewarding </wordcount>
    <wordcount weight="1" > esthetics </wordcount>
    <wordcount weight="1" > organizing </wordcount>
    <wordcount weight="1" > g </wordcount>
    <wordcount weight="1" > battelle </wordcount>
    <wordcount weight="1" > throughout </wordcount>
    <wordcount weight="1" > royal </wordcount>
    <wordcount weight="1" > were </wordcount>
    <wordcount weight="1" > campus </wordcount>
    <wordcount weight="1" > focuses </wordcount>
    <wordcount weight="1" > chemical </wordcount>
    <wordcount weight="1" > office </wordcount>
    <wordcount weight="1" > sponsored </wordcount>
    <wordcount weight="1" > cluded </wordcount>
    <wordcount weight="1" > institution </wordcount>
    <wordcount weight="1" > formation </wordcount>
    <wordcount weight="1" > overseas </wordcount>
    <wordcount weight="1" > charges </wordcount>
    <wordcount weight="1" > francois </wordcount>
    <wordcount weight="1" > requests </wordcount>
    <wordcount weight="1" > ultimately </wordcount>
    <wordcount weight="1" > until </wordcount>
    <wordcount weight="1" > involves </wordcount>
    <wordcount weight="1" > sired </wordcount>
    <wordcount weight="1" > manage </wordcount>
    <wordcount weight="1" > envi </wordcount>
    <wordcount weight="1" > interagency </wordcount>
    <wordcount weight="1" > interpreted </wordcount>
    <wordcount weight="1" > includ </wordcount>
    <wordcount weight="1" > ence </wordcount>
    <wordcount weight="1" > notes </wordcount>
    <wordcount weight="1" > significance </wordcount>
    <wordcount weight="1" > own </wordcount>
    <wordcount weight="1" > algorithmic </wordcount>
    <wordcount weight="1" > since </wordcount>
    <wordcount weight="1" > terest </wordcount>
    <wordcount weight="1" > speakers </wordcount>
    <wordcount weight="1" > three </wordcount>
    <wordcount weight="1" > imperative </wordcount>
    <wordcount weight="1" > historic </wordcount>
    <wordcount weight="1" > against </wordcount>
    <wordcount weight="1" > aware </wordcount>
    <wordcount weight="1" > maxime </wordcount>
    <wordcount weight="1" > responding </wordcount>
    <wordcount weight="1" > florida </wordcount>
    <wordcount weight="1" > purposely </wordcount>
    <wordcount weight="1" > formal </wordcount>
    <wordcount weight="1" > sahelian </wordcount>
    <wordcount weight="1" > regions </wordcount>
    <wordcount weight="1" > de </wordcount>
    <wordcount weight="1" > mt </wordcount>
    <wordcount weight="1" > washington </wordcount>
    <wordcount weight="1" > nike </wordcount>
    <wordcount weight="1" > taxonomic </wordcount>
    <wordcount weight="1" > dominated </wordcount>
    <wordcount weight="1" > missile </wordcount>
    <wordcount weight="1" > gaining </wordcount>
    <wordcount weight="1" > dynamic </wordcount>
    <wordcount weight="1" > signing </wordcount>
    <wordcount weight="1" > blm </wordcount>
    <wordcount weight="1" > change </wordcount>
    <wordcount weight="1" > value </wordcount>
    <wordcount weight="1" > relatively </wordcount>
    <wordcount weight="1" > social </wordcount>
    <wordcount weight="1" > ability </wordcount>
    <wordcount weight="1" > serious </wordcount>
    <wordcount weight="1" > contributed </wordcount>
    <wordcount weight="1" > mixed </wordcount>
    <wordcount weight="1" > organisms </wordcount>
    <wordcount weight="1" > david </wordcount>
    <wordcount weight="1" > include </wordcount>
    <wordcount weight="1" > indi </wordcount>
    <wordcount weight="1" > abutts </wordcount>
    <wordcount weight="1" > okavango </wordcount>
    <wordcount weight="1" > characterized </wordcount>
    <wordcount weight="1" > issued </wordcount>
    <wordcount weight="1" > describing </wordcount>
    <wordcount weight="1" > presented </wordcount>
    <wordcount weight="1" > hard </wordcount>
    <wordcount weight="1" > period </wordcount>
    <wordcount weight="1" > elect </wordcount>
    <wordcount weight="1" > direct </wordcount>
    <wordcount weight="1" > so </wordcount>
    <wordcount weight="1" > gen </wordcount>
    <wordcount weight="1" > cious </wordcount>
    <wordcount weight="1" > wards </wordcount>
    <wordcount weight="1" > division </wordcount>
    <wordcount weight="1" > accelerating </wordcount>
    <wordcount weight="1" > next </wordcount>
    <wordcount weight="1" > effects </wordcount>
    <wordcount weight="1" > catholic </wordcount>
    <wordcount weight="1" > kind </wordcount>
    <wordcount weight="1" > order </wordcount>
    <wordcount weight="1" > seeks </wordcount>
    <wordcount weight="1" > termites </wordcount>
    <wordcount weight="1" > anyone </wordcount>
    <wordcount weight="1" > organ </wordcount>
    <wordcount weight="1" > estimates </wordcount>
    <wordcount weight="1" > emphasizes </wordcount>
    <wordcount weight="1" > pond </wordcount>
    <wordcount weight="1" > black </wordcount>
    <wordcount weight="1" > rary </wordcount>
    <wordcount weight="1" > settlement </wordcount>
    <wordcount weight="1" > decided </wordcount>
    <wordcount weight="1" > remains </wordcount>
    <wordcount weight="1" > association </wordcount>
    <wordcount weight="1" > speak </wordcount>
    <wordcount weight="1" > mic </wordcount>
    <wordcount weight="1" > exchange </wordcount>
    <wordcount weight="1" > causeway </wordcount>
    <wordcount weight="1" > contri </wordcount>
    <wordcount weight="1" > summary </wordcount>
    <wordcount weight="1" > promotion </wordcount>
    <wordcount weight="1" > several </wordcount>
    <wordcount weight="1" > comparison </wordcount>
    <wordcount weight="1" > materials </wordcount>
    <wordcount weight="1" > concerning </wordcount>
    <wordcount weight="1" > especially </wordcount>
    <wordcount weight="1" > supported </wordcount>
    <wordcount weight="1" > west </wordcount>
    <wordcount weight="1" > accomplished </wordcount>
    <wordcount weight="1" > back </wordcount>
    <wordcount weight="1" > subjects </wordcount>
    <wordcount weight="1" > carl </wordcount>
    <wordcount weight="1" > apart </wordcount>
    <wordcount weight="1" > systems </wordcount>
    <wordcount weight="1" > promote </wordcount>
    <wordcount weight="1" > components </wordcount>
    <wordcount weight="1" > between </wordcount>
    <wordcount weight="1" > communites </wordcount>
    <wordcount weight="1" > moist </wordcount>
    <wordcount weight="1" > valuable </wordcount>
    <wordcount weight="1" > june </wordcount>
    <wordcount weight="1" > banaugh </wordcount>
    <wordcount weight="1" > investigations </wordcount>
    <wordcount weight="1" > difficulty </wordcount>
    <wordcount weight="1" > facility </wordcount>
    <wordcount weight="1" > versite </wordcount>
    <wordcount weight="1" > munities </wordcount>
    <wordcount weight="1" > lines </wordcount>
    <wordcount weight="1" > become </wordcount>
    <wordcount weight="1" > combination </wordcount>
    <wordcount weight="1" > massachusetts </wordcount>
    <wordcount weight="1" > oceanology </wordcount>
    <wordcount weight="1" > suitable </wordcount>
    <wordcount weight="1" > vate </wordcount>
    <wordcount weight="1" > cos </wordcount>
    <wordcount weight="1" > workshops </wordcount>
    <wordcount weight="1" > proaches </wordcount>
    <wordcount weight="1" > left </wordcount>
    <wordcount weight="1" > boundaries </wordcount>
    <wordcount weight="1" > acquire </wordcount>
    <wordcount weight="1" > third </wordcount>
    <wordcount weight="1" > charles </wordcount>
    <wordcount weight="1" > wishing </wordcount>
    <wordcount weight="1" > chicago </wordcount>
    <wordcount weight="1" > communi </wordcount>
    <wordcount weight="1" > adjacent </wordcount>
    <wordcount weight="1" > publications </wordcount>
    <wordcount weight="1" > cocord </wordcount>
    <wordcount weight="1" > solicit </wordcount>
    <wordcount weight="1" > marine </wordcount>
    <wordcount weight="1" > symposia </wordcount>
    <wordcount weight="1" > james </wordcount>
    <wordcount weight="1" > disrupting </wordcount>
    <wordcount weight="1" > create </wordcount>
    <wordcount weight="1" > early </wordcount>
    <wordcount weight="1" > generally </wordcount>
    <wordcount weight="1" > richness </wordcount>
    <wordcount weight="1" > explore </wordcount>
    <wordcount weight="1" > including </wordcount>
    <wordcount weight="1" > substantial </wordcount>
    <wordcount weight="1" > vide </wordcount>
    <wordcount weight="1" > addressed </wordcount>
    <wordcount weight="1" > severely </wordcount>
    <wordcount weight="1" > designed </wordcount>
    <wordcount weight="1" > results </wordcount>
    <wordcount weight="1" > much </wordcount>
    <wordcount weight="1" > details </wordcount>
    <wordcount weight="1" > need </wordcount>
    <wordcount weight="1" > strong </wordcount>
    <wordcount weight="1" > demonstration </wordcount>
    <wordcount weight="1" > diag </wordcount>
    <wordcount weight="1" > philippines </wordcount>
    <wordcount weight="1" > relative </wordcount>
    <wordcount weight="1" > joint </wordcount>
    <wordcount weight="1" > appropriate </wordcount>
    <wordcount weight="1" > environ </wordcount>
    <wordcount weight="1" > evaluated </wordcount>
    <wordcount weight="1" > broader </wordcount>
    <wordcount weight="1" > preliminary </wordcount>
    <wordcount weight="1" > asked </wordcount>
    <wordcount weight="1" > awareness </wordcount>
    <wordcount weight="1" > geographic </wordcount>
    <wordcount weight="1" > though </wordcount>
    <wordcount weight="1" > iste </wordcount>
    <wordcount weight="1" > councement </wordcount>
    <wordcount weight="1" > termed </wordcount>
    <wordcount weight="1" > ministrators </wordcount>
    <wordcount weight="1" > ma </wordcount>
    <wordcount weight="1" > competitive </wordcount>
    <wordcount weight="1" > how </wordcount>
    <wordcount weight="1" > essen </wordcount>
    <wordcount weight="1" > ment </wordcount>
    <wordcount weight="1" > communica </wordcount>
    <wordcount weight="1" > increase </wordcount>
    <wordcount weight="1" > buildings </wordcount>
    <wordcount weight="1" > thorough </wordcount>
</article>
