<?xml version="1.0" encoding="UTF-8"?>
<article id="10.2307/2472454" >
    <wordcount weight="81" > the </wordcount>
    <wordcount weight="57" > of </wordcount>
    <wordcount weight="41" > and </wordcount>
    <wordcount weight="23" > in </wordcount>
    <wordcount weight="20" > a </wordcount>
    <wordcount weight="18" > to </wordcount>
    <wordcount weight="15" > is </wordcount>
    <wordcount weight="15" > are </wordcount>
    <wordcount weight="13" > with </wordcount>
    <wordcount weight="11" > that </wordcount>
    <wordcount weight="8" > as </wordcount>
    <wordcount weight="7" > book </wordcount>
    <wordcount weight="7" > on </wordcount>
    <wordcount weight="6" > genera </wordcount>
    <wordcount weight="6" > which </wordcount>
    <wordcount weight="5" > it </wordcount>
    <wordcount weight="5" > from </wordcount>
    <wordcount weight="5" > by </wordcount>
    <wordcount weight="5" > plants </wordcount>
    <wordcount weight="5" > this </wordcount>
    <wordcount weight="5" > have </wordcount>
    <wordcount weight="5" > be </wordcount>
    <wordcount weight="4" > but </wordcount>
    <wordcount weight="4" > other </wordcount>
    <wordcount weight="4" > discussions </wordcount>
    <wordcount weight="4" > chapters </wordcount>
    <wordcount weight="3" > may </wordcount>
    <wordcount weight="3" > not </wordcount>
    <wordcount weight="3" > his </wordcount>
    <wordcount weight="3" > been </wordcount>
    <wordcount weight="3" > basic </wordcount>
    <wordcount weight="3" > these </wordcount>
    <wordcount weight="3" > more </wordcount>
    <wordcount weight="3" > many </wordcount>
    <wordcount weight="3" > has </wordcount>
    <wordcount weight="3" > an </wordcount>
    <wordcount weight="3" > plant </wordcount>
    <wordcount weight="3" > few </wordcount>
    <wordcount weight="3" > between </wordcount>
    <wordcount weight="3" > can </wordcount>
    <wordcount weight="3" > among </wordcount>
    <wordcount weight="2" > will </wordcount>
    <wordcount weight="2" > five </wordcount>
    <wordcount weight="2" > unit </wordcount>
    <wordcount weight="2" > per </wordcount>
    <wordcount weight="2" > space </wordcount>
    <wordcount weight="2" > pp </wordcount>
    <wordcount weight="2" > or </wordcount>
    <wordcount weight="2" > familiar </wordcount>
    <wordcount weight="2" > environment </wordcount>
    <wordcount weight="2" > organized </wordcount>
    <wordcount weight="2" > biotic </wordcount>
    <wordcount weight="2" > followed </wordcount>
    <wordcount weight="2" > titles </wordcount>
    <wordcount weight="2" > voth </wordcount>
    <wordcount weight="2" > text </wordcount>
    <wordcount weight="2" > paul </wordcount>
    <wordcount weight="2" > construed </wordcount>
    <wordcount weight="2" > each </wordcount>
    <wordcount weight="2" > all </wordcount>
    <wordcount weight="2" > autecology </wordcount>
    <wordcount weight="2" > for </wordcount>
    <wordcount weight="2" > seven </wordcount>
    <wordcount weight="2" > new </wordcount>
    <wordcount weight="2" > color </wordcount>
    <wordcount weight="2" > those </wordcount>
    <wordcount weight="2" > textbook </wordcount>
    <wordcount weight="2" > halftones </wordcount>
    <wordcount weight="2" > number </wordcount>
    <wordcount weight="2" > well </wordcount>
    <wordcount weight="2" > chapter </wordcount>
    <wordcount weight="2" > some </wordcount>
    <wordcount weight="2" > line </wordcount>
    <wordcount weight="2" > frontispiece </wordcount>
    <wordcount weight="2" > presented </wordcount>
    <wordcount weight="2" > use </wordcount>
    <wordcount weight="2" > usage </wordcount>
    <wordcount weight="2" > such </wordcount>
    <wordcount weight="2" > quality </wordcount>
    <wordcount weight="2" > algae </wordcount>
    <wordcount weight="2" > author </wordcount>
    <wordcount weight="2" > d </wordcount>
    <wordcount weight="2" > no </wordcount>
    <wordcount weight="2" > so </wordcount>
    <wordcount weight="2" > increased </wordcount>
    <wordcount weight="2" > should </wordcount>
    <wordcount weight="2" > species </wordcount>
    <wordcount weight="1" > at </wordcount>
    <wordcount weight="1" > perfect </wordcount>
    <wordcount weight="1" > newer </wordcount>
    <wordcount weight="1" > entitled </wordcount>
    <wordcount weight="1" > polypodium </wordcount>
    <wordcount weight="1" > permits </wordcount>
    <wordcount weight="1" > reading </wordcount>
    <wordcount weight="1" > does </wordcount>
    <wordcount weight="1" > now </wordcount>
    <wordcount weight="1" > groupings </wordcount>
    <wordcount weight="1" > philadelphia </wordcount>
    <wordcount weight="1" > units </wordcount>
    <wordcount weight="1" > phlebodium </wordcount>
    <wordcount weight="1" > abundance </wordcount>
    <wordcount weight="1" > stems </wordcount>
    <wordcount weight="1" > pigments </wordcount>
    <wordcount weight="1" > minor </wordcount>
    <wordcount weight="1" > matter </wordcount>
    <wordcount weight="1" > incredible </wordcount>
    <wordcount weight="1" > reviewer </wordcount>
    <wordcount weight="1" > science </wordcount>
    <wordcount weight="1" > inaccurate </wordcount>
    <wordcount weight="1" > indicated </wordcount>
    <wordcount weight="1" > substances </wordcount>
    <wordcount weight="1" > growth </wordcount>
    <wordcount weight="1" > logically </wordcount>
    <wordcount weight="1" > ways </wordcount>
    <wordcount weight="1" > f </wordcount>
    <wordcount weight="1" > labors </wordcount>
    <wordcount weight="1" > synonyms </wordcount>
    <wordcount weight="1" > fewer </wordcount>
    <wordcount weight="1" > athyrium </wordcount>
    <wordcount weight="1" > process </wordcount>
    <wordcount weight="1" > disagreements </wordcount>
    <wordcount weight="1" > tropical </wordcount>
    <wordcount weight="1" > who </wordcount>
    <wordcount weight="1" > etc </wordcount>
    <wordcount weight="1" > interfere </wordcount>
    <wordcount weight="1" > introduction </wordcount>
    <wordcount weight="1" > grasses </wordcount>
    <wordcount weight="1" > indicates </wordcount>
    <wordcount weight="1" > phyla </wordcount>
    <wordcount weight="1" > hews </wordcount>
    <wordcount weight="1" > remaining </wordcount>
    <wordcount weight="1" > se </wordcount>
    <wordcount weight="1" > large </wordcount>
    <wordcount weight="1" > derived </wordcount>
    <wordcount weight="1" > elementary </wordcount>
    <wordcount weight="1" > complex </wordcount>
    <wordcount weight="1" > he </wordcount>
    <wordcount weight="1" > innovation </wordcount>
    <wordcount weight="1" > study </wordcount>
    <wordcount weight="1" > illustrations </wordcount>
    <wordcount weight="1" > tend </wordcount>
    <wordcount weight="1" > oversimplified </wordcount>
    <wordcount weight="1" > about </wordcount>
    <wordcount weight="1" > columns </wordcount>
    <wordcount weight="1" > word </wordcount>
    <wordcount weight="1" > communities </wordcount>
    <wordcount weight="1" > respect </wordcount>
    <wordcount weight="1" > illus </wordcount>
    <wordcount weight="1" > longisection </wordcount>
    <wordcount weight="1" > fields </wordcount>
    <wordcount weight="1" > strictly </wordcount>
    <wordcount weight="1" > approaches </wordcount>
    <wordcount weight="1" > itself </wordcount>
    <wordcount weight="1" > andtheir </wordcount>
    <wordcount weight="1" > drawings </wordcount>
    <wordcount weight="1" > easily </wordcount>
    <wordcount weight="1" > read </wordcount>
    <wordcount weight="1" > modern </wordcount>
    <wordcount weight="1" > former </wordcount>
    <wordcount weight="1" > considered </wordcount>
    <wordcount weight="1" > matters </wordcount>
    <wordcount weight="1" > detail </wordcount>
    <wordcount weight="1" > classification </wordcount>
    <wordcount weight="1" > improvement </wordcount>
    <wordcount weight="1" > temperate </wordcount>
    <wordcount weight="1" > cycles </wordcount>
    <wordcount weight="1" > nitrogen </wordcount>
    <wordcount weight="1" > into </wordcount>
    <wordcount weight="1" > etymology </wordcount>
    <wordcount weight="1" > included </wordcount>
    <wordcount weight="1" > any </wordcount>
    <wordcount weight="1" > complete </wordcount>
    <wordcount weight="1" > alluded </wordcount>
    <wordcount weight="1" > remedy </wordcount>
    <wordcount weight="1" > teaching </wordcount>
    <wordcount weight="1" > n </wordcount>
    <wordcount weight="1" > antecedent </wordcount>
    <wordcount weight="1" > variety </wordcount>
    <wordcount weight="1" > gratifying </wordcount>
    <wordcount weight="1" > topical </wordcount>
    <wordcount weight="1" > partly </wordcount>
    <wordcount weight="1" > w </wordcount>
    <wordcount weight="1" > upper </wordcount>
    <wordcount weight="1" > leads </wordcount>
    <wordcount weight="1" > two </wordcount>
    <wordcount weight="1" > simply </wordcount>
    <wordcount weight="1" > noted </wordcount>
    <wordcount weight="1" > visualize </wordcount>
    <wordcount weight="1" > only </wordcount>
    <wordcount weight="1" > follow </wordcount>
    <wordcount weight="1" > unifying </wordcount>
    <wordcount weight="1" > either </wordcount>
    <wordcount weight="1" > botanists </wordcount>
    <wordcount weight="1" > treats </wordcount>
    <wordcount weight="1" > volume </wordcount>
    <wordcount weight="1" > aspidilem </wordcount>
    <wordcount weight="1" > production </wordcount>
    <wordcount weight="1" > here </wordcount>
    <wordcount weight="1" > supplemellt </wordcount>
    <wordcount weight="1" > poorest </wordcount>
    <wordcount weight="1" > cover </wordcount>
    <wordcount weight="1" > proofread </wordcount>
    <wordcount weight="1" > genecology </wordcount>
    <wordcount weight="1" > filicum </wordcount>
    <wordcount weight="1" > tro </wordcount>
    <wordcount weight="1" > paragraph </wordcount>
    <wordcount weight="1" > dissatisfied </wordcount>
    <wordcount weight="1" > stem </wordcount>
    <wordcount weight="1" > speed </wordcount>
    <wordcount weight="1" > added </wordcount>
    <wordcount weight="1" > gazette </wordcount>
    <wordcount weight="1" > seems </wordcount>
    <wordcount weight="1" > nature </wordcount>
    <wordcount weight="1" > gracing </wordcount>
    <wordcount weight="1" > adaptation </wordcount>
    <wordcount weight="1" > shows </wordcount>
    <wordcount weight="1" > lack </wordcount>
    <wordcount weight="1" > s </wordcount>
    <wordcount weight="1" > europe </wordcount>
    <wordcount weight="1" > believe </wordcount>
    <wordcount weight="1" > best </wordcount>
    <wordcount weight="1" > could </wordcount>
    <wordcount weight="1" > print </wordcount>
    <wordcount weight="1" > tectaria </wordcount>
    <wordcount weight="1" > plan </wordcount>
    <wordcount weight="1" > simple </wordcount>
    <wordcount weight="1" > traditionally </wordcount>
    <wordcount weight="1" > current </wordcount>
    <wordcount weight="1" > attempting </wordcount>
    <wordcount weight="1" > time </wordcount>
    <wordcount weight="1" > vascular </wordcount>
    <wordcount weight="1" > larger </wordcount>
    <wordcount weight="1" > format </wordcount>
    <wordcount weight="1" > typography </wordcount>
    <wordcount weight="1" > personal </wordcount>
    <wordcount weight="1" > john </wordcount>
    <wordcount weight="1" > dryopteris </wordcount>
    <wordcount weight="1" > concludes </wordcount>
    <wordcount weight="1" > mississippi </wordcount>
    <wordcount weight="1" > carp </wordcount>
    <wordcount weight="1" > zone </wordcount>
    <wordcount weight="1" > contemporary </wordcount>
    <wordcount weight="1" > scene </wordcount>
    <wordcount weight="1" > resulting </wordcount>
    <wordcount weight="1" > reproduction </wordcount>
    <wordcount weight="1" > discussed </wordcount>
    <wordcount weight="1" > term </wordcount>
    <wordcount weight="1" > last </wordcount>
    <wordcount weight="1" > photoperiodicity </wordcount>
    <wordcount weight="1" > improving </wordcount>
    <wordcount weight="1" > clarity </wordcount>
    <wordcount weight="1" > daubenmkire </wordcount>
    <wordcount weight="1" > phylum </wordcount>
    <wordcount weight="1" > manner </wordcount>
    <wordcount weight="1" > introdlction </wordcount>
    <wordcount weight="1" > reviews </wordcount>
    <wordcount weight="1" > within </wordcount>
    <wordcount weight="1" > shoning </wordcount>
    <wordcount weight="1" > inder </wordcount>
    <wordcount weight="1" > list </wordcount>
    <wordcount weight="1" > system </wordcount>
    <wordcount weight="1" > accounts </wordcount>
    <wordcount weight="1" > negatives </wordcount>
    <wordcount weight="1" > tecozogy </wordcount>
    <wordcount weight="1" > energy </wordcount>
    <wordcount weight="1" > wealth </wordcount>
    <wordcount weight="1" > material </wordcount>
    <wordcount weight="1" > comprehension </wordcount>
    <wordcount weight="1" > astidium </wordcount>
    <wordcount weight="1" > physics </wordcount>
    <wordcount weight="1" > assemblage </wordcount>
    <wordcount weight="1" > poor </wordcount>
    <wordcount weight="1" > america </wordcount>
    <wordcount weight="1" > because </wordcount>
    <wordcount weight="1" > polypodiaceae </wordcount>
    <wordcount weight="1" > typographical </wordcount>
    <wordcount weight="1" > yield </wordcount>
    <wordcount weight="1" > design </wordcount>
    <wordcount weight="1" > interpreting </wordcount>
    <wordcount weight="1" > another </wordcount>
    <wordcount weight="1" > local </wordcount>
    <wordcount weight="1" > original </wordcount>
    <wordcount weight="1" > almost </wordcount>
    <wordcount weight="1" > epiphytic </wordcount>
    <wordcount weight="1" > credit </wordcount>
    <wordcount weight="1" > r </wordcount>
    <wordcount weight="1" > logical </wordcount>
    <wordcount weight="1" > incorporated </wordcount>
    <wordcount weight="1" > data </wordcount>
    <wordcount weight="1" > bacteria </wordcount>
    <wordcount weight="1" > illustrate </wordcount>
    <wordcount weight="1" > discussion </wordcount>
    <wordcount weight="1" > work </wordcount>
    <wordcount weight="1" > slight </wordcount>
    <wordcount weight="1" > both </wordcount>
    <wordcount weight="1" > treated </wordcount>
    <wordcount weight="1" > functions </wordcount>
    <wordcount weight="1" > hundred </wordcount>
    <wordcount weight="1" > nine </wordcount>
    <wordcount weight="1" > fern </wordcount>
    <wordcount weight="1" > limitations </wordcount>
    <wordcount weight="1" > reader </wordcount>
    <wordcount weight="1" > desert </wordcount>
    <wordcount weight="1" > formal </wordcount>
    <wordcount weight="1" > ill </wordcount>
    <wordcount weight="1" > readilv </wordcount>
    <wordcount weight="1" > thereby </wordcount>
    <wordcount weight="1" > including </wordcount>
    <wordcount weight="1" > processes </wordcount>
    <wordcount weight="1" > atmospheric </wordcount>
    <wordcount weight="1" > chart </wordcount>
    <wordcount weight="1" > publishers </wordcount>
    <wordcount weight="1" > photographic </wordcount>
    <wordcount weight="1" > correlation </wordcount>
    <wordcount weight="1" > its </wordcount>
    <wordcount weight="1" > subject </wordcount>
    <wordcount weight="1" > adapted </wordcount>
    <wordcount weight="1" > hybridization </wordcount>
    <wordcount weight="1" > fit </wordcount>
    <wordcount weight="1" > botanicai </wordcount>
    <wordcount weight="1" > emphasize </wordcount>
    <wordcount weight="1" > summarizes </wordcount>
    <wordcount weight="1" > botany </wordcount>
    <wordcount weight="1" > divided </wordcount>
    <wordcount weight="1" > broad </wordcount>
    <wordcount weight="1" > families </wordcount>
    <wordcount weight="1" > fruitful </wordcount>
    <wordcount weight="1" > net </wordcount>
    <wordcount weight="1" > gain </wordcount>
    <wordcount weight="1" > washable </wordcount>
    <wordcount weight="1" > structures </wordcount>
    <wordcount weight="1" > evolution </wordcount>
    <wordcount weight="1" > trend </wordcount>
    <wordcount weight="1" > historical </wordcount>
    <wordcount weight="1" > includes </wordcount>
    <wordcount weight="1" > chosen </wordcount>
    <wordcount weight="1" > full </wordcount>
    <wordcount weight="1" > until </wordcount>
    <wordcount weight="1" > described </wordcount>
    <wordcount weight="1" > modify </wordcount>
    <wordcount weight="1" > facts </wordcount>
    <wordcount weight="1" > gloeocapsa </wordcount>
    <wordcount weight="1" > visualized </wordcount>
    <wordcount weight="1" > three </wordcount>
    <wordcount weight="1" > presentations </wordcount>
    <wordcount weight="1" > chemistry </wordcount>
    <wordcount weight="1" > web </wordcount>
    <wordcount weight="1" > pteropsida </wordcount>
    <wordcount weight="1" > urge </wordcount>
    <wordcount weight="1" > good </wordcount>
    <wordcount weight="1" > ease </wordcount>
    <wordcount weight="1" > relations </wordcount>
    <wordcount weight="1" > blakiston </wordcount>
    <wordcount weight="1" > sense </wordcount>
    <wordcount weight="1" > walter </wordcount>
    <wordcount weight="1" > pteridologists </wordcount>
    <wordcount weight="1" > voiced </wordcount>
    <wordcount weight="1" > function </wordcount>
    <wordcount weight="1" > tabular </wordcount>
    <wordcount weight="1" > extensively </wordcount>
    <wordcount weight="1" > learning </wordcount>
    <wordcount weight="1" > wiley </wordcount>
    <wordcount weight="1" > fred </wordcount>
    <wordcount weight="1" > family </wordcount>
    <wordcount weight="1" > small </wordcount>
    <wordcount weight="1" > cellular </wordcount>
    <wordcount weight="1" > needs </wordcount>
    <wordcount weight="1" > flora </wordcount>
    <wordcount weight="1" > soil </wordcount>
    <wordcount weight="1" > praises </wordcount>
    <wordcount weight="1" > especially </wordcount>
    <wordcount weight="1" > subjects </wordcount>
    <wordcount weight="1" > systems </wordcount>
    <wordcount weight="1" > leaves </wordcount>
    <wordcount weight="1" > textbooks </wordcount>
    <wordcount weight="1" > distinctions </wordcount>
    <wordcount weight="1" > synecology </wordcount>
    <wordcount weight="1" > observe </wordcount>
    <wordcount weight="1" > relation </wordcount>
    <wordcount weight="1" > compared </wordcount>
    <wordcount weight="1" > third </wordcount>
    <wordcount weight="1" > mainly </wordcount>
    <wordcount weight="1" > wisely </wordcount>
    <wordcount weight="1" > find </wordcount>
    <wordcount weight="1" > like </wordcount>
    <wordcount weight="1" > create </wordcount>
    <wordcount weight="1" > tip </wordcount>
    <wordcount weight="1" > looks </wordcount>
    <wordcount weight="1" > valley </wordcount>
    <wordcount weight="1" > necessity </wordcount>
    <wordcount weight="1" > corn </wordcount>
    <wordcount weight="1" > much </wordcount>
    <wordcount weight="1" > world </wordcount>
    <wordcount weight="1" > glance </wordcount>
    <wordcount weight="1" > we </wordcount>
    <wordcount weight="1" > roots </wordcount>
    <wordcount weight="1" > north </wordcount>
    <wordcount weight="1" > cycle </wordcount>
    <wordcount weight="1" > general </wordcount>
    <wordcount weight="1" > provided </wordcount>
    <wordcount weight="1" > rearranged </wordcount>
    <wordcount weight="1" > student </wordcount>
    <wordcount weight="1" > rest </wordcount>
    <wordcount weight="1" > geographical </wordcount>
    <wordcount weight="1" > activities </wordcount>
    <wordcount weight="1" > figs </wordcount>
    <wordcount weight="1" > christensen </wordcount>
    <wordcount weight="1" > lastrea </wordcount>
    <wordcount weight="1" > haq </wordcount>
</article>
