<?xml version="1.0" encoding="UTF-8"?>
<article id="10.2307/2560377" >
    <wordcount weight="205" > of </wordcount>
    <wordcount weight="198" > the </wordcount>
    <wordcount weight="115" > in </wordcount>
    <wordcount weight="95" > and </wordcount>
    <wordcount weight="91" > to </wordcount>
    <wordcount weight="76" > p </wordcount>
    <wordcount weight="54" > a </wordcount>
    <wordcount weight="48" > with </wordcount>
    <wordcount weight="47" > were </wordcount>
    <wordcount weight="46" > seedlings </wordcount>
    <wordcount weight="45" > soil </wordcount>
    <wordcount weight="45" > was </wordcount>
    <wordcount weight="42" > drought </wordcount>
    <wordcount weight="42" > that </wordcount>
    <wordcount weight="39" > at </wordcount>
    <wordcount weight="36" > species </wordcount>
    <wordcount weight="31" > for </wordcount>
    <wordcount weight="29" > be </wordcount>
    <wordcount weight="24" > growth </wordcount>
    <wordcount weight="24" > plants </wordcount>
    <wordcount weight="23" > is </wordcount>
    <wordcount weight="22" > pinus </wordcount>
    <wordcount weight="22" > field </wordcount>
    <wordcount weight="21" > coulteri </wordcount>
    <wordcount weight="21" > this </wordcount>
    <wordcount weight="21" > than </wordcount>
    <wordcount weight="20" > may </wordcount>
    <wordcount weight="20" > rate </wordcount>
    <wordcount weight="20" > moisture </wordcount>
    <wordcount weight="20" > on </wordcount>
    <wordcount weight="19" > from </wordcount>
    <wordcount weight="19" > by </wordcount>
    <wordcount weight="19" > tolerance </wordcount>
    <wordcount weight="18" > lower </wordcount>
    <wordcount weight="18" > lambertiana </wordcount>
    <wordcount weight="18" > survival </wordcount>
    <wordcount weight="17" > attenuate </wordcount>
    <wordcount weight="17" > study </wordcount>
    <wordcount weight="17" > as </wordcount>
    <wordcount weight="17" > water </wordcount>
    <wordcount weight="16" > knobcone </wordcount>
    <wordcount weight="16" > coulter </wordcount>
    <wordcount weight="15" > transpiration </wordcount>
    <wordcount weight="15" > pine </wordcount>
    <wordcount weight="14" > root </wordcount>
    <wordcount weight="14" > which </wordcount>
    <wordcount weight="13" > it </wordcount>
    <wordcount weight="13" > every </wordcount>
    <wordcount weight="13" > elevational </wordcount>
    <wordcount weight="12" > limits </wordcount>
    <wordcount weight="12" > each </wordcount>
    <wordcount weight="12" > first </wordcount>
    <wordcount weight="12" > are </wordcount>
    <wordcount weight="12" > other </wordcount>
    <wordcount weight="12" > needle </wordcount>
    <wordcount weight="11" > two </wordcount>
    <wordcount weight="11" > all </wordcount>
    <wordcount weight="11" > elevation </wordcount>
    <wordcount weight="11" > have </wordcount>
    <wordcount weight="10" > high </wordcount>
    <wordcount weight="10" > days </wordcount>
    <wordcount weight="10" > but </wordcount>
    <wordcount weight="10" > more </wordcount>
    <wordcount weight="10" > cm </wordcount>
    <wordcount weight="10" > germination </wordcount>
    <wordcount weight="10" > trees </wordcount>
    <wordcount weight="10" > during </wordcount>
    <wordcount weight="10" > low </wordcount>
    <wordcount weight="10" > sugar </wordcount>
    <wordcount weight="9" > been </wordcount>
    <wordcount weight="9" > elongation </wordcount>
    <wordcount weight="9" > their </wordcount>
    <wordcount weight="9" > time </wordcount>
    <wordcount weight="9" > roots </wordcount>
    <wordcount weight="9" > one </wordcount>
    <wordcount weight="8" > r </wordcount>
    <wordcount weight="8" > mean </wordcount>
    <wordcount weight="8" > had </wordcount>
    <wordcount weight="8" > could </wordcount>
    <wordcount weight="8" > elevations </wordcount>
    <wordcount weight="8" > three </wordcount>
    <wordcount weight="8" > earlier </wordcount>
    <wordcount weight="8" > seed </wordcount>
    <wordcount weight="7" > shoot </wordcount>
    <wordcount weight="7" > not </wordcount>
    <wordcount weight="7" > experiment </wordcount>
    <wordcount weight="7" > w </wordcount>
    <wordcount weight="7" > these </wordcount>
    <wordcount weight="7" > j </wordcount>
    <wordcount weight="7" > found </wordcount>
    <wordcount weight="7" > range </wordcount>
    <wordcount weight="7" > temperature </wordcount>
    <wordcount weight="7" > would </wordcount>
    <wordcount weight="7" > c </wordcount>
    <wordcount weight="6" > greenhouse </wordcount>
    <wordcount weight="6" > pots </wordcount>
    <wordcount weight="6" > m </wordcount>
    <wordcount weight="6" > seedling </wordcount>
    <wordcount weight="6" > point </wordcount>
    <wordcount weight="6" > its </wordcount>
    <wordcount weight="6" > atm </wordcount>
    <wordcount weight="6" > shown </wordcount>
    <wordcount weight="6" > development </wordcount>
    <wordcount weight="6" > responses </wordcount>
    <wordcount weight="6" > watered </wordcount>
    <wordcount weight="6" > dry </wordcount>
    <wordcount weight="6" > early </wordcount>
    <wordcount weight="6" > when </wordcount>
    <wordcount weight="5" > higher </wordcount>
    <wordcount weight="5" > will </wordcount>
    <wordcount weight="5" > site </wordcount>
    <wordcount weight="5" > they </wordcount>
    <wordcount weight="5" > certain </wordcount>
    <wordcount weight="5" > needles </wordcount>
    <wordcount weight="5" > under </wordcount>
    <wordcount weight="5" > seems </wordcount>
    <wordcount weight="5" > before </wordcount>
    <wordcount weight="5" > weather </wordcount>
    <wordcount weight="5" > different </wordcount>
    <wordcount weight="5" > daily </wordcount>
    <wordcount weight="5" > differences </wordcount>
    <wordcount weight="5" > new </wordcount>
    <wordcount weight="5" > variation </wordcount>
    <wordcount weight="5" > those </wordcount>
    <wordcount weight="5" > where </wordcount>
    <wordcount weight="5" > tension </wordcount>
    <wordcount weight="5" > native </wordcount>
    <wordcount weight="5" > has </wordcount>
    <wordcount weight="5" > day </wordcount>
    <wordcount weight="5" > wilting </wordcount>
    <wordcount weight="5" > determined </wordcount>
    <wordcount weight="5" > made </wordcount>
    <wordcount weight="5" > bot </wordcount>
    <wordcount weight="5" > california </wordcount>
    <wordcount weight="5" > weeks </wordcount>
    <wordcount weight="5" > stress </wordcount>
    <wordcount weight="5" > d </wordcount>
    <wordcount weight="5" > plant </wordcount>
    <wordcount weight="5" > area </wordcount>
    <wordcount weight="5" > increased </wordcount>
    <wordcount weight="5" > several </wordcount>
    <wordcount weight="5" > response </wordcount>
    <wordcount weight="5" > maximum </wordcount>
    <wordcount weight="5" > results </wordcount>
    <wordcount weight="4" > table </wordcount>
    <wordcount weight="4" > no </wordcount>
    <wordcount weight="4" > common </wordcount>
    <wordcount weight="4" > indicated </wordcount>
    <wordcount weight="4" > comparative </wordcount>
    <wordcount weight="4" > environmental </wordcount>
    <wordcount weight="4" > mountains </wordcount>
    <wordcount weight="4" > after </wordcount>
    <wordcount weight="4" > per </wordcount>
    <wordcount weight="4" > about </wordcount>
    <wordcount weight="4" > same </wordcount>
    <wordcount weight="4" > being </wordcount>
    <wordcount weight="4" > surface </wordcount>
    <wordcount weight="4" > over </wordcount>
    <wordcount weight="4" > treatment </wordcount>
    <wordcount weight="4" > did </wordcount>
    <wordcount weight="4" > diameter </wordcount>
    <wordcount weight="4" > pattern </wordcount>
    <wordcount weight="4" > there </wordcount>
    <wordcount weight="4" > wildfires </wordcount>
    <wordcount weight="4" > can </wordcount>
    <wordcount weight="4" > deep </wordcount>
    <wordcount weight="4" > botanical </wordcount>
    <wordcount weight="4" > forest </wordcount>
    <wordcount weight="4" > both </wordcount>
    <wordcount weight="4" > phenological </wordcount>
    <wordcount weight="4" > cited </wordcount>
    <wordcount weight="4" > due </wordcount>
    <wordcount weight="4" > resistance </wordcount>
    <wordcount weight="4" > watering </wordcount>
    <wordcount weight="4" > work </wordcount>
    <wordcount weight="4" > throughout </wordcount>
    <wordcount weight="4" > rooting </wordcount>
    <wordcount weight="4" > normally </wordcount>
    <wordcount weight="4" > below </wordcount>
    <wordcount weight="4" > an </wordcount>
    <wordcount weight="4" > ability </wordcount>
    <wordcount weight="4" > between </wordcount>
    <wordcount weight="4" > highest </wordcount>
    <wordcount weight="4" > gazette </wordcount>
    <wordcount weight="4" > reached </wordcount>
    <wordcount weight="4" > temperatures </wordcount>
    <wordcount weight="4" > even </wordcount>
    <wordcount weight="4" > develop </wordcount>
    <wordcount weight="4" > much </wordcount>
    <wordcount weight="3" > south </wordcount>
    <wordcount weight="3" > later </wordcount>
    <wordcount weight="3" > preconditioned </wordcount>
    <wordcount weight="3" > l </wordcount>
    <wordcount weight="3" > altitudinal </wordcount>
    <wordcount weight="3" > vertical </wordcount>
    <wordcount weight="3" > indicates </wordcount>
    <wordcount weight="3" > length </wordcount>
    <wordcount weight="3" > difference </wordcount>
    <wordcount weight="3" > represents </wordcount>
    <wordcount weight="3" > potted </wordcount>
    <wordcount weight="3" > greater </wordcount>
    <wordcount weight="3" > restricted </wordcount>
    <wordcount weight="3" > attenuata </wordcount>
    <wordcount weight="3" > established </wordcount>
    <wordcount weight="3" > or </wordcount>
    <wordcount weight="3" > slowly </wordcount>
    <wordcount weight="3" > experiments </wordcount>
    <wordcount weight="3" > any </wordcount>
    <wordcount weight="3" > complete </wordcount>
    <wordcount weight="3" > air </wordcount>
    <wordcount weight="3" > experimental </wordcount>
    <wordcount weight="3" > consistent </wordcount>
    <wordcount weight="3" > long </wordcount>
    <wordcount weight="3" > figure </wordcount>
    <wordcount weight="3" > again </wordcount>
    <wordcount weight="3" > season </wordcount>
    <wordcount weight="3" > whereas </wordcount>
    <wordcount weight="3" > paper </wordcount>
    <wordcount weight="3" > longer </wordcount>
    <wordcount weight="3" > best </wordcount>
    <wordcount weight="3" > years </wordcount>
    <wordcount weight="3" > i </wordcount>
    <wordcount weight="3" > fresh </wordcount>
    <wordcount weight="3" > ecotypic </wordcount>
    <wordcount weight="3" > patterns </wordcount>
    <wordcount weight="3" > normal </wordcount>
    <wordcount weight="3" > germinated </wordcount>
    <wordcount weight="3" > penetration </wordcount>
    <wordcount weight="3" > distribution </wordcount>
    <wordcount weight="3" > adaptation </wordcount>
    <wordcount weight="3" > capacity </wordcount>
    <wordcount weight="3" > ecology </wordcount>
    <wordcount weight="3" > degree </wordcount>
    <wordcount weight="3" > sites </wordcount>
    <wordcount weight="3" > almost </wordcount>
    <wordcount weight="3" > demonstrated </wordcount>
    <wordcount weight="3" > sublethal </wordcount>
    <wordcount weight="3" > line </wordcount>
    <wordcount weight="3" > size </wordcount>
    <wordcount weight="3" > some </wordcount>
    <wordcount weight="3" > level </wordcount>
    <wordcount weight="3" > reported </wordcount>
    <wordcount weight="3" > x </wordcount>
    <wordcount weight="3" > adapted </wordcount>
    <wordcount weight="3" > year </wordcount>
    <wordcount weight="3" > intermediate </wordcount>
    <wordcount weight="3" > shoots </wordcount>
    <wordcount weight="3" > conditions </wordcount>
    <wordcount weight="3" > severe </wordcount>
    <wordcount weight="3" > daubenmire </wordcount>
    <wordcount weight="3" > approximately </wordcount>
    <wordcount weight="3" > should </wordcount>
    <wordcount weight="3" > lowest </wordcount>
    <wordcount weight="3" > summer </wordcount>
    <wordcount weight="3" > effects </wordcount>
    <wordcount weight="3" > repeated </wordcount>
    <wordcount weight="3" > fig </wordcount>
    <wordcount weight="3" > fire </wordcount>
    <wordcount weight="3" > effect </wordcount>
    <wordcount weight="3" > seeds </wordcount>
    <wordcount weight="3" > tended </wordcount>
    <wordcount weight="3" > weight </wordcount>
    <wordcount weight="3" > mature </wordcount>
    <wordcount weight="3" > among </wordcount>
    <wordcount weight="3" > gaz </wordcount>
    <wordcount weight="3" > mechanism </wordcount>
    <wordcount weight="2" > increasing </wordcount>
    <wordcount weight="2" > survived </wordcount>
    <wordcount weight="2" > pearson </wordcount>
    <wordcount weight="2" > mechanisms </wordcount>
    <wordcount weight="2" > portion </wordcount>
    <wordcount weight="2" > indication </wordcount>
    <wordcount weight="2" > evaporation </wordcount>
    <wordcount weight="2" > san </wordcount>
    <wordcount weight="2" > stems </wordcount>
    <wordcount weight="2" > reduced </wordcount>
    <wordcount weight="2" > oriented </wordcount>
    <wordcount weight="2" > without </wordcount>
    <wordcount weight="2" > developed </wordcount>
    <wordcount weight="2" > developing </wordcount>
    <wordcount weight="2" > remain </wordcount>
    <wordcount weight="2" > extreme </wordcount>
    <wordcount weight="2" > levels </wordcount>
    <wordcount weight="2" > plastic </wordcount>
    <wordcount weight="2" > nearly </wordcount>
    <wordcount weight="2" > e </wordcount>
    <wordcount weight="2" > interspecific </wordcount>
    <wordcount weight="2" > july </wordcount>
    <wordcount weight="2" > above </wordcount>
    <wordcount weight="2" > began </wordcount>
    <wordcount weight="2" > chaparral </wordcount>
    <wordcount weight="2" > b </wordcount>
    <wordcount weight="2" > southern </wordcount>
    <wordcount weight="2" > direct </wordcount>
    <wordcount weight="2" > studies </wordcount>
    <wordcount weight="2" > lamberliana </wordcount>
    <wordcount weight="2" > ponderosa </wordcount>
    <wordcount weight="2" > analysis </wordcount>
    <wordcount weight="2" > designed </wordcount>
    <wordcount weight="2" > terminated </wordcount>
    <wordcount weight="2" > mortality </wordcount>
    <wordcount weight="2" > conifers </wordcount>
    <wordcount weight="2" > factors </wordcount>
    <wordcount weight="2" > bingham </wordcount>
    <wordcount weight="2" > h </wordcount>
    <wordcount weight="2" > months </wordcount>
    <wordcount weight="2" > means </wordcount>
    <wordcount weight="2" > changes </wordcount>
    <wordcount weight="2" > pp </wordcount>
    <wordcount weight="2" > miles </wordcount>
    <wordcount weight="2" > western </wordcount>
    <wordcount weight="2" > history </wordcount>
    <wordcount weight="2" > heat </wordcount>
    <wordcount weight="2" > heavy </wordcount>
    <wordcount weight="2" > then </wordcount>
    <wordcount weight="2" > associated </wordcount>
    <wordcount weight="2" > note </wordcount>
    <wordcount weight="2" > climate </wordcount>
    <wordcount weight="2" > tensions </wordcount>
    <wordcount weight="2" > wright </wordcount>
    <wordcount weight="2" > vol </wordcount>
    <wordcount weight="2" > observations </wordcount>
    <wordcount weight="2" > profile </wordcount>
    <wordcount weight="2" > upper </wordcount>
    <wordcount weight="2" > largest </wordcount>
    <wordcount weight="2" > physiological </wordcount>
    <wordcount weight="2" > must </wordcount>
    <wordcount weight="2" > age </wordcount>
    <wordcount weight="2" > fires </wordcount>
    <wordcount weight="2" > onset </wordcount>
    <wordcount weight="2" > noted </wordcount>
    <wordcount weight="2" > only </wordcount>
    <wordcount weight="2" > either </wordcount>
    <wordcount weight="2" > slope </wordcount>
    <wordcount weight="2" > faster </wordcount>
    <wordcount weight="2" > bernardino </wordcount>
    <wordcount weight="2" > rocky </wordcount>
    <wordcount weight="2" > also </wordcount>
    <wordcount weight="2" > set </wordcount>
    <wordcount weight="2" > comparison </wordcount>
    <wordcount weight="2" > ii </wordcount>
    <wordcount weight="2" > suggested </wordcount>
    <wordcount weight="2" > toward </wordcount>
    <wordcount weight="2" > others </wordcount>
    <wordcount weight="2" > stebbins </wordcount>
    <wordcount weight="2" > grow </wordcount>
    <wordcount weight="2" > phenology </wordcount>
    <wordcount weight="2" > s </wordcount>
    <wordcount weight="2" > sooner </wordcount>
    <wordcount weight="2" > least </wordcount>
    <wordcount weight="2" > origin </wordcount>
    <wordcount weight="2" > larger </wordcount>
    <wordcount weight="2" > surfaces </wordcount>
    <wordcount weight="2" > far </wordcount>
    <wordcount weight="2" > proved </wordcount>
    <wordcount weight="2" > discussed </wordcount>
    <wordcount weight="2" > vegetation </wordcount>
    <wordcount weight="2" > evaluate </wordcount>
    <wordcount weight="2" > better </wordcount>
    <wordcount weight="2" > indicate </wordcount>
    <wordcount weight="2" > date </wordcount>
    <wordcount weight="2" > following </wordcount>
    <wordcount weight="2" > shallow </wordcount>
    <wordcount weight="2" > avoidance </wordcount>
    <wordcount weight="2" > somewhat </wordcount>
    <wordcount weight="2" > numbers </wordcount>
    <wordcount weight="2" > damage </wordcount>
    <wordcount weight="2" > them </wordcount>
    <wordcount weight="2" > appears </wordcount>
    <wordcount weight="2" > rutter </wordcount>
    <wordcount weight="2" > applied </wordcount>
    <wordcount weight="2" > recorded </wordcount>
    <wordcount weight="2" > underwatering </wordcount>
    <wordcount weight="2" > near </wordcount>
    <wordcount weight="2" > planted </wordcount>
    <wordcount weight="2" > cones </wordcount>
    <wordcount weight="2" > well </wordcount>
    <wordcount weight="2" > vegetational </wordcount>
    <wordcount weight="2" > prior </wordcount>
    <wordcount weight="2" > diminution </wordcount>
    <wordcount weight="2" > woodard </wordcount>
    <wordcount weight="2" > plantings </wordcount>
    <wordcount weight="2" > start </wordcount>
    <wordcount weight="2" > g </wordcount>
    <wordcount weight="2" > apart </wordcount>
    <wordcount weight="2" > slopes </wordcount>
    <wordcount weight="2" > very </wordcount>
    <wordcount weight="2" > establishment </wordcount>
    <wordcount weight="2" > distinctly </wordcount>
    <wordcount weight="2" > correlation </wordcount>
    <wordcount weight="2" > considerably </wordcount>
    <wordcount weight="2" > indicative </wordcount>
    <wordcount weight="2" > findings </wordcount>
    <wordcount weight="2" > kraebel </wordcount>
    <wordcount weight="2" > literature </wordcount>
    <wordcount weight="2" > virtually </wordcount>
    <wordcount weight="2" > altitudes </wordcount>
    <wordcount weight="2" > exposed </wordcount>
    <wordcount weight="2" > laboratory </wordcount>
    <wordcount weight="2" > full </wordcount>
    <wordcount weight="2" > white </wordcount>
    <wordcount weight="2" > de </wordcount>
    <wordcount weight="2" > evidence </wordcount>
    <wordcount weight="2" > depth </wordcount>
    <wordcount weight="2" > spring </wordcount>
    <wordcount weight="2" > such </wordcount>
    <wordcount weight="2" > subspecies </wordcount>
    <wordcount weight="2" > requirements </wordcount>
    <wordcount weight="2" > pretreatment </wordcount>
    <wordcount weight="2" > clear </wordcount>
    <wordcount weight="2" > relative </wordcount>
    <wordcount weight="2" > since </wordcount>
    <wordcount weight="2" > decrease </wordcount>
    <wordcount weight="2" > t </wordcount>
    <wordcount weight="2" > although </wordcount>
    <wordcount weight="2" > correlated </wordcount>
    <wordcount weight="2" > excavations </wordcount>
    <wordcount weight="2" > period </wordcount>
    <wordcount weight="2" > so </wordcount>
    <wordcount weight="2" > suggest </wordcount>
    <wordcount weight="2" > possible </wordcount>
    <wordcount weight="2" > collected </wordcount>
    <wordcount weight="2" > latter </wordcount>
    <wordcount weight="2" > herman </wordcount>
    <wordcount weight="2" > dried </wordcount>
    <wordcount weight="2" > cooler </wordcount>
    <wordcount weight="2" > characteristics </wordcount>
    <wordcount weight="2" > sufficient </wordcount>
    <wordcount weight="2" > june </wordcount>
    <wordcount weight="2" > gradients </wordcount>
    <wordcount weight="2" > drying </wordcount>
    <wordcount weight="2" > young </wordcount>
    <wordcount weight="2" > become </wordcount>
    <wordcount weight="2" > decline </wordcount>
    <wordcount weight="2" > left </wordcount>
    <wordcount weight="2" > respond </wordcount>
    <wordcount weight="2" > single </wordcount>
    <wordcount weight="2" > leaf </wordcount>
    <wordcount weight="2" > sci </wordcount>
    <wordcount weight="2" > annual </wordcount>
    <wordcount weight="2" > slightly </wordcount>
    <wordcount weight="2" > apparently </wordcount>
    <wordcount weight="2" > observed </wordcount>
    <wordcount weight="2" > drop </wordcount>
    <wordcount weight="2" > climates </wordcount>
    <wordcount weight="2" > adaptive </wordcount>
    <wordcount weight="2" > pines </wordcount>
    <wordcount weight="2" > montane </wordcount>
    <wordcount weight="2" > dates </wordcount>
    <wordcount weight="2" > delayed </wordcount>
    <wordcount weight="2" > rates </wordcount>
    <wordcount weight="1" > subsequently </wordcount>
    <wordcount weight="1" > redlands </wordcount>
    <wordcount weight="1" > span </wordcount>
    <wordcount weight="1" > regrowth </wordcount>
    <wordcount weight="1" > f </wordcount>
    <wordcount weight="1" > maxielevation </wordcount>
    <wordcount weight="1" > suggestion </wordcount>
    <wordcount weight="1" > explanations </wordcount>
    <wordcount weight="1" > availability </wordcount>
    <wordcount weight="1" > related </wordcount>
    <wordcount weight="1" > o </wordcount>
    <wordcount weight="1" > situation </wordcount>
    <wordcount weight="1" > york </wordcount>
    <wordcount weight="1" > equals </wordcount>
    <wordcount weight="1" > altenuata </wordcount>
    <wordcount weight="1" > continued </wordcount>
    <wordcount weight="1" > provide </wordcount>
    <wordcount weight="1" > avoiding </wordcount>
    <wordcount weight="1" > if </wordcount>
    <wordcount weight="1" > subjected </wordcount>
    <wordcount weight="1" > rev </wordcount>
    <wordcount weight="1" > foil </wordcount>
    <wordcount weight="1" > cessation </wordcount>
    <wordcount weight="1" > five </wordcount>
    <wordcount weight="1" > negatively </wordcount>
    <wordcount weight="1" > positions </wordcount>
    <wordcount weight="1" > designated </wordcount>
    <wordcount weight="1" > tech </wordcount>
    <wordcount weight="1" > briggs </wordcount>
    <wordcount weight="1" > altitude </wordcount>
    <wordcount weight="1" > genecology </wordcount>
    <wordcount weight="1" > weighings </wordcount>
    <wordcount weight="1" > affected </wordcount>
    <wordcount weight="1" > frost </wordcount>
    <wordcount weight="1" > dep </wordcount>
    <wordcount weight="1" > drops </wordcount>
    <wordcount weight="1" > determine </wordcount>
    <wordcount weight="1" > pliambertiana </wordcount>
    <wordcount weight="1" > responding </wordcount>
    <wordcount weight="1" > who </wordcount>
    <wordcount weight="1" > success </wordcount>
    <wordcount weight="1" > april </wordcount>
    <wordcount weight="1" > prove </wordcount>
    <wordcount weight="1" > converted </wordcount>
    <wordcount weight="1" > whatever </wordcount>
    <wordcount weight="1" > seen </wordcount>
    <wordcount weight="1" > progressively </wordcount>
    <wordcount weight="1" > still </wordcount>
    <wordcount weight="1" > pointed </wordcount>
    <wordcount weight="1" > tissue </wordcount>
    <wordcount weight="1" > introduction </wordcount>
    <wordcount weight="1" > upward </wordcount>
    <wordcount weight="1" > stands </wordcount>
    <wordcount weight="1" > determining </wordcount>
    <wordcount weight="1" > slower </wordcount>
    <wordcount weight="1" > claimed </wordcount>
    <wordcount weight="1" > surviving </wordcount>
    <wordcount weight="1" > ecological </wordcount>
    <wordcount weight="1" > connected </wordcount>
    <wordcount weight="1" > life </wordcount>
    <wordcount weight="1" > thirteen </wordcount>
    <wordcount weight="1" > susceptibility </wordcount>
    <wordcount weight="1" > similar </wordcount>
    <wordcount weight="1" > fact </wordcount>
    <wordcount weight="1" > just </wordcount>
    <wordcount weight="1" > viewed </wordcount>
    <wordcount weight="1" > large </wordcount>
    <wordcount weight="1" > easily </wordcount>
    <wordcount weight="1" > keijger </wordcount>
    <wordcount weight="1" > class </wordcount>
    <wordcount weight="1" > methods </wordcount>
    <wordcount weight="1" > gratefully </wordcount>
    <wordcount weight="1" > causative </wordcount>
    <wordcount weight="1" > percentage </wordcount>
    <wordcount weight="1" > suction </wordcount>
    <wordcount weight="1" > summarized </wordcount>
    <wordcount weight="1" > grade </wordcount>
    <wordcount weight="1" > united </wordcount>
    <wordcount weight="1" > once </wordcount>
    <wordcount weight="1" > referring </wordcount>
    <wordcount weight="1" > likely </wordcount>
    <wordcount weight="1" > aspects </wordcount>
    <wordcount weight="1" > diff </wordcount>
    <wordcount weight="1" > ing </wordcount>
    <wordcount weight="1" > tolerated </wordcount>
    <wordcount weight="1" > supporting </wordcount>
    <wordcount weight="1" > sets </wordcount>
    <wordcount weight="1" > measured </wordcount>
    <wordcount weight="1" > types </wordcount>
    <wordcount weight="1" > thought </wordcount>
    <wordcount weight="1" > completely </wordcount>
    <wordcount weight="1" > push </wordcount>
    <wordcount weight="1" > examined </wordcount>
    <wordcount weight="1" > machlis </wordcount>
    <wordcount weight="1" > perished </wordcount>
    <wordcount weight="1" > injury </wordcount>
    <wordcount weight="1" > flush </wordcount>
    <wordcount weight="1" > parentheses </wordcount>
    <wordcount weight="1" > environment </wordcount>
    <wordcount weight="1" > lethal </wordcount>
    <wordcount weight="1" > attain </wordcount>
    <wordcount weight="1" > undisturbed </wordcount>
    <wordcount weight="1" > tmaxi </wordcount>
    <wordcount weight="1" > acknowledgments </wordcount>
    <wordcount weight="1" > soon </wordcount>
    <wordcount weight="1" > buried </wordcount>
    <wordcount weight="1" > earliest </wordcount>
    <wordcount weight="1" > calif </wordcount>
    <wordcount weight="1" > gardner </wordcount>
    <wordcount weight="1" > university </wordcount>
    <wordcount weight="1" > consider </wordcount>
    <wordcount weight="1" > fast </wordcount>
    <wordcount weight="1" > burned </wordcount>
    <wordcount weight="1" > specimens </wordcount>
    <wordcount weight="1" > idaho </wordcount>
    <wordcount weight="1" > causation </wordcount>
    <wordcount weight="1" > severity </wordcount>
    <wordcount weight="1" > presents </wordcount>
    <wordcount weight="1" > occurred </wordcount>
    <wordcount weight="1" > total </wordcount>
    <wordcount weight="1" > branch </wordcount>
    <wordcount weight="1" > positively </wordcount>
    <wordcount weight="1" > light </wordcount>
    <wordcount weight="1" > assistance </wordcount>
    <wordcount weight="1" > proposed </wordcount>
    <wordcount weight="1" > knocked </wordcount>
    <wordcount weight="1" > performed </wordcount>
    <wordcount weight="1" > shallowly </wordcount>
    <wordcount weight="1" > receiving </wordcount>
    <wordcount weight="1" > invariably </wordcount>
    <wordcount weight="1" > warmth </wordcount>
    <wordcount weight="1" > given </wordcount>
    <wordcount weight="1" > illustrated </wordcount>
    <wordcount weight="1" > measurements </wordcount>
    <wordcount weight="1" > gay </wordcount>
    <wordcount weight="1" > most </wordcount>
    <wordcount weight="1" > show </wordcount>
    <wordcount weight="1" > department </wordcount>
    <wordcount weight="1" > reports </wordcount>
    <wordcount weight="1" > fluctuations </wordcount>
    <wordcount weight="1" > wire </wordcount>
    <wordcount weight="1" > determiners </wordcount>
    <wordcount weight="1" > substrate </wordcount>
    <wordcount weight="1" > shorter </wordcount>
    <wordcount weight="1" > rise </wordcount>
    <wordcount weight="1" > n </wordcount>
    <wordcount weight="1" > known </wordcount>
    <wordcount weight="1" > subsp </wordcount>
    <wordcount weight="1" > sistent </wordcount>
    <wordcount weight="1" > inversion </wordcount>
    <wordcount weight="1" > zonation </wordcount>
    <wordcount weight="1" > cage </wordcount>
    <wordcount weight="1" > stressed </wordcount>
    <wordcount weight="1" > present </wordcount>
    <wordcount weight="1" > us </wordcount>
    <wordcount weight="1" > substantiated </wordcount>
    <wordcount weight="1" > alttenuata </wordcount>
    <wordcount weight="1" > hazlet </wordcount>
    <wordcount weight="1" > certainly </wordcount>
    <wordcount weight="1" > commonly </wordcount>
    <wordcount weight="1" > support </wordcount>
    <wordcount weight="1" > attenuala </wordcount>
    <wordcount weight="1" > sums </wordcount>
    <wordcount weight="1" > populations </wordcount>
    <wordcount weight="1" > permanent </wordcount>
    <wordcount weight="1" > here </wordcount>
    <wordcount weight="1" > firmly </wordcount>
    <wordcount weight="1" > dormancy </wordcount>
    <wordcount weight="1" > technique </wordcount>
    <wordcount weight="1" > give </wordcount>
    <wordcount weight="1" > forty </wordcount>
    <wordcount weight="1" > taken </wordcount>
    <wordcount weight="1" > quickly </wordcount>
    <wordcount weight="1" > coincide </wordcount>
    <wordcount weight="1" > might </wordcount>
    <wordcount weight="1" > natural </wordcount>
    <wordcount weight="1" > appear </wordcount>
    <wordcount weight="1" > available </wordcount>
    <wordcount weight="1" > develops </wordcount>
    <wordcount weight="1" > around </wordcount>
    <wordcount weight="1" > promoting </wordcount>
    <wordcount weight="1" > control </wordcount>
    <wordcount weight="1" > rainfall </wordcount>
    <wordcount weight="1" > addition </wordcount>
    <wordcount weight="1" > experienced </wordcount>
    <wordcount weight="1" > many </wordcount>
    <wordcount weight="1" > descriptive </wordcount>
    <wordcount weight="1" > ranges </wordcount>
    <wordcount weight="1" > nature </wordcount>
    <wordcount weight="1" > bouyoucos </wordcount>
    <wordcount weight="1" > grid </wordcount>
    <wordcount weight="1" > wooden </wordcount>
    <wordcount weight="1" > closely </wordcount>
    <wordcount weight="1" > strip </wordcount>
    <wordcount weight="1" > containing </wordcount>
    <wordcount weight="1" > based </wordcount>
    <wordcount weight="1" > denostoma </wordcount>
    <wordcount weight="1" > demonstrate </wordcount>
    <wordcount weight="1" > attenata </wordcount>
    <wordcount weight="1" > allow </wordcount>
    <wordcount weight="1" > areas </wordcount>
    <wordcount weight="1" > regions </wordcount>
    <wordcount weight="1" > assess </wordcount>
    <wordcount weight="1" > advantage </wordcount>
    <wordcount weight="1" > tolerate </wordcount>
    <wordcount weight="1" > parameters </wordcount>
    <wordcount weight="1" > holds </wordcount>
    <wordcount weight="1" > warm </wordcount>
    <wordcount weight="1" > inherent </wordcount>
    <wordcount weight="1" > hottest </wordcount>
    <wordcount weight="1" > expense </wordcount>
    <wordcount weight="1" > begun </wordcount>
    <wordcount weight="1" > half </wordcount>
    <wordcount weight="1" > called </wordcount>
    <wordcount weight="1" > attenuactc </wordcount>
    <wordcount weight="1" > abstract </wordcount>
    <wordcount weight="1" > thank </wordcount>
    <wordcount weight="1" > access </wordcount>
    <wordcount weight="1" > four </wordcount>
    <wordcount weight="1" > sylvestris </wordcount>
    <wordcount weight="1" > foundation </wordcount>
    <wordcount weight="1" > ferrell </wordcount>
    <wordcount weight="1" > concurrently </wordcount>
    <wordcount weight="1" > enable </wordcount>
    <wordcount weight="1" > squillace </wordcount>
    <wordcount weight="1" > er </wordcount>
    <wordcount weight="1" > relation </wordcount>
    <wordcount weight="1" > sowings </wordcount>
    <wordcount weight="1" > end </wordcount>
    <wordcount weight="1" > seedings </wordcount>
    <wordcount weight="1" > while </wordcount>
    <wordcount weight="1" > pinits </wordcount>
    <wordcount weight="1" > noting </wordcount>
    <wordcount weight="1" > palo </wordcount>
    <wordcount weight="1" > weekly </wordcount>
    <wordcount weight="1" > identical </wordcount>
    <wordcount weight="1" > elsewhere </wordcount>
    <wordcount weight="1" > attenuated </wordcount>
    <wordcount weight="1" > feature </wordcount>
    <wordcount weight="1" > respects </wordcount>
    <wordcount weight="1" > last </wordcount>
    <wordcount weight="1" > cie </wordcount>
    <wordcount weight="1" > state </wordcount>
    <wordcount weight="1" > greenhousegrown </wordcount>
    <wordcount weight="1" > maxima </wordcount>
    <wordcount weight="1" > greatly </wordcount>
    <wordcount weight="1" > do </wordcount>
    <wordcount weight="1" > ann </wordcount>
    <wordcount weight="1" > iambertiana </wordcount>
    <wordcount weight="1" > principal </wordcount>
    <wordcount weight="1" > robert </wordcount>
    <wordcount weight="1" > traced </wordcount>
    <wordcount weight="1" > contrasting </wordcount>
    <wordcount weight="1" > according </wordcount>
    <wordcount weight="1" > surely </wordcount>
    <wordcount weight="1" > killed </wordcount>
    <wordcount weight="1" > decreased </wordcount>
    <wordcount weight="1" > depleted </wordcount>
    <wordcount weight="1" > receive </wordcount>
    <wordcount weight="1" > advances </wordcount>
    <wordcount weight="1" > what </wordcount>
    <wordcount weight="1" > vary </wordcount>
    <wordcount weight="1" > essentially </wordcount>
    <wordcount weight="1" > sheet </wordcount>
    <wordcount weight="1" > reproduce </wordcount>
    <wordcount weight="1" > within </wordcount>
    <wordcount weight="1" > carefully </wordcount>
    <wordcount weight="1" > orchardgrass </wordcount>
    <wordcount weight="1" > stopped </wordcount>
    <wordcount weight="1" > combined </wordcount>
    <wordcount weight="1" > elevationally </wordcount>
    <wordcount weight="1" > papers </wordcount>
    <wordcount weight="1" > rose </wordcount>
    <wordcount weight="1" > terms </wordcount>
    <wordcount weight="1" > environments </wordcount>
    <wordcount weight="1" > form </wordcount>
    <wordcount weight="1" > less </wordcount>
    <wordcount weight="1" > ones </wordcount>
    <wordcount weight="1" > growing </wordcount>
    <wordcount weight="1" > cause </wordcount>
    <wordcount weight="1" > acknowledged </wordcount>
    <wordcount weight="1" > lambertian </wordcount>
    <wordcount weight="1" > necessary </wordcount>
    <wordcount weight="1" > otherwise </wordcount>
    <wordcount weight="1" > franco </wordcount>
    <wordcount weight="1" > parallels </wordcount>
    <wordcount weight="1" > corresponded </wordcount>
    <wordcount weight="1" > explain </wordcount>
    <wordcount weight="1" > required </wordcount>
    <wordcount weight="1" > ceased </wordcount>
    <wordcount weight="1" > slowed </wordcount>
    <wordcount weight="1" > find </wordcount>
    <wordcount weight="1" > wide </wordcount>
    <wordcount weight="1" > extend </wordcount>
    <wordcount weight="1" > coulteria </wordcount>
    <wordcount weight="1" > hr </wordcount>
    <wordcount weight="1" > longest </wordcount>
    <wordcount weight="1" > number </wordcount>
    <wordcount weight="1" > sought </wordcount>
    <wordcount weight="1" > governing </wordcount>
    <wordcount weight="1" > conditioned </wordcount>
    <wordcount weight="1" > gm </wordcount>
    <wordcount weight="1" > moistures </wordcount>
    <wordcount weight="1" > value </wordcount>
    <wordcount weight="1" > science </wordcount>
    <wordcount weight="1" > insensitive </wordcount>
    <wordcount weight="1" > bull </wordcount>
    <wordcount weight="1" > changed </wordcount>
    <wordcount weight="1" > wrapped </wordcount>
    <wordcount weight="1" > agr </wordcount>
    <wordcount weight="1" > installed </wordcount>
    <wordcount weight="1" > dormant </wordcount>
    <wordcount weight="1" > another </wordcount>
    <wordcount weight="1" > influenced </wordcount>
    <wordcount weight="1" > thunderstorms </wordcount>
    <wordcount weight="1" > entirely </wordcount>
    <wordcount weight="1" > phenomena </wordcount>
    <wordcount weight="1" > basis </wordcount>
    <wordcount weight="1" > greatest </wordcount>
    <wordcount weight="1" > revealed </wordcount>
    <wordcount weight="1" > tagged </wordcount>
    <wordcount weight="1" > used </wordcount>
    <wordcount weight="1" > discussion </wordcount>
    <wordcount weight="1" > averaged </wordcount>
    <wordcount weight="1" > lowtemperature </wordcount>
    <wordcount weight="1" > middle </wordcount>
    <wordcount weight="1" > reaching </wordcount>
    <wordcount weight="1" > finished </wordcount>
    <wordcount weight="1" > minimizing </wordcount>
    <wordcount weight="1" > intense </wordcount>
    <wordcount weight="1" > survive </wordcount>
    <wordcount weight="1" > lost </wordcount>
    <wordcount weight="1" > crudely </wordcount>
    <wordcount weight="1" > shielded </wordcount>
    <wordcount weight="1" > background </wordcount>
    <wordcount weight="1" > treated </wordcount>
    <wordcount weight="1" > fluctuation </wordcount>
    <wordcount weight="1" > little </wordcount>
    <wordcount weight="1" > completed </wordcount>
    <wordcount weight="1" > graph </wordcount>
    <wordcount weight="1" > tops </wordcount>
    <wordcount weight="1" > escape </wordcount>
    <wordcount weight="1" > flank </wordcount>
    <wordcount weight="1" > pinusattenuata </wordcount>
    <wordcount weight="1" > future </wordcount>
    <wordcount weight="1" > community </wordcount>
    <wordcount weight="1" > delay </wordcount>
    <wordcount weight="1" > arctostaphylos </wordcount>
    <wordcount weight="1" > accounting </wordcount>
    <wordcount weight="1" > attenuatc </wordcount>
    <wordcount weight="1" > mum </wordcount>
    <wordcount weight="1" > part </wordcount>
    <wordcount weight="1" > indicating </wordcount>
    <wordcount weight="1" > presumptive </wordcount>
    <wordcount weight="1" > simulating </wordcount>
    <wordcount weight="1" > sufficiently </wordcount>
    <wordcount weight="1" > dynamic </wordcount>
    <wordcount weight="1" > genetic </wordcount>
    <wordcount weight="1" > confined </wordcount>
    <wordcount weight="1" > arbitrarily </wordcount>
    <wordcount weight="1" > equivalent </wordcount>
    <wordcount weight="1" > decreasing </wordcount>
    <wordcount weight="1" > die </wordcount>
    <wordcount weight="1" > underwatered </wordcount>
    <wordcount weight="1" > occur </wordcount>
    <wordcount weight="1" > localized </wordcount>
    <wordcount weight="1" > spite </wordcount>
    <wordcount weight="1" > out </wordcount>
    <wordcount weight="1" > significant </wordcount>
    <wordcount weight="1" > vertically </wordcount>
    <wordcount weight="1" > gave </wordcount>
    <wordcount weight="1" > unit </wordcount>
    <wordcount weight="1" > contribute </wordcount>
    <wordcount weight="1" > theirs </wordcount>
    <wordcount weight="1" > consistently </wordcount>
    <wordcount weight="1" > largely </wordcount>
    <wordcount weight="1" > behavior </wordcount>
    <wordcount weight="1" > factor </wordcount>
    <wordcount weight="1" > causes </wordcount>
    <wordcount weight="1" > controlled </wordcount>
    <wordcount weight="1" > shrubs </wordcount>
    <wordcount weight="1" > constitute </wordcount>
    <wordcount weight="1" > immediately </wordcount>
    <wordcount weight="1" > snow </wordcount>
    <wordcount weight="1" > markedly </wordcount>
    <wordcount weight="1" > hardiness </wordcount>
    <wordcount weight="1" > net </wordcount>
    <wordcount weight="1" > survey </wordcount>
    <wordcount weight="1" > soils </wordcount>
    <wordcount weight="1" > endeavor </wordcount>
    <wordcount weight="1" > possessing </wordcount>
    <wordcount weight="1" > varied </wordcount>
    <wordcount weight="1" > physiology </wordcount>
    <wordcount weight="1" > like </wordcount>
    <wordcount weight="1" > improbable </wordcount>
    <wordcount weight="1" > past </wordcount>
    <wordcount weight="1" > national </wordcount>
    <wordcount weight="1" > sylrestris </wordcount>
    <wordcount weight="1" > susceptible </wordcount>
    <wordcount weight="1" > previous </wordcount>
    <wordcount weight="1" > review </wordcount>
    <wordcount weight="1" > reflect </wordcount>
    <wordcount weight="1" > moistness </wordcount>
    <wordcount weight="1" > employed </wordcount>
    <wordcount weight="1" > southwestern </wordcount>
    <wordcount weight="1" > until </wordcount>
    <wordcount weight="1" > expect </wordcount>
    <wordcount weight="1" > described </wordcount>
    <wordcount weight="1" > subsequent </wordcount>
    <wordcount weight="1" > spacing </wordcount>
    <wordcount weight="1" > dactylis </wordcount>
    <wordcount weight="1" > quickest </wordcount>
    <wordcount weight="1" > interpreted </wordcount>
    <wordcount weight="1" > elongate </wordcount>
    <wordcount weight="1" > sensitivity </wordcount>
    <wordcount weight="1" > strikingly </wordcount>
    <wordcount weight="1" > morphological </wordcount>
    <wordcount weight="1" > potting </wordcount>
    <wordcount weight="1" > beyond </wordcount>
    <wordcount weight="1" > transpired </wordcount>
    <wordcount weight="1" > precipitation </wordcount>
    <wordcount weight="1" > good </wordcount>
    <wordcount weight="1" > characteristic </wordcount>
    <wordcount weight="1" > co </wordcount>
    <wordcount weight="1" > relatively </wordcount>
    <wordcount weight="1" > evidently </wordcount>
    <wordcount weight="1" > august </wordcount>
    <wordcount weight="1" > excavated </wordcount>
    <wordcount weight="1" > individual </wordcount>
    <wordcount weight="1" > times </wordcount>
    <wordcount weight="1" > tofl </wordcount>
    <wordcount weight="1" > grown </wordcount>
    <wordcount weight="1" > allowed </wordcount>
    <wordcount weight="1" > successful </wordcount>
    <wordcount weight="1" > proceeding </wordcount>
    <wordcount weight="1" > enabling </wordcount>
    <wordcount weight="1" > characteristically </wordcount>
    <wordcount weight="1" > provenance </wordcount>
    <wordcount weight="1" > coillleri </wordcount>
    <wordcount weight="1" > cold </wordcount>
    <wordcount weight="1" > drier </wordcount>
    <wordcount weight="1" > taproot </wordcount>
    <wordcount weight="1" > crimped </wordcount>
    <wordcount weight="1" > holes </wordcount>
    <wordcount weight="1" > sands </wordcount>
    <wordcount weight="1" > promote </wordcount>
    <wordcount weight="1" > z </wordcount>
    <wordcount weight="1" > forced </wordcount>
    <wordcount weight="1" > order </wordcount>
    <wordcount weight="1" > exhausted </wordcount>
    <wordcount weight="1" > imposition </wordcount>
    <wordcount weight="1" > aluminum </wordcount>
    <wordcount weight="1" > thing </wordcount>
    <wordcount weight="1" > melted </wordcount>
    <wordcount weight="1" > rank </wordcount>
    <wordcount weight="1" > transpires </wordcount>
    <wordcount weight="1" > quite </wordcount>
    <wordcount weight="1" > cases </wordcount>
    <wordcount weight="1" > measure </wordcount>
    <wordcount weight="1" > provides </wordcount>
    <wordcount weight="1" > segment </wordcount>
    <wordcount weight="1" > emerging </wordcount>
    <wordcount weight="1" > remains </wordcount>
    <wordcount weight="1" > old </wordcount>
    <wordcount weight="1" > glandulosa </wordcount>
    <wordcount weight="1" > overshadowed </wordcount>
    <wordcount weight="1" > small </wordcount>
    <wordcount weight="1" > evident </wordcount>
    <wordcount weight="1" > keyed </wordcount>
    <wordcount weight="1" > academic </wordcount>
    <wordcount weight="1" > conifer </wordcount>
    <wordcount weight="1" > few </wordcount>
    <wordcount weight="1" > amount </wordcount>
    <wordcount weight="1" > contrary </wordcount>
    <wordcount weight="1" > highly </wordcount>
    <wordcount weight="1" > k </wordcount>
    <wordcount weight="1" > supplies </wordcount>
    <wordcount weight="1" > penetrated </wordcount>
    <wordcount weight="1" > distinctions </wordcount>
    <wordcount weight="1" > restrict </wordcount>
    <wordcount weight="1" > lusitanica </wordcount>
    <wordcount weight="1" > cragg </wordcount>
    <wordcount weight="1" > ton </wordcount>
    <wordcount weight="1" > combination </wordcount>
    <wordcount weight="1" > research </wordcount>
    <wordcount weight="1" > chamise </wordcount>
    <wordcount weight="1" > desired </wordcount>
    <wordcount weight="1" > compared </wordcount>
    <wordcount weight="1" > conclude </wordcount>
    <wordcount weight="1" > third </wordcount>
    <wordcount weight="1" > twice </wordcount>
    <wordcount weight="1" > cardinal </wordcount>
    <wordcount weight="1" > ranking </wordcount>
    <wordcount weight="1" > lowered </wordcount>
    <wordcount weight="1" > agrees </wordcount>
    <wordcount weight="1" > hypocotyl </wordcount>
    <wordcount weight="1" > fully </wordcount>
    <wordcount weight="1" > visible </wordcount>
    <wordcount weight="1" > cease </wordcount>
    <wordcount weight="1" > drawn </wordcount>
    <wordcount weight="1" > wish </wordcount>
    <wordcount weight="1" > differ </wordcount>
    <wordcount weight="1" > southwest </wordcount>
    <wordcount weight="1" > nails </wordcount>
    <wordcount weight="1" > timely </wordcount>
    <wordcount weight="1" > northern </wordcount>
    <wordcount weight="1" > using </wordcount>
    <wordcount weight="1" > figures </wordcount>
    <wordcount weight="1" > versus </wordcount>
    <wordcount weight="1" > strong </wordcount>
    <wordcount weight="1" > horton </wordcount>
    <wordcount weight="1" > tendency </wordcount>
    <wordcount weight="1" > deeply </wordcount>
    <wordcount weight="1" > destruction </wordcount>
    <wordcount weight="1" > subjecting </wordcount>
    <wordcount weight="1" > glomerata </wordcount>
    <wordcount weight="1" > evaluated </wordcount>
    <wordcount weight="1" > basically </wordcount>
    <wordcount weight="1" > regimes </wordcount>
    <wordcount weight="1" > showed </wordcount>
    <wordcount weight="1" > influence </wordcount>
    <wordcount weight="1" > fasciculatum </wordcount>
    <wordcount weight="1" > unrelated </wordcount>
    <wordcount weight="1" > close </wordcount>
    <wordcount weight="1" > geographical </wordcount>
    <wordcount weight="1" > germiatmaion </wordcount>
    <wordcount weight="1" > spe </wordcount>
    <wordcount weight="1" > deeper </wordcount>
    <wordcount weight="1" > depths </wordcount>
    <wordcount weight="1" > clusters </wordcount>
</article>
