<?xml version="1.0" encoding="UTF-8"?>
<article id="10.2307/1217806" >
    <wordcount weight="246" > the </wordcount>
    <wordcount weight="163" > of </wordcount>
    <wordcount weight="95" > to </wordcount>
    <wordcount weight="86" > and </wordcount>
    <wordcount weight="82" > a </wordcount>
    <wordcount weight="70" > in </wordcount>
    <wordcount weight="50" > be </wordcount>
    <wordcount weight="44" > it </wordcount>
    <wordcount weight="44" > is </wordcount>
    <wordcount weight="42" > that </wordcount>
    <wordcount weight="40" > was </wordcount>
    <wordcount weight="38" > as </wordcount>
    <wordcount weight="34" > for </wordcount>
    <wordcount weight="27" > by </wordcount>
    <wordcount weight="25" > international </wordcount>
    <wordcount weight="22" > committee </wordcount>
    <wordcount weight="22" > members </wordcount>
    <wordcount weight="20" > on </wordcount>
    <wordcount weight="19" > at </wordcount>
    <wordcount weight="19" > terms </wordcount>
    <wordcount weight="19" > this </wordcount>
    <wordcount weight="19" > biosystematic </wordcount>
    <wordcount weight="18" > biosystematics </wordcount>
    <wordcount weight="16" > organization </wordcount>
    <wordcount weight="16" > iapt </wordcount>
    <wordcount weight="15" > not </wordcount>
    <wordcount weight="15" > with </wordcount>
    <wordcount weight="15" > iob </wordcount>
    <wordcount weight="14" > will </wordcount>
    <wordcount weight="14" > or </wordcount>
    <wordcount weight="14" > all </wordcount>
    <wordcount weight="14" > term </wordcount>
    <wordcount weight="13" > are </wordcount>
    <wordcount weight="12" > h </wordcount>
    <wordcount weight="12" > which </wordcount>
    <wordcount weight="12" > were </wordcount>
    <wordcount weight="12" > an </wordcount>
    <wordcount weight="11" > taxonomy </wordcount>
    <wordcount weight="11" > would </wordcount>
    <wordcount weight="11" > need </wordcount>
    <wordcount weight="10" > terminology </wordcount>
    <wordcount weight="10" > there </wordcount>
    <wordcount weight="10" > information </wordcount>
    <wordcount weight="10" > although </wordcount>
    <wordcount weight="9" > biosystematists </wordcount>
    <wordcount weight="9" > from </wordcount>
    <wordcount weight="9" > made </wordcount>
    <wordcount weight="9" > its </wordcount>
    <wordcount weight="8" > these </wordcount>
    <wordcount weight="8" > being </wordcount>
    <wordcount weight="8" > first </wordcount>
    <wordcount weight="8" > also </wordcount>
    <wordcount weight="8" > out </wordcount>
    <wordcount weight="8" > used </wordcount>
    <wordcount weight="8" > such </wordcount>
    <wordcount weight="8" > plant </wordcount>
    <wordcount weight="7" > no </wordcount>
    <wordcount weight="7" > been </wordcount>
    <wordcount weight="7" > studies </wordcount>
    <wordcount weight="7" > section </wordcount>
    <wordcount weight="7" > same </wordcount>
    <wordcount weight="7" > only </wordcount>
    <wordcount weight="7" > name </wordcount>
    <wordcount weight="7" > agreed </wordcount>
    <wordcount weight="7" > since </wordcount>
    <wordcount weight="7" > meeting </wordcount>
    <wordcount weight="6" > executive </wordcount>
    <wordcount weight="6" > following </wordcount>
    <wordcount weight="6" > article </wordcount>
    <wordcount weight="6" > pointed </wordcount>
    <wordcount weight="6" > ought </wordcount>
    <wordcount weight="6" > proposed </wordcount>
    <wordcount weight="6" > botanical </wordcount>
    <wordcount weight="6" > some </wordcount>
    <wordcount weight="6" > use </wordcount>
    <wordcount weight="6" > has </wordcount>
    <wordcount weight="6" > taxonomic </wordcount>
    <wordcount weight="6" > decided </wordcount>
    <wordcount weight="6" > field </wordcount>
    <wordcount weight="6" > valentine </wordcount>
    <wordcount weight="5" > he </wordcount>
    <wordcount weight="5" > bocher </wordcount>
    <wordcount weight="5" > one </wordcount>
    <wordcount weight="5" > study </wordcount>
    <wordcount weight="5" > experimental </wordcount>
    <wordcount weight="5" > w </wordcount>
    <wordcount weight="5" > membership </wordcount>
    <wordcount weight="5" > other </wordcount>
    <wordcount weight="5" > discussed </wordcount>
    <wordcount weight="5" > present </wordcount>
    <wordcount weight="5" > list </wordcount>
    <wordcount weight="5" > because </wordcount>
    <wordcount weight="5" > heywood </wordcount>
    <wordcount weight="5" > possible </wordcount>
    <wordcount weight="5" > data </wordcount>
    <wordcount weight="5" > discussion </wordcount>
    <wordcount weight="5" > new </wordcount>
    <wordcount weight="5" > approach </wordcount>
    <wordcount weight="5" > regular </wordcount>
    <wordcount weight="5" > le </wordcount>
    <wordcount weight="5" > association </wordcount>
    <wordcount weight="5" > preliminary </wordcount>
    <wordcount weight="4" > if </wordcount>
    <wordcount weight="4" > they </wordcount>
    <wordcount weight="4" > about </wordcount>
    <wordcount weight="4" > most </wordcount>
    <wordcount weight="4" > t </wordcount>
    <wordcount weight="4" > love </wordcount>
    <wordcount weight="4" > more </wordcount>
    <wordcount weight="4" > opinion </wordcount>
    <wordcount weight="4" > had </wordcount>
    <wordcount weight="4" > could </wordcount>
    <wordcount weight="4" > report </wordcount>
    <wordcount weight="4" > comparative </wordcount>
    <wordcount weight="4" > better </wordcount>
    <wordcount weight="4" > v </wordcount>
    <wordcount weight="4" > ecotype </wordcount>
    <wordcount weight="4" > felt </wordcount>
    <wordcount weight="4" > recommended </wordcount>
    <wordcount weight="4" > work </wordcount>
    <wordcount weight="4" > glossary </wordcount>
    <wordcount weight="4" > example </wordcount>
    <wordcount weight="4" > have </wordcount>
    <wordcount weight="4" > publication </wordcount>
    <wordcount weight="4" > regarded </wordcount>
    <wordcount weight="4" > held </wordcount>
    <wordcount weight="4" > their </wordcount>
    <wordcount weight="4" > d </wordcount>
    <wordcount weight="4" > so </wordcount>
    <wordcount weight="4" > general </wordcount>
    <wordcount weight="4" > fees </wordcount>
    <wordcount weight="4" > favarger </wordcount>
    <wordcount weight="4" > few </wordcount>
    <wordcount weight="4" > between </wordcount>
    <wordcount weight="4" > like </wordcount>
    <wordcount weight="4" > those </wordcount>
    <wordcount weight="4" > much </wordcount>
    <wordcount weight="4" > should </wordcount>
    <wordcount weight="4" > nomenclature </wordcount>
    <wordcount weight="4" > activities </wordcount>
    <wordcount weight="3" > may </wordcount>
    <wordcount weight="3" > therefore </wordcount>
    <wordcount weight="3" > card </wordcount>
    <wordcount weight="3" > meaning </wordcount>
    <wordcount weight="3" > groups </wordcount>
    <wordcount weight="3" > neuchatel </wordcount>
    <wordcount weight="3" > b </wordcount>
    <wordcount weight="3" > special </wordcount>
    <wordcount weight="3" > often </wordcount>
    <wordcount weight="3" > alexitoxicum </wordcount>
    <wordcount weight="3" > former </wordcount>
    <wordcount weight="3" > consider </wordcount>
    <wordcount weight="3" > but </wordcount>
    <wordcount weight="3" > must </wordcount>
    <wordcount weight="3" > par </wordcount>
    <wordcount weight="3" > two </wordcount>
    <wordcount weight="3" > generic </wordcount>
    <wordcount weight="3" > lewis </wordcount>
    <wordcount weight="3" > interested </wordcount>
    <wordcount weight="3" > spontaneous </wordcount>
    <wordcount weight="3" > many </wordcount>
    <wordcount weight="3" > available </wordcount>
    <wordcount weight="3" > time </wordcount>
    <wordcount weight="3" > assembled </wordcount>
    <wordcount weight="3" > grec </wordcount>
    <wordcount weight="3" > i </wordcount>
    <wordcount weight="3" > centre </wordcount>
    <wordcount weight="3" > them </wordcount>
    <wordcount weight="3" > meetings </wordcount>
    <wordcount weight="3" > form </wordcount>
    <wordcount weight="3" > turesson </wordcount>
    <wordcount weight="3" > publications </wordcount>
    <wordcount weight="3" > difficulties </wordcount>
    <wordcount weight="3" > merxmiiller </wordcount>
    <wordcount weight="3" > preferred </wordcount>
    <wordcount weight="3" > code </wordcount>
    <wordcount weight="3" > invited </wordcount>
    <wordcount weight="3" > original </wordcount>
    <wordcount weight="3" > congress </wordcount>
    <wordcount weight="3" > de </wordcount>
    <wordcount weight="3" > taxon </wordcount>
    <wordcount weight="3" > copenhagen </wordcount>
    <wordcount weight="3" > professor </wordcount>
    <wordcount weight="3" > askell </wordcount>
    <wordcount weight="3" > useful </wordcount>
    <wordcount weight="3" > after </wordcount>
    <wordcount weight="3" > latter </wordcount>
    <wordcount weight="3" > problems </wordcount>
    <wordcount weight="3" > iubs </wordcount>
    <wordcount weight="3" > up </wordcount>
    <wordcount weight="3" > seed </wordcount>
    <wordcount weight="3" > communication </wordcount>
    <wordcount weight="3" > livkvist </wordcount>
    <wordcount weight="3" > than </wordcount>
    <wordcount weight="3" > claude </wordcount>
    <wordcount weight="2" > bureau </wordcount>
    <wordcount weight="2" > common </wordcount>
    <wordcount weight="2" > way </wordcount>
    <wordcount weight="2" > rather </wordcount>
    <wordcount weight="2" > aim </wordcount>
    <wordcount weight="2" > result </wordcount>
    <wordcount weight="2" > correspondence </wordcount>
    <wordcount weight="2" > bulletin </wordcount>
    <wordcount weight="2" > e </wordcount>
    <wordcount weight="2" > etc </wordcount>
    <wordcount weight="2" > illustrating </wordcount>
    <wordcount weight="2" > make </wordcount>
    <wordcount weight="2" > liaison </wordcount>
    <wordcount weight="2" > lanjouw </wordcount>
    <wordcount weight="2" > selection </wordcount>
    <wordcount weight="2" > formed </wordcount>
    <wordcount weight="2" > mot </wordcount>
    <wordcount weight="2" > vincetoxicum </wordcount>
    <wordcount weight="2" > reference </wordcount>
    <wordcount weight="2" > means </wordcount>
    <wordcount weight="2" > under </wordcount>
    <wordcount weight="2" > considered </wordcount>
    <wordcount weight="2" > restricted </wordcount>
    <wordcount weight="2" > university </wordcount>
    <wordcount weight="2" > necessarily </wordcount>
    <wordcount weight="2" > compiled </wordcount>
    <wordcount weight="2" > organized </wordcount>
    <wordcount weight="2" > lowland </wordcount>
    <wordcount weight="2" > any </wordcount>
    <wordcount weight="2" > latin </wordcount>
    <wordcount weight="2" > elected </wordcount>
    <wordcount weight="2" > institutes </wordcount>
    <wordcount weight="2" > du </wordcount>
    <wordcount weight="2" > already </wordcount>
    <wordcount weight="2" > cytotaxonomy </wordcount>
    <wordcount weight="2" > commonly </wordcount>
    <wordcount weight="2" > said </wordcount>
    <wordcount weight="2" > published </wordcount>
    <wordcount weight="2" > des </wordcount>
    <wordcount weight="2" > concerned </wordcount>
    <wordcount weight="2" > cover </wordcount>
    <wordcount weight="2" > view </wordcount>
    <wordcount weight="2" > constitution </wordcount>
    <wordcount weight="2" > mme </wordcount>
    <wordcount weight="2" > towards </wordcount>
    <wordcount weight="2" > greater </wordcount>
    <wordcount weight="2" > regnum </wordcount>
    <wordcount weight="2" > expressed </wordcount>
    <wordcount weight="2" > speciation </wordcount>
    <wordcount weight="2" > connection </wordcount>
    <wordcount weight="2" > did </wordcount>
    <wordcount weight="2" > best </wordcount>
    <wordcount weight="2" > particularly </wordcount>
    <wordcount weight="2" > changed </wordcount>
    <wordcount weight="2" > classical </wordcount>
    <wordcount weight="2" > understandable </wordcount>
    <wordcount weight="2" > end </wordcount>
    <wordcount weight="2" > listing </wordcount>
    <wordcount weight="2" > proposals </wordcount>
    <wordcount weight="2" > merely </wordcount>
    <wordcount weight="2" > gajewski </wordcount>
    <wordcount weight="2" > existing </wordcount>
    <wordcount weight="2" > noms </wordcount>
    <wordcount weight="2" > accepted </wordcount>
    <wordcount weight="2" > veget </wordcount>
    <wordcount weight="2" > persons </wordcount>
    <wordcount weight="2" > system </wordcount>
    <wordcount weight="2" > british </wordcount>
    <wordcount weight="2" > council </wordcount>
    <wordcount weight="2" > material </wordcount>
    <wordcount weight="2" > hoped </wordcount>
    <wordcount weight="2" > substantif </wordcount>
    <wordcount weight="2" > wide </wordcount>
    <wordcount weight="2" > coined </wordcount>
    <wordcount weight="2" > number </wordcount>
    <wordcount weight="2" > another </wordcount>
    <wordcount weight="2" > recommend </wordcount>
    <wordcount weight="2" > receive </wordcount>
    <wordcount weight="2" > homozygous </wordcount>
    <wordcount weight="2" > gardens </wordcount>
    <wordcount weight="2" > replacement </wordcount>
    <wordcount weight="2" > basis </wordcount>
    <wordcount weight="2" > future </wordcount>
    <wordcount weight="2" > publish </wordcount>
    <wordcount weight="2" > examples </wordcount>
    <wordcount weight="2" > both </wordcount>
    <wordcount weight="2" > sense </wordcount>
    <wordcount weight="2" > purpose </wordcount>
    <wordcount weight="2" > establishment </wordcount>
    <wordcount weight="2" > sent </wordcount>
    <wordcount weight="2" > cited </wordcount>
    <wordcount weight="2" > radical </wordcount>
    <wordcount weight="2" > related </wordcount>
    <wordcount weight="2" > apply </wordcount>
    <wordcount weight="2" > reports </wordcount>
    <wordcount weight="2" > subject </wordcount>
    <wordcount weight="2" > continuation </wordcount>
    <wordcount weight="2" > discussions </wordcount>
    <wordcount weight="2" > during </wordcount>
    <wordcount weight="2" > definitions </wordcount>
    <wordcount weight="2" > scope </wordcount>
    <wordcount weight="2" > formation </wordcount>
    <wordcount weight="2" > montreal </wordcount>
    <wordcount weight="2" > considering </wordcount>
    <wordcount weight="2" > years </wordcount>
    <wordcount weight="2" > open </wordcount>
    <wordcount weight="2" > directed </wordcount>
    <wordcount weight="2" > good </wordcount>
    <wordcount weight="2" > botanic </wordcount>
    <wordcount weight="2" > allowed </wordcount>
    <wordcount weight="2" > registration </wordcount>
    <wordcount weight="2" > preparation </wordcount>
    <wordcount weight="2" > palaeobotanists </wordcount>
    <wordcount weight="2" > terminologies </wordcount>
    <wordcount weight="2" > neutral </wordcount>
    <wordcount weight="2" > summary </wordcount>
    <wordcount weight="2" > news </wordcount>
    <wordcount weight="2" > promote </wordcount>
    <wordcount weight="2" > methods </wordcount>
    <wordcount weight="2" > arrange </wordcount>
    <wordcount weight="2" > attending </wordcount>
    <wordcount weight="2" > become </wordcount>
    <wordcount weight="2" > c </wordcount>
    <wordcount weight="2" > lovkvist </wordcount>
    <wordcount weight="2" > can </wordcount>
    <wordcount weight="2" > always </wordcount>
    <wordcount weight="2" > annual </wordcount>
    <wordcount weight="2" > drawn </wordcount>
    <wordcount weight="2" > working </wordcount>
    <wordcount weight="2" > using </wordcount>
    <wordcount weight="2" > whenever </wordcount>
    <wordcount weight="2" > attend </wordcount>
    <wordcount weight="2" > developmental </wordcount>
    <wordcount weight="2" > attention </wordcount>
    <wordcount weight="1" > subsequently </wordcount>
    <wordcount weight="1" > observational </wordcount>
    <wordcount weight="1" > lyon </wordcount>
    <wordcount weight="1" > promised </wordcount>
    <wordcount weight="1" > difficult </wordcount>
    <wordcount weight="1" > does </wordcount>
    <wordcount weight="1" > indication </wordcount>
    <wordcount weight="1" > now </wordcount>
    <wordcount weight="1" > hybride </wordcount>
    <wordcount weight="1" > abstracting </wordcount>
    <wordcount weight="1" > furnished </wordcount>
    <wordcount weight="1" > aid </wordcount>
    <wordcount weight="1" > done </wordcount>
    <wordcount weight="1" > added </wordcount>
    <wordcount weight="1" > whose </wordcount>
    <wordcount weight="1" > remedied </wordcount>
    <wordcount weight="1" > reduced </wordcount>
    <wordcount weight="1" > m </wordcount>
    <wordcount weight="1" > revise </wordcount>
    <wordcount weight="1" > investigated </wordcount>
    <wordcount weight="1" > matter </wordcount>
    <wordcount weight="1" > prefer </wordcount>
    <wordcount weight="1" > due </wordcount>
    <wordcount weight="1" > punch </wordcount>
    <wordcount weight="1" > materials </wordcount>
    <wordcount weight="1" > independent </wordcount>
    <wordcount weight="1" > centres </wordcount>
    <wordcount weight="1" > les </wordcount>
    <wordcount weight="1" > camp </wordcount>
    <wordcount weight="1" > indicated </wordcount>
    <wordcount weight="1" > heterogenes </wordcount>
    <wordcount weight="1" > sessions </wordcount>
    <wordcount weight="1" > outbreeding </wordcount>
    <wordcount weight="1" > principally </wordcount>
    <wordcount weight="1" > logically </wordcount>
    <wordcount weight="1" > arising </wordcount>
    <wordcount weight="1" > generous </wordcount>
    <wordcount weight="1" > short </wordcount>
    <wordcount weight="1" > gilmour </wordcount>
    <wordcount weight="1" > practical </wordcount>
    <wordcount weight="1" > service </wordcount>
    <wordcount weight="1" > obtained </wordcount>
    <wordcount weight="1" > debated </wordcount>
    <wordcount weight="1" > ready </wordcount>
    <wordcount weight="1" > separated </wordcount>
    <wordcount weight="1" > reste </wordcount>
    <wordcount weight="1" > play </wordcount>
    <wordcount weight="1" > en </wordcount>
    <wordcount weight="1" > resulted </wordcount>
    <wordcount weight="1" > observer </wordcount>
    <wordcount weight="1" > proscrire </wordcount>
    <wordcount weight="1" > int </wordcount>
    <wordcount weight="1" > polyploids </wordcount>
    <wordcount weight="1" > statutes </wordcount>
    <wordcount weight="1" > referred </wordcount>
    <wordcount weight="1" > who </wordcount>
    <wordcount weight="1" > lost </wordcount>
    <wordcount weight="1" > un </wordcount>
    <wordcount weight="1" > ce </wordcount>
    <wordcount weight="1" > secretary </wordcount>
    <wordcount weight="1" > botanique </wordcount>
    <wordcount weight="1" > still </wordcount>
    <wordcount weight="1" > above </wordcount>
    <wordcount weight="1" > preferable </wordcount>
    <wordcount weight="1" > manuscript </wordcount>
    <wordcount weight="1" > distributed </wordcount>
    <wordcount weight="1" > appears </wordcount>
    <wordcount weight="1" > tyge </wordcount>
    <wordcount weight="1" > certain </wordcount>
    <wordcount weight="1" > taxonomists </wordcount>
    <wordcount weight="1" > whereby </wordcount>
    <wordcount weight="1" > needed </wordcount>
    <wordcount weight="1" > replaced </wordcount>
    <wordcount weight="1" > subsection </wordcount>
    <wordcount weight="1" > qui </wordcount>
    <wordcount weight="1" > hold </wordcount>
    <wordcount weight="1" > ix </wordcount>
    <wordcount weight="1" > biological </wordcount>
    <wordcount weight="1" > feel </wordcount>
    <wordcount weight="1" > achieve </wordcount>
    <wordcount weight="1" > word </wordcount>
    <wordcount weight="1" > sentence </wordcount>
    <wordcount weight="1" > cheap </wordcount>
    <wordcount weight="1" > live </wordcount>
    <wordcount weight="1" > directives </wordcount>
    <wordcount weight="1" > jargon </wordcount>
    <wordcount weight="1" > constitutes </wordcount>
    <wordcount weight="1" > edited </wordcount>
    <wordcount weight="1" > english </wordcount>
    <wordcount weight="1" > yet </wordcount>
    <wordcount weight="1" > outlining </wordcount>
    <wordcount weight="1" > concerning </wordcount>
    <wordcount weight="1" > questionnaires </wordcount>
    <wordcount weight="1" > arrangements </wordcount>
    <wordcount weight="1" > send </wordcount>
    <wordcount weight="1" > sown </wordcount>
    <wordcount weight="1" > union </wordcount>
    <wordcount weight="1" > recommendation </wordcount>
    <wordcount weight="1" > unusual </wordcount>
    <wordcount weight="1" > accident </wordcount>
    <wordcount weight="1" > acquisition </wordcount>
    <wordcount weight="1" > requiring </wordcount>
    <wordcount weight="1" > expedite </wordcount>
    <wordcount weight="1" > compilation </wordcount>
    <wordcount weight="1" > serve </wordcount>
    <wordcount weight="1" > bad </wordcount>
    <wordcount weight="1" > want </wordcount>
    <wordcount weight="1" > toxicon </wordcount>
    <wordcount weight="1" > addressed </wordcount>
    <wordcount weight="1" > place </wordcount>
    <wordcount weight="1" > objects </wordcount>
    <wordcount weight="1" > campaign </wordcount>
    <wordcount weight="1" > neither </wordcount>
    <wordcount weight="1" > index </wordcount>
    <wordcount weight="1" > sections </wordcount>
    <wordcount weight="1" > est </wordcount>
    <wordcount weight="1" > nature </wordcount>
    <wordcount weight="1" > languages </wordcount>
    <wordcount weight="1" > submitted </wordcount>
    <wordcount weight="1" > authorities </wordcount>
    <wordcount weight="1" > populations </wordcount>
    <wordcount weight="1" > before </wordcount>
    <wordcount weight="1" > complete </wordcount>
    <wordcount weight="1" > just </wordcount>
    <wordcount weight="1" > feels </wordcount>
    <wordcount weight="1" > requesting </wordcount>
    <wordcount weight="1" > participants </wordcount>
    <wordcount weight="1" > completion </wordcount>
    <wordcount weight="1" > allogamous </wordcount>
    <wordcount weight="1" > subdivisions </wordcount>
    <wordcount weight="1" > mentioned </wordcount>
    <wordcount weight="1" > version </wordcount>
    <wordcount weight="1" > frequently </wordcount>
    <wordcount weight="1" > closely </wordcount>
    <wordcount weight="1" > too </wordcount>
    <wordcount weight="1" > birje </wordcount>
    <wordcount weight="1" > show </wordcount>
    <wordcount weight="1" > indexes </wordcount>
    <wordcount weight="1" > experienced </wordcount>
    <wordcount weight="1" > constituted </wordcount>
    <wordcount weight="1" > noted </wordcount>
    <wordcount weight="1" > speaking </wordcount>
    <wordcount weight="1" > assimilated </wordcount>
    <wordcount weight="1" > major </wordcount>
    <wordcount weight="1" > expanding </wordcount>
    <wordcount weight="1" > followed </wordcount>
    <wordcount weight="1" > sufficient </wordcount>
    <wordcount weight="1" > indications </wordcount>
    <wordcount weight="1" > undertaken </wordcount>
    <wordcount weight="1" > proposes </wordcount>
    <wordcount weight="1" > faut </wordcount>
    <wordcount weight="1" > amongst </wordcount>
    <wordcount weight="1" > every </wordcount>
    <wordcount weight="1" > advisable </wordcount>
    <wordcount weight="1" > subjects </wordcount>
    <wordcount weight="1" > resolution </wordcount>
    <wordcount weight="1" > infringe </wordcount>
    <wordcount weight="1" > sweden </wordcount>
    <wordcount weight="1" > drew </wordcount>
    <wordcount weight="1" > utrecht </wordcount>
    <wordcount weight="1" > achieving </wordcount>
    <wordcount weight="1" > interests </wordcount>
    <wordcount weight="1" > established </wordcount>
    <wordcount weight="1" > set </wordcount>
    <wordcount weight="1" > ii </wordcount>
    <wordcount weight="1" > approval </wordcount>
    <wordcount weight="1" > later </wordcount>
    <wordcount weight="1" > taken </wordcount>
    <wordcount weight="1" > suggested </wordcount>
    <wordcount weight="1" > composer </wordcount>
    <wordcount weight="1" > others </wordcount>
    <wordcount weight="1" > branches </wordcount>
    <wordcount weight="1" > mutually </wordcount>
    <wordcount weight="1" > similarly </wordcount>
    <wordcount weight="1" > nieuwstraat </wordcount>
    <wordcount weight="1" > paragraph </wordcount>
    <wordcount weight="1" > permanently </wordcount>
    <wordcount weight="1" > into </wordcount>
    <wordcount weight="1" > addition </wordcount>
    <wordcount weight="1" > england </wordcount>
    <wordcount weight="1" > readily </wordcount>
    <wordcount weight="1" > whereas </wordcount>
    <wordcount weight="1" > official </wordcount>
    <wordcount weight="1" > opening </wordcount>
    <wordcount weight="1" > paper </wordcount>
    <wordcount weight="1" > words </wordcount>
    <wordcount weight="1" > definition </wordcount>
    <wordcount weight="1" > specialized </wordcount>
    <wordcount weight="1" > different </wordcount>
    <wordcount weight="1" > fact </wordcount>
    <wordcount weight="1" > december </wordcount>
    <wordcount weight="1" > possibilities </wordcount>
    <wordcount weight="1" > confident </wordcount>
    <wordcount weight="1" > contained </wordcount>
    <wordcount weight="1" > principles </wordcount>
    <wordcount weight="1" > unanimous </wordcount>
    <wordcount weight="1" > seem </wordcount>
    <wordcount weight="1" > cordial </wordcount>
    <wordcount weight="1" > scientists </wordcount>
    <wordcount weight="1" > avec </wordcount>
    <wordcount weight="1" > occurrence </wordcount>
    <wordcount weight="1" > channels </wordcount>
    <wordcount weight="1" > advantage </wordcount>
    <wordcount weight="1" > striking </wordcount>
    <wordcount weight="1" > suggesting </wordcount>
    <wordcount weight="1" > rule </wordcount>
    <wordcount weight="1" > found </wordcount>
    <wordcount weight="1" > proposal </wordcount>
    <wordcount weight="1" > difficulty </wordcount>
    <wordcount weight="1" > p </wordcount>
    <wordcount weight="1" > inappropriate </wordcount>
    <wordcount weight="1" > vincere </wordcount>
    <wordcount weight="1" > physiologists </wordcount>
    <wordcount weight="1" > terminological </wordcount>
    <wordcount weight="1" > clearly </wordcount>
    <wordcount weight="1" > wholly </wordcount>
    <wordcount weight="1" > embryology </wordcount>
    <wordcount weight="1" > facilitate </wordcount>
    <wordcount weight="1" > very </wordcount>
    <wordcount weight="1" > relate </wordcount>
    <wordcount weight="1" > ibm </wordcount>
    <wordcount weight="1" > doubt </wordcount>
    <wordcount weight="1" > primary </wordcount>
    <wordcount weight="1" > bien </wordcount>
    <wordcount weight="1" > chairman </wordcount>
    <wordcount weight="1" > considerable </wordcount>
    <wordcount weight="1" > possibility </wordcount>
    <wordcount weight="1" > edition </wordcount>
    <wordcount weight="1" > living </wordcount>
    <wordcount weight="1" > question </wordcount>
    <wordcount weight="1" > improved </wordcount>
    <wordcount weight="1" > mind </wordcount>
    <wordcount weight="1" > conclusions </wordcount>
    <wordcount weight="1" > enough </wordcount>
    <wordcount weight="1" > took </wordcount>
    <wordcount weight="1" > further </wordcount>
    <wordcount weight="1" > emphasized </wordcount>
    <wordcount weight="1" > greatly </wordcount>
    <wordcount weight="1" > ann </wordcount>
    <wordcount weight="1" > soc </wordcount>
    <wordcount weight="1" > according </wordcount>
    <wordcount weight="1" > cards </wordcount>
    <wordcount weight="1" > manner </wordcount>
    <wordcount weight="1" > institute </wordcount>
    <wordcount weight="1" > automatically </wordcount>
    <wordcount weight="1" > behind </wordcount>
    <wordcount weight="1" > literature </wordcount>
    <wordcount weight="1" > palaeobotany </wordcount>
    <wordcount weight="1" > questionnaire </wordcount>
    <wordcount weight="1" > afforded </wordcount>
    <wordcount weight="1" > papers </wordcount>
    <wordcount weight="1" > relevant </wordcount>
    <wordcount weight="1" > population </wordcount>
    <wordcount weight="1" > unanimously </wordcount>
    <wordcount weight="1" > less </wordcount>
    <wordcount weight="1" > cannot </wordcount>
    <wordcount weight="1" > meet </wordcount>
    <wordcount weight="1" > plants </wordcount>
    <wordcount weight="1" > particular </wordcount>
    <wordcount weight="1" > scale </wordcount>
    <wordcount weight="1" > necessary </wordcount>
    <wordcount weight="1" > excursions </wordcount>
    <wordcount weight="1" > placed </wordcount>
    <wordcount weight="1" > add </wordcount>
    <wordcount weight="1" > maintain </wordcount>
    <wordcount weight="1" > hospitality </wordcount>
    <wordcount weight="1" > coining </wordcount>
    <wordcount weight="1" > bicher </wordcount>
    <wordcount weight="1" > perhaps </wordcount>
    <wordcount weight="1" > crossfertilisation </wordcount>
    <wordcount weight="1" > ecospecies </wordcount>
    <wordcount weight="1" > recording </wordcount>
    <wordcount weight="1" > conferences </wordcount>
    <wordcount weight="1" > save </wordcount>
    <wordcount weight="1" > circulate </wordcount>
    <wordcount weight="1" > si </wordcount>
    <wordcount weight="1" > free </wordcount>
    <wordcount weight="1" > expressions </wordcount>
    <wordcount weight="1" > world </wordcount>
    <wordcount weight="1" > wants </wordcount>
    <wordcount weight="1" > g </wordcount>
    <wordcount weight="1" > thoroughly </wordcount>
    <wordcount weight="1" > well </wordcount>
    <wordcount weight="1" > produce </wordcount>
    <wordcount weight="1" > institutions </wordcount>
    <wordcount weight="1" > interpreted </wordcount>
    <wordcount weight="1" > que </wordcount>
    <wordcount weight="1" > none </wordcount>
    <wordcount weight="1" > vol </wordcount>
    <wordcount weight="1" > application </wordcount>
    <wordcount weight="1" > incorporated </wordcount>
    <wordcount weight="1" > associe </wordcount>
    <wordcount weight="1" > exploring </wordcount>
    <wordcount weight="1" > recommendations </wordcount>
    <wordcount weight="1" > genova </wordcount>
    <wordcount weight="1" > categories </wordcount>
    <wordcount weight="1" > link </wordcount>
    <wordcount weight="1" > session </wordcount>
    <wordcount weight="1" > composes </wordcount>
    <wordcount weight="1" > completed </wordcount>
    <wordcount weight="1" > start </wordcount>
    <wordcount weight="1" > epithet </wordcount>
    <wordcount weight="1" > scheme </wordcount>
    <wordcount weight="1" > europaea </wordcount>
    <wordcount weight="1" > vertu </wordcount>
    <wordcount weight="1" > genotypical </wordcount>
    <wordcount weight="1" > combination </wordcount>
    <wordcount weight="1" > given </wordcount>
    <wordcount weight="1" > point </wordcount>
    <wordcount weight="1" > part </wordcount>
    <wordcount weight="1" > saintlager </wordcount>
    <wordcount weight="1" > x </wordcount>
    <wordcount weight="1" > far </wordcount>
    <wordcount weight="1" > progress </wordcount>
    <wordcount weight="1" > autogamous </wordcount>
    <wordcount weight="1" > classifications </wordcount>
    <wordcount weight="1" > wording </wordcount>
    <wordcount weight="1" > tous </wordcount>
    <wordcount weight="1" > goes </wordcount>
    <wordcount weight="1" > november </wordcount>
    <wordcount weight="1" > himself </wordcount>
    <wordcount weight="1" > step </wordcount>
    <wordcount weight="1" > principe </wordcount>
    <wordcount weight="1" > went </wordcount>
    <wordcount weight="1" > probably </wordcount>
    <wordcount weight="1" > designate </wordcount>
    <wordcount weight="1" > kingdom </wordcount>
    <wordcount weight="1" > largely </wordcount>
    <wordcount weight="1" > harlan </wordcount>
    <wordcount weight="1" > appointed </wordcount>
    <wordcount weight="1" > broad </wordcount>
    <wordcount weight="1" > framework </wordcount>
    <wordcount weight="1" > people </wordcount>
    <wordcount weight="1" > response </wordcount>
    <wordcount weight="1" > ideas </wordcount>
    <wordcount weight="1" > aims </wordcount>
    <wordcount weight="1" > questions </wordcount>
    <wordcount weight="1" > evolution </wordcount>
    <wordcount weight="1" > trend </wordcount>
    <wordcount weight="1" > kindnesses </wordcount>
    <wordcount weight="1" > la </wordcount>
    <wordcount weight="1" > gilly </wordcount>
    <wordcount weight="1" > thus </wordcount>
    <wordcount weight="1" > call </wordcount>
    <wordcount weight="1" > prepared </wordcount>
    <wordcount weight="1" > accessible </wordcount>
    <wordcount weight="1" > throughout </wordcount>
    <wordcount weight="1" > full </wordcount>
    <wordcount weight="1" > bryologists </wordcount>
    <wordcount weight="1" > poeciliology </wordcount>
    <wordcount weight="1" > ainsi </wordcount>
    <wordcount weight="1" > comparable </wordcount>
    <wordcount weight="1" > improvements </wordcount>
    <wordcount weight="1" > acknowledgement </wordcount>
    <wordcount weight="1" > devoted </wordcount>
    <wordcount weight="1" > tell </wordcount>
    <wordcount weight="1" > netherlands </wordcount>
    <wordcount weight="1" > lange </wordcount>
    <wordcount weight="1" > synopsis </wordcount>
    <wordcount weight="1" > facts </wordcount>
    <wordcount weight="1" > unable </wordcount>
    <wordcount weight="1" > rejected </wordcount>
    <wordcount weight="1" > development </wordcount>
    <wordcount weight="1" > difference </wordcount>
    <wordcount weight="1" > received </wordcount>
    <wordcount weight="1" > tidskr </wordcount>
    <wordcount weight="1" > microbiologists </wordcount>
    <wordcount weight="1" > nor </wordcount>
    <wordcount weight="1" > three </wordcount>
    <wordcount weight="1" > against </wordcount>
    <wordcount weight="1" > envisaged </wordcount>
    <wordcount weight="1" > september </wordcount>
    <wordcount weight="1" > executives </wordcount>
    <wordcount weight="1" > national </wordcount>
    <wordcount weight="1" > wassenaar </wordcount>
    <wordcount weight="1" > express </wordcount>
    <wordcount weight="1" > language </wordcount>
    <wordcount weight="1" > obtaining </wordcount>
    <wordcount weight="1" > points </wordcount>
    <wordcount weight="1" > autecological </wordcount>
    <wordcount weight="1" > ixth </wordcount>
    <wordcount weight="1" > imitant </wordcount>
    <wordcount weight="1" > offer </wordcount>
    <wordcount weight="1" > least </wordcount>
    <wordcount weight="1" > symposium </wordcount>
    <wordcount weight="1" > include </wordcount>
    <wordcount weight="1" > formule </wordcount>
    <wordcount weight="1" > genetics </wordcount>
    <wordcount weight="1" > price </wordcount>
    <wordcount weight="1" > forets </wordcount>
    <wordcount weight="1" > indexing </wordcount>
    <wordcount weight="1" > below </wordcount>
    <wordcount weight="1" > function </wordcount>
    <wordcount weight="1" > ease </wordcount>
    <wordcount weight="1" > employing </wordcount>
    <wordcount weight="1" > pay </wordcount>
    <wordcount weight="1" > appointment </wordcount>
    <wordcount weight="1" > next </wordcount>
    <wordcount weight="1" > course </wordcount>
    <wordcount weight="1" > lie </wordcount>
    <wordcount weight="1" > copies </wordcount>
    <wordcount weight="1" > defined </wordcount>
    <wordcount weight="1" > prokhanov </wordcount>
    <wordcount weight="1" > verbe </wordcount>
    <wordcount weight="1" > wrong </wordcount>
    <wordcount weight="1" > last </wordcount>
    <wordcount weight="1" > cases </wordcount>
    <wordcount weight="1" > atmosphere </wordcount>
    <wordcount weight="1" > microevolutionary </wordcount>
    <wordcount weight="1" > involved </wordcount>
    <wordcount weight="1" > classification </wordcount>
    <wordcount weight="1" > exchange </wordcount>
    <wordcount weight="1" > footnotes </wordcount>
    <wordcount weight="1" > several </wordcount>
    <wordcount weight="1" > decide </wordcount>
    <wordcount weight="1" > drastically </wordcount>
    <wordcount weight="1" > flora </wordcount>
    <wordcount weight="1" > especially </wordcount>
    <wordcount weight="1" > wider </wordcount>
    <wordcount weight="1" > potential </wordcount>
    <wordcount weight="1" > highly </wordcount>
    <wordcount weight="1" > systems </wordcount>
    <wordcount weight="1" > cantonal </wordcount>
    <wordcount weight="1" > compatibility </wordcount>
    <wordcount weight="1" > ninth </wordcount>
    <wordcount weight="1" > arise </wordcount>
    <wordcount weight="1" > restrict </wordcount>
    <wordcount weight="1" > normal </wordcount>
    <wordcount weight="1" > reads </wordcount>
    <wordcount weight="1" > relation </wordcount>
    <wordcount weight="1" > allowing </wordcount>
    <wordcount weight="1" > overcome </wordcount>
    <wordcount weight="1" > cytology </wordcount>
    <wordcount weight="1" > topics </wordcount>
    <wordcount weight="1" > effective </wordcount>
    <wordcount weight="1" > mainly </wordcount>
    <wordcount weight="1" > cook </wordcount>
    <wordcount weight="1" > seeds </wordcount>
    <wordcount weight="1" > availability </wordcount>
    <wordcount weight="1" > when </wordcount>
    <wordcount weight="1" > even </wordcount>
    <wordcount weight="1" > sciences </wordcount>
    <wordcount weight="1" > little </wordcount>
    <wordcount weight="1" > focus </wordcount>
    <wordcount weight="1" > details </wordcount>
    <wordcount weight="1" > among </wordcount>
    <wordcount weight="1" > apparently </wordcount>
    <wordcount weight="1" > recent </wordcount>
    <wordcount weight="1" > joint </wordcount>
    <wordcount weight="1" > appropriate </wordcount>
    <wordcount weight="1" > appoint </wordcount>
    <wordcount weight="1" > fee </wordcount>
    <wordcount weight="1" > propose </wordcount>
    <wordcount weight="1" > resources </wordcount>
    <wordcount weight="1" > acted </wordcount>
    <wordcount weight="1" > meme </wordcount>
    <wordcount weight="1" > greek </wordcount>
    <wordcount weight="1" > termed </wordcount>
    <wordcount weight="1" > draft </wordcount>
    <wordcount weight="1" > widely </wordcount>
    <wordcount weight="1" > embraces </wordcount>
    <wordcount weight="1" > avoid </wordcount>
    <wordcount weight="1" > doit </wordcount>
    <wordcount weight="1" > product </wordcount>
    <wordcount weight="1" > names </wordcount>
    <wordcount weight="1" > sources </wordcount>
    <wordcount weight="1" > mechanism </wordcount>
</article>
