<?xml version="1.0" encoding="UTF-8"?>
<article id="10.2307/2258178" >
    <wordcount weight="151" > of </wordcount>
    <wordcount weight="137" > the </wordcount>
    <wordcount weight="74" > and </wordcount>
    <wordcount weight="73" > in </wordcount>
    <wordcount weight="54" > a </wordcount>
    <wordcount weight="52" > plants </wordcount>
    <wordcount weight="49" > water </wordcount>
    <wordcount weight="34" > populations </wordcount>
    <wordcount weight="31" > to </wordcount>
    <wordcount weight="31" > were </wordcount>
    <wordcount weight="26" > at </wordcount>
    <wordcount weight="26" > studies </wordcount>
    <wordcount weight="26" > graminea </wordcount>
    <wordcount weight="24" > from </wordcount>
    <wordcount weight="24" > population </wordcount>
    <wordcount weight="22" > each </wordcount>
    <wordcount weight="21" > by </wordcount>
    <wordcount weight="19" > cm </wordcount>
    <wordcount weight="18" > that </wordcount>
    <wordcount weight="18" > was </wordcount>
    <wordcount weight="18" > for </wordcount>
    <wordcount weight="16" > var </wordcount>
    <wordcount weight="16" > is </wordcount>
    <wordcount weight="16" > m </wordcount>
    <wordcount weight="16" > transplant </wordcount>
    <wordcount weight="15" > one </wordcount>
    <wordcount weight="14" > sagittaria </wordcount>
    <wordcount weight="14" > levels </wordcount>
    <wordcount weight="14" > are </wordcount>
    <wordcount weight="14" > seven </wordcount>
    <wordcount weight="13" > as </wordcount>
    <wordcount weight="13" > different </wordcount>
    <wordcount weight="12" > various </wordcount>
    <wordcount weight="12" > with </wordcount>
    <wordcount weight="12" > grown </wordcount>
    <wordcount weight="12" > on </wordcount>
    <wordcount weight="11" > b </wordcount>
    <wordcount weight="11" > state </wordcount>
    <wordcount weight="11" > within </wordcount>
    <wordcount weight="11" > rr </wordcount>
    <wordcount weight="10" > these </wordcount>
    <wordcount weight="10" > j </wordcount>
    <wordcount weight="10" > level </wordcount>
    <wordcount weight="10" > variation </wordcount>
    <wordcount weight="10" > florida </wordcount>
    <wordcount weight="9" > depth </wordcount>
    <wordcount weight="9" > environmental </wordcount>
    <wordcount weight="9" > sandy </wordcount>
    <wordcount weight="9" > same </wordcount>
    <wordcount weight="9" > smr </wordcount>
    <wordcount weight="9" > all </wordcount>
    <wordcount weight="9" > fig </wordcount>
    <wordcount weight="9" > be </wordcount>
    <wordcount weight="8" > ramet </wordcount>
    <wordcount weight="8" > this </wordcount>
    <wordcount weight="8" > morphological </wordcount>
    <wordcount weight="8" > leaf </wordcount>
    <wordcount weight="8" > area </wordcount>
    <wordcount weight="7" > transplants </wordcount>
    <wordcount weight="7" > mar </wordcount>
    <wordcount weight="7" > or </wordcount>
    <wordcount weight="7" > w </wordcount>
    <wordcount weight="7" > ramets </wordcount>
    <wordcount weight="7" > habitat </wordcount>
    <wordcount weight="7" > which </wordcount>
    <wordcount weight="7" > plant </wordcount>
    <wordcount weight="7" > soil </wordcount>
    <wordcount weight="6" > environments </wordcount>
    <wordcount weight="6" > complex </wordcount>
    <wordcount weight="6" > into </wordcount>
    <wordcount weight="6" > reciprocal </wordcount>
    <wordcount weight="6" > differences </wordcount>
    <wordcount weight="6" > i </wordcount>
    <wordcount weight="6" > seedling </wordcount>
    <wordcount weight="6" > lake </wordcount>
    <wordcount weight="6" > acute </wordcount>
    <wordcount weight="6" > year </wordcount>
    <wordcount weight="6" > aquaria </wordcount>
    <wordcount weight="6" > north </wordcount>
    <wordcount weight="6" > bloomed </wordcount>
    <wordcount weight="6" > leaves </wordcount>
    <wordcount weight="6" > showed </wordcount>
    <wordcount weight="6" > depths </wordcount>
    <wordcount weight="5" > modification </wordcount>
    <wordcount weight="5" > phenotypic </wordcount>
    <wordcount weight="5" > mile </wordcount>
    <wordcount weight="5" > study </wordcount>
    <wordcount weight="5" > wooten </wordcount>
    <wordcount weight="5" > experimental </wordcount>
    <wordcount weight="5" > two </wordcount>
    <wordcount weight="5" > s </wordcount>
    <wordcount weight="5" > miles </wordcount>
    <wordcount weight="5" > road </wordcount>
    <wordcount weight="5" > produced </wordcount>
    <wordcount weight="5" > selected </wordcount>
    <wordcount weight="5" > branched </wordcount>
    <wordcount weight="5" > dr </wordcount>
    <wordcount weight="5" > unbranched </wordcount>
    <wordcount weight="5" > blade </wordcount>
    <wordcount weight="5" > range </wordcount>
    <wordcount weight="5" > genetic </wordcount>
    <wordcount weight="5" > during </wordcount>
    <wordcount weight="5" > survive </wordcount>
    <wordcount weight="5" > emersed </wordcount>
    <wordcount weight="5" > highly </wordcount>
    <wordcount weight="5" > phyllodes </wordcount>
    <wordcount weight="5" > ditch </wordcount>
    <wordcount weight="5" > present </wordcount>
    <wordcount weight="5" > among </wordcount>
    <wordcount weight="4" > survived </wordcount>
    <wordcount weight="4" > it </wordcount>
    <wordcount weight="4" > stream </wordcount>
    <wordcount weight="4" > iowa </wordcount>
    <wordcount weight="4" > similar </wordcount>
    <wordcount weight="4" > not </wordcount>
    <wordcount weight="4" > habitats </wordcount>
    <wordcount weight="4" > environment </wordcount>
    <wordcount weight="4" > leon </wordcount>
    <wordcount weight="4" > genotypes </wordcount>
    <wordcount weight="4" > other </wordcount>
    <wordcount weight="4" > areas </wordcount>
    <wordcount weight="4" > type </wordcount>
    <wordcount weight="4" > deep </wordcount>
    <wordcount weight="4" > planted </wordcount>
    <wordcount weight="4" > inflorescence </wordcount>
    <wordcount weight="4" > some </wordcount>
    <wordcount weight="4" > mean </wordcount>
    <wordcount weight="4" > used </wordcount>
    <wordcount weight="4" > fine </wordcount>
    <wordcount weight="4" > west </wordcount>
    <wordcount weight="4" > shown </wordcount>
    <wordcount weight="4" > have </wordcount>
    <wordcount weight="4" > d </wordcount>
    <wordcount weight="4" > an </wordcount>
    <wordcount weight="4" > z </wordcount>
    <wordcount weight="4" > clay </wordcount>
    <wordcount weight="4" > c </wordcount>
    <wordcount weight="4" > elliptic </wordcount>
    <wordcount weight="4" > uniform </wordcount>
    <wordcount weight="3" > been </wordcount>
    <wordcount weight="3" > weatherbiana </wordcount>
    <wordcount weight="3" > above </wordcount>
    <wordcount weight="3" > phyllode </wordcount>
    <wordcount weight="3" > their </wordcount>
    <wordcount weight="3" > replaced </wordcount>
    <wordcount weight="3" > changes </wordcount>
    <wordcount weight="3" > aquatic </wordcount>
    <wordcount weight="3" > table </wordcount>
    <wordcount weight="3" > tallahassee </wordcount>
    <wordcount weight="3" > seedlings </wordcount>
    <wordcount weight="3" > particular </wordcount>
    <wordcount weight="3" > us </wordcount>
    <wordcount weight="3" > specimens </wordcount>
    <wordcount weight="3" > any </wordcount>
    <wordcount weight="3" > n </wordcount>
    <wordcount weight="3" > university </wordcount>
    <wordcount weight="3" > department </wordcount>
    <wordcount weight="3" > aquarium </wordcount>
    <wordcount weight="3" > taxa </wordcount>
    <wordcount weight="3" > substrate </wordcount>
    <wordcount weight="3" > only </wordcount>
    <wordcount weight="3" > obtuse </wordcount>
    <wordcount weight="3" > nature </wordcount>
    <wordcount weight="3" > ratio </wordcount>
    <wordcount weight="3" > chapmani </wordcount>
    <wordcount weight="3" > new </wordcount>
    <wordcount weight="3" > apex </wordcount>
    <wordcount weight="3" > near </wordcount>
    <wordcount weight="3" > representative </wordcount>
    <wordcount weight="3" > whether </wordcount>
    <wordcount weight="3" > varying </wordcount>
    <wordcount weight="3" > recorded </wordcount>
    <wordcount weight="3" > east </wordcount>
    <wordcount weight="3" > another </wordcount>
    <wordcount weight="3" > both </wordcount>
    <wordcount weight="3" > four </wordcount>
    <wordcount weight="3" > narrowly </wordcount>
    <wordcount weight="3" > along </wordcount>
    <wordcount weight="3" > variability </wordcount>
    <wordcount weight="3" > loam </wordcount>
    <wordcount weight="3" > sand </wordcount>
    <wordcount weight="3" > blades </wordcount>
    <wordcount weight="3" > such </wordcount>
    <wordcount weight="3" > three </wordcount>
    <wordcount weight="3" > conditions </wordcount>
    <wordcount weight="3" > g </wordcount>
    <wordcount weight="3" > characteristic </wordcount>
    <wordcount weight="3" > transplanted </wordcount>
    <wordcount weight="3" > times </wordcount>
    <wordcount weight="3" > ratios </wordcount>
    <wordcount weight="3" > would </wordcount>
    <wordcount weight="3" > increased </wordcount>
    <wordcount weight="3" > single </wordcount>
    <wordcount weight="3" > seeds </wordcount>
    <wordcount weight="3" > can </wordcount>
    <wordcount weight="3" > up </wordcount>
    <wordcount weight="3" > species </wordcount>
    <wordcount weight="2" > may </wordcount>
    <wordcount weight="2" > f </wordcount>
    <wordcount weight="2" > seasons </wordcount>
    <wordcount weight="2" > limits </wordcount>
    <wordcount weight="2" > common </wordcount>
    <wordcount weight="2" > later </wordcount>
    <wordcount weight="2" > l </wordcount>
    <wordcount weight="2" > growth </wordcount>
    <wordcount weight="2" > result </wordcount>
    <wordcount weight="2" > square </wordcount>
    <wordcount weight="2" > preparing </wordcount>
    <wordcount weight="2" > determine </wordcount>
    <wordcount weight="2" > jersey </wordcount>
    <wordcount weight="2" > h </wordcount>
    <wordcount weight="2" > they </wordcount>
    <wordcount weight="2" > se </wordcount>
    <wordcount weight="2" > length </wordcount>
    <wordcount weight="2" > direct </wordcount>
    <wordcount weight="2" > methods </wordcount>
    <wordcount weight="2" > use </wordcount>
    <wordcount weight="2" > cove </wordcount>
    <wordcount weight="2" > dead </wordcount>
    <wordcount weight="2" > types </wordcount>
    <wordcount weight="2" > under </wordcount>
    <wordcount weight="2" > considered </wordcount>
    <wordcount weight="2" > flows </wordcount>
    <wordcount weight="2" > statistical </wordcount>
    <wordcount weight="2" > before </wordcount>
    <wordcount weight="2" > numbers </wordcount>
    <wordcount weight="2" > but </wordcount>
    <wordcount weight="2" > show </wordcount>
    <wordcount weight="2" > first </wordcount>
    <wordcount weight="2" > indicate </wordcount>
    <wordcount weight="2" > slough </wordcount>
    <wordcount weight="2" > inflorescences </wordcount>
    <wordcount weight="2" > important </wordcount>
    <wordcount weight="2" > dug </wordcount>
    <wordcount weight="2" > natural </wordcount>
    <wordcount weight="2" > appear </wordcount>
    <wordcount weight="2" > many </wordcount>
    <wordcount weight="2" > had </wordcount>
    <wordcount weight="2" > did </wordcount>
    <wordcount weight="2" > shows </wordcount>
    <wordcount weight="2" > longer </wordcount>
    <wordcount weight="2" > p </wordcount>
    <wordcount weight="2" > adaptability </wordcount>
    <wordcount weight="2" > studied </wordcount>
    <wordcount weight="2" > u </wordcount>
    <wordcount weight="2" > never </wordcount>
    <wordcount weight="2" > patterns </wordcount>
    <wordcount weight="2" > those </wordcount>
    <wordcount weight="2" > investigations </wordcount>
    <wordcount weight="2" > twisted </wordcount>
    <wordcount weight="2" > cause </wordcount>
    <wordcount weight="2" > spring </wordcount>
    <wordcount weight="2" > linear </wordcount>
    <wordcount weight="2" > died </wordcount>
    <wordcount weight="2" > degree </wordcount>
    <wordcount weight="2" > centimetres </wordcount>
    <wordcount weight="2" > fluctuation </wordcount>
    <wordcount weight="2" > apparatus </wordcount>
    <wordcount weight="2" > width </wordcount>
    <wordcount weight="2" > emergent </wordcount>
    <wordcount weight="2" > values </wordcount>
    <wordcount weight="2" > r </wordcount>
    <wordcount weight="2" > since </wordcount>
    <wordcount weight="2" > purpose </wordcount>
    <wordcount weight="2" > indicating </wordcount>
    <wordcount weight="2" > cited </wordcount>
    <wordcount weight="2" > identification </wordcount>
    <wordcount weight="2" > expression </wordcount>
    <wordcount weight="2" > exhibited </wordcount>
    <wordcount weight="2" > varied </wordcount>
    <wordcount weight="2" > author </wordcount>
    <wordcount weight="2" > unable </wordcount>
    <wordcount weight="2" > lakes </wordcount>
    <wordcount weight="2" > run </wordcount>
    <wordcount weight="2" > similarity </wordcount>
    <wordcount weight="2" > there </wordcount>
    <wordcount weight="2" > genotype </wordcount>
    <wordcount weight="2" > least </wordcount>
    <wordcount weight="2" > caused </wordcount>
    <wordcount weight="2" > collected </wordcount>
    <wordcount weight="2" > effects </wordcount>
    <wordcount weight="2" > phenotypes </wordcount>
    <wordcount weight="2" > separately </wordcount>
    <wordcount weight="2" > although </wordcount>
    <wordcount weight="2" > response </wordcount>
    <wordcount weight="2" > often </wordcount>
    <wordcount weight="2" > six </wordcount>
    <wordcount weight="2" > rhizomes </wordcount>
    <wordcount weight="2" > effect </wordcount>
    <wordcount weight="2" > widely </wordcount>
    <wordcount weight="2" > y </wordcount>
    <wordcount weight="2" > occur </wordcount>
    <wordcount weight="2" > given </wordcount>
    <wordcount weight="2" > results </wordcount>
    <wordcount weight="2" > using </wordcount>
    <wordcount weight="2" > mature </wordcount>
    <wordcount weight="2" > wakulla </wordcount>
    <wordcount weight="1" > subsequently </wordcount>
    <wordcount weight="1" > ndea </wordcount>
    <wordcount weight="1" > increasing </wordcount>
    <wordcount weight="1" > jean </wordcount>
    <wordcount weight="1" > boards </wordcount>
    <wordcount weight="1" > morphology </wordcount>
    <wordcount weight="1" > twelve </wordcount>
    <wordcount weight="1" > michx </wordcount>
    <wordcount weight="1" > possessed </wordcount>
    <wordcount weight="1" > mariana </wordcount>
    <wordcount weight="1" > rate </wordcount>
    <wordcount weight="1" > recognized </wordcount>
    <wordcount weight="1" > grady </wordcount>
    <wordcount weight="1" > expect </wordcount>
    <wordcount weight="1" > flower </wordcount>
    <wordcount weight="1" > no </wordcount>
    <wordcount weight="1" > absent </wordcount>
    <wordcount weight="1" > materials </wordcount>
    <wordcount weight="1" > expected </wordcount>
    <wordcount weight="1" > sterile </wordcount>
    <wordcount weight="1" > destroying </wordcount>
    <wordcount weight="1" > if </wordcount>
    <wordcount weight="1" > subjected </wordcount>
    <wordcount weight="1" > installed </wordcount>
    <wordcount weight="1" > ecological </wordcount>
    <wordcount weight="1" > donor </wordcount>
    <wordcount weight="1" > carnegie </wordcount>
    <wordcount weight="1" > doctoral </wordcount>
    <wordcount weight="1" > perennials </wordcount>
    <wordcount weight="1" > short </wordcount>
    <wordcount weight="1" > taxonomy </wordcount>
    <wordcount weight="1" > clewell </wordcount>
    <wordcount weight="1" > located </wordcount>
    <wordcount weight="1" > flowed </wordcount>
    <wordcount weight="1" > bot </wordcount>
    <wordcount weight="1" > limited </wordcount>
    <wordcount weight="1" > basic </wordcount>
    <wordcount weight="1" > acknowledged </wordcount>
    <wordcount weight="1" > plastic </wordcount>
    <wordcount weight="1" > exception </wordcount>
    <wordcount weight="1" > rj </wordcount>
    <wordcount weight="1" > vascular </wordcount>
    <wordcount weight="1" > unshaded </wordcount>
    <wordcount weight="1" > represented </wordcount>
    <wordcount weight="1" > introduction </wordcount>
    <wordcount weight="1" > peduncle </wordcount>
    <wordcount weight="1" > manuscript </wordcount>
    <wordcount weight="1" > pushed </wordcount>
    <wordcount weight="1" > distributed </wordcount>
    <wordcount weight="1" > thirteen </wordcount>
    <wordcount weight="1" > remaining </wordcount>
    <wordcount weight="1" > mounted </wordcount>
    <wordcount weight="1" > ix </wordcount>
    <wordcount weight="1" > glasshouse </wordcount>
    <wordcount weight="1" > panicle </wordcount>
    <wordcount weight="1" > direction </wordcount>
    <wordcount weight="1" > positive </wordcount>
    <wordcount weight="1" > kinds </wordcount>
    <wordcount weight="1" > lacking </wordcount>
    <wordcount weight="1" > gratefully </wordcount>
    <wordcount weight="1" > specific </wordcount>
    <wordcount weight="1" > construction </wordcount>
    <wordcount weight="1" > biological </wordcount>
    <wordcount weight="1" > wildlife </wordcount>
    <wordcount weight="1" > angiosperm </wordcount>
    <wordcount weight="1" > factors </wordcount>
    <wordcount weight="1" > sets </wordcount>
    <wordcount weight="1" > qx </wordcount>
    <wordcount weight="1" > od </wordcount>
    <wordcount weight="1" > recherches </wordcount>
    <wordcount weight="1" > suited </wordcount>
    <wordcount weight="1" > applied </wordcount>
    <wordcount weight="1" > widest </wordcount>
    <wordcount weight="1" > quadratic </wordcount>
    <wordcount weight="1" > counterparts </wordcount>
    <wordcount weight="1" > thick </wordcount>
    <wordcount weight="1" > photographs </wordcount>
    <wordcount weight="1" > biology </wordcount>
    <wordcount weight="1" > duane </wordcount>
    <wordcount weight="1" > anthesis </wordcount>
    <wordcount weight="1" > river </wordcount>
    <wordcount weight="1" > established </wordcount>
    <wordcount weight="1" > differentiated </wordcount>
    <wordcount weight="1" > seems </wordcount>
    <wordcount weight="1" > title </wordcount>
    <wordcount weight="1" > contained </wordcount>
    <wordcount weight="1" > occurred </wordcount>
    <wordcount weight="1" > variable </wordcount>
    <wordcount weight="1" > individually </wordcount>
    <wordcount weight="1" > total </wordcount>
    <wordcount weight="1" > nat </wordcount>
    <wordcount weight="1" > ci </wordcount>
    <wordcount weight="1" > associated </wordcount>
    <wordcount weight="1" > sum </wordcount>
    <wordcount weight="1" > k </wordcount>
    <wordcount weight="1" > pots </wordcount>
    <wordcount weight="1" > weather </wordcount>
    <wordcount weight="1" > englewood </wordcount>
    <wordcount weight="1" > cairo </wordcount>
    <wordcount weight="1" > rhizome </wordcount>
    <wordcount weight="1" > source </wordcount>
    <wordcount weight="1" > descriptions </wordcount>
    <wordcount weight="1" > annals </wordcount>
    <wordcount weight="1" > frequently </wordcount>
    <wordcount weight="1" > observations </wordcount>
    <wordcount weight="1" > upper </wordcount>
    <wordcount weight="1" > keck </wordcount>
    <wordcount weight="1" > limestone </wordcount>
    <wordcount weight="1" > illustrated </wordcount>
    <wordcount weight="1" > measurements </wordcount>
    <wordcount weight="1" > most </wordcount>
    <wordcount weight="1" > demonstrate </wordcount>
    <wordcount weight="1" > lower </wordcount>
    <wordcount weight="1" > boil </wordcount>
    <wordcount weight="1" > heredity </wordcount>
    <wordcount weight="1" > plantes </wordcount>
    <wordcount weight="1" > saint </wordcount>
    <wordcount weight="1" > indications </wordcount>
    <wordcount weight="1" > fluctuating </wordcount>
    <wordcount weight="1" > peduncles </wordcount>
    <wordcount weight="1" > ofrepresentative </wordcount>
    <wordcount weight="1" > davis </wordcount>
    <wordcount weight="1" > leavesjean </wordcount>
    <wordcount weight="1" > des </wordcount>
    <wordcount weight="1" > western </wordcount>
    <wordcount weight="1" > jackson </wordcount>
    <wordcount weight="1" > dissertation </wordcount>
    <wordcount weight="1" > comparison </wordcount>
    <wordcount weight="1" > ii </wordcount>
    <wordcount weight="1" > technique </wordcount>
    <wordcount weight="1" > sometimes </wordcount>
    <wordcount weight="1" > bottomless </wordcount>
    <wordcount weight="1" > climat </wordcount>
    <wordcount weight="1" > suggested </wordcount>
    <wordcount weight="1" > adapted </wordcount>
    <wordcount weight="1" > bisected </wordcount>
    <wordcount weight="1" > genecology </wordcount>
    <wordcount weight="1" > over </wordcount>
    <wordcount weight="1" > varies </wordcount>
    <wordcount weight="1" > control </wordcount>
    <wordcount weight="1" > whereas </wordcount>
    <wordcount weight="1" > experiments </wordcount>
    <wordcount weight="1" > moving </wordcount>
    <wordcount weight="1" > au </wordcount>
    <wordcount weight="1" > raceme </wordcount>
    <wordcount weight="1" > containing </wordcount>
    <wordcount weight="1" > georgia </wordcount>
    <wordcount weight="1" > principles </wordcount>
    <wordcount weight="1" > cd </wordcount>
    <wordcount weight="1" > treatment </wordcount>
    <wordcount weight="1" > sm </wordcount>
    <wordcount weight="1" > flowing </wordcount>
    <wordcount weight="1" > wooden </wordcount>
    <wordcount weight="1" > outdoor </wordcount>
    <wordcount weight="1" > ser </wordcount>
    <wordcount weight="1" > could </wordcount>
    <wordcount weight="1" > appendix </wordcount>
    <wordcount weight="1" > estimation </wordcount>
    <wordcount weight="1" > publs </wordcount>
    <wordcount weight="1" > appeared </wordcount>
    <wordcount weight="1" > scapes </wordcount>
    <wordcount weight="1" > genus </wordcount>
    <wordcount weight="1" > current </wordcount>
    <wordcount weight="1" > ecotypes </wordcount>
    <wordcount weight="1" > analyses </wordcount>
    <wordcount weight="1" > pressed </wordcount>
    <wordcount weight="1" > observe </wordcount>
    <wordcount weight="1" > spaced </wordcount>
    <wordcount weight="1" > demands </wordcount>
    <wordcount weight="1" > hiesey </wordcount>
    <wordcount weight="1" > end </wordcount>
    <wordcount weight="1" > narrow </wordcount>
    <wordcount weight="1" > constant </wordcount>
    <wordcount weight="1" > reciprocally </wordcount>
    <wordcount weight="1" > identical </wordcount>
    <wordcount weight="1" > linearlanceolate </wordcount>
    <wordcount weight="1" > reproduction </wordcount>
    <wordcount weight="1" > vegetatively </wordcount>
    <wordcount weight="1" > landing </wordcount>
    <wordcount weight="1" > persist </wordcount>
    <wordcount weight="1" > seldom </wordcount>
    <wordcount weight="1" > help </wordcount>
    <wordcount weight="1" > constantly </wordcount>
    <wordcount weight="1" > essentially </wordcount>
    <wordcount weight="1" > shapes </wordcount>
    <wordcount weight="1" > ru </wordcount>
    <wordcount weight="1" > destroyed </wordcount>
    <wordcount weight="1" > further </wordcount>
    <wordcount weight="1" > cups </wordcount>
    <wordcount weight="1" > cal </wordcount>
    <wordcount weight="1" > tap </wordcount>
    <wordcount weight="1" > equal </wordcount>
    <wordcount weight="1" > american </wordcount>
    <wordcount weight="1" > decreased </wordcount>
    <wordcount weight="1" > manner </wordcount>
    <wordcount weight="1" > where </wordcount>
    <wordcount weight="1" > month </wordcount>
    <wordcount weight="1" > intersection </wordcount>
    <wordcount weight="1" > appears </wordcount>
    <wordcount weight="1" > intensity </wordcount>
    <wordcount weight="1" > cannot </wordcount>
    <wordcount weight="1" > references </wordcount>
    <wordcount weight="1" > differentiation </wordcount>
    <wordcount weight="1" > ajean </wordcount>
    <wordcount weight="1" > herbicide </wordcount>
    <wordcount weight="1" > side </wordcount>
    <wordcount weight="1" > genotypic </wordcount>
    <wordcount weight="1" > necessary </wordcount>
    <wordcount weight="1" > placed </wordcount>
    <wordcount weight="1" > narrower </wordcount>
    <wordcount weight="1" > subulata </wordcount>
    <wordcount weight="1" > conducive </wordcount>
    <wordcount weight="1" > contrasting </wordcount>
    <wordcount weight="1" > lengths </wordcount>
    <wordcount weight="1" > refuge </wordcount>
    <wordcount weight="1" > germinated </wordcount>
    <wordcount weight="1" > extent </wordcount>
    <wordcount weight="1" > doctor </wordcount>
    <wordcount weight="1" > acknowledgments </wordcount>
    <wordcount weight="1" > drain </wordcount>
    <wordcount weight="1" > nearly </wordcount>
    <wordcount weight="1" > while </wordcount>
    <wordcount weight="1" > number </wordcount>
    <wordcount weight="1" > sci </wordcount>
    <wordcount weight="1" > iv </wordcount>
    <wordcount weight="1" > recreation </wordcount>
    <wordcount weight="1" > hyacinth </wordcount>
    <wordcount weight="1" > submersed </wordcount>
    <wordcount weight="1" > criteria </wordcount>
    <wordcount weight="1" > technical </wordcount>
    <wordcount weight="1" > changed </wordcount>
    <wordcount weight="1" > representatives </wordcount>
    <wordcount weight="1" > part </wordcount>
    <wordcount weight="1" > years </wordcount>
    <wordcount weight="1" > srb </wordcount>
    <wordcount weight="1" > heywood </wordcount>
    <wordcount weight="1" > occupying </wordcount>
    <wordcount weight="1" > basis </wordcount>
    <wordcount weight="1" > recognizing </wordcount>
    <wordcount weight="1" > determined </wordcount>
    <wordcount weight="1" > maximum </wordcount>
    <wordcount weight="1" > data </wordcount>
    <wordcount weight="1" > ascertain </wordcount>
    <wordcount weight="1" > discussion </wordcount>
    <wordcount weight="1" > sculthorpe </wordcount>
    <wordcount weight="1" > examples </wordcount>
    <wordcount weight="1" > work </wordcount>
    <wordcount weight="1" > mem </wordcount>
    <wordcount weight="1" > made </wordcount>
    <wordcount weight="1" > varieties </wordcount>
    <wordcount weight="1" > fulfilment </wordcount>
    <wordcount weight="1" > comprises </wordcount>
    <wordcount weight="1" > tram </wordcount>
    <wordcount weight="1" > genotypical </wordcount>
    <wordcount weight="1" > significantly </wordcount>
    <wordcount weight="1" > reflecting </wordcount>
    <wordcount weight="1" > x </wordcount>
    <wordcount weight="1" > london </wordcount>
    <wordcount weight="1" > hereditary </wordcount>
    <wordcount weight="1" > city </wordcount>
    <wordcount weight="1" > previously </wordcount>
    <wordcount weight="1" > increase </wordcount>
    <wordcount weight="1" > edn </wordcount>
    <wordcount weight="1" > bottom </wordcount>
    <wordcount weight="1" > confined </wordcount>
    <wordcount weight="1" > bowls </wordcount>
    <wordcount weight="1" > topsoil </wordcount>
    <wordcount weight="1" > revealed </wordcount>
    <wordcount weight="1" > culvert </wordcount>
    <wordcount weight="1" > ten </wordcount>
    <wordcount weight="1" > bowl </wordcount>
    <wordcount weight="1" > investigated </wordcount>
    <wordcount weight="1" > gas </wordcount>
    <wordcount weight="1" > wallace </wordcount>
    <wordcount weight="1" > intermittent </wordcount>
    <wordcount weight="1" > place </wordcount>
    <wordcount weight="1" > botany </wordcount>
    <wordcount weight="1" > factor </wordcount>
    <wordcount weight="1" > missing </wordcount>
    <wordcount weight="1" > broad </wordcount>
    <wordcount weight="1" > beginnings </wordcount>
    <wordcount weight="1" > exceptionally </wordcount>
    <wordcount weight="1" > maintained </wordcount>
    <wordcount weight="1" > exist </wordcount>
    <wordcount weight="1" > trend </wordcount>
    <wordcount weight="1" > possessing </wordcount>
    <wordcount weight="1" > covariance </wordcount>
    <wordcount weight="1" > chosen </wordcount>
    <wordcount weight="1" > layer </wordcount>
    <wordcount weight="1" > previous </wordcount>
    <wordcount weight="1" > talquin </wordcount>
    <wordcount weight="1" > revision </wordcount>
    <wordcount weight="1" > gentoype </wordcount>
    <wordcount weight="1" > branching </wordcount>
    <wordcount weight="1" > bogin </wordcount>
    <wordcount weight="1" > involves </wordcount>
    <wordcount weight="1" > sprayed </wordcount>
    <wordcount weight="1" > uz </wordcount>
    <wordcount weight="1" > interpreted </wordcount>
    <wordcount weight="1" > requirements </wordcount>
    <wordcount weight="1" > quality </wordcount>
    <wordcount weight="1" > lersten </wordcount>
    <wordcount weight="1" > cambridge </wordcount>
    <wordcount weight="1" > surrounded </wordcount>
    <wordcount weight="1" > against </wordcount>
    <wordcount weight="1" > visited </wordcount>
    <wordcount weight="1" > stakes </wordcount>
    <wordcount weight="1" > national </wordcount>
    <wordcount weight="1" > fernald </wordcount>
    <wordcount weight="1" > analysed </wordcount>
    <wordcount weight="1" > taxonomic </wordcount>
    <wordcount weight="1" > america </wordcount>
    <wordcount weight="1" > relatively </wordcount>
    <wordcount weight="1" > responses </wordcount>
    <wordcount weight="1" > individual </wordcount>
    <wordcount weight="1" > successful </wordcount>
    <wordcount weight="1" > characterized </wordcount>
    <wordcount weight="1" > presented </wordcount>
    <wordcount weight="1" > field </wordcount>
    <wordcount weight="1" > morphologically </wordcount>
    <wordcount weight="1" > so </wordcount>
    <wordcount weight="1" > sur </wordcount>
    <wordcount weight="1" > optimum </wordcount>
    <wordcount weight="1" > styrofoam </wordcount>
    <wordcount weight="1" > creating </wordcount>
    <wordcount weight="1" > glass </wordcount>
    <wordcount weight="1" > involving </wordcount>
    <wordcount weight="1" > dry </wordcount>
    <wordcount weight="1" > kind </wordcount>
    <wordcount weight="1" > filled </wordcount>
    <wordcount weight="1" > philosophy </wordcount>
    <wordcount weight="1" > reaches </wordcount>
    <wordcount weight="1" > standard </wordcount>
    <wordcount weight="1" > measured </wordcount>
    <wordcount weight="1" > distinct </wordcount>
    <wordcount weight="1" > approximately </wordcount>
    <wordcount weight="1" > sprays </wordcount>
    <wordcount weight="1" > small </wordcount>
    <wordcount weight="1" > summary </wordcount>
    <wordcount weight="1" > david </wordcount>
    <wordcount weight="1" > respective </wordcount>
    <wordcount weight="1" > moved </wordcount>
    <wordcount weight="1" > severed </wordcount>
    <wordcount weight="1" > supported </wordcount>
    <wordcount weight="1" > eleven </wordcount>
    <wordcount weight="1" > june </wordcount>
    <wordcount weight="1" > wider </wordcount>
    <wordcount weight="1" > potential </wordcount>
    <wordcount weight="1" > hadjean </wordcount>
    <wordcount weight="1" > isjean </wordcount>
    <wordcount weight="1" > between </wordcount>
    <wordcount weight="1" > assumed </wordcount>
    <wordcount weight="1" > county </wordcount>
    <wordcount weight="1" > gene </wordcount>
    <wordcount weight="1" > bottoms </wordcount>
    <wordcount weight="1" > distinguished </wordcount>
    <wordcount weight="1" > aucilla </wordcount>
    <wordcount weight="1" > respectively </wordcount>
    <wordcount weight="1" > portions </wordcount>
    <wordcount weight="1" > consisted </wordcount>
    <wordcount weight="1" > offspring </wordcount>
    <wordcount weight="1" > correlate </wordcount>
    <wordcount weight="1" > twice </wordcount>
    <wordcount weight="1" > nels </wordcount>
    <wordcount weight="1" > tended </wordcount>
    <wordcount weight="1" > compare </wordcount>
    <wordcount weight="1" > pool </wordcount>
    <wordcount weight="1" > partial </wordcount>
    <wordcount weight="1" > v </wordcount>
    <wordcount weight="1" > alpin </wordcount>
    <wordcount weight="1" > generally </wordcount>
    <wordcount weight="1" > characters </wordcount>
    <wordcount weight="1" > slightly </wordcount>
    <wordcount weight="1" > df </wordcount>
    <wordcount weight="1" > fellowship </wordcount>
    <wordcount weight="1" > than </wordcount>
    <wordcount weight="1" > observed </wordcount>
    <wordcount weight="1" > spraying </wordcount>
    <wordcount weight="1" > labelled </wordcount>
    <wordcount weight="1" > angiosperms </wordcount>
    <wordcount weight="1" > grateful </wordcount>
    <wordcount weight="1" > modifications </wordcount>
    <wordcount weight="1" > influence </wordcount>
    <wordcount weight="1" > valuable </wordcount>
    <wordcount weight="1" > petiole </wordcount>
    <wordcount weight="1" > concluded </wordcount>
    <wordcount weight="1" > digging </wordcount>
    <wordcount weight="1" > tube </wordcount>
</article>
