<?xml version="1.0" encoding="UTF-8"?>
<article id="10.2307/2429288" >
    <wordcount weight="451" > the </wordcount>
    <wordcount weight="369" > of </wordcount>
    <wordcount weight="171" > in </wordcount>
    <wordcount weight="128" > and </wordcount>
    <wordcount weight="105" > to </wordcount>
    <wordcount weight="83" > is </wordcount>
    <wordcount weight="81" > a </wordcount>
    <wordcount weight="62" > be </wordcount>
    <wordcount weight="58" > from </wordcount>
    <wordcount weight="53" > that </wordcount>
    <wordcount weight="52" > pollen </wordcount>
    <wordcount weight="47" > it </wordcount>
    <wordcount weight="44" > may </wordcount>
    <wordcount weight="43" > which </wordcount>
    <wordcount weight="41" > this </wordcount>
    <wordcount weight="38" > on </wordcount>
    <wordcount weight="37" > was </wordcount>
    <wordcount weight="35" > by </wordcount>
    <wordcount weight="35" > population </wordcount>
    <wordcount weight="35" > were </wordcount>
    <wordcount weight="34" > with </wordcount>
    <wordcount weight="34" > are </wordcount>
    <wordcount weight="33" > populations </wordcount>
    <wordcount weight="32" > alpestre </wordcount>
    <wordcount weight="32" > species </wordcount>
    <wordcount weight="30" > as </wordcount>
    <wordcount weight="29" > t </wordcount>
    <wordcount weight="28" > there </wordcount>
    <wordcount weight="28" > genetic </wordcount>
    <wordcount weight="27" > no </wordcount>
    <wordcount weight="27" > i </wordcount>
    <wordcount weight="27" > number </wordcount>
    <wordcount weight="27" > breeding </wordcount>
    <wordcount weight="26" > or </wordcount>
    <wordcount weight="26" > but </wordcount>
    <wordcount weight="25" > some </wordcount>
    <wordcount weight="24" > for </wordcount>
    <wordcount weight="23" > been </wordcount>
    <wordcount weight="22" > flowers </wordcount>
    <wordcount weight="21" > at </wordcount>
    <wordcount weight="21" > between </wordcount>
    <wordcount weight="20" > plants </wordcount>
    <wordcount weight="20" > its </wordcount>
    <wordcount weight="19" > individuals </wordcount>
    <wordcount weight="19" > seed </wordcount>
    <wordcount weight="19" > those </wordcount>
    <wordcount weight="18" > per </wordcount>
    <wordcount weight="18" > each </wordcount>
    <wordcount weight="18" > seeds </wordcount>
    <wordcount weight="17" > these </wordcount>
    <wordcount weight="17" > system </wordcount>
    <wordcount weight="17" > has </wordcount>
    <wordcount weight="17" > would </wordcount>
    <wordcount weight="16" > mean </wordcount>
    <wordcount weight="16" > inflorescences </wordcount>
    <wordcount weight="15" > will </wordcount>
    <wordcount weight="15" > not </wordcount>
    <wordcount weight="15" > had </wordcount>
    <wordcount weight="15" > germination </wordcount>
    <wordcount weight="15" > intrapopulation </wordcount>
    <wordcount weight="15" > have </wordcount>
    <wordcount weight="14" > interpopulation </wordcount>
    <wordcount weight="14" > crossing </wordcount>
    <wordcount weight="14" > di </wordcount>
    <wordcount weight="14" > stigmas </wordcount>
    <wordcount weight="14" > thus </wordcount>
    <wordcount weight="14" > an </wordcount>
    <wordcount weight="14" > high </wordcount>
    <wordcount weight="14" > crosses </wordcount>
    <wordcount weight="13" > p </wordcount>
    <wordcount weight="13" > yards </wordcount>
    <wordcount weight="12" > lines </wordcount>
    <wordcount weight="12" > thlaspi </wordcount>
    <wordcount weight="12" > pollination </wordcount>
    <wordcount weight="12" > more </wordcount>
    <wordcount weight="12" > natural </wordcount>
    <wordcount weight="12" > artificial </wordcount>
    <wordcount weight="12" > amount </wordcount>
    <wordcount weight="11" > such </wordcount>
    <wordcount weight="11" > so </wordcount>
    <wordcount weight="11" > one </wordcount>
    <wordcount weight="11" > gene </wordcount>
    <wordcount weight="11" > than </wordcount>
    <wordcount weight="10" > insects </wordcount>
    <wordcount weight="10" > must </wordcount>
    <wordcount weight="10" > taken </wordcount>
    <wordcount weight="10" > other </wordcount>
    <wordcount weight="10" > data </wordcount>
    <wordcount weight="10" > size </wordcount>
    <wordcount weight="10" > variability </wordcount>
    <wordcount weight="10" > cent </wordcount>
    <wordcount weight="10" > area </wordcount>
    <wordcount weight="10" > stigma </wordcount>
    <wordcount weight="9" > therefore </wordcount>
    <wordcount weight="9" > rate </wordcount>
    <wordcount weight="9" > seems </wordcount>
    <wordcount weight="9" > total </wordcount>
    <wordcount weight="9" > before </wordcount>
    <wordcount weight="9" > pollinations </wordcount>
    <wordcount weight="9" > lead </wordcount>
    <wordcount weight="9" > within </wordcount>
    <wordcount weight="9" > released </wordcount>
    <wordcount weight="9" > upon </wordcount>
    <wordcount weight="9" > level </wordcount>
    <wordcount weight="9" > proportion </wordcount>
    <wordcount weight="9" > since </wordcount>
    <wordcount weight="9" > whilst </wordcount>
    <wordcount weight="8" > square </wordcount>
    <wordcount weight="8" > importance </wordcount>
    <wordcount weight="8" > about </wordcount>
    <wordcount weight="8" > all </wordcount>
    <wordcount weight="8" > greater </wordcount>
    <wordcount weight="8" > any </wordcount>
    <wordcount weight="8" > differences </wordcount>
    <wordcount weight="8" > less </wordcount>
    <wordcount weight="8" > inbred </wordcount>
    <wordcount weight="8" > estimate </wordcount>
    <wordcount weight="8" > influence </wordcount>
    <wordcount weight="7" > l </wordcount>
    <wordcount weight="7" > dispersal </wordcount>
    <wordcount weight="7" > limited </wordcount>
    <wordcount weight="7" > fertility </wordcount>
    <wordcount weight="7" > ralph </wordcount>
    <wordcount weight="7" > selfing </wordcount>
    <wordcount weight="7" > j </wordcount>
    <wordcount weight="7" > estimated </wordcount>
    <wordcount weight="7" > result </wordcount>
    <wordcount weight="7" > habitat </wordcount>
    <wordcount weight="7" > considerable </wordcount>
    <wordcount weight="7" > where </wordcount>
    <wordcount weight="7" > riley </wordcount>
    <wordcount weight="7" > distribution </wordcount>
    <wordcount weight="7" > when </wordcount>
    <wordcount weight="7" > opened </wordcount>
    <wordcount weight="7" > x </wordcount>
    <wordcount weight="7" > establishment </wordcount>
    <wordcount weight="7" > differentiation </wordcount>
    <wordcount weight="7" > genetically </wordcount>
    <wordcount weight="7" > individual </wordcount>
    <wordcount weight="7" > plant </wordcount>
    <wordcount weight="7" > several </wordcount>
    <wordcount weight="7" > migration </wordcount>
    <wordcount weight="7" > structure </wordcount>
    <wordcount weight="7" > fully </wordcount>
    <wordcount weight="7" > results </wordcount>
    <wordcount weight="7" > rates </wordcount>
    <wordcount weight="6" > phenotypic </wordcount>
    <wordcount weight="6" > flower </wordcount>
    <wordcount weight="6" > expanded </wordcount>
    <wordcount weight="6" > significant </wordcount>
    <wordcount weight="6" > likely </wordcount>
    <wordcount weight="6" > factors </wordcount>
    <wordcount weight="6" > table </wordcount>
    <wordcount weight="6" > due </wordcount>
    <wordcount weight="6" > considered </wordcount>
    <wordcount weight="6" > pollinated </wordcount>
    <wordcount weight="6" > selective </wordcount>
    <wordcount weight="6" > anthers </wordcount>
    <wordcount weight="6" > following </wordcount>
    <wordcount weight="6" > same </wordcount>
    <wordcount weight="6" > source </wordcount>
    <wordcount weight="6" > two </wordcount>
    <wordcount weight="6" > also </wordcount>
    <wordcount weight="6" > nature </wordcount>
    <wordcount weight="6" > found </wordcount>
    <wordcount weight="6" > new </wordcount>
    <wordcount weight="6" > floral </wordcount>
    <wordcount weight="6" > inflorescence </wordcount>
    <wordcount weight="6" > possible </wordcount>
    <wordcount weight="6" > exposed </wordcount>
    <wordcount weight="6" > dehiscence </wordcount>
    <wordcount weight="6" > evidence </wordcount>
    <wordcount weight="6" > three </wordcount>
    <wordcount weight="6" > either </wordcount>
    <wordcount weight="6" > few </wordcount>
    <wordcount weight="6" > mi </wordcount>
    <wordcount weight="6" > generation </wordcount>
    <wordcount weight="6" > mechanism </wordcount>
    <wordcount weight="5" > divergence </wordcount>
    <wordcount weight="5" > fertile </wordcount>
    <wordcount weight="5" > outcrossing </wordcount>
    <wordcount weight="5" > parent </wordcount>
    <wordcount weight="5" > counted </wordcount>
    <wordcount weight="5" > determine </wordcount>
    <wordcount weight="5" > their </wordcount>
    <wordcount weight="5" > selection </wordcount>
    <wordcount weight="5" > yard </wordcount>
    <wordcount weight="5" > being </wordcount>
    <wordcount weight="5" > over </wordcount>
    <wordcount weight="5" > insect </wordcount>
    <wordcount weight="5" > many </wordcount>
    <wordcount weight="5" > different </wordcount>
    <wordcount weight="5" > very </wordcount>
    <wordcount weight="5" > discussed </wordcount>
    <wordcount weight="5" > type </wordcount>
    <wordcount weight="5" > distance </wordcount>
    <wordcount weight="5" > range </wordcount>
    <wordcount weight="5" > petals </wordcount>
    <wordcount weight="5" > related </wordcount>
    <wordcount weight="5" > place </wordcount>
    <wordcount weight="5" > bud </wordcount>
    <wordcount weight="5" > low </wordcount>
    <wordcount weight="5" > open </wordcount>
    <wordcount weight="5" > conditions </wordcount>
    <wordcount weight="5" > interest </wordcount>
    <wordcount weight="5" > d </wordcount>
    <wordcount weight="5" > field </wordcount>
    <wordcount weight="5" > contamination </wordcount>
    <wordcount weight="5" > small </wordcount>
    <wordcount weight="5" > evolutionary </wordcount>
    <wordcount weight="5" > close </wordcount>
    <wordcount weight="5" > partial </wordcount>
    <wordcount weight="5" > widely </wordcount>
    <wordcount weight="4" > summed </wordcount>
    <wordcount weight="4" > barrier </wordcount>
    <wordcount weight="4" > main </wordcount>
    <wordcount weight="4" > groups </wordcount>
    <wordcount weight="4" > separated </wordcount>
    <wordcount weight="4" > receptive </wordcount>
    <wordcount weight="4" > parents </wordcount>
    <wordcount weight="4" > distributed </wordcount>
    <wordcount weight="4" > similar </wordcount>
    <wordcount weight="4" > often </wordcount>
    <wordcount weight="4" > situation </wordcount>
    <wordcount weight="4" > marginal </wordcount>
    <wordcount weight="4" > established </wordcount>
    <wordcount weight="4" > into </wordcount>
    <wordcount weight="4" > grains </wordcount>
    <wordcount weight="4" > then </wordcount>
    <wordcount weight="4" > constant </wordcount>
    <wordcount weight="4" > complete </wordcount>
    <wordcount weight="4" > comparison </wordcount>
    <wordcount weight="4" > most </wordcount>
    <wordcount weight="4" > only </wordcount>
    <wordcount weight="4" > isolation </wordcount>
    <wordcount weight="4" > genotypes </wordcount>
    <wordcount weight="4" > production </wordcount>
    <wordcount weight="4" > m </wordcount>
    <wordcount weight="4" > important </wordcount>
    <wordcount weight="4" > outbreeding </wordcount>
    <wordcount weight="4" > hybrid </wordcount>
    <wordcount weight="4" > teesdale </wordcount>
    <wordcount weight="4" > suitable </wordcount>
    <wordcount weight="4" > variation </wordcount>
    <wordcount weight="4" > present </wordcount>
    <wordcount weight="4" > stability </wordcount>
    <wordcount weight="4" > depends </wordcount>
    <wordcount weight="4" > material </wordcount>
    <wordcount weight="4" > extent </wordcount>
    <wordcount weight="4" > near </wordcount>
    <wordcount weight="4" > because </wordcount>
    <wordcount weight="4" > degree </wordcount>
    <wordcount weight="4" > failure </wordcount>
    <wordcount weight="4" > well </wordcount>
    <wordcount weight="4" > another </wordcount>
    <wordcount weight="4" > work </wordcount>
    <wordcount weight="4" > xmi </wordcount>
    <wordcount weight="4" > evolution </wordcount>
    <wordcount weight="4" > mine </wordcount>
    <wordcount weight="4" > statistically </wordcount>
    <wordcount weight="4" > should </wordcount>
    <wordcount weight="4" > ratios </wordcount>
    <wordcount weight="4" > occurs </wordcount>
    <wordcount weight="4" > distances </wordcount>
    <wordcount weight="4" > variance </wordcount>
    <wordcount weight="4" > phenotypes </wordcount>
    <wordcount weight="4" > random </wordcount>
    <wordcount weight="4" > removed </wordcount>
    <wordcount weight="4" > generally </wordcount>
    <wordcount weight="4" > counts </wordcount>
    <wordcount weight="4" > cross </wordcount>
    <wordcount weight="3" > poor </wordcount>
    <wordcount weight="3" > progeny </wordcount>
    <wordcount weight="3" > io </wordcount>
    <wordcount weight="3" > visits </wordcount>
    <wordcount weight="3" > carried </wordcount>
    <wordcount weight="3" > later </wordcount>
    <wordcount weight="3" > although </wordcount>
    <wordcount weight="3" > they </wordcount>
    <wordcount weight="3" > derived </wordcount>
    <wordcount weight="3" > interpretation </wordcount>
    <wordcount weight="3" > occupies </wordcount>
    <wordcount weight="3" > zygotes </wordcount>
    <wordcount weight="3" > ti </wordcount>
    <wordcount weight="3" > recombination </wordcount>
    <wordcount weight="3" > series </wordcount>
    <wordcount weight="3" > observations </wordcount>
    <wordcount weight="3" > occupied </wordcount>
    <wordcount weight="3" > way </wordcount>
    <wordcount weight="3" > occurrences </wordcount>
    <wordcount weight="3" > set </wordcount>
    <wordcount weight="3" > indicated </wordcount>
    <wordcount weight="3" > systems </wordcount>
    <wordcount weight="3" > available </wordcount>
    <wordcount weight="3" > control </wordcount>
    <wordcount weight="3" > crops </wordcount>
    <wordcount weight="3" > sizes </wordcount>
    <wordcount weight="3" > racemes </wordcount>
    <wordcount weight="3" > could </wordcount>
    <wordcount weight="3" > occurrence </wordcount>
    <wordcount weight="3" > broken </wordcount>
    <wordcount weight="3" > indicate </wordcount>
    <wordcount weight="3" > heavy </wordcount>
    <wordcount weight="3" > selfs </wordcount>
    <wordcount weight="3" > resulting </wordcount>
    <wordcount weight="3" > reproductive </wordcount>
    <wordcount weight="3" > quadrats </wordcount>
    <wordcount weight="3" > genotypic </wordcount>
    <wordcount weight="3" > necessary </wordcount>
    <wordcount weight="3" > maintain </wordcount>
    <wordcount weight="3" > spaced </wordcount>
    <wordcount weight="3" > local </wordcount>
    <wordcount weight="3" > determined </wordcount>
    <wordcount weight="3" > both </wordcount>
    <wordcount weight="3" > calculated </wordcount>
    <wordcount weight="3" > little </wordcount>
    <wordcount weight="3" > through </wordcount>
    <wordcount weight="3" > expression </wordcount>
    <wordcount weight="3" > operate </wordcount>
    <wordcount weight="3" > slight </wordcount>
    <wordcount weight="3" > shown </wordcount>
    <wordcount weight="3" > development </wordcount>
    <wordcount weight="3" > cambridge </wordcount>
    <wordcount weight="3" > made </wordcount>
    <wordcount weight="3" > relatively </wordcount>
    <wordcount weight="3" > protogynous </wordcount>
    <wordcount weight="3" > sp </wordcount>
    <wordcount weight="3" > heterogeneity </wordcount>
    <wordcount weight="3" > arise </wordcount>
    <wordcount weight="3" > mines </wordcount>
    <wordcount weight="3" > obtained </wordcount>
    <wordcount weight="3" > order </wordcount>
    <wordcount weight="3" > filaments </wordcount>
    <wordcount weight="3" > experimental </wordcount>
    <wordcount weight="3" > fertilization </wordcount>
    <wordcount weight="3" > especially </wordcount>
    <wordcount weight="3" > effective </wordcount>
    <wordcount weight="3" > emasculated </wordcount>
    <wordcount weight="3" > error </wordcount>
    <wordcount weight="3" > up </wordcount>
    <wordcount weight="3" > probably </wordcount>
    <wordcount weight="3" > hybrids </wordcount>
    <wordcount weight="3" > se </wordcount>
    <wordcount weight="2" > disused </wordcount>
    <wordcount weight="2" > geographical </wordcount>
    <wordcount weight="2" > habitats </wordcount>
    <wordcount weight="2" > recognized </wordcount>
    <wordcount weight="2" > flowering </wordcount>
    <wordcount weight="2" > tussocks </wordcount>
    <wordcount weight="2" > various </wordcount>
    <wordcount weight="2" > higher </wordcount>
    <wordcount weight="2" > sterile </wordcount>
    <wordcount weight="2" > rather </wordcount>
    <wordcount weight="2" > growth </wordcount>
    <wordcount weight="2" > five </wordcount>
    <wordcount weight="2" > environmental </wordcount>
    <wordcount weight="2" > favour </wordcount>
    <wordcount weight="2" > bags </wordcount>
    <wordcount weight="2" > frequently </wordcount>
    <wordcount weight="2" > seen </wordcount>
    <wordcount weight="2" > anther </wordcount>
    <wordcount weight="2" > make </wordcount>
    <wordcount weight="2" > garden </wordcount>
    <wordcount weight="2" > after </wordcount>
    <wordcount weight="2" > debris </wordcount>
    <wordcount weight="2" > large </wordcount>
    <wordcount weight="2" > emphasizes </wordcount>
    <wordcount weight="2" > disjunctions </wordcount>
    <wordcount weight="2" > imply </wordcount>
    <wordcount weight="2" > class </wordcount>
    <wordcount weight="2" > vicinity </wordcount>
    <wordcount weight="2" > travelled </wordcount>
    <wordcount weight="2" > sown </wordcount>
    <wordcount weight="2" > composed </wordcount>
    <wordcount weight="2" > types </wordcount>
    <wordcount weight="2" > adapted </wordcount>
    <wordcount weight="2" > examined </wordcount>
    <wordcount weight="2" > flexibility </wordcount>
    <wordcount weight="2" > occurred </wordcount>
    <wordcount weight="2" > hiesey </wordcount>
    <wordcount weight="2" > under </wordcount>
    <wordcount weight="2" > days </wordcount>
    <wordcount weight="2" > track </wordcount>
    <wordcount weight="2" > experiment </wordcount>
    <wordcount weight="2" > keck </wordcount>
    <wordcount weight="2" > situations </wordcount>
    <wordcount weight="2" > extension </wordcount>
    <wordcount weight="2" > n </wordcount>
    <wordcount weight="2" > visit </wordcount>
    <wordcount weight="2" > wright </wordcount>
    <wordcount weight="2" > pollinating </wordcount>
    <wordcount weight="2" > potential </wordcount>
    <wordcount weight="2" > suggested </wordcount>
    <wordcount weight="2" > others </wordcount>
    <wordcount weight="2" > quadrat </wordcount>
    <wordcount weight="2" > addition </wordcount>
    <wordcount weight="2" > ensure </wordcount>
    <wordcount weight="2" > paper </wordcount>
    <wordcount weight="2" > closely </wordcount>
    <wordcount weight="2" > s </wordcount>
    <wordcount weight="2" > uals </wordcount>
    <wordcount weight="2" > twenty </wordcount>
    <wordcount weight="2" > blocks </wordcount>
    <wordcount weight="2" > areas </wordcount>
    <wordcount weight="2" > advantage </wordcount>
    <wordcount weight="2" > blown </wordcount>
    <wordcount weight="2" > across </wordcount>
    <wordcount weight="2" > derivatives </wordcount>
    <wordcount weight="2" > visiting </wordcount>
    <wordcount weight="2" > combinations </wordcount>
    <wordcount weight="2" > seven </wordcount>
    <wordcount weight="2" > alternatively </wordcount>
    <wordcount weight="2" > out </wordcount>
    <wordcount weight="2" > larger </wordcount>
    <wordcount weight="2" > hundred </wordcount>
    <wordcount weight="2" > reveal </wordcount>
    <wordcount weight="2" > styles </wordcount>
    <wordcount weight="2" > reproduction </wordcount>
    <wordcount weight="2" > lethality </wordcount>
    <wordcount weight="2" > homozygous </wordcount>
    <wordcount weight="2" > burst </wordcount>
    <wordcount weight="2" > men </wordcount>
    <wordcount weight="2" > further </wordcount>
    <wordcount weight="2" > intervening </wordcount>
    <wordcount weight="2" > studies </wordcount>
    <wordcount weight="2" > difficult </wordcount>
    <wordcount weight="2" > assuming </wordcount>
    <wordcount weight="2" > unlikely </wordcount>
    <wordcount weight="2" > road </wordcount>
    <wordcount weight="2" > lethal </wordcount>
    <wordcount weight="2" > majority </wordcount>
    <wordcount weight="2" > british </wordcount>
    <wordcount weight="2" > takes </wordcount>
    <wordcount weight="2" > house </wordcount>
    <wordcount weight="2" > colony </wordcount>
    <wordcount weight="2" > perhaps </wordcount>
    <wordcount weight="2" > ripe </wordcount>
    <wordcount weight="2" > light </wordcount>
    <wordcount weight="2" > germinated </wordcount>
    <wordcount weight="2" > adaptation </wordcount>
    <wordcount weight="2" > av </wordcount>
    <wordcount weight="2" > style </wordcount>
    <wordcount weight="2" > amongst </wordcount>
    <wordcount weight="2" > information </wordcount>
    <wordcount weight="2" > extended </wordcount>
    <wordcount weight="2" > treated </wordcount>
    <wordcount weight="2" > occasionally </wordcount>
    <wordcount weight="2" > g </wordcount>
    <wordcount weight="2" > significantly </wordcount>
    <wordcount weight="2" > incompatibility </wordcount>
    <wordcount weight="2" > far </wordcount>
    <wordcount weight="2" > proportions </wordcount>
    <wordcount weight="2" > increase </wordcount>
    <wordcount weight="2" > along </wordcount>
    <wordcount weight="2" > adaptive </wordcount>
    <wordcount weight="2" > samples </wordcount>
    <wordcount weight="2" > revealed </wordcount>
    <wordcount weight="2" > waste </wordcount>
    <wordcount weight="2" > unfortunately </wordcount>
    <wordcount weight="2" > largely </wordcount>
    <wordcount weight="2" > obtain </wordcount>
    <wordcount weight="2" > during </wordcount>
    <wordcount weight="2" > much </wordcount>
    <wordcount weight="2" > central </wordcount>
    <wordcount weight="2" > resolved </wordcount>
    <wordcount weight="2" > transported </wordcount>
    <wordcount weight="2" > constancy </wordcount>
    <wordcount weight="2" > spacing </wordcount>
    <wordcount weight="2" > immediate </wordcount>
    <wordcount weight="2" > difference </wordcount>
    <wordcount weight="2" > transport </wordcount>
    <wordcount weight="2" > against </wordcount>
    <wordcount weight="2" > de </wordcount>
    <wordcount weight="2" > maintenance </wordcount>
    <wordcount weight="2" > regarded </wordcount>
    <wordcount weight="2" > selfed </wordcount>
    <wordcount weight="2" > known </wordcount>
    <wordcount weight="2" > successful </wordcount>
    <wordcount weight="2" > miners </wordcount>
    <wordcount weight="2" > stage </wordcount>
    <wordcount weight="2" > tested </wordcount>
    <wordcount weight="2" > collected </wordcount>
    <wordcount weight="2" > without </wordcount>
    <wordcount weight="2" > probable </wordcount>
    <wordcount weight="2" > assumed </wordcount>
    <wordcount weight="2" > oldest </wordcount>
    <wordcount weight="2" > distinct </wordcount>
    <wordcount weight="2" > self </wordcount>
    <wordcount weight="2" > contingency </wordcount>
    <wordcount weight="2" > fitness </wordcount>
    <wordcount weight="2" > components </wordcount>
    <wordcount weight="2" > presence </wordcount>
    <wordcount weight="2" > compromise </wordcount>
    <wordcount weight="2" > become </wordcount>
    <wordcount weight="2" > c </wordcount>
    <wordcount weight="2" > arranged </wordcount>
    <wordcount weight="2" > britain </wordcount>
    <wordcount weight="2" > compare </wordcount>
    <wordcount weight="2" > selectively </wordcount>
    <wordcount weight="2" > fruiting </wordcount>
    <wordcount weight="2" > even </wordcount>
    <wordcount weight="2" > differ </wordcount>
    <wordcount weight="2" > dependent </wordcount>
    <wordcount weight="2" > bees </wordcount>
    <wordcount weight="2" > apparently </wordcount>
    <wordcount weight="2" > line </wordcount>
    <wordcount weight="2" > relative </wordcount>
    <wordcount weight="2" > value </wordcount>
    <wordcount weight="2" > newly </wordcount>
    <wordcount weight="2" > favoured </wordcount>
    <wordcount weight="2" > major </wordcount>
    <wordcount weight="2" > visitors </wordcount>
    <wordcount weight="2" > product </wordcount>
    <wordcount weight="2" > separate </wordcount>
    <wordcount weight="2" > heterogeneous </wordcount>
    <wordcount weight="2" > brassica </wordcount>
    <wordcount weight="1" > subsequently </wordcount>
    <wordcount weight="1" > scoring </wordcount>
    <wordcount weight="1" > maximum </wordcount>
    <wordcount weight="1" > sewall </wordcount>
    <wordcount weight="1" > disjunct </wordcount>
    <wordcount weight="1" > south </wordcount>
    <wordcount weight="1" > european </wordcount>
    <wordcount weight="1" > entomophilous </wordcount>
    <wordcount weight="1" > permits </wordcount>
    <wordcount weight="1" > increasing </wordcount>
    <wordcount weight="1" > leguminosae </wordcount>
    <wordcount weight="1" > moor </wordcount>
    <wordcount weight="1" > if </wordcount>
    <wordcount weight="1" > operation </wordcount>
    <wordcount weight="1" > suggestion </wordcount>
    <wordcount weight="1" > reproductively </wordcount>
    <wordcount weight="1" > och </wordcount>
    <wordcount weight="1" > he </wordcount>
    <wordcount weight="1" > lyon </wordcount>
    <wordcount weight="1" > approximate </wordcount>
    <wordcount weight="1" > adequate </wordcount>
    <wordcount weight="1" > minor </wordcount>
    <wordcount weight="1" > frequent </wordcount>
    <wordcount weight="1" > genuinely </wordcount>
    <wordcount weight="1" > rebagged </wordcount>
    <wordcount weight="1" > note </wordcount>
    <wordcount weight="1" > bailey </wordcount>
    <wordcount weight="1" > detected </wordcount>
    <wordcount weight="1" > contact </wordcount>
    <wordcount weight="1" > common </wordcount>
    <wordcount weight="1" > ripening </wordcount>
    <wordcount weight="1" > grasshill </wordcount>
    <wordcount weight="1" > mendips </wordcount>
    <wordcount weight="1" > act </wordcount>
    <wordcount weight="1" > seventeen </wordcount>
    <wordcount weight="1" > lesser </wordcount>
    <wordcount weight="1" > figure </wordcount>
    <wordcount weight="1" > bring </wordcount>
    <wordcount weight="1" > ecological </wordcount>
    <wordcount weight="1" > bateman </wordcount>
    <wordcount weight="1" > germinates </wordcount>
    <wordcount weight="1" > tion </wordcount>
    <wordcount weight="1" > names </wordcount>
    <wordcount weight="1" > effected </wordcount>
    <wordcount weight="1" > carnegie </wordcount>
    <wordcount weight="1" > checks </wordcount>
    <wordcount weight="1" > androecium </wordcount>
    <wordcount weight="1" > developed </wordcount>
    <wordcount weight="1" > f </wordcount>
    <wordcount weight="1" > nectar </wordcount>
    <wordcount weight="1" > recessive </wordcount>
    <wordcount weight="1" > district </wordcount>
    <wordcount weight="1" > overall </wordcount>
    <wordcount weight="1" > z </wordcount>
    <wordcount weight="1" > cruciferous </wordcount>
    <wordcount weight="1" > biotypes </wordcount>
    <wordcount weight="1" > rough </wordcount>
    <wordcount weight="1" > reasonable </wordcount>
    <wordcount weight="1" > vague </wordcount>
    <wordcount weight="1" > adrastinae </wordcount>
    <wordcount weight="1" > junction </wordcount>
    <wordcount weight="1" > extreme </wordcount>
    <wordcount weight="1" > randomly </wordcount>
    <wordcount weight="1" > levels </wordcount>
    <wordcount weight="1" > panmictic </wordcount>
    <wordcount weight="1" > biol </wordcount>
    <wordcount weight="1" > tz </wordcount>
    <wordcount weight="1" > widespread </wordcount>
    <wordcount weight="1" > male </wordcount>
    <wordcount weight="1" > derbyshire </wordcount>
    <wordcount weight="1" > spp </wordcount>
    <wordcount weight="1" > genotypically </wordcount>
    <wordcount weight="1" > e </wordcount>
    <wordcount weight="1" > brushing </wordcount>
    <wordcount weight="1" > abnormal </wordcount>
    <wordcount weight="1" > attempt </wordcount>
    <wordcount weight="1" > environments </wordcount>
    <wordcount weight="1" > spacings </wordcount>
    <wordcount weight="1" > outline </wordcount>
    <wordcount weight="1" > detailed </wordcount>
    <wordcount weight="1" > brittle </wordcount>
    <wordcount weight="1" > considerably </wordcount>
    <wordcount weight="1" > itself </wordcount>
    <wordcount weight="1" > preferentially </wordcount>
    <wordcount weight="1" > probability </wordcount>
    <wordcount weight="1" > rare </wordcount>
    <wordcount weight="1" > localization </wordcount>
    <wordcount weight="1" > heterozygous </wordcount>
    <wordcount weight="1" > precedes </wordcount>
    <wordcount weight="1" > remaining </wordcount>
    <wordcount weight="1" > needs </wordcount>
    <wordcount weight="1" > greenhouse </wordcount>
    <wordcount weight="1" > protrudes </wordcount>
    <wordcount weight="1" > group </wordcount>
    <wordcount weight="1" > movement </wordcount>
    <wordcount weight="1" > perennial </wordcount>
    <wordcount weight="1" > distribute </wordcount>
    <wordcount weight="1" > interesting </wordcount>
    <wordcount weight="1" > utsadesforenings </wordcount>
    <wordcount weight="1" > direct </wordcount>
    <wordcount weight="1" > roads </wordcount>
    <wordcount weight="1" > parts </wordcount>
    <wordcount weight="1" > partially </wordcount>
    <wordcount weight="1" > vitserap </wordcount>
    <wordcount weight="1" > whole </wordcount>
    <wordcount weight="1" > sandy </wordcount>
    <wordcount weight="1" > backcrosses </wordcount>
    <wordcount weight="1" > study </wordcount>
    <wordcount weight="1" > selfpollination </wordcount>
    <wordcount weight="1" > oyards </wordcount>
    <wordcount weight="1" > analysis </wordcount>
    <wordcount weight="1" > distant </wordcount>
    <wordcount weight="1" > continually </wordcount>
    <wordcount weight="1" > mortality </wordcount>
    <wordcount weight="1" > sheffield </wordcount>
    <wordcount weight="1" > animals </wordcount>
    <wordcount weight="1" > something </wordcount>
    <wordcount weight="1" > listed </wordcount>
    <wordcount weight="1" > consequences </wordcount>
    <wordcount weight="1" > sets </wordcount>
    <wordcount weight="1" > yet </wordcount>
    <wordcount weight="1" > igneous </wordcount>
    <wordcount weight="1" > rock </wordcount>
    <wordcount weight="1" > countsgenecology </wordcount>
    <wordcount weight="1" > completely </wordcount>
    <wordcount weight="1" > matlock </wordcount>
    <wordcount weight="1" > fit </wordcount>
    <wordcount weight="1" > drawings </wordcount>
    <wordcount weight="1" > makes </wordcount>
    <wordcount weight="1" > perpetuation </wordcount>
    <wordcount weight="1" > owing </wordcount>
    <wordcount weight="1" > older </wordcount>
    <wordcount weight="1" > applied </wordcount>
    <wordcount weight="1" > freely </wordcount>
    <wordcount weight="1" > microscope </wordcount>
    <wordcount weight="1" > themselves </wordcount>
    <wordcount weight="1" > plus </wordcount>
    <wordcount weight="1" > forest </wordcount>
    <wordcount weight="1" > short </wordcount>
    <wordcount weight="1" > tribe </wordcount>
    <wordcount weight="1" > speculative </wordcount>
    <wordcount weight="1" > former </wordcount>
    <wordcount weight="1" > restricted </wordcount>
    <wordcount weight="1" > exposure </wordcount>
    <wordcount weight="1" > university </wordcount>
    <wordcount weight="1" > consider </wordcount>
    <wordcount weight="1" > fyfe </wordcount>
    <wordcount weight="1" > seem </wordcount>
    <wordcount weight="1" > position </wordcount>
    <wordcount weight="1" > anthesis </wordcount>
    <wordcount weight="1" > darlington </wordcount>
    <wordcount weight="1" > hos </wordcount>
    <wordcount weight="1" > history </wordcount>
    <wordcount weight="1" > cover </wordcount>
    <wordcount weight="1" > homogeneous </wordcount>
    <wordcount weight="1" > experiments </wordcount>
    <wordcount weight="1" > k </wordcount>
    <wordcount weight="1" > proposed </wordcount>
    <wordcount weight="1" > capsule </wordcount>
    <wordcount weight="1" > diploid </wordcount>
    <wordcount weight="1" > promotes </wordcount>
    <wordcount weight="1" > dispersed </wordcount>
    <wordcount weight="1" > bend </wordcount>
    <wordcount weight="1" > ou </wordcount>
    <wordcount weight="1" > occasions </wordcount>
    <wordcount weight="1" > conclusion </wordcount>
    <wordcount weight="1" > exceeds </wordcount>
    <wordcount weight="1" > colonial </wordcount>
    <wordcount weight="1" > absence </wordcount>
    <wordcount weight="1" > diversity </wordcount>
    <wordcount weight="1" > changing </wordcount>
    <wordcount weight="1" > graden </wordcount>
    <wordcount weight="1" > largest </wordcount>
    <wordcount weight="1" > already </wordcount>
    <wordcount weight="1" > age </wordcount>
    <wordcount weight="1" > respective </wordcount>
    <wordcount weight="1" > always </wordcount>
    <wordcount weight="1" > department </wordcount>
    <wordcount weight="1" > agents </wordcount>
    <wordcount weight="1" > outcrosses </wordcount>
    <wordcount weight="1" > extensive </wordcount>
    <wordcount weight="1" > dehiscent </wordcount>
    <wordcount weight="1" > diallel </wordcount>
    <wordcount weight="1" > flora </wordcount>
    <wordcount weight="1" > noted </wordcount>
    <wordcount weight="1" > detect </wordcount>
    <wordcount weight="1" > unbroken </wordcount>
    <wordcount weight="1" > first </wordcount>
    <wordcount weight="1" > tutin </wordcount>
    <wordcount weight="1" > continual </wordcount>
    <wordcount weight="1" > neighbouring </wordcount>
    <wordcount weight="1" > surface </wordcount>
    <wordcount weight="1" > errors </wordcount>
    <wordcount weight="1" > precise </wordcount>
    <wordcount weight="1" > beyond </wordcount>
    <wordcount weight="1" > dr </wordcount>
    <wordcount weight="1" > hover </wordcount>
    <wordcount weight="1" > observation </wordcount>
    <wordcount weight="1" > useful </wordcount>
    <wordcount weight="1" > separately </wordcount>
    <wordcount weight="1" > beans </wordcount>
    <wordcount weight="1" > long </wordcount>
    <wordcount weight="1" > knuth </wordcount>
    <wordcount weight="1" > provide </wordcount>
    <wordcount weight="1" > comparing </wordcount>
    <wordcount weight="1" > certainly </wordcount>
    <wordcount weight="1" > apomicts </wordcount>
    <wordcount weight="1" > sums </wordcount>
    <wordcount weight="1" > compensation </wordcount>
    <wordcount weight="1" > infrequent </wordcount>
    <wordcount weight="1" > statistical </wordcount>
    <wordcount weight="1" > movements </wordcount>
    <wordcount weight="1" > marker </wordcount>
    <wordcount weight="1" > individindividproporflowers </wordcount>
    <wordcount weight="1" > capsules </wordcount>
    <wordcount weight="1" > care </wordcount>
    <wordcount weight="1" > ii </wordcount>
    <wordcount weight="1" > technique </wordcount>
    <wordcount weight="1" > severely </wordcount>
    <wordcount weight="1" > dug </wordcount>
    <wordcount weight="1" > know </wordcount>
    <wordcount weight="1" > outcome </wordcount>
    <wordcount weight="1" > herdship </wordcount>
    <wordcount weight="1" > genecology </wordcount>
    <wordcount weight="1" > rapid </wordcount>
    <wordcount weight="1" > view </wordcount>
    <wordcount weight="1" > similarly </wordcount>
    <wordcount weight="1" > safety </wordcount>
    <wordcount weight="1" > actual </wordcount>
    <wordcount weight="1" > promoting </wordcount>
    <wordcount weight="1" > stem </wordcount>
    <wordcount weight="1" > intraspecific </wordcount>
    <wordcount weight="1" > winter </wordcount>
    <wordcount weight="1" > clausen </wordcount>
    <wordcount weight="1" > discerned </wordcount>
    <wordcount weight="1" > behaviour </wordcount>
    <wordcount weight="1" > sv </wordcount>
    <wordcount weight="1" > release </wordcount>
    <wordcount weight="1" > cellophane </wordcount>
    <wordcount weight="1" > foreign </wordcount>
    <wordcount weight="1" > raceme </wordcount>
    <wordcount weight="1" > specialized </wordcount>
    <wordcount weight="1" > speciation </wordcount>
    <wordcount weight="1" > december </wordcount>
    <wordcount weight="1" > based </wordcount>
    <wordcount weight="1" > shows </wordcount>
    <wordcount weight="1" > raps </wordcount>
    <wordcount weight="1" > reach </wordcount>
    <wordcount weight="1" > ubiquitous </wordcount>
    <wordcount weight="1" > consideration </wordcount>
    <wordcount weight="1" > exploration </wordcount>
    <wordcount weight="1" > oleifera </wordcount>
    <wordcount weight="1" > included </wordcount>
    <wordcount weight="1" > might </wordcount>
    <wordcount weight="1" > head </wordcount>
    <wordcount weight="1" > stimulus </wordcount>
    <wordcount weight="1" > nevertheless </wordcount>
    <wordcount weight="1" > ann </wordcount>
    <wordcount weight="1" > genecological </wordcount>
    <wordcount weight="1" > great </wordcount>
    <wordcount weight="1" > reasons </wordcount>
    <wordcount weight="1" > determines </wordcount>
    <wordcount weight="1" > indeed </wordcount>
    <wordcount weight="1" > disturbed </wordcount>
    <wordcount weight="1" > faba </wordcount>
    <wordcount weight="1" > counting </wordcount>
    <wordcount weight="1" > advice </wordcount>
    <wordcount weight="1" > time </wordcount>
    <wordcount weight="1" > arisen </wordcount>
    <wordcount weight="1" > la </wordcount>
    <wordcount weight="1" > achievement </wordcount>
    <wordcount weight="1" > selfand </wordcount>
    <wordcount weight="1" > users </wordcount>
    <wordcount weight="1" > scotland </wordcount>
    <wordcount weight="1" > relation </wordcount>
    <wordcount weight="1" > clearly </wordcount>
    <wordcount weight="1" > warburg </wordcount>
    <wordcount weight="1" > closer </wordcount>
    <wordcount weight="1" > cence </wordcount>
    <wordcount weight="1" > grows </wordcount>
    <wordcount weight="1" > wasp </wordcount>
    <wordcount weight="1" > vicia </wordcount>
    <wordcount weight="1" > remain </wordcount>
    <wordcount weight="1" > initially </wordcount>
    <wordcount weight="1" > liberal </wordcount>
    <wordcount weight="1" > doubt </wordcount>
    <wordcount weight="1" > poisson </wordcount>
    <wordcount weight="1" > examining </wordcount>
    <wordcount weight="1" > help </wordcount>
    <wordcount weight="1" > almost </wordcount>
    <wordcount weight="1" > enlarged </wordcount>
    <wordcount weight="1" > damage </wordcount>
    <wordcount weight="1" > topographically </wordcount>
    <wordcount weight="1" > passage </wordcount>
    <wordcount weight="1" > taxonomy </wordcount>
    <wordcount weight="1" > plantago </wordcount>
    <wordcount weight="1" > limit </wordcount>
    <wordcount weight="1" > segregants </wordcount>
    <wordcount weight="1" > merely </wordcount>
    <wordcount weight="1" > plantation </wordcount>
    <wordcount weight="1" > person </wordcount>
    <wordcount weight="1" > mind </wordcount>
    <wordcount weight="1" > density </wordcount>
    <wordcount weight="1" > handbook </wordcount>
    <wordcount weight="1" > adjacent </wordcount>
    <wordcount weight="1" > likelihood </wordcount>
    <wordcount weight="1" > soc </wordcount>
    <wordcount weight="1" > heredityi </wordcount>
    <wordcount weight="1" > ground </wordcount>
    <wordcount weight="1" > normal </wordcount>
    <wordcount weight="1" > continuous </wordcount>
    <wordcount weight="1" > according </wordcount>
    <wordcount weight="1" > topcrosses </wordcount>
    <wordcount weight="1" > expressed </wordcount>
    <wordcount weight="1" > mainly </wordcount>
    <wordcount weight="1" > slaley </wordcount>
    <wordcount weight="1" > heterosis </wordcount>
    <wordcount weight="1" > neighbourhood </wordcount>
    <wordcount weight="1" > seedling </wordcount>
    <wordcount weight="1" > moderate </wordcount>
    <wordcount weight="1" > equate </wordcount>
    <wordcount weight="1" > award </wordcount>
    <wordcount weight="1" > device </wordcount>
    <wordcount weight="1" > combined </wordcount>
    <wordcount weight="1" > context </wordcount>
    <wordcount weight="1" > spatial </wordcount>
    <wordcount weight="1" > them </wordcount>
    <wordcount weight="1" > mixmi </wordcount>
    <wordcount weight="1" > recently </wordcount>
    <wordcount weight="1" > selected </wordcount>
    <wordcount weight="1" > form </wordcount>
    <wordcount weight="1" > criterion </wordcount>
    <wordcount weight="1" > excess </wordcount>
    <wordcount weight="1" > standard </wordcount>
    <wordcount weight="1" > korabefruktning </wordcount>
    <wordcount weight="1" > acknowledged </wordcount>
    <wordcount weight="1" > outstanding </wordcount>
    <wordcount weight="1" > forestry </wordcount>
    <wordcount weight="1" > however </wordcount>
    <wordcount weight="1" > heaps </wordcount>
    <wordcount weight="1" > bradycera </wordcount>
    <wordcount weight="1" > appears </wordcount>
    <wordcount weight="1" > tiny </wordcount>
    <wordcount weight="1" > required </wordcount>
    <wordcount weight="1" > layer </wordcount>
    <wordcount weight="1" > frequency </wordcount>
    <wordcount weight="1" > travel </wordcount>
    <wordcount weight="1" > ignoring </wordcount>
    <wordcount weight="1" > clone </wordcount>
    <wordcount weight="1" > densities </wordcount>
    <wordcount weight="1" > thegenecology </wordcount>
    <wordcount weight="1" > stations </wordcount>
    <wordcount weight="1" > planted </wordcount>
    <wordcount weight="1" > version </wordcount>
    <wordcount weight="1" > discuss </wordcount>
    <wordcount weight="1" > trays </wordcount>
    <wordcount weight="1" > mendelian </wordcount>
    <wordcount weight="1" > alston </wordcount>
    <wordcount weight="1" > lated </wordcount>
    <wordcount weight="1" > alba </wordcount>
    <wordcount weight="1" > balance </wordcount>
    <wordcount weight="1" > account </wordcount>
    <wordcount weight="1" > demonstrated </wordcount>
    <wordcount weight="1" > polygenetic </wordcount>
    <wordcount weight="1" > generations </wordcount>
    <wordcount weight="1" > carry </wordcount>
    <wordcount weight="1" > suggests </wordcount>
    <wordcount weight="1" > tineidae </wordcount>
    <wordcount weight="1" > marked </wordcount>
    <wordcount weight="1" > w </wordcount>
    <wordcount weight="1" > winch </wordcount>
    <wordcount weight="1" > mapped </wordcount>
    <wordcount weight="1" > discussion </wordcount>
    <wordcount weight="1" > aspects </wordcount>
    <wordcount weight="1" > island </wordcount>
    <wordcount weight="1" > napus </wordcount>
    <wordcount weight="1" > divided </wordcount>
    <wordcount weight="1" > rowberrow </wordcount>
    <wordcount weight="1" > rum </wordcount>
    <wordcount weight="1" > suitability </wordcount>
    <wordcount weight="1" > depend </wordcount>
    <wordcount weight="1" > syrphidae </wordcount>
    <wordcount weight="1" > reached </wordcount>
    <wordcount weight="1" > sativus </wordcount>
    <wordcount weight="1" > own </wordcount>
    <wordcount weight="1" > reduce </wordcount>
    <wordcount weight="1" > october </wordcount>
    <wordcount weight="1" > comprise </wordcount>
    <wordcount weight="1" > eleven </wordcount>
    <wordcount weight="1" > move </wordcount>
    <wordcount weight="1" > attractive </wordcount>
    <wordcount weight="1" > bear </wordcount>
    <wordcount weight="1" > nine </wordcount>
    <wordcount weight="1" > plantes </wordcount>
    <wordcount weight="1" > outwards </wordcount>
    <wordcount weight="1" > forage </wordcount>
    <wordcount weight="1" > entire </wordcount>
    <wordcount weight="1" > nearest </wordcount>
    <wordcount weight="1" > member </wordcount>
    <wordcount weight="1" > classes </wordcount>
    <wordcount weight="1" > o </wordcount>
    <wordcount weight="1" > chromosomes </wordcount>
    <wordcount weight="1" > leguminous </wordcount>
    <wordcount weight="1" > beck </wordcount>
    <wordcount weight="1" > estimates </wordcount>
    <wordcount weight="1" > except </wordcount>
    <wordcount weight="1" > part </wordcount>
    <wordcount weight="1" > composition </wordcount>
    <wordcount weight="1" > consequent </wordcount>
    <wordcount weight="1" > purpose </wordcount>
    <wordcount weight="1" > unadapted </wordcount>
    <wordcount weight="1" > sinapis </wordcount>
    <wordcount weight="1" > raphanus </wordcount>
    <wordcount weight="1" > resources </wordcount>
    <wordcount weight="1" > apparent </wordcount>
    <wordcount weight="1" > inheritance </wordcount>
    <wordcount weight="1" > unpredictable </wordcount>
    <wordcount weight="1" > bottom </wordcount>
    <wordcount weight="1" > confined </wordcount>
    <wordcount weight="1" > quickly </wordcount>
    <wordcount weight="1" > role </wordcount>
    <wordcount weight="1" > test </wordcount>
    <wordcount weight="1" > terms </wordcount>
    <wordcount weight="1" > obligatorily </wordcount>
    <wordcount weight="1" > adaptations </wordcount>
    <wordcount weight="1" > undersoking </wordcount>
    <wordcount weight="1" > subject </wordcount>
    <wordcount weight="1" > crosspollination </wordcount>
    <wordcount weight="1" > pennines </wordcount>
    <wordcount weight="1" > regulated </wordcount>
    <wordcount weight="1" > visualize </wordcount>
    <wordcount weight="1" > entirely </wordcount>
    <wordcount weight="1" > moss </wordcount>
    <wordcount weight="1" > exceeded </wordcount>
    <wordcount weight="1" > use </wordcount>
    <wordcount weight="1" > fixation </wordcount>
    <wordcount weight="1" > implications </wordcount>
    <wordcount weight="1" > loam </wordcount>
    <wordcount weight="1" > differing </wordcount>
    <wordcount weight="1" > complement </wordcount>
    <wordcount weight="1" > apomictic </wordcount>
    <wordcount weight="1" > fail </wordcount>
    <wordcount weight="1" > phenotype </wordcount>
    <wordcount weight="1" > divergences </wordcount>
    <wordcount weight="1" > factor </wordcount>
    <wordcount weight="1" > tees </wordcount>
    <wordcount weight="1" > causes </wordcount>
    <wordcount weight="1" > demonstrates </wordcount>
    <wordcount weight="1" > controlled </wordcount>
    <wordcount weight="1" > ashgill </wordcount>
    <wordcount weight="1" > maintained </wordcount>
    <wordcount weight="1" > isolated </wordcount>
    <wordcount weight="1" > pleasure </wordcount>
    <wordcount weight="1" > li </wordcount>
    <wordcount weight="1" > segregation </wordcount>
    <wordcount weight="1" > increasingly </wordcount>
    <wordcount weight="1" > aspect </wordcount>
    <wordcount weight="1" > thoday </wordcount>
    <wordcount weight="1" > varied </wordcount>
    <wordcount weight="1" > internally </wordcount>
    <wordcount weight="1" > unexplored </wordcount>
    <wordcount weight="1" > throughout </wordcount>
    <wordcount weight="1" > come </wordcount>
    <wordcount weight="1" > reduction </wordcount>
    <wordcount weight="1" > chosen </wordcount>
    <wordcount weight="1" > markers </wordcount>
    <wordcount weight="1" > previous </wordcount>
    <wordcount weight="1" > persist </wordcount>
    <wordcount weight="1" > reflect </wordcount>
    <wordcount weight="1" > selfings </wordcount>
    <wordcount weight="1" > observed </wordcount>
    <wordcount weight="1" > origins </wordcount>
    <wordcount weight="1" > relationships </wordcount>
    <wordcount weight="1" > germinate </wordcount>
    <wordcount weight="1" > until </wordcount>
    <wordcount weight="1" > theygenecology </wordcount>
    <wordcount weight="1" > survival </wordcount>
    <wordcount weight="1" > diptera </wordcount>
    <wordcount weight="1" > difficulties </wordcount>
    <wordcount weight="1" > variabilitywithin </wordcount>
    <wordcount weight="1" > biennial </wordcount>
    <wordcount weight="1" > plusiers </wordcount>
    <wordcount weight="1" > disappear </wordcount>
    <wordcount weight="1" > inbreeding </wordcount>
    <wordcount weight="1" > clear </wordcount>
    <wordcount weight="1" > allimportant </wordcount>
    <wordcount weight="1" > germinating </wordcount>
    <wordcount weight="1" > do </wordcount>
    <wordcount weight="1" > intraand </wordcount>
    <wordcount weight="1" > nonfertilization </wordcount>
    <wordcount weight="1" > directed </wordcount>
    <wordcount weight="1" > authors </wordcount>
    <wordcount weight="1" > fertilizations </wordcount>
    <wordcount weight="1" > wind </wordcount>
    <wordcount weight="1" > certain </wordcount>
    <wordcount weight="1" > unknowns </wordcount>
    <wordcount weight="1" > taxonomic </wordcount>
    <wordcount weight="1" > isles </wordcount>
    <wordcount weight="1" > change </wordcount>
    <wordcount weight="1" > characteristic </wordcount>
    <wordcount weight="1" > general </wordcount>
    <wordcount weight="1" > least </wordcount>
    <wordcount weight="1" > organism </wordcount>
    <wordcount weight="1" > carriage </wordcount>
    <wordcount weight="1" > period </wordcount>
    <wordcount weight="1" > agric </wordcount>
    <wordcount weight="1" > sur </wordcount>
    <wordcount weight="1" > bagged </wordcount>
    <wordcount weight="1" > smaller </wordcount>
    <wordcount weight="1" > ability </wordcount>
    <wordcount weight="1" > suggest </wordcount>
    <wordcount weight="1" > stained </wordcount>
    <wordcount weight="1" > assured </wordcount>
    <wordcount weight="1" > coalesced </wordcount>
    <wordcount weight="1" > france </wordcount>
    <wordcount weight="1" > stages </wordcount>
    <wordcount weight="1" > ended </wordcount>
    <wordcount weight="1" > rapa </wordcount>
    <wordcount weight="1" > greenhurth </wordcount>
    <wordcount weight="1" > earlier </wordcount>
    <wordcount weight="1" > turn </wordcount>
    <wordcount weight="1" > reaches </wordcount>
    <wordcount weight="1" > noticeable </wordcount>
    <wordcount weight="1" > quite </wordcount>
    <wordcount weight="1" > cases </wordcount>
    <wordcount weight="1" > theoretical </wordcount>
    <wordcount weight="1" > extremely </wordcount>
    <wordcount weight="1" > maintaining </wordcount>
    <wordcount weight="1" > old </wordcount>
    <wordcount weight="1" > increased </wordcount>
    <wordcount weight="1" > genes </wordcount>
    <wordcount weight="1" > linnegenne </wordcount>
    <wordcount weight="1" > consist </wordcount>
    <wordcount weight="1" > summary </wordcount>
    <wordcount weight="1" > emasculations </wordcount>
    <wordcount weight="1" > buds </wordcount>
    <wordcount weight="1" > gynaecium </wordcount>
    <wordcount weight="1" > unidentified </wordcount>
    <wordcount weight="1" > unexpanded </wordcount>
    <wordcount weight="1" > trout </wordcount>
    <wordcount weight="1" > concerning </wordcount>
    <wordcount weight="1" > specific </wordcount>
    <wordcount weight="1" > potentialities </wordcount>
    <wordcount weight="1" > altered </wordcount>
    <wordcount weight="1" > internal </wordcount>
    <wordcount weight="1" > members </wordcount>
    <wordcount weight="1" > fig </wordcount>
    <wordcount weight="1" > aggregate </wordcount>
    <wordcount weight="1" > bridge </wordcount>
    <wordcount weight="1" > speed </wordcount>
    <wordcount weight="1" > response </wordcount>
    <wordcount weight="1" > tubes </wordcount>
    <wordcount weight="1" > transfer </wordcount>
    <wordcount weight="1" > alpine </wordcount>
    <wordcount weight="1" > loosened </wordcount>
    <wordcount weight="1" > represent </wordcount>
    <wordcount weight="1" > difficulty </wordcount>
    <wordcount weight="1" > oxford </wordcount>
    <wordcount weight="1" > single </wordcount>
    <wordcount weight="1" > gwydry </wordcount>
    <wordcount weight="1" > ovules </wordcount>
    <wordcount weight="1" > systematics </wordcount>
    <wordcount weight="1" > compared </wordcount>
    <wordcount weight="1" > unbalance </wordcount>
    <wordcount weight="1" > boundaries </wordcount>
    <wordcount weight="1" > cytological </wordcount>
    <wordcount weight="1" > twice </wordcount>
    <wordcount weight="1" > inasmuch </wordcount>
    <wordcount weight="1" > effect </wordcount>
    <wordcount weight="1" > lake </wordcount>
    <wordcount weight="1" > radiate </wordcount>
    <wordcount weight="1" > can </wordcount>
    <wordcount weight="1" > determinations </wordcount>
    <wordcount weight="1" > availability </wordcount>
    <wordcount weight="1" > early </wordcount>
    <wordcount weight="1" > improbable </wordcount>
    <wordcount weight="1" > firstly </wordcount>
    <wordcount weight="1" > occur </wordcount>
    <wordcount weight="1" > jordan </wordcount>
    <wordcount weight="1" > stringers </wordcount>
    <wordcount weight="1" > localities </wordcount>
    <wordcount weight="1" > lepidieae </wordcount>
    <wordcount weight="1" > consequently </wordcount>
    <wordcount weight="1" > abandoned </wordcount>
    <wordcount weight="1" > attracted </wordcount>
    <wordcount weight="1" > critique </wordcount>
    <wordcount weight="1" > mature </wordcount>
    <wordcount weight="1" > viable </wordcount>
    <wordcount weight="1" > inviability </wordcount>
    <wordcount weight="1" > comparable </wordcount>
    <wordcount weight="1" > operative </wordcount>
    <wordcount weight="1" > emascuseed </wordcount>
    <wordcount weight="1" > caution </wordcount>
    <wordcount weight="1" > spoil </wordcount>
    <wordcount weight="1" > mather </wordcount>
    <wordcount weight="1" > resembled </wordcount>
    <wordcount weight="1" > gross </wordcount>
    <wordcount weight="1" > olsson </wordcount>
    <wordcount weight="1" > acknowledge </wordcount>
    <wordcount weight="1" > workings </wordcount>
    <wordcount weight="1" > settle </wordcount>
    <wordcount weight="1" > founding </wordcount>
    <wordcount weight="1" > diversification </wordcount>
    <wordcount weight="1" > applies </wordcount>
    <wordcount weight="1" > essentials </wordcount>
    <wordcount weight="1" > retention </wordcount>
    <wordcount weight="1" > avoid </wordcount>
    <wordcount weight="1" > too </wordcount>
    <wordcount weight="1" > walls </wordcount>
    <wordcount weight="1" > references </wordcount>
</article>
