<?xml version="1.0" encoding="UTF-8"?>
<article id="10.2307/40025026" >
    <wordcount weight="186" > the </wordcount>
    <wordcount weight="176" > of </wordcount>
    <wordcount weight="80" > in </wordcount>
    <wordcount weight="74" > and </wordcount>
    <wordcount weight="58" > species </wordcount>
    <wordcount weight="55" > to </wordcount>
    <wordcount weight="47" > as </wordcount>
    <wordcount weight="45" > is </wordcount>
    <wordcount weight="31" > a </wordcount>
    <wordcount weight="31" > that </wordcount>
    <wordcount weight="27" > are </wordcount>
    <wordcount weight="26" > for </wordcount>
    <wordcount weight="20" > it </wordcount>
    <wordcount weight="20" > by </wordcount>
    <wordcount weight="20" > subspecies </wordcount>
    <wordcount weight="20" > be </wordcount>
    <wordcount weight="18" > reproductive </wordcount>
    <wordcount weight="18" > plants </wordcount>
    <wordcount weight="18" > genetic </wordcount>
    <wordcount weight="17" > not </wordcount>
    <wordcount weight="17" > which </wordcount>
    <wordcount weight="17" > this </wordcount>
    <wordcount weight="16" > higher </wordcount>
    <wordcount weight="16" > within </wordcount>
    <wordcount weight="15" > isolation </wordcount>
    <wordcount weight="15" > between </wordcount>
    <wordcount weight="14" > with </wordcount>
    <wordcount weight="13" > may </wordcount>
    <wordcount weight="13" > animals </wordcount>
    <wordcount weight="13" > has </wordcount>
    <wordcount weight="12" > formal </wordcount>
    <wordcount weight="11" > evolutionary </wordcount>
    <wordcount weight="11" > gene </wordcount>
    <wordcount weight="10" > taxonomy </wordcount>
    <wordcount weight="10" > one </wordcount>
    <wordcount weight="10" > or </wordcount>
    <wordcount weight="10" > all </wordcount>
    <wordcount weight="10" > nature </wordcount>
    <wordcount weight="10" > variation </wordcount>
    <wordcount weight="9" > well </wordcount>
    <wordcount weight="9" > some </wordcount>
    <wordcount weight="9" > such </wordcount>
    <wordcount weight="9" > have </wordcount>
    <wordcount weight="9" > on </wordcount>
    <wordcount weight="9" > even </wordcount>
    <wordcount weight="9" > should </wordcount>
    <wordcount weight="8" > populations </wordcount>
    <wordcount weight="8" > been </wordcount>
    <wordcount weight="8" > case </wordcount>
    <wordcount weight="8" > participants </wordcount>
    <wordcount weight="8" > definition </wordcount>
    <wordcount weight="8" > degree </wordcount>
    <wordcount weight="8" > recognition </wordcount>
    <wordcount weight="7" > phenotypic </wordcount>
    <wordcount weight="7" > today </wordcount>
    <wordcount weight="7" > but </wordcount>
    <wordcount weight="7" > most </wordcount>
    <wordcount weight="7" > many </wordcount>
    <wordcount weight="7" > there </wordcount>
    <wordcount weight="7" > cannot </wordcount>
    <wordcount weight="7" > both </wordcount>
    <wordcount weight="7" > exchange </wordcount>
    <wordcount weight="6" > does </wordcount>
    <wordcount weight="6" > no </wordcount>
    <wordcount weight="6" > groups </wordcount>
    <wordcount weight="6" > study </wordcount>
    <wordcount weight="6" > from </wordcount>
    <wordcount weight="6" > these </wordcount>
    <wordcount weight="6" > two </wordcount>
    <wordcount weight="6" > more </wordcount>
    <wordcount weight="6" > speciation </wordcount>
    <wordcount weight="6" > other </wordcount>
    <wordcount weight="6" > professor </wordcount>
    <wordcount weight="6" > our </wordcount>
    <wordcount weight="6" > than </wordcount>
    <wordcount weight="6" > taxonomic </wordcount>
    <wordcount weight="6" > plant </wordcount>
    <wordcount weight="6" > sibling </wordcount>
    <wordcount weight="6" > an </wordcount>
    <wordcount weight="5" > divergence </wordcount>
    <wordcount weight="5" > necessarily </wordcount>
    <wordcount weight="5" > each </wordcount>
    <wordcount weight="5" > particularly </wordcount>
    <wordcount weight="5" > discussed </wordcount>
    <wordcount weight="5" > do </wordcount>
    <wordcount weight="5" > differentiation </wordcount>
    <wordcount weight="5" > vol </wordcount>
    <wordcount weight="5" > upon </wordcount>
    <wordcount weight="5" > through </wordcount>
    <wordcount weight="5" > they </wordcount>
    <wordcount weight="5" > agreement </wordcount>
    <wordcount weight="5" > useful </wordcount>
    <wordcount weight="5" > can </wordcount>
    <wordcount weight="5" > value </wordcount>
    <wordcount weight="4" > he </wordcount>
    <wordcount weight="4" > scientific </wordcount>
    <wordcount weight="4" > mechanisms </wordcount>
    <wordcount weight="4" > recognized </wordcount>
    <wordcount weight="4" > category </wordcount>
    <wordcount weight="4" > same </wordcount>
    <wordcount weight="4" > geographic </wordcount>
    <wordcount weight="4" > first </wordcount>
    <wordcount weight="4" > only </wordcount>
    <wordcount weight="4" > systematist </wordcount>
    <wordcount weight="4" > terrestrial </wordcount>
    <wordcount weight="4" > important </wordcount>
    <wordcount weight="4" > genus </wordcount>
    <wordcount weight="4" > hence </wordcount>
    <wordcount weight="4" > patterns </wordcount>
    <wordcount weight="4" > animal </wordcount>
    <wordcount weight="4" > what </wordcount>
    <wordcount weight="4" > particular </wordcount>
    <wordcount weight="4" > examples </wordcount>
    <wordcount weight="4" > infraspecific </wordcount>
    <wordcount weight="4" > concept </wordcount>
    <wordcount weight="4" > ensatina </wordcount>
    <wordcount weight="4" > drosophila </wordcount>
    <wordcount weight="4" > evolution </wordcount>
    <wordcount weight="4" > thus </wordcount>
    <wordcount weight="4" > relationships </wordcount>
    <wordcount weight="4" > vertebrates </wordcount>
    <wordcount weight="4" > recognizable </wordcount>
    <wordcount weight="4" > symposium </wordcount>
    <wordcount weight="4" > morphologically </wordcount>
    <wordcount weight="4" > so </wordcount>
    <wordcount weight="4" > evidence </wordcount>
    <wordcount weight="4" > specific </wordcount>
    <wordcount weight="4" > problems </wordcount>
    <wordcount weight="4" > we </wordcount>
    <wordcount weight="4" > widely </wordcount>
    <wordcount weight="4" > occur </wordcount>
    <wordcount weight="3" > reproductively </wordcount>
    <wordcount weight="3" > dual </wordcount>
    <wordcount weight="3" > if </wordcount>
    <wordcount weight="3" > flexible </wordcount>
    <wordcount weight="3" > recognize </wordcount>
    <wordcount weight="3" > their </wordcount>
    <wordcount weight="3" > illuminating </wordcount>
    <wordcount weight="3" > modern </wordcount>
    <wordcount weight="3" > its </wordcount>
    <wordcount weight="3" > clearly </wordcount>
    <wordcount weight="3" > must </wordcount>
    <wordcount weight="3" > restriction </wordcount>
    <wordcount weight="3" > coincide </wordcount>
    <wordcount weight="3" > expressed </wordcount>
    <wordcount weight="3" > fact </wordcount>
    <wordcount weight="3" > based </wordcount>
    <wordcount weight="3" > found </wordcount>
    <wordcount weight="3" > very </wordcount>
    <wordcount weight="3" > conclusions </wordcount>
    <wordcount weight="3" > concepts </wordcount>
    <wordcount weight="3" > univ </wordcount>
    <wordcount weight="3" > less </wordcount>
    <wordcount weight="3" > system </wordcount>
    <wordcount weight="3" > dr </wordcount>
    <wordcount weight="3" > perhaps </wordcount>
    <wordcount weight="3" > extent </wordcount>
    <wordcount weight="3" > because </wordcount>
    <wordcount weight="3" > purpose </wordcount>
    <wordcount weight="3" > dynamic </wordcount>
    <wordcount weight="3" > significant </wordcount>
    <wordcount weight="3" > isolated </wordcount>
    <wordcount weight="3" > systematic </wordcount>
    <wordcount weight="3" > clear </wordcount>
    <wordcount weight="3" > d </wordcount>
    <wordcount weight="3" > high </wordcount>
    <wordcount weight="3" > barriers </wordcount>
    <wordcount weight="3" > intrinsic </wordcount>
    <wordcount weight="3" > classification </wordcount>
    <wordcount weight="3" > several </wordcount>
    <wordcount weight="3" > systems </wordcount>
    <wordcount weight="3" > often </wordcount>
    <wordcount weight="3" > those </wordcount>
    <wordcount weight="3" > much </wordcount>
    <wordcount weight="3" > need </wordcount>
    <wordcount weight="3" > among </wordcount>
    <wordcount weight="3" > appreciated </wordcount>
    <wordcount weight="3" > though </wordcount>
    <wordcount weight="3" > fortuitous </wordcount>
    <wordcount weight="3" > arizona </wordcount>
    <wordcount weight="2" > now </wordcount>
    <wordcount weight="2" > where </wordcount>
    <wordcount weight="2" > relationship </wordcount>
    <wordcount weight="2" > deny </wordcount>
    <wordcount weight="2" > note </wordcount>
    <wordcount weight="2" > various </wordcount>
    <wordcount weight="2" > his </wordcount>
    <wordcount weight="2" > science </wordcount>
    <wordcount weight="2" > usually </wordcount>
    <wordcount weight="2" > remain </wordcount>
    <wordcount weight="2" > basic </wordcount>
    <wordcount weight="2" > clarkia </wordcount>
    <wordcount weight="2" > primarily </wordcount>
    <wordcount weight="2" > seen </wordcount>
    <wordcount weight="2" > similar </wordcount>
    <wordcount weight="2" > importance </wordcount>
    <wordcount weight="2" > told </wordcount>
    <wordcount weight="2" > large </wordcount>
    <wordcount weight="2" > used </wordcount>
    <wordcount weight="2" > class </wordcount>
    <wordcount weight="2" > expression </wordcount>
    <wordcount weight="2" > kinds </wordcount>
    <wordcount weight="2" > biological </wordcount>
    <wordcount weight="2" > thomomys </wordcount>
    <wordcount weight="2" > hybridization </wordcount>
    <wordcount weight="2" > when </wordcount>
    <wordcount weight="2" > easily </wordcount>
    <wordcount weight="2" > pp </wordcount>
    <wordcount weight="2" > serve </wordcount>
    <wordcount weight="2" > array </wordcount>
    <wordcount weight="2" > selective </wordcount>
    <wordcount weight="2" > dobzhansky </wordcount>
    <wordcount weight="2" > was </wordcount>
    <wordcount weight="2" > differentiated </wordcount>
    <wordcount weight="2" > associated </wordcount>
    <wordcount weight="2" > biology </wordcount>
    <wordcount weight="2" > following </wordcount>
    <wordcount weight="2" > prevent </wordcount>
    <wordcount weight="2" > taxa </wordcount>
    <wordcount weight="2" > known </wordcount>
    <wordcount weight="2" > either </wordcount>
    <wordcount weight="2" > every </wordcount>
    <wordcount weight="2" > lewis </wordcount>
    <wordcount weight="2" > name </wordcount>
    <wordcount weight="2" > also </wordcount>
    <wordcount weight="2" > here </wordcount>
    <wordcount weight="2" > given </wordcount>
    <wordcount weight="2" > opinion </wordcount>
    <wordcount weight="2" > academy </wordcount>
    <wordcount weight="2" > conceived </wordcount>
    <wordcount weight="2" > ecological </wordcount>
    <wordcount weight="2" > summation </wordcount>
    <wordcount weight="2" > best </wordcount>
    <wordcount weight="2" > multidimensional </wordcount>
    <wordcount weight="2" > regard </wordcount>
    <wordcount weight="2" > potentially </wordcount>
    <wordcount weight="2" > origin </wordcount>
    <wordcount weight="2" > time </wordcount>
    <wordcount weight="2" > classical </wordcount>
    <wordcount weight="2" > any </wordcount>
    <wordcount weight="2" > considerable </wordcount>
    <wordcount weight="2" > i </wordcount>
    <wordcount weight="2" > mind </wordcount>
    <wordcount weight="2" > emphasized </wordcount>
    <wordcount weight="2" > rests </wordcount>
    <wordcount weight="2" > validity </wordcount>
    <wordcount weight="2" > them </wordcount>
    <wordcount weight="2" > males </wordcount>
    <wordcount weight="2" > trinomial </wordcount>
    <wordcount weight="2" > existence </wordcount>
    <wordcount weight="2" > problem </wordcount>
    <wordcount weight="2" > primary </wordcount>
    <wordcount weight="2" > out </wordcount>
    <wordcount weight="2" > regarding </wordcount>
    <wordcount weight="2" > information </wordcount>
    <wordcount weight="2" > basis </wordcount>
    <wordcount weight="2" > discussion </wordcount>
    <wordcount weight="2" > work </wordcount>
    <wordcount weight="2" > organisms </wordcount>
    <wordcount weight="2" > part </wordcount>
    <wordcount weight="2" > example </wordcount>
    <wordcount weight="2" > role </wordcount>
    <wordcount weight="2" > exist </wordcount>
    <wordcount weight="2" > actually </wordcount>
    <wordcount weight="2" > intergradation </wordcount>
    <wordcount weight="2" > reflect </wordcount>
    <wordcount weight="2" > employed </wordcount>
    <wordcount weight="2" > students </wordcount>
    <wordcount weight="2" > discontinuities </wordcount>
    <wordcount weight="2" > facts </wordcount>
    <wordcount weight="2" > wilson </wordcount>
    <wordcount weight="2" > express </wordcount>
    <wordcount weight="2" > stressed </wordcount>
    <wordcount weight="2" > contributors </wordcount>
    <wordcount weight="2" > jr </wordcount>
    <wordcount weight="2" > facilitates </wordcount>
    <wordcount weight="2" > little </wordcount>
    <wordcount weight="2" > quite </wordcount>
    <wordcount weight="2" > cases </wordcount>
    <wordcount weight="2" > small </wordcount>
    <wordcount weight="2" > concerning </wordcount>
    <wordcount weight="2" > reworded </wordcount>
    <wordcount weight="2" > columbia </wordcount>
    <wordcount weight="2" > relation </wordcount>
    <wordcount weight="2" > hand </wordcount>
    <wordcount weight="2" > reference </wordcount>
    <wordcount weight="2" > enterprise </wordcount>
    <wordcount weight="2" > generally </wordcount>
    <wordcount weight="2" > phillips </wordcount>
    <wordcount weight="2" > divergent </wordcount>
    <wordcount weight="2" > journal </wordcount>
    <wordcount weight="2" > recent </wordcount>
    <wordcount weight="2" > relative </wordcount>
    <wordcount weight="2" > indistinguishable </wordcount>
    <wordcount weight="2" > brown </wordcount>
    <wordcount weight="1" > limiting </wordcount>
    <wordcount weight="1" > gophers </wordcount>
    <wordcount weight="1" > final </wordcount>
    <wordcount weight="1" > at </wordcount>
    <wordcount weight="1" > failed </wordcount>
    <wordcount weight="1" > portion </wordcount>
    <wordcount weight="1" > morphology </wordcount>
    <wordcount weight="1" > defensible </wordcount>
    <wordcount weight="1" > naming </wordcount>
    <wordcount weight="1" > sweeping </wordcount>
    <wordcount weight="1" > trends </wordcount>
    <wordcount weight="1" > interesting </wordcount>
    <wordcount weight="1" > second </wordcount>
    <wordcount weight="1" > salamanders </wordcount>
    <wordcount weight="1" > o </wordcount>
    <wordcount weight="1" > done </wordcount>
    <wordcount weight="1" > critics </wordcount>
    <wordcount weight="1" > interbreeding </wordcount>
    <wordcount weight="1" > steady </wordcount>
    <wordcount weight="1" > give </wordcount>
    <wordcount weight="1" > limits </wordcount>
    <wordcount weight="1" > matter </wordcount>
    <wordcount weight="1" > difficult </wordcount>
    <wordcount weight="1" > common </wordcount>
    <wordcount weight="1" > continued </wordcount>
    <wordcount weight="1" > provide </wordcount>
    <wordcount weight="1" > insect </wordcount>
    <wordcount weight="1" > variously </wordcount>
    <wordcount weight="1" > ways </wordcount>
    <wordcount weight="1" > obscura </wordcount>
    <wordcount weight="1" > ia </wordcount>
    <wordcount weight="1" > inferential </wordcount>
    <wordcount weight="1" > reasonable </wordcount>
    <wordcount weight="1" > limited </wordcount>
    <wordcount weight="1" > support </wordcount>
    <wordcount weight="1" > might </wordcount>
    <wordcount weight="1" > alpha </wordcount>
    <wordcount weight="1" > environmental </wordcount>
    <wordcount weight="1" > restate </wordcount>
    <wordcount weight="1" > arrive </wordcount>
    <wordcount weight="1" > pause </wordcount>
    <wordcount weight="1" > becomes </wordcount>
    <wordcount weight="1" > investigators </wordcount>
    <wordcount weight="1" > song </wordcount>
    <wordcount weight="1" > rather </wordcount>
    <wordcount weight="1" > females </wordcount>
    <wordcount weight="1" > reason </wordcount>
    <wordcount weight="1" > alone </wordcount>
    <wordcount weight="1" > still </wordcount>
    <wordcount weight="1" > pertaining </wordcount>
    <wordcount weight="1" > expect </wordcount>
    <wordcount weight="1" > permissible </wordcount>
    <wordcount weight="1" > speakers </wordcount>
    <wordcount weight="1" > rapidly </wordcount>
    <wordcount weight="1" > pipilo </wordcount>
    <wordcount weight="1" > discover </wordcount>
    <wordcount weight="1" > clinal </wordcount>
    <wordcount weight="1" > represents </wordcount>
    <wordcount weight="1" > possess </wordcount>
    <wordcount weight="1" > methods </wordcount>
    <wordcount weight="1" > phrase </wordcount>
    <wordcount weight="1" > analysis </wordcount>
    <wordcount weight="1" > season </wordcount>
    <wordcount weight="1" > precede </wordcount>
    <wordcount weight="1" > hope </wordcount>
    <wordcount weight="1" > referring </wordcount>
    <wordcount weight="1" > allegations </wordcount>
    <wordcount weight="1" > factors </wordcount>
    <wordcount weight="1" > utilities </wordcount>
    <wordcount weight="1" > respect </wordcount>
    <wordcount weight="1" > modification </wordcount>
    <wordcount weight="1" > constitutes </wordcount>
    <wordcount weight="1" > yet </wordcount>
    <wordcount weight="1" > extremely </wordcount>
    <wordcount weight="1" > h </wordcount>
    <wordcount weight="1" > museum </wordcount>
    <wordcount weight="1" > fascinating </wordcount>
    <wordcount weight="1" > means </wordcount>
    <wordcount weight="1" > completely </wordcount>
    <wordcount weight="1" > understand </wordcount>
    <wordcount weight="1" > studies </wordcount>
    <wordcount weight="1" > yesterday </wordcount>
    <wordcount weight="1" > byproducts </wordcount>
    <wordcount weight="1" > continuity </wordcount>
    <wordcount weight="1" > under </wordcount>
    <wordcount weight="1" > biased </wordcount>
    <wordcount weight="1" > considered </wordcount>
    <wordcount weight="1" > restricted </wordcount>
    <wordcount weight="1" > formally </wordcount>
    <wordcount weight="1" > university </wordcount>
    <wordcount weight="1" > consider </wordcount>
    <wordcount weight="1" > place </wordcount>
    <wordcount weight="1" > page </wordcount>
    <wordcount weight="1" > position </wordcount>
    <wordcount weight="1" > clark </wordcount>
    <wordcount weight="1" > neither </wordcount>
    <wordcount weight="1" > character </wordcount>
    <wordcount weight="1" > familiar </wordcount>
    <wordcount weight="1" > environment </wordcount>
    <wordcount weight="1" > unlike </wordcount>
    <wordcount weight="1" > occurred </wordcount>
    <wordcount weight="1" > variable </wordcount>
    <wordcount weight="1" > amply </wordcount>
    <wordcount weight="1" > manifestly </wordcount>
    <wordcount weight="1" > cit </wordcount>
    <wordcount weight="1" > specify </wordcount>
    <wordcount weight="1" > instance </wordcount>
    <wordcount weight="1" > before </wordcount>
    <wordcount weight="1" > complete </wordcount>
    <wordcount weight="1" > ably </wordcount>
    <wordcount weight="1" > just </wordcount>
    <wordcount weight="1" > practice </wordcount>
    <wordcount weight="1" > weather </wordcount>
    <wordcount weight="1" > record </wordcount>
    <wordcount weight="1" > usefulness </wordcount>
    <wordcount weight="1" > conclusion </wordcount>
    <wordcount weight="1" > meaningless </wordcount>
    <wordcount weight="1" > mentioned </wordcount>
    <wordcount weight="1" > natural </wordcount>
    <wordcount weight="1" > incorrectly </wordcount>
    <wordcount weight="1" > already </wordcount>
    <wordcount weight="1" > different </wordcount>
    <wordcount weight="1" > department </wordcount>
    <wordcount weight="1" > unusually </wordcount>
    <wordcount weight="1" > simply </wordcount>
    <wordcount weight="1" > mention </wordcount>
    <wordcount weight="1" > lower </wordcount>
    <wordcount weight="1" > accumulation </wordcount>
    <wordcount weight="1" > visualize </wordcount>
    <wordcount weight="1" > follow </wordcount>
    <wordcount weight="1" > deter </wordcount>
    <wordcount weight="1" > permit </wordcount>
    <wordcount weight="1" > inference </wordcount>
    <wordcount weight="1" > consequence </wordcount>
    <wordcount weight="1" > capable </wordcount>
    <wordcount weight="1" > spekrenetics </wordcount>
    <wordcount weight="1" > participantsjune </wordcount>
    <wordcount weight="1" > lucid </wordcount>
    <wordcount weight="1" > outcrossing </wordcount>
    <wordcount weight="1" > cies </wordcount>
    <wordcount weight="1" > valid </wordcount>
    <wordcount weight="1" > processes </wordcount>
    <wordcount weight="1" > stated </wordcount>
    <wordcount weight="1" > inflexible </wordcount>
    <wordcount weight="1" > parabocainensis </wordcount>
    <wordcount weight="1" > suggested </wordcount>
    <wordcount weight="1" > toward </wordcount>
    <wordcount weight="1" > again </wordcount>
    <wordcount weight="1" > genecology </wordcount>
    <wordcount weight="1" > drawing </wordcount>
    <wordcount weight="1" > attempt </wordcount>
    <wordcount weight="1" > pointed </wordcount>
    <wordcount weight="1" > syst </wordcount>
    <wordcount weight="1" > stebbins </wordcount>
    <wordcount weight="1" > whereas </wordcount>
    <wordcount weight="1" > greater </wordcount>
    <wordcount weight="1" > seems </wordcount>
    <wordcount weight="1" > closely </wordcount>
    <wordcount weight="1" > formalizations </wordcount>
    <wordcount weight="1" > incorrect </wordcount>
    <wordcount weight="1" > salamander </wordcount>
    <wordcount weight="1" > sampling </wordcount>
    <wordcount weight="1" > seem </wordcount>
    <wordcount weight="1" > treatment </wordcount>
    <wordcount weight="1" > available </wordcount>
    <wordcount weight="1" > did </wordcount>
    <wordcount weight="1" > areas </wordcount>
    <wordcount weight="1" > conservative </wordcount>
    <wordcount weight="1" > great </wordcount>
    <wordcount weight="1" > called </wordcount>
    <wordcount weight="1" > developed </wordcount>
    <wordcount weight="1" > confront </wordcount>
    <wordcount weight="1" > borne </wordcount>
    <wordcount weight="1" > isolate </wordcount>
    <wordcount weight="1" > diverse </wordcount>
    <wordcount weight="1" > expresses </wordcount>
    <wordcount weight="1" > sedentary </wordcount>
    <wordcount weight="1" > cautious </wordcount>
    <wordcount weight="1" > procedure </wordcount>
    <wordcount weight="1" > everything </wordcount>
    <wordcount weight="1" > suitable </wordcount>
    <wordcount weight="1" > constant </wordcount>
    <wordcount weight="1" > real </wordcount>
    <wordcount weight="1" > historical </wordcount>
    <wordcount weight="1" > subsequent </wordcount>
    <wordcount weight="1" > seldom </wordcount>
    <wordcount weight="1" > inadvertently </wordcount>
    <wordcount weight="1" > serious </wordcount>
    <wordcount weight="1" > external </wordcount>
    <wordcount weight="1" > situation </wordcount>
    <wordcount weight="1" > last </wordcount>
    <wordcount weight="1" > sort </wordcount>
    <wordcount weight="1" > publ </wordcount>
    <wordcount weight="1" > pseudoobscura </wordcount>
    <wordcount weight="1" > geography </wordcount>
    <wordcount weight="1" > persimilis </wordcount>
    <wordcount weight="1" > vertebrate </wordcount>
    <wordcount weight="1" > normal </wordcount>
    <wordcount weight="1" > differences </wordcount>
    <wordcount weight="1" > nomenclature </wordcount>
    <wordcount weight="1" > alike </wordcount>
    <wordcount weight="1" > discussing </wordcount>
    <wordcount weight="1" > developing </wordcount>
    <wordcount weight="1" > purposes </wordcount>
    <wordcount weight="1" > carefully </wordcount>
    <wordcount weight="1" > equate </wordcount>
    <wordcount weight="1" > willistoni </wordcount>
    <wordcount weight="1" > accepted </wordcount>
    <wordcount weight="1" > recently </wordcount>
    <wordcount weight="1" > form </wordcount>
    <wordcount weight="1" > see </wordcount>
    <wordcount weight="1" > ent </wordcount>
    <wordcount weight="1" > plethodontid </wordcount>
    <wordcount weight="1" > coincided </wordcount>
    <wordcount weight="1" > calif </wordcount>
    <wordcount weight="1" > independently </wordcount>
    <wordcount weight="1" > necessary </wordcount>
    <wordcount weight="1" > otherwise </wordcount>
    <wordcount weight="1" > speciosa </wordcount>
    <wordcount weight="1" > number </wordcount>
    <wordcount weight="1" > maintain </wordcount>
    <wordcount weight="1" > designedly </wordcount>
    <wordcount weight="1" > mere </wordcount>
    <wordcount weight="1" > insufficient </wordcount>
    <wordcount weight="1" > unnecessary </wordcount>
    <wordcount weight="1" > frequency </wordcount>
    <wordcount weight="1" > rewording </wordcount>
    <wordcount weight="1" > wide </wordcount>
    <wordcount weight="1" > while </wordcount>
    <wordcount weight="1" > sexual </wordcount>
    <wordcount weight="1" > draw </wordcount>
    <wordcount weight="1" > healthy </wordcount>
    <wordcount weight="1" > varying </wordcount>
    <wordcount weight="1" > yield </wordcount>
    <wordcount weight="1" > habitat </wordcount>
    <wordcount weight="1" > another </wordcount>
    <wordcount weight="1" > local </wordcount>
    <wordcount weight="1" > keeping </wordcount>
    <wordcount weight="1" > demonstrated </wordcount>
    <wordcount weight="1" > concordantly </wordcount>
    <wordcount weight="1" > designation </wordcount>
    <wordcount weight="1" > recognizing </wordcount>
    <wordcount weight="1" > possible </wordcount>
    <wordcount weight="1" > degrees </wordcount>
    <wordcount weight="1" > understanding </wordcount>
    <wordcount weight="1" > line </wordcount>
    <wordcount weight="1" > closed </wordcount>
    <wordcount weight="1" > meaningful </wordcount>
    <wordcount weight="1" > disjunctive </wordcount>
    <wordcount weight="1" > investigated </wordcount>
    <wordcount weight="1" > vast </wordcount>
    <wordcount weight="1" > polytypic </wordcount>
    <wordcount weight="1" > treated </wordcount>
    <wordcount weight="1" > radically </wordcount>
    <wordcount weight="1" > made </wordcount>
    <wordcount weight="1" > pronouncements </wordcount>
    <wordcount weight="1" > explanation </wordcount>
    <wordcount weight="1" > level </wordcount>
    <wordcount weight="1" > student </wordcount>
    <wordcount weight="1" > excellently </wordcount>
    <wordcount weight="1" > systematics </wordcount>
    <wordcount weight="1" > point </wordcount>
    <wordcount weight="1" > say </wordcount>
    <wordcount weight="1" > except </wordcount>
    <wordcount weight="1" > affecting </wordcount>
    <wordcount weight="1" > breeding </wordcount>
    <wordcount weight="1" > treating </wordcount>
    <wordcount weight="1" > establishment </wordcount>
    <wordcount weight="1" > increase </wordcount>
    <wordcount weight="1" > apparent </wordcount>
    <wordcount weight="1" > vagaries </wordcount>
    <wordcount weight="1" > samples </wordcount>
    <wordcount weight="1" > birds </wordcount>
    <wordcount weight="1" > subject </wordcount>
    <wordcount weight="1" > description </wordcount>
    <wordcount weight="1" > pocket </wordcount>
    <wordcount weight="1" > step </wordcount>
    <wordcount weight="1" > trinomen </wordcount>
    <wordcount weight="1" > adapted </wordcount>
    <wordcount weight="1" > sexually </wordcount>
    <wordcount weight="1" > use </wordcount>
    <wordcount weight="1" > gave </wordcount>
    <wordcount weight="1" > contribute </wordcount>
    <wordcount weight="1" > older </wordcount>
    <wordcount weight="1" > tied </wordcount>
    <wordcount weight="1" > emphasizing </wordcount>
    <wordcount weight="1" > throughly </wordcount>
    <wordcount weight="1" > myriad </wordcount>
    <wordcount weight="1" > demonstrates </wordcount>
    <wordcount weight="1" > phenomenon </wordcount>
    <wordcount weight="1" > constitute </wordcount>
    <wordcount weight="1" > framework </wordcount>
    <wordcount weight="1" > maintained </wordcount>
    <wordcount weight="1" > evidenced </wordcount>
    <wordcount weight="1" > succeed </wordcount>
    <wordcount weight="1" > avenues </wordcount>
    <wordcount weight="1" > repeatedly </wordcount>
    <wordcount weight="1" > being </wordcount>
    <wordcount weight="1" > think </wordcount>
    <wordcount weight="1" > variables </wordcount>
    <wordcount weight="1" > varied </wordcount>
    <wordcount weight="1" > identical </wordcount>
    <wordcount weight="1" > discontinuity </wordcount>
    <wordcount weight="1" > pair </wordcount>
    <wordcount weight="1" > call </wordcount>
    <wordcount weight="1" > documented </wordcount>
    <wordcount weight="1" > morphological </wordcount>
    <wordcount weight="1" > formation </wordcount>
    <wordcount weight="1" > sound </wordcount>
    <wordcount weight="1" > shown </wordcount>
    <wordcount weight="1" > described </wordcount>
    <wordcount weight="1" > pattern </wordcount>
    <wordcount weight="1" > instructive </wordcount>
    <wordcount weight="1" > spectrum </wordcount>
    <wordcount weight="1" > futile </wordcount>
    <wordcount weight="1" > difference </wordcount>
    <wordcount weight="1" > significance </wordcount>
    <wordcount weight="1" > inevitable </wordcount>
    <wordcount weight="1" > maslin </wordcount>
    <wordcount weight="1" > since </wordcount>
    <wordcount weight="1" > interfertile </wordcount>
    <wordcount weight="1" > similarity </wordcount>
    <wordcount weight="1" > pseud </wordcount>
    <wordcount weight="1" > due </wordcount>
    <wordcount weight="1" > objective </wordcount>
    <wordcount weight="1" > morphologic </wordcount>
    <wordcount weight="1" > decrease </wordcount>
    <wordcount weight="1" > approach </wordcount>
    <wordcount weight="1" > authors </wordcount>
    <wordcount weight="1" > byproduct </wordcount>
    <wordcount weight="1" > inadequate </wordcount>
    <wordcount weight="1" > group </wordcount>
    <wordcount weight="1" > points </wordcount>
    <wordcount weight="1" > mode </wordcount>
    <wordcount weight="1" > interest </wordcount>
    <wordcount weight="1" > meaningfully </wordcount>
    <wordcount weight="1" > preceded </wordcount>
    <wordcount weight="1" > good </wordcount>
    <wordcount weight="1" > relatively </wordcount>
    <wordcount weight="1" > course </wordcount>
    <wordcount weight="1" > sympatric </wordcount>
    <wordcount weight="1" > applicable </wordcount>
    <wordcount weight="1" > general </wordcount>
    <wordcount weight="1" > although </wordcount>
    <wordcount weight="1" > adaptive </wordcount>
    <wordcount weight="1" > isolating </wordcount>
    <wordcount weight="1" > presented </wordcount>
    <wordcount weight="1" > bocainensis </wordcount>
    <wordcount weight="1" > working </wordcount>
    <wordcount weight="1" > field </wordcount>
    <wordcount weight="1" > function </wordcount>
    <wordcount weight="1" > stage </wordcount>
    <wordcount weight="1" > prevalence </wordcount>
    <wordcount weight="1" > crossed </wordcount>
    <wordcount weight="1" > swelling </wordcount>
    <wordcount weight="1" > pin </wordcount>
    <wordcount weight="1" > next </wordcount>
    <wordcount weight="1" > stages </wordcount>
    <wordcount weight="1" > probable </wordcount>
    <wordcount weight="1" > standpoint </wordcount>
    <wordcount weight="1" > concordant </wordcount>
    <wordcount weight="1" > presenting </wordcount>
    <wordcount weight="1" > ontogenetic </wordcount>
    <wordcount weight="1" > arbitrary </wordcount>
    <wordcount weight="1" > adequately </wordcount>
    <wordcount weight="1" > distinct </wordcount>
    <wordcount weight="1" > dwell </wordcount>
    <wordcount weight="1" > dried </wordcount>
    <wordcount weight="1" > gthe </wordcount>
    <wordcount weight="1" > differing </wordcount>
    <wordcount weight="1" > especially </wordcount>
    <wordcount weight="1" > charles </wordcount>
    <wordcount weight="1" > few </wordcount>
    <wordcount weight="1" > subjects </wordcount>
    <wordcount weight="1" > apart </wordcount>
    <wordcount weight="1" > compatibility </wordcount>
    <wordcount weight="1" > durrant </wordcount>
    <wordcount weight="1" > meaning </wordcount>
    <wordcount weight="1" > evalution </wordcount>
    <wordcount weight="1" > races </wordcount>
    <wordcount weight="1" > become </wordcount>
    <wordcount weight="1" > wholly </wordcount>
    <wordcount weight="1" > decline </wordcount>
    <wordcount weight="1" > mayr </wordcount>
    <wordcount weight="1" > essentially </wordcount>
    <wordcount weight="1" > applying </wordcount>
    <wordcount weight="1" > usual </wordcount>
    <wordcount weight="1" > exactly </wordcount>
    <wordcount weight="1" > effective </wordcount>
    <wordcount weight="1" > effect </wordcount>
    <wordcount weight="1" > criterion </wordcount>
    <wordcount weight="1" > find </wordcount>
    <wordcount weight="1" > like </wordcount>
    <wordcount weight="1" > always </wordcount>
    <wordcount weight="1" > subspecific </wordcount>
    <wordcount weight="1" > would </wordcount>
    <wordcount weight="1" > entire </wordcount>
    <wordcount weight="1" > differ </wordcount>
    <wordcount weight="1" > spurious </wordcount>
    <wordcount weight="1" > proper </wordcount>
    <wordcount weight="1" > strong </wordcount>
    <wordcount weight="1" > apparently </wordcount>
    <wordcount weight="1" > conceive </wordcount>
    <wordcount weight="1" > reevaluation </wordcount>
    <wordcount weight="1" > adult </wordcount>
    <wordcount weight="1" > develop </wordcount>
    <wordcount weight="1" > thought </wordcount>
    <wordcount weight="1" > increments </wordcount>
    <wordcount weight="1" > attention </wordcount>
    <wordcount weight="1" > manner </wordcount>
    <wordcount weight="1" > major </wordcount>
    <wordcount weight="1" > elucidation </wordcount>
    <wordcount weight="1" > retrospect </wordcount>
    <wordcount weight="1" > hypothesis </wordcount>
</article>
