<?xml version="1.0" encoding="UTF-8"?>
<article id="10.2307/19606" >
    <wordcount weight="314" > the </wordcount>
    <wordcount weight="301" > of </wordcount>
    <wordcount weight="188" > i </wordcount>
    <wordcount weight="187" > and </wordcount>
    <wordcount weight="98" > in </wordcount>
    <wordcount weight="96" > a </wordcount>
    <wordcount weight="89" > to </wordcount>
    <wordcount weight="78" > is </wordcount>
    <wordcount weight="53" > that </wordcount>
    <wordcount weight="50" > for </wordcount>
    <wordcount weight="44" > as </wordcount>
    <wordcount weight="35" > are </wordcount>
    <wordcount weight="31" > our </wordcount>
    <wordcount weight="31" > on </wordcount>
    <wordcount weight="28" > with </wordcount>
    <wordcount weight="26" > have </wordcount>
    <wordcount weight="24" > we </wordcount>
    <wordcount weight="23" > or </wordcount>
    <wordcount weight="23" > by </wordcount>
    <wordcount weight="23" > more </wordcount>
    <wordcount weight="22" > conservation </wordcount>
    <wordcount weight="22" > an </wordcount>
    <wordcount weight="21" > it </wordcount>
    <wordcount weight="21" > not </wordcount>
    <wordcount weight="21" > but </wordcount>
    <wordcount weight="20" > this </wordcount>
    <wordcount weight="19" > has </wordcount>
    <wordcount weight="19" > be </wordcount>
    <wordcount weight="18" > natural </wordcount>
    <wordcount weight="18" > resources </wordcount>
    <wordcount weight="18" > problems </wordcount>
    <wordcount weight="17" > ii </wordcount>
    <wordcount weight="15" > one </wordcount>
    <wordcount weight="15" > from </wordcount>
    <wordcount weight="15" > population </wordcount>
    <wordcount weight="14" > at </wordcount>
    <wordcount weight="14" > their </wordcount>
    <wordcount weight="13" > been </wordcount>
    <wordcount weight="13" > nature </wordcount>
    <wordcount weight="13" > man </wordcount>
    <wordcount weight="12" > education </wordcount>
    <wordcount weight="12" > plants </wordcount>
    <wordcount weight="12" > food </wordcount>
    <wordcount weight="12" > even </wordcount>
    <wordcount weight="12" > than </wordcount>
    <wordcount weight="11" > production </wordcount>
    <wordcount weight="10" > these </wordcount>
    <wordcount weight="10" > soil </wordcount>
    <wordcount weight="10" > only </wordcount>
    <wordcount weight="10" > new </wordcount>
    <wordcount weight="10" > living </wordcount>
    <wordcount weight="10" > its </wordcount>
    <wordcount weight="10" > land </wordcount>
    <wordcount weight="10" > can </wordcount>
    <wordcount weight="9" > his </wordcount>
    <wordcount weight="9" > without </wordcount>
    <wordcount weight="9" > also </wordcount>
    <wordcount weight="9" > other </wordcount>
    <wordcount weight="9" > public </wordcount>
    <wordcount weight="9" > present </wordcount>
    <wordcount weight="9" > such </wordcount>
    <wordcount weight="9" > plant </wordcount>
    <wordcount weight="9" > increased </wordcount>
    <wordcount weight="9" > when </wordcount>
    <wordcount weight="9" > general </wordcount>
    <wordcount weight="8" > whole </wordcount>
    <wordcount weight="8" > most </wordcount>
    <wordcount weight="8" > all </wordcount>
    <wordcount weight="8" > products </wordcount>
    <wordcount weight="8" > cannot </wordcount>
    <wordcount weight="8" > energy </wordcount>
    <wordcount weight="8" > problem </wordcount>
    <wordcount weight="8" > balance </wordcount>
    <wordcount weight="8" > level </wordcount>
    <wordcount weight="8" > through </wordcount>
    <wordcount weight="8" > which </wordcount>
    <wordcount weight="7" > they </wordcount>
    <wordcount weight="7" > large </wordcount>
    <wordcount weight="7" > was </wordcount>
    <wordcount weight="7" > must </wordcount>
    <wordcount weight="7" > important </wordcount>
    <wordcount weight="7" > control </wordcount>
    <wordcount weight="7" > very </wordcount>
    <wordcount weight="7" > so </wordcount>
    <wordcount weight="6" > will </wordcount>
    <wordcount weight="6" > scientific </wordcount>
    <wordcount weight="6" > result </wordcount>
    <wordcount weight="6" > industrial </wordcount>
    <wordcount weight="6" > into </wordcount>
    <wordcount weight="6" > many </wordcount>
    <wordcount weight="6" > less </wordcount>
    <wordcount weight="6" > increase </wordcount>
    <wordcount weight="6" > loss </wordcount>
    <wordcount weight="6" > human </wordcount>
    <wordcount weight="6" > processes </wordcount>
    <wordcount weight="6" > were </wordcount>
    <wordcount weight="6" > development </wordcount>
    <wordcount weight="6" > good </wordcount>
    <wordcount weight="6" > industry </wordcount>
    <wordcount weight="6" > world </wordcount>
    <wordcount weight="5" > may </wordcount>
    <wordcount weight="5" > he </wordcount>
    <wordcount weight="5" > rate </wordcount>
    <wordcount weight="5" > if </wordcount>
    <wordcount weight="5" > certain </wordcount>
    <wordcount weight="5" > united </wordcount>
    <wordcount weight="5" > see </wordcount>
    <wordcount weight="5" > means </wordcount>
    <wordcount weight="5" > two </wordcount>
    <wordcount weight="5" > science </wordcount>
    <wordcount weight="5" > water </wordcount>
    <wordcount weight="5" > idea </wordcount>
    <wordcount weight="5" > growing </wordcount>
    <wordcount weight="5" > where </wordcount>
    <wordcount weight="5" > what </wordcount>
    <wordcount weight="5" > them </wordcount>
    <wordcount weight="5" > well </wordcount>
    <wordcount weight="5" > planning </wordcount>
    <wordcount weight="5" > people </wordcount>
    <wordcount weight="5" > there </wordcount>
    <wordcount weight="5" > solution </wordcount>
    <wordcount weight="5" > individual </wordcount>
    <wordcount weight="5" > century </wordcount>
    <wordcount weight="5" > between </wordcount>
    <wordcount weight="5" > corn </wordcount>
    <wordcount weight="5" > society </wordcount>
    <wordcount weight="4" > basic </wordcount>
    <wordcount weight="4" > per </wordcount>
    <wordcount weight="4" > kinds </wordcount>
    <wordcount weight="4" > use </wordcount>
    <wordcount weight="4" > monthly </wordcount>
    <wordcount weight="4" > alone </wordcount>
    <wordcount weight="4" > governmental </wordcount>
    <wordcount weight="4" > educative </wordcount>
    <wordcount weight="4" > useful </wordcount>
    <wordcount weight="4" > solve </wordcount>
    <wordcount weight="4" > seems </wordcount>
    <wordcount weight="4" > deterioration </wordcount>
    <wordcount weight="4" > own </wordcount>
    <wordcount weight="4" > half </wordcount>
    <wordcount weight="4" > great </wordcount>
    <wordcount weight="4" > out </wordcount>
    <wordcount weight="4" > animal </wordcount>
    <wordcount weight="4" > v </wordcount>
    <wordcount weight="4" > acre </wordcount>
    <wordcount weight="4" > agriculture </wordcount>
    <wordcount weight="4" > failure </wordcount>
    <wordcount weight="4" > yield </wordcount>
    <wordcount weight="4" > basis </wordcount>
    <wordcount weight="4" > possible </wordcount>
    <wordcount weight="4" > work </wordcount>
    <wordcount weight="4" > both </wordcount>
    <wordcount weight="4" > made </wordcount>
    <wordcount weight="4" > range </wordcount>
    <wordcount weight="4" > brought </wordcount>
    <wordcount weight="4" > knowledge </wordcount>
    <wordcount weight="4" > against </wordcount>
    <wordcount weight="4" > include </wordcount>
    <wordcount weight="4" > him </wordcount>
    <wordcount weight="4" > high </wordcount>
    <wordcount weight="4" > turn </wordcount>
    <wordcount weight="4" > needs </wordcount>
    <wordcount weight="4" > especially </wordcount>
    <wordcount weight="4" > few </wordcount>
    <wordcount weight="4" > relation </wordcount>
    <wordcount weight="4" > much </wordcount>
    <wordcount weight="3" > f </wordcount>
    <wordcount weight="3" > yields </wordcount>
    <wordcount weight="3" > now </wordcount>
    <wordcount weight="3" > no </wordcount>
    <wordcount weight="3" > materials </wordcount>
    <wordcount weight="3" > growth </wordcount>
    <wordcount weight="3" > service </wordcount>
    <wordcount weight="3" > how </wordcount>
    <wordcount weight="3" > excess </wordcount>
    <wordcount weight="3" > ultimate </wordcount>
    <wordcount weight="3" > becoming </wordcount>
    <wordcount weight="3" > complex </wordcount>
    <wordcount weight="3" > special </wordcount>
    <wordcount weight="3" > types </wordcount>
    <wordcount weight="3" > changes </wordcount>
    <wordcount weight="3" > country </wordcount>
    <wordcount weight="3" > under </wordcount>
    <wordcount weight="3" > western </wordcount>
    <wordcount weight="3" > forest </wordcount>
    <wordcount weight="3" > before </wordcount>
    <wordcount weight="3" > about </wordcount>
    <wordcount weight="3" > practices </wordcount>
    <wordcount weight="3" > volume </wordcount>
    <wordcount weight="3" > sources </wordcount>
    <wordcount weight="3" > rather </wordcount>
    <wordcount weight="3" > favorable </wordcount>
    <wordcount weight="3" > fertile </wordcount>
    <wordcount weight="3" > here </wordcount>
    <wordcount weight="3" > toward </wordcount>
    <wordcount weight="3" > distribution </wordcount>
    <wordcount weight="3" > enlightened </wordcount>
    <wordcount weight="3" > pressure </wordcount>
    <wordcount weight="3" > wildlife </wordcount>
    <wordcount weight="3" > lxviii </wordcount>
    <wordcount weight="3" > rich </wordcount>
    <wordcount weight="3" > last </wordcount>
    <wordcount weight="3" > time </wordcount>
    <wordcount weight="3" > perhaps </wordcount>
    <wordcount weight="3" > atomic </wordcount>
    <wordcount weight="3" > men </wordcount>
    <wordcount weight="3" > patterns </wordcount>
    <wordcount weight="3" > iii </wordcount>
    <wordcount weight="3" > sociopolitical </wordcount>
    <wordcount weight="3" > war </wordcount>
    <wordcount weight="3" > economy </wordcount>
    <wordcount weight="3" > agricultural </wordcount>
    <wordcount weight="3" > effort </wordcount>
    <wordcount weight="3" > money </wordcount>
    <wordcount weight="3" > waters </wordcount>
    <wordcount weight="3" > partial </wordcount>
    <wordcount weight="3" > institute </wordcount>
    <wordcount weight="3" > future </wordcount>
    <wordcount weight="3" > birth </wordcount>
    <wordcount weight="3" > upon </wordcount>
    <wordcount weight="3" > part </wordcount>
    <wordcount weight="3" > ultimately </wordcount>
    <wordcount weight="3" > along </wordcount>
    <wordcount weight="3" > minority </wordcount>
    <wordcount weight="3" > confronted </wordcount>
    <wordcount weight="3" > exploiters </wordcount>
    <wordcount weight="3" > technological </wordcount>
    <wordcount weight="3" > years </wordcount>
    <wordcount weight="3" > conditions </wordcount>
    <wordcount weight="3" > national </wordcount>
    <wordcount weight="3" > ecosystem </wordcount>
    <wordcount weight="3" > social </wordcount>
    <wordcount weight="3" > like </wordcount>
    <wordcount weight="3" > states </wordcount>
    <wordcount weight="3" > already </wordcount>
    <wordcount weight="3" > developments </wordcount>
    <wordcount weight="3" > better </wordcount>
    <wordcount weight="3" > small </wordcount>
    <wordcount weight="3" > several </wordcount>
    <wordcount weight="3" > always </wordcount>
    <wordcount weight="3" > spite </wordcount>
    <wordcount weight="3" > concomitant </wordcount>
    <wordcount weight="2" > said </wordcount>
    <wordcount weight="2" > increasing </wordcount>
    <wordcount weight="2" > educating </wordcount>
    <wordcount weight="2" > factors </wordcount>
    <wordcount weight="2" > enough </wordcount>
    <wordcount weight="2" > battle </wordcount>
    <wordcount weight="2" > civilization </wordcount>
    <wordcount weight="2" > done </wordcount>
    <wordcount weight="2" > adequate </wordcount>
    <wordcount weight="2" > me </wordcount>
    <wordcount weight="2" > dual </wordcount>
    <wordcount weight="2" > stock </wordcount>
    <wordcount weight="2" > way </wordcount>
    <wordcount weight="2" > bringing </wordcount>
    <wordcount weight="2" > controlled </wordcount>
    <wordcount weight="2" > action </wordcount>
    <wordcount weight="2" > practical </wordcount>
    <wordcount weight="2" > ironic </wordcount>
    <wordcount weight="2" > limited </wordcount>
    <wordcount weight="2" > levels </wordcount>
    <wordcount weight="2" > subsistence </wordcount>
    <wordcount weight="2" > difficult </wordcount>
    <wordcount weight="2" > poor </wordcount>
    <wordcount weight="2" > lost </wordcount>
    <wordcount weight="2" > seen </wordcount>
    <wordcount weight="2" > solutions </wordcount>
    <wordcount weight="2" > countries </wordcount>
    <wordcount weight="2" > direct </wordcount>
    <wordcount weight="2" > recently </wordcount>
    <wordcount weight="2" > selection </wordcount>
    <wordcount weight="2" > positive </wordcount>
    <wordcount weight="2" > lowered </wordcount>
    <wordcount weight="2" > animals </wordcount>
    <wordcount weight="2" > cooperative </wordcount>
    <wordcount weight="2" > specialist </wordcount>
    <wordcount weight="2" > thought </wordcount>
    <wordcount weight="2" > itself </wordcount>
    <wordcount weight="2" > modern </wordcount>
    <wordcount weight="2" > themselves </wordcount>
    <wordcount weight="2" > technology </wordcount>
    <wordcount weight="2" > university </wordcount>
    <wordcount weight="2" > consider </wordcount>
    <wordcount weight="2" > during </wordcount>
    <wordcount weight="2" > psychosocial </wordcount>
    <wordcount weight="2" > attack </wordcount>
    <wordcount weight="2" > mnore </wordcount>
    <wordcount weight="2" > cranbrook </wordcount>
    <wordcount weight="2" > home </wordcount>
    <wordcount weight="2" > fish </wordcount>
    <wordcount weight="2" > any </wordcount>
    <wordcount weight="2" > thinking </wordcount>
    <wordcount weight="2" > just </wordcount>
    <wordcount weight="2" > following </wordcount>
    <wordcount weight="2" > something </wordcount>
    <wordcount weight="2" > series </wordcount>
    <wordcount weight="2" > farm </wordcount>
    <wordcount weight="2" > variety </wordcount>
    <wordcount weight="2" > source </wordcount>
    <wordcount weight="2" > cyclic </wordcount>
    <wordcount weight="2" > prevent </wordcount>
    <wordcount weight="2" > leads </wordcount>
    <wordcount weight="2" > being </wordcount>
    <wordcount weight="2" > resource </wordcount>
    <wordcount weight="2" > picture </wordcount>
    <wordcount weight="2" > concerning </wordcount>
    <wordcount weight="2" > permit </wordcount>
    <wordcount weight="2" > satisfactory </wordcount>
    <wordcount weight="2" > cost </wordcount>
    <wordcount weight="2" > long </wordcount>
    <wordcount weight="2" > actually </wordcount>
    <wordcount weight="2" > butter </wordcount>
    <wordcount weight="2" > originally </wordcount>
    <wordcount weight="2" > erosion </wordcount>
    <wordcount weight="2" > power </wordcount>
    <wordcount weight="2" > over </wordcount>
    <wordcount weight="2" > europe </wordcount>
    <wordcount weight="2" > allow </wordcount>
    <wordcount weight="2" > lack </wordcount>
    <wordcount weight="2" > connection </wordcount>
    <wordcount weight="2" > consideration </wordcount>
    <wordcount weight="2" > seem </wordcount>
    <wordcount weight="2" > continue </wordcount>
    <wordcount weight="2" > areas </wordcount>
    <wordcount weight="2" > leaders </wordcount>
    <wordcount weight="2" > foods </wordcount>
    <wordcount weight="2" > called </wordcount>
    <wordcount weight="2" > justifiable </wordcount>
    <wordcount weight="2" > degree </wordcount>
    <wordcount weight="2" > harvest </wordcount>
    <wordcount weight="2" > bomb </wordcount>
    <wordcount weight="2" > farming </wordcount>
    <wordcount weight="2" > sustaining </wordcount>
    <wordcount weight="2" > away </wordcount>
    <wordcount weight="2" > eat </wordcount>
    <wordcount weight="2" > help </wordcount>
    <wordcount weight="2" > past </wordcount>
    <wordcount weight="2" > essentially </wordcount>
    <wordcount weight="2" > vegetation </wordcount>
    <wordcount weight="2" > mind </wordcount>
    <wordcount weight="2" > studies </wordcount>
    <wordcount weight="2" > raised </wordcount>
    <wordcount weight="2" > physiological </wordcount>
    <wordcount weight="2" > knows </wordcount>
    <wordcount weight="2" > game </wordcount>
    <wordcount weight="2" > atnd </wordcount>
    <wordcount weight="2" > whether </wordcount>
    <wordcount weight="2" > terms </wordcount>
    <wordcount weight="2" > depends </wordcount>
    <wordcount weight="2" > promise </wordcount>
    <wordcount weight="2" > necessary </wordcount>
    <wordcount weight="2" > agencies </wordcount>
    <wordcount weight="2" > maintain </wordcount>
    <wordcount weight="2" > dr </wordcount>
    <wordcount weight="2" > abuse </wordcount>
    <wordcount weight="2" > watershed </wordcount>
    <wordcount weight="2" > inadequate </wordcount>
    <wordcount weight="2" > tie </wordcount>
    <wordcount weight="2" > play </wordcount>
    <wordcount weight="2" > because </wordcount>
    <wordcount weight="2" > larger </wordcount>
    <wordcount weight="2" > cain </wordcount>
    <wordcount weight="2" > hybrid </wordcount>
    <wordcount weight="2" > too </wordcount>
    <wordcount weight="2" > phenomena </wordcount>
    <wordcount weight="2" > used </wordcount>
    <wordcount weight="2" > millions </wordcount>
    <wordcount weight="2" > soils </wordcount>
    <wordcount weight="2" > disease </wordcount>
    <wordcount weight="2" > functions </wordcount>
    <wordcount weight="2" > some </wordcount>
    <wordcount weight="2" > exploitative </wordcount>
    <wordcount weight="2" > women </wordcount>
    <wordcount weight="2" > enemy </wordcount>
    <wordcount weight="2" > average </wordcount>
    <wordcount weight="2" > government </wordcount>
    <wordcount weight="2" > x </wordcount>
    <wordcount weight="2" > despite </wordcount>
    <wordcount weight="2" > ol </wordcount>
    <wordcount weight="2" > industrialized </wordcount>
    <wordcount weight="2" > role </wordcount>
    <wordcount weight="2" > complexities </wordcount>
    <wordcount weight="2" > step </wordcount>
    <wordcount weight="2" > cash </wordcount>
    <wordcount weight="2" > democratic </wordcount>
    <wordcount weight="2" > place </wordcount>
    <wordcount weight="2" > engineering </wordcount>
    <wordcount weight="2" > broad </wordcount>
    <wordcount weight="2" > families </wordcount>
    <wordcount weight="2" > immediately </wordcount>
    <wordcount weight="2" > us </wordcount>
    <wordcount weight="2" > acres </wordcount>
    <wordcount weight="2" > comprehensive </wordcount>
    <wordcount weight="2" > worst </wordcount>
    <wordcount weight="2" > come </wordcount>
    <wordcount weight="2" > legislation </wordcount>
    <wordcount weight="2" > complicated </wordcount>
    <wordcount weight="2" > devoted </wordcount>
    <wordcount weight="2" > conducive </wordcount>
    <wordcount weight="2" > sharecropper </wordcount>
    <wordcount weight="2" > immediate </wordcount>
    <wordcount weight="2" > lands </wordcount>
    <wordcount weight="2" > regulation </wordcount>
    <wordcount weight="2" > initiated </wordcount>
    <wordcount weight="2" > due </wordcount>
    <wordcount weight="2" > piecemeal </wordcount>
    <wordcount weight="2" > moment </wordcount>
    <wordcount weight="2" > keep </wordcount>
    <wordcount weight="2" > sugar </wordcount>
    <wordcount weight="2" > although </wordcount>
    <wordcount weight="2" > crimes </wordcount>
    <wordcount weight="2" > flood </wordcount>
    <wordcount weight="2" > cold </wordcount>
    <wordcount weight="2" > inherent </wordcount>
    <wordcount weight="2" > pay </wordcount>
    <wordcount weight="2" > philosophy </wordcount>
    <wordcount weight="2" > progressive </wordcount>
    <wordcount weight="2" > quite </wordcount>
    <wordcount weight="2" > elements </wordcount>
    <wordcount weight="2" > favored </wordcount>
    <wordcount weight="2" > machines </wordcount>
    <wordcount weight="2" > research </wordcount>
    <wordcount weight="2" > effective </wordcount>
    <wordcount weight="2" > find </wordcount>
    <wordcount weight="2" > fats </wordcount>
    <wordcount weight="2" > given </wordcount>
    <wordcount weight="2" > results </wordcount>
    <wordcount weight="2" > pastures </wordcount>
    <wordcount weight="2" > among </wordcount>
    <wordcount weight="2" > hungers </wordcount>
    <wordcount weight="2" > recent </wordcount>
    <wordcount weight="2" > tansley </wordcount>
    <wordcount weight="2" > connections </wordcount>
    <wordcount weight="2" > should </wordcount>
    <wordcount weight="2" > babies </wordcount>
    <wordcount weight="2" > local </wordcount>
    <wordcount weight="1" > nations </wordcount>
    <wordcount weight="1" > sitwu </wordcount>
    <wordcount weight="1" > revolution </wordcount>
    <wordcount weight="1" > final </wordcount>
    <wordcount weight="1" > ini </wordcount>
    <wordcount weight="1" > higher </wordcount>
    <wordcount weight="1" > indlustry </wordcount>
    <wordcount weight="1" > brighter </wordcount>
    <wordcount weight="1" > genetic </wordcount>
    <wordcount weight="1" > thte </wordcount>
    <wordcount weight="1" > girl </wordcount>
    <wordcount weight="1" > communities </wordcount>
    <wordcount weight="1" > trends </wordcount>
    <wordcount weight="1" > pooland </wordcount>
    <wordcount weight="1" > frst </wordcount>
    <wordcount weight="1" > simultaneously </wordcount>
    <wordcount weight="1" > books </wordcount>
    <wordcount weight="1" > respect </wordcount>
    <wordcount weight="1" > applications </wordcount>
    <wordcount weight="1" > testifying </wordcount>
    <wordcount weight="1" > vegetable </wordcount>
    <wordcount weight="1" > recognized </wordcount>
    <wordcount weight="1" > irrespective </wordcount>
    <wordcount weight="1" > trick </wordcount>
    <wordcount weight="1" > york </wordcount>
    <wordcount weight="1" > whose </wordcount>
    <wordcount weight="1" > furnctioning </wordcount>
    <wordcount weight="1" > demand </wordcount>
    <wordcount weight="1" > progressively </wordcount>
    <wordcount weight="1" > implications </wordcount>
    <wordcount weight="1" > road </wordcount>
    <wordcount weight="1" > transformations </wordcount>
    <wordcount weight="1" > matter </wordcount>
    <wordcount weight="1" > interdependent </wordcount>
    <wordcount weight="1" > myriad </wordcount>
    <wordcount weight="1" > common </wordcount>
    <wordcount weight="1" > act </wordcount>
    <wordcount weight="1" > restoration </wordcount>
    <wordcount weight="1" > tively </wordcount>
    <wordcount weight="1" > provide </wordcount>
    <wordcount weight="1" > creative </wordcount>
    <wordcount weight="1" > vicissitudes </wordcount>
    <wordcount weight="1" > accelerating </wordcount>
    <wordcount weight="1" > concerned </wordcount>
    <wordcount weight="1" > districts </wordcount>
    <wordcount weight="1" > devastating </wordcount>
    <wordcount weight="1" > implying </wordcount>
    <wordcount weight="1" > crowing </wordcount>
    <wordcount weight="1" > populous </wordcount>
    <wordcount weight="1" > democracy </wordcount>
    <wordcount weight="1" > foreign </wordcount>
    <wordcount weight="1" > tion </wordcount>
    <wordcount weight="1" > groups </wordcount>
    <wordcount weight="1" > miaking </wordcount>
    <wordcount weight="1" > manifold </wordcount>
    <wordcount weight="1" > checks </wordcount>
    <wordcount weight="1" > maintenance </wordcount>
    <wordcount weight="1" > overall </wordcount>
    <wordcount weight="1" > bound </wordcount>
    <wordcount weight="1" > principle </wordcount>
    <wordcount weight="1" > imminence </wordcount>
    <wordcount weight="1" > abundanice </wordcount>
    <wordcount weight="1" > exploring </wordcount>
    <wordcount weight="1" > abundance </wordcount>
    <wordcount weight="1" > horses </wordcount>
    <wordcount weight="1" > critical </wordcount>
    <wordcount weight="1" > various </wordcount>
    <wordcount weight="1" > everyone </wordcount>
    <wordcount weight="1" > extreme </wordcount>
    <wordcount weight="1" > released </wordcount>
    <wordcount weight="1" > deaths </wordcount>
    <wordcount weight="1" > concomitants </wordcount>
    <wordcount weight="1" > resulted </wordcount>
    <wordcount weight="1" > fewer </wordcount>
    <wordcount weight="1" > lhuman </wordcount>
    <wordcount weight="1" > imiportant </wordcount>
    <wordcount weight="1" > operation </wordcount>
    <wordcount weight="1" > likelihood </wordcount>
    <wordcount weight="1" > catabolism </wordcount>
    <wordcount weight="1" > process </wordcount>
    <wordcount weight="1" > holistic </wordcount>
    <wordcount weight="1" > referred </wordcount>
    <wordcount weight="1" > measures </wordcount>
    <wordcount weight="1" > etc </wordcount>
    <wordcount weight="1" > host </wordcount>
    <wordcount weight="1" > predator </wordcount>
    <wordcount weight="1" > averagesmay </wordcount>
    <wordcount weight="1" > goes </wordcount>
    <wordcount weight="1" > comiplished </wordcount>
    <wordcount weight="1" > pointed </wordcount>
    <wordcount weight="1" > agroecosystems </wordcount>
    <wordcount weight="1" > hydroponics </wordcount>
    <wordcount weight="1" > make </wordcount>
    <wordcount weight="1" > garden </wordcount>
    <wordcount weight="1" > productior </wordcount>
    <wordcount weight="1" > heard </wordcount>
    <wordcount weight="1" > millennia </wordcount>
    <wordcount weight="1" > zoological </wordcount>
    <wordcount weight="1" > after </wordcount>
    <wordcount weight="1" > curtain </wordcount>
    <wordcount weight="1" > dividend </wordcount>
    <wordcount weight="1" > sympathetic </wordcount>
    <wordcount weight="1" > nonenergy </wordcount>
    <wordcount weight="1" > interrelations </wordcount>
    <wordcount weight="1" > unprecedented </wordcount>
    <wordcount weight="1" > importance </wordcount>
    <wordcount weight="1" > rapidly </wordcount>
    <wordcount weight="1" > particulate </wordcount>
    <wordcount weight="1" > reflection </wordcount>
    <wordcount weight="1" > renew </wordcount>
    <wordcount weight="1" > replaced </wordcount>
    <wordcount weight="1" > eyen </wordcount>
    <wordcount weight="1" > achievements </wordcount>
    <wordcount weight="1" > hold </wordcount>
    <wordcount weight="1" > ix </wordcount>
    <wordcount weight="1" > assuming </wordcount>
    <wordcount weight="1" > class </wordcount>
    <wordcount weight="1" > com </wordcount>
    <wordcount weight="1" > literacy </wordcount>
    <wordcount weight="1" > methods </wordcount>
    <wordcount weight="1" > satisfaction </wordcount>
    <wordcount weight="1" > agency </wordcount>
    <wordcount weight="1" > soilless </wordcount>
    <wordcount weight="1" > intimately </wordcount>
    <wordcount weight="1" > percentage </wordcount>
    <wordcount weight="1" > designed </wordcount>
    <wordcount weight="1" > impressed </wordcount>
    <wordcount weight="1" > limitation </wordcount>
    <wordcount weight="1" > discoveries </wordcount>
    <wordcount weight="1" > hope </wordcount>
    <wordcount weight="1" > ke </wordcount>
    <wordcount weight="1" > phase </wordcount>
    <wordcount weight="1" > supplements </wordcount>
    <wordcount weight="1" > confronts </wordcount>
    <wordcount weight="1" > reaches </wordcount>
    <wordcount weight="1" > units </wordcount>
    <wordcount weight="1" > lowering </wordcount>
    <wordcount weight="1" > ones </wordcount>
    <wordcount weight="1" > yet </wordcount>
    <wordcount weight="1" > ways </wordcount>
    <wordcount weight="1" > muscles </wordcount>
    <wordcount weight="1" > floods </wordcount>
    <wordcount weight="1" > interpretation </wordcount>
    <wordcount weight="1" > support </wordcount>
    <wordcount weight="1" > hutchinson </wordcount>
    <wordcount weight="1" > aid </wordcount>
    <wordcount weight="1" > exhaustible </wordcount>
    <wordcount weight="1" > irrigation </wordcount>
    <wordcount weight="1" > completely </wordcount>
    <wordcount weight="1" > thinks </wordcount>
    <wordcount weight="1" > face </wordcount>
    <wordcount weight="1" > substandard </wordcount>
    <wordcount weight="1" > drawings </wordcount>
    <wordcount weight="1" > favor </wordcount>
    <wordcount weight="1" > constitute </wordcount>
    <wordcount weight="1" > read </wordcount>
    <wordcount weight="1" > waterman </wordcount>
    <wordcount weight="1" > nevertheless </wordcount>
    <wordcount weight="1" > sound </wordcount>
    <wordcount weight="1" > parts </wordcount>
    <wordcount weight="1" > manpower </wordcount>
    <wordcount weight="1" > artificially </wordcount>
    <wordcount weight="1" > satisfied </wordcount>
    <wordcount weight="1" > lhas </wordcount>
    <wordcount weight="1" > ouir </wordcount>
    <wordcount weight="1" > repair </wordcount>
    <wordcount weight="1" > considered </wordcount>
    <wordcount weight="1" > decade </wordcount>
    <wordcount weight="1" > ranges </wordcount>
    <wordcount weight="1" > labor </wordcount>
    <wordcount weight="1" > earnest </wordcount>
    <wordcount weight="1" > assisting </wordcount>
    <wordcount weight="1" > canmot </wordcount>
    <wordcount weight="1" > protection </wordcount>
    <wordcount weight="1" > quantitatively </wordcount>
    <wordcount weight="1" > organization </wordcount>
    <wordcount weight="1" > improvement </wordcount>
    <wordcount weight="1" > geometric </wordcount>
    <wordcount weight="1" > thesis </wordcount>
    <wordcount weight="1" > recreation </wordcount>
    <wordcount weight="1" > expediency </wordcount>
    <wordcount weight="1" > management </wordcount>
    <wordcount weight="1" > quarrel </wordcount>
    <wordcount weight="1" > specialization </wordcount>
    <wordcount weight="1" > tax </wordcount>
    <wordcount weight="1" > cational </wordcount>
    <wordcount weight="1" > magnitude </wordcount>
    <wordcount weight="1" > revolu </wordcount>
    <wordcount weight="1" > emergence </wordcount>
    <wordcount weight="1" > closed </wordcount>
    <wordcount weight="1" > eventually </wordcount>
    <wordcount weight="1" > scientist </wordcount>
    <wordcount weight="1" > associated </wordcount>
    <wordcount weight="1" > continents </wordcount>
    <wordcount weight="1" > fruitful </wordcount>
    <wordcount weight="1" > culture </wordcount>
    <wordcount weight="1" > ussr </wordcount>
    <wordcount weight="1" > same </wordcount>
    <wordcount weight="1" > n </wordcount>
    <wordcount weight="1" > nor </wordcount>
    <wordcount weight="1" > accomplishment </wordcount>
    <wordcount weight="1" > gougers </wordcount>
    <wordcount weight="1" > edu </wordcount>
    <wordcount weight="1" > gradually </wordcount>
    <wordcount weight="1" > understands </wordcount>
    <wordcount weight="1" > dispersive </wordcount>
    <wordcount weight="1" > prov </wordcount>
    <wordcount weight="1" > unfavorable </wordcount>
    <wordcount weight="1" > calorific </wordcount>
    <wordcount weight="1" > cries </wordcount>
    <wordcount weight="1" > unlikely </wordcount>
    <wordcount weight="1" > circuit </wordcount>
    <wordcount weight="1" > measurements </wordcount>
    <wordcount weight="1" > existence </wordcount>
    <wordcount weight="1" > hunger </wordcount>
    <wordcount weight="1" > semiarid </wordcount>
    <wordcount weight="1" > experience </wordcount>
    <wordcount weight="1" > simply </wordcount>
    <wordcount weight="1" > eco </wordcount>
    <wordcount weight="1" > othier </wordcount>
    <wordcount weight="1" > matters </wordcount>
    <wordcount weight="1" > scarcely </wordcount>
    <wordcount weight="1" > economically </wordcount>
    <wordcount weight="1" > combustion </wordcount>
    <wordcount weight="1" > speaking </wordcount>
    <wordcount weight="1" > reductions </wordcount>
    <wordcount weight="1" > potentiality </wordcount>
    <wordcount weight="1" > powerful </wordcount>
    <wordcount weight="1" > inheritance </wordcount>
    <wordcount weight="1" > biotic </wordcount>
    <wordcount weight="1" > abundantly </wordcount>
    <wordcount weight="1" > either </wordcount>
    <wordcount weight="1" > beyond </wordcount>
    <wordcount weight="1" > percent </wordcount>
    <wordcount weight="1" > grazing </wordcount>
    <wordcount weight="1" > longer </wordcount>
    <wordcount weight="1" > attackl </wordcount>
    <wordcount weight="1" > obstacles </wordcount>
    <wordcount weight="1" > claims </wordcount>
    <wordcount weight="1" > global </wordcount>
    <wordcount weight="1" > committee </wordcount>
    <wordcount weight="1" > putting </wordcount>
    <wordcount weight="1" > falling </wordcount>
    <wordcount weight="1" > certainly </wordcount>
    <wordcount weight="1" > prob </wordcount>
    <wordcount weight="1" > endeavors </wordcount>
    <wordcount weight="1" > inexorable </wordcount>
    <wordcount weight="1" > admit </wordcount>
    <wordcount weight="1" > dearranged </wordcount>
    <wordcount weight="1" > westill </wordcount>
    <wordcount weight="1" > paul </wordcount>
    <wordcount weight="1" > finger </wordcount>
    <wordcount weight="1" > wider </wordcount>
    <wordcount weight="1" > interested </wordcount>
    <wordcount weight="1" > neew </wordcount>
    <wordcount weight="1" > sections </wordcount>
    <wordcount weight="1" > japan </wordcount>
    <wordcount weight="1" > hit </wordcount>
    <wordcount weight="1" > care </wordcount>
    <wordcount weight="1" > helped </wordcount>
    <wordcount weight="1" > granaries </wordcount>
    <wordcount weight="1" > m </wordcount>
    <wordcount weight="1" > give </wordcount>
    <wordcount weight="1" > later </wordcount>
    <wordcount weight="1" > military </wordcount>
    <wordcount weight="1" > rela </wordcount>
    <wordcount weight="1" > summooning </wordcount>
    <wordcount weight="1" > soluble </wordcount>
    <wordcount weight="1" > easterni </wordcount>
    <wordcount weight="1" > genecology </wordcount>
    <wordcount weight="1" > address </wordcount>
    <wordcount weight="1" > conduct </wordcount>
    <wordcount weight="1" > renewed </wordcount>
    <wordcount weight="1" > academy </wordcount>
    <wordcount weight="1" > contrariness </wordcount>
    <wordcount weight="1" > destructior </wordcount>
    <wordcount weight="1" > highest </wordcount>
    <wordcount weight="1" > state </wordcount>
    <wordcount weight="1" > dollar </wordcount>
    <wordcount weight="1" > history </wordcount>
    <wordcount weight="1" > undeniably </wordcount>
    <wordcount weight="1" > reforestation </wordcount>
    <wordcount weight="1" > vegetat </wordcount>
    <wordcount weight="1" > ourselves </wordcount>
    <wordcount weight="1" > tremendous </wordcount>
    <wordcount weight="1" > tailoring </wordcount>
    <wordcount weight="1" > diseases </wordcount>
    <wordcount weight="1" > destroy </wordcount>
    <wordcount weight="1" > eats </wordcount>
    <wordcount weight="1" > worries </wordcount>
    <wordcount weight="1" > paratively </wordcount>
    <wordcount weight="1" > asia </wordcount>
    <wordcount weight="1" > uses </wordcount>
    <wordcount weight="1" > efforts </wordcount>
    <wordcount weight="1" > equi </wordcount>
    <wordcount weight="1" > advance </wordcount>
    <wordcount weight="1" > communal </wordcount>
    <wordcount weight="1" > worth </wordcount>
    <wordcount weight="1" > remembered </wordcount>
    <wordcount weight="1" > expanding </wordcount>
    <wordcount weight="1" > based </wordcount>
    <wordcount weight="1" > faster </wordcount>
    <wordcount weight="1" > iiiii </wordcount>
    <wordcount weight="1" > protoplasm </wordcount>
    <wordcount weight="1" > drying </wordcount>
    <wordcount weight="1" > pest </wordcount>
    <wordcount weight="1" > available </wordcount>
    <wordcount weight="1" > ultivation </wordcount>
    <wordcount weight="1" > tinportatnt </wordcount>
    <wordcount weight="1" > scientists </wordcount>
    <wordcount weight="1" > wholeness </wordcount>
    <wordcount weight="1" > fhe </wordcount>
    <wordcount weight="1" > tbey </wordcount>
    <wordcount weight="1" > best </wordcount>
    <wordcount weight="1" > unknown </wordcount>
    <wordcount weight="1" > could </wordcount>
    <wordcount weight="1" > belong </wordcount>
    <wordcount weight="1" > striking </wordcount>
    <wordcount weight="1" > prey </wordcount>
    <wordcount weight="1" > ofmay </wordcount>
    <wordcount weight="1" > accompanied </wordcount>
    <wordcount weight="1" > conservative </wordcount>
    <wordcount weight="1" > derivatives </wordcount>
    <wordcount weight="1" > nonphysiological </wordcount>
    <wordcount weight="1" > bogies </wordcount>
    <wordcount weight="1" > rugged </wordcount>
    <wordcount weight="1" > resuits </wordcount>
    <wordcount weight="1" > regard </wordcount>
    <wordcount weight="1" > captures </wordcount>
    <wordcount weight="1" > attempting </wordcount>
    <wordcount weight="1" > ecotypes </wordcount>
    <wordcount weight="1" > vicious </wordcount>
    <wordcount weight="1" > relieving </wordcount>
    <wordcount weight="1" > four </wordcount>
    <wordcount weight="1" > crop </wordcount>
    <wordcount weight="1" > acreage </wordcount>
    <wordcount weight="1" > achievement </wordcount>
    <wordcount weight="1" > changed </wordcount>
    <wordcount weight="1" > clear </wordcount>
    <wordcount weight="1" > strategic </wordcount>
    <wordcount weight="1" > job </wordcount>
    <wordcount weight="1" > never </wordcount>
    <wordcount weight="1" > obviously </wordcount>
    <wordcount weight="1" > seller </wordcount>
    <wordcount weight="1" > everywlhere </wordcount>
    <wordcount weight="1" > onto </wordcount>
    <wordcount weight="1" > treatour </wordcount>
    <wordcount weight="1" > far </wordcount>
    <wordcount weight="1" > urbanized </wordcount>
    <wordcount weight="1" > attempt </wordcount>
    <wordcount weight="1" > interstate </wordcount>
    <wordcount weight="1" > secret </wordcount>
    <wordcount weight="1" > bluegrass </wordcount>
    <wordcount weight="1" > depletion </wordcount>
    <wordcount weight="1" > overwhelmingly </wordcount>
    <wordcount weight="1" > hundred </wordcount>
    <wordcount weight="1" > itndustrial </wordcount>
    <wordcount weight="1" > synall </wordcount>
    <wordcount weight="1" > take </wordcount>
    <wordcount weight="1" > sought </wordcount>
    <wordcount weight="1" > historical </wordcount>
    <wordcount weight="1" > comprehension </wordcount>
    <wordcount weight="1" > subsequent </wordcount>
    <wordcount weight="1" > expansion </wordcount>
    <wordcount weight="1" > milestone </wordcount>
    <wordcount weight="1" > constantly </wordcount>
    <wordcount weight="1" > systenm </wordcount>
    <wordcount weight="1" > experts </wordcount>
    <wordcount weight="1" > markets </wordcount>
    <wordcount weight="1" > horsepowerthe </wordcount>
    <wordcount weight="1" > senate </wordcount>
    <wordcount weight="1" > instant </wordcount>
    <wordcount weight="1" > ofour </wordcount>
    <wordcount weight="1" > urbanization </wordcount>
    <wordcount weight="1" > reproductive </wordcount>
    <wordcount weight="1" > density </wordcount>
    <wordcount weight="1" > outside </wordcount>
    <wordcount weight="1" > failed </wordcount>
    <wordcount weight="1" > date </wordcount>
    <wordcount weight="1" > further </wordcount>
    <wordcount weight="1" > do </wordcount>
    <wordcount weight="1" > beginning </wordcount>
    <wordcount weight="1" > ideologies </wordcount>
    <wordcount weight="1" > drop </wordcount>
    <wordcount weight="1" > proletariat </wordcount>
    <wordcount weight="1" > understood </wordcount>
    <wordcount weight="1" > though </wordcount>
    <wordcount weight="1" > surpluses </wordcount>
    <wordcount weight="1" > china </wordcount>
    <wordcount weight="1" > application </wordcount>
    <wordcount weight="1" > manner </wordcount>
    <wordcount weight="1" > wage </wordcount>
    <wordcount weight="1" > vary </wordcount>
    <wordcount weight="1" > il </wordcount>
    <wordcount weight="1" > ary </wordcount>
    <wordcount weight="1" > farmers </wordcount>
    <wordcount weight="1" > behind </wordcount>
    <wordcount weight="1" > relationships </wordcount>
    <wordcount weight="1" > continuing </wordcount>
    <wordcount weight="1" > developing </wordcount>
    <wordcount weight="1" > purposes </wordcount>
    <wordcount weight="1" > situation </wordcount>
    <wordcount weight="1" > deteriorated </wordcount>
    <wordcount weight="1" > existing </wordcount>
    <wordcount weight="1" > irnimical </wordcount>
    <wordcount weight="1" > reactions </wordcount>
    <wordcount weight="1" > viewed </wordcount>
    <wordcount weight="1" > welfare </wordcount>
    <wordcount weight="1" > neither </wordcount>
    <wordcount weight="1" > produced </wordcount>
    <wordcount weight="1" > accumulated </wordcount>
    <wordcount weight="1" > unsurpassed </wordcount>
    <wordcount weight="1" > boats </wordcount>
    <wordcount weight="1" > meet </wordcount>
    <wordcount weight="1" > juliatn </wordcount>
    <wordcount weight="1" > wrong </wordcount>
    <wordcount weight="1" > particular </wordcount>
    <wordcount weight="1" > friendly </wordcount>
    <wordcount weight="1" > cover </wordcount>
    <wordcount weight="1" > otherwise </wordcount>
    <wordcount weight="1" > takes </wordcount>
    <wordcount weight="1" > occasional </wordcount>
    <wordcount weight="1" > practice </wordcount>
    <wordcount weight="1" > mnechanism </wordcount>
    <wordcount weight="1" > disparity </wordcount>
    <wordcount weight="1" > collectivized </wordcount>
    <wordcount weight="1" > losing </wordcount>
    <wordcount weight="1" > fronts </wordcount>
    <wordcount weight="1" > rictness </wordcount>
    <wordcount weight="1" > mechanized </wordcount>
    <wordcount weight="1" > plain </wordcount>
    <wordcount weight="1" > silviculture </wordcount>
    <wordcount weight="1" > planet </wordcount>
    <wordcount weight="1" > eastern </wordcount>
    <wordcount weight="1" > taught </wordcount>
    <wordcount weight="1" > enjoyed </wordcount>
    <wordcount weight="1" > adaptation </wordcount>
    <wordcount weight="1" > acceleration </wordcount>
    <wordcount weight="1" > wide </wordcount>
    <wordcount weight="1" > commercial </wordcount>
    <wordcount weight="1" > lem </wordcount>
    <wordcount weight="1" > thle </wordcount>
    <wordcount weight="1" > getting </wordcount>
    <wordcount weight="1" > near </wordcount>
    <wordcount weight="1" > number </wordcount>
    <wordcount weight="1" > wood </wordcount>
    <wordcount weight="1" > abysses </wordcount>
    <wordcount weight="1" > sustenance </wordcount>
    <wordcount weight="1" > facts </wordcount>
    <wordcount weight="1" > march </wordcount>
    <wordcount weight="1" > require </wordcount>
    <wordcount weight="1" > dark </wordcount>
    <wordcount weight="1" > desires </wordcount>
    <wordcount weight="1" > produce </wordcount>
    <wordcount weight="1" > photosynthesis </wordcount>
    <wordcount weight="1" > earnestness </wordcount>
    <wordcount weight="1" > another </wordcount>
    <wordcount weight="1" > thousands </wordcount>
    <wordcount weight="1" > keeping </wordcount>
    <wordcount weight="1" > original </wordcount>
    <wordcount weight="1" > voter </wordcount>
    <wordcount weight="1" > quantities </wordcount>
    <wordcount weight="1" > radioactive </wordcount>
    <wordcount weight="1" > larnd </wordcount>
    <wordcount weight="1" > psychology </wordcount>
    <wordcount weight="1" > distributing </wordcount>
    <wordcount weight="1" > felt </wordcount>
    <wordcount weight="1" > becomes </wordcount>
    <wordcount weight="1" > pooling </wordcount>
    <wordcount weight="1" > up </wordcount>
    <wordcount weight="1" > muclh </wordcount>
    <wordcount weight="1" > hundreds </wordcount>
    <wordcount weight="1" > machinery </wordcount>
    <wordcount weight="1" > cooperation </wordcount>
    <wordcount weight="1" > nutrition </wordcount>
    <wordcount weight="1" > governmnental </wordcount>
    <wordcount weight="1" > offices </wordcount>
    <wordcount weight="1" > infant </wordcount>
    <wordcount weight="1" > investment </wordcount>
    <wordcount weight="1" > calamities </wordcount>
    <wordcount weight="1" > condition </wordcount>
    <wordcount weight="1" > art </wordcount>
    <wordcount weight="1" > beimg </wordcount>
    <wordcount weight="1" > orn </wordcount>
    <wordcount weight="1" > burning </wordcount>
    <wordcount weight="1" > arid </wordcount>
    <wordcount weight="1" > reaching </wordcount>
    <wordcount weight="1" > indiana </wordcount>
    <wordcount weight="1" > ocean </wordcount>
    <wordcount weight="1" > itnternational </wordcount>
    <wordcount weight="1" > solely </wordcount>
    <wordcount weight="1" > first </wordcount>
    <wordcount weight="1" > tool </wordcount>
    <wordcount weight="1" > varieties </wordcount>
    <wordcount weight="1" > universities </wordcount>
    <wordcount weight="1" > redirection </wordcount>
    <wordcount weight="1" > uneconomical </wordcount>
    <wordcount weight="1" > carry </wordcount>
    <wordcount weight="1" > leisure </wordcount>
    <wordcount weight="1" > inimical </wordcount>
    <wordcount weight="1" > careful </wordcount>
    <wordcount weight="1" > dioxide </wordcount>
    <wordcount weight="1" > consequently </wordcount>
    <wordcount weight="1" > concept </wordcount>
    <wordcount weight="1" > transport </wordcount>
    <wordcount weight="1" > private </wordcount>
    <wordcount weight="1" > formal </wordcount>
    <wordcount weight="1" > story </wordcount>
    <wordcount weight="1" > supply </wordcount>
    <wordcount weight="1" > microscopic </wordcount>
    <wordcount weight="1" > consequent </wordcount>
    <wordcount weight="1" > understanding </wordcount>
    <wordcount weight="1" > introduced </wordcount>
    <wordcount weight="1" > establishment </wordcount>
    <wordcount weight="1" > capturing </wordcount>
    <wordcount weight="1" > revolutions </wordcount>
    <wordcount weight="1" > show </wordcount>
    <wordcount weight="1" > case </wordcount>
    <wordcount weight="1" > calls </wordcount>
    <wordcount weight="1" > activated </wordcount>
    <wordcount weight="1" > ecologists </wordcount>
    <wordcount weight="1" > frugality </wordcount>
    <wordcount weight="1" > negative </wordcount>
    <wordcount weight="1" > topsoil </wordcount>
    <wordcount weight="1" > tiany </wordcount>
    <wordcount weight="1" > supplies </wordcount>
    <wordcount weight="1" > heedlessness </wordcount>
    <wordcount weight="1" > enter </wordcount>
    <wordcount weight="1" > himself </wordcount>
    <wordcount weight="1" > renewable </wordcount>
    <wordcount weight="1" > subject </wordcount>
    <wordcount weight="1" > interact </wordcount>
    <wordcount weight="1" > looked </wordcount>
    <wordcount weight="1" > writing </wordcount>
    <wordcount weight="1" > technical </wordcount>
    <wordcount weight="1" > often </wordcount>
    <wordcount weight="1" > initiative </wordcount>
    <wordcount weight="1" > assumptions </wordcount>
    <wordcount weight="1" > appalling </wordcount>
    <wordcount weight="1" > fairfield </wordcount>
    <wordcount weight="1" > waste </wordcount>
    <wordcount weight="1" > progiams </wordcount>
    <wordcount weight="1" > boiled </wordcount>
    <wordcount weight="1" > steady </wordcount>
    <wordcount weight="1" > wholesome </wordcount>
    <wordcount weight="1" > learning </wordcount>
    <wordcount weight="1" > exploitation </wordcount>
    <wordcount weight="1" > interrelatedness </wordcount>
    <wordcount weight="1" > phenomenal </wordcount>
    <wordcount weight="1" > largely </wordcount>
    <wordcount weight="1" > obtain </wordcount>
    <wordcount weight="1" > anyway </wordcount>
    <wordcount weight="1" > isolationism </wordcount>
    <wordcount weight="1" > refined </wordcount>
    <wordcount weight="1" > policies </wordcount>
    <wordcount weight="1" > began </wordcount>
    <wordcount weight="1" > huxley </wordcount>
    <wordcount weight="1" > rightfully </wordcount>
    <wordcount weight="1" > tractors </wordcount>
    <wordcount weight="1" > disrupted </wordcount>
    <wordcount weight="1" > lower </wordcount>
    <wordcount weight="1" > isolated </wordcount>
    <wordcount weight="1" > resulting </wordcount>
    <wordcount weight="1" > oppose </wordcount>
    <wordcount weight="1" > wilderness </wordcount>
    <wordcount weight="1" > tips </wordcount>
    <wordcount weight="1" > implements </wordcount>
    <wordcount weight="1" > successful </wordcount>
    <wordcount weight="1" > ecosystems </wordcount>
    <wordcount weight="1" > think </wordcount>
    <wordcount weight="1" > hopeful </wordcount>
    <wordcount weight="1" > business </wordcount>
    <wordcount weight="1" > penalty </wordcount>
    <wordcount weight="1" > million </wordcount>
    <wordcount weight="1" > substitut </wordcount>
    <wordcount weight="1" > withi </wordcount>
    <wordcount weight="1" > individuals </wordcount>
    <wordcount weight="1" > amenities </wordcount>
    <wordcount weight="1" > bushel </wordcount>
    <wordcount weight="1" > croptype </wordcount>
    <wordcount weight="1" > check </wordcount>
    <wordcount weight="1" > raising </wordcount>
    <wordcount weight="1" > economic </wordcount>
    <wordcount weight="1" > partly </wordcount>
    <wordcount weight="1" > improvements </wordcount>
    <wordcount weight="1" > considerable </wordcount>
    <wordcount weight="1" > employed </wordcount>
    <wordcount weight="1" > students </wordcount>
    <wordcount weight="1" > sorne </wordcount>
    <wordcount weight="1" > centennial </wordcount>
    <wordcount weight="1" > moderate </wordcount>
    <wordcount weight="1" > photochemical </wordcount>
    <wordcount weight="1" > expanision </wordcount>
    <wordcount weight="1" > matt </wordcount>
    <wordcount weight="1" > shelter </wordcount>
    <wordcount weight="1" > expect </wordcount>
    <wordcount weight="1" > spring </wordcount>
    <wordcount weight="1" > described </wordcount>
    <wordcount weight="1" > formay </wordcount>
    <wordcount weight="1" > appetites </wordcount>
    <wordcount weight="1" > exceedingly </wordcount>
    <wordcount weight="1" > burden </wordcount>
    <wordcount weight="1" > destruction </wordcount>
    <wordcount weight="1" > low </wordcount>
    <wordcount weight="1" > fact </wordcount>
    <wordcount weight="1" > league </wordcount>
    <wordcount weight="1" > seldom </wordcount>
    <wordcount weight="1" > inevitable </wordcount>
    <wordcount weight="1" > my </wordcount>
    <wordcount weight="1" > consumed </wordcount>
    <wordcount weight="1" > relative </wordcount>
    <wordcount weight="1" > fund </wordcount>
    <wordcount weight="1" > mutual </wordcount>
    <wordcount weight="1" > productive </wordcount>
    <wordcount weight="1" > table </wordcount>
    <wordcount weight="1" > involves </wordcount>
    <wordcount weight="1" > attributed </wordcount>
    <wordcount weight="1" > poisoning </wordcount>
    <wordcount weight="1" > open </wordcount>
    <wordcount weight="1" > sediment </wordcount>
    <wordcount weight="1" > september </wordcount>
    <wordcount weight="1" > evolution </wordcount>
    <wordcount weight="1" > chemical </wordcount>
    <wordcount weight="1" > related </wordcount>
    <wordcount weight="1" > voto </wordcount>
    <wordcount weight="1" > prices </wordcount>
    <wordcount weight="1" > agent </wordcount>
    <wordcount weight="1" > earth </wordcount>
    <wordcount weight="1" > health </wordcount>
    <wordcount weight="1" > every </wordcount>
    <wordcount weight="1" > discovering </wordcount>
    <wordcount weight="1" > interest </wordcount>
    <wordcount weight="1" > econonmic </wordcount>
    <wordcount weight="1" > logic </wordcount>
    <wordcount weight="1" > change </wordcount>
    <wordcount weight="1" > rationalized </wordcount>
    <wordcount weight="1" > offer </wordcount>
    <wordcount weight="1" > relations </wordcount>
    <wordcount weight="1" > symposium </wordcount>
    <wordcount weight="1" > carbon </wordcount>
    <wordcount weight="1" > organism </wordcount>
    <wordcount weight="1" > sense </wordcount>
    <wordcount weight="1" > integrated </wordcount>
    <wordcount weight="1" > births </wordcount>
    <wordcount weight="1" > basically </wordcount>
    <wordcount weight="1" > accompanying </wordcount>
    <wordcount weight="1" > ago </wordcount>
    <wordcount weight="1" > consumption </wordcount>
    <wordcount weight="1" > american </wordcount>
    <wordcount weight="1" > bernard </wordcount>
    <wordcount weight="1" > need </wordcount>
    <wordcount weight="1" > spread </wordcount>
    <wordcount weight="1" > educatory </wordcount>
    <wordcount weight="1" > vegetail </wordcount>
    <wordcount weight="1" > tendencies </wordcount>
    <wordcount weight="1" > smaller </wordcount>
    <wordcount weight="1" > individualism </wordcount>
    <wordcount weight="1" > emigration </wordcount>
    <wordcount weight="1" > farms </wordcount>
    <wordcount weight="1" > doorsteps </wordcount>
    <wordcount weight="1" > involving </wordcount>
    <wordcount weight="1" > serves </wordcount>
    <wordcount weight="1" > substitutions </wordcount>
    <wordcount weight="1" > vegetative </wordcount>
    <wordcount weight="1" > hrough </wordcount>
    <wordcount weight="1" > affairs </wordcount>
    <wordcount weight="1" > warrant </wordcount>
    <wordcount weight="1" > momentarily </wordcount>
    <wordcount weight="1" > insces </wordcount>
    <wordcount weight="1" > increment </wordcount>
    <wordcount weight="1" > propitious </wordcount>
    <wordcount weight="1" > vested </wordcount>
    <wordcount weight="1" > retreats </wordcount>
    <wordcount weight="1" > estimates </wordcount>
    <wordcount weight="1" > unity </wordcount>
    <wordcount weight="1" > squarely </wordcount>
    <wordcount weight="1" > socialism </wordcount>
    <wordcount weight="1" > maladies </wordcount>
    <wordcount weight="1" > stout </wordcount>
    <wordcount weight="1" > cases </wordcount>
    <wordcount weight="1" > abundant </wordcount>
    <wordcount weight="1" > economical </wordcount>
    <wordcount weight="1" > rhe </wordcount>
    <wordcount weight="1" > persuade </wordcount>
    <wordcount weight="1" > thirds </wordcount>
    <wordcount weight="1" > fast </wordcount>
    <wordcount weight="1" > battern </wordcount>
    <wordcount weight="1" > pushers </wordcount>
    <wordcount weight="1" > instead </wordcount>
    <wordcount weight="1" > imagination </wordcount>
    <wordcount weight="1" > sole </wordcount>
    <wordcount weight="1" > toynbee </wordcount>
    <wordcount weight="1" > evelyn </wordcount>
    <wordcount weight="1" > refer </wordcount>
    <wordcount weight="1" > sufficient </wordcount>
    <wordcount weight="1" > having </wordcount>
    <wordcount weight="1" > enlightenment </wordcount>
    <wordcount weight="1" > resettlemenit </wordcount>
    <wordcount weight="1" > internal </wordcount>
    <wordcount weight="1" > republics </wordcount>
    <wordcount weight="1" > article </wordcount>
    <wordcount weight="1" > least </wordcount>
    <wordcount weight="1" > highly </wordcount>
    <wordcount weight="1" > systems </wordcount>
    <wordcount weight="1" > removed </wordcount>
    <wordcount weight="1" > speed </wordcount>
    <wordcount weight="1" > jobs </wordcount>
    <wordcount weight="1" > grow </wordcount>
    <wordcount weight="1" > consumer </wordcount>
    <wordcount weight="1" > atd </wordcount>
    <wordcount weight="1" > county </wordcount>
    <wordcount weight="1" > breaking </wordcount>
    <wordcount weight="1" > exaggeration </wordcount>
    <wordcount weight="1" > bushels </wordcount>
    <wordcount weight="1" > mantle </wordcount>
    <wordcount weight="1" > iron </wordcount>
    <wordcount weight="1" > dramatic </wordcount>
    <wordcount weight="1" > advarnces </wordcount>
    <wordcount weight="1" > doubling </wordcount>
    <wordcount weight="1" > allowing </wordcount>
    <wordcount weight="1" > beirng </wordcount>
    <wordcount weight="1" > c </wordcount>
    <wordcount weight="1" > soybeans </wordcount>
    <wordcount weight="1" > deserts </wordcount>
    <wordcount weight="1" > seetn </wordcount>
    <wordcount weight="1" > geographically </wordcount>
    <wordcount weight="1" > wise </wordcount>
    <wordcount weight="1" > contact </wordcount>
    <wordcount weight="1" > point </wordcount>
    <wordcount weight="1" > pass </wordcount>
    <wordcount weight="1" > single </wordcount>
    <wordcount weight="1" > effect </wordcount>
    <wordcount weight="1" > seeds </wordcount>
    <wordcount weight="1" > impossible </wordcount>
    <wordcount weight="1" > lhusbandry </wordcount>
    <wordcount weight="1" > yielded </wordcount>
    <wordcount weight="1" > estimate </wordcount>
    <wordcount weight="1" > ib </wordcount>
    <wordcount weight="1" > status </wordcount>
    <wordcount weight="1" > mechanical </wordcount>
    <wordcount weight="1" > aaas </wordcount>
    <wordcount weight="1" > marine </wordcount>
    <wordcount weight="1" > concerted </wordcount>
    <wordcount weight="1" > structure </wordcount>
    <wordcount weight="1" > customary </wordcount>
    <wordcount weight="1" > futility </wordcount>
    <wordcount weight="1" > pleasing </wordcount>
    <wordcount weight="1" > annual </wordcount>
    <wordcount weight="1" > reproduction </wordcount>
    <wordcount weight="1" > maximum </wordcount>
    <wordcount weight="1" > including </wordcount>
    <wordcount weight="1" > adapted </wordcount>
    <wordcount weight="1" > natu </wordcount>
    <wordcount weight="1" > element </wordcount>
    <wordcount weight="1" > peasantry </wordcount>
    <wordcount weight="1" > death </wordcount>
    <wordcount weight="1" > localities </wordcount>
    <wordcount weight="1" > individ </wordcount>
    <wordcount weight="1" > cattle </wordcount>
    <wordcount weight="1" > dependent </wordcount>
    <wordcount weight="1" > thie </wordcount>
    <wordcount weight="1" > those </wordcount>
    <wordcount weight="1" > ta </wordcount>
    <wordcount weight="1" > william </wordcount>
    <wordcount weight="1" > passenger </wordcount>
    <wordcount weight="1" > re </wordcount>
    <wordcount weight="1" > wife </wordcount>
    <wordcount weight="1" > tilling </wordcount>
    <wordcount weight="1" > streams </wordcount>
    <wordcount weight="1" > plundered </wordcount>
    <wordcount weight="1" > dwindling </wordcount>
    <wordcount weight="1" > demonstration </wordcount>
    <wordcount weight="1" > submarginal </wordcount>
    <wordcount weight="1" > rnatural </wordcount>
    <wordcount weight="1" > mimesis </wordcount>
    <wordcount weight="1" > joint </wordcount>
    <wordcount weight="1" > calories </wordcount>
    <wordcount weight="1" > tf </wordcount>
    <wordcount weight="1" > value </wordcount>
    <wordcount weight="1" > chain </wordcount>
    <wordcount weight="1" > adult </wordcount>
    <wordcount weight="1" > building </wordcount>
    <wordcount weight="1" > develop </wordcount>
    <wordcount weight="1" > deficiency </wordcount>
    <wordcount weight="1" > energ </wordcount>
    <wordcount weight="1" > division </wordcount>
    <wordcount weight="1" > steps </wordcount>
    <wordcount weight="1" > strermuos </wordcount>
    <wordcount weight="1" > interests </wordcount>
    <wordcount weight="1" > attention </wordcount>
    <wordcount weight="1" > coal </wordcount>
    <wordcount weight="1" > cultural </wordcount>
    <wordcount weight="1" > professions </wordcount>
    <wordcount weight="1" > stanley </wordcount>
    <wordcount weight="1" > rates </wordcount>
    <wordcount weight="1" > attempted </wordcount>
    <wordcount weight="1" > prehension </wordcount>
    <wordcount weight="1" > activities </wordcount>
    <wordcount weight="1" > promising </wordcount>
    <wordcount weight="1" > major </wordcount>
    <wordcount weight="1" > ment </wordcount>
    <wordcount weight="1" > casserole </wordcount>
    <wordcount weight="1" > poorly </wordcount>
    <wordcount weight="1" > possibilities </wordcount>
    <wordcount weight="1" > pioneer </wordcount>
    <wordcount weight="1" > next </wordcount>
</article>
