<?xml version="1.0" encoding="UTF-8"?>
<article id="10.2307/27827124" >
    <wordcount weight="22" > the </wordcount>
    <wordcount weight="20" > of </wordcount>
    <wordcount weight="13" > to </wordcount>
    <wordcount weight="12" > and </wordcount>
    <wordcount weight="11" > in </wordcount>
    <wordcount weight="8" > a </wordcount>
    <wordcount weight="7" > is </wordcount>
    <wordcount weight="6" > book </wordcount>
    <wordcount weight="6" > an </wordcount>
    <wordcount weight="4" > are </wordcount>
    <wordcount weight="4" > for </wordcount>
    <wordcount weight="4" > which </wordcount>
    <wordcount weight="3" > notable </wordcount>
    <wordcount weight="3" > plant </wordcount>
    <wordcount weight="3" > contributions </wordcount>
    <wordcount weight="3" > with </wordcount>
    <wordcount weight="3" > families </wordcount>
    <wordcount weight="3" > recent </wordcount>
    <wordcount weight="2" > it </wordcount>
    <wordcount weight="2" > by </wordcount>
    <wordcount weight="2" > have </wordcount>
    <wordcount weight="2" > taxonomic </wordcount>
    <wordcount weight="2" > his </wordcount>
    <wordcount weight="2" > meaning </wordcount>
    <wordcount weight="2" > text </wordcount>
    <wordcount weight="2" > fre </wordcount>
    <wordcount weight="2" > number </wordcount>
    <wordcount weight="2" > general </wordcount>
    <wordcount weight="2" > treatment </wordcount>
    <wordcount weight="2" > some </wordcount>
    <wordcount weight="2" > literature </wordcount>
    <wordcount weight="2" > been </wordcount>
    <wordcount weight="2" > descriptive </wordcount>
    <wordcount weight="2" > elementary </wordcount>
    <wordcount weight="2" > one </wordcount>
    <wordcount weight="2" > as </wordcount>
    <wordcount weight="2" > quently </wordcount>
    <wordcount weight="2" > be </wordcount>
    <wordcount weight="2" > out </wordcount>
    <wordcount weight="2" > lyman </wordcount>
    <wordcount weight="2" > onomy </wordcount>
    <wordcount weight="2" > sections </wordcount>
    <wordcount weight="2" > evolution </wordcount>
    <wordcount weight="2" > tax </wordcount>
    <wordcount weight="1" > devoted </wordcount>
    <wordcount weight="1" > expect </wordcount>
    <wordcount weight="1" > described </wordcount>
    <wordcount weight="1" > difficult </wordcount>
    <wordcount weight="1" > source </wordcount>
    <wordcount weight="1" > portion </wordcount>
    <wordcount weight="1" > morphology </wordcount>
    <wordcount weight="1" > but </wordcount>
    <wordcount weight="1" > years </wordcount>
    <wordcount weight="1" > too </wordcount>
    <wordcount weight="1" > on </wordcount>
    <wordcount weight="1" > these </wordcount>
    <wordcount weight="1" > terms </wordcount>
    <wordcount weight="1" > vanced </wordcount>
    <wordcount weight="1" > ad </wordcount>
    <wordcount weight="1" > illustrated </wordcount>
    <wordcount weight="1" > most </wordcount>
    <wordcount weight="1" > cannot </wordcount>
    <wordcount weight="1" > recognized </wordcount>
    <wordcount weight="1" > flower </wordcount>
    <wordcount weight="1" > first </wordcount>
    <wordcount weight="1" > handled </wordcount>
    <wordcount weight="1" > de </wordcount>
    <wordcount weight="1" > no </wordcount>
    <wordcount weight="1" > from </wordcount>
    <wordcount weight="1" > injects </wordcount>
    <wordcount weight="1" > frustration </wordcount>
    <wordcount weight="1" > rather </wordcount>
    <wordcount weight="1" > workers </wordcount>
    <wordcount weight="1" > course </wordcount>
    <wordcount weight="1" > that </wordcount>
    <wordcount weight="1" > individual </wordcount>
    <wordcount weight="1" > approximately </wordcount>
    <wordcount weight="1" > tion </wordcount>
    <wordcount weight="1" > ornduff </wordcount>
    <wordcount weight="1" > has </wordcount>
    <wordcount weight="1" > handsomely </wordcount>
    <wordcount weight="1" > d </wordcount>
    <wordcount weight="1" > so </wordcount>
    <wordcount weight="1" > subject </wordcount>
    <wordcount weight="1" > america </wordcount>
    <wordcount weight="1" > vitality </wordcount>
    <wordcount weight="1" > benson </wordcount>
    <wordcount weight="1" > features </wordcount>
    <wordcount weight="1" > well </wordcount>
    <wordcount weight="1" > outstanding </wordcount>
    <wordcount weight="1" > florescence </wordcount>
    <wordcount weight="1" > brief </wordcount>
    <wordcount weight="1" > college </wordcount>
    <wordcount weight="1" > highly </wordcount>
    <wordcount weight="1" > toward </wordcount>
    <wordcount weight="1" > brings </wordcount>
    <wordcount weight="1" > addi </wordcount>
    <wordcount weight="1" > lected </wordcount>
    <wordcount weight="1" > issued </wordcount>
    <wordcount weight="1" > understanding </wordcount>
    <wordcount weight="1" > line </wordcount>
    <wordcount weight="1" > gantly </wordcount>
    <wordcount weight="1" > all </wordcount>
    <wordcount weight="1" > classification </wordcount>
    <wordcount weight="1" > small </wordcount>
    <wordcount weight="1" > tique </wordcount>
    <wordcount weight="1" > contribution </wordcount>
    <wordcount weight="1" > decide </wordcount>
    <wordcount weight="1" > duces </wordcount>
    <wordcount weight="1" > conifer </wordcount>
    <wordcount weight="1" > florin </wordcount>
    <wordcount weight="1" > tions </wordcount>
    <wordcount weight="1" > made </wordcount>
    <wordcount weight="1" > se </wordcount>
    <wordcount weight="1" > ings </wordcount>
    <wordcount weight="1" > outline </wordcount>
    <wordcount weight="1" > large </wordcount>
    <wordcount weight="1" > their </wordcount>
    <wordcount weight="1" > significant </wordcount>
    <wordcount weight="1" > dience </wordcount>
    <wordcount weight="1" > voted </wordcount>
    <wordcount weight="1" > vascular </wordcount>
    <wordcount weight="1" > textbooks </wordcount>
    <wordcount weight="1" > special </wordcount>
    <wordcount weight="1" > wilderment </wordcount>
    <wordcount weight="1" > methods </wordcount>
    <wordcount weight="1" > sperm </wordcount>
    <wordcount weight="1" > topics </wordcount>
    <wordcount weight="1" > designed </wordcount>
    <wordcount weight="1" > half </wordcount>
    <wordcount weight="1" > c </wordcount>
    <wordcount weight="1" > reserve </wordcount>
    <wordcount weight="1" > angiosperm </wordcount>
    <wordcount weight="1" > taxonomy </wordcount>
    <wordcount weight="1" > depicted </wordcount>
    <wordcount weight="1" > seeds </wordcount>
    <wordcount weight="1" > unfortunate </wordcount>
    <wordcount weight="1" > sense </wordcount>
    <wordcount weight="1" > fields </wordcount>
    <wordcount weight="1" > particularly </wordcount>
    <wordcount weight="1" > description </wordcount>
    <wordcount weight="1" > implica </wordcount>
    <wordcount weight="1" > texts </wordcount>
    <wordcount weight="1" > generally </wordcount>
    <wordcount weight="1" > intro </wordcount>
    <wordcount weight="1" > heath </wordcount>
    <wordcount weight="1" > student </wordcount>
    <wordcount weight="1" > entire </wordcount>
    <wordcount weight="1" > rudolf </wordcount>
    <wordcount weight="1" > given </wordcount>
    <wordcount weight="1" > researches </wordcount>
    <wordcount weight="1" > modern </wordcount>
    <wordcount weight="1" > audience </wordcount>
    <wordcount weight="1" > illustrating </wordcount>
    <wordcount weight="1" > bound </wordcount>
    <wordcount weight="1" > discussions </wordcount>
    <wordcount weight="1" > often </wordcount>
    <wordcount weight="1" > facets </wordcount>
    <wordcount weight="1" > there </wordcount>
    <wordcount weight="1" > mention </wordcount>
    <wordcount weight="1" > discussed </wordcount>
    <wordcount weight="1" > north </wordcount>
    <wordcount weight="1" > aims </wordcount>
    <wordcount weight="1" > position </wordcount>
    <wordcount weight="1" > au </wordcount>
    <wordcount weight="1" > ele </wordcount>
    <wordcount weight="1" > sists </wordcount>
    <wordcount weight="1" > or </wordcount>
    <wordcount weight="1" > vegetation </wordcount>
    <wordcount weight="1" > advances </wordcount>
    <wordcount weight="1" > into </wordcount>
    <wordcount weight="1" > attention </wordcount>
    <wordcount weight="1" > title </wordcount>
    <wordcount weight="1" > written </wordcount>
    <wordcount weight="1" > chapters </wordcount>
    <wordcount weight="1" > con </wordcount>
    <wordcount weight="1" > gymno </wordcount>
    <wordcount weight="1" > uninitiated </wordcount>
    <wordcount weight="1" > beginning </wordcount>
    <wordcount weight="1" > present </wordcount>
    <wordcount weight="1" > anatomy </wordcount>
    <wordcount weight="1" > draw </wordcount>
    <wordcount weight="1" > morphological </wordcount>
    <wordcount weight="1" > surely </wordcount>
</article>
