<?xml version="1.0" encoding="UTF-8"?>
<article id="10.2307/2404713" >
    <wordcount weight="295" > the </wordcount>
    <wordcount weight="273" > of </wordcount>
    <wordcount weight="154" > and </wordcount>
    <wordcount weight="141" > in </wordcount>
    <wordcount weight="104" > to </wordcount>
    <wordcount weight="98" > populations </wordcount>
    <wordcount weight="90" > ca </wordcount>
    <wordcount weight="80" > a </wordcount>
    <wordcount weight="67" > from </wordcount>
    <wordcount weight="58" > response </wordcount>
    <wordcount weight="55" > grass </wordcount>
    <wordcount weight="51" > between </wordcount>
    <wordcount weight="49" > plots </wordcount>
    <wordcount weight="48" > differences </wordcount>
    <wordcount weight="48" > odoratum </wordcount>
    <wordcount weight="43" > park </wordcount>
    <wordcount weight="43" > mg </wordcount>
    <wordcount weight="43" > soil </wordcount>
    <wordcount weight="42" > was </wordcount>
    <wordcount weight="40" > species </wordcount>
    <wordcount weight="37" > j </wordcount>
    <wordcount weight="32" > culture </wordcount>
    <wordcount weight="31" > experiment </wordcount>
    <wordcount weight="31" > were </wordcount>
    <wordcount weight="30" > r </wordcount>
    <wordcount weight="30" > on </wordcount>
    <wordcount weight="28" > calcium </wordcount>
    <wordcount weight="27" > with </wordcount>
    <wordcount weight="27" > population </wordcount>
    <wordcount weight="26" > that </wordcount>
    <wordcount weight="26" > anthoxanthum </wordcount>
    <wordcount weight="25" > at </wordcount>
    <wordcount weight="25" > w </wordcount>
    <wordcount weight="25" > each </wordcount>
    <wordcount weight="21" > are </wordcount>
    <wordcount weight="21" > i </wordcount>
    <wordcount weight="20" > o </wordcount>
    <wordcount weight="20" > concentration </wordcount>
    <wordcount weight="20" > collected </wordcount>
    <wordcount weight="20" > than </wordcount>
    <wordcount weight="20" > unlimed </wordcount>
    <wordcount weight="19" > plants </wordcount>
    <wordcount weight="19" > natural </wordcount>
    <wordcount weight="19" > contrasting </wordcount>
    <wordcount weight="19" > limed </wordcount>
    <wordcount weight="19" > c </wordcount>
    <wordcount weight="18" > s </wordcount>
    <wordcount weight="18" > yield </wordcount>
    <wordcount weight="18" > have </wordcount>
    <wordcount weight="18" > concentrations </wordcount>
    <wordcount weight="18" > plant </wordcount>
    <wordcount weight="17" > dry </wordcount>
    <wordcount weight="17" > source </wordcount>
    <wordcount weight="17" > over </wordcount>
    <wordcount weight="17" > within </wordcount>
    <wordcount weight="17" > sand </wordcount>
    <wordcount weight="16" > e </wordcount>
    <wordcount weight="16" > as </wordcount>
    <wordcount weight="16" > m </wordcount>
    <wordcount weight="16" > range </wordcount>
    <wordcount weight="14" > shoot </wordcount>
    <wordcount weight="14" > l </wordcount>
    <wordcount weight="14" > their </wordcount>
    <wordcount weight="14" > these </wordcount>
    <wordcount weight="14" > for </wordcount>
    <wordcount weight="14" > ecologically </wordcount>
    <wordcount weight="14" > weight </wordcount>
    <wordcount weight="13" > ecol </wordcount>
    <wordcount weight="13" > is </wordcount>
    <wordcount weight="13" > by </wordcount>
    <wordcount weight="13" > four </wordcount>
    <wordcount weight="13" > p </wordcount>
    <wordcount weight="13" > material </wordcount>
    <wordcount weight="12" > types </wordcount>
    <wordcount weight="12" > but </wordcount>
    <wordcount weight="12" > ph </wordcount>
    <wordcount weight="12" > soils </wordcount>
    <wordcount weight="12" > conditions </wordcount>
    <wordcount weight="12" > solution </wordcount>
    <wordcount weight="12" > d </wordcount>
    <wordcount weight="12" > those </wordcount>
    <wordcount weight="11" > been </wordcount>
    <wordcount weight="11" > similar </wordcount>
    <wordcount weight="11" > plot </wordcount>
    <wordcount weight="11" > grown </wordcount>
    <wordcount weight="11" > correlated </wordcount>
    <wordcount weight="11" > mineral </wordcount>
    <wordcount weight="11" > k </wordcount>
    <wordcount weight="11" > differ </wordcount>
    <wordcount weight="10" > snaydon </wordcount>
    <wordcount weight="10" > more </wordcount>
    <wordcount weight="10" > x </wordcount>
    <wordcount weight="10" > g </wordcount>
    <wordcount weight="10" > both </wordcount>
    <wordcount weight="10" > be </wordcount>
    <wordcount weight="9" > matter </wordcount>
    <wordcount weight="9" > growth </wordcount>
    <wordcount weight="9" > not </wordcount>
    <wordcount weight="9" > t </wordcount>
    <wordcount weight="9" > also </wordcount>
    <wordcount weight="9" > uptake </wordcount>
    <wordcount weight="9" > greater </wordcount>
    <wordcount weight="9" > content </wordcount>
    <wordcount weight="9" > davies </wordcount>
    <wordcount weight="9" > effect </wordcount>
    <wordcount weight="8" > no </wordcount>
    <wordcount weight="8" > acid </wordcount>
    <wordcount weight="8" > when </wordcount>
    <wordcount weight="8" > treatments </wordcount>
    <wordcount weight="8" > agrostis </wordcount>
    <wordcount weight="8" > this </wordcount>
    <wordcount weight="8" > since </wordcount>
    <wordcount weight="8" > festuca </wordcount>
    <wordcount weight="7" > may </wordcount>
    <wordcount weight="7" > environmental </wordcount>
    <wordcount weight="7" > per </wordcount>
    <wordcount weight="7" > large </wordcount>
    <wordcount weight="7" > h </wordcount>
    <wordcount weight="7" > or </wordcount>
    <wordcount weight="7" > two </wordcount>
    <wordcount weight="7" > ii </wordcount>
    <wordcount weight="7" > all </wordcount>
    <wordcount weight="7" > closely </wordcount>
    <wordcount weight="7" > rothamsted </wordcount>
    <wordcount weight="7" > did </wordcount>
    <wordcount weight="7" > nutrients </wordcount>
    <wordcount weight="7" > new </wordcount>
    <wordcount weight="7" > regression </wordcount>
    <wordcount weight="7" > bradshaw </wordcount>
    <wordcount weight="7" > nutrition </wordcount>
    <wordcount weight="7" > upon </wordcount>
    <wordcount weight="7" > phytol </wordcount>
    <wordcount weight="7" > low </wordcount>
    <wordcount weight="7" > tolerance </wordcount>
    <wordcount weight="7" > several </wordcount>
    <wordcount weight="6" > relationship </wordcount>
    <wordcount weight="6" > na </wordcount>
    <wordcount weight="6" > one </wordcount>
    <wordcount weight="6" > factors </wordcount>
    <wordcount weight="6" > studies </wordcount>
    <wordcount weight="6" > into </wordcount>
    <wordcount weight="6" > ovina </wordcount>
    <wordcount weight="6" > experimental </wordcount>
    <wordcount weight="6" > calcareous </wordcount>
    <wordcount weight="6" > edaphic </wordcount>
    <wordcount weight="6" > loge </wordcount>
    <wordcount weight="6" > distribution </wordcount>
    <wordcount weight="6" > its </wordcount>
    <wordcount weight="6" > differentiation </wordcount>
    <wordcount weight="6" > there </wordcount>
    <wordcount weight="6" > effects </wordcount>
    <wordcount weight="6" > fig </wordcount>
    <wordcount weight="6" > snowball </wordcount>
    <wordcount weight="5" > it </wordcount>
    <wordcount weight="5" > various </wordcount>
    <wordcount weight="5" > bot </wordcount>
    <wordcount weight="5" > study </wordcount>
    <wordcount weight="5" > res </wordcount>
    <wordcount weight="5" > most </wordcount>
    <wordcount weight="5" > constituted </wordcount>
    <wordcount weight="5" > specific </wordcount>
    <wordcount weight="5" > trifolium </wordcount>
    <wordcount weight="5" > investigations </wordcount>
    <wordcount weight="5" > repens </wordcount>
    <wordcount weight="5" > loneragan </wordcount>
    <wordcount weight="5" > less </wordcount>
    <wordcount weight="5" > some </wordcount>
    <wordcount weight="5" > helictotrichon </wordcount>
    <wordcount weight="5" > significantly </wordcount>
    <wordcount weight="5" > against </wordcount>
    <wordcount weight="5" > liming </wordcount>
    <wordcount weight="5" > chemical </wordcount>
    <wordcount weight="5" > relatively </wordcount>
    <wordcount weight="5" > type </wordcount>
    <wordcount weight="5" > measured </wordcount>
    <wordcount weight="5" > coefficient </wordcount>
    <wordcount weight="5" > relative </wordcount>
    <wordcount weight="4" > therefore </wordcount>
    <wordcount weight="4" > ecological </wordcount>
    <wordcount weight="4" > f </wordcount>
    <wordcount weight="4" > aust </wordcount>
    <wordcount weight="4" > experiments </wordcount>
    <wordcount weight="4" > warington </wordcount>
    <wordcount weight="4" > herbage </wordcount>
    <wordcount weight="4" > al </wordcount>
    <wordcount weight="4" > again </wordcount>
    <wordcount weight="4" > expressed </wordcount>
    <wordcount weight="4" > fertilizer </wordcount>
    <wordcount weight="4" > ecotypes </wordcount>
    <wordcount weight="4" > out </wordcount>
    <wordcount weight="4" > very </wordcount>
    <wordcount weight="4" > ramakrishnan </wordcount>
    <wordcount weight="4" > linear </wordcount>
    <wordcount weight="4" > wide </wordcount>
    <wordcount weight="4" > sci </wordcount>
    <wordcount weight="4" > planted </wordcount>
    <wordcount weight="4" > sites </wordcount>
    <wordcount weight="4" > mean </wordcount>
    <wordcount weight="4" > determined </wordcount>
    <wordcount weight="4" > composition </wordcount>
    <wordcount weight="4" > three </wordcount>
    <wordcount weight="4" > significant </wordcount>
    <wordcount weight="4" > we </wordcount>
    <wordcount weight="4" > status </wordcount>
    <wordcount weight="4" > due </wordcount>
    <wordcount weight="4" > potting </wordcount>
    <wordcount weight="4" > nutrient </wordcount>
    <wordcount weight="4" > morphologically </wordcount>
    <wordcount weight="4" > agric </wordcount>
    <wordcount weight="4" > v </wordcount>
    <wordcount weight="4" > equivalent </wordcount>
    <wordcount weight="3" > carried </wordcount>
    <wordcount weight="3" > lond </wordcount>
    <wordcount weight="3" > plotted </wordcount>
    <wordcount weight="3" > ml </wordcount>
    <wordcount weight="3" > z </wordcount>
    <wordcount weight="3" > site </wordcount>
    <wordcount weight="3" > unit </wordcount>
    <wordcount weight="3" > rapid </wordcount>
    <wordcount weight="3" > subplots </wordcount>
    <wordcount weight="3" > eight </wordcount>
    <wordcount weight="3" > they </wordcount>
    <wordcount weight="3" > comparisons </wordcount>
    <wordcount weight="3" > environment </wordcount>
    <wordcount weight="3" > included </wordcount>
    <wordcount weight="3" > n </wordcount>
    <wordcount weight="3" > responsive </wordcount>
    <wordcount weight="3" > phosphorus </wordcount>
    <wordcount weight="3" > only </wordcount>
    <wordcount weight="3" > genotypes </wordcount>
    <wordcount weight="3" > technique </wordcount>
    <wordcount weight="3" > appear </wordcount>
    <wordcount weight="3" > had </wordcount>
    <wordcount weight="3" > root </wordcount>
    <wordcount weight="3" > other </wordcount>
    <wordcount weight="3" > found </wordcount>
    <wordcount weight="3" > urquhart </wordcount>
    <wordcount weight="3" > great </wordcount>
    <wordcount weight="3" > time </wordcount>
    <wordcount weight="3" > spaced </wordcount>
    <wordcount weight="3" > thurston </wordcount>
    <wordcount weight="3" > john </wordcount>
    <wordcount weight="3" > requirements </wordcount>
    <wordcount weight="3" > variation </wordcount>
    <wordcount weight="3" > innes </wordcount>
    <wordcount weight="3" > cal </wordcount>
    <wordcount weight="3" > physiological </wordcount>
    <wordcount weight="3" > where </wordcount>
    <wordcount weight="3" > contents </wordcount>
    <wordcount weight="3" > applied </wordcount>
    <wordcount weight="3" > native </wordcount>
    <wordcount weight="3" > adaptation </wordcount>
    <wordcount weight="3" > hay </wordcount>
    <wordcount weight="3" > used </wordcount>
    <wordcount weight="3" > chlorosis </wordcount>
    <wordcount weight="3" > measures </wordcount>
    <wordcount weight="3" > ions </wordcount>
    <wordcount weight="3" > given </wordcount>
    <wordcount weight="3" > mosaic </wordcount>
    <wordcount weight="3" > measure </wordcount>
    <wordcount weight="3" > shoots </wordcount>
    <wordcount weight="3" > pa </wordcount>
    <wordcount weight="3" > varied </wordcount>
    <wordcount weight="3" > et </wordcount>
    <wordcount weight="3" > which </wordcount>
    <wordcount weight="3" > years </wordcount>
    <wordcount weight="3" > related </wordcount>
    <wordcount weight="3" > compost </wordcount>
    <wordcount weight="3" > am </wordcount>
    <wordcount weight="3" > although </wordcount>
    <wordcount weight="3" > an </wordcount>
    <wordcount weight="3" > distances </wordcount>
    <wordcount weight="3" > internal </wordcount>
    <wordcount weight="3" > methods </wordcount>
    <wordcount weight="3" > lolium </wordcount>
    <wordcount weight="3" > fe </wordcount>
    <wordcount weight="3" > much </wordcount>
    <wordcount weight="3" > using </wordcount>
    <wordcount weight="3" > among </wordcount>
    <wordcount weight="3" > apparently </wordcount>
    <wordcount weight="3" > occur </wordcount>
    <wordcount weight="2" > oxford </wordcount>
    <wordcount weight="2" > higher </wordcount>
    <wordcount weight="2" > requirement </wordcount>
    <wordcount weight="2" > scientific </wordcount>
    <wordcount weight="2" > rev </wordcount>
    <wordcount weight="2" > main </wordcount>
    <wordcount weight="2" > short </wordcount>
    <wordcount weight="2" > comparative </wordcount>
    <wordcount weight="2" > hutchinson </wordcount>
    <wordcount weight="2" > johnston </wordcount>
    <wordcount weight="2" > biol </wordcount>
    <wordcount weight="2" > responded </wordcount>
    <wordcount weight="2" > phosphate </wordcount>
    <wordcount weight="2" > environments </wordcount>
    <wordcount weight="2" > cultivar </wordcount>
    <wordcount weight="2" > b </wordcount>
    <wordcount weight="2" > rapidly </wordcount>
    <wordcount weight="2" > utilization </wordcount>
    <wordcount weight="2" > perennial </wordcount>
    <wordcount weight="2" > absorption </wordcount>
    <wordcount weight="2" > direct </wordcount>
    <wordcount weight="2" > susceptibility </wordcount>
    <wordcount weight="2" > od </wordcount>
    <wordcount weight="2" > serpentine </wordcount>
    <wordcount weight="2" > once </wordcount>
    <wordcount weight="2" > months </wordcount>
    <wordcount weight="2" > pp </wordcount>
    <wordcount weight="2" > evolved </wordcount>
    <wordcount weight="2" > necessarily </wordcount>
    <wordcount weight="2" > contained </wordcount>
    <wordcount weight="2" > pasture </wordcount>
    <wordcount weight="2" > heavy </wordcount>
    <wordcount weight="2" > total </wordcount>
    <wordcount weight="2" > then </wordcount>
    <wordcount weight="2" > different </wordcount>
    <wordcount weight="2" > lower </wordcount>
    <wordcount weight="2" > nutritional </wordcount>
    <wordcount weight="2" > known </wordcount>
    <wordcount weight="2" > perenne </wordcount>
    <wordcount weight="2" > container </wordcount>
    <wordcount weight="2" > here </wordcount>
    <wordcount weight="2" > rate </wordcount>
    <wordcount weight="2" > pubescens </wordcount>
    <wordcount weight="2" > cut </wordcount>
    <wordcount weight="2" > water </wordcount>
    <wordcount weight="2" > nature </wordcount>
    <wordcount weight="2" > ratio </wordcount>
    <wordcount weight="2" > cd </wordcount>
    <wordcount weight="2" > could </wordcount>
    <wordcount weight="2" > cell </wordcount>
    <wordcount weight="2" > iii </wordcount>
    <wordcount weight="2" > aluminium </wordcount>
    <wordcount weight="2" > teucrium </wordcount>
    <wordcount weight="2" > depletion </wordcount>
    <wordcount weight="2" > iron </wordcount>
    <wordcount weight="2" > differed </wordcount>
    <wordcount weight="2" > mcmillan </wordcount>
    <wordcount weight="2" > essentially </wordcount>
    <wordcount weight="2" > soc </wordcount>
    <wordcount weight="2" > available </wordcount>
    <wordcount weight="2" > reading </wordcount>
    <wordcount weight="2" > square </wordcount>
    <wordcount weight="2" > investigation </wordcount>
    <wordcount weight="2" > pg </wordcount>
    <wordcount weight="2" > crop </wordcount>
    <wordcount weight="2" > produced </wordcount>
    <wordcount weight="2" > council </wordcount>
    <wordcount weight="2" > agricultural </wordcount>
    <wordcount weight="2" > botanical </wordcount>
    <wordcount weight="2" > has </wordcount>
    <wordcount weight="2" > method </wordcount>
    <wordcount weight="2" > because </wordcount>
    <wordcount weight="2" > apple </wordcount>
    <wordcount weight="2" > account </wordcount>
    <wordcount weight="2" > design </wordcount>
    <wordcount weight="2" > quantities </wordcount>
    <wordcount weight="2" > trial </wordcount>
    <wordcount weight="2" > ideal </wordcount>
    <wordcount weight="2" > clarkson </wordcount>
    <wordcount weight="2" > values </wordcount>
    <wordcount weight="2" > exp </wordcount>
    <wordcount weight="2" > apart </wordcount>
    <wordcount weight="2" > point </wordcount>
    <wordcount weight="2" > q </wordcount>
    <wordcount weight="2" > during </wordcount>
    <wordcount weight="2" > jefferies </wordcount>
    <wordcount weight="2" > botany </wordcount>
    <wordcount weight="2" > evolution </wordcount>
    <wordcount weight="2" > tillers </wordcount>
    <wordcount weight="2" > call </wordcount>
    <wordcount weight="2" > previous </wordcount>
    <wordcount weight="2" > such </wordcount>
    <wordcount weight="2" > difference </wordcount>
    <wordcount weight="2" > simmons </wordcount>
    <wordcount weight="2" > made </wordcount>
    <wordcount weight="2" > either </wordcount>
    <wordcount weight="2" > de </wordcount>
    <wordcount weight="2" > interest </wordcount>
    <wordcount weight="2" > potassium </wordcount>
    <wordcount weight="2" > least </wordcount>
    <wordcount weight="2" > times </wordcount>
    <wordcount weight="2" > level </wordcount>
    <wordcount weight="2" > optimum </wordcount>
    <wordcount weight="2" > tested </wordcount>
    <wordcount weight="2" > obtained </wordcount>
    <wordcount weight="2" > order </wordcount>
    <wordcount weight="2" > contrast </wordcount>
    <wordcount weight="2" > area </wordcount>
    <wordcount weight="2" > distinct </wordcount>
    <wordcount weight="2" > intervals </wordcount>
    <wordcount weight="2" > tolerant </wordcount>
    <wordcount weight="2" > annually </wordcount>
    <wordcount weight="2" > random </wordcount>
    <wordcount weight="2" > six </wordcount>
    <wordcount weight="2" > research </wordcount>
    <wordcount weight="2" > arranged </wordcount>
    <wordcount weight="2" > supply </wordcount>
    <wordcount weight="2" > blackwell </wordcount>
    <wordcount weight="2" > vary </wordcount>
    <wordcount weight="2" > can </wordcount>
    <wordcount weight="2" > managed </wordcount>
    <wordcount weight="2" > generally </wordcount>
    <wordcount weight="2" > seed </wordcount>
    <wordcount weight="2" > probably </wordcount>
    <wordcount weight="2" > permanent </wordcount>
    <wordcount weight="2" > scorodonia </wordcount>
    <wordcount weight="2" > tf </wordcount>
    <wordcount weight="2" > general </wordcount>
    <wordcount weight="2" > rates </wordcount>
    <wordcount weight="2" > willis </wordcount>
    <wordcount weight="2" > deficiency </wordcount>
    <wordcount weight="1" > og </wordcount>
    <wordcount weight="1" > contributes </wordcount>
    <wordcount weight="1" > molybdophosphoric </wordcount>
    <wordcount weight="1" > ranging </wordcount>
    <wordcount weight="1" > periods </wordcount>
    <wordcount weight="1" > difficult </wordcount>
    <wordcount weight="1" > space </wordcount>
    <wordcount weight="1" > mechanisms </wordcount>
    <wordcount weight="1" > mb </wordcount>
    <wordcount weight="1" > morphology </wordcount>
    <wordcount weight="1" > does </wordcount>
    <wordcount weight="1" > now </wordcount>
    <wordcount weight="1" > mo </wordcount>
    <wordcount weight="1" > simultaneously </wordcount>
    <wordcount weight="1" > glasshouse </wordcount>
    <wordcount weight="1" > high </wordcount>
    <wordcount weight="1" > second </wordcount>
    <wordcount weight="1" > situation </wordcount>
    <wordcount weight="1" > deplete </wordcount>
    <wordcount weight="1" > departmentalm </wordcount>
    <wordcount weight="1" > flow </wordcount>
    <wordcount weight="1" > caii </wordcount>
    <wordcount weight="1" > materials </wordcount>
    <wordcount weight="1" > forty </wordcount>
    <wordcount weight="1" > depleted </wordcount>
    <wordcount weight="1" > rather </wordcount>
    <wordcount weight="1" > mixture </wordcount>
    <wordcount weight="1" > if </wordcount>
    <wordcount weight="1" > usually </wordcount>
    <wordcount weight="1" > performance </wordcount>
    <wordcount weight="1" > five </wordcount>
    <wordcount weight="1" > taxonomy </wordcount>
    <wordcount weight="1" > grateful </wordcount>
    <wordcount weight="1" > tech </wordcount>
    <wordcount weight="1" > adapt </wordcount>
    <wordcount weight="1" > genecology </wordcount>
    <wordcount weight="1" > en </wordcount>
    <wordcount weight="1" > affected </wordcount>
    <wordcount weight="1" > randomly </wordcount>
    <wordcount weight="1" > widespread </wordcount>
    <wordcount weight="1" > trans </wordcount>
    <wordcount weight="1" > spp </wordcount>
    <wordcount weight="1" > slow </wordcount>
    <wordcount weight="1" > euphorbia </wordcount>
    <wordcount weight="1" > physiologically </wordcount>
    <wordcount weight="1" > object </wordcount>
    <wordcount weight="1" > commun </wordcount>
    <wordcount weight="1" > nz </wordcount>
    <wordcount weight="1" > attempt </wordcount>
    <wordcount weight="1" > rorison </wordcount>
    <wordcount weight="1" > above </wordcount>
    <wordcount weight="1" > introduction </wordcount>
    <wordcount weight="1" > grasses </wordcount>
    <wordcount weight="1" > garden </wordcount>
    <wordcount weight="1" > indicates </wordcount>
    <wordcount weight="1" > bicarbonate </wordcount>
    <wordcount weight="1" > se </wordcount>
    <wordcount weight="1" > certain </wordcount>
    <wordcount weight="1" > cardiff </wordcount>
    <wordcount weight="1" > leached </wordcount>
    <wordcount weight="1" > ass </wordcount>
    <wordcount weight="1" > ix </wordcount>
    <wordcount weight="1" > special </wordcount>
    <wordcount weight="1" > often </wordcount>
    <wordcount weight="1" > analysis </wordcount>
    <wordcount weight="1" > biological </wordcount>
    <wordcount weight="1" > white </wordcount>
    <wordcount weight="1" > designed </wordcount>
    <wordcount weight="1" > ozanne </wordcount>
    <wordcount weight="1" > polythene </wordcount>
    <wordcount weight="1" > collect </wordcount>
    <wordcount weight="1" > imply </wordcount>
    <wordcount weight="1" > table </wordcount>
    <wordcount weight="1" > absorbed </wordcount>
    <wordcount weight="1" > magnesium </wordcount>
    <wordcount weight="1" > yet </wordcount>
    <wordcount weight="1" > centuries </wordcount>
    <wordcount weight="1" > reference </wordcount>
    <wordcount weight="1" > permission </wordcount>
    <wordcount weight="1" > walker </wordcount>
    <wordcount weight="1" > tissue </wordcount>
    <wordcount weight="1" > easily </wordcount>
    <wordcount weight="1" > parts </wordcount>
    <wordcount weight="1" > experimentm </wordcount>
    <wordcount weight="1" > green </wordcount>
    <wordcount weight="1" > ti </wordcount>
    <wordcount weight="1" > influencing </wordcount>
    <wordcount weight="1" > calciurm </wordcount>
    <wordcount weight="1" > ecologicallym </wordcount>
    <wordcount weight="1" > university </wordcount>
    <wordcount weight="1" > consider </wordcount>
    <wordcount weight="1" > jl </wordcount>
    <wordcount weight="1" > development </wordcount>
    <wordcount weight="1" > nitrogen </wordcount>
    <wordcount weight="1" > burstrom </wordcount>
    <wordcount weight="1" > translocation </wordcount>
    <wordcount weight="1" > syst </wordcount>
    <wordcount weight="1" > br </wordcount>
    <wordcount weight="1" > occurred </wordcount>
    <wordcount weight="1" > trav </wordcount>
    <wordcount weight="1" > ecoptypic </wordcount>
    <wordcount weight="1" > nat </wordcount>
    <wordcount weight="1" > associated </wordcount>
    <wordcount weight="1" > before </wordcount>
    <wordcount weight="1" > assistance </wordcount>
    <wordcount weight="1" > director </wordcount>
    <wordcount weight="1" > ecotypic </wordcount>
    <wordcount weight="1" > growing </wordcount>
    <wordcount weight="1" > caper </wordcount>
    <wordcount weight="1" > typha </wordcount>
    <wordcount weight="1" > series </wordcount>
    <wordcount weight="1" > tetraacetic </wordcount>
    <wordcount weight="1" > si </wordcount>
    <wordcount weight="1" > anthoxanthuem </wordcount>
    <wordcount weight="1" > grasslands </wordcount>
    <wordcount weight="1" > industrial </wordcount>
    <wordcount weight="1" > fertilizers </wordcount>
    <wordcount weight="1" > measurements </wordcount>
    <wordcount weight="1" > test </wordcount>
    <wordcount weight="1" > under </wordcount>
    <wordcount weight="1" > being </wordcount>
    <wordcount weight="1" > first </wordcount>
    <wordcount weight="1" > concerning </wordcount>
    <wordcount weight="1" > satisfactory </wordcount>
    <wordcount weight="1" > considers </wordcount>
    <wordcount weight="1" > lcu </wordcount>
    <wordcount weight="1" > double </wordcount>
    <wordcount weight="1" > followed </wordcount>
    <wordcount weight="1" > initial </wordcount>
    <wordcount weight="1" > long </wordcount>
    <wordcount weight="1" > every </wordcount>
    <wordcount weight="1" > vernal </wordcount>
    <wordcount weight="1" > provide </wordcount>
    <wordcount weight="1" > temperate </wordcount>
    <wordcount weight="1" > science </wordcount>
    <wordcount weight="1" > production </wordcount>
    <wordcount weight="1" > tcd </wordcount>
    <wordcount weight="1" > originally </wordcount>
    <wordcount weight="1" > acids </wordcount>
    <wordcount weight="1" > evidence </wordcount>
    <wordcount weight="1" > important </wordcount>
    <wordcount weight="1" > suggested </wordcount>
    <wordcount weight="1" > metal </wordcount>
    <wordcount weight="1" > mcneilly </wordcount>
    <wordcount weight="1" > soln </wordcount>
    <wordcount weight="1" > onder </wordcount>
    <wordcount weight="1" > similarly </wordcount>
    <wordcount weight="1" > intraspecific </wordcount>
    <wordcount weight="1" > many </wordcount>
    <wordcount weight="1" > financial </wordcount>
    <wordcount weight="1" > cm </wordcount>
    <wordcount weight="1" > correspond </wordcount>
    <wordcount weight="1" > paper </wordcount>
    <wordcount weight="1" > gregory </wordcount>
    <wordcount weight="1" > containing </wordcount>
    <wordcount weight="1" > frederick </wordcount>
    <wordcount weight="1" > odoratuln </wordcount>
    <wordcount weight="1" > indukt </wordcount>
    <wordcount weight="1" > questioned </wordcount>
    <wordcount weight="1" > shade </wordcount>
    <wordcount weight="1" > gladstones </wordcount>
    <wordcount weight="1" > best </wordcount>
    <wordcount weight="1" > unknown </wordcount>
    <wordcount weight="1" > down </wordcount>
    <wordcount weight="1" > medic </wordcount>
    <wordcount weight="1" > broken </wordcount>
    <wordcount weight="1" > acknowledgments </wordcount>
    <wordcount weight="1" > hr </wordcount>
    <wordcount weight="1" > genus </wordcount>
    <wordcount weight="1" > identically </wordcount>
    <wordcount weight="1" > simple </wordcount>
    <wordcount weight="1" > uronic </wordcount>
    <wordcount weight="1" > sd </wordcount>
    <wordcount weight="1" > so </wordcount>
    <wordcount weight="1" > ento </wordcount>
    <wordcount weight="1" > analyses </wordcount>
    <wordcount weight="1" > origin </wordcount>
    <wordcount weight="1" > perforatum </wordcount>
    <wordcount weight="1" > clover </wordcount>
    <wordcount weight="1" > gregor </wordcount>
    <wordcount weight="1" > studied </wordcount>
    <wordcount weight="1" > habitat </wordcount>
    <wordcount weight="1" > atomic </wordcount>
    <wordcount weight="1" > borders </wordcount>
    <wordcount weight="1" > grows </wordcount>
    <wordcount weight="1" > relate </wordcount>
    <wordcount weight="1" > symptoms </wordcount>
    <wordcount weight="1" > deleterious </wordcount>
    <wordcount weight="1" > constant </wordcount>
    <wordcount weight="1" > identical </wordcount>
    <wordcount weight="1" > diameter </wordcount>
    <wordcount weight="1" > pattern </wordcount>
    <wordcount weight="1" > publs </wordcount>
    <wordcount weight="1" > help </wordcount>
    <wordcount weight="1" > habit </wordcount>
    <wordcount weight="1" > feature </wordcount>
    <wordcount weight="1" > u </wordcount>
    <wordcount weight="1" > ashton </wordcount>
    <wordcount weight="1" > crossley </wordcount>
    <wordcount weight="1" > plantago </wordcount>
    <wordcount weight="1" > chloride </wordcount>
    <wordcount weight="1" > ashworth </wordcount>
    <wordcount weight="1" > morphological </wordcount>
    <wordcount weight="1" > better </wordcount>
    <wordcount weight="1" > respect </wordcount>
    <wordcount weight="1" > enough </wordcount>
    <wordcount weight="1" > treatment </wordcount>
    <wordcount weight="1" > respond </wordcount>
    <wordcount weight="1" > influences </wordcount>
    <wordcount weight="1" > present </wordcount>
    <wordcount weight="1" > rep </wordcount>
    <wordcount weight="1" > cation </wordcount>
    <wordcount weight="1" > equal </wordcount>
    <wordcount weight="1" > orchard </wordcount>
    <wordcount weight="1" > unlikely </wordcount>
    <wordcount weight="1" > adv </wordcount>
    <wordcount weight="1" > slsd </wordcount>
    <wordcount weight="1" > ratios </wordcount>
    <wordcount weight="1" > maritima </wordcount>
    <wordcount weight="1" > assess </wordcount>
    <wordcount weight="1" > confused </wordcount>
    <wordcount weight="1" > validity </wordcount>
    <wordcount weight="1" > sharply </wordcount>
    <wordcount weight="1" > designs </wordcount>
    <wordcount weight="1" > physiology </wordcount>
    <wordcount weight="1" > selected </wordcount>
    <wordcount weight="1" > toxic </wordcount>
    <wordcount weight="1" > references </wordcount>
    <wordcount weight="1" > germination </wordcount>
    <wordcount weight="1" > particular </wordcount>
    <wordcount weight="1" > scale </wordcount>
    <wordcount weight="1" > pl </wordcount>
    <wordcount weight="1" > imposed </wordcount>
    <wordcount weight="1" > eg </wordcount>
    <wordcount weight="1" > harvested </wordcount>
    <wordcount weight="1" > metals </wordcount>
    <wordcount weight="1" > required </wordcount>
    <wordcount weight="1" > gf </wordcount>
    <wordcount weight="1" > recorded </wordcount>
    <wordcount weight="1" > conclude </wordcount>
    <wordcount weight="1" > unheated </wordcount>
    <wordcount weight="1" > eectofcalcu </wordcount>
    <wordcount weight="1" > while </wordcount>
    <wordcount weight="1" > number </wordcount>
    <wordcount weight="1" > kruijne </wordcount>
    <wordcount weight="1" > iv </wordcount>
    <wordcount weight="1" > melilotus </wordcount>
    <wordcount weight="1" > aspects </wordcount>
    <wordcount weight="1" > require </wordcount>
    <wordcount weight="1" > changing </wordcount>
    <wordcount weight="1" > remained </wordcount>
    <wordcount weight="1" > alba </wordcount>
    <wordcount weight="1" > another </wordcount>
    <wordcount weight="1" > sir </wordcount>
    <wordcount weight="1" > taxonic </wordcount>
    <wordcount weight="1" > having </wordcount>
    <wordcount weight="1" > almost </wordcount>
    <wordcount weight="1" > kg </wordcount>
    <wordcount weight="1" > week </wordcount>
    <wordcount weight="1" > possible </wordcount>
    <wordcount weight="1" > subtropical </wordcount>
    <wordcount weight="1" > stolonifera </wordcount>
    <wordcount weight="1" > data </wordcount>
    <wordcount weight="1" > contain </wordcount>
    <wordcount weight="1" > lsd </wordcount>
    <wordcount weight="1" > discussion </wordcount>
    <wordcount weight="1" > mn </wordcount>
    <wordcount weight="1" > acidic </wordcount>
    <wordcount weight="1" > cj </wordcount>
    <wordcount weight="1" > inferred </wordcount>
    <wordcount weight="1" > technol </wordcount>
    <wordcount weight="1" > received </wordcount>
    <wordcount weight="1" > october </wordcount>
    <wordcount weight="1" > presented </wordcount>
    <wordcount weight="1" > genotypical </wordcount>
    <wordcount weight="1" > edwards </wordcount>
    <wordcount weight="1" > except </wordcount>
    <wordcount weight="1" > part </wordcount>
    <wordcount weight="1" > tiller </wordcount>
    <wordcount weight="1" > midl </wordcount>
    <wordcount weight="1" > previously </wordcount>
    <wordcount weight="1" > sufficiently </wordcount>
    <wordcount weight="1" > genetic </wordcount>
    <wordcount weight="1" > role </wordcount>
    <wordcount weight="1" > adaptive </wordcount>
    <wordcount weight="1" > samples </wordcount>
    <wordcount weight="1" > variability </wordcount>
    <wordcount weight="1" > representing </wordcount>
    <wordcount weight="1" > correlation </wordcount>
    <wordcount weight="1" > stn </wordcount>
    <wordcount weight="1" > commonw </wordcount>
    <wordcount weight="1" > attributed </wordcount>
    <wordcount weight="1" > though </wordcount>
    <wordcount weight="1" > grassland </wordcount>
    <wordcount weight="1" > inkson </wordcount>
    <wordcount weight="1" > controlling </wordcount>
    <wordcount weight="1" > anthoxanthhum </wordcount>
    <wordcount weight="1" > adapted </wordcount>
    <wordcount weight="1" > sweet </wordcount>
    <wordcount weight="1" > contribute </wordcount>
    <wordcount weight="1" > lab </wordcount>
    <wordcount weight="1" > split </wordcount>
    <wordcount weight="1" > kgl </wordcount>
    <wordcount weight="1" > iz </wordcount>
    <wordcount weight="1" > dyke </wordcount>
    <wordcount weight="1" > allows </wordcount>
    <wordcount weight="1" > metabolic </wordcount>
    <wordcount weight="1" > numbered </wordcount>
    <wordcount weight="1" > harpenden </wordcount>
    <wordcount weight="1" > variables </wordcount>
    <wordcount weight="1" > tentatively </wordcount>
    <wordcount weight="1" > andrew </wordcount>
    <wordcount weight="1" > lead </wordcount>
    <wordcount weight="1" > throughout </wordcount>
    <wordcount weight="1" > personal </wordcount>
    <wordcount weight="1" > full </wordcount>
    <wordcount weight="1" > supplied </wordcount>
    <wordcount weight="1" > differential </wordcount>
    <wordcount weight="1" > express </wordcount>
    <wordcount weight="1" > meded </wordcount>
    <wordcount weight="1" > shown </wordcount>
    <wordcount weight="1" > until </wordcount>
    <wordcount weight="1" > immobile </wordcount>
    <wordcount weight="1" > capacities </wordcount>
    <wordcount weight="1" > cot </wordcount>
    <wordcount weight="1" > dactylis </wordcount>
    <wordcount weight="1" > locations </wordcount>
    <wordcount weight="1" > miss </wordcount>
    <wordcount weight="1" > mm </wordcount>
    <wordcount weight="1" > average </wordcount>
    <wordcount weight="1" > september </wordcount>
    <wordcount weight="1" > nixon </wordcount>
    <wordcount weight="1" > britain </wordcount>
    <wordcount weight="1" > loliuln </wordcount>
    <wordcount weight="1" > wish </wordcount>
    <wordcount weight="1" > co </wordcount>
    <wordcount weight="1" > responses </wordcount>
    <wordcount weight="1" > bur </wordcount>
    <wordcount weight="1" > thymifolia </wordcount>
    <wordcount weight="1" > vries </wordcount>
    <wordcount weight="1" > occurs </wordcount>
    <wordcount weight="1" > started </wordcount>
    <wordcount weight="1" > caused </wordcount>
    <wordcount weight="1" > would </wordcount>
    <wordcount weight="1" > field </wordcount>
    <wordcount weight="1" > uo </wordcount>
    <wordcount weight="1" > period </wordcount>
    <wordcount weight="1" > woolhouse </wordcount>
    <wordcount weight="1" > gross </wordcount>
    <wordcount weight="1" > ability </wordcount>
    <wordcount weight="1" > crooke </wordcount>
    <wordcount weight="1" > autumn </wordcount>
    <wordcount weight="1" > simons </wordcount>
    <wordcount weight="1" > acidity </wordcount>
    <wordcount weight="1" > int </wordcount>
    <wordcount weight="1" > ecology </wordcount>
    <wordcount weight="1" > sharp </wordcount>
    <wordcount weight="1" > deionized </wordcount>
    <wordcount weight="1" > perchloric </wordcount>
    <wordcount weight="1" > provides </wordcount>
    <wordcount weight="1" > elements </wordcount>
    <wordcount weight="1" > complex </wordcount>
    <wordcount weight="1" > involved </wordcount>
    <wordcount weight="1" > approximately </wordcount>
    <wordcount weight="1" > ct </wordcount>
    <wordcount weight="1" > latter </wordcount>
    <wordcount weight="1" > late </wordcount>
    <wordcount weight="1" > exchange </wordcount>
    <wordcount weight="1" > neutral </wordcount>
    <wordcount weight="1" > small </wordcount>
    <wordcount weight="1" > inst </wordcount>
    <wordcount weight="1" > summary </wordcount>
    <wordcount weight="1" > hort </wordcount>
    <wordcount weight="1" > influence </wordcount>
    <wordcount weight="1" > acknowledge </wordcount>
    <wordcount weight="1" > few </wordcount>
    <wordcount weight="1" > problems </wordcount>
    <wordcount weight="1" > flame </wordcount>
    <wordcount weight="1" > normally </wordcount>
    <wordcount weight="1" > lunt </wordcount>
    <wordcount weight="1" > hypericum </wordcount>
    <wordcount weight="1" > relation </wordcount>
    <wordcount weight="1" > tenuis </wordcount>
    <wordcount weight="1" > toxicity </wordcount>
    <wordcount weight="1" > ethylenediamine </wordcount>
    <wordcount weight="1" > compared </wordcount>
    <wordcount weight="1" > texas </wordcount>
    <wordcount weight="1" > continuous </wordcount>
    <wordcount weight="1" > correlate </wordcount>
    <wordcount weight="1" > th </wordcount>
    <wordcount weight="1" > availability </wordcount>
    <wordcount weight="1" > structure </wordcount>
    <wordcount weight="1" > up </wordcount>
    <wordcount weight="1" > element </wordcount>
    <wordcount weight="1" > blue </wordcount>
    <wordcount weight="1" > approach </wordcount>
    <wordcount weight="1" > ionic </wordcount>
    <wordcount weight="1" > results </wordcount>
    <wordcount weight="1" > und </wordcount>
    <wordcount weight="1" > details </wordcount>
    <wordcount weight="1" > versus </wordcount>
    <wordcount weight="1" > establishment </wordcount>
    <wordcount weight="1" > roots </wordcount>
    <wordcount weight="1" > glomerata </wordcount>
    <wordcount weight="1" > symp </wordcount>
    <wordcount weight="1" > plantn </wordcount>
    <wordcount weight="1" > genetik </wordcount>
    <wordcount weight="1" > ga </wordcount>
    <wordcount weight="1" > preliminary </wordcount>
    <wordcount weight="1" > salt </wordcount>
    <wordcount weight="1" > function </wordcount>
    <wordcount weight="1" > showed </wordcount>
    <wordcount weight="1" > walls </wordcount>
    <wordcount weight="1" > termed </wordcount>
    <wordcount weight="1" > competitive </wordcount>
    <wordcount weight="1" > close </wordcount>
    <wordcount weight="1" > widely </wordcount>
    <wordcount weight="1" > error </wordcount>
    <wordcount weight="1" > etooi </wordcount>
    <wordcount weight="1" > comm </wordcount>
</article>
