<?xml version="1.0" encoding="UTF-8"?>
<article id="10.2307/1729159" >
    <wordcount weight="89" > the </wordcount>
    <wordcount weight="63" > of </wordcount>
    <wordcount weight="51" > in </wordcount>
    <wordcount weight="50" > and </wordcount>
    <wordcount weight="28" > a </wordcount>
    <wordcount weight="26" > r </wordcount>
    <wordcount weight="24" > to </wordcount>
    <wordcount weight="23" > that </wordcount>
    <wordcount weight="18" > for </wordcount>
    <wordcount weight="16" > is </wordcount>
    <wordcount weight="16" > gene </wordcount>
    <wordcount weight="15" > from </wordcount>
    <wordcount weight="13" > as </wordcount>
    <wordcount weight="13" > with </wordcount>
    <wordcount weight="13" > flow </wordcount>
    <wordcount weight="13" > be </wordcount>
    <wordcount weight="12" > by </wordcount>
    <wordcount weight="12" > were </wordcount>
    <wordcount weight="12" > corn </wordcount>
    <wordcount weight="11" > mycoplasma </wordcount>
    <wordcount weight="11" > h </wordcount>
    <wordcount weight="11" > which </wordcount>
    <wordcount weight="11" > have </wordcount>
    <wordcount weight="10" > e </wordcount>
    <wordcount weight="10" > not </wordcount>
    <wordcount weight="10" > cultures </wordcount>
    <wordcount weight="10" > p </wordcount>
    <wordcount weight="10" > d </wordcount>
    <wordcount weight="9" > been </wordcount>
    <wordcount weight="9" > plants </wordcount>
    <wordcount weight="9" > on </wordcount>
    <wordcount weight="8" > will </wordcount>
    <wordcount weight="8" > it </wordcount>
    <wordcount weight="8" > no </wordcount>
    <wordcount weight="8" > was </wordcount>
    <wordcount weight="8" > new </wordcount>
    <wordcount weight="7" > k </wordcount>
    <wordcount weight="7" > j </wordcount>
    <wordcount weight="7" > species </wordcount>
    <wordcount weight="7" > g </wordcount>
    <wordcount weight="7" > plant </wordcount>
    <wordcount weight="7" > stunt </wordcount>
    <wordcount weight="7" > we </wordcount>
    <wordcount weight="7" > observed </wordcount>
    <wordcount weight="6" > populations </wordcount>
    <wordcount weight="6" > or </wordcount>
    <wordcount weight="6" > organisms </wordcount>
    <wordcount weight="6" > ehrlich </wordcount>
    <wordcount weight="5" > cells </wordcount>
    <wordcount weight="5" > they </wordcount>
    <wordcount weight="5" > one </wordcount>
    <wordcount weight="5" > but </wordcount>
    <wordcount weight="5" > m </wordcount>
    <wordcount weight="5" > population </wordcount>
    <wordcount weight="5" > injected </wordcount>
    <wordcount weight="5" > has </wordcount>
    <wordcount weight="5" > agent </wordcount>
    <wordcount weight="5" > an </wordcount>
    <wordcount weight="5" > because </wordcount>
    <wordcount weight="4" > at </wordcount>
    <wordcount weight="4" > f </wordcount>
    <wordcount weight="4" > insects </wordcount>
    <wordcount weight="4" > into </wordcount>
    <wordcount weight="4" > must </wordcount>
    <wordcount weight="4" > t </wordcount>
    <wordcount weight="4" > more </wordcount>
    <wordcount weight="4" > i </wordcount>
    <wordcount weight="4" > base </wordcount>
    <wordcount weight="4" > are </wordcount>
    <wordcount weight="4" > microscopy </wordcount>
    <wordcount weight="4" > colonies </wordcount>
    <wordcount weight="4" > genetic </wordcount>
    <wordcount weight="4" > largely </wordcount>
    <wordcount weight="4" > isolated </wordcount>
    <wordcount weight="4" > electron </wordcount>
    <wordcount weight="4" > this </wordcount>
    <wordcount weight="4" > ann </wordcount>
    <wordcount weight="4" > soc </wordcount>
    <wordcount weight="3" > may </wordcount>
    <wordcount weight="3" > york </wordcount>
    <wordcount weight="3" > ml </wordcount>
    <wordcount weight="3" > usually </wordcount>
    <wordcount weight="3" > similar </wordcount>
    <wordcount weight="3" > b </wordcount>
    <wordcount weight="3" > contrib </wordcount>
    <wordcount weight="3" > biological </wordcount>
    <wordcount weight="3" > o </wordcount>
    <wordcount weight="3" > res </wordcount>
    <wordcount weight="3" > contained </wordcount>
    <wordcount weight="3" > occurred </wordcount>
    <wordcount weight="3" > nat </wordcount>
    <wordcount weight="3" > culture </wordcount>
    <wordcount weight="3" > w </wordcount>
    <wordcount weight="3" > these </wordcount>
    <wordcount weight="3" > occur </wordcount>
    <wordcount weight="3" > science </wordcount>
    <wordcount weight="3" > yes </wordcount>
    <wordcount weight="3" > potential </wordcount>
    <wordcount weight="3" > important </wordcount>
    <wordcount weight="3" > l </wordcount>
    <wordcount weight="3" > boyee </wordcount>
    <wordcount weight="3" > had </wordcount>
    <wordcount weight="3" > experiments </wordcount>
    <wordcount weight="3" > out </wordcount>
    <wordcount weight="3" > primary </wordcount>
    <wordcount weight="3" > thompson </wordcount>
    <wordcount weight="3" > never </wordcount>
    <wordcount weight="3" > studying </wordcount>
    <wordcount weight="3" > whether </wordcount>
    <wordcount weight="3" > dispersal </wordcount>
    <wordcount weight="3" > references </wordcount>
    <wordcount weight="3" > number </wordcount>
    <wordcount weight="3" > disease </wordcount>
    <wordcount weight="3" > through </wordcount>
    <wordcount weight="3" > samples </wordcount>
    <wordcount weight="3" > medium </wordcount>
    <wordcount weight="3" > during </wordcount>
    <wordcount weight="3" > individuals </wordcount>
    <wordcount weight="3" > stanford </wordcount>
    <wordcount weight="3" > three </wordcount>
    <wordcount weight="3" > solution </wordcount>
    <wordcount weight="3" > exchange </wordcount>
    <wordcount weight="3" > inst </wordcount>
    <wordcount weight="3" > evolutionary </wordcount>
    <wordcount weight="3" > can </wordcount>
    <wordcount weight="3" > aead </wordcount>
    <wordcount weight="3" > y </wordcount>
    <wordcount weight="3" > seed </wordcount>
    <wordcount weight="3" > than </wordcount>
    <wordcount weight="3" > notes </wordcount>
    <wordcount weight="2" > combinations </wordcount>
    <wordcount weight="2" > higher </wordcount>
    <wordcount weight="2" > interpopulation </wordcount>
    <wordcount weight="2" > likely </wordcount>
    <wordcount weight="2" > elimatus </wordcount>
    <wordcount weight="2" > situation </wordcount>
    <wordcount weight="2" > air </wordcount>
    <wordcount weight="2" > if </wordcount>
    <wordcount weight="2" > rev </wordcount>
    <wordcount weight="2" > insect </wordcount>
    <wordcount weight="2" > biol </wordcount>
    <wordcount weight="2" > granados </wordcount>
    <wordcount weight="2" > grande </wordcount>
    <wordcount weight="2" > their </wordcount>
    <wordcount weight="2" > conducted </wordcount>
    <wordcount weight="2" > class </wordcount>
    <wordcount weight="2" > studies </wordcount>
    <wordcount weight="2" > pp </wordcount>
    <wordcount weight="2" > difco </wordcount>
    <wordcount weight="2" > intermittent </wordcount>
    <wordcount weight="2" > many </wordcount>
    <wordcount weight="2" > reasonably </wordcount>
    <wordcount weight="2" > selective </wordcount>
    <wordcount weight="2" > us </wordcount>
    <wordcount weight="2" > quantitative </wordcount>
    <wordcount weight="2" > paper </wordcount>
    <wordcount weight="2" > aurinia </wordcount>
    <wordcount weight="2" > n </wordcount>
    <wordcount weight="2" > jersey </wordcount>
    <wordcount weight="2" > baker </wordcount>
    <wordcount weight="2" > complexes </wordcount>
    <wordcount weight="2" > show </wordcount>
    <wordcount weight="2" > reports </wordcount>
    <wordcount weight="2" > only </wordcount>
    <wordcount weight="2" > surface </wordcount>
    <wordcount weight="2" > surge </wordcount>
    <wordcount weight="2" > article </wordcount>
    <wordcount weight="2" > natural </wordcount>
    <wordcount weight="2" > over </wordcount>
    <wordcount weight="2" > stem </wordcount>
    <wordcount weight="2" > control </wordcount>
    <wordcount weight="2" > all </wordcount>
    <wordcount weight="2" > water </wordcount>
    <wordcount weight="2" > lepid </wordcount>
    <wordcount weight="2" > octoler </wordcount>
    <wordcount weight="2" > containing </wordcount>
    <wordcount weight="2" > other </wordcount>
    <wordcount weight="2" > believe </wordcount>
    <wordcount weight="2" > could </wordcount>
    <wordcount weight="2" > report </wordcount>
    <wordcount weight="2" > vectors </wordcount>
    <wordcount weight="2" > associated </wordcount>
    <wordcount weight="2" > nuclear </wordcount>
    <wordcount weight="2" > there </wordcount>
    <wordcount weight="2" > forms </wordcount>
    <wordcount weight="2" > pure </wordcount>
    <wordcount weight="2" > present </wordcount>
    <wordcount weight="2" > healthy </wordcount>
    <wordcount weight="2" > where </wordcount>
    <wordcount weight="2" > transmitted </wordcount>
    <wordcount weight="2" > noninfective </wordcount>
    <wordcount weight="2" > euphyes </wordcount>
    <wordcount weight="2" > ford </wordcount>
    <wordcount weight="2" > pollen </wordcount>
    <wordcount weight="2" > lunar </wordcount>
    <wordcount weight="2" > well </wordcount>
    <wordcount weight="2" > infect </wordcount>
    <wordcount weight="2" > some </wordcount>
    <wordcount weight="2" > revealed </wordcount>
    <wordcount weight="2" > rio </wordcount>
    <wordcount weight="2" > even </wordcount>
    <wordcount weight="2" > subcultures </wordcount>
    <wordcount weight="2" > data </wordcount>
    <wordcount weight="2" > raven </wordcount>
    <wordcount weight="2" > consistently </wordcount>
    <wordcount weight="2" > bed </wordcount>
    <wordcount weight="2" > strain </wordcount>
    <wordcount weight="2" > our </wordcount>
    <wordcount weight="2" > prepared </wordcount>
    <wordcount weight="2" > shown </wordcount>
    <wordcount weight="2" > differentiation </wordcount>
    <wordcount weight="2" > such </wordcount>
    <wordcount weight="2" > weeks </wordcount>
    <wordcount weight="2" > turbidity </wordcount>
    <wordcount weight="2" > grant </wordcount>
    <wordcount weight="2" > recipient </wordcount>
    <wordcount weight="2" > tubes </wordcount>
    <wordcount weight="2" > genetics </wordcount>
    <wordcount weight="2" > ny </wordcount>
    <wordcount weight="2" > period </wordcount>
    <wordcount weight="2" > suggest </wordcount>
    <wordcount weight="2" > stained </wordcount>
    <wordcount weight="2" > tested </wordcount>
    <wordcount weight="2" > area </wordcount>
    <wordcount weight="2" > increased </wordcount>
    <wordcount weight="2" > summary </wordcount>
    <wordcount weight="2" > several </wordcount>
    <wordcount weight="2" > news </wordcount>
    <wordcount weight="2" > organism </wordcount>
    <wordcount weight="2" > c </wordcount>
    <wordcount weight="2" > surges </wordcount>
    <wordcount weight="2" > mixing </wordcount>
    <wordcount weight="2" > deposits </wordcount>
    <wordcount weight="2" > annual </wordcount>
    <wordcount weight="2" > department </wordcount>
    <wordcount weight="2" > among </wordcount>
    <wordcount weight="2" > about </wordcount>
    <wordcount weight="2" > resembled </wordcount>
    <wordcount weight="1" > dispersing </wordcount>
    <wordcount weight="1" > noninjected </wordcount>
    <wordcount weight="1" > model </wordcount>
    <wordcount weight="1" > cratering </wordcount>
    <wordcount weight="1" > divergence </wordcount>
    <wordcount weight="1" > does </wordcount>
    <wordcount weight="1" > somewhat </wordcount>
    <wordcount weight="1" > chu </wordcount>
    <wordcount weight="1" > now </wordcount>
    <wordcount weight="1" > refercnces </wordcount>
    <wordcount weight="1" > high </wordcount>
    <wordcount weight="1" > esective </wordcount>
    <wordcount weight="1" > units </wordcount>
    <wordcount weight="1" > butterflies </wordcount>
    <wordcount weight="1" > unexceptionable </wordcount>
    <wordcount weight="1" > comment </wordcount>
    <wordcount weight="1" > without </wordcount>
    <wordcount weight="1" > various </wordcount>
    <wordcount weight="1" > european </wordcount>
    <wordcount weight="1" > way </wordcount>
    <wordcount weight="1" > rather </wordcount>
    <wordcount weight="1" > soe </wordcount>
    <wordcount weight="1" > identified </wordcount>
    <wordcount weight="1" > economic </wordcount>
    <wordcount weight="1" > negatively </wordcount>
    <wordcount weight="1" > mechanisms </wordcount>
    <wordcount weight="1" > editha </wordcount>
    <wordcount weight="1" > ihas </wordcount>
    <wordcount weight="1" > fairleigh </wordcount>
    <wordcount weight="1" > telescopically </wordcount>
    <wordcount weight="1" > delighted </wordcount>
    <wordcount weight="1" > expansion </wordcount>
    <wordcount weight="1" > subject </wordcount>
    <wordcount weight="1" > basic </wordcount>
    <wordcount weight="1" > might </wordcount>
    <wordcount weight="1" > corporation </wordcount>
    <wordcount weight="1" > low </wordcount>
    <wordcount weight="1" > resulted </wordcount>
    <wordcount weight="1" > preparing </wordcount>
    <wordcount weight="1" > mediums </wordcount>
    <wordcount weight="1" > inoculum </wordcount>
    <wordcount weight="1" > irrespective </wordcount>
    <wordcount weight="1" > april </wordcount>
    <wordcount weight="1" > reason </wordcount>
    <wordcount weight="1" > increlased </wordcount>
    <wordcount weight="1" > whatever </wordcount>
    <wordcount weight="1" > craters </wordcount>
    <wordcount weight="1" > phytopathotogy </wordcount>
    <wordcount weight="1" > introduction </wordcount>
    <wordcount weight="1" > phytopathol </wordcount>
    <wordcount weight="1" > force </wordcount>
    <wordcount weight="1" > pathogenicity </wordcount>
    <wordcount weight="1" > make </wordcount>
    <wordcount weight="1" > physicists </wordcount>
    <wordcount weight="1" > surviving </wordcount>
    <wordcount weight="1" > debris </wordcount>
    <wordcount weight="1" > fitness </wordcount>
    <wordcount weight="1" > importance </wordcount>
    <wordcount weight="1" > bimclcula </wordcount>
    <wordcount weight="1" > recognize </wordcount>
    <wordcount weight="1" > group </wordcount>
    <wordcount weight="1" > movement </wordcount>
    <wordcount weight="1" > large </wordcount>
    <wordcount weight="1" > ibeen </wordcount>
    <wordcount weight="1" > pord </wordcount>
    <wordcount weight="1" > complex </wordcount>
    <wordcount weight="1" > coionizing </wordcount>
    <wordcount weight="1" > eaton </wordcount>
    <wordcount weight="1" > aldult </wordcount>
    <wordcount weight="1" > tthat </wordcount>
    <wordcount weight="1" > phytopathology </wordcount>
    <wordcount weight="1" > nsf </wordcount>
    <wordcount weight="1" > entomozogy </wordcount>
    <wordcount weight="1" > agency </wordcount>
    <wordcount weight="1" > disilltegrated </wordcount>
    <wordcount weight="1" > depsrtment </wordcount>
    <wordcount weight="1" > om </wordcount>
    <wordcount weight="1" > guide </wordcount>
    <wordcount weight="1" > united </wordcount>
    <wordcount weight="1" > animals </wordcount>
    <wordcount weight="1" > formed </wordcount>
    <wordcount weight="1" > entrain </wordcount>
    <wordcount weight="1" > depends </wordcount>
    <wordcount weight="1" > pacific </wordcount>
    <wordcount weight="1" > table </wordcount>
    <wordcount weight="1" > flowering </wordcount>
    <wordcount weight="1" > seedlings </wordcount>
    <wordcount weight="1" > when </wordcount>
    <wordcount weight="1" > phenotypic </wordcount>
    <wordcount weight="1" > organismal </wordcount>
    <wordcount weight="1" > reisolation </wordcount>
    <wordcount weight="1" > examined </wordcount>
    <wordcount weight="1" > makes </wordcount>
    <wordcount weight="1" > msidis </wordcount>
    <wordcount weight="1" > read </wordcount>
    <wordcount weight="1" > colonizing </wordcount>
    <wordcount weight="1" > upstate </wordcount>
    <wordcount weight="1" > chen </wordcount>
    <wordcount weight="1" > immigrant </wordcount>
    <wordcount weight="1" > ges </wordcount>
    <wordcount weight="1" > praise </wordcount>
    <wordcount weight="1" > dickinson </wordcount>
    <wordcount weight="1" > considered </wordcount>
    <wordcount weight="1" > around </wordcount>
    <wordcount weight="1" > phenomen </wordcount>
    <wordcount weight="1" > seems </wordcount>
    <wordcount weight="1" > necessarily </wordcount>
    <wordcount weight="1" > familiar </wordcount>
    <wordcount weight="1" > environment </wordcount>
    <wordcount weight="1" > grains </wordcount>
    <wordcount weight="1" > variable </wordcount>
    <wordcount weight="1" > culturing </wordcount>
    <wordcount weight="1" > genetically </wordcount>
    <wordcount weight="1" > then </wordcount>
    <wordcount weight="1" > cornell </wordcount>
    <wordcount weight="1" > zinpublished </wordcount>
    <wordcount weight="1" > greenberg </wordcount>
    <wordcount weight="1" > light </wordcount>
    <wordcount weight="1" > proved </wordcount>
    <wordcount weight="1" > assistance </wordcount>
    <wordcount weight="1" > entomology </wordcount>
    <wordcount weight="1" > days </wordcount>
    <wordcount weight="1" > same </wordcount>
    <wordcount weight="1" > stabilizing </wordcount>
    <wordcount weight="1" > numbers </wordcount>
    <wordcount weight="1" > scz </wordcount>
    <wordcount weight="1" > residence </wordcount>
    <wordcount weight="1" > variety </wordcount>
    <wordcount weight="1" > northeastern </wordcount>
    <wordcount weight="1" > colonial </wordcount>
    <wordcount weight="1" > source </wordcount>
    <wordcount weight="1" > university </wordcount>
    <wordcount weight="1" > grand </wordcount>
    <wordcount weight="1" > already </wordcount>
    <wordcount weight="1" > provocative </wordcount>
    <wordcount weight="1" > phosphotungstate </wordcount>
    <wordcount weight="1" > two </wordcount>
    <wordcount weight="1" > test </wordcount>
    <wordcount weight="1" > fluctuations </wordcount>
    <wordcount weight="1" > viruses </wordcount>
    <wordcount weight="1" > extensive </wordcount>
    <wordcount weight="1" > under </wordcount>
    <wordcount weight="1" > being </wordcount>
    <wordcount weight="1" > ail </wordcount>
    <wordcount weight="1" > known </wordcount>
    <wordcount weight="1" > precise </wordcount>
    <wordcount weight="1" > diserent </wordcount>
    <wordcount weight="1" > areh </wordcount>
    <wordcount weight="1" > outbreak </wordcount>
    <wordcount weight="1" > certainly </wordcount>
    <wordcount weight="1" > etiology </wordcount>
    <wordcount weight="1" > also </wordcount>
    <wordcount weight="1" > statements </wordcount>
    <wordcount weight="1" > offers </wordcount>
    <wordcount weight="1" > yora </wordcount>
    <wordcount weight="1" > originally </wordcount>
    <wordcount weight="1" > stated </wordcount>
    <wordcount weight="1" > nonilljected </wordcount>
    <wordcount weight="1" > interested </wordcount>
    <wordcount weight="1" > seem </wordcount>
    <wordcount weight="1" > berkeley </wordcount>
    <wordcount weight="1" > establislhes </wordcount>
    <wordcount weight="1" > view </wordcount>
    <wordcount weight="1" > wolc </wordcount>
    <wordcount weight="1" > ecological </wordcount>
    <wordcount weight="1" > fluid </wordcount>
    <wordcount weight="1" > put </wordcount>
    <wordcount weight="1" > artificially </wordcount>
    <wordcount weight="1" > spreading </wordcount>
    <wordcount weight="1" > each </wordcount>
    <wordcount weight="1" > added </wordcount>
    <wordcount weight="1" > diseases </wordcount>
    <wordcount weight="1" > shares </wordcount>
    <wordcount weight="1" > moving </wordcount>
    <wordcount weight="1" > result </wordcount>
    <wordcount weight="1" > transmission </wordcount>
    <wordcount weight="1" > tc </wordcount>
    <wordcount weight="1" > yeronica </wordcount>
    <wordcount weight="1" > novel </wordcount>
    <wordcount weight="1" > december </wordcount>
    <wordcount weight="1" > coadapted </wordcount>
    <wordcount weight="1" > company </wordcount>
    <wordcount weight="1" > lack </wordcount>
    <wordcount weight="1" > confident </wordcount>
    <wordcount weight="1" > deal </wordcount>
    <wordcount weight="1" > s </wordcount>
    <wordcount weight="1" > hollow </wordcount>
    <wordcount weight="1" > concentration </wordcount>
    <wordcount weight="1" > nothing </wordcount>
    <wordcount weight="1" > did </wordcount>
    <wordcount weight="1" > assembling </wordcount>
    <wordcount weight="1" > sei </wordcount>
    <wordcount weight="1" > twenty </wordcount>
    <wordcount weight="1" > rule </wordcount>
    <wordcount weight="1" > moon </wordcount>
    <wordcount weight="1" > ph </wordcount>
    <wordcount weight="1" > antagonistic </wordcount>
    <wordcount weight="1" > great </wordcount>
    <wordcount weight="1" > inw </wordcount>
    <wordcount weight="1" > simple </wordcount>
    <wordcount weight="1" > thank </wordcount>
    <wordcount weight="1" > current </wordcount>
    <wordcount weight="1" > pplo </wordcount>
    <wordcount weight="1" > genecologists </wordcount>
    <wordcount weight="1" > inevitably </wordcount>
    <wordcount weight="1" > producing </wordcount>
    <wordcount weight="1" > time </wordcount>
    <wordcount weight="1" > centers </wordcount>
    <wordcount weight="1" > grids </wordcount>
    <wordcount weight="1" > able </wordcount>
    <wordcount weight="1" > svidely </wordcount>
    <wordcount weight="1" > volcanoes </wordcount>
    <wordcount weight="1" > emphatic </wordcount>
    <wordcount weight="1" > far </wordcount>
    <wordcount weight="1" > nevernever </wordcount>
    <wordcount weight="1" > room </wordcount>
    <wordcount weight="1" > near </wordcount>
    <wordcount weight="1" > arthur </wordcount>
    <wordcount weight="1" > man </wordcount>
    <wordcount weight="1" > past </wordcount>
    <wordcount weight="1" > almost </wordcount>
    <wordcount weight="1" > discussed </wordcount>
    <wordcount weight="1" > achieved </wordcount>
    <wordcount weight="1" > fresh </wordcount>
    <wordcount weight="1" > proe </wordcount>
    <wordcount weight="1" > disfappeareld </wordcount>
    <wordcount weight="1" > speciesj </wordcount>
    <wordcount weight="1" > caneer </wordcount>
    <wordcount weight="1" > experitnent </wordcount>
    <wordcount weight="1" > places </wordcount>
    <wordcount weight="1" > patterns </wordcount>
    <wordcount weight="1" > density </wordcount>
    <wordcount weight="1" > intensive </wordcount>
    <wordcount weight="1" > multiplication </wordcount>
    <wordcount weight="1" > infected </wordcount>
    <wordcount weight="1" > do </wordcount>
    <wordcount weight="1" > substantiation </wordcount>
    <wordcount weight="1" > ructuations </wordcount>
    <wordcount weight="1" > rep </wordcount>
    <wordcount weight="1" > entomot </wordcount>
    <wordcount weight="1" > shallow </wordcount>
    <wordcount weight="1" > surely </wordcount>
    <wordcount weight="1" > decreased </wordcount>
    <wordcount weight="1" > buried </wordcount>
    <wordcount weight="1" > technical </wordcount>
    <wordcount weight="1" > euphydrycls </wordcount>
    <wordcount weight="1" > groupbeen </wordcount>
    <wordcount weight="1" > stock </wordcount>
    <wordcount weight="1" > genera </wordcount>
    <wordcount weight="1" > reisolated </wordcount>
    <wordcount weight="1" > within </wordcount>
    <wordcount weight="1" > fisher </wordcount>
    <wordcount weight="1" > resembling </wordcount>
    <wordcount weight="1" > stlmt </wordcount>
    <wordcount weight="1" > butterfly </wordcount>
    <wordcount weight="1" > observationof </wordcount>
    <wordcount weight="1" > curs </wordcount>
    <wordcount weight="1" > produced </wordcount>
    <wordcount weight="1" > selected </wordcount>
    <wordcount weight="1" > less </wordcount>
    <wordcount weight="1" > see </wordcount>
    <wordcount weight="1" > cannot </wordcount>
    <wordcount weight="1" > purchased </wordcount>
    <wordcount weight="1" > experimental </wordcount>
    <wordcount weight="1" > material </wordcount>
    <wordcount weight="1" > placed </wordcount>
    <wordcount weight="1" > colony </wordcount>
    <wordcount weight="1" > laden </wordcount>
    <wordcount weight="1" > meteor </wordcount>
    <wordcount weight="1" > forward </wordcount>
    <wordcount weight="1" > eds </wordcount>
    <wordcount weight="1" > gaps </wordcount>
    <wordcount weight="1" > distribution </wordcount>
    <wordcount weight="1" > adaptation </wordcount>
    <wordcount weight="1" > wide </wordcount>
    <wordcount weight="1" > cultur </wordcount>
    <wordcount weight="1" > waters </wordcount>
    <wordcount weight="1" > trans </wordcount>
    <wordcount weight="1" > evollttion </wordcount>
    <wordcount weight="1" > surinia </wordcount>
    <wordcount weight="1" > hypathesis </wordcount>
    <wordcount weight="1" > institute </wordcount>
    <wordcount weight="1" > acad </wordcount>
    <wordcount weight="1" > helalthy </wordcount>
    <wordcount weight="1" > march </wordcount>
    <wordcount weight="1" > degree </wordcount>
    <wordcount weight="1" > remained </wordcount>
    <wordcount weight="1" > withill </wordcount>
    <wordcount weight="1" > vol </wordcount>
    <wordcount weight="1" > information </wordcount>
    <wordcount weight="1" > local </wordcount>
    <wordcount weight="1" > percent </wordcount>
    <wordcount weight="1" > demes </wordcount>
    <wordcount weight="1" > demonstrated </wordcount>
    <wordcount weight="1" > welcome </wordcount>
    <wordcount weight="1" > droplets </wordcount>
    <wordcount weight="1" > implies </wordcount>
    <wordcount weight="1" > incorporated </wordcount>
    <wordcount weight="1" > greatest </wordcount>
    <wordcount weight="1" > used </wordcount>
    <wordcount weight="1" > island </wordcount>
    <wordcount weight="1" > size </wordcount>
    <wordcount weight="1" > tlhat </wordcount>
    <wordcount weight="1" > quart </wordcount>
    <wordcount weight="1" > leafhoppers </wordcount>
    <wordcount weight="1" > thompz </wordcount>
    <wordcount weight="1" > ocean </wordcount>
    <wordcount weight="1" > received </wordcount>
    <wordcount weight="1" > made </wordcount>
    <wordcount weight="1" > whitcomb </wordcount>
    <wordcount weight="1" > little </wordcount>
    <wordcount weight="1" > explanation </wordcount>
    <wordcount weight="1" > start </wordcount>
    <wordcount weight="1" > level </wordcount>
    <wordcount weight="1" > son </wordcount>
    <wordcount weight="1" > average </wordcount>
    <wordcount weight="1" > future </wordcount>
    <wordcount weight="1" > environments </wordcount>
    <wordcount weight="1" > apart </wordcount>
    <wordcount weight="1" > ill </wordcount>
    <wordcount weight="1" > unexplained </wordcount>
    <wordcount weight="1" > conclude </wordcount>
    <wordcount weight="1" > except </wordcount>
    <wordcount weight="1" > part </wordcount>
    <wordcount weight="1" > events </wordcount>
    <wordcount weight="1" > x </wordcount>
    <wordcount weight="1" > treating </wordcount>
    <wordcount weight="1" > suboulture </wordcount>
    <wordcount weight="1" > previously </wordcount>
    <wordcount weight="1" > cited </wordcount>
    <wordcount weight="1" > increase </wordcount>
    <wordcount weight="1" > press </wordcount>
    <wordcount weight="1" > scie </wordcount>
    <wordcount weight="1" > fprimiary </wordcount>
    <wordcount weight="1" > its </wordcount>
    <wordcount weight="1" > viriisforseh </wordcount>
    <wordcount weight="1" > ptant </wordcount>
    <wordcount weight="1" > forces </wordcount>
    <wordcount weight="1" > jap </wordcount>
    <wordcount weight="1" > stable </wordcount>
    <wordcount weight="1" > significant </wordcount>
    <wordcount weight="1" > lnst </wordcount>
    <wordcount weight="1" > implications </wordcount>
    <wordcount weight="1" > illoculated </wordcount>
    <wordcount weight="1" > older </wordcount>
    <wordcount weight="1" > acartthaster </wordcount>
    <wordcount weight="1" > anld </wordcount>
    <wordcount weight="1" > explosive </wordcount>
    <wordcount weight="1" > shallowly </wordcount>
    <wordcount weight="1" > demonstrates </wordcount>
    <wordcount weight="1" > phenomenon </wordcount>
    <wordcount weight="1" > constitute </wordcount>
    <wordcount weight="1" > drosophila </wordcount>
    <wordcount weight="1" > maintained </wordcount>
    <wordcount weight="1" > actually </wordcount>
    <wordcount weight="1" > sedimentary </wordcount>
    <wordcount weight="1" > evolution </wordcount>
    <wordcount weight="1" > london </wordcount>
    <wordcount weight="1" > bimacula </wordcount>
    <wordcount weight="1" > tions </wordcount>
    <wordcount weight="1" > multiply </wordcount>
    <wordcount weight="1" > radioactivity </wordcount>
    <wordcount weight="1" > throughout </wordcount>
    <wordcount weight="1" > dslbulus </wordcount>
    <wordcount weight="1" > personal </wordcount>
    <wordcount weight="1" > genecology </wordcount>
    <wordcount weight="1" > inefficient </wordcount>
    <wordcount weight="1" > surrounding </wordcount>
    <wordcount weight="1" > relegated </wordcount>
    <wordcount weight="1" > taxon </wordcount>
    <wordcount weight="1" > california </wordcount>
    <wordcount weight="1" > boyce </wordcount>
    <wordcount weight="1" > eierbert </wordcount>
    <wordcount weight="1" > severaliattempts </wordcount>
    <wordcount weight="1" > until </wordcount>
    <wordcount weight="1" > described </wordcount>
    <wordcount weight="1" > years </wordcount>
    <wordcount weight="1" > mycoplasmalike </wordcount>
    <wordcount weight="1" > both </wordcount>
    <wordcount weight="1" > shapiro </wordcount>
    <wordcount weight="1" > liesperiid </wordcount>
    <wordcount weight="1" > significance </wordcount>
    <wordcount weight="1" > clear </wordcount>
    <wordcount weight="1" > transmit </wordcount>
    <wordcount weight="1" > conditions </wordcount>
    <wordcount weight="1" > september </wordcount>
    <wordcount weight="1" > temperature </wordcount>
    <wordcount weight="1" > points </wordcount>
    <wordcount weight="1" > paul </wordcount>
    <wordcount weight="1" > characteristic </wordcount>
    <wordcount weight="1" > relatively </wordcount>
    <wordcount weight="1" > individual </wordcount>
    <wordcount weight="1" > least </wordcount>
    <wordcount weight="1" > times </wordcount>
    <wordcount weight="1" > jasper </wordcount>
    <wordcount weight="1" > leafhopper </wordcount>
    <wordcount weight="1" > although </wordcount>
    <wordcount weight="1" > viable </wordcount>
    <wordcount weight="1" > land </wordcount>
    <wordcount weight="1" > like </wordcount>
    <wordcount weight="1" > revised </wordcount>
    <wordcount weight="1" > would </wordcount>
    <wordcount weight="1" > euphydryas </wordcount>
    <wordcount weight="1" > satisfies </wordcount>
    <wordcount weight="1" > most </wordcount>
    <wordcount weight="1" > features </wordcount>
    <wordcount weight="1" > states </wordcount>
    <wordcount weight="1" > depositing </wordcount>
    <wordcount weight="1" > given </wordcount>
    <wordcount weight="1" > effects </wordcount>
    <wordcount weight="1" > kind </wordcount>
    <wordcount weight="1" > order </wordcount>
    <wordcount weight="1" > dis </wordcount>
    <wordcount weight="1" > estimates </wordcount>
    <wordcount weight="1" > mycoplasmaexp </wordcount>
    <wordcount weight="1" > last </wordcount>
    <wordcount weight="1" > rutgers </wordcount>
    <wordcount weight="1" > promptly </wordcount>
    <wordcount weight="1" > pathot </wordcount>
    <wordcount weight="1" > theoretical </wordcount>
    <wordcount weight="1" > adjustment </wordcount>
    <wordcount weight="1" > depclrtment </wordcount>
    <wordcount weight="1" > atmosphere </wordcount>
    <wordcount weight="1" > wouldbe </wordcount>
    <wordcount weight="1" > maintaining </wordcount>
    <wordcount weight="1" > involved </wordcount>
    <wordcount weight="1" > old </wordcount>
    <wordcount weight="1" > buser </wordcount>
    <wordcount weight="1" > infective </wordcount>
    <wordcount weight="1" > genes </wordcount>
    <wordcount weight="1" > roughly </wordcount>
    <wordcount weight="1" > artificial </wordcount>
    <wordcount weight="1" > selection </wordcount>
    <wordcount weight="1" > pathogenic </wordcount>
    <wordcount weight="1" > inocula </wordcount>
    <wordcount weight="1" > characteristics </wordcount>
    <wordcount weight="1" > depend </wordcount>
    <wordcount weight="1" > ignore </wordcount>
    <wordcount weight="1" > supported </wordcount>
    <wordcount weight="1" > oc </wordcount>
    <wordcount weight="1" > causing </wordcount>
    <wordcount weight="1" > highest </wordcount>
    <wordcount weight="1" > study </wordcount>
    <wordcount weight="1" > between </wordcount>
    <wordcount weight="1" > parallel </wordcount>
    <wordcount weight="1" > ues </wordcount>
    <wordcount weight="1" > outbreaks </wordcount>
    <wordcount weight="1" > dczlbulus </wordcount>
    <wordcount weight="1" > acts </wordcount>
    <wordcount weight="1" > research </wordcount>
    <wordcount weight="1" > usual </wordcount>
    <wordcount weight="1" > weapons </wordcount>
    <wordcount weight="1" > liquid </wordcount>
    <wordcount weight="1" > anderson </wordcount>
    <wordcount weight="1" > criterion </wordcount>
    <wordcount weight="1" > whatsoever </wordcount>
    <wordcount weight="1" > maine </wordcount>
    <wordcount weight="1" > january </wordcount>
    <wordcount weight="1" > sci </wordcount>
    <wordcount weight="1" > invert </wordcount>
    <wordcount weight="1" > generally </wordcount>
    <wordcount weight="1" > views </wordcount>
    <wordcount weight="1" > serum </wordcount>
    <wordcount weight="1" > field </wordcount>
    <wordcount weight="1" > entire </wordcount>
    <wordcount weight="1" > slightly </wordcount>
    <wordcount weight="1" > horse </wordcount>
    <wordcount weight="1" > communication </wordcount>
    <wordcount weight="1" > those </wordcount>
    <wordcount weight="1" > mutations </wordcount>
    <wordcount weight="1" > counts </wordcount>
    <wordcount weight="1" > robert </wordcount>
    <wordcount weight="1" > often </wordcount>
    <wordcount weight="1" > indistinguishable </wordcount>
    <wordcount weight="1" > symp </wordcount>
    <wordcount weight="1" > evidence </wordcount>
    <wordcount weight="1" > alternative </wordcount>
    <wordcount weight="1" > substantially </wordcount>
    <wordcount weight="1" > ediths </wordcount>
    <wordcount weight="1" > am </wordcount>
    <wordcount weight="1" > dust </wordcount>
    <wordcount weight="1" > vector </wordcount>
    <wordcount weight="1" > close </wordcount>
    <wordcount weight="1" > brown </wordcount>
    <wordcount weight="1" > broth </wordcount>
    <wordcount weight="1" > error </wordcount>
    <wordcount weight="1" > stullt </wordcount>
    <wordcount weight="1" > casts </wordcount>
    <wordcount weight="1" > row </wordcount>
    <wordcount weight="1" > annu </wordcount>
    <wordcount weight="1" > particles </wordcount>
    <wordcount weight="1" > trallsmitted </wordcount>
    <wordcount weight="1" > diseased </wordcount>
    <wordcount weight="1" > mechanism </wordcount>
    <wordcount weight="1" > gravity </wordcount>
</article>
