<?xml version="1.0" encoding="UTF-8"?>
<article id="10.2307/1740501" >
    <wordcount weight="373" > of </wordcount>
    <wordcount weight="297" > and </wordcount>
    <wordcount weight="228" > in </wordcount>
    <wordcount weight="226" > the </wordcount>
    <wordcount weight="124" > to </wordcount>
    <wordcount weight="112" > a </wordcount>
    <wordcount weight="104" > for </wordcount>
    <wordcount weight="97" > research </wordcount>
    <wordcount weight="83" > with </wordcount>
    <wordcount weight="78" > or </wordcount>
    <wordcount weight="66" > an </wordcount>
    <wordcount weight="64" > is </wordcount>
    <wordcount weight="56" > be </wordcount>
    <wordcount weight="55" > experience </wordcount>
    <wordcount weight="55" > university </wordcount>
    <wordcount weight="50" > department </wordcount>
    <wordcount weight="44" > on </wordcount>
    <wordcount weight="42" > should </wordcount>
    <wordcount weight="40" > send </wordcount>
    <wordcount weight="40" > employer </wordcount>
    <wordcount weight="39" > position </wordcount>
    <wordcount weight="36" > equal </wordcount>
    <wordcount weight="36" > are </wordcount>
    <wordcount weight="35" > dr </wordcount>
    <wordcount weight="34" > will </wordcount>
    <wordcount weight="33" > science </wordcount>
    <wordcount weight="31" > curriculum </wordcount>
    <wordcount weight="31" > postdoctoral </wordcount>
    <wordcount weight="31" > applications </wordcount>
    <wordcount weight="30" > available </wordcount>
    <wordcount weight="30" > opportunity </wordcount>
    <wordcount weight="29" > cell </wordcount>
    <wordcount weight="27" > phd </wordcount>
    <wordcount weight="25" > at </wordcount>
    <wordcount weight="24" > new </wordcount>
    <wordcount weight="23" > positions </wordcount>
    <wordcount weight="23" > have </wordcount>
    <wordcount weight="22" > professor </wordcount>
    <wordcount weight="22" > medical </wordcount>
    <wordcount weight="22" > box </wordcount>
    <wordcount weight="22" > action </wordcount>
    <wordcount weight="22" > teaching </wordcount>
    <wordcount weight="22" > clinical </wordcount>
    <wordcount weight="19" > as </wordcount>
    <wordcount weight="19" > from </wordcount>
    <wordcount weight="19" > institute </wordcount>
    <wordcount weight="18" > chemistry </wordcount>
    <wordcount weight="18" > food </wordcount>
    <wordcount weight="17" > salary </wordcount>
    <wordcount weight="17" > laboratory </wordcount>
    <wordcount weight="17" > program </wordcount>
    <wordcount weight="16" > vitae </wordcount>
    <wordcount weight="16" > must </wordcount>
    <wordcount weight="15" > i </wordcount>
    <wordcount weight="15" > massachusetts </wordcount>
    <wordcount weight="15" > service </wordcount>
    <wordcount weight="15" > three </wordcount>
    <wordcount weight="14" > studies </wordcount>
    <wordcount weight="14" > september </wordcount>
    <wordcount weight="14" > scientific </wordcount>
    <wordcount weight="14" > background </wordcount>
    <wordcount weight="14" > associate </wordcount>
    <wordcount weight="14" > applicants </wordcount>
    <wordcount weight="14" > biology </wordcount>
    <wordcount weight="14" > assistant </wordcount>
    <wordcount weight="13" > college </wordcount>
    <wordcount weight="13" > required </wordcount>
    <wordcount weight="13" > microbiology </wordcount>
    <wordcount weight="13" > school </wordcount>
    <wordcount weight="13" > techniques </wordcount>
    <wordcount weight="12" > no </wordcount>
    <wordcount weight="12" > this </wordcount>
    <wordcount weight="12" > letters </wordcount>
    <wordcount weight="12" > biological </wordcount>
    <wordcount weight="12" > open </wordcount>
    <wordcount weight="12" > division </wordcount>
    <wordcount weight="12" > references </wordcount>
    <wordcount weight="12" > national </wordcount>
    <wordcount weight="12" > area </wordcount>
    <wordcount weight="11" > names </wordcount>
    <wordcount weight="11" > one </wordcount>
    <wordcount weight="11" > system </wordcount>
    <wordcount weight="11" > candidates </wordcount>
    <wordcount weight="11" > faculty </wordcount>
    <wordcount weight="10" > center </wordcount>
    <wordcount weight="10" > interested </wordcount>
    <wordcount weight="10" > digital </wordcount>
    <wordcount weight="10" > invited </wordcount>
    <wordcount weight="10" > development </wordcount>
    <wordcount weight="10" > interest </wordcount>
    <wordcount weight="10" > pharmacology </wordcount>
    <wordcount weight="10" > tissue </wordcount>
    <wordcount weight="10" > maryland </wordcount>
    <wordcount weight="10" > two </wordcount>
    <wordcount weight="10" > including </wordcount>
    <wordcount weight="10" > general </wordcount>
    <wordcount weight="10" > biochemistry </wordcount>
    <wordcount weight="9" > all </wordcount>
    <wordcount weight="9" > other </wordcount>
    <wordcount weight="9" > desirable </wordcount>
    <wordcount weight="9" > applicant </wordcount>
    <wordcount weight="9" > surgery </wordcount>
    <wordcount weight="9" > w </wordcount>
    <wordcount weight="9" > metabolism </wordcount>
    <wordcount weight="9" > seeking </wordcount>
    <wordcount weight="9" > work </wordcount>
    <wordcount weight="9" > qualifications </wordcount>
    <wordcount weight="9" > years </wordcount>
    <wordcount weight="9" > appointment </wordcount>
    <wordcount weight="9" > analysis </wordcount>
    <wordcount weight="9" > md </wordcount>
    <wordcount weight="9" > physiology </wordcount>
    <wordcount weight="9" > include </wordcount>
    <wordcount weight="8" > environmental </wordcount>
    <wordcount weight="8" > per </wordcount>
    <wordcount weight="8" > group </wordcount>
    <wordcount weight="8" > candidate </wordcount>
    <wordcount weight="8" > depending </wordcount>
    <wordcount weight="8" > preferred </wordcount>
    <wordcount weight="8" > training </wordcount>
    <wordcount weight="8" > related </wordcount>
    <wordcount weight="8" > has </wordcount>
    <wordcount weight="8" > by </wordcount>
    <wordcount weight="8" > zealand </wordcount>
    <wordcount weight="8" > california </wordcount>
    <wordcount weight="8" > ny </wordcount>
    <wordcount weight="8" > plant </wordcount>
    <wordcount weight="8" > affirmative </wordcount>
    <wordcount weight="7" > please </wordcount>
    <wordcount weight="7" > state </wordcount>
    <wordcount weight="7" > some </wordcount>
    <wordcount weight="7" > application </wordcount>
    <wordcount weight="7" > director </wordcount>
    <wordcount weight="7" > search </wordcount>
    <wordcount weight="7" > academic </wordcount>
    <wordcount weight="7" > your </wordcount>
    <wordcount weight="7" > r </wordcount>
    <wordcount weight="7" > knowledge </wordcount>
    <wordcount weight="7" > oral </wordcount>
    <wordcount weight="7" > biologist </wordcount>
    <wordcount weight="7" > experimental </wordcount>
    <wordcount weight="7" > qualified </wordcount>
    <wordcount weight="7" > more </wordcount>
    <wordcount weight="7" > areas </wordcount>
    <wordcount weight="7" > duties </wordcount>
    <wordcount weight="7" > students </wordcount>
    <wordcount weight="7" > we </wordcount>
    <wordcount weight="7" > animal </wordcount>
    <wordcount weight="7" > biochemical </wordcount>
    <wordcount weight="7" > c </wordcount>
    <wordcount weight="6" > dc </wordcount>
    <wordcount weight="6" > interests </wordcount>
    <wordcount weight="6" > interdisciplinary </wordcount>
    <wordcount weight="6" > bell </wordcount>
    <wordcount weight="6" > x </wordcount>
    <wordcount weight="6" > ability </wordcount>
    <wordcount weight="6" > toxicology </wordcount>
    <wordcount weight="6" > card </wordcount>
    <wordcount weight="6" > resume </wordcount>
    <wordcount weight="6" > calif </wordcount>
    <wordcount weight="6" > cancer </wordcount>
    <wordcount weight="6" > medicine </wordcount>
    <wordcount weight="6" > michigan </wordcount>
    <wordcount weight="6" > year </wordcount>
    <wordcount weight="6" > responsibility </wordcount>
    <wordcount weight="6" > instrumentation </wordcount>
    <wordcount weight="6" > cellular </wordcount>
    <wordcount weight="6" > technology </wordcount>
    <wordcount weight="6" > us </wordcount>
    <wordcount weight="6" > also </wordcount>
    <wordcount weight="6" > mammalian </wordcount>
    <wordcount weight="6" > nutrition </wordcount>
    <wordcount weight="6" > which </wordcount>
    <wordcount weight="6" > health </wordcount>
    <wordcount weight="6" > august </wordcount>
    <wordcount weight="6" > problems </wordcount>
    <wordcount weight="6" > systems </wordcount>
    <wordcount weight="6" > study </wordcount>
    <wordcount weight="6" > circle </wordcount>
    <wordcount weight="6" > tumor </wordcount>
    <wordcount weight="6" > list </wordcount>
    <wordcount weight="6" > voice </wordcount>
    <wordcount weight="6" > developmental </wordcount>
    <wordcount weight="5" > it </wordcount>
    <wordcount weight="5" > encouraged </wordcount>
    <wordcount weight="5" > e </wordcount>
    <wordcount weight="5" > use </wordcount>
    <wordcount weight="5" > po </wordcount>
    <wordcount weight="5" > that </wordcount>
    <wordcount weight="5" > j </wordcount>
    <wordcount weight="5" > molecular </wordcount>
    <wordcount weight="5" > west </wordcount>
    <wordcount weight="5" > expertise </wordcount>
    <wordcount weight="5" > ads </wordcount>
    <wordcount weight="5" > publications </wordcount>
    <wordcount weight="5" > would </wordcount>
    <wordcount weight="5" > essential </wordcount>
    <wordcount weight="5" > lung </wordcount>
    <wordcount weight="5" > m </wordcount>
    <wordcount weight="5" > aspects </wordcount>
    <wordcount weight="5" > description </wordcount>
    <wordcount weight="5" > statistics </wordcount>
    <wordcount weight="5" > participate </wordcount>
    <wordcount weight="5" > graduate </wordcount>
    <wordcount weight="5" > working </wordcount>
    <wordcount weight="5" > kinetics </wordcount>
    <wordcount weight="5" > components </wordcount>
    <wordcount weight="5" > may </wordcount>
    <wordcount weight="5" > about </wordcount>
    <wordcount weight="5" > recommendation </wordcount>
    <wordcount weight="5" > under </wordcount>
    <wordcount weight="5" > culture </wordcount>
    <wordcount weight="5" > industrial </wordcount>
    <wordcount weight="5" > analytical </wordcount>
    <wordcount weight="5" > ao </wordcount>
    <wordcount weight="5" > number </wordcount>
    <wordcount weight="5" > degree </wordcount>
    <wordcount weight="5" > samples </wordcount>
    <wordcount weight="5" > individuals </wordcount>
    <wordcount weight="5" > chemical </wordcount>
    <wordcount weight="5" > high </wordcount>
    <wordcount weight="5" > can </wordcount>
    <wordcount weight="5" > equivalent </wordcount>
    <wordcount weight="5" > professional </wordcount>
    <wordcount weight="5" > independent </wordcount>
    <wordcount weight="5" > who </wordcount>
    <wordcount weight="5" > addressed </wordcount>
    <wordcount weight="5" > extensive </wordcount>
    <wordcount weight="5" > each </wordcount>
    <wordcount weight="5" > microbial </wordcount>
    <wordcount weight="5" > freedom </wordcount>
    <wordcount weight="5" > possible </wordcount>
    <wordcount weight="5" > code </wordcount>
    <wordcount weight="5" > radiation </wordcount>
    <wordcount weight="5" > temperature </wordcount>
    <wordcount weight="5" > d </wordcount>
    <wordcount weight="5" > range </wordcount>
    <wordcount weight="5" > you </wordcount>
    <wordcount weight="5" > specific </wordcount>
    <wordcount weight="4" > personnel </wordcount>
    <wordcount weight="4" > western </wordcount>
    <wordcount weight="4" > women </wordcount>
    <wordcount weight="4" > automated </wordcount>
    <wordcount weight="4" > first </wordcount>
    <wordcount weight="4" > submit </wordcount>
    <wordcount weight="4" > s </wordcount>
    <wordcount weight="4" > copy </wordcount>
    <wordcount weight="4" > scientists </wordcount>
    <wordcount weight="4" > display </wordcount>
    <wordcount weight="4" > those </wordcount>
    <wordcount weight="4" > staff </wordcount>
    <wordcount weight="4" > robert </wordcount>
    <wordcount weight="4" > vitro </wordcount>
    <wordcount weight="4" > immediate </wordcount>
    <wordcount weight="4" > design </wordcount>
    <wordcount weight="4" > sent </wordcount>
    <wordcount weight="4" > apply </wordcount>
    <wordcount weight="4" > minimum </wordcount>
    <wordcount weight="4" > electron </wordcount>
    <wordcount weight="4" > expected </wordcount>
    <wordcount weight="4" > rank </wordcount>
    <wordcount weight="4" > york </wordcount>
    <wordcount weight="4" > l </wordcount>
    <wordcount weight="4" > developed </wordcount>
    <wordcount weight="4" > active </wordcount>
    <wordcount weight="4" > direct </wordcount>
    <wordcount weight="4" > thomas </wordcount>
    <wordcount weight="4" > section </wordcount>
    <wordcount weight="4" > enzyme </wordcount>
    <wordcount weight="4" > isolation </wordcount>
    <wordcount weight="4" > important </wordcount>
    <wordcount weight="4" > tumors </wordcount>
    <wordcount weight="4" > further </wordcount>
    <wordcount weight="4" > fellowships </wordcount>
    <wordcount weight="4" > excellent </wordcount>
    <wordcount weight="4" > los </wordcount>
    <wordcount weight="4" > protein </wordcount>
    <wordcount weight="4" > part </wordcount>
    <wordcount weight="4" > broad </wordcount>
    <wordcount weight="4" > level </wordcount>
    <wordcount weight="4" > field </wordcount>
    <wordcount weight="4" > small </wordcount>
    <wordcount weight="4" > immunologist </wordcount>
    <wordcount weight="4" > using </wordcount>
    <wordcount weight="4" > florida </wordcount>
    <wordcount weight="4" > viral </wordcount>
    <wordcount weight="4" > commensurate </wordcount>
    <wordcount weight="4" > south </wordcount>
    <wordcount weight="4" > f </wordcount>
    <wordcount weight="4" > second </wordcount>
    <wordcount weight="4" > forward </wordcount>
    <wordcount weight="4" > support </wordcount>
    <wordcount weight="4" > conduct </wordcount>
    <wordcount weight="4" > our </wordcount>
    <wordcount weight="4" > nuclear </wordcount>
    <wordcount weight="4" > existing </wordcount>
    <wordcount weight="4" > immunology </wordcount>
    <wordcount weight="4" > project </wordcount>
    <wordcount weight="4" > demonstrated </wordcount>
    <wordcount weight="4" > low </wordcount>
    <wordcount weight="4" > ction </wordcount>
    <wordcount weight="4" > directed </wordcount>
    <wordcount weight="4" > collaboration </wordcount>
    <wordcount weight="4" > obtained </wordcount>
    <wordcount weight="4" > instruction </wordcount>
    <wordcount weight="4" > effect </wordcount>
    <wordcount weight="4" > electric </wordcount>
    <wordcount weight="4" > associated </wordcount>
    <wordcount weight="4" > senior </wordcount>
    <wordcount weight="4" > agents </wordcount>
    <wordcount weight="4" > sciences </wordcount>
    <wordcount weight="4" > nih </wordcount>
    <wordcount weight="4" > over </wordcount>
    <wordcount weight="4" > scientist </wordcount>
    <wordcount weight="4" > chairman </wordcount>
    <wordcount weight="4" > following </wordcount>
    <wordcount weight="4" > proven </wordcount>
    <wordcount weight="4" > forma </wordcount>
    <wordcount weight="4" > purification </wordcount>
    <wordcount weight="4" > alamos </wordcount>
    <wordcount weight="4" > conditions </wordcount>
    <wordcount weight="4" > approximately </wordcount>
    <wordcount weight="4" > jefferson </wordcount>
    <wordcount weight="4" > between </wordcount>
    <wordcount weight="4" > pulses </wordcount>
    <wordcount weight="4" > immediately </wordcount>
    <wordcount weight="4" > strong </wordcount>
    <wordcount weight="3" > undergraduate </wordcount>
    <wordcount weight="3" > groups </wordcount>
    <wordcount weight="3" > immune </wordcount>
    <wordcount weight="3" > career </wordcount>
    <wordcount weight="3" > cells </wordcount>
    <wordcount weight="3" > they </wordcount>
    <wordcount weight="3" > american </wordcount>
    <wordcount weight="3" > currently </wordcount>
    <wordcount weight="3" > join </wordcount>
    <wordcount weight="3" > federal </wordcount>
    <wordcount weight="3" > approaches </wordcount>
    <wordcount weight="3" > duke </wordcount>
    <wordcount weight="3" > organic </wordcount>
    <wordcount weight="3" > into </wordcount>
    <wordcount weight="3" > pharmacologist </wordcount>
    <wordcount weight="3" > institutes </wordcount>
    <wordcount weight="3" > inc </wordcount>
    <wordcount weight="3" > production </wordcount>
    <wordcount weight="3" > room </wordcount>
    <wordcount weight="3" > consulting </wordcount>
    <wordcount weight="3" > within </wordcount>
    <wordcount weight="3" > brief </wordcount>
    <wordcount weight="3" > vol </wordcount>
    <wordcount weight="3" > capable </wordcount>
    <wordcount weight="3" > labs </wordcount>
    <wordcount weight="3" > supervision </wordcount>
    <wordcount weight="3" > signal </wordcount>
    <wordcount weight="3" > human </wordcount>
    <wordcount weight="3" > viewing </wordcount>
    <wordcount weight="3" > oncology </wordcount>
    <wordcount weight="3" > commencing </wordcount>
    <wordcount weight="3" > columbia </wordcount>
    <wordcount weight="3" > details </wordcount>
    <wordcount weight="3" > than </wordcount>
    <wordcount weight="3" > leadership </wordcount>
    <wordcount weight="3" > invites </wordcount>
    <wordcount weight="3" > doctorate </wordcount>
    <wordcount weight="3" > organizing </wordcount>
    <wordcount weight="3" > basic </wordcount>
    <wordcount weight="3" > b </wordcount>
    <wordcount weight="3" > possibly </wordcount>
    <wordcount weight="3" > n </wordcount>
    <wordcount weight="3" > most </wordcount>
    <wordcount weight="3" > preferably </wordcount>
    <wordcount weight="3" > requires </wordcount>
    <wordcount weight="3" > effort </wordcount>
    <wordcount weight="3" > applied </wordcount>
    <wordcount weight="3" > public </wordcount>
    <wordcount weight="3" > because </wordcount>
    <wordcount weight="3" > well </wordcount>
    <wordcount weight="3" > outstanding </wordcount>
    <wordcount weight="3" > future </wordcount>
    <wordcount weight="3" > anesthesiology </wordcount>
    <wordcount weight="3" > data </wordcount>
    <wordcount weight="3" > advertising </wordcount>
    <wordcount weight="3" > computer </wordcount>
    <wordcount weight="3" > closing </wordcount>
    <wordcount weight="3" > chairperson </wordcount>
    <wordcount weight="3" > microstar </wordcount>
    <wordcount weight="3" > involve </wordcount>
    <wordcount weight="3" > familiarity </wordcount>
    <wordcount weight="3" > optical </wordcount>
    <wordcount weight="3" > activities </wordcount>
    <wordcount weight="3" > inch </wordcount>
    <wordcount weight="3" > various </wordcount>
    <wordcount weight="3" > doctoral </wordcount>
    <wordcount weight="3" > communications </wordcount>
    <wordcount weight="3" > fermentation </wordcount>
    <wordcount weight="3" > cardiovascular </wordcount>
    <wordcount weight="3" > same </wordcount>
    <wordcount weight="3" > nw </wordcount>
    <wordcount weight="3" > these </wordcount>
    <wordcount weight="3" > starting </wordcount>
    <wordcount weight="3" > paul </wordcount>
    <wordcount weight="3" > postgraduate </wordcount>
    <wordcount weight="3" > experienced </wordcount>
    <wordcount weight="3" > minorities </wordcount>
    <wordcount weight="3" > plan </wordcount>
    <wordcount weight="3" > regulation </wordcount>
    <wordcount weight="3" > time </wordcount>
    <wordcount weight="3" > physiological </wordcount>
    <wordcount weight="3" > developing </wordcount>
    <wordcount weight="3" > sensory </wordcount>
    <wordcount weight="3" > upon </wordcount>
    <wordcount weight="3" > pathology </wordcount>
    <wordcount weight="3" > concern </wordcount>
    <wordcount weight="3" > processes </wordcount>
    <wordcount weight="3" > engineers </wordcount>
    <wordcount weight="3" > services </wordcount>
    <wordcount weight="3" > previous </wordcount>
    <wordcount weight="3" > dating </wordcount>
    <wordcount weight="3" > filled </wordcount>
    <wordcount weight="3" > successful </wordcount>
    <wordcount weight="3" > teach </wordcount>
    <wordcount weight="3" > morris </wordcount>
    <wordcount weight="3" > anatomy </wordcount>
    <wordcount weight="3" > primate </wordcount>
    <wordcount weight="3" > dual </wordcount>
    <wordcount weight="3" > stream </wordcount>
    <wordcount weight="3" > responsible </wordcount>
    <wordcount weight="3" > appointments </wordcount>
    <wordcount weight="3" > canada </wordcount>
    <wordcount weight="3" > forest </wordcount>
    <wordcount weight="3" > necessary </wordcount>
    <wordcount weight="3" > offers </wordcount>
    <wordcount weight="3" > openings </wordcount>
    <wordcount weight="3" > referees </wordcount>
    <wordcount weight="3" > form </wordcount>
    <wordcount weight="3" > forestry </wordcount>
    <wordcount weight="3" > both </wordcount>
    <wordcount weight="3" > equipped </wordcount>
    <wordcount weight="3" > write </wordcount>
    <wordcount weight="3" > washington </wordcount>
    <wordcount weight="3" > trauma </wordcount>
    <wordcount weight="3" > traineeships </wordcount>
    <wordcount weight="3" > seeks </wordcount>
    <wordcount weight="3" > dental </wordcount>
    <wordcount weight="3" > recent </wordcount>
    <wordcount weight="3" > conversations </wordcount>
    <wordcount weight="3" > signals </wordcount>
    <wordcount weight="3" > close </wordcount>
    <wordcount weight="2" > anatomists </wordcount>
    <wordcount weight="2" > rate </wordcount>
    <wordcount weight="2" > o </wordcount>
    <wordcount weight="2" > flow </wordcount>
    <wordcount weight="2" > way </wordcount>
    <wordcount weight="2" > concerned </wordcount>
    <wordcount weight="2" > later </wordcount>
    <wordcount weight="2" > market </wordcount>
    <wordcount weight="2" > counters </wordcount>
    <wordcount weight="2" > regulatory </wordcount>
    <wordcount weight="2" > designed </wordcount>
    <wordcount weight="2" > marcus </wordcount>
    <wordcount weight="2" > modern </wordcount>
    <wordcount weight="2" > protection </wordcount>
    <wordcount weight="2" > encourage </wordcount>
    <wordcount weight="2" > prepayment </wordcount>
    <wordcount weight="2" > anything </wordcount>
    <wordcount weight="2" > lakehead </wordcount>
    <wordcount weight="2" > australia </wordcount>
    <wordcount weight="2" > stipends </wordcount>
    <wordcount weight="2" > utilization </wordcount>
    <wordcount weight="2" > einstein </wordcount>
    <wordcount weight="2" > reach </wordcount>
    <wordcount weight="2" > careers </wordcount>
    <wordcount weight="2" > take </wordcount>
    <wordcount weight="2" > subsequent </wordcount>
    <wordcount weight="2" > biogenic </wordcount>
    <wordcount weight="2" > date </wordcount>
    <wordcount weight="2" > mr </wordcount>
    <wordcount weight="2" > racial </wordcount>
    <wordcount weight="2" > circuits </wordcount>
    <wordcount weight="2" > citizenship </wordcount>
    <wordcount weight="2" > hormone </wordcount>
    <wordcount weight="2" > east </wordcount>
    <wordcount weight="2" > mass </wordcount>
    <wordcount weight="2" > microscopy </wordcount>
    <wordcount weight="2" > pairs </wordcount>
    <wordcount weight="2" > interact </wordcount>
    <wordcount weight="2" > measurement </wordcount>
    <wordcount weight="2" > neural </wordcount>
    <wordcount weight="2" > includes </wordcount>
    <wordcount weight="2" > since </wordcount>
    <wordcount weight="2" > against </wordcount>
    <wordcount weight="2" > price </wordcount>
    <wordcount weight="2" > plasma </wordcount>
    <wordcount weight="2" > roche </wordcount>
    <wordcount weight="2" > subjects </wordcount>
    <wordcount weight="2" > nen </wordcount>
    <wordcount weight="2" > communication </wordcount>
    <wordcount weight="2" > kentucky </wordcount>
    <wordcount weight="2" > mechanism </wordcount>
    <wordcount weight="2" > mechanisms </wordcount>
    <wordcount weight="2" > simultaneous </wordcount>
    <wordcount weight="2" > protosol </wordcount>
    <wordcount weight="2" > unit </wordcount>
    <wordcount weight="2" > neurophysiology </wordcount>
    <wordcount weight="2" > didactic </wordcount>
    <wordcount weight="2" > their </wordcount>
    <wordcount weight="2" > special </wordcount>
    <wordcount weight="2" > possess </wordcount>
    <wordcount weight="2" > deputy </wordcount>
    <wordcount weight="2" > exceptional </wordcount>
    <wordcount weight="2" > antitumor </wordcount>
    <wordcount weight="2" > wanted </wordcount>
    <wordcount weight="2" > organization </wordcount>
    <wordcount weight="2" > familiar </wordcount>
    <wordcount weight="2" > benefits </wordcount>
    <wordcount weight="2" > image </wordcount>
    <wordcount weight="2" > specialization </wordcount>
    <wordcount weight="2" > instrument </wordcount>
    <wordcount weight="2" > viruses </wordcount>
    <wordcount weight="2" > antibodies </wordcount>
    <wordcount weight="2" > wire </wordcount>
    <wordcount weight="2" > ambient </wordcount>
    <wordcount weight="2" > permanent </wordcount>
    <wordcount weight="2" > opening </wordcount>
    <wordcount weight="2" > nominations </wordcount>
    <wordcount weight="2" > p </wordcount>
    <wordcount weight="2" > relating </wordcount>
    <wordcount weight="2" > out </wordcount>
    <wordcount weight="2" > monitoring </wordcount>
    <wordcount weight="2" > before </wordcount>
    <wordcount weight="2" > initial </wordcount>
    <wordcount weight="2" > topics </wordcount>
    <wordcount weight="2" > oklahoma </wordcount>
    <wordcount weight="2" > mediated </wordcount>
    <wordcount weight="2" > inches </wordcount>
    <wordcount weight="2" > persons </wordcount>
    <wordcount weight="2" > meet </wordcount>
    <wordcount weight="2" > scale </wordcount>
    <wordcount weight="2" > procedures </wordcount>
    <wordcount weight="2" > perform </wordcount>
    <wordcount weight="2" > facilities </wordcount>
    <wordcount weight="2" > wide </wordcount>
    <wordcount weight="2" > hopkins </wordcount>
    <wordcount weight="2" > basis </wordcount>
    <wordcount weight="2" > used </wordcount>
    <wordcount weight="2" > tabor </wordcount>
    <wordcount weight="2" > residents </wordcount>
    <wordcount weight="2" > carry </wordcount>
    <wordcount weight="2" > microscopist </wordcount>
    <wordcount weight="2" > civil </wordcount>
    <wordcount weight="2" > reduction </wordcount>
    <wordcount weight="2" > literature </wordcount>
    <wordcount weight="2" > place </wordcount>
    <wordcount weight="2" > people </wordcount>
    <wordcount weight="2" > proliferation </wordcount>
    <wordcount weight="2" > good </wordcount>
    <wordcount weight="2" > start </wordcount>
    <wordcount weight="2" > desires </wordcount>
    <wordcount weight="2" > characteristics </wordcount>
    <wordcount weight="2" > biomedical </wordcount>
    <wordcount weight="2" > membrane </wordcount>
    <wordcount weight="2" > texas </wordcount>
    <wordcount weight="2" > latest </wordcount>
    <wordcount weight="2" > when </wordcount>
    <wordcount weight="2" > up </wordcount>
    <wordcount weight="2" > productivity </wordcount>
    <wordcount weight="2" > pa </wordcount>
    <wordcount weight="2" > inquiries </wordcount>
    <wordcount weight="2" > annum </wordcount>
    <wordcount weight="2" > frederick </wordcount>
    <wordcount weight="2" > synthesis </wordcount>
    <wordcount weight="2" > located </wordcount>
    <wordcount weight="2" > comparative </wordcount>
    <wordcount weight="2" > corporation </wordcount>
    <wordcount weight="2" > albany </wordcount>
    <wordcount weight="2" > administration </wordcount>
    <wordcount weight="2" > above </wordcount>
    <wordcount weight="2" > make </wordcount>
    <wordcount weight="2" > presently </wordcount>
    <wordcount weight="2" > biochemist </wordcount>
    <wordcount weight="2" > fringe </wordcount>
    <wordcount weight="2" > opportunities </wordcount>
    <wordcount weight="2" > read </wordcount>
    <wordcount weight="2" > albert </wordcount>
    <wordcount weight="2" > soon </wordcount>
    <wordcount weight="2" > tourist </wordcount>
    <wordcount weight="2" > carcinogenic </wordcount>
    <wordcount weight="2" > nucleic </wordcount>
    <wordcount weight="2" > pharmacy </wordcount>
    <wordcount weight="2" > specimens </wordcount>
    <wordcount weight="2" > orders </wordcount>
    <wordcount weight="2" > assistance </wordcount>
    <wordcount weight="2" > complete </wordcount>
    <wordcount weight="2" > shock </wordcount>
    <wordcount weight="2" > joint </wordcount>
    <wordcount weight="2" > cyclic </wordcount>
    <wordcount weight="2" > but </wordcount>
    <wordcount weight="2" > regardless </wordcount>
    <wordcount weight="2" > street </wordcount>
    <wordcount weight="2" > toward </wordcount>
    <wordcount weight="2" > others </wordcount>
    <wordcount weight="2" > responsibilities </wordcount>
    <wordcount weight="2" > many </wordcount>
    <wordcount weight="2" > water </wordcount>
    <wordcount weight="2" > end </wordcount>
    <wordcount weight="2" > do </wordcount>
    <wordcount weight="2" > v </wordcount>
    <wordcount weight="2" > present </wordcount>
    <wordcount weight="2" > stony </wordcount>
    <wordcount weight="2" > michael </wordcount>
    <wordcount weight="2" > see </wordcount>
    <wordcount weight="2" > mitochondrial </wordcount>
    <wordcount weight="2" > investigative </wordcount>
    <wordcount weight="2" > microbiologist </wordcount>
    <wordcount weight="2" > ecology </wordcount>
    <wordcount weight="2" > kansas </wordcount>
    <wordcount weight="2" > understanding </wordcount>
    <wordcount weight="2" > wires </wordcount>
    <wordcount weight="2" > host </wordcount>
    <wordcount weight="2" > waste </wordcount>
    <wordcount weight="2" > were </wordcount>
    <wordcount weight="2" > involves </wordcount>
    <wordcount weight="2" > osteopathic </wordcount>
    <wordcount weight="2" > individual </wordcount>
    <wordcount weight="2" > antigens </wordcount>
    <wordcount weight="2" > administrative </wordcount>
    <wordcount weight="2" > connective </wordcount>
    <wordcount weight="2" > structure </wordcount>
    <wordcount weight="2" > january </wordcount>
    <wordcount weight="2" > electronics </wordcount>
    <wordcount weight="2" > solubilizes </wordcount>
    <wordcount weight="2" > road </wordcount>
    <wordcount weight="2" > george </wordcount>
    <wordcount weight="2" > provide </wordcount>
    <wordcount weight="2" > johns </wordcount>
    <wordcount weight="2" > employment </wordcount>
    <wordcount weight="2" > lines </wordcount>
    <wordcount weight="2" > binary </wordcount>
    <wordcount weight="2" > salaries </wordcount>
    <wordcount weight="2" > countries </wordcount>
    <wordcount weight="2" > methods </wordcount>
    <wordcount weight="2" > blood </wordcount>
    <wordcount weight="2" > meant </wordcount>
    <wordcount weight="2" > stable </wordcount>
    <wordcount weight="2" > quantitative </wordcount>
    <wordcount weight="2" > environment </wordcount>
    <wordcount weight="2" > series </wordcount>
    <wordcount weight="2" > economically </wordcount>
    <wordcount weight="2" > soil </wordcount>
    <wordcount weight="2" > nutritional </wordcount>
    <wordcount weight="2" > physical </wordcount>
    <wordcount weight="2" > natural </wordcount>
    <wordcount weight="2" > commission </wordcount>
    <wordcount weight="2" > sampling </wordcount>
    <wordcount weight="2" > histopathology </wordcount>
    <wordcount weight="2" > current </wordcount>
    <wordcount weight="2" > post </wordcount>
    <wordcount weight="2" > hospital </wordcount>
    <wordcount weight="2" > fellows </wordcount>
    <wordcount weight="2" > fulltime </wordcount>
    <wordcount weight="2" > beginning </wordcount>
    <wordcount weight="2" > unique </wordcount>
    <wordcount weight="2" > selected </wordcount>
    <wordcount weight="2" > multidisciplinary </wordcount>
    <wordcount weight="2" > induction </wordcount>
    <wordcount weight="2" > particular </wordcount>
    <wordcount weight="2" > statement </wordcount>
    <wordcount weight="2" > information </wordcount>
    <wordcount weight="2" > psychology </wordcount>
    <wordcount weight="2" > emphasis </wordcount>
    <wordcount weight="2" > virginia </wordcount>
    <wordcount weight="2" > travel </wordcount>
    <wordcount weight="2" > nj </wordcount>
    <wordcount weight="2" > measurements </wordcount>
    <wordcount weight="2" > city </wordcount>
    <wordcount weight="2" > atmospheric </wordcount>
    <wordcount weight="2" > courses </wordcount>
    <wordcount weight="2" > role </wordcount>
    <wordcount weight="2" > easy </wordcount>
    <wordcount weight="2" > chromogenic </wordcount>
    <wordcount weight="2" > simply </wordcount>
    <wordcount weight="2" > interleaved </wordcount>
    <wordcount weight="2" > manufacturing </wordcount>
    <wordcount weight="2" > botany </wordcount>
    <wordcount weight="2" > aspect </wordcount>
    <wordcount weight="2" > precision </wordcount>
    <wordcount weight="2" > pair </wordcount>
    <wordcount weight="2" > until </wordcount>
    <wordcount weight="2" > models </wordcount>
    <wordcount weight="2" > charge </wordcount>
    <wordcount weight="2" > slides </wordcount>
    <wordcount weight="2" > brookhaven </wordcount>
    <wordcount weight="2" > need </wordcount>
    <wordcount weight="2" > radiotherapy </wordcount>
    <wordcount weight="2" > involving </wordcount>
    <wordcount weight="2" > extremely </wordcount>
    <wordcount weight="2" > fine </wordcount>
    <wordcount weight="2" > chicago </wordcount>
    <wordcount weight="2" > develop </wordcount>
    <wordcount weight="2" > patients </wordcount>
    <wordcount weight="2" > detection </wordcount>
    <wordcount weight="2" > building </wordcount>
    <wordcount weight="2" > major </wordcount>
    <wordcount weight="1" > gels </wordcount>
    <wordcount weight="1" > substrates </wordcount>
    <wordcount weight="1" > reseafrch </wordcount>
    <wordcount weight="1" > now </wordcount>
    <wordcount weight="1" > gerald </wordcount>
    <wordcount weight="1" > radioautography </wordcount>
    <wordcount weight="1" > customer </wordcount>
    <wordcount weight="1" > ultrastructural </wordcount>
    <wordcount weight="1" > personally </wordcount>
    <wordcount weight="1" > page </wordcount>
    <wordcount weight="1" > oriented </wordcount>
    <wordcount weight="1" > technician </wordcount>
    <wordcount weight="1" > common </wordcount>
    <wordcount weight="1" > if </wordcount>
    <wordcount weight="1" > lipid </wordcount>
    <wordcount weight="1" > anthony </wordcount>
    <wordcount weight="1" > substances </wordcount>
    <wordcount weight="1" > created </wordcount>
    <wordcount weight="1" > dalton </wordcount>
    <wordcount weight="1" > resulted </wordcount>
    <wordcount weight="1" > determine </wordcount>
    <wordcount weight="1" > busy </wordcount>
    <wordcount weight="1" > cns </wordcount>
    <wordcount weight="1" > mountains </wordcount>
    <wordcount weight="1" > designer </wordcount>
    <wordcount weight="1" > surks </wordcount>
    <wordcount weight="1" > germany </wordcount>
    <wordcount weight="1" > fluorescent </wordcount>
    <wordcount weight="1" > screening </wordcount>
    <wordcount weight="1" > agency </wordcount>
    <wordcount weight="1" > ample </wordcount>
    <wordcount weight="1" > referring </wordcount>
    <wordcount weight="1" > formed </wordcount>
    <wordcount weight="1" > uniquely </wordcount>
    <wordcount weight="1" > specialist </wordcount>
    <wordcount weight="1" > h </wordcount>
    <wordcount weight="1" > competence </wordcount>
    <wordcount weight="1" > discriminate </wordcount>
    <wordcount weight="1" > park </wordcount>
    <wordcount weight="1" > ms </wordcount>
    <wordcount weight="1" > trace </wordcount>
    <wordcount weight="1" > rangiora </wordcount>
    <wordcount weight="1" > vivo </wordcount>
    <wordcount weight="1" > committee </wordcount>
    <wordcount weight="1" > ian </wordcount>
    <wordcount weight="1" > history </wordcount>
    <wordcount weight="1" > originality </wordcount>
    <wordcount weight="1" > total </wordcount>
    <wordcount weight="1" > physicians </wordcount>
    <wordcount weight="1" > autoimmune </wordcount>
    <wordcount weight="1" > dreamer </wordcount>
    <wordcount weight="1" > superannuation </wordcount>
    <wordcount weight="1" > stochastic </wordcount>
    <wordcount weight="1" > eye </wordcount>
    <wordcount weight="1" > pioneers </wordcount>
    <wordcount weight="1" > qualification </wordcount>
    <wordcount weight="1" > materials </wordcount>
    <wordcount weight="1" > contexts </wordcount>
    <wordcount weight="1" > pathobiology </wordcount>
    <wordcount weight="1" > being </wordcount>
    <wordcount weight="1" > member </wordcount>
    <wordcount weight="1" > priced </wordcount>
    <wordcount weight="1" > either </wordcount>
    <wordcount weight="1" > provision </wordcount>
    <wordcount weight="1" > sources </wordcount>
    <wordcount weight="1" > davis </wordcount>
    <wordcount weight="1" > every </wordcount>
    <wordcount weight="1" > drugs </wordcount>
    <wordcount weight="1" > contingent </wordcount>
    <wordcount weight="1" > originally </wordcount>
    <wordcount weight="1" > give </wordcount>
    <wordcount weight="1" > innovations </wordcount>
    <wordcount weight="1" > abound </wordcount>
    <wordcount weight="1" > rapid </wordcount>
    <wordcount weight="1" > secretary </wordcount>
    <wordcount weight="1" > cardiology </wordcount>
    <wordcount weight="1" > assist </wordcount>
    <wordcount weight="1" > progression </wordcount>
    <wordcount weight="1" > anywhere </wordcount>
    <wordcount weight="1" > tuition </wordcount>
    <wordcount weight="1" > variables </wordcount>
    <wordcount weight="1" > england </wordcount>
    <wordcount weight="1" > diseases </wordcount>
    <wordcount weight="1" > chemicals </wordcount>
    <wordcount weight="1" > experiments </wordcount>
    <wordcount weight="1" > words </wordcount>
    <wordcount weight="1" > dramatically </wordcount>
    <wordcount weight="1" > saves </wordcount>
    <wordcount weight="1" > principles </wordcount>
    <wordcount weight="1" > attractive </wordcount>
    <wordcount weight="1" > leading </wordcount>
    <wordcount weight="1" > explores </wordcount>
    <wordcount weight="1" > secondary </wordcount>
    <wordcount weight="1" > prepaid </wordcount>
    <wordcount weight="1" > sedimentation </wordcount>
    <wordcount weight="1" > together </wordcount>
    <wordcount weight="1" > accompanied </wordcount>
    <wordcount weight="1" > deadline </wordcount>
    <wordcount weight="1" > battery </wordcount>
    <wordcount weight="1" > compounds </wordcount>
    <wordcount weight="1" > areat </wordcount>
    <wordcount weight="1" > readout </wordcount>
    <wordcount weight="1" > blind </wordcount>
    <wordcount weight="1" > achievement </wordcount>
    <wordcount weight="1" > polymers </wordcount>
    <wordcount weight="1" > studied </wordcount>
    <wordcount weight="1" > aircraft </wordcount>
    <wordcount weight="1" > transferred </wordcount>
    <wordcount weight="1" > procedure </wordcount>
    <wordcount weight="1" > products </wordcount>
    <wordcount weight="1" > assays </wordcount>
    <wordcount weight="1" > evolving </wordcount>
    <wordcount weight="1" > feature </wordcount>
    <wordcount weight="1" > folding </wordcount>
    <wordcount weight="1" > precisely </wordcount>
    <wordcount weight="1" > situ </wordcount>
    <wordcount weight="1" > access </wordcount>
    <wordcount weight="1" > platforms </wordcount>
    <wordcount weight="1" > investigations </wordcount>
    <wordcount weight="1" > coordinated </wordcount>
    <wordcount weight="1" > committed </wordcount>
    <wordcount weight="1" > sheet </wordcount>
    <wordcount weight="1" > elucidating </wordcount>
    <wordcount weight="1" > designs </wordcount>
    <wordcount weight="1" > growing </wordcount>
    <wordcount weight="1" > evaluation </wordcount>
    <wordcount weight="1" > microspheres </wordcount>
    <wordcount weight="1" > takes </wordcount>
    <wordcount weight="1" > resumes </wordcount>
    <wordcount weight="1" > ipositions </wordcount>
    <wordcount weight="1" > autofocus </wordcount>
    <wordcount weight="1" > capacity </wordcount>
    <wordcount weight="1" > matthew </wordcount>
    <wordcount weight="1" > expenses </wordcount>
    <wordcount weight="1" > advisory </wordcount>
    <wordcount weight="1" > addresses </wordcount>
    <wordcount weight="1" > ultra </wordcount>
    <wordcount weight="1" > commencement </wordcount>
    <wordcount weight="1" > placement </wordcount>
    <wordcount weight="1" > therapeutic </wordcount>
    <wordcount weight="1" > opened </wordcount>
    <wordcount weight="1" > miniature </wordcount>
    <wordcount weight="1" > sublethal </wordcount>
    <wordcount weight="1" > lifetime </wordcount>
    <wordcount weight="1" > cooperation </wordcount>
    <wordcount weight="1" > concentrating </wordcount>
    <wordcount weight="1" > recommendations </wordcount>
    <wordcount weight="1" > tagged </wordcount>
    <wordcount weight="1" > sheathed </wordcount>
    <wordcount weight="1" > reply </wordcount>
    <wordcount weight="1" > reappointment </wordcount>
    <wordcount weight="1" > establishing </wordcount>
    <wordcount weight="1" > october </wordcount>
    <wordcount weight="1" > regenerated </wordcount>
    <wordcount weight="1" > bibliography </wordcount>
    <wordcount weight="1" > greene </wordcount>
    <wordcount weight="1" > advantageous </wordcount>
    <wordcount weight="1" > investigator </wordcount>
    <wordcount weight="1" > terence </wordcount>
    <wordcount weight="1" > measuring </wordcount>
    <wordcount weight="1" > implantation </wordcount>
    <wordcount weight="1" > unify </wordcount>
    <wordcount weight="1" > gingival </wordcount>
    <wordcount weight="1" > prenatal </wordcount>
    <wordcount weight="1" > representing </wordcount>
    <wordcount weight="1" > correlation </wordcount>
    <wordcount weight="1" > demanded </wordcount>
    <wordcount weight="1" > chronic </wordcount>
    <wordcount weight="1" > sepsis </wordcount>
    <wordcount weight="1" > lymphocyte </wordcount>
    <wordcount weight="1" > collection </wordcount>
    <wordcount weight="1" > reliably </wordcount>
    <wordcount weight="1" > wherever </wordcount>
    <wordcount weight="1" > drosophila </wordcount>
    <wordcount weight="1" > central </wordcount>
    <wordcount weight="1" > vl </wordcount>
    <wordcount weight="1" > auckland </wordcount>
    <wordcount weight="1" > centralized </wordcount>
    <wordcount weight="1" > insulin </wordcount>
    <wordcount weight="1" > oxidase </wordcount>
    <wordcount weight="1" > relocation </wordcount>
    <wordcount weight="1" > relationships </wordcount>
    <wordcount weight="1" > oceanography </wordcount>
    <wordcount weight="1" > vigorous </wordcount>
    <wordcount weight="1" > antibacterial </wordcount>
    <wordcount weight="1" > lombard </wordcount>
    <wordcount weight="1" > pilot </wordcount>
    <wordcount weight="1" > vacancy </wordcount>
    <wordcount weight="1" > computerized </wordcount>
    <wordcount weight="1" > backgrounds </wordcount>
    <wordcount weight="1" > objective </wordcount>
    <wordcount weight="1" > g </wordcount>
    <wordcount weight="1" > keele </wordcount>
    <wordcount weight="1" > dia </wordcount>
    <wordcount weight="1" > allure </wordcount>
    <wordcount weight="1" > santa </wordcount>
    <wordcount weight="1" > hematopoiesis </wordcount>
    <wordcount weight="1" > participating </wordcount>
    <wordcount weight="1" > conducted </wordcount>
    <wordcount weight="1" > hematopoietive </wordcount>
    <wordcount weight="1" > neurophysiologist </wordcount>
    <wordcount weight="1" > ds </wordcount>
    <wordcount weight="1" > topic </wordcount>
    <wordcount weight="1" > mild </wordcount>
    <wordcount weight="1" > digestive </wordcount>
    <wordcount weight="1" > progressive </wordcount>
    <wordcount weight="1" > adjustment </wordcount>
    <wordcount weight="1" > elements </wordcount>
    <wordcount weight="1" > interim </wordcount>
    <wordcount weight="1" > bay </wordcount>
    <wordcount weight="1" > times </wordcount>
    <wordcount weight="1" > radioimmunoassay </wordcount>
    <wordcount weight="1" > concerning </wordcount>
    <wordcount weight="1" > radioimmunoassays </wordcount>
    <wordcount weight="1" > glutamine </wordcount>
    <wordcount weight="1" > response </wordcount>
    <wordcount weight="1" > postdoctorate </wordcount>
    <wordcount weight="1" > deadliie </wordcount>
    <wordcount weight="1" > effective </wordcount>
    <wordcount weight="1" > graduatelevel </wordcount>
    <wordcount weight="1" > accreditation </wordcount>
    <wordcount weight="1" > employers </wordcount>
    <wordcount weight="1" > find </wordcount>
    <wordcount weight="1" > theoreticians </wordcount>
    <wordcount weight="1" > storage </wordcount>
    <wordcount weight="1" > student </wordcount>
    <wordcount weight="1" > practically </wordcount>
    <wordcount weight="1" > observatory </wordcount>
    <wordcount weight="1" > educators </wordcount>
    <wordcount weight="1" > immunity </wordcount>
    <wordcount weight="1" > aquarius </wordcount>
    <wordcount weight="1" > ma </wordcount>
    <wordcount weight="1" > rates </wordcount>
    <wordcount weight="1" > alarm </wordcount>
    <wordcount weight="1" > perfect </wordcount>
    <wordcount weight="1" > impartial </wordcount>
    <wordcount weight="1" > higher </wordcount>
    <wordcount weight="1" > collagen </wordcount>
    <wordcount weight="1" > via </wordcount>
    <wordcount weight="1" > sample </wordcount>
    <wordcount weight="1" > immunologically </wordcount>
    <wordcount weight="1" > acid </wordcount>
    <wordcount weight="1" > his </wordcount>
    <wordcount weight="1" > bring </wordcount>
    <wordcount weight="1" > growth </wordcount>
    <wordcount weight="1" > december </wordcount>
    <wordcount weight="1" > radiobiologist </wordcount>
    <wordcount weight="1" > neurochemist </wordcount>
    <wordcount weight="1" > stop </wordcount>
    <wordcount weight="1" > freezers </wordcount>
    <wordcount weight="1" > transmits </wordcount>
    <wordcount weight="1" > nci </wordcount>
    <wordcount weight="1" > irwin </wordcount>
    <wordcount weight="1" > electrodes </wordcount>
    <wordcount weight="1" > process </wordcount>
    <wordcount weight="1" > pinpoint </wordcount>
    <wordcount weight="1" > regulators </wordcount>
    <wordcount weight="1" > lao </wordcount>
    <wordcount weight="1" > mile </wordcount>
    <wordcount weight="1" > talk </wordcount>
    <wordcount weight="1" > lymphopoiesis </wordcount>
    <wordcount weight="1" > recently </wordcount>
    <wordcount weight="1" > serial </wordcount>
    <wordcount weight="1" > contributions </wordcount>
    <wordcount weight="1" > aquatic </wordcount>
    <wordcount weight="1" > k </wordcount>
    <wordcount weight="1" > cave </wordcount>
    <wordcount weight="1" > retail </wordcount>
    <wordcount weight="1" > summarized </wordcount>
    <wordcount weight="1" > aerosols </wordcount>
    <wordcount weight="1" > productive </wordcount>
    <wordcount weight="1" > animals </wordcount>
    <wordcount weight="1" > altitude </wordcount>
    <wordcount weight="1" > qualify </wordcount>
    <wordcount weight="1" > microscope </wordcount>
    <wordcount weight="1" > plus </wordcount>
    <wordcount weight="1" > biosynthesis </wordcount>
    <wordcount weight="1" > fast </wordcount>
    <wordcount weight="1" > statistical </wordcount>
    <wordcount weight="1" > sick </wordcount>
    <wordcount weight="1" > liberal </wordcount>
    <wordcount weight="1" > invite </wordcount>
    <wordcount weight="1" > biostatistics </wordcount>
    <wordcount weight="1" > days </wordcount>
    <wordcount weight="1" > dartmouth </wordcount>
    <wordcount weight="1" > completion </wordcount>
    <wordcount weight="1" > receiving </wordcount>
    <wordcount weight="1" > jersey </wordcount>
    <wordcount weight="1" > characterizations </wordcount>
    <wordcount weight="1" > encodes </wordcount>
    <wordcount weight="1" > too </wordcount>
    <wordcount weight="1" > profile </wordcount>
    <wordcount weight="1" > upper </wordcount>
    <wordcount weight="1" > orientation </wordcount>
    <wordcount weight="1" > cytophotometry </wordcount>
    <wordcount weight="1" > neurophysin </wordcount>
    <wordcount weight="1" > operate </wordcount>
    <wordcount weight="1" > additional </wordcount>
    <wordcount weight="1" > cholinergic </wordcount>
    <wordcount weight="1" > dept </wordcount>
    <wordcount weight="1" > beyond </wordcount>
    <wordcount weight="1" > requested </wordcount>
    <wordcount weight="1" > efficient </wordcount>
    <wordcount weight="1" > nucleotides </wordcount>
    <wordcount weight="1" > billing </wordcount>
    <wordcount weight="1" > mo </wordcount>
    <wordcount weight="1" > hardware </wordcount>
    <wordcount weight="1" > opinion </wordcount>
    <wordcount weight="1" > preference </wordcount>
    <wordcount weight="1" > gametes </wordcount>
    <wordcount weight="1" > receptor </wordcount>
    <wordcount weight="1" > retirement </wordcount>
    <wordcount weight="1" > fluid </wordcount>
    <wordcount weight="1" > conflicts </wordcount>
    <wordcount weight="1" > graduates </wordcount>
    <wordcount weight="1" > universiy </wordcount>
    <wordcount weight="1" > ranges </wordcount>
    <wordcount weight="1" > uses </wordcount>
    <wordcount weight="1" > result </wordcount>
    <wordcount weight="1" > closely </wordcount>
    <wordcount weight="1" > oxygenases </wordcount>
    <wordcount weight="1" > whom </wordcount>
    <wordcount weight="1" > identifying </wordcount>
    <wordcount weight="1" > location </wordcount>
    <wordcount weight="1" > transmission </wordcount>
    <wordcount weight="1" > discount </wordcount>
    <wordcount weight="1" > encoding </wordcount>
    <wordcount weight="1" > color </wordcount>
    <wordcount weight="1" > pulse </wordcount>
    <wordcount weight="1" > missouri </wordcount>
    <wordcount weight="1" > virologist </wordcount>
    <wordcount weight="1" > objectives </wordcount>
    <wordcount weight="1" > issue </wordcount>
    <wordcount weight="1" > international </wordcount>
    <wordcount weight="1" > relate </wordcount>
    <wordcount weight="1" > carolina </wordcount>
    <wordcount weight="1" > disorders </wordcount>
    <wordcount weight="1" > regenerator </wordcount>
    <wordcount weight="1" > neurotransmitters </wordcount>
    <wordcount weight="1" > montefiore </wordcount>
    <wordcount weight="1" > illuminated </wordcount>
    <wordcount weight="1" > accompany </wordcount>
    <wordcount weight="1" > electrochemistry </wordcount>
    <wordcount weight="1" > liver </wordcount>
    <wordcount weight="1" > late </wordcount>
    <wordcount weight="1" > circulation </wordcount>
    <wordcount weight="1" > accurately </wordcount>
    <wordcount weight="1" > meter </wordcount>
    <wordcount weight="1" > caves </wordcount>
    <wordcount weight="1" > tm </wordcount>
    <wordcount weight="1" > cutaneous </wordcount>
    <wordcount weight="1" > hippocampus </wordcount>
    <wordcount weight="1" > systemsthe </wordcount>
    <wordcount weight="1" > sperm </wordcount>
    <wordcount weight="1" > companies </wordcount>
    <wordcount weight="1" > promise </wordcount>
    <wordcount weight="1" > energy </wordcount>
    <wordcount weight="1" > russell </wordcount>
    <wordcount weight="1" > physicist </wordcount>
    <wordcount weight="1" > virus </wordcount>
    <wordcount weight="1" > somatic </wordcount>
    <wordcount weight="1" > criteria </wordcount>
    <wordcount weight="1" > transcription </wordcount>
    <wordcount weight="1" > commitments </wordcount>
    <wordcount weight="1" > specifically </wordcount>
    <wordcount weight="1" > participation </wordcount>
    <wordcount weight="1" > network </wordcount>
    <wordcount weight="1" > competent </wordcount>
    <wordcount weight="1" > degrees </wordcount>
    <wordcount weight="1" > nomination </wordcount>
    <wordcount weight="1" > makers </wordcount>
    <wordcount weight="1" > douglas </wordcount>
    <wordcount weight="1" > coaxial </wordcount>
    <wordcount weight="1" > already </wordcount>
    <wordcount weight="1" > tool </wordcount>
    <wordcount weight="1" > even </wordcount>
    <wordcount weight="1" > nearest </wordcount>
    <wordcount weight="1" > brought </wordcount>
    <wordcount weight="1" > characterization </wordcount>
    <wordcount weight="1" > advancement </wordcount>
    <wordcount weight="1" > discusses </wordcount>
    <wordcount weight="1" > calls </wordcount>
    <wordcount weight="1" > baylor </wordcount>
    <wordcount weight="1" > esp </wordcount>
    <wordcount weight="1" > coded </wordcount>
    <wordcount weight="1" > interleaving </wordcount>
    <wordcount weight="1" > tenure </wordcount>
    <wordcount weight="1" > touching </wordcount>
    <wordcount weight="1" > its </wordcount>
    <wordcount weight="1" > newest </wordcount>
    <wordcount weight="1" > bioengineer </wordcount>
    <wordcount weight="1" > ecologist </wordcount>
    <wordcount weight="1" > honors </wordcount>
    <wordcount weight="1" > whole </wordcount>
    <wordcount weight="1" > q </wordcount>
    <wordcount weight="1" > fit </wordcount>
    <wordcount weight="1" > slide </wordcount>
    <wordcount weight="1" > policies </wordcount>
    <wordcount weight="1" > probes </wordcount>
    <wordcount weight="1" > mathematical </wordcount>
    <wordcount weight="1" > naim </wordcount>
    <wordcount weight="1" > cubic </wordcount>
    <wordcount weight="1" > institution </wordcount>
    <wordcount weight="1" > sensibility </wordcount>
    <wordcount weight="1" > entails </wordcount>
    <wordcount weight="1" > endocrine </wordcount>
    <wordcount weight="1" > capacities </wordcount>
    <wordcount weight="1" > preparation </wordcount>
    <wordcount weight="1" > thunder </wordcount>
    <wordcount weight="1" > smallest </wordcount>
    <wordcount weight="1" > biofeedback </wordcount>
    <wordcount weight="1" > challenging </wordcount>
    <wordcount weight="1" > professorship </wordcount>
    <wordcount weight="1" > immunologic </wordcount>
    <wordcount weight="1" > transmit </wordcount>
    <wordcount weight="1" > drug </wordcount>
    <wordcount weight="1" > correction </wordcount>
    <wordcount weight="1" > weeks </wordcount>
    <wordcount weight="1" > towards </wordcount>
    <wordcount weight="1" > sampled </wordcount>
    <wordcount weight="1" > approach </wordcount>
    <wordcount weight="1" > t </wordcount>
    <wordcount weight="1" > pollution </wordcount>
    <wordcount weight="1" > speleological </wordcount>
    <wordcount weight="1" > detailed </wordcount>
    <wordcount weight="1" > subspecialty </wordcount>
    <wordcount weight="1" > change </wordcount>
    <wordcount weight="1" > least </wordcount>
    <wordcount weight="1" > nyc </wordcount>
    <wordcount weight="1" > useful </wordcount>
    <wordcount weight="1" > jesse </wordcount>
    <wordcount weight="1" > lowest </wordcount>
    <wordcount weight="1" > heinz </wordcount>
    <wordcount weight="1" > things </wordcount>
    <wordcount weight="1" > reliable </wordcount>
    <wordcount weight="1" > electrophysiology </wordcount>
    <wordcount weight="1" > order </wordcount>
    <wordcount weight="1" > tenn </wordcount>
    <wordcount weight="1" > sharp </wordcount>
    <wordcount weight="1" > flowsystems </wordcount>
    <wordcount weight="1" > autopsy </wordcount>
    <wordcount weight="1" > gases </wordcount>
    <wordcount weight="1" > tuned </wordcount>
    <wordcount weight="1" > several </wordcount>
    <wordcount weight="1" > specificity </wordcount>
    <wordcount weight="1" > lymphoid </wordcount>
    <wordcount weight="1" > purdue </wordcount>
    <wordcount weight="1" > smithsonian </wordcount>
    <wordcount weight="1" > invaluable </wordcount>
    <wordcount weight="1" > vacuum </wordcount>
    <wordcount weight="1" > climate </wordcount>
    <wordcount weight="1" > impossible </wordcount>
    <wordcount weight="1" > gradient </wordcount>
    <wordcount weight="1" > fully </wordcount>
    <wordcount weight="1" > annual </wordcount>
    <wordcount weight="1" > through </wordcount>
    <wordcount weight="1" > st </wordcount>
    <wordcount weight="1" > antibody </wordcount>
    <wordcount weight="1" > resistance </wordcount>
    <wordcount weight="1" > correspondence </wordcount>
    <wordcount weight="1" > cycle </wordcount>
    <wordcount weight="1" > structured </wordcount>
    <wordcount weight="1" > undergoing </wordcount>
    <wordcount weight="1" > provided </wordcount>
    <wordcount weight="1" > value </wordcount>
    <wordcount weight="1" > laroche </wordcount>
    <wordcount weight="1" > newly </wordcount>
    <wordcount weight="1" > sypherd </wordcount>
    <wordcount weight="1" > fluorochromes </wordcount>
    <wordcount weight="1" > valuable </wordcount>
    <wordcount weight="1" > biophysics </wordcount>
    <wordcount weight="1" > enjoy </wordcount>
    <wordcount weight="1" > incumbent </wordcount>
    <wordcount weight="1" > fiberglass </wordcount>
    <wordcount weight="1" > perinatal </wordcount>
    <wordcount weight="1" > monkeys </wordcount>
    <wordcount weight="1" > awards </wordcount>
    <wordcount weight="1" > faithfully </wordcount>
    <wordcount weight="1" > morphology </wordcount>
    <wordcount weight="1" > critical </wordcount>
    <wordcount weight="1" > naming </wordcount>
    <wordcount weight="1" > asset </wordcount>
    <wordcount weight="1" > film </wordcount>
    <wordcount weight="1" > he </wordcount>
    <wordcount weight="1" > demand </wordcount>
    <wordcount weight="1" > contact </wordcount>
    <wordcount weight="1" > certified </wordcount>
    <wordcount weight="1" > populations </wordcount>
    <wordcount weight="1" > lynn </wordcount>
    <wordcount weight="1" > nosepiece </wordcount>
    <wordcount weight="1" > short </wordcount>
    <wordcount weight="1" > melbourne </wordcount>
    <wordcount weight="1" > aerosol </wordcount>
    <wordcount weight="1" > minority </wordcount>
    <wordcount weight="1" > fruit </wordcount>
    <wordcount weight="1" > april </wordcount>
    <wordcount weight="1" > positioned </wordcount>
    <wordcount weight="1" > decoded </wordcount>
    <wordcount weight="1" > intervention </wordcount>
    <wordcount weight="1" > stellar </wordcount>
    <wordcount weight="1" > expanded </wordcount>
    <wordcount weight="1" > interactions </wordcount>
    <wordcount weight="1" > sponsored </wordcount>
    <wordcount weight="1" > initially </wordcount>
    <wordcount weight="1" > hold </wordcount>
    <wordcount weight="1" > direction </wordcount>
    <wordcount weight="1" > engineering </wordcount>
    <wordcount weight="1" > acrosomes </wordcount>
    <wordcount weight="1" > once </wordcount>
    <wordcount weight="1" > communities </wordcount>
    <wordcount weight="1" > immunobiology </wordcount>
    <wordcount weight="1" > competition </wordcount>
    <wordcount weight="1" > resolution </wordcount>
    <wordcount weight="1" > reference </wordcount>
    <wordcount weight="1" > immunopathologists </wordcount>
    <wordcount weight="1" > represents </wordcount>
    <wordcount weight="1" > cawthron </wordcount>
    <wordcount weight="1" > pp </wordcount>
    <wordcount weight="1" > waitomo </wordcount>
    <wordcount weight="1" > index </wordcount>
    <wordcount weight="1" > informal </wordcount>
    <wordcount weight="1" > light </wordcount>
    <wordcount weight="1" > corp </wordcount>
    <wordcount weight="1" > endocrinologist </wordcount>
    <wordcount weight="1" > accelerated </wordcount>
    <wordcount weight="1" > potential </wordcount>
    <wordcount weight="1" > only </wordcount>
    <wordcount weight="1" > irvine </wordcount>
    <wordcount weight="1" > conservation </wordcount>
    <wordcount weight="1" > picture </wordcount>
    <wordcount weight="1" > double </wordcount>
    <wordcount weight="1" > leader </wordcount>
    <wordcount weight="1" > phillip </wordcount>
    <wordcount weight="1" > ind </wordcount>
    <wordcount weight="1" > book </wordcount>
    <wordcount weight="1" > polyacrylamide </wordcount>
    <wordcount weight="1" > request </wordcount>
    <wordcount weight="1" > coronal </wordcount>
    <wordcount weight="1" > genecology </wordcount>
    <wordcount weight="1" > ontario </wordcount>
    <wordcount weight="1" > cable </wordcount>
    <wordcount weight="1" > ask </wordcount>
    <wordcount weight="1" > projects </wordcount>
    <wordcount weight="1" > designing </wordcount>
    <wordcount weight="1" > headquarters </wordcount>
    <wordcount weight="1" > conductors </wordcount>
    <wordcount weight="1" > fact </wordcount>
    <wordcount weight="1" > faster </wordcount>
    <wordcount weight="1" > closerwith </wordcount>
    <wordcount weight="1" > consideration </wordcount>
    <wordcount weight="1" > gel </wordcount>
    <wordcount weight="1" > minnesota </wordcount>
    <wordcount weight="1" > departments </wordcount>
    <wordcount weight="1" > utilizing </wordcount>
    <wordcount weight="1" > intended </wordcount>
    <wordcount weight="1" > lethbridge </wordcount>
    <wordcount weight="1" > ilam </wordcount>
    <wordcount weight="1" > break </wordcount>
    <wordcount weight="1" > diverse </wordcount>
    <wordcount weight="1" > john </wordcount>
    <wordcount weight="1" > outgoing </wordcount>
    <wordcount weight="1" > junior </wordcount>
    <wordcount weight="1" > prostaglandin </wordcount>
    <wordcount weight="1" > forms </wordcount>
    <wordcount weight="1" > reproductive </wordcount>
    <wordcount weight="1" > geography </wordcount>
    <wordcount weight="1" > corps </wordcount>
    <wordcount weight="1" > advising </wordcount>
    <wordcount weight="1" > where </wordcount>
    <wordcount weight="1" > innovative </wordcount>
    <wordcount weight="1" > skylab </wordcount>
    <wordcount weight="1" > respiratory </wordcount>
    <wordcount weight="1" > timing </wordcount>
    <wordcount weight="1" > accepted </wordcount>
    <wordcount weight="1" > suburb </wordcount>
    <wordcount weight="1" > less </wordcount>
    <wordcount weight="1" > wave </wordcount>
    <wordcount weight="1" > scholarships </wordcount>
    <wordcount weight="1" > origin </wordcount>
    <wordcount weight="1" > agencies </wordcount>
    <wordcount weight="1" > distills </wordcount>
    <wordcount weight="1" > nihsupported </wordcount>
    <wordcount weight="1" > hamilton </wordcount>
    <wordcount weight="1" > guarantees </wordcount>
    <wordcount weight="1" > openlos </wordcount>
    <wordcount weight="1" > stipend </wordcount>
    <wordcount weight="1" > transparent </wordcount>
    <wordcount weight="1" > thoroughly </wordcount>
    <wordcount weight="1" > recreational </wordcount>
    <wordcount weight="1" > oncornaviruses </wordcount>
    <wordcount weight="1" > summers </wordcount>
    <wordcount weight="1" > private </wordcount>
    <wordcount weight="1" > tagging </wordcount>
    <wordcount weight="1" > carcinogenesis </wordcount>
    <wordcount weight="1" > coherent </wordcount>
    <wordcount weight="1" > indiana </wordcount>
    <wordcount weight="1" > cryogenic </wordcount>
    <wordcount weight="1" > discovery </wordcount>
    <wordcount weight="1" > completed </wordcount>
    <wordcount weight="1" > scheme </wordcount>
    <wordcount weight="1" > instructor </wordcount>
    <wordcount weight="1" > fluorometry </wordcount>
    <wordcount weight="1" > enzymology </wordcount>
    <wordcount weight="1" > nucleicacid </wordcount>
    <wordcount weight="1" > increase </wordcount>
    <wordcount weight="1" > top </wordcount>
    <wordcount weight="1" > scherago </wordcount>
    <wordcount weight="1" > lecture </wordcount>
    <wordcount weight="1" > confidence </wordcount>
    <wordcount weight="1" > honours </wordcount>
    <wordcount weight="1" > exciting </wordcount>
    <wordcount weight="1" > clockwork </wordcount>
    <wordcount weight="1" > sequence </wordcount>
    <wordcount weight="1" > bed </wordcount>
    <wordcount weight="1" > net </wordcount>
    <wordcount weight="1" > amplitude </wordcount>
    <wordcount weight="1" > option </wordcount>
    <wordcount weight="1" > office </wordcount>
    <wordcount weight="1" > recruitment </wordcount>
    <wordcount weight="1" > initiatives </wordcount>
    <wordcount weight="1" > theoretical </wordcount>
    <wordcount weight="1" > specimen </wordcount>
    <wordcount weight="1" > pattern </wordcount>
    <wordcount weight="1" > bacterial </wordcount>
    <wordcount weight="1" > polymeric </wordcount>
    <wordcount weight="1" > laboratories </wordcount>
    <wordcount weight="1" > anethesiology </wordcount>
    <wordcount weight="1" > stress </wordcount>
    <wordcount weight="1" > welcomed </wordcount>
    <wordcount weight="1" > comprehensive </wordcount>
    <wordcount weight="1" > peripheral </wordcount>
    <wordcount weight="1" > damage </wordcount>
    <wordcount weight="1" > maintenance </wordcount>
    <wordcount weight="1" > cartilage </wordcount>
    <wordcount weight="1" > counter </wordcount>
    <wordcount weight="1" > insulating </wordcount>
    <wordcount weight="1" > david </wordcount>
    <wordcount weight="1" > physics </wordcount>
    <wordcount weight="1" > allowed </wordcount>
    <wordcount weight="1" > genetics </wordcount>
    <wordcount weight="1" > helpful </wordcount>
    <wordcount weight="1" > mimimum </wordcount>
    <wordcount weight="1" > wish </wordcount>
    <wordcount weight="1" > period </wordcount>
    <wordcount weight="1" > so </wordcount>
    <wordcount weight="1" > fellow </wordcount>
    <wordcount weight="1" > summer </wordcount>
    <wordcount weight="1" > mexico </wordcount>
    <wordcount weight="1" > ratings </wordcount>
    <wordcount weight="1" > devise </wordcount>
    <wordcount weight="1" > accurate </wordcount>
    <wordcount weight="1" > keen </wordcount>
    <wordcount weight="1" > renewal </wordcount>
    <wordcount weight="1" > standard </wordcount>
    <wordcount weight="1" > billed </wordcount>
    <wordcount weight="1" > nucleotide </wordcount>
    <wordcount weight="1" > predoctoral </wordcount>
    <wordcount weight="1" > duane </wordcount>
    <wordcount weight="1" > fertilization </wordcount>
    <wordcount weight="1" > uwestern </wordcount>
    <wordcount weight="1" > waiver </wordcount>
    <wordcount weight="1" > especially </wordcount>
    <wordcount weight="1" > facing </wordcount>
    <wordcount weight="1" > probe </wordcount>
    <wordcount weight="1" > feet </wordcount>
    <wordcount weight="1" > assures </wordcount>
    <wordcount weight="1" > toxicity </wordcount>
    <wordcount weight="1" > plans </wordcount>
    <wordcount weight="1" > ann </wordcount>
    <wordcount weight="1" > aaas </wordcount>
    <wordcount weight="1" > concepts </wordcount>
    <wordcount weight="1" > aclam </wordcount>
    <wordcount weight="1" > capabilities </wordcount>
    <wordcount weight="1" > preand </wordcount>
    <wordcount weight="1" > sept </wordcount>
    <wordcount weight="1" > northern </wordcount>
    <wordcount weight="1" > hippocampal </wordcount>
    <wordcount weight="1" > workshop </wordcount>
    <wordcount weight="1" > commence </wordcount>
    <wordcount weight="1" > enzymes </wordcount>
    <wordcount weight="1" > bioelectronics </wordcount>
    <wordcount weight="1" > mgr </wordcount>
    <wordcount weight="1" > dvm </wordcount>
    <wordcount weight="1" > quarter </wordcount>
    <wordcount weight="1" > chemist </wordcount>
    <wordcount weight="1" > achieve </wordcount>
    <wordcount weight="1" > specialties </wordcount>
    <wordcount weight="1" > applies </wordcount>
    <wordcount weight="1" > examines </wordcount>
    <wordcount weight="1" > mail </wordcount>
    <wordcount weight="1" > increasing </wordcount>
    <wordcount weight="1" > solar </wordcount>
    <wordcount weight="1" > farm </wordcount>
    <wordcount weight="1" > manner </wordcount>
    <wordcount weight="1" > dealing </wordcount>
    <wordcount weight="1" > rdsume </wordcount>
    <wordcount weight="1" > carried </wordcount>
    <wordcount weight="1" > telephone </wordcount>
    <wordcount weight="1" > pediatric </wordcount>
    <wordcount weight="1" > replies </wordcount>
    <wordcount weight="1" > states </wordcount>
    <wordcount weight="1" > lectureship </wordcount>
    <wordcount weight="1" > saliva </wordcount>
    <wordcount weight="1" > holes </wordcount>
    <wordcount weight="1" > today </wordcount>
    <wordcount weight="1" > transformations </wordcount>
    <wordcount weight="1" > continued </wordcount>
    <wordcount weight="1" > recreate </wordcount>
    <wordcount weight="1" > five </wordcount>
    <wordcount weight="1" > foreign </wordcount>
    <wordcount weight="1" > nh </wordcount>
    <wordcount weight="1" > euv </wordcount>
    <wordcount weight="1" > traineeship </wordcount>
    <wordcount weight="1" > biopsy </wordcount>
    <wordcount weight="1" > reticuloendothelial </wordcount>
    <wordcount weight="1" > arrow </wordcount>
    <wordcount weight="1" > primarily </wordcount>
    <wordcount weight="1" > sma </wordcount>
    <wordcount weight="1" > trimm </wordcount>
    <wordcount weight="1" > minicomputer </wordcount>
    <wordcount weight="1" > affinity </wordcount>
    <wordcount weight="1" > strongly </wordcount>
    <wordcount weight="1" > team </wordcount>
    <wordcount weight="1" > lysosomal </wordcount>
    <wordcount weight="1" > telex </wordcount>
    <wordcount weight="1" > refrigerated </wordcount>
    <wordcount weight="1" > locust </wordcount>
    <wordcount weight="1" > warnerlambert </wordcount>
    <wordcount weight="1" > deals </wordcount>
    <wordcount weight="1" > executive </wordcount>
    <wordcount weight="1" > class </wordcount>
    <wordcount weight="1" > ad </wordcount>
    <wordcount weight="1" > autonomic </wordcount>
    <wordcount weight="1" > introductory </wordcount>
    <wordcount weight="1" > efficiency </wordcount>
    <wordcount weight="1" > drs </wordcount>
    <wordcount weight="1" > grade </wordcount>
    <wordcount weight="1" > united </wordcount>
    <wordcount weight="1" > hope </wordcount>
    <wordcount weight="1" > interleave </wordcount>
    <wordcount weight="1" > not </wordcount>
    <wordcount weight="1" > education </wordcount>
    <wordcount weight="1" > coordination </wordcount>
    <wordcount weight="1" > types </wordcount>
    <wordcount weight="1" > months </wordcount>
    <wordcount weight="1" > exists </wordcount>
    <wordcount weight="1" > itself </wordcount>
    <wordcount weight="1" > unusual </wordcount>
    <wordcount weight="1" > viewers </wordcount>
    <wordcount weight="1" > provocatively </wordcount>
    <wordcount weight="1" > investigate </wordcount>
    <wordcount weight="1" > manholes </wordcount>
    <wordcount weight="1" > iontophoretic </wordcount>
    <wordcount weight="1" > detail </wordcount>
    <wordcount weight="1" > stephen </wordcount>
    <wordcount weight="1" > cytochemistry </wordcount>
    <wordcount weight="1" > pdp </wordcount>
    <wordcount weight="1" > correlative </wordcount>
    <wordcount weight="1" > quenching </wordcount>
    <wordcount weight="1" > eventually </wordcount>
    <wordcount weight="1" > microelectrode </wordcount>
    <wordcount weight="1" > any </wordcount>
    <wordcount weight="1" > recruiting </wordcount>
    <wordcount weight="1" > fla </wordcount>
    <wordcount weight="1" > sorting </wordcount>
    <wordcount weight="1" > immunologists </wordcount>
    <wordcount weight="1" > changing </wordcount>
    <wordcount weight="1" > nervous </wordcount>
    <wordcount weight="1" > veterinary </wordcount>
    <wordcount weight="1" > transdisciplinary </wordcount>
    <wordcount weight="1" > cytopathology </wordcount>
    <wordcount weight="1" > demonstrate </wordcount>
    <wordcount weight="1" > steel </wordcount>
    <wordcount weight="1" > eng </wordcount>
    <wordcount weight="1" > known </wordcount>
    <wordcount weight="1" > histochemistry </wordcount>
    <wordcount weight="1" > chemotherapeutic </wordcount>
    <wordcount weight="1" > minn </wordcount>
    <wordcount weight="1" > irritant </wordcount>
    <wordcount weight="1" > temple </wordcount>
    <wordcount weight="1" > text </wordcount>
    <wordcount weight="1" > compensation </wordcount>
    <wordcount weight="1" > alternative </wordcount>
    <wordcount weight="1" > colorado </wordcount>
    <wordcount weight="1" > particulars </wordcount>
    <wordcount weight="1" > control </wordcount>
    <wordcount weight="1" > routine </wordcount>
    <wordcount weight="1" > tunes </wordcount>
    <wordcount weight="1" > spontaneous </wordcount>
    <wordcount weight="1" > novel </wordcount>
    <wordcount weight="1" > expanding </wordcount>
    <wordcount weight="1" > setting </wordcount>
    <wordcount weight="1" > exploration </wordcount>
    <wordcount weight="1" > believe </wordcount>
    <wordcount weight="1" > best </wordcount>
    <wordcount weight="1" > ft </wordcount>
    <wordcount weight="1" > leaders </wordcount>
    <wordcount weight="1" > report </wordcount>
    <wordcount weight="1" > branch </wordcount>
    <wordcount weight="1" > moravcsik </wordcount>
    <wordcount weight="1" > appointee </wordcount>
    <wordcount weight="1" > particularly </wordcount>
    <wordcount weight="1" > very </wordcount>
    <wordcount weight="1" > immunochemically </wordcount>
    <wordcount weight="1" > supervisor </wordcount>
    <wordcount weight="1" > pulmonary </wordcount>
    <wordcount weight="1" > historical </wordcount>
    <wordcount weight="1" > unbreakable </wordcount>
    <wordcount weight="1" > u </wordcount>
    <wordcount weight="1" > jennie </wordcount>
    <wordcount weight="1" > passage </wordcount>
    <wordcount weight="1" > living </wordcount>
    <wordcount weight="1" > transmitter </wordcount>
    <wordcount weight="1" > hydrology </wordcount>
    <wordcount weight="1" > person </wordcount>
    <wordcount weight="1" > usual </wordcount>
    <wordcount weight="1" > william </wordcount>
    <wordcount weight="1" > oncornavirus </wordcount>
    <wordcount weight="1" > folic </wordcount>
    <wordcount weight="1" > purchase </wordcount>
    <wordcount weight="1" > automatic </wordcount>
    <wordcount weight="1" > impact </wordcount>
    <wordcount weight="1" > staten </wordcount>
    <wordcount weight="1" > transmitted </wordcount>
    <wordcount weight="1" > month </wordcount>
    <wordcount weight="1" > them </wordcount>
    <wordcount weight="1" > estrogen </wordcount>
    <wordcount weight="1" > monoamine </wordcount>
    <wordcount weight="1" > quote </wordcount>
    <wordcount weight="1" > isbn </wordcount>
    <wordcount weight="1" > merle </wordcount>
    <wordcount weight="1" > fractionation </wordcount>
    <wordcount weight="1" > neuroand </wordcount>
    <wordcount weight="1" > problem </wordcount>
    <wordcount weight="1" > consisting </wordcount>
    <wordcount weight="1" > psychophysics </wordcount>
    <wordcount weight="1" > observations </wordcount>
    <wordcount weight="1" > oxygen </wordcount>
    <wordcount weight="1" > bacteria </wordcount>
    <wordcount weight="1" > art </wordcount>
    <wordcount weight="1" > particulates </wordcount>
    <wordcount weight="1" > researchers </wordcount>
    <wordcount weight="1" > endocrinology </wordcount>
    <wordcount weight="1" > presented </wordcount>
    <wordcount weight="1" > characters </wordcount>
    <wordcount weight="1" > ohio </wordcount>
    <wordcount weight="1" > scott </wordcount>
    <wordcount weight="1" > pancreatic </wordcount>
    <wordcount weight="1" > lucille </wordcount>
    <wordcount weight="1" > yearly </wordcount>
    <wordcount weight="1" > statistician </wordcount>
    <wordcount weight="1" > buy </wordcount>
    <wordcount weight="1" > cash </wordcount>
    <wordcount weight="1" > receptors </wordcount>
    <wordcount weight="1" > commissioned </wordcount>
    <wordcount weight="1" > mif </wordcount>
    <wordcount weight="1" > measure </wordcount>
    <wordcount weight="1" > conventional </wordcount>
    <wordcount weight="1" > hybridization </wordcount>
    <wordcount weight="1" > tissues </wordcount>
    <wordcount weight="1" > programs </wordcount>
    <wordcount weight="1" > lab </wordcount>
    <wordcount weight="1" > stevenson </wordcount>
    <wordcount weight="1" > credentials </wordcount>
    <wordcount weight="1" > metabolic </wordcount>
    <wordcount weight="1" > isolated </wordcount>
    <wordcount weight="1" > pasitam </wordcount>
    <wordcount weight="1" > goals </wordcount>
    <wordcount weight="1" > varied </wordcount>
    <wordcount weight="1" > multibarrel </wordcount>
    <wordcount weight="1" > articular </wordcount>
    <wordcount weight="1" > relates </wordcount>
    <wordcount weight="1" > anesthesia </wordcount>
    <wordcount weight="1" > amines </wordcount>
    <wordcount weight="1" > rna </wordcount>
    <wordcount weight="1" > differentiation </wordcount>
    <wordcount weight="1" > argues </wordcount>
    <wordcount weight="1" > litton </wordcount>
    <wordcount weight="1" > donald </wordcount>
    <wordcount weight="1" > illinois </wordcount>
    <wordcount weight="1" > thad </wordcount>
    <wordcount weight="1" > mode </wordcount>
    <wordcount weight="1" > workhorse </wordcount>
    <wordcount weight="1" > ecosystem </wordcount>
    <wordcount weight="1" > course </wordcount>
    <wordcount weight="1" > ultrastructure </wordcount>
    <wordcount weight="1" > usa </wordcount>
    <wordcount weight="1" > evidence </wordcount>
    <wordcount weight="1" > manufacturer </wordcount>
    <wordcount weight="1" > phone </wordcount>
    <wordcount weight="1" > manually </wordcount>
    <wordcount weight="1" > effects </wordcount>
    <wordcount weight="1" > colleagues </wordcount>
    <wordcount weight="1" > nanoseconds </wordcount>
    <wordcount weight="1" > philosophy </wordcount>
    <wordcount weight="1" > association </wordcount>
    <wordcount weight="1" > speak </wordcount>
    <wordcount weight="1" > reprints </wordcount>
    <wordcount weight="1" > needs </wordcount>
    <wordcount weight="1" > flora </wordcount>
    <wordcount weight="1" > offered </wordcount>
    <wordcount weight="1" > charles </wordcount>
    <wordcount weight="1" > carbon </wordcount>
    <wordcount weight="1" > arrange </wordcount>
    <wordcount weight="1" > single </wordcount>
    <wordcount weight="1" > experimentalists </wordcount>
    <wordcount weight="1" > mason </wordcount>
    <wordcount weight="1" > supervise </wordcount>
    <wordcount weight="1" > hotel </wordcount>
    <wordcount weight="1" > temperatures </wordcount>
    <wordcount weight="1" > equipment </wordcount>
    <wordcount weight="1" > entire </wordcount>
    <wordcount weight="1" > given </wordcount>
    <wordcount weight="1" > interaction </wordcount>
    <wordcount weight="1" > focus </wordcount>
    <wordcount weight="1" > much </wordcount>
    <wordcount weight="1" > counts </wordcount>
    <wordcount weight="1" > spectroscopy </wordcount>
    <wordcount weight="1" > seek </wordcount>
    <wordcount weight="1" > lu </wordcount>
    <wordcount weight="1" > north </wordcount>
    <wordcount weight="1" > thorough </wordcount>
</article>
