<?xml version="1.0" encoding="UTF-8"?>
<article id="10.2307/2257243" >
    <wordcount weight="76" > the </wordcount>
    <wordcount weight="71" > of </wordcount>
    <wordcount weight="38" > and </wordcount>
    <wordcount weight="31" > in </wordcount>
    <wordcount weight="23" > by </wordcount>
    <wordcount weight="21" > j </wordcount>
    <wordcount weight="18" > to </wordcount>
    <wordcount weight="17" > a </wordcount>
    <wordcount weight="12" > ecology </wordcount>
    <wordcount weight="9" > h </wordcount>
    <wordcount weight="9" > w </wordcount>
    <wordcount weight="9" > british </wordcount>
    <wordcount weight="9" > journal </wordcount>
    <wordcount weight="8" > all </wordcount>
    <wordcount weight="8" > p </wordcount>
    <wordcount weight="8" > on </wordcount>
    <wordcount weight="7" > l </wordcount>
    <wordcount weight="7" > studies </wordcount>
    <wordcount weight="7" > m </wordcount>
    <wordcount weight="7" > d </wordcount>
    <wordcount weight="7" > plant </wordcount>
    <wordcount weight="6" > growth </wordcount>
    <wordcount weight="6" > are </wordcount>
    <wordcount weight="6" > for </wordcount>
    <wordcount weight="6" > r </wordcount>
    <wordcount weight="5" > f </wordcount>
    <wordcount weight="5" > ecological </wordcount>
    <wordcount weight="5" > as </wordcount>
    <wordcount weight="5" > with </wordcount>
    <wordcount weight="5" > society </wordcount>
    <wordcount weight="4" > at </wordcount>
    <wordcount weight="4" > b </wordcount>
    <wordcount weight="4" > animals </wordcount>
    <wordcount weight="4" > under </wordcount>
    <wordcount weight="4" > communities </wordcount>
    <wordcount weight="4" > first </wordcount>
    <wordcount weight="4" > ii </wordcount>
    <wordcount weight="4" > vegetation </wordcount>
    <wordcount weight="4" > papers </wordcount>
    <wordcount weight="4" > population </wordcount>
    <wordcount weight="4" > pattern </wordcount>
    <wordcount weight="4" > price </wordcount>
    <wordcount weight="4" > c </wordcount>
    <wordcount weight="4" > be </wordcount>
    <wordcount weight="3" > scientific </wordcount>
    <wordcount weight="3" > been </wordcount>
    <wordcount weight="3" > volumes </wordcount>
    <wordcount weight="3" > analysis </wordcount>
    <wordcount weight="3" > is </wordcount>
    <wordcount weight="3" > oxford </wordcount>
    <wordcount weight="3" > reference </wordcount>
    <wordcount weight="3" > index </wordcount>
    <wordcount weight="3" > from </wordcount>
    <wordcount weight="3" > no </wordcount>
    <wordcount weight="3" > s </wordcount>
    <wordcount weight="3" > twenty </wordcount>
    <wordcount weight="3" > post </wordcount>
    <wordcount weight="3" > i </wordcount>
    <wordcount weight="3" > there </wordcount>
    <wordcount weight="3" > blackwell </wordcount>
    <wordcount weight="3" > reviews </wordcount>
    <wordcount weight="3" > within </wordcount>
    <wordcount weight="3" > free </wordcount>
    <wordcount weight="3" > vol </wordcount>
    <wordcount weight="3" > some </wordcount>
    <wordcount weight="3" > data </wordcount>
    <wordcount weight="3" > its </wordcount>
    <wordcount weight="3" > which </wordcount>
    <wordcount weight="3" > an </wordcount>
    <wordcount weight="3" > topics </wordcount>
    <wordcount weight="3" > publications </wordcount>
    <wordcount weight="3" > structure </wordcount>
    <wordcount weight="2" > may </wordcount>
    <wordcount weight="2" > dealing </wordcount>
    <wordcount weight="2" > blanket </wordcount>
    <wordcount weight="2" > not </wordcount>
    <wordcount weight="2" > will </wordcount>
    <wordcount weight="2" > names </wordcount>
    <wordcount weight="2" > primarily </wordcount>
    <wordcount weight="2" > alec </wordcount>
    <wordcount weight="2" > who </wordcount>
    <wordcount weight="2" > lough </wordcount>
    <wordcount weight="2" > dealt </wordcount>
    <wordcount weight="2" > per </wordcount>
    <wordcount weight="2" > parts </wordcount>
    <wordcount weight="2" > methods </wordcount>
    <wordcount weight="2" > entries </wordcount>
    <wordcount weight="2" > competition </wordcount>
    <wordcount weight="2" > edited </wordcount>
    <wordcount weight="2" > types </wordcount>
    <wordcount weight="2" > plants </wordcount>
    <wordcount weight="2" > university </wordcount>
    <wordcount weight="2" > or </wordcount>
    <wordcount weight="2" > but </wordcount>
    <wordcount weight="2" > hardisty </wordcount>
    <wordcount weight="2" > subscription </wordcount>
    <wordcount weight="2" > flora </wordcount>
    <wordcount weight="2" > only </wordcount>
    <wordcount weight="2" > t </wordcount>
    <wordcount weight="2" > that </wordcount>
    <wordcount weight="2" > peat </wordcount>
    <wordcount weight="2" > also </wordcount>
    <wordcount weight="2" > back </wordcount>
    <wordcount weight="2" > lazenby </wordcount>
    <wordcount weight="2" > godwin </wordcount>
    <wordcount weight="2" > control </wordcount>
    <wordcount weight="2" > each </wordcount>
    <wordcount weight="2" > sampling </wordcount>
    <wordcount weight="2" > vineale </wordcount>
    <wordcount weight="2" > dempster </wordcount>
    <wordcount weight="2" > new </wordcount>
    <wordcount weight="2" > kitching </wordcount>
    <wordcount weight="2" > animal </wordcount>
    <wordcount weight="2" > ebling </wordcount>
    <wordcount weight="2" > contents </wordcount>
    <wordcount weight="2" > phytologist </wordcount>
    <wordcount weight="2" > pollen </wordcount>
    <wordcount weight="2" > books </wordcount>
    <wordcount weight="2" > aspects </wordcount>
    <wordcount weight="2" > original </wordcount>
    <wordcount weight="2" > ine </wordcount>
    <wordcount weight="2" > moorland </wordcount>
    <wordcount weight="2" > october </wordcount>
    <wordcount weight="2" > reader </wordcount>
    <wordcount weight="2" > establishment </wordcount>
    <wordcount weight="2" > press </wordcount>
    <wordcount weight="2" > heath </wordcount>
    <wordcount weight="2" > use </wordcount>
    <wordcount weight="2" > during </wordcount>
    <wordcount weight="2" > has </wordcount>
    <wordcount weight="2" > estimating </wordcount>
    <wordcount weight="2" > years </wordcount>
    <wordcount weight="2" > development </wordcount>
    <wordcount weight="2" > this </wordcount>
    <wordcount weight="2" > three </wordcount>
    <wordcount weight="2" > published </wordcount>
    <wordcount weight="2" > effects </wordcount>
    <wordcount weight="2" > publishes </wordcount>
    <wordcount weight="2" > allium </wordcount>
    <wordcount weight="2" > cragg </wordcount>
    <wordcount weight="2" > research </wordcount>
    <wordcount weight="2" > species </wordcount>
    <wordcount weight="1" > limiting </wordcount>
    <wordcount weight="1" > kemp </wordcount>
    <wordcount weight="1" > south </wordcount>
    <wordcount weight="1" > european </wordcount>
    <wordcount weight="1" > wyatt </wordcount>
    <wordcount weight="1" > it </wordcount>
    <wordcount weight="1" > critical </wordcount>
    <wordcount weight="1" > monocotyledons </wordcount>
    <wordcount weight="1" > llyn </wordcount>
    <wordcount weight="1" > aid </wordcount>
    <wordcount weight="1" > arrangement </wordcount>
    <wordcount weight="1" > reduced </wordcount>
    <wordcount weight="1" > insects </wordcount>
    <wordcount weight="1" > variety </wordcount>
    <wordcount weight="1" > rowan </wordcount>
    <wordcount weight="1" > multivariate </wordcount>
    <wordcount weight="1" > chinensis </wordcount>
    <wordcount weight="1" > act </wordcount>
    <wordcount weight="1" > rather </wordcount>
    <wordcount weight="1" > stream </wordcount>
    <wordcount weight="1" > populations </wordcount>
    <wordcount weight="1" > phylogeny </wordcount>
    <wordcount weight="1" > nectar </wordcount>
    <wordcount weight="1" > obtained </wordcount>
    <wordcount weight="1" > bound </wordcount>
    <wordcount weight="1" > comparative </wordcount>
    <wordcount weight="1" > snaydon </wordcount>
    <wordcount weight="1" > joan </wordcount>
    <wordcount weight="1" > islands </wordcount>
    <wordcount weight="1" > vaccinium </wordcount>
    <wordcount weight="1" > ecol </wordcount>
    <wordcount weight="1" > e </wordcount>
    <wordcount weight="1" > active </wordcount>
    <wordcount weight="1" > phosphate </wordcount>
    <wordcount weight="1" > lampreys </wordcount>
    <wordcount weight="1" > tetraploid </wordcount>
    <wordcount weight="1" > test </wordcount>
    <wordcount weight="1" > caernarvonshire </wordcount>
    <wordcount weight="1" > davey </wordcount>
    <wordcount weight="1" > recognize </wordcount>
    <wordcount weight="1" > edith </wordcount>
    <wordcount weight="1" > derived </wordcount>
    <wordcount weight="1" > valentine </wordcount>
    <wordcount weight="1" > lividus </wordcount>
    <wordcount weight="1" > tanlsey </wordcount>
    <wordcount weight="1" > ix </wordcount>
    <wordcount weight="1" > pages </wordcount>
    <wordcount weight="1" > special </wordcount>
    <wordcount weight="1" > k </wordcount>
    <wordcount weight="1" > clayton </wordcount>
    <wordcount weight="1" > kershaw </wordcount>
    <wordcount weight="1" > biological </wordcount>
    <wordcount weight="1" > nigeria </wordcount>
    <wordcount weight="1" > designed </wordcount>
    <wordcount weight="1" > lambert </wordcount>
    <wordcount weight="1" > horton </wordcount>
    <wordcount weight="1" > about </wordcount>
    <wordcount weight="1" > ulex </wordcount>
    <wordcount weight="1" > once </wordcount>
    <wordcount weight="1" > factors </wordcount>
    <wordcount weight="1" > derek </wordcount>
    <wordcount weight="1" > flowering </wordcount>
    <wordcount weight="1" > ixnew </wordcount>
    <wordcount weight="1" > summaries </wordcount>
    <wordcount weight="1" > auspices </wordcount>
    <wordcount weight="1" > accounts </wordcount>
    <wordcount weight="1" > articles </wordcount>
    <wordcount weight="1" > paracentrotus </wordcount>
    <wordcount weight="1" > dana </wordcount>
    <wordcount weight="1" > lamprey </wordcount>
    <wordcount weight="1" > bogs </wordcount>
    <wordcount weight="1" > kerry </wordcount>
    <wordcount weight="1" > tegid </wordcount>
    <wordcount weight="1" > myrtillus </wordcount>
    <wordcount weight="1" > page </wordcount>
    <wordcount weight="1" > committee </wordcount>
    <wordcount weight="1" > sheltered </wordcount>
    <wordcount weight="1" > compiled </wordcount>
    <wordcount weight="1" > intensive </wordcount>
    <wordcount weight="1" > vulgaris </wordcount>
    <wordcount weight="1" > ammophila </wordcount>
    <wordcount weight="1" > included </wordcount>
    <wordcount weight="1" > flies </wordcount>
    <wordcount weight="1" > gimingham </wordcount>
    <wordcount weight="1" > aerial </wordcount>
    <wordcount weight="1" > warren </wordcount>
    <wordcount weight="1" > gilson </wordcount>
    <wordcount weight="1" > gladstone </wordcount>
    <wordcount weight="1" > diploid </wordcount>
    <wordcount weight="1" > numbers </wordcount>
    <wordcount weight="1" > rabbit </wordcount>
    <wordcount weight="1" > mary </wordcount>
    <wordcount weight="1" > track </wordcount>
    <wordcount weight="1" > experimental </wordcount>
    <wordcount weight="1" > mentioned </wordcount>
    <wordcount weight="1" > reviewed </wordcount>
    <wordcount weight="1" > xi </wordcount>
    <wordcount weight="1" > founded </wordcount>
    <wordcount weight="1" > fires </wordcount>
    <wordcount weight="1" > various </wordcount>
    <wordcount weight="1" > extensive </wordcount>
    <wordcount weight="1" > williams </wordcount>
    <wordcount weight="1" > anything </wordcount>
    <wordcount weight="1" > calcium </wordcount>
    <wordcount weight="1" > upland </wordcount>
    <wordcount weight="1" > beddows </wordcount>
    <wordcount weight="1" > social </wordcount>
    <wordcount weight="1" > dartmoor </wordcount>
    <wordcount weight="1" > titles </wordcount>
    <wordcount weight="1" > plates </wordcount>
    <wordcount weight="1" > hon </wordcount>
    <wordcount weight="1" > members </wordcount>
    <wordcount weight="1" > lewis </wordcount>
    <wordcount weight="1" > name </wordcount>
    <wordcount weight="1" > nitrogen </wordcount>
    <wordcount weight="1" > other </wordcount>
    <wordcount weight="1" > nyasaland </wordcount>
    <wordcount weight="1" > give </wordcount>
    <wordcount weight="1" > kenneth </wordcount>
    <wordcount weight="1" > preference </wordcount>
    <wordcount weight="1" > genecology </wordcount>
    <wordcount weight="1" > rapid </wordcount>
    <wordcount weight="1" > branches </wordcount>
    <wordcount weight="1" > over </wordcount>
    <wordcount weight="1" > insect </wordcount>
    <wordcount weight="1" > clhimeras </wordcount>
    <wordcount weight="1" > winter </wordcount>
    <wordcount weight="1" > shingle </wordcount>
    <wordcount weight="1" > arenaria </wordcount>
    <wordcount weight="1" > water </wordcount>
    <wordcount weight="1" > nature </wordcount>
    <wordcount weight="1" > words </wordcount>
    <wordcount weight="1" > percival </wordcount>
    <wordcount weight="1" > joyce </wordcount>
    <wordcount weight="1" > different </wordcount>
    <wordcount weight="1" > longer </wordcount>
    <wordcount weight="1" > boatman </wordcount>
    <wordcount weight="1" > idea </wordcount>
    <wordcount weight="1" > book </wordcount>
    <wordcount weight="1" > available </wordcount>
    <wordcount weight="1" > printed </wordcount>
    <wordcount weight="1" > wall </wordcount>
    <wordcount weight="1" > bionomics </wordcount>
    <wordcount weight="1" > current </wordcount>
    <wordcount weight="1" > combinations </wordcount>
    <wordcount weight="1" > allied </wordcount>
    <wordcount weight="1" > simulium </wordcount>
    <wordcount weight="1" > iii </wordcount>
    <wordcount weight="1" > als </wordcount>
    <wordcount weight="1" > whittaker </wordcount>
    <wordcount weight="1" > transference </wordcount>
    <wordcount weight="1" > link </wordcount>
    <wordcount weight="1" > lanatus </wordcount>
    <wordcount weight="1" > far </wordcount>
    <wordcount weight="1" > census </wordcount>
    <wordcount weight="1" > subalpine </wordcount>
    <wordcount weight="1" > lichens </wordcount>
    <wordcount weight="1" > arthur </wordcount>
    <wordcount weight="1" > associated </wordcount>
    <wordcount weight="1" > wardle </wordcount>
    <wordcount weight="1" > holcus </wordcount>
    <wordcount weight="1" > distinctive </wordcount>
    <wordcount weight="1" > fraxinus </wordcount>
    <wordcount weight="1" > alden </wordcount>
    <wordcount weight="1" > great </wordcount>
    <wordcount weight="1" > calder </wordcount>
    <wordcount weight="1" > zealand </wordcount>
    <wordcount weight="1" > advances </wordcount>
    <wordcount weight="1" > catalogue </wordcount>
    <wordcount weight="1" > further </wordcount>
    <wordcount weight="1" > calyptraea </wordcount>
    <wordcount weight="1" > v </wordcount>
    <wordcount weight="1" > those </wordcount>
    <wordcount weight="1" > principal </wordcount>
    <wordcount weight="1" > weitz </wordcount>
    <wordcount weight="1" > tsetse </wordcount>
    <wordcount weight="1" > carefully </wordcount>
    <wordcount weight="1" > ovina </wordcount>
    <wordcount weight="1" > ferry </wordcount>
    <wordcount weight="1" > references </wordcount>
    <wordcount weight="1" > case </wordcount>
    <wordcount weight="1" > can </wordcount>
    <wordcount weight="1" > fertilizers </wordcount>
    <wordcount weight="1" > existence </wordcount>
    <wordcount weight="1" > dr </wordcount>
    <wordcount weight="1" > ltd </wordcount>
    <wordcount weight="1" > dunn </wordcount>
    <wordcount weight="1" > cunn </wordcount>
    <wordcount weight="1" > jenkins </wordcount>
    <wordcount weight="1" > distribution </wordcount>
    <wordcount weight="1" > harberd </wordcount>
    <wordcount weight="1" > key </wordcount>
    <wordcount weight="1" > hall </wordcount>
    <wordcount weight="1" > well </wordcount>
    <wordcount weight="1" > having </wordcount>
    <wordcount weight="1" > bradshaw </wordcount>
    <wordcount weight="1" > sir </wordcount>
    <wordcount weight="1" > inverse </wordcount>
    <wordcount weight="1" > howard </wordcount>
    <wordcount weight="1" > possible </wordcount>
    <wordcount weight="1" > protected </wordcount>
    <wordcount weight="1" > hydroid </wordcount>
    <wordcount weight="1" > greatest </wordcount>
    <wordcount weight="1" > neavei </wordcount>
    <wordcount weight="1" > primulas </wordcount>
    <wordcount weight="1" > chilean </wordcount>
    <wordcount weight="1" > soils </wordcount>
    <wordcount weight="1" > mericlinal </wordcount>
    <wordcount weight="1" > abstracts </wordcount>
    <wordcount weight="1" > upon </wordcount>
    <wordcount weight="1" > merionethshire </wordcount>
    <wordcount weight="1" > tilia </wordcount>
    <wordcount weight="1" > fine </wordcount>
    <wordcount weight="1" > bray </wordcount>
    <wordcount weight="1" > illustrated </wordcount>
    <wordcount weight="1" > x </wordcount>
    <wordcount weight="1" > city </wordcount>
    <wordcount weight="1" > bottom </wordcount>
    <wordcount weight="1" > related </wordcount>
    <wordcount weight="1" > november </wordcount>
    <wordcount weight="1" > department </wordcount>
    <wordcount weight="1" > lowe </wordcount>
    <wordcount weight="1" > intended </wordcount>
    <wordcount weight="1" > year </wordcount>
    <wordcount weight="1" > food </wordcount>
    <wordcount weight="1" > lockley </wordcount>
    <wordcount weight="1" > obtain </wordcount>
    <wordcount weight="1" > platyphyllos </wordcount>
    <wordcount weight="1" > francis </wordcount>
    <wordcount weight="1" > botany </wordcount>
    <wordcount weight="1" > approach </wordcount>
    <wordcount weight="1" > sesbania </wordcount>
    <wordcount weight="1" > authors </wordcount>
    <wordcount weight="1" > isolated </wordcount>
    <wordcount weight="1" > botanists </wordcount>
    <wordcount weight="1" > gore </wordcount>
    <wordcount weight="1" > fullness </wordcount>
    <wordcount weight="1" > savanna </wordcount>
    <wordcount weight="1" > calluna </wordcount>
    <wordcount weight="1" > nerterioides </wordcount>
    <wordcount weight="1" > thus </wordcount>
    <wordcount weight="1" > clapham </wordcount>
    <wordcount weight="1" > oxfordindispensable </wordcount>
    <wordcount weight="1" > differential </wordcount>
    <wordcount weight="1" > larval </wordcount>
    <wordcount weight="1" > g </wordcount>
    <wordcount weight="1" > shown </wordcount>
    <wordcount weight="1" > partridges </wordcount>
    <wordcount weight="1" > roger </wordcount>
    <wordcount weight="1" > algae </wordcount>
    <wordcount weight="1" > cambridge </wordcount>
    <wordcount weight="1" > have </wordcount>
    <wordcount weight="1" > numerous </wordcount>
    <wordcount weight="1" > consult </wordcount>
    <wordcount weight="1" > stress </wordcount>
    <wordcount weight="1" > westzmorland </wordcount>
    <wordcount weight="1" > festuca </wordcount>
    <wordcount weight="1" > interest </wordcount>
    <wordcount weight="1" > isles </wordcount>
    <wordcount weight="1" > informativeness </wordcount>
    <wordcount weight="1" > wish </wordcount>
    <wordcount weight="1" > responses </wordcount>
    <wordcount weight="1" > millener </wordcount>
    <wordcount weight="1" > david </wordcount>
    <wordcount weight="1" > fauna </wordcount>
    <wordcount weight="1" > revised </wordcount>
    <wordcount weight="1" > operculata </wordcount>
    <wordcount weight="1" > so </wordcount>
    <wordcount weight="1" > complex </wordcount>
    <wordcount weight="1" > volume </wordcount>
    <wordcount weight="1" > sertularia </wordcount>
    <wordcount weight="1" > temperatures </wordcount>
    <wordcount weight="1" > regular </wordcount>
    <wordcount weight="1" > serves </wordcount>
    <wordcount weight="1" > vegetative </wordcount>
    <wordcount weight="1" > foray </wordcount>
    <wordcount weight="1" > copies </wordcount>
    <wordcount weight="1" > kabba </wordcount>
    <wordcount weight="1" > organ </wordcount>
    <wordcount weight="1" > bulbils </wordcount>
    <wordcount weight="1" > excelsior </wordcount>
    <wordcount weight="1" > association </wordcount>
    <wordcount weight="1" > epilobium </wordcount>
    <wordcount weight="1" > brook </wordcount>
    <wordcount weight="1" > crosses </wordcount>
    <wordcount weight="1" > characteristics </wordcount>
    <wordcount weight="1" > trout </wordcount>
    <wordcount weight="1" > written </wordcount>
    <wordcount weight="1" > migration </wordcount>
    <wordcount weight="1" > subjects </wordcount>
    <wordcount weight="1" > intensities </wordcount>
    <wordcount weight="1" > gradients </wordcount>
    <wordcount weight="1" > compatibility </wordcount>
    <wordcount weight="1" > county </wordcount>
    <wordcount weight="1" > europaeus </wordcount>
    <wordcount weight="1" > cytological </wordcount>
    <wordcount weight="1" > britain </wordcount>
    <wordcount weight="1" > anderson </wordcount>
    <wordcount weight="1" > james </wordcount>
    <wordcount weight="1" > annual </wordcount>
    <wordcount weight="1" > substantial </wordcount>
    <wordcount weight="1" > spawning </wordcount>
    <wordcount weight="1" > given </wordcount>
    <wordcount weight="1" > mycological </wordcount>
    <wordcount weight="1" > holdgate </wordcount>
    <wordcount weight="1" > potato </wordcount>
    <wordcount weight="1" > sampler </wordcount>
    <wordcount weight="1" > than </wordcount>
    <wordcount weight="1" > north </wordcount>
    <wordcount weight="1" > recent </wordcount>
    <wordcount weight="1" > tansley </wordcount>
    <wordcount weight="1" > relative </wordcount>
    <wordcount weight="1" > undergoing </wordcount>
    <wordcount weight="1" > woodell </wordcount>
    <wordcount weight="1" > general </wordcount>
    <wordcount weight="1" > angiosperms </wordcount>
    <wordcount weight="1" > diana </wordcount>
    <wordcount weight="1" > inform </wordcount>
    <wordcount weight="1" > chambers </wordcount>
    <wordcount weight="1" > brown </wordcount>
    <wordcount weight="1" > major </wordcount>
    <wordcount weight="1" > datta </wordcount>
</article>
