<?xml version="1.0" encoding="UTF-8"?>
<article id="10.2307/20111528" >
    <wordcount weight="314" > the </wordcount>
    <wordcount weight="282" > of </wordcount>
    <wordcount weight="246" > and </wordcount>
    <wordcount weight="130" > to </wordcount>
    <wordcount weight="126" > in </wordcount>
    <wordcount weight="112" > a </wordcount>
    <wordcount weight="82" > is </wordcount>
    <wordcount weight="79" > that </wordcount>
    <wordcount weight="65" > laboratory </wordcount>
    <wordcount weight="62" > ecology </wordcount>
    <wordcount weight="59" > for </wordcount>
    <wordcount weight="52" > be </wordcount>
    <wordcount weight="51" > as </wordcount>
    <wordcount weight="50" > field </wordcount>
    <wordcount weight="50" > with </wordcount>
    <wordcount weight="44" > it </wordcount>
    <wordcount weight="42" > this </wordcount>
    <wordcount weight="40" > ecological </wordcount>
    <wordcount weight="37" > are </wordcount>
    <wordcount weight="36" > theory </wordcount>
    <wordcount weight="36" > on </wordcount>
    <wordcount weight="32" > by </wordcount>
    <wordcount weight="31" > may </wordcount>
    <wordcount weight="28" > an </wordcount>
    <wordcount weight="27" > or </wordcount>
    <wordcount weight="27" > not </wordcount>
    <wordcount weight="26" > was </wordcount>
    <wordcount weight="25" > logistic </wordcount>
    <wordcount weight="24" > population </wordcount>
    <wordcount weight="24" > we </wordcount>
    <wordcount weight="24" > have </wordcount>
    <wordcount weight="22" > but </wordcount>
    <wordcount weight="22" > from </wordcount>
    <wordcount weight="21" > studies </wordcount>
    <wordcount weight="21" > competition </wordcount>
    <wordcount weight="21" > more </wordcount>
    <wordcount weight="20" > their </wordcount>
    <wordcount weight="20" > species </wordcount>
    <wordcount weight="18" > david </wordcount>
    <wordcount weight="18" > were </wordcount>
    <wordcount weight="17" > they </wordcount>
    <wordcount weight="17" > one </wordcount>
    <wordcount weight="17" > his </wordcount>
    <wordcount weight="16" > these </wordcount>
    <wordcount weight="15" > such </wordcount>
    <wordcount weight="14" > b </wordcount>
    <wordcount weight="14" > ecologists </wordcount>
    <wordcount weight="14" > new </wordcount>
    <wordcount weight="13" > into </wordcount>
    <wordcount weight="13" > some </wordcount>
    <wordcount weight="13" > work </wordcount>
    <wordcount weight="13" > only </wordcount>
    <wordcount weight="13" > theoretical </wordcount>
    <wordcount weight="13" > between </wordcount>
    <wordcount weight="12" > at </wordcount>
    <wordcount weight="12" > library </wordcount>
    <wordcount weight="12" > also </wordcount>
    <wordcount weight="12" > has </wordcount>
    <wordcount weight="12" > its </wordcount>
    <wordcount weight="12" > mertz </wordcount>
    <wordcount weight="12" > he </wordcount>
    <wordcount weight="12" > so </wordcount>
    <wordcount weight="12" > been </wordcount>
    <wordcount weight="11" > can </wordcount>
    <wordcount weight="11" > natural </wordcount>
    <wordcount weight="10" > which </wordcount>
    <wordcount weight="10" > there </wordcount>
    <wordcount weight="10" > mathematical </wordcount>
    <wordcount weight="10" > other </wordcount>
    <wordcount weight="10" > workers </wordcount>
    <wordcount weight="9" > way </wordcount>
    <wordcount weight="9" > e </wordcount>
    <wordcount weight="9" > first </wordcount>
    <wordcount weight="9" > experiments </wordcount>
    <wordcount weight="9" > book </wordcount>
    <wordcount weight="9" > important </wordcount>
    <wordcount weight="9" > p </wordcount>
    <wordcount weight="9" > mccauley </wordcount>
    <wordcount weight="9" > outdoors </wordcount>
    <wordcount weight="9" > about </wordcount>
    <wordcount weight="9" > same </wordcount>
    <wordcount weight="9" > books </wordcount>
    <wordcount weight="9" > much </wordcount>
    <wordcount weight="8" > all </wordcount>
    <wordcount weight="8" > nature </wordcount>
    <wordcount weight="8" > competitive </wordcount>
    <wordcount weight="8" > no </wordcount>
    <wordcount weight="8" > study </wordcount>
    <wordcount weight="8" > university </wordcount>
    <wordcount weight="8" > had </wordcount>
    <wordcount weight="8" > experimental </wordcount>
    <wordcount weight="8" > number </wordcount>
    <wordcount weight="8" > would </wordcount>
    <wordcount weight="8" > often </wordcount>
    <wordcount weight="8" > became </wordcount>
    <wordcount weight="7" > given </wordcount>
    <wordcount weight="7" > rate </wordcount>
    <wordcount weight="7" > concerned </wordcount>
    <wordcount weight="7" > environmental </wordcount>
    <wordcount weight="7" > macarthur </wordcount>
    <wordcount weight="7" > tribolium </wordcount>
    <wordcount weight="7" > even </wordcount>
    <wordcount weight="7" > process </wordcount>
    <wordcount weight="7" > mainly </wordcount>
    <wordcount weight="7" > because </wordcount>
    <wordcount weight="7" > will </wordcount>
    <wordcount weight="7" > genetics </wordcount>
    <wordcount weight="7" > general </wordcount>
    <wordcount weight="7" > biology </wordcount>
    <wordcount weight="7" > animal </wordcount>
    <wordcount weight="7" > metaphor </wordcount>
    <wordcount weight="7" > although </wordcount>
    <wordcount weight="6" > if </wordcount>
    <wordcount weight="6" > modern </wordcount>
    <wordcount weight="6" > history </wordcount>
    <wordcount weight="6" > being </wordcount>
    <wordcount weight="6" > worked </wordcount>
    <wordcount weight="6" > real </wordcount>
    <wordcount weight="6" > domain </wordcount>
    <wordcount weight="6" > than </wordcount>
    <wordcount weight="6" > few </wordcount>
    <wordcount weight="6" > when </wordcount>
    <wordcount weight="6" > populations </wordcount>
    <wordcount weight="6" > us </wordcount>
    <wordcount weight="6" > time </wordcount>
    <wordcount weight="6" > do </wordcount>
    <wordcount weight="6" > less </wordcount>
    <wordcount weight="6" > see </wordcount>
    <wordcount weight="6" > increase </wordcount>
    <wordcount weight="6" > systems </wordcount>
    <wordcount weight="6" > science </wordcount>
    <wordcount weight="6" > who </wordcount>
    <wordcount weight="6" > life </wordcount>
    <wordcount weight="6" > itself </wordcount>
    <wordcount weight="6" > must </wordcount>
    <wordcount weight="6" > each </wordcount>
    <wordcount weight="6" > different </wordcount>
    <wordcount weight="6" > historical </wordcount>
    <wordcount weight="6" > should </wordcount>
    <wordcount weight="5" > park </wordcount>
    <wordcount weight="5" > possible </wordcount>
    <wordcount weight="5" > interest </wordcount>
    <wordcount weight="5" > mechanism </wordcount>
    <wordcount weight="5" > how </wordcount>
    <wordcount weight="5" > too </wordcount>
    <wordcount weight="5" > most </wordcount>
    <wordcount weight="5" > biotic </wordcount>
    <wordcount weight="5" > result </wordcount>
    <wordcount weight="5" > could </wordcount>
    <wordcount weight="5" > found </wordcount>
    <wordcount weight="5" > called </wordcount>
    <wordcount weight="5" > worker </wordcount>
    <wordcount weight="5" > amer </wordcount>
    <wordcount weight="5" > hard </wordcount>
    <wordcount weight="5" > cody </wordcount>
    <wordcount weight="5" > led </wordcount>
    <wordcount weight="5" > kostitzin </wordcount>
    <wordcount weight="5" > still </wordcount>
    <wordcount weight="5" > pp </wordcount>
    <wordcount weight="5" > many </wordcount>
    <wordcount weight="5" > organisms </wordcount>
    <wordcount weight="5" > evolution </wordcount>
    <wordcount weight="5" > evolutionary </wordcount>
    <wordcount weight="5" > become </wordcount>
    <wordcount weight="5" > stream </wordcount>
    <wordcount weight="5" > analysis </wordcount>
    <wordcount weight="5" > environment </wordcount>
    <wordcount weight="5" > seem </wordcount>
    <wordcount weight="5" > did </wordcount>
    <wordcount weight="5" > what </wordcount>
    <wordcount weight="5" > them </wordcount>
    <wordcount weight="5" > whether </wordcount>
    <wordcount weight="5" > com </wordcount>
    <wordcount weight="5" > world </wordcount>
    <wordcount weight="4" > done </wordcount>
    <wordcount weight="4" > becoming </wordcount>
    <wordcount weight="4" > equations </wordcount>
    <wordcount weight="4" > processes </wordcount>
    <wordcount weight="4" > might </wordcount>
    <wordcount weight="4" > leading </wordcount>
    <wordcount weight="4" > simple </wordcount>
    <wordcount weight="4" > i </wordcount>
    <wordcount weight="4" > indoors </wordcount>
    <wordcount weight="4" > capacity </wordcount>
    <wordcount weight="4" > very </wordcount>
    <wordcount weight="4" > since </wordcount>
    <wordcount weight="4" > elements </wordcount>
    <wordcount weight="4" > natur </wordcount>
    <wordcount weight="4" > mechanisms </wordcount>
    <wordcount weight="4" > mistrust </wordcount>
    <wordcount weight="4" > growth </wordcount>
    <wordcount weight="4" > developed </wordcount>
    <wordcount weight="4" > vs </wordcount>
    <wordcount weight="4" > derived </wordcount>
    <wordcount weight="4" > contributions </wordcount>
    <wordcount weight="4" > consequences </wordcount>
    <wordcount weight="4" > organization </wordcount>
    <wordcount weight="4" > just </wordcount>
    <wordcount weight="4" > experimentation </wordcount>
    <wordcount weight="4" > applied </wordcount>
    <wordcount weight="4" > aj </wordcount>
    <wordcount weight="4" > inferences </wordcount>
    <wordcount weight="4" > et </wordcount>
    <wordcount weight="4" > forces </wordcount>
    <wordcount weight="4" > approach </wordcount>
    <wordcount weight="4" > t </wordcount>
    <wordcount weight="4" > good </wordcount>
    <wordcount weight="4" > biol </wordcount>
    <wordcount weight="4" > differing </wordcount>
    <wordcount weight="4" > various </wordcount>
    <wordcount weight="4" > separation </wordcount>
    <wordcount weight="4" > interactions </wordcount>
    <wordcount weight="4" > birch </wordcount>
    <wordcount weight="4" > experiment </wordcount>
    <wordcount weight="4" > domains </wordcount>
    <wordcount weight="4" > demographic </wordcount>
    <wordcount weight="4" > ecol </wordcount>
    <wordcount weight="4" > findings </wordcount>
    <wordcount weight="4" > empirical </wordcount>
    <wordcount weight="4" > full </wordcount>
    <wordcount weight="4" > after </wordcount>
    <wordcount weight="4" > intrinsic </wordcount>
    <wordcount weight="4" > thomas </wordcount>
    <wordcount weight="4" > structure </wordcount>
    <wordcount weight="4" > abundance </wordcount>
    <wordcount weight="4" > proc </wordcount>
    <wordcount weight="4" > usually </wordcount>
    <wordcount weight="4" > order </wordcount>
    <wordcount weight="4" > zool </wordcount>
    <wordcount weight="4" > equation </wordcount>
    <wordcount weight="4" > over </wordcount>
    <wordcount weight="4" > readily </wordcount>
    <wordcount weight="4" > believe </wordcount>
    <wordcount weight="4" > lotka </wordcount>
    <wordcount weight="4" > distribution </wordcount>
    <wordcount weight="4" > observations </wordcount>
    <wordcount weight="4" > results </wordcount>
    <wordcount weight="4" > our </wordcount>
    <wordcount weight="4" > chicago </wordcount>
    <wordcount weight="3" > separated </wordcount>
    <wordcount weight="3" > introduction </wordcount>
    <wordcount weight="3" > elementary </wordcount>
    <wordcount weight="3" > kinds </wordcount>
    <wordcount weight="3" > considerations </wordcount>
    <wordcount weight="3" > before </wordcount>
    <wordcount weight="3" > diversity </wordcount>
    <wordcount weight="3" > pianka </wordcount>
    <wordcount weight="3" > studied </wordcount>
    <wordcount weight="3" > concepts </wordcount>
    <wordcount weight="3" > issue </wordcount>
    <wordcount weight="3" > con </wordcount>
    <wordcount weight="3" > conception </wordcount>
    <wordcount weight="3" > genetic </wordcount>
    <wordcount weight="3" > review </wordcount>
    <wordcount weight="3" > regarded </wordcount>
    <wordcount weight="3" > kinetic </wordcount>
    <wordcount weight="3" > influence </wordcount>
    <wordcount weight="3" > gause </wordcount>
    <wordcount weight="3" > certain </wordcount>
    <wordcount weight="3" > terms </wordcount>
    <wordcount weight="3" > special </wordcount>
    <wordcount weight="3" > crombie </wordcount>
    <wordcount weight="3" > understand </wordcount>
    <wordcount weight="3" > proved </wordcount>
    <wordcount weight="3" > age </wordcount>
    <wordcount weight="3" > beyond </wordcount>
    <wordcount weight="3" > m </wordcount>
    <wordcount weight="3" > view </wordcount>
    <wordcount weight="3" > having </wordcount>
    <wordcount weight="3" > used </wordcount>
    <wordcount weight="3" > competing </wordcount>
    <wordcount weight="3" > knowledge </wordcount>
    <wordcount weight="3" > related </wordcount>
    <wordcount weight="3" > whole </wordcount>
    <wordcount weight="3" > during </wordcount>
    <wordcount weight="3" > place </wordcount>
    <wordcount weight="3" > actually </wordcount>
    <wordcount weight="3" > sense </wordcount>
    <wordcount weight="3" > several </wordcount>
    <wordcount weight="3" > presence </wordcount>
    <wordcount weight="3" > flour </wordcount>
    <wordcount weight="3" > second </wordcount>
    <wordcount weight="3" > scientific </wordcount>
    <wordcount weight="3" > identified </wordcount>
    <wordcount weight="3" > short </wordcount>
    <wordcount weight="3" > va </wordcount>
    <wordcount weight="3" > communities </wordcount>
    <wordcount weight="3" > al </wordcount>
    <wordcount weight="3" > harper </wordcount>
    <wordcount weight="3" > sometimes </wordcount>
    <wordcount weight="3" > toward </wordcount>
    <wordcount weight="3" > lc </wordcount>
    <wordcount weight="3" > john </wordcount>
    <wordcount weight="3" > never </wordcount>
    <wordcount weight="3" > patterns </wordcount>
    <wordcount weight="3" > model </wordcount>
    <wordcount weight="3" > where </wordcount>
    <wordcount weight="3" > metaphors </wordcount>
    <wordcount weight="3" > perhaps </wordcount>
    <wordcount weight="3" > another </wordcount>
    <wordcount weight="3" > discussion </wordcount>
    <wordcount weight="3" > made </wordcount>
    <wordcount weight="3" > significance </wordcount>
    <wordcount weight="3" > theoretician </wordcount>
    <wordcount weight="3" > like </wordcount>
    <wordcount weight="3" > beetles </wordcount>
    <wordcount weight="3" > ge </wordcount>
    <wordcount weight="3" > distinction </wordcount>
    <wordcount weight="3" > effect </wordcount>
    <wordcount weight="3" > parameters </wordcount>
    <wordcount weight="3" > limiting </wordcount>
    <wordcount weight="3" > note </wordcount>
    <wordcount weight="3" > why </wordcount>
    <wordcount weight="3" > united </wordcount>
    <wordcount weight="3" > fields </wordcount>
    <wordcount weight="3" > volterra </wordcount>
    <wordcount weight="3" > addressed </wordcount>
    <wordcount weight="3" > then </wordcount>
    <wordcount weight="3" > oryzaephilus </wordcount>
    <wordcount weight="3" > spatial </wordcount>
    <wordcount weight="3" > ones </wordcount>
    <wordcount weight="3" > accounts </wordcount>
    <wordcount weight="3" > slobodkin </wordcount>
    <wordcount weight="3" > require </wordcount>
    <wordcount weight="3" > balance </wordcount>
    <wordcount weight="3" > size </wordcount>
    <wordcount weight="3" > both </wordcount>
    <wordcount weight="3" > tell </wordcount>
    <wordcount weight="3" > journ </wordcount>
    <wordcount weight="3" > states </wordcount>
    <wordcount weight="3" > materialism </wordcount>
    <wordcount weight="3" > themselves </wordcount>
    <wordcount weight="3" > import </wordcount>
    <wordcount weight="3" > little </wordcount>
    <wordcount weight="2" > cepea </wordcount>
    <wordcount weight="2" > does </wordcount>
    <wordcount weight="2" > lation </wordcount>
    <wordcount weight="2" > rev </wordcount>
    <wordcount weight="2" > insect </wordcount>
    <wordcount weight="2" > credibility </wordcount>
    <wordcount weight="2" > deduced </wordcount>
    <wordcount weight="2" > schism </wordcount>
    <wordcount weight="2" > predator </wordcount>
    <wordcount weight="2" > alluded </wordcount>
    <wordcount weight="2" > large </wordcount>
    <wordcount weight="2" > complex </wordcount>
    <wordcount weight="2" > likely </wordcount>
    <wordcount weight="2" > ways </wordcount>
    <wordcount weight="2" > strictly </wordcount>
    <wordcount weight="2" > greater </wordcount>
    <wordcount weight="2" > stochastic </wordcount>
    <wordcount weight="2" > migration </wordcount>
    <wordcount weight="2" > chief </wordcount>
    <wordcount weight="2" > either </wordcount>
    <wordcount weight="2" > long </wordcount>
    <wordcount weight="2" > simberloff </wordcount>
    <wordcount weight="2" > ii </wordcount>
    <wordcount weight="2" > taken </wordcount>
    <wordcount weight="2" > experimenter </wordcount>
    <wordcount weight="2" > definition </wordcount>
    <wordcount weight="2" > best </wordcount>
    <wordcount weight="2" > principles </wordcount>
    <wordcount weight="2" > biologists </wordcount>
    <wordcount weight="2" > geneity </wordcount>
    <wordcount weight="2" > soc </wordcount>
    <wordcount weight="2" > principal </wordcount>
    <wordcount weight="2" > context </wordcount>
    <wordcount weight="2" > case </wordcount>
    <wordcount weight="2" > formulation </wordcount>
    <wordcount weight="2" > draw </wordcount>
    <wordcount weight="2" > account </wordcount>
    <wordcount weight="2" > vol </wordcount>
    <wordcount weight="2" > implies </wordcount>
    <wordcount weight="2" > condition </wordcount>
    <wordcount weight="2" > mutual </wordcount>
    <wordcount weight="2" > vital </wordcount>
    <wordcount weight="2" > sent </wordcount>
    <wordcount weight="2" > controlled </wordcount>
    <wordcount weight="2" > drosophila </wordcount>
    <wordcount weight="2" > conflict </wordcount>
    <wordcount weight="2" > integral </wordcount>
    <wordcount weight="2" > author </wordcount>
    <wordcount weight="2" > jr </wordcount>
    <wordcount weight="2" > mild </wordcount>
    <wordcount weight="2" > wiley </wordcount>
    <wordcount weight="2" > misconception </wordcount>
    <wordcount weight="2" > scudo </wordcount>
    <wordcount weight="2" > underlying </wordcount>
    <wordcount weight="2" > colinvaux </wordcount>
    <wordcount weight="2" > perspective </wordcount>
    <wordcount weight="2" > approval </wordcount>
    <wordcount weight="2" > find </wordcount>
    <wordcount weight="2" > interspecies </wordcount>
    <wordcount weight="2" > vice </wordcount>
    <wordcount weight="2" > unreality </wordcount>
    <wordcount weight="2" > labora </wordcount>
    <wordcount weight="2" > interesting </wordcount>
    <wordcount weight="2" > without </wordcount>
    <wordcount weight="2" > predicted </wordcount>
    <wordcount weight="2" > ml </wordcount>
    <wordcount weight="2" > mediary </wordcount>
    <wordcount weight="2" > similar </wordcount>
    <wordcount weight="2" > importance </wordcount>
    <wordcount weight="2" > parts </wordcount>
    <wordcount weight="2" > bibliographical </wordcount>
    <wordcount weight="2" > cannot </wordcount>
    <wordcount weight="2" > reason </wordcount>
    <wordcount weight="2" > numbers </wordcount>
    <wordcount weight="2" > occupied </wordcount>
    <wordcount weight="2" > notions </wordcount>
    <wordcount weight="2" > hetero </wordcount>
    <wordcount weight="2" > suggested </wordcount>
    <wordcount weight="2" > methodology </wordcount>
    <wordcount weight="2" > paragraph </wordcount>
    <wordcount weight="2" > whereas </wordcount>
    <wordcount weight="2" > based </wordcount>
    <wordcount weight="2" > formulations </wordcount>
    <wordcount weight="2" > histories </wordcount>
    <wordcount weight="2" > centers </wordcount>
    <wordcount weight="2" > out </wordcount>
    <wordcount weight="2" > deal </wordcount>
    <wordcount weight="2" > inter </wordcount>
    <wordcount weight="2" > further </wordcount>
    <wordcount weight="2" > ann </wordcount>
    <wordcount weight="2" > physiol </wordcount>
    <wordcount weight="2" > sentence </wordcount>
    <wordcount weight="2" > scale </wordcount>
    <wordcount weight="2" > energy </wordcount>
    <wordcount weight="2" > petitive </wordcount>
    <wordcount weight="2" > method </wordcount>
    <wordcount weight="2" > criteria </wordcount>
    <wordcount weight="2" > well </wordcount>
    <wordcount weight="2" > almost </wordcount>
    <wordcount weight="2" > mathematician </wordcount>
    <wordcount weight="2" > significantly </wordcount>
    <wordcount weight="2" > part </wordcount>
    <wordcount weight="2" > rand </wordcount>
    <wordcount weight="2" > documented </wordcount>
    <wordcount weight="2" > subtle </wordcount>
    <wordcount weight="2" > thelaboratory </wordcount>
    <wordcount weight="2" > computer </wordcount>
    <wordcount weight="2" > stimulated </wordcount>
    <wordcount weight="2" > involved </wordcount>
    <wordcount weight="2" > small </wordcount>
    <wordcount weight="2" > research </wordcount>
    <wordcount weight="2" > usual </wordcount>
    <wordcount weight="2" > foremost </wordcount>
    <wordcount weight="2" > proper </wordcount>
    <wordcount weight="2" > describes </wordcount>
    <wordcount weight="2" > using </wordcount>
    <wordcount weight="2" > feasible </wordcount>
    <wordcount weight="2" > geographical </wordcount>
    <wordcount weight="2" > periods </wordcount>
    <wordcount weight="2" > situation </wordcount>
    <wordcount weight="2" > ramifications </wordcount>
    <wordcount weight="2" > variety </wordcount>
    <wordcount weight="2" > materials </wordcount>
    <wordcount weight="2" > indeed </wordcount>
    <wordcount weight="2" > limited </wordcount>
    <wordcount weight="2" > mathematicians </wordcount>
    <wordcount weight="2" > exception </wordcount>
    <wordcount weight="2" > community </wordcount>
    <wordcount weight="2" > standing </wordcount>
    <wordcount weight="2" > ziegler </wordcount>
    <wordcount weight="2" > ask </wordcount>
    <wordcount weight="2" > tends </wordcount>
    <wordcount weight="2" > selection </wordcount>
    <wordcount weight="2" > illuminating </wordcount>
    <wordcount weight="2" > biological </wordcount>
    <wordcount weight="2" > contributing </wordcount>
    <wordcount weight="2" > communications </wordcount>
    <wordcount weight="2" > makes </wordcount>
    <wordcount weight="2" > happened </wordcount>
    <wordcount weight="2" > thought </wordcount>
    <wordcount weight="2" > under </wordcount>
    <wordcount weight="2" > neither </wordcount>
    <wordcount weight="2" > nat </wordcount>
    <wordcount weight="2" > jeopardy </wordcount>
    <wordcount weight="2" > promotes </wordcount>
    <wordcount weight="2" > already </wordcount>
    <wordcount weight="2" > two </wordcount>
    <wordcount weight="2" > williams </wordcount>
    <wordcount weight="2" > innate </wordcount>
    <wordcount weight="2" > misunder </wordcount>
    <wordcount weight="2" > successfully </wordcount>
    <wordcount weight="2" > others </wordcount>
    <wordcount weight="2" > death </wordcount>
    <wordcount weight="2" > shelf </wordcount>
    <wordcount weight="2" > fact </wordcount>
    <wordcount weight="2" > idea </wordcount>
    <wordcount weight="2" > valid </wordcount>
    <wordcount weight="2" > connell </wordcount>
    <wordcount weight="2" > diverse </wordcount>
    <wordcount weight="2" > contemporary </wordcount>
    <wordcount weight="2" > golden </wordcount>
    <wordcount weight="2" > pattern </wordcount>
    <wordcount weight="2" > reproductive </wordcount>
    <wordcount weight="2" > exclusion </wordcount>
    <wordcount weight="2" > devoted </wordcount>
    <wordcount weight="2" > competitors </wordcount>
    <wordcount weight="2" > fm </wordcount>
    <wordcount weight="2" > strategies </wordcount>
    <wordcount weight="2" > necessary </wordcount>
    <wordcount weight="2" > exclosure </wordcount>
    <wordcount weight="2" > distance </wordcount>
    <wordcount weight="2" > gives </wordcount>
    <wordcount weight="2" > saunders </wordcount>
    <wordcount weight="2" > degree </wordcount>
    <wordcount weight="2" > extended </wordcount>
    <wordcount weight="2" > writings </wordcount>
    <wordcount weight="2" > ce </wordcount>
    <wordcount weight="2" > systematics </wordcount>
    <wordcount weight="2" > parameter </wordcount>
    <wordcount weight="2" > versa </wordcount>
    <wordcount weight="2" > abiotic </wordcount>
    <wordcount weight="2" > food </wordcount>
    <wordcount weight="2" > ideas </wordcount>
    <wordcount weight="2" > harvard </wordcount>
    <wordcount weight="2" > three </wordcount>
    <wordcount weight="2" > intraand </wordcount>
    <wordcount weight="2" > directed </wordcount>
    <wordcount weight="2" > comprehensive </wordcount>
    <wordcount weight="2" > features </wordcount>
    <wordcount weight="2" > high </wordcount>
    <wordcount weight="2" > relation </wordcount>
    <wordcount weight="2" > jm </wordcount>
    <wordcount weight="2" > examine </wordcount>
    <wordcount weight="2" > diamond </wordcount>
    <wordcount weight="2" > clutch </wordcount>
    <wordcount weight="2" > animals </wordcount>
    <wordcount weight="2" > saturation </wordcount>
    <wordcount weight="2" > relationship </wordcount>
    <wordcount weight="2" > today </wordcount>
    <wordcount weight="2" > practical </wordcount>
    <wordcount weight="2" > leslie </wordcount>
    <wordcount weight="2" > pop </wordcount>
    <wordcount weight="2" > force </wordcount>
    <wordcount weight="2" > deals </wordcount>
    <wordcount weight="2" > length </wordcount>
    <wordcount weight="2" > hierarchical </wordcount>
    <wordcount weight="2" > respect </wordcount>
    <wordcount weight="2" > hutchinson </wordcount>
    <wordcount weight="2" > worlds </wordcount>
    <wordcount weight="2" > quantitative </wordcount>
    <wordcount weight="2" > eventually </wordcount>
    <wordcount weight="2" > extensive </wordcount>
    <wordcount weight="2" > physical </wordcount>
    <wordcount weight="2" > know </wordcount>
    <wordcount weight="2" > chapman </wordcount>
    <wordcount weight="2" > ph </wordcount>
    <wordcount weight="2" > regard </wordcount>
    <wordcount weight="2" > iii </wordcount>
    <wordcount weight="2" > expresses </wordcount>
    <wordcount weight="2" > past </wordcount>
    <wordcount weight="2" > believed </wordcount>
    <wordcount weight="2" > physiology </wordcount>
    <wordcount weight="2" > particular </wordcount>
    <wordcount weight="2" > acad </wordcount>
    <wordcount weight="2" > lengths </wordcount>
    <wordcount weight="2" > mathematics </wordcount>
    <wordcount weight="2" > while </wordcount>
    <wordcount weight="2" > divide </wordcount>
    <wordcount weight="2" > phenomena </wordcount>
    <wordcount weight="2" > emphasis </wordcount>
    <wordcount weight="2" > theoret </wordcount>
    <wordcount weight="2" > through </wordcount>
    <wordcount weight="2" > subject </wordcount>
    <wordcount weight="2" > programs </wordcount>
    <wordcount weight="2" > subsumed </wordcount>
    <wordcount weight="2" > analogy </wordcount>
    <wordcount weight="2" > survival </wordcount>
    <wordcount weight="2" > years </wordcount>
    <wordcount weight="2" > anim </wordcount>
    <wordcount weight="2" > wb </wordcount>
    <wordcount weight="2" > operational </wordcount>
    <wordcount weight="2" > d </wordcount>
    <wordcount weight="2" > usa </wordcount>
    <wordcount weight="2" > need </wordcount>
    <wordcount weight="2" > evidence </wordcount>
    <wordcount weight="2" > provided </wordcount>
    <wordcount weight="2" > enclosure </wordcount>
    <wordcount weight="2" > remains </wordcount>
    <wordcount weight="2" > indoor </wordcount>
    <wordcount weight="2" > potential </wordcount>
    <wordcount weight="2" > texts </wordcount>
    <wordcount weight="2" > develop </wordcount>
    <wordcount weight="2" > strong </wordcount>
    <wordcount weight="2" > among </wordcount>
    <wordcount weight="2" > showed </wordcount>
    <wordcount weight="2" > evidently </wordcount>
    <wordcount weight="2" > thorough </wordcount>
    <wordcount weight="1" > taneous </wordcount>
    <wordcount weight="1" > problem </wordcount>
    <wordcount weight="1" > final </wordcount>
    <wordcount weight="1" > resolve </wordcount>
    <wordcount weight="1" > ments </wordcount>
    <wordcount weight="1" > confusum </wordcount>
    <wordcount weight="1" > o </wordcount>
    <wordcount weight="1" > struggle </wordcount>
    <wordcount weight="1" > child </wordcount>
    <wordcount weight="1" > flow </wordcount>
    <wordcount weight="1" > oriented </wordcount>
    <wordcount weight="1" > generalization </wordcount>
    <wordcount weight="1" > difficult </wordcount>
    <wordcount weight="1" > later </wordcount>
    <wordcount weight="1" > kers </wordcount>
    <wordcount weight="1" > tion </wordcount>
    <wordcount weight="1" > shelves </wordcount>
    <wordcount weight="1" > austr </wordcount>
    <wordcount weight="1" > tory </wordcount>
    <wordcount weight="1" > extend </wordcount>
    <wordcount weight="1" > arrive </wordcount>
    <wordcount weight="1" > ultimate </wordcount>
    <wordcount weight="1" > considerably </wordcount>
    <wordcount weight="1" > succession </wordcount>
    <wordcount weight="1" > manuscript </wordcount>
    <wordcount weight="1" > reflection </wordcount>
    <wordcount weight="1" > american </wordcount>
    <wordcount weight="1" > prediction </wordcount>
    <wordcount weight="1" > live </wordcount>
    <wordcount weight="1" > schools </wordcount>
    <wordcount weight="1" > confines </wordcount>
    <wordcount weight="1" > true </wordcount>
    <wordcount weight="1" > remnants </wordcount>
    <wordcount weight="1" > di </wordcount>
    <wordcount weight="1" > approaches </wordcount>
    <wordcount weight="1" > contend </wordcount>
    <wordcount weight="1" > rediscovered </wordcount>
    <wordcount weight="1" > paradigms </wordcount>
    <wordcount weight="1" > favor </wordcount>
    <wordcount weight="1" > wolf </wordcount>
    <wordcount weight="1" > ms </wordcount>
    <wordcount weight="1" > diffuse </wordcount>
    <wordcount weight="1" > position </wordcount>
    <wordcount weight="1" > dobzhansky </wordcount>
    <wordcount weight="1" > insects </wordcount>
    <wordcount weight="1" > cycles </wordcount>
    <wordcount weight="1" > necessarily </wordcount>
    <wordcount weight="1" > classify </wordcount>
    <wordcount weight="1" > dg </wordcount>
    <wordcount weight="1" > tween </wordcount>
    <wordcount weight="1" > laid </wordcount>
    <wordcount weight="1" > occurred </wordcount>
    <wordcount weight="1" > ae </wordcount>
    <wordcount weight="1" > sys </wordcount>
    <wordcount weight="1" > fragile </wordcount>
    <wordcount weight="1" > obligate </wordcount>
    <wordcount weight="1" > umberto </wordcount>
    <wordcount weight="1" > connotations </wordcount>
    <wordcount weight="1" > source </wordcount>
    <wordcount weight="1" > prac </wordcount>
    <wordcount weight="1" > princeton </wordcount>
    <wordcount weight="1" > precursors </wordcount>
    <wordcount weight="1" > contexts </wordcount>
    <wordcount weight="1" > turning </wordcount>
    <wordcount weight="1" > test </wordcount>
    <wordcount weight="1" > compression </wordcount>
    <wordcount weight="1" > anything </wordcount>
    <wordcount weight="1" > australia </wordcount>
    <wordcount weight="1" > jb </wordcount>
    <wordcount weight="1" > failing </wordcount>
    <wordcount weight="1" > davis </wordcount>
    <wordcount weight="1" > simul </wordcount>
    <wordcount weight="1" > certainly </wordcount>
    <wordcount weight="1" > disagreement </wordcount>
    <wordcount weight="1" > pervasive </wordcount>
    <wordcount weight="1" > rinehart </wordcount>
    <wordcount weight="1" > reticence </wordcount>
    <wordcount weight="1" > give </wordcount>
    <wordcount weight="1" > concentrated </wordcount>
    <wordcount weight="1" > elusive </wordcount>
    <wordcount weight="1" > unreal </wordcount>
    <wordcount weight="1" > promoting </wordcount>
    <wordcount weight="1" > ourselves </wordcount>
    <wordcount weight="1" > advanced </wordcount>
    <wordcount weight="1" > j </wordcount>
    <wordcount weight="1" > seems </wordcount>
    <wordcount weight="1" > confirmed </wordcount>
    <wordcount weight="1" > comparatively </wordcount>
    <wordcount weight="1" > condescending </wordcount>
    <wordcount weight="1" > crops </wordcount>
    <wordcount weight="1" > packed </wordcount>
    <wordcount weight="1" > belong </wordcount>
    <wordcount weight="1" > coexisting </wordcount>
    <wordcount weight="1" > governed </wordcount>
    <wordcount weight="1" > tubing </wordcount>
    <wordcount weight="1" > remark </wordcount>
    <wordcount weight="1" > careers </wordcount>
    <wordcount weight="1" > wade </wordcount>
    <wordcount weight="1" > analyses </wordcount>
    <wordcount weight="1" > exotic </wordcount>
    <wordcount weight="1" > producing </wordcount>
    <wordcount weight="1" > homosexual </wordcount>
    <wordcount weight="1" > able </wordcount>
    <wordcount weight="1" > molding </wordcount>
    <wordcount weight="1" > reed </wordcount>
    <wordcount weight="1" > concludes </wordcount>
    <wordcount weight="1" > room </wordcount>
    <wordcount weight="1" > carnegie </wordcount>
    <wordcount weight="1" > survey </wordcount>
    <wordcount weight="1" > take </wordcount>
    <wordcount weight="1" > fascinated </wordcount>
    <wordcount weight="1" > lethality </wordcount>
    <wordcount weight="1" > niche </wordcount>
    <wordcount weight="1" > alarming </wordcount>
    <wordcount weight="1" > hands </wordcount>
    <wordcount weight="1" > fenchel </wordcount>
    <wordcount weight="1" > last </wordcount>
    <wordcount weight="1" > mind </wordcount>
    <wordcount weight="1" > floral </wordcount>
    <wordcount weight="1" > fullest </wordcount>
    <wordcount weight="1" > greatly </wordcount>
    <wordcount weight="1" > robert </wordcount>
    <wordcount weight="1" > investigations </wordcount>
    <wordcount weight="1" > advantages </wordcount>
    <wordcount weight="1" > biogeo </wordcount>
    <wordcount weight="1" > operable </wordcount>
    <wordcount weight="1" > deserve </wordcount>
    <wordcount weight="1" > calculus </wordcount>
    <wordcount weight="1" > univ </wordcount>
    <wordcount weight="1" > papers </wordcount>
    <wordcount weight="1" > system </wordcount>
    <wordcount weight="1" > british </wordcount>
    <wordcount weight="1" > takes </wordcount>
    <wordcount weight="1" > crystal </wordcount>
    <wordcount weight="1" > roy </wordcount>
    <wordcount weight="1" > king </wordcount>
    <wordcount weight="1" > bird </wordcount>
    <wordcount weight="1" > unaware </wordcount>
    <wordcount weight="1" > intuitions </wordcount>
    <wordcount weight="1" > america </wordcount>
    <wordcount weight="1" > demography </wordcount>
    <wordcount weight="1" > incorporate </wordcount>
    <wordcount weight="1" > right </wordcount>
    <wordcount weight="1" > users </wordcount>
    <wordcount weight="1" > chapter </wordcount>
    <wordcount weight="1" > ax </wordcount>
    <wordcount weight="1" > leo </wordcount>
    <wordcount weight="1" > piecemeal </wordcount>
    <wordcount weight="1" > geared </wordcount>
    <wordcount weight="1" > strains </wordcount>
    <wordcount weight="1" > tha </wordcount>
    <wordcount weight="1" > bibliography </wordcount>
    <wordcount weight="1" > consumers </wordcount>
    <wordcount weight="1" > measuring </wordcount>
    <wordcount weight="1" > whatever </wordcount>
    <wordcount weight="1" > taking </wordcount>
    <wordcount weight="1" > mental </wordcount>
    <wordcount weight="1" > ibis </wordcount>
    <wordcount weight="1" > heatedly </wordcount>
    <wordcount weight="1" > supply </wordcount>
    <wordcount weight="1" > allee </wordcount>
    <wordcount weight="1" > conceptual </wordcount>
    <wordcount weight="1" > census </wordcount>
    <wordcount weight="1" > cited </wordcount>
    <wordcount weight="1" > realistic </wordcount>
    <wordcount weight="1" > anticipated </wordcount>
    <wordcount weight="1" > constrained </wordcount>
    <wordcount weight="1" > equa </wordcount>
    <wordcount weight="1" > measurement </wordcount>
    <wordcount weight="1" > sign </wordcount>
    <wordcount weight="1" > localized </wordcount>
    <wordcount weight="1" > central </wordcount>
    <wordcount weight="1" > thus </wordcount>
    <wordcount weight="1" > cawthon </wordcount>
    <wordcount weight="1" > prey </wordcount>
    <wordcount weight="1" > includes </wordcount>
    <wordcount weight="1" > differential </wordcount>
    <wordcount weight="1" > mathemati </wordcount>
    <wordcount weight="1" > oceanography </wordcount>
    <wordcount weight="1" > immediate </wordcount>
    <wordcount weight="1" > dynamics </wordcount>
    <wordcount weight="1" > development </wordcount>
    <wordcount weight="1" > neighbor </wordcount>
    <wordcount weight="1" > quality </wordcount>
    <wordcount weight="1" > countless </wordcount>
    <wordcount weight="1" > visualized </wordcount>
    <wordcount weight="1" > illustrates </wordcount>
    <wordcount weight="1" > due </wordcount>
    <wordcount weight="1" > bailey </wordcount>
    <wordcount weight="1" > against </wordcount>
    <wordcount weight="1" > analyzing </wordcount>
    <wordcount weight="1" > pursuit </wordcount>
    <wordcount weight="1" > kp </wordcount>
    <wordcount weight="1" > moment </wordcount>
    <wordcount weight="1" > adopted </wordcount>
    <wordcount weight="1" > heterogeneity </wordcount>
    <wordcount weight="1" > santa </wordcount>
    <wordcount weight="1" > application </wordcount>
    <wordcount weight="1" > harmonic </wordcount>
    <wordcount weight="1" > ference </wordcount>
    <wordcount weight="1" > century </wordcount>
    <wordcount weight="1" > substitutions </wordcount>
    <wordcount weight="1" > spans </wordcount>
    <wordcount weight="1" > kind </wordcount>
    <wordcount weight="1" > ai </wordcount>
    <wordcount weight="1" > dis </wordcount>
    <wordcount weight="1" > turn </wordcount>
    <wordcount weight="1" > copulation </wordcount>
    <wordcount weight="1" > distinct </wordcount>
    <wordcount weight="1" > nor </wordcount>
    <wordcount weight="1" > document </wordcount>
    <wordcount weight="1" > refer </wordcount>
    <wordcount weight="1" > subjects </wordcount>
    <wordcount weight="1" > body </wordcount>
    <wordcount weight="1" > response </wordcount>
    <wordcount weight="1" > physics </wordcount>
    <wordcount weight="1" > serving </wordcount>
    <wordcount weight="1" > restrict </wordcount>
    <wordcount weight="1" > output </wordcount>
    <wordcount weight="1" > emphases </wordcount>
    <wordcount weight="1" > compared </wordcount>
    <wordcount weight="1" > biogeography </wordcount>
    <wordcount weight="1" > single </wordcount>
    <wordcount weight="1" > mcnaughton </wordcount>
    <wordcount weight="1" > detecting </wordcount>
    <wordcount weight="1" > publications </wordcount>
    <wordcount weight="1" > designating </wordcount>
    <wordcount weight="1" > packing </wordcount>
    <wordcount weight="1" > y </wordcount>
    <wordcount weight="1" > ecologies </wordcount>
    <wordcount weight="1" > coexistence </wordcount>
    <wordcount weight="1" > ecosystems </wordcount>
    <wordcount weight="1" > details </wordcount>
    <wordcount weight="1" > appreciated </wordcount>
    <wordcount weight="1" > deeply </wordcount>
    <wordcount weight="1" > parasitologist </wordcount>
    <wordcount weight="1" > lepidopterans </wordcount>
    <wordcount weight="1" > ven </wordcount>
    <wordcount weight="1" > adult </wordcount>
    <wordcount weight="1" > manipulate </wordcount>
    <wordcount weight="1" > acknowledge </wordcount>
    <wordcount weight="1" > infinite </wordcount>
    <wordcount weight="1" > rates </wordcount>
    <wordcount weight="1" > ment </wordcount>
    <wordcount weight="1" > whichlaboratory </wordcount>
    <wordcount weight="1" > higher </wordcount>
    <wordcount weight="1" > abiding </wordcount>
    <wordcount weight="1" > operation </wordcount>
    <wordcount weight="1" > oxford </wordcount>
    <wordcount weight="1" > recognized </wordcount>
    <wordcount weight="1" > adequate </wordcount>
    <wordcount weight="1" > heterogeneities </wordcount>
    <wordcount weight="1" > federal </wordcount>
    <wordcount weight="1" > main </wordcount>
    <wordcount weight="1" > absent </wordcount>
    <wordcount weight="1" > impetus </wordcount>
    <wordcount weight="1" > unam </wordcount>
    <wordcount weight="1" > db </wordcount>
    <wordcount weight="1" > ecosys </wordcount>
    <wordcount weight="1" > illustration </wordcount>
    <wordcount weight="1" > aggressive </wordcount>
    <wordcount weight="1" > basic </wordcount>
    <wordcount weight="1" > influential </wordcount>
    <wordcount weight="1" > explicit </wordcount>
    <wordcount weight="1" > levels </wordcount>
    <wordcount weight="1" > notion </wordcount>
    <wordcount weight="1" > holistic </wordcount>
    <wordcount weight="1" > remote </wordcount>
    <wordcount weight="1" > criticizes </wordcount>
    <wordcount weight="1" > environments </wordcount>
    <wordcount weight="1" > attracting </wordcount>
    <wordcount weight="1" > associate </wordcount>
    <wordcount weight="1" > implicit </wordcount>
    <wordcount weight="1" > lamented </wordcount>
    <wordcount weight="1" > brand </wordcount>
    <wordcount weight="1" > abiological </wordcount>
    <wordcount weight="1" > generating </wordcount>
    <wordcount weight="1" > branch </wordcount>
    <wordcount weight="1" > jeopardize </wordcount>
    <wordcount weight="1" > gratefully </wordcount>
    <wordcount weight="1" > krebs </wordcount>
    <wordcount weight="1" > wor </wordcount>
    <wordcount weight="1" > limitation </wordcount>
    <wordcount weight="1" > feel </wordcount>
    <wordcount weight="1" > practicing </wordcount>
    <wordcount weight="1" > evolu </wordcount>
    <wordcount weight="1" > space </wordcount>
    <wordcount weight="1" > perilous </wordcount>
    <wordcount weight="1" > raymond </wordcount>
    <wordcount weight="1" > exceptional </wordcount>
    <wordcount weight="1" > modified </wordcount>
    <wordcount weight="1" > references </wordcount>
    <wordcount weight="1" > solutions </wordcount>
    <wordcount weight="1" > paragraphs </wordcount>
    <wordcount weight="1" > acquisition </wordcount>
    <wordcount weight="1" > developments </wordcount>
    <wordcount weight="1" > bad </wordcount>
    <wordcount weight="1" > facilitated </wordcount>
    <wordcount weight="1" > consider </wordcount>
    <wordcount weight="1" > sorts </wordcount>
    <wordcount weight="1" > statistical </wordcount>
    <wordcount weight="1" > established </wordcount>
    <wordcount weight="1" > familiar </wordcount>
    <wordcount weight="1" > grounds </wordcount>
    <wordcount weight="1" > popularizing </wordcount>
    <wordcount weight="1" > hiesey </wordcount>
    <wordcount weight="1" > recombination </wordcount>
    <wordcount weight="1" > warren </wordcount>
    <wordcount weight="1" > generalities </wordcount>
    <wordcount weight="1" > realities </wordcount>
    <wordcount weight="1" > gradually </wordcount>
    <wordcount weight="1" > k </wordcount>
    <wordcount weight="1" > frequently </wordcount>
    <wordcount weight="1" > orientation </wordcount>
    <wordcount weight="1" > cusses </wordcount>
    <wordcount weight="1" > retrospective </wordcount>
    <wordcount weight="1" > show </wordcount>
    <wordcount weight="1" > commonly </wordcount>
    <wordcount weight="1" > resource </wordcount>
    <wordcount weight="1" > larvae </wordcount>
    <wordcount weight="1" > egerton </wordcount>
    <wordcount weight="1" > linkage </wordcount>
    <wordcount weight="1" > generally </wordcount>
    <wordcount weight="1" > consequence </wordcount>
    <wordcount weight="1" > genotypes </wordcount>
    <wordcount weight="1" > terminology </wordcount>
    <wordcount weight="1" > essentialism </wordcount>
    <wordcount weight="1" > exploitation </wordcount>
    <wordcount weight="1" > fixed </wordcount>
    <wordcount weight="1" > shifted </wordcount>
    <wordcount weight="1" > lamotte </wordcount>
    <wordcount weight="1" > likens </wordcount>
    <wordcount weight="1" > vandals </wordcount>
    <wordcount weight="1" > decades </wordcount>
    <wordcount weight="1" > appear </wordcount>
    <wordcount weight="1" > fates </wordcount>
    <wordcount weight="1" > causation </wordcount>
    <wordcount weight="1" > descriptive </wordcount>
    <wordcount weight="1" > ordinarily </wordcount>
    <wordcount weight="1" > expressed </wordcount>
    <wordcount weight="1" > closely </wordcount>
    <wordcount weight="1" > advance </wordcount>
    <wordcount weight="1" > appraisal </wordcount>
    <wordcount weight="1" > formidable </wordcount>
    <wordcount weight="1" > came </wordcount>
    <wordcount weight="1" > acceptable </wordcount>
    <wordcount weight="1" > whom </wordcount>
    <wordcount weight="1" > identifying </wordcount>
    <wordcount weight="1" > demonstrate </wordcount>
    <wordcount weight="1" > sei </wordcount>
    <wordcount weight="1" > tem </wordcount>
    <wordcount weight="1" > genetricist </wordcount>
    <wordcount weight="1" > begun </wordcount>
    <wordcount weight="1" > faunal </wordcount>
    <wordcount weight="1" > color </wordcount>
    <wordcount weight="1" > traditionally </wordcount>
    <wordcount weight="1" > sokoloff </wordcount>
    <wordcount weight="1" > inappropriate </wordcount>
    <wordcount weight="1" > treatments </wordcount>
    <wordcount weight="1" > genecologists </wordcount>
    <wordcount weight="1" > behavioral </wordcount>
    <wordcount weight="1" > energetic </wordcount>
    <wordcount weight="1" > compartments </wordcount>
    <wordcount weight="1" > facilitate </wordcount>
    <wordcount weight="1" > events </wordcount>
    <wordcount weight="1" > versancy </wordcount>
    <wordcount weight="1" > assistance </wordcount>
    <wordcount weight="1" > persist </wordcount>
    <wordcount weight="1" > scepticism </wordcount>
    <wordcount weight="1" > hg </wordcount>
    <wordcount weight="1" > captured </wordcount>
    <wordcount weight="1" > possibility </wordcount>
    <wordcount weight="1" > suits </wordcount>
    <wordcount weight="1" > representative </wordcount>
    <wordcount weight="1" > popu </wordcount>
    <wordcount weight="1" > phenomenology </wordcount>
    <wordcount weight="1" > acquiring </wordcount>
    <wordcount weight="1" > academic </wordcount>
    <wordcount weight="1" > oklahoma </wordcount>
    <wordcount weight="1" > libraries </wordcount>
    <wordcount weight="1" > though </wordcount>
    <wordcount weight="1" > reviews </wordcount>
    <wordcount weight="1" > skilled </wordcount>
    <wordcount weight="1" > ornithologist </wordcount>
    <wordcount weight="1" > fisher </wordcount>
    <wordcount weight="1" > bore </wordcount>
    <wordcount weight="1" > duced </wordcount>
    <wordcount weight="1" > tools </wordcount>
    <wordcount weight="1" > fabricate </wordcount>
    <wordcount weight="1" > symbols </wordcount>
    <wordcount weight="1" > tailor </wordcount>
    <wordcount weight="1" > analogous </wordcount>
    <wordcount weight="1" > otherwise </wordcount>
    <wordcount weight="1" > vivid </wordcount>
    <wordcount weight="1" > amenable </wordcount>
    <wordcount weight="1" > record </wordcount>
    <wordcount weight="1" > hypothetical </wordcount>
    <wordcount weight="1" > perform </wordcount>
    <wordcount weight="1" > explain </wordcount>
    <wordcount weight="1" > shelved </wordcount>
    <wordcount weight="1" > near </wordcount>
    <wordcount weight="1" > governing </wordcount>
    <wordcount weight="1" > berates </wordcount>
    <wordcount weight="1" > expressions </wordcount>
    <wordcount weight="1" > information </wordcount>
    <wordcount weight="1" > receive </wordcount>
    <wordcount weight="1" > none </wordcount>
    <wordcount weight="1" > supplanted </wordcount>
    <wordcount weight="1" > future </wordcount>
    <wordcount weight="1" > closed </wordcount>
    <wordcount weight="1" > data </wordcount>
    <wordcount weight="1" > decides </wordcount>
    <wordcount weight="1" > quart </wordcount>
    <wordcount weight="1" > scope </wordcount>
    <wordcount weight="1" > circumstantial </wordcount>
    <wordcount weight="1" > ideal </wordcount>
    <wordcount weight="1" > carries </wordcount>
    <wordcount weight="1" > carry </wordcount>
    <wordcount weight="1" > grained </wordcount>
    <wordcount weight="1" > r </wordcount>
    <wordcount weight="1" > prominent </wordcount>
    <wordcount weight="1" > heavily </wordcount>
    <wordcount weight="1" > chap </wordcount>
    <wordcount weight="1" > vito </wordcount>
    <wordcount weight="1" > discusses </wordcount>
    <wordcount weight="1" > example </wordcount>
    <wordcount weight="1" > eradicated </wordcount>
    <wordcount weight="1" > confined </wordcount>
    <wordcount weight="1" > conceptualizations </wordcount>
    <wordcount weight="1" > comment </wordcount>
    <wordcount weight="1" > penetrating </wordcount>
    <wordcount weight="1" > revealed </wordcount>
    <wordcount weight="1" > criticized </wordcount>
    <wordcount weight="1" > copyright </wordcount>
    <wordcount weight="1" > trenchant </wordcount>
    <wordcount weight="1" > overview </wordcount>
    <wordcount weight="1" > gave </wordcount>
    <wordcount weight="1" > discussions </wordcount>
    <wordcount weight="1" > broad </wordcount>
    <wordcount weight="1" > constitute </wordcount>
    <wordcount weight="1" > relevance </wordcount>
    <wordcount weight="1" > stimulate </wordcount>
    <wordcount weight="1" > statistics </wordcount>
    <wordcount weight="1" > call </wordcount>
    <wordcount weight="1" > personal </wordcount>
    <wordcount weight="1" > away </wordcount>
    <wordcount weight="1" > reflect </wordcount>
    <wordcount weight="1" > turesson </wordcount>
    <wordcount weight="1" > capacities </wordcount>
    <wordcount weight="1" > talented </wordcount>
    <wordcount weight="1" > resort </wordcount>
    <wordcount weight="1" > interpreted </wordcount>
    <wordcount weight="1" > breakdown </wordcount>
    <wordcount weight="1" > withstand </wordcount>
    <wordcount weight="1" > own </wordcount>
    <wordcount weight="1" > trends </wordcount>
    <wordcount weight="1" > andrewar </wordcount>
    <wordcount weight="1" > simplistic </wordcount>
    <wordcount weight="1" > change </wordcount>
    <wordcount weight="1" > considers </wordcount>
    <wordcount weight="1" > closing </wordcount>
    <wordcount weight="1" > hereditas </wordcount>
    <wordcount weight="1" > successful </wordcount>
    <wordcount weight="1" > describing </wordcount>
    <wordcount weight="1" > useful </wordcount>
    <wordcount weight="1" > cham </wordcount>
    <wordcount weight="1" > suggest </wordcount>
    <wordcount weight="1" > involve </wordcount>
    <wordcount weight="1" > speculations </wordcount>
    <wordcount weight="1" > prevalence </wordcount>
    <wordcount weight="1" > cer </wordcount>
    <wordcount weight="1" > wing </wordcount>
    <wordcount weight="1" > exclude </wordcount>
    <wordcount weight="1" > quite </wordcount>
    <wordcount weight="1" > emerging </wordcount>
    <wordcount weight="1" > perserverant </wordcount>
    <wordcount weight="1" > around </wordcount>
    <wordcount weight="1" > talents </wordcount>
    <wordcount weight="1" > calling </wordcount>
    <wordcount weight="1" > shapes </wordcount>
    <wordcount weight="1" > driving </wordcount>
    <wordcount weight="1" > highly </wordcount>
    <wordcount weight="1" > bridge </wordcount>
    <wordcount weight="1" > grow </wordcount>
    <wordcount weight="1" > executed </wordcount>
    <wordcount weight="1" > observe </wordcount>
    <wordcount weight="1" > ps </wordcount>
    <wordcount weight="1" > protect </wordcount>
    <wordcount weight="1" > petition </wordcount>
    <wordcount weight="1" > impossible </wordcount>
    <wordcount weight="1" > always </wordcount>
    <wordcount weight="1" > richness </wordcount>
    <wordcount weight="1" > up </wordcount>
    <wordcount weight="1" > london </wordcount>
    <wordcount weight="1" > necessity </wordcount>
    <wordcount weight="1" > wife </wordcount>
    <wordcount weight="1" > resistance </wordcount>
    <wordcount weight="1" > titioners </wordcount>
    <wordcount weight="1" > notes </wordcount>
    <wordcount weight="1" > plausible </wordcount>
    <wordcount weight="1" > appropriate </wordcount>
    <wordcount weight="1" > value </wordcount>
    <wordcount weight="1" > rn </wordcount>
    <wordcount weight="1" > developmental </wordcount>
    <wordcount weight="1" > finds </wordcount>
    <wordcount weight="1" > inform </wordcount>
    <wordcount weight="1" > moved </wordcount>
    <wordcount weight="1" > jh </wordcount>
    <wordcount weight="1" > commensurate </wordcount>
    <wordcount weight="1" > south </wordcount>
    <wordcount weight="1" > midpoint </wordcount>
    <wordcount weight="1" > approximate </wordcount>
    <wordcount weight="1" > believ </wordcount>
    <wordcount weight="1" > rosalia </wordcount>
    <wordcount weight="1" > implications </wordcount>
    <wordcount weight="1" > minor </wordcount>
    <wordcount weight="1" > matter </wordcount>
    <wordcount weight="1" > absence </wordcount>
    <wordcount weight="1" > requirement </wordcount>
    <wordcount weight="1" > economic </wordcount>
    <wordcount weight="1" > alaboratory </wordcount>
    <wordcount weight="1" > wrote </wordcount>
    <wordcount weight="1" > analogue </wordcount>
    <wordcount weight="1" > cannibalism </wordcount>
    <wordcount weight="1" > tried </wordcount>
    <wordcount weight="1" > ecologist </wordcount>
    <wordcount weight="1" > notoriously </wordcount>
    <wordcount weight="1" > fruit </wordcount>
    <wordcount weight="1" > nearly </wordcount>
    <wordcount weight="1" > etc </wordcount>
    <wordcount weight="1" > prove </wordcount>
    <wordcount weight="1" > andrewartha </wordcount>
    <wordcount weight="1" > says </wordcount>
    <wordcount weight="1" > make </wordcount>
    <wordcount weight="1" > expanded </wordcount>
    <wordcount weight="1" > domination </wordcount>
    <wordcount weight="1" > seemingly </wordcount>
    <wordcount weight="1" > suppose </wordcount>
    <wordcount weight="1" > engineering </wordcount>
    <wordcount weight="1" > guide </wordcount>
    <wordcount weight="1" > once </wordcount>
    <wordcount weight="1" > pivotal </wordcount>
    <wordcount weight="1" > interpretation </wordcount>
    <wordcount weight="1" > reference </wordcount>
    <wordcount weight="1" > examined </wordcount>
    <wordcount weight="1" > represents </wordcount>
    <wordcount weight="1" > read </wordcount>
    <wordcount weight="1" > christiansen </wordcount>
    <wordcount weight="1" > serve </wordcount>
    <wordcount weight="1" > evolved </wordcount>
    <wordcount weight="1" > technology </wordcount>
    <wordcount weight="1" > mobile </wordcount>
    <wordcount weight="1" > inspiration </wordcount>
    <wordcount weight="1" > biolo </wordcount>
    <wordcount weight="1" > symptomatic </wordcount>
    <wordcount weight="1" > devising </wordcount>
    <wordcount weight="1" > subset </wordcount>
    <wordcount weight="1" > light </wordcount>
    <wordcount weight="1" > culture </wordcount>
    <wordcount weight="1" > tionary </wordcount>
    <wordcount weight="1" > issues </wordcount>
    <wordcount weight="1" > nw </wordcount>
    <wordcount weight="1" > insights </wordcount>
    <wordcount weight="1" > foolishness </wordcount>
    <wordcount weight="1" > noted </wordcount>
    <wordcount weight="1" > picture </wordcount>
    <wordcount weight="1" > published </wordcount>
    <wordcount weight="1" > comparably </wordcount>
    <wordcount weight="1" > inference </wordcount>
    <wordcount weight="1" > fb </wordcount>
    <wordcount weight="1" > walled </wordcount>
    <wordcount weight="1" > extracted </wordcount>
    <wordcount weight="1" > law </wordcount>
    <wordcount weight="1" > challenge </wordcount>
    <wordcount weight="1" > nicholson </wordcount>
    <wordcount weight="1" > figure </wordcount>
    <wordcount weight="1" > again </wordcount>
    <wordcount weight="1" > genecology </wordcount>
    <wordcount weight="1" > spend </wordcount>
    <wordcount weight="1" > conceived </wordcount>
    <wordcount weight="1" > chance </wordcount>
    <wordcount weight="1" > put </wordcount>
    <wordcount weight="1" > accumulates </wordcount>
    <wordcount weight="1" > projects </wordcount>
    <wordcount weight="1" > evalua </wordcount>
    <wordcount weight="1" > release </wordcount>
    <wordcount weight="1" > lengthy </wordcount>
    <wordcount weight="1" > shows </wordcount>
    <wordcount weight="1" > longer </wordcount>
    <wordcount weight="1" > consideration </wordcount>
    <wordcount weight="1" > reputed </wordcount>
    <wordcount weight="1" > areas </wordcount>
    <wordcount weight="1" > occurrence </wordcount>
    <wordcount weight="1" > recurrent </wordcount>
    <wordcount weight="1" > clarendon </wordcount>
    <wordcount weight="1" > superficial </wordcount>
    <wordcount weight="1" > pursuers </wordcount>
    <wordcount weight="1" > biguously </wordcount>
    <wordcount weight="1" > impractical </wordcount>
    <wordcount weight="1" > essence </wordcount>
    <wordcount weight="1" > infectious </wordcount>
    <wordcount weight="1" > preferring </wordcount>
    <wordcount weight="1" > reductionist </wordcount>
    <wordcount weight="1" > distrust </wordcount>
    <wordcount weight="1" > doubt </wordcount>
    <wordcount weight="1" > inherently </wordcount>
    <wordcount weight="1" > imperfect </wordcount>
    <wordcount weight="1" > man </wordcount>
    <wordcount weight="1" > great </wordcount>
    <wordcount weight="1" > advocacy </wordcount>
    <wordcount weight="1" > serious </wordcount>
    <wordcount weight="1" > removal </wordcount>
    <wordcount weight="1" > reasons </wordcount>
    <wordcount weight="1" > outside </wordcount>
    <wordcount weight="1" > aleksandrovich </wordcount>
    <wordcount weight="1" > adjacent </wordcount>
    <wordcount weight="1" > derivative </wordcount>
    <wordcount weight="1" > manner </wordcount>
    <wordcount weight="1" > holist </wordcount>
    <wordcount weight="1" > purposes </wordcount>
    <wordcount weight="1" > validity </wordcount>
    <wordcount weight="1" > coarse </wordcount>
    <wordcount weight="1" > accepted </wordcount>
    <wordcount weight="1" > relevant </wordcount>
    <wordcount weight="1" > michael </wordcount>
    <wordcount weight="1" > until </wordcount>
    <wordcount weight="1" > tainly </wordcount>
    <wordcount weight="1" > rh </wordcount>
    <wordcount weight="1" > eg </wordcount>
    <wordcount weight="1" > material </wordcount>
    <wordcount weight="1" > gf </wordcount>
    <wordcount weight="1" > compelled </wordcount>
    <wordcount weight="1" > senses </wordcount>
    <wordcount weight="1" > fundamentals </wordcount>
    <wordcount weight="1" > shifts </wordcount>
    <wordcount weight="1" > paramecium </wordcount>
    <wordcount weight="1" > day </wordcount>
    <wordcount weight="1" > laudable </wordcount>
    <wordcount weight="1" > local </wordcount>
    <wordcount weight="1" > imagine </wordcount>
    <wordcount weight="1" > pause </wordcount>
    <wordcount weight="1" > displace </wordcount>
    <wordcount weight="1" > understanding </wordcount>
    <wordcount weight="1" > predatory </wordcount>
    <wordcount weight="1" > greatest </wordcount>
    <wordcount weight="1" > reveals </wordcount>
    <wordcount weight="1" > unsolved </wordcount>
    <wordcount weight="1" > disease </wordcount>
    <wordcount weight="1" > survive </wordcount>
    <wordcount weight="1" > birth </wordcount>
    <wordcount weight="1" > range </wordcount>
    <wordcount weight="1" > values </wordcount>
    <wordcount weight="1" > conceivable </wordcount>
    <wordcount weight="1" > lindeman </wordcount>
    <wordcount weight="1" > use </wordcount>
    <wordcount weight="1" > refers </wordcount>
    <wordcount weight="1" > prospective </wordcount>
    <wordcount weight="1" > causes </wordcount>
    <wordcount weight="1" > grander </wordcount>
    <wordcount weight="1" > resulting </wordcount>
    <wordcount weight="1" > questions </wordcount>
    <wordcount weight="1" > permeates </wordcount>
    <wordcount weight="1" > trend </wordcount>
    <wordcount weight="1" > nothing </wordcount>
    <wordcount weight="1" > munity </wordcount>
    <wordcount weight="1" > grounding </wordcount>
    <wordcount weight="1" > frame </wordcount>
    <wordcount weight="1" > immeasurably </wordcount>
    <wordcount weight="1" > previous </wordcount>
    <wordcount weight="1" > relegated </wordcount>
    <wordcount weight="1" > complicated </wordcount>
    <wordcount weight="1" > theories </wordcount>
    <wordcount weight="1" > necessitated </wordcount>
    <wordcount weight="1" > students </wordcount>
    <wordcount weight="1" > involves </wordcount>
    <wordcount weight="1" > discontinuities </wordcount>
    <wordcount weight="1" > described </wordcount>
    <wordcount weight="1" > discovered </wordcount>
    <wordcount weight="1" > reality </wordcount>
    <wordcount weight="1" > authors </wordcount>
    <wordcount weight="1" > grew </wordcount>
    <wordcount weight="1" > publication </wordcount>
    <wordcount weight="1" > hampered </wordcount>
    <wordcount weight="1" > agreement </wordcount>
    <wordcount weight="1" > reparameterized </wordcount>
    <wordcount weight="1" > essay </wordcount>
    <wordcount weight="1" > try </wordcount>
    <wordcount weight="1" > times </wordcount>
    <wordcount weight="1" > organism </wordcount>
    <wordcount weight="1" > characterized </wordcount>
    <wordcount weight="1" > collaboration </wordcount>
    <wordcount weight="1" > geographically </wordcount>
    <wordcount weight="1" > period </wordcount>
    <wordcount weight="1" > plant </wordcount>
    <wordcount weight="1" > him </wordcount>
    <wordcount weight="1" > interspecific </wordcount>
    <wordcount weight="1" > curve </wordcount>
    <wordcount weight="1" > synthese </wordcount>
    <wordcount weight="1" > sideration </wordcount>
    <wordcount weight="1" > accurate </wordcount>
    <wordcount weight="1" > renewal </wordcount>
    <wordcount weight="1" > enriched </wordcount>
    <wordcount weight="1" > believing </wordcount>
    <wordcount weight="1" > standard </wordcount>
    <wordcount weight="1" > lose </wordcount>
    <wordcount weight="1" > least </wordcount>
    <wordcount weight="1" > imagination </wordcount>
    <wordcount weight="1" > repeated </wordcount>
    <wordcount weight="1" > decide </wordcount>
    <wordcount weight="1" > graphic </wordcount>
    <wordcount weight="1" > probe </wordcount>
    <wordcount weight="1" > pearl </wordcount>
    <wordcount weight="1" > problems </wordcount>
    <wordcount weight="1" > somehow </wordcount>
    <wordcount weight="1" > article </wordcount>
    <wordcount weight="1" > dawson </wordcount>
    <wordcount weight="1" > trying </wordcount>
    <wordcount weight="1" > macroscopic </wordcount>
    <wordcount weight="1" > narrow </wordcount>
    <wordcount weight="1" > theodosius </wordcount>
    <wordcount weight="1" > topics </wordcount>
    <wordcount weight="1" > excluded </wordcount>
    <wordcount weight="1" > armor </wordcount>
    <wordcount weight="1" > shelve </wordcount>
    <wordcount weight="1" > jerzy </wordcount>
    <wordcount weight="1" > probably </wordcount>
    <wordcount weight="1" > implication </wordcount>
    <wordcount weight="1" > mimicry </wordcount>
    <wordcount weight="1" > looked </wordcount>
    <wordcount weight="1" > delightful </wordcount>
    <wordcount weight="1" > grain </wordcount>
    <wordcount weight="1" > forefront </wordcount>
    <wordcount weight="1" > saw </wordcount>
    <wordcount weight="1" > institution </wordcount>
    <wordcount weight="1" > amateur </wordcount>
    <wordcount weight="1" > evaluated </wordcount>
    <wordcount weight="1" > basically </wordcount>
    <wordcount weight="1" > opposite </wordcount>
    <wordcount weight="1" > attention </wordcount>
    <wordcount weight="1" > vector </wordcount>
    <wordcount weight="1" > predictive </wordcount>
    <wordcount weight="1" > reluctant </wordcount>
    <wordcount weight="1" > cake </wordcount>
    <wordcount weight="1" > dealing </wordcount>
    <wordcount weight="1" > factors </wordcount>
    <wordcount weight="1" > carried </wordcount>
    <wordcount weight="1" > asking </wordcount>
    <wordcount weight="1" > reidel </wordcount>
    <wordcount weight="1" > relying </wordcount>
    <wordcount weight="1" > entail </wordcount>
    <wordcount weight="1" > circle </wordcount>
    <wordcount weight="1" > publishing </wordcount>
    <wordcount weight="1" > meets </wordcount>
    <wordcount weight="1" > continued </wordcount>
    <wordcount weight="1" > provide </wordcount>
    <wordcount weight="1" > assert </wordcount>
    <wordcount weight="1" > pioned </wordcount>
    <wordcount weight="1" > tm </wordcount>
    <wordcount weight="1" > bj </wordcount>
    <wordcount weight="1" > suspected </wordcount>
    <wordcount weight="1" > pieces </wordcount>
    <wordcount weight="1" > begin </wordcount>
    <wordcount weight="1" > vague </wordcount>
    <wordcount weight="1" > cytogenetic </wordcount>
    <wordcount weight="1" > evol </wordcount>
    <wordcount weight="1" > randomly </wordcount>
    <wordcount weight="1" > mechanismlaboratory </wordcount>
    <wordcount weight="1" > predict </wordcount>
    <wordcount weight="1" > becomes </wordcount>
    <wordcount weight="1" > referred </wordcount>
    <wordcount weight="1" > landmarks </wordcount>
    <wordcount weight="1" > overlap </wordcount>
    <wordcount weight="1" > contribution </wordcount>
    <wordcount weight="1" > reservations </wordcount>
    <wordcount weight="1" > introductory </wordcount>
    <wordcount weight="1" > satisfaction </wordcount>
    <wordcount weight="1" > responsible </wordcount>
    <wordcount weight="1" > extra </wordcount>
    <wordcount weight="1" > wildlife </wordcount>
    <wordcount weight="1" > obstructionist </wordcount>
    <wordcount weight="1" > types </wordcount>
    <wordcount weight="1" > saturated </wordcount>
    <wordcount weight="1" > contemplating </wordcount>
    <wordcount weight="1" > rigorous </wordcount>
    <wordcount weight="1" > regularly </wordcount>
    <wordcount weight="1" > ie </wordcount>
    <wordcount weight="1" > considered </wordcount>
    <wordcount weight="1" > genetical </wordcount>
    <wordcount weight="1" > matters </wordcount>
    <wordcount weight="1" > school </wordcount>
    <wordcount weight="1" > acquired </wordcount>
    <wordcount weight="1" > reciprocal </wordcount>
    <wordcount weight="1" > seriously </wordcount>
    <wordcount weight="1" > infusion </wordcount>
    <wordcount weight="1" > rarely </wordcount>
    <wordcount weight="1" > flies </wordcount>
    <wordcount weight="1" > any </wordcount>
    <wordcount weight="1" > proceed </wordcount>
    <wordcount weight="1" > associated </wordcount>
    <wordcount weight="1" > practice </wordcount>
    <wordcount weight="1" > growing </wordcount>
    <wordcount weight="1" > senior </wordcount>
    <wordcount weight="1" > exemplified </wordcount>
    <wordcount weight="1" > incorporated </wordcount>
    <wordcount weight="1" > measurements </wordcount>
    <wordcount weight="1" > morphometrics </wordcount>
    <wordcount weight="1" > spotting </wordcount>
    <wordcount weight="1" > invoked </wordcount>
    <wordcount weight="1" > elicited </wordcount>
    <wordcount weight="1" > known </wordcount>
    <wordcount weight="1" > milieu </wordcount>
    <wordcount weight="1" > precise </wordcount>
    <wordcount weight="1" > temporal </wordcount>
    <wordcount weight="1" > mac </wordcount>
    <wordcount weight="1" > besides </wordcount>
    <wordcount weight="1" > sciences </wordcount>
    <wordcount weight="1" > creations </wordcount>
    <wordcount weight="1" > here </wordcount>
    <wordcount weight="1" > quickly </wordcount>
    <wordcount weight="1" > mis </wordcount>
    <wordcount weight="1" > outcome </wordcount>
    <wordcount weight="1" > ni </wordcount>
    <wordcount weight="1" > limnology </wordcount>
    <wordcount weight="1" > tj </wordcount>
    <wordcount weight="1" > conversant </wordcount>
    <wordcount weight="1" > principle </wordcount>
    <wordcount weight="1" > paper </wordcount>
    <wordcount weight="1" > sizes </wordcount>
    <wordcount weight="1" > interested </wordcount>
    <wordcount weight="1" > outdoor </wordcount>
    <wordcount weight="1" > correlational </wordcount>
    <wordcount weight="1" > pragmatic </wordcount>
    <wordcount weight="1" > accommodate </wordcount>
    <wordcount weight="1" > bu </wordcount>
    <wordcount weight="1" > argue </wordcount>
    <wordcount weight="1" > cragg </wordcount>
    <wordcount weight="1" > allied </wordcount>
    <wordcount weight="1" > ledge </wordcount>
    <wordcount weight="1" > foundation </wordcount>
    <wordcount weight="1" > intro </wordcount>
    <wordcount weight="1" > denotes </wordcount>
    <wordcount weight="1" > infer </wordcount>
    <wordcount weight="1" > far </wordcount>
    <wordcount weight="1" > equilibrium </wordcount>
    <wordcount weight="1" > expository </wordcount>
    <wordcount weight="1" > quoted </wordcount>
    <wordcount weight="1" > emerges </wordcount>
    <wordcount weight="1" > type </wordcount>
    <wordcount weight="1" > scores </wordcount>
    <wordcount weight="1" > oliver </wordcount>
    <wordcount weight="1" > interactive </wordcount>
    <wordcount weight="1" > better </wordcount>
    <wordcount weight="1" > places </wordcount>
    <wordcount weight="1" > turned </wordcount>
    <wordcount weight="1" > beginning </wordcount>
    <wordcount weight="1" > defend </wordcount>
    <wordcount weight="1" > virtual </wordcount>
    <wordcount weight="1" > experi </wordcount>
    <wordcount weight="1" > investigation </wordcount>
    <wordcount weight="1" > unique </wordcount>
    <wordcount weight="1" > wc </wordcount>
    <wordcount weight="1" > form </wordcount>
    <wordcount weight="1" > list </wordcount>
    <wordcount weight="1" > making </wordcount>
    <wordcount weight="1" > da </wordcount>
    <wordcount weight="1" > plants </wordcount>
    <wordcount weight="1" > cause </wordcount>
    <wordcount weight="1" > independently </wordcount>
    <wordcount weight="1" > males </wordcount>
    <wordcount weight="1" > add </wordcount>
    <wordcount weight="1" > maintain </wordcount>
    <wordcount weight="1" > textbook </wordcount>
    <wordcount weight="1" > portmanteau </wordcount>
    <wordcount weight="1" > mere </wordcount>
    <wordcount weight="1" > extent </wordcount>
    <wordcount weight="1" > fascination </wordcount>
    <wordcount weight="1" > gical </wordcount>
    <wordcount weight="1" > foundations </wordcount>
    <wordcount weight="1" > studying </wordcount>
    <wordcount weight="1" > scient </wordcount>
    <wordcount weight="1" > influenced </wordcount>
    <wordcount weight="1" > precedent </wordcount>
    <wordcount weight="1" > resident </wordcount>
    <wordcount weight="1" > pervade </wordcount>
    <wordcount weight="1" > bodies </wordcount>
    <wordcount weight="1" > outline </wordcount>
    <wordcount weight="1" > level </wordcount>
    <wordcount weight="1" > prerogative </wordcount>
    <wordcount weight="1" > disparate </wordcount>
    <wordcount weight="1" > sheer </wordcount>
    <wordcount weight="1" > uniform </wordcount>
    <wordcount weight="1" > introduced </wordcount>
    <wordcount weight="1" > endlessly </wordcount>
    <wordcount weight="1" > intended </wordcount>
    <wordcount weight="1" > disciplines </wordcount>
    <wordcount weight="1" > controls </wordcount>
    <wordcount weight="1" > conventional </wordcount>
    <wordcount weight="1" > contribute </wordcount>
    <wordcount weight="1" > gain </wordcount>
    <wordcount weight="1" > aspect </wordcount>
    <wordcount weight="1" > coming </wordcount>
    <wordcount weight="1" > construed </wordcount>
    <wordcount weight="1" > varied </wordcount>
    <wordcount weight="1" > sparked </wordcount>
    <wordcount weight="1" > impracticalities </wordcount>
    <wordcount weight="1" > tions </wordcount>
    <wordcount weight="1" > come </wordcount>
    <wordcount weight="1" > heralded </wordcount>
    <wordcount weight="1" > idealism </wordcount>
    <wordcount weight="1" > understandings </wordcount>
    <wordcount weight="1" > drafts </wordcount>
    <wordcount weight="1" > infects </wordcount>
    <wordcount weight="1" > background </wordcount>
    <wordcount weight="1" > ignored </wordcount>
    <wordcount weight="1" > rediscovery </wordcount>
    <wordcount weight="1" > intensified </wordcount>
    <wordcount weight="1" > renowned </wordcount>
    <wordcount weight="1" > similarity </wordcount>
    <wordcount weight="1" > illinois </wordcount>
    <wordcount weight="1" > numerous </wordcount>
    <wordcount weight="1" > persuasiveness </wordcount>
    <wordcount weight="1" > national </wordcount>
    <wordcount weight="1" > phylaboratory </wordcount>
    <wordcount weight="1" > corporated </wordcount>
    <wordcount weight="1" > ecosystem </wordcount>
    <wordcount weight="1" > course </wordcount>
    <wordcount weight="1" > contributed </wordcount>
    <wordcount weight="1" > instead </wordcount>
    <wordcount weight="1" > grown </wordcount>
    <wordcount weight="1" > land </wordcount>
    <wordcount weight="1" > dense </wordcount>
    <wordcount weight="1" > environ </wordcount>
    <wordcount weight="1" > ll </wordcount>
    <wordcount weight="1" > glass </wordcount>
    <wordcount weight="1" > attributes </wordcount>
    <wordcount weight="1" > france </wordcount>
    <wordcount weight="1" > association </wordcount>
    <wordcount weight="1" > rudiments </wordcount>
    <wordcount weight="1" > lj </wordcount>
    <wordcount weight="1" > ranged </wordcount>
    <wordcount weight="1" > sj </wordcount>
    <wordcount weight="1" > specific </wordcount>
    <wordcount weight="1" > removed </wordcount>
    <wordcount weight="1" > ser </wordcount>
    <wordcount weight="1" > consisted </wordcount>
    <wordcount weight="1" > point </wordcount>
    <wordcount weight="1" > restricts </wordcount>
    <wordcount weight="1" > reached </wordcount>
    <wordcount weight="1" > partial </wordcount>
    <wordcount weight="1" > occur </wordcount>
    <wordcount weight="1" > severely </wordcount>
    <wordcount weight="1" > abandoned </wordcount>
    <wordcount weight="1" > reconciling </wordcount>
    <wordcount weight="1" > images </wordcount>
    <wordcount weight="1" > eb </wordcount>
    <wordcount weight="1" > taylor </wordcount>
    <wordcount weight="1" > famous </wordcount>
    <wordcount weight="1" > asked </wordcount>
    <wordcount weight="1" > doing </wordcount>
    <wordcount weight="1" > built </wordcount>
    <wordcount weight="1" > close </wordcount>
    <wordcount weight="1" > major </wordcount>
    <wordcount weight="1" > customarily </wordcount>
    <wordcount weight="1" > indeterminacy </wordcount>
    <wordcount weight="1" > looking </wordcount>
</article>
