<?xml version="1.0" encoding="UTF-8"?>
<article id="10.2307/1218603" >
    <wordcount weight="76" > the </wordcount>
    <wordcount weight="60" > of </wordcount>
    <wordcount weight="57" > in </wordcount>
    <wordcount weight="50" > and </wordcount>
    <wordcount weight="30" > a </wordcount>
    <wordcount weight="29" > to </wordcount>
    <wordcount weight="23" > he </wordcount>
    <wordcount weight="22" > turesson </wordcount>
    <wordcount weight="21" > his </wordcount>
    <wordcount weight="21" > as </wordcount>
    <wordcount weight="19" > was </wordcount>
    <wordcount weight="17" > with </wordcount>
    <wordcount weight="15" > that </wordcount>
    <wordcount weight="14" > plant </wordcount>
    <wordcount weight="13" > at </wordcount>
    <wordcount weight="13" > species </wordcount>
    <wordcount weight="10" > from </wordcount>
    <wordcount weight="10" > by </wordcount>
    <wordcount weight="10" > different </wordcount>
    <wordcount weight="8" > first </wordcount>
    <wordcount weight="8" > are </wordcount>
    <wordcount weight="8" > lund </wordcount>
    <wordcount weight="8" > this </wordcount>
    <wordcount weight="8" > on </wordcount>
    <wordcount weight="6" > also </wordcount>
    <wordcount weight="6" > had </wordcount>
    <wordcount weight="6" > plants </wordcount>
    <wordcount weight="6" > work </wordcount>
    <wordcount weight="6" > became </wordcount>
    <wordcount weight="6" > botany </wordcount>
    <wordcount weight="6" > were </wordcount>
    <wordcount weight="6" > research </wordcount>
    <wordcount weight="5" > university </wordcount>
    <wordcount weight="5" > but </wordcount>
    <wordcount weight="5" > these </wordcount>
    <wordcount weight="5" > sweden </wordcount>
    <wordcount weight="5" > paper </wordcount>
    <wordcount weight="5" > other </wordcount>
    <wordcount weight="5" > new </wordcount>
    <wordcount weight="5" > well </wordcount>
    <wordcount weight="5" > during </wordcount>
    <wordcount weight="5" > be </wordcount>
    <wordcount weight="4" > may </wordcount>
    <wordcount weight="4" > it </wordcount>
    <wordcount weight="4" > ecological </wordcount>
    <wordcount weight="4" > gote </wordcount>
    <wordcount weight="4" > uppsala </wordcount>
    <wordcount weight="4" > more </wordcount>
    <wordcount weight="4" > all </wordcount>
    <wordcount weight="4" > forms </wordcount>
    <wordcount weight="4" > which </wordcount>
    <wordcount weight="4" > one </wordcount>
    <wordcount weight="4" > among </wordcount>
    <wordcount weight="3" > science </wordcount>
    <wordcount weight="3" > scientific </wordcount>
    <wordcount weight="3" > obtained </wordcount>
    <wordcount weight="3" > return </wordcount>
    <wordcount weight="3" > special </wordcount>
    <wordcount weight="3" > united </wordcount>
    <wordcount weight="3" > is </wordcount>
    <wordcount weight="3" > or </wordcount>
    <wordcount weight="3" > following </wordcount>
    <wordcount weight="3" > same </wordcount>
    <wordcount weight="3" > age </wordcount>
    <wordcount weight="3" > two </wordcount>
    <wordcount weight="3" > for </wordcount>
    <wordcount weight="3" > occurrence </wordcount>
    <wordcount weight="3" > genecological </wordcount>
    <wordcount weight="3" > ecotypes </wordcount>
    <wordcount weight="3" > where </wordcount>
    <wordcount weight="3" > sexual </wordcount>
    <wordcount weight="3" > very </wordcount>
    <wordcount weight="3" > november </wordcount>
    <wordcount weight="3" > year </wordcount>
    <wordcount weight="3" > collection </wordcount>
    <wordcount weight="3" > garden </wordcount>
    <wordcount weight="3" > years </wordcount>
    <wordcount weight="3" > realized </wordcount>
    <wordcount weight="3" > an </wordcount>
    <wordcount weight="3" > early </wordcount>
    <wordcount weight="3" > up </wordcount>
    <wordcount weight="3" > even </wordcount>
    <wordcount weight="3" > results </wordcount>
    <wordcount weight="3" > period </wordcount>
    <wordcount weight="2" > bee </wordcount>
    <wordcount weight="2" > ranging </wordcount>
    <wordcount weight="2" > carried </wordcount>
    <wordcount weight="2" > not </wordcount>
    <wordcount weight="2" > chromosome </wordcount>
    <wordcount weight="2" > habitats </wordcount>
    <wordcount weight="2" > without </wordcount>
    <wordcount weight="2" > various </wordcount>
    <wordcount weight="2" > continued </wordcount>
    <wordcount weight="2" > later </wordcount>
    <wordcount weight="2" > been </wordcount>
    <wordcount weight="2" > doctoral </wordcount>
    <wordcount weight="2" > wrote </wordcount>
    <wordcount weight="2" > province </wordcount>
    <wordcount weight="2" > represented </wordcount>
    <wordcount weight="2" > importance </wordcount>
    <wordcount weight="2" > hieracium </wordcount>
    <wordcount weight="2" > wilhelm </wordcount>
    <wordcount weight="2" > biological </wordcount>
    <wordcount weight="2" > composed </wordcount>
    <wordcount weight="2" > types </wordcount>
    <wordcount weight="2" > articles </wordcount>
    <wordcount weight="2" > essential </wordcount>
    <wordcount weight="2" > position </wordcount>
    <wordcount weight="2" > acquired </wordcount>
    <wordcount weight="2" > numbers </wordcount>
    <wordcount weight="2" > series </wordcount>
    <wordcount weight="2" > department </wordcount>
    <wordcount weight="2" > published </wordcount>
    <wordcount weight="2" > apomicts </wordcount>
    <wordcount weight="2" > production </wordcount>
    <wordcount weight="2" > natural </wordcount>
    <wordcount weight="2" > genotypically </wordcount>
    <wordcount weight="2" > diseases </wordcount>
    <wordcount weight="2" > clover </wordcount>
    <wordcount weight="2" > lived </wordcount>
    <wordcount weight="2" > real </wordcount>
    <wordcount weight="2" > there </wordcount>
    <wordcount weight="2" > last </wordcount>
    <wordcount weight="2" > microspecies </wordcount>
    <wordcount weight="2" > physiological </wordcount>
    <wordcount weight="2" > mycological </wordcount>
    <wordcount weight="2" > born </wordcount>
    <wordcount weight="2" > within </wordcount>
    <wordcount weight="2" > lecturer </wordcount>
    <wordcount weight="2" > papers </wordcount>
    <wordcount weight="2" > produced </wordcount>
    <wordcount weight="2" > less </wordcount>
    <wordcount weight="2" > material </wordcount>
    <wordcount weight="2" > out </wordcount>
    <wordcount weight="2" > institute </wordcount>
    <wordcount weight="2" > because </wordcount>
    <wordcount weight="2" > another </wordcount>
    <wordcount weight="2" > demonstrated </wordcount>
    <wordcount weight="2" > made </wordcount>
    <wordcount weight="2" > comprises </wordcount>
    <wordcount weight="2" > hereditary </wordcount>
    <wordcount weight="2" > breeding </wordcount>
    <wordcount weight="2" > its </wordcount>
    <wordcount weight="2" > cultivated </wordcount>
    <wordcount weight="2" > apomictic </wordcount>
    <wordcount weight="2" > phenomenon </wordcount>
    <wordcount weight="2" > climatic </wordcount>
    <wordcount weight="2" > pilosella </wordcount>
    <wordcount weight="2" > states </wordcount>
    <wordcount weight="2" > taxon </wordcount>
    <wordcount weight="2" > systematic </wordcount>
    <wordcount weight="2" > autotetraploid </wordcount>
    <wordcount weight="2" > differentiation </wordcount>
    <wordcount weight="2" > numerous </wordcount>
    <wordcount weight="2" > comprehensive </wordcount>
    <wordcount weight="2" > characteristic </wordcount>
    <wordcount weight="2" > genetics </wordcount>
    <wordcount weight="2" > field </wordcount>
    <wordcount weight="2" > features </wordcount>
    <wordcount weight="2" > quite </wordcount>
    <wordcount weight="2" > several </wordcount>
    <wordcount weight="2" > flora </wordcount>
    <wordcount weight="2" > between </wordcount>
    <wordcount weight="2" > races </wordcount>
    <wordcount weight="2" > effect </wordcount>
    <wordcount weight="2" > when </wordcount>
    <wordcount weight="2" > versus </wordcount>
    <wordcount weight="1" > thirtieth </wordcount>
    <wordcount weight="1" > south </wordcount>
    <wordcount weight="1" > things </wordcount>
    <wordcount weight="1" > now </wordcount>
    <wordcount weight="1" > solvegatan </wordcount>
    <wordcount weight="1" > interesting </wordcount>
    <wordcount weight="1" > obligately </wordcount>
    <wordcount weight="1" > forerunners </wordcount>
    <wordcount weight="1" > viviparous </wordcount>
    <wordcount weight="1" > second </wordcount>
    <wordcount weight="1" > matriculated </wordcount>
    <wordcount weight="1" > town </wordcount>
    <wordcount weight="1" > declaration </wordcount>
    <wordcount weight="1" > intestinal </wordcount>
    <wordcount weight="1" > complex </wordcount>
    <wordcount weight="1" > benedicte </wordcount>
    <wordcount weight="1" > no </wordcount>
    <wordcount weight="1" > true </wordcount>
    <wordcount weight="1" > concerned </wordcount>
    <wordcount weight="1" > indicated </wordcount>
    <wordcount weight="1" > purely </wordcount>
    <wordcount weight="1" > substances </wordcount>
    <wordcount weight="1" > economic </wordcount>
    <wordcount weight="1" > main </wordcount>
    <wordcount weight="1" > happy </wordcount>
    <wordcount weight="1" > truebreeding </wordcount>
    <wordcount weight="1" > biotypes </wordcount>
    <wordcount weight="1" > aunt </wordcount>
    <wordcount weight="1" > fear </wordcount>
    <wordcount weight="1" > separated </wordcount>
    <wordcount weight="1" > limited </wordcount>
    <wordcount weight="1" > basic </wordcount>
    <wordcount weight="1" > environmental </wordcount>
    <wordcount weight="1" > college </wordcount>
    <wordcount weight="1" > death </wordcount>
    <wordcount weight="1" > red </wordcount>
    <wordcount weight="1" > subdivision </wordcount>
    <wordcount weight="1" > who </wordcount>
    <wordcount weight="1" > strains </wordcount>
    <wordcount weight="1" > collections </wordcount>
    <wordcount weight="1" > alsike </wordcount>
    <wordcount weight="1" > detailed </wordcount>
    <wordcount weight="1" > still </wordcount>
    <wordcount weight="1" > dealt </wordcount>
    <wordcount weight="1" > force </wordcount>
    <wordcount weight="1" > began </wordcount>
    <wordcount weight="1" > returned </wordcount>
    <wordcount weight="1" > after </wordcount>
    <wordcount weight="1" > lasted </wordcount>
    <wordcount weight="1" > per </wordcount>
    <wordcount weight="1" > deserves </wordcount>
    <wordcount weight="1" > certain </wordcount>
    <wordcount weight="1" > taxonomists </wordcount>
    <wordcount weight="1" > large </wordcount>
    <wordcount weight="1" > their </wordcount>
    <wordcount weight="1" > southern </wordcount>
    <wordcount weight="1" > countries </wordcount>
    <wordcount weight="1" > led </wordcount>
    <wordcount weight="1" > comprised </wordcount>
    <wordcount weight="1" > represents </wordcount>
    <wordcount weight="1" > life </wordcount>
    <wordcount weight="1" > kinds </wordcount>
    <wordcount weight="1" > often </wordcount>
    <wordcount weight="1" > analysis </wordcount>
    <wordcount weight="1" > terminated </wordcount>
    <wordcount weight="1" > animals </wordcount>
    <wordcount weight="1" > once </wordcount>
    <wordcount weight="1" > communities </wordcount>
    <wordcount weight="1" > flowering </wordcount>
    <wordcount weight="1" > means </wordcount>
    <wordcount weight="1" > appointments </wordcount>
    <wordcount weight="1" > canada </wordcount>
    <wordcount weight="1" > studies </wordcount>
    <wordcount weight="1" > strolling </wordcount>
    <wordcount weight="1" > case </wordcount>
    <wordcount weight="1" > soon </wordcount>
    <wordcount weight="1" > experimentally </wordcount>
    <wordcount weight="1" > under </wordcount>
    <wordcount weight="1" > considered </wordcount>
    <wordcount weight="1" > bogs </wordcount>
    <wordcount weight="1" > selective </wordcount>
    <wordcount weight="1" > thesis </wordcount>
    <wordcount weight="1" > school </wordcount>
    <wordcount weight="1" > linnean </wordcount>
    <wordcount weight="1" > into </wordcount>
    <wordcount weight="1" > intensive </wordcount>
    <wordcount weight="1" > title </wordcount>
    <wordcount weight="1" > home </wordcount>
    <wordcount weight="1" > then </wordcount>
    <wordcount weight="1" > clearly </wordcount>
    <wordcount weight="1" > shares </wordcount>
    <wordcount weight="1" > before </wordcount>
    <wordcount weight="1" > proposed </wordcount>
    <wordcount weight="1" > camtschatcense </wordcount>
    <wordcount weight="1" > induced </wordcount>
    <wordcount weight="1" > experimental </wordcount>
    <wordcount weight="1" > chief </wordcount>
    <wordcount weight="1" > observations </wordcount>
    <wordcount weight="1" > mould </wordcount>
    <wordcount weight="1" > met </wordcount>
    <wordcount weight="1" > belonging </wordcount>
    <wordcount weight="1" > botanist </wordcount>
    <wordcount weight="1" > four </wordcount>
    <wordcount weight="1" > unavoidable </wordcount>
    <wordcount weight="1" > journeys </wordcount>
    <wordcount weight="1" > extensive </wordcount>
    <wordcount weight="1" > jutland </wordcount>
    <wordcount weight="1" > only </wordcount>
    <wordcount weight="1" > neighbouring </wordcount>
    <wordcount weight="1" > units </wordcount>
    <wordcount weight="1" > volume </wordcount>
    <wordcount weight="1" > besides </wordcount>
    <wordcount weight="1" > subalpinus </wordcount>
    <wordcount weight="1" > interested </wordcount>
    <wordcount weight="1" > important </wordcount>
    <wordcount weight="1" > genecology </wordcount>
    <wordcount weight="1" > retirement </wordcount>
    <wordcount weight="1" > delimitation </wordcount>
    <wordcount weight="1" > humans </wordcount>
    <wordcount weight="1" > projects </wordcount>
    <wordcount weight="1" > many </wordcount>
    <wordcount weight="1" > discerned </wordcount>
    <wordcount weight="1" > response </wordcount>
    <wordcount weight="1" > weibullsholm </wordcount>
    <wordcount weight="1" > fact </wordcount>
    <wordcount weight="1" > lead </wordcount>
    <wordcount weight="1" > connection </wordcount>
    <wordcount weight="1" > best </wordcount>
    <wordcount weight="1" > leading </wordcount>
    <wordcount weight="1" > areas </wordcount>
    <wordcount weight="1" > appearance </wordcount>
    <wordcount weight="1" > together </wordcount>
    <wordcount weight="1" > great </wordcount>
    <wordcount weight="1" > trips </wordcount>
    <wordcount weight="1" > strength </wordcount>
    <wordcount weight="1" > prospectus </wordcount>
    <wordcount weight="1" > regard </wordcount>
    <wordcount weight="1" > time </wordcount>
    <wordcount weight="1" > thoroughness </wordcount>
    <wordcount weight="1" > habitat </wordcount>
    <wordcount weight="1" > far </wordcount>
    <wordcount weight="1" > edaphic </wordcount>
    <wordcount weight="1" > contemporary </wordcount>
    <wordcount weight="1" > reproduction </wordcount>
    <wordcount weight="1" > illness </wordcount>
    <wordcount weight="1" > happiness </wordcount>
    <wordcount weight="1" > man </wordcount>
    <wordcount weight="1" > autumn </wordcount>
    <wordcount weight="1" > serious </wordcount>
    <wordcount weight="1" > absurdities </wordcount>
    <wordcount weight="1" > liver </wordcount>
    <wordcount weight="1" > living </wordcount>
    <wordcount weight="1" > state </wordcount>
    <wordcount weight="1" > took </wordcount>
    <wordcount weight="1" > quietly </wordcount>
    <wordcount weight="1" > remarkable </wordcount>
    <wordcount weight="1" > investigations </wordcount>
    <wordcount weight="1" > differences </wordcount>
    <wordcount weight="1" > ecology </wordcount>
    <wordcount weight="1" > investigation </wordcount>
    <wordcount weight="1" > terms </wordcount>
    <wordcount weight="1" > heavily </wordcount>
    <wordcount weight="1" > toxic </wordcount>
    <wordcount weight="1" > making </wordcount>
    <wordcount weight="1" > sociology </wordcount>
    <wordcount weight="1" > publications </wordcount>
    <wordcount weight="1" > energy </wordcount>
    <wordcount weight="1" > excursions </wordcount>
    <wordcount weight="1" > genetiska </wordcount>
    <wordcount weight="1" > agricultural </wordcount>
    <wordcount weight="1" > botanical </wordcount>
    <wordcount weight="1" > native </wordcount>
    <wordcount weight="1" > burdened </wordcount>
    <wordcount weight="1" > plagiotropism </wordcount>
    <wordcount weight="1" > diploidy </wordcount>
    <wordcount weight="1" > lysichiton </wordcount>
    <wordcount weight="1" > while </wordcount>
    <wordcount weight="1" > number </wordcount>
    <wordcount weight="1" > america </wordcount>
    <wordcount weight="1" > criteria </wordcount>
    <wordcount weight="1" > aspects </wordcount>
    <wordcount weight="1" > degree </wordcount>
    <wordcount weight="1" > prostrate </wordcount>
    <wordcount weight="1" > opened </wordcount>
    <wordcount weight="1" > licentiate </wordcount>
    <wordcount weight="1" > schoolmaster </wordcount>
    <wordcount weight="1" > relief </wordcount>
    <wordcount weight="1" > collecting </wordcount>
    <wordcount weight="1" > extended </wordcount>
    <wordcount weight="1" > categories </wordcount>
    <wordcount weight="1" > probably </wordcount>
    <wordcount weight="1" > middle </wordcount>
    <wordcount weight="1" > landskrona </wordcount>
    <wordcount weight="1" > breeder </wordcount>
    <wordcount weight="1" > properties </wordcount>
    <wordcount weight="1" > scope </wordcount>
    <wordcount weight="1" > received </wordcount>
    <wordcount weight="1" > some </wordcount>
    <wordcount weight="1" > comprise </wordcount>
    <wordcount weight="1" > tetraploid </wordcount>
    <wordcount weight="1" > chiefly </wordcount>
    <wordcount weight="1" > organisms </wordcount>
    <wordcount weight="1" > upon </wordcount>
    <wordcount weight="1" > presented </wordcount>
    <wordcount weight="1" > obvious </wordcount>
    <wordcount weight="1" > son </wordcount>
    <wordcount weight="1" > concept </wordcount>
    <wordcount weight="1" > genotypical </wordcount>
    <wordcount weight="1" > reported </wordcount>
    <wordcount weight="1" > fungi </wordcount>
    <wordcount weight="1" > including </wordcount>
    <wordcount weight="1" > introduced </wordcount>
    <wordcount weight="1" > establishment </wordcount>
    <wordcount weight="1" > role </wordcount>
    <wordcount weight="1" > concern </wordcount>
    <wordcount weight="1" > criticized </wordcount>
    <wordcount weight="1" > ten </wordcount>
    <wordcount weight="1" > empirical </wordcount>
    <wordcount weight="1" > went </wordcount>
    <wordcount weight="1" > adapted </wordcount>
    <wordcount weight="1" > investigated </wordcount>
    <wordcount weight="1" > gave </wordcount>
    <wordcount weight="1" > oecotypus </wordcount>
    <wordcount weight="1" > describe </wordcount>
    <wordcount weight="1" > place </wordcount>
    <wordcount weight="1" > much </wordcount>
    <wordcount weight="1" > collective </wordcount>
    <wordcount weight="1" > contains </wordcount>
    <wordcount weight="1" > emigrated </wordcount>
    <wordcount weight="1" > botanists </wordcount>
    <wordcount weight="1" > pleasure </wordcount>
    <wordcount weight="1" > trend </wordcount>
    <wordcount weight="1" > central </wordcount>
    <wordcount weight="1" > prostrata </wordcount>
    <wordcount weight="1" > engaged </wordcount>
    <wordcount weight="1" > phase </wordcount>
    <wordcount weight="1" > disease </wordcount>
    <wordcount weight="1" > trip </wordcount>
    <wordcount weight="1" > personal </wordcount>
    <wordcount weight="1" > fungus </wordcount>
    <wordcount weight="1" > married </wordcount>
    <wordcount weight="1" > devoted </wordcount>
    <wordcount weight="1" > hexaploidy </wordcount>
    <wordcount weight="1" > development </wordcount>
    <wordcount weight="1" > professor </wordcount>
    <wordcount weight="1" > discovered </wordcount>
    <wordcount weight="1" > since </wordcount>
    <wordcount weight="1" > initiated </wordcount>
    <wordcount weight="1" > three </wordcount>
    <wordcount weight="1" > seashore </wordcount>
    <wordcount weight="1" > regions </wordcount>
    <wordcount weight="1" > washington </wordcount>
    <wordcount weight="1" > doctor </wordcount>
    <wordcount weight="1" > analysed </wordcount>
    <wordcount weight="1" > group </wordcount>
    <wordcount weight="1" > accounted </wordcount>
    <wordcount weight="1" > festuca </wordcount>
    <wordcount weight="1" > aware </wordcount>
    <wordcount weight="1" > stressed </wordcount>
    <wordcount weight="1" > deals </wordcount>
    <wordcount weight="1" > approximately </wordcount>
    <wordcount weight="1" > started </wordcount>
    <wordcount weight="1" > caused </wordcount>
    <wordcount weight="1" > schoolboy </wordcount>
    <wordcount weight="1" > would </wordcount>
    <wordcount weight="1" > morphologically </wordcount>
    <wordcount weight="1" > corresponds </wordcount>
    <wordcount weight="1" > so </wordcount>
    <wordcount weight="1" > respects </wordcount>
    <wordcount weight="1" > realization </wordcount>
    <wordcount weight="1" > duties </wordcount>
    <wordcount weight="1" > honey </wordcount>
    <wordcount weight="1" > collected </wordcount>
    <wordcount weight="1" > stresses </wordcount>
    <wordcount weight="1" > administrative </wordcount>
    <wordcount weight="1" > kind </wordcount>
    <wordcount weight="1" > defined </wordcount>
    <wordcount weight="1" > contrast </wordcount>
    <wordcount weight="1" > earlier </wordcount>
    <wordcount weight="1" > heterogenous </wordcount>
    <wordcount weight="1" > flourishing </wordcount>
    <wordcount weight="1" > latter </wordcount>
    <wordcount weight="1" > around </wordcount>
    <wordcount weight="1" > late </wordcount>
    <wordcount weight="1" > small </wordcount>
    <wordcount weight="1" > concerning </wordcount>
    <wordcount weight="1" > especially </wordcount>
    <wordcount weight="1" > parallel </wordcount>
    <wordcount weight="1" > rye </wordcount>
    <wordcount weight="1" > young </wordcount>
    <wordcount weight="1" > become </wordcount>
    <wordcount weight="1" > relation </wordcount>
    <wordcount weight="1" > favourable </wordcount>
    <wordcount weight="1" > climate </wordcount>
    <wordcount weight="1" > distinguished </wordcount>
    <wordcount weight="1" > left </wordcount>
    <wordcount weight="1" > third </wordcount>
    <wordcount weight="1" > consulted </wordcount>
    <wordcount weight="1" > reached </wordcount>
    <wordcount weight="1" > miintzing </wordcount>
    <wordcount weight="1" > can </wordcount>
    <wordcount weight="1" > seattle </wordcount>
    <wordcount weight="1" > died </wordcount>
    <wordcount weight="1" > potatoes </wordcount>
    <wordcount weight="1" > bachelor </wordcount>
    <wordcount weight="1" > import </wordcount>
    <wordcount weight="1" > uniform </wordcount>
    <wordcount weight="1" > aposporous </wordcount>
    <wordcount weight="1" > northern </wordcount>
    <wordcount weight="1" > bees </wordcount>
    <wordcount weight="1" > world </wordcount>
    <wordcount weight="1" > strong </wordcount>
    <wordcount weight="1" > arne </wordcount>
    <wordcount weight="1" > tendency </wordcount>
    <wordcount weight="1" > should </wordcount>
    <wordcount weight="1" > tract </wordcount>
    <wordcount weight="1" > productive </wordcount>
    <wordcount weight="1" > though </wordcount>
    <wordcount weight="1" > interests </wordcount>
    <wordcount weight="1" > attention </wordcount>
    <wordcount weight="1" > joran </wordcount>
    <wordcount weight="1" > master </wordcount>
    <wordcount weight="1" > widely </wordcount>
    <wordcount weight="1" > separate </wordcount>
</article>
