<?xml version="1.0" encoding="UTF-8"?>
<article id="10.2307/2387727" >
    <wordcount weight="184" > the </wordcount>
    <wordcount weight="174" > of </wordcount>
    <wordcount weight="111" > and </wordcount>
    <wordcount weight="78" > in </wordcount>
    <wordcount weight="58" > gunnera </wordcount>
    <wordcount weight="57" > pollen </wordcount>
    <wordcount weight="43" > from </wordcount>
    <wordcount weight="39" > to </wordcount>
    <wordcount weight="31" > a </wordcount>
    <wordcount weight="25" > fossil </wordcount>
    <wordcount weight="22" > are </wordcount>
    <wordcount weight="18" > is </wordcount>
    <wordcount weight="18" > with </wordcount>
    <wordcount weight="18" > polar </wordcount>
    <wordcount weight="18" > cretaceous </wordcount>
    <wordcount weight="17" > at </wordcount>
    <wordcount weight="16" > as </wordcount>
    <wordcount weight="16" > maastrichtian </wordcount>
    <wordcount weight="16" > g </wordcount>
    <wordcount weight="16" > species </wordcount>
    <wordcount weight="15" > m </wordcount>
    <wordcount weight="15" > new </wordcount>
    <wordcount weight="15" > equatorial </wordcount>
    <wordcount weight="14" > j </wordcount>
    <wordcount weight="13" > upper </wordcount>
    <wordcount weight="13" > has </wordcount>
    <wordcount weight="13" > america </wordcount>
    <wordcount weight="13" > which </wordcount>
    <wordcount weight="13" > north </wordcount>
    <wordcount weight="12" > by </wordcount>
    <wordcount weight="12" > extant </wordcount>
    <wordcount weight="12" > for </wordcount>
    <wordcount weight="12" > usa </wordcount>
    <wordcount weight="11" > e </wordcount>
    <wordcount weight="11" > southern </wordcount>
    <wordcount weight="11" > all </wordcount>
    <wordcount weight="10" > western </wordcount>
    <wordcount weight="10" > k </wordcount>
    <wordcount weight="10" > genus </wordcount>
    <wordcount weight="10" > d </wordcount>
    <wordcount weight="9" > been </wordcount>
    <wordcount weight="9" > h </wordcount>
    <wordcount weight="9" > canada </wordcount>
    <wordcount weight="9" > or </wordcount>
    <wordcount weight="9" > that </wordcount>
    <wordcount weight="9" > ca </wordcount>
    <wordcount weight="9" > tricolpites </wordcount>
    <wordcount weight="9" > palynology </wordcount>
    <wordcount weight="9" > interior </wordcount>
    <wordcount weight="9" > on </wordcount>
    <wordcount weight="8" > south </wordcount>
    <wordcount weight="8" > f </wordcount>
    <wordcount weight="8" > tertiary </wordcount>
    <wordcount weight="8" > not </wordcount>
    <wordcount weight="8" > pp </wordcount>
    <wordcount weight="8" > rainfall </wordcount>
    <wordcount weight="8" > figs </wordcount>
    <wordcount weight="8" > et </wordcount>
    <wordcount weight="8" > have </wordcount>
    <wordcount weight="7" > spores </wordcount>
    <wordcount weight="7" > grains </wordcount>
    <wordcount weight="7" > only </wordcount>
    <wordcount weight="7" > l </wordcount>
    <wordcount weight="7" > s </wordcount>
    <wordcount weight="7" > distribution </wordcount>
    <wordcount weight="7" > near </wordcount>
    <wordcount weight="7" > some </wordcount>
    <wordcount weight="7" > w </wordcount>
    <wordcount weight="7" > data </wordcount>
    <wordcount weight="7" > this </wordcount>
    <wordcount weight="6" > veracruz </wordcount>
    <wordcount weight="6" > geol </wordcount>
    <wordcount weight="6" > harris </wordcount>
    <wordcount weight="6" > dimensions </wordcount>
    <wordcount weight="6" > view </wordcount>
    <wordcount weight="6" > campanian </wordcount>
    <wordcount weight="6" > central </wordcount>
    <wordcount weight="6" > formation </wordcount>
    <wordcount weight="6" > record </wordcount>
    <wordcount weight="6" > middle </wordcount>
    <wordcount weight="6" > r </wordcount>
    <wordcount weight="6" > during </wordcount>
    <wordcount weight="6" > saskatchewan </wordcount>
    <wordcount weight="6" > de </wordcount>
    <wordcount weight="6" > sp </wordcount>
    <wordcount weight="6" > pm </wordcount>
    <wordcount weight="6" > an </wordcount>
    <wordcount weight="6" > fig </wordcount>
    <wordcount weight="6" > c </wordcount>
    <wordcount weight="6" > be </wordcount>
    <wordcount weight="6" > present </wordcount>
    <wordcount weight="5" > may </wordcount>
    <wordcount weight="5" > miocene </wordcount>
    <wordcount weight="5" > b </wordcount>
    <wordcount weight="5" > cookson </wordcount>
    <wordcount weight="5" > palynological </wordcount>
    <wordcount weight="5" > spec </wordcount>
    <wordcount weight="5" > india </wordcount>
    <wordcount weight="5" > other </wordcount>
    <wordcount weight="5" > affinities </wordcount>
    <wordcount weight="5" > figure </wordcount>
    <wordcount weight="5" > i </wordcount>
    <wordcount weight="5" > hawaiian </wordcount>
    <wordcount weight="5" > plants </wordcount>
    <wordcount weight="5" > aust </wordcount>
    <wordcount weight="5" > dr </wordcount>
    <wordcount weight="5" > axis </wordcount>
    <wordcount weight="5" > bot </wordcount>
    <wordcount weight="5" > gunneras </wordcount>
    <wordcount weight="5" > were </wordcount>
    <wordcount weight="5" > sediments </wordcount>
    <wordcount weight="5" > eocene </wordcount>
    <wordcount weight="5" > high </wordcount>
    <wordcount weight="5" > least </wordcount>
    <wordcount weight="5" > flora </wordcount>
    <wordcount weight="4" > bull </wordcount>
    <wordcount weight="4" > no </wordcount>
    <wordcount weight="4" > one </wordcount>
    <wordcount weight="4" > about </wordcount>
    <wordcount weight="4" > table </wordcount>
    <wordcount weight="4" > ameghiniana </wordcount>
    <wordcount weight="4" > its </wordcount>
    <wordcount weight="4" > heavy </wordcount>
    <wordcount weight="4" > floras </wordcount>
    <wordcount weight="4" > age </wordcount>
    <wordcount weight="4" > reports </wordcount>
    <wordcount weight="4" > n </wordcount>
    <wordcount weight="4" > t </wordcount>
    <wordcount weight="4" > occurrences </wordcount>
    <wordcount weight="4" > der </wordcount>
    <wordcount weight="4" > wyoming </wordcount>
    <wordcount weight="4" > paleocene </wordcount>
    <wordcount weight="4" > meters </wordcount>
    <wordcount weight="4" > occurrence </wordcount>
    <wordcount weight="4" > found </wordcount>
    <wordcount weight="4" > p </wordcount>
    <wordcount weight="4" > graham </wordcount>
    <wordcount weight="4" > zealand </wordcount>
    <wordcount weight="4" > type </wordcount>
    <wordcount weight="4" > those </wordcount>
    <wordcount weight="4" > within </wordcount>
    <wordcount weight="4" > univ </wordcount>
    <wordcount weight="4" > early </wordcount>
    <wordcount weight="4" > mm </wordcount>
    <wordcount weight="4" > region </wordcount>
    <wordcount weight="4" > praglowski </wordcount>
    <wordcount weight="4" > average </wordcount>
    <wordcount weight="4" > national </wordcount>
    <wordcount weight="4" > regions </wordcount>
    <wordcount weight="4" > macginitie </wordcount>
    <wordcount weight="4" > occurs </wordcount>
    <wordcount weight="4" > cf </wordcount>
    <wordcount weight="4" > mexico </wordcount>
    <wordcount weight="4" > edmonton </wordcount>
    <wordcount weight="4" > soc </wordcount>
    <wordcount weight="4" > probably </wordcount>
    <wordcount weight="4" > northern </wordcount>
    <wordcount weight="4" > world </wordcount>
    <wordcount weight="4" > wet </wordcount>
    <wordcount weight="4" > provided </wordcount>
    <wordcount weight="4" > occur </wordcount>
    <wordcount weight="3" > it </wordcount>
    <wordcount weight="3" > lance </wordcount>
    <wordcount weight="3" > colorado </wordcount>
    <wordcount weight="3" > today </wordcount>
    <wordcount weight="3" > plotted </wordcount>
    <wordcount weight="3" > populations </wordcount>
    <wordcount weight="3" > islands </wordcount>
    <wordcount weight="3" > margins </wordcount>
    <wordcount weight="3" > mountains </wordcount>
    <wordcount weight="3" > juan </wordcount>
    <wordcount weight="3" > del </wordcount>
    <wordcount weight="3" > their </wordcount>
    <wordcount weight="3" > length </wordcount>
    <wordcount weight="3" > angiosperm </wordcount>
    <wordcount weight="3" > geosci </wordcount>
    <wordcount weight="3" > was </wordcount>
    <wordcount weight="3" > history </wordcount>
    <wordcount weight="3" > mathur </wordcount>
    <wordcount weight="3" > brattseva </wordcount>
    <wordcount weight="3" > locality </wordcount>
    <wordcount weight="3" > pike </wordcount>
    <wordcount weight="3" > these </wordcount>
    <wordcount weight="3" > hell </wordcount>
    <wordcount weight="3" > most </wordcount>
    <wordcount weight="3" > two </wordcount>
    <wordcount weight="3" > geographic </wordcount>
    <wordcount weight="3" > williams </wordcount>
    <wordcount weight="3" > colpi </wordcount>
    <wordcount weight="3" > did </wordcount>
    <wordcount weight="3" > latitudes </wordcount>
    <wordcount weight="3" > seasonality </wordcount>
    <wordcount weight="3" > larger </wordcount>
    <wordcount weight="3" > very </wordcount>
    <wordcount weight="3" > man </wordcount>
    <wordcount weight="3" > vegetation </wordcount>
    <wordcount weight="3" > late </wordcount>
    <wordcount weight="3" > neotropical </wordcount>
    <wordcount weight="3" > where </wordcount>
    <wordcount weight="3" > axes </wordcount>
    <wordcount weight="3" > pl </wordcount>
    <wordcount weight="3" > eastern </wordcount>
    <wordcount weight="3" > hall </wordcount>
    <wordcount weight="3" > elevation </wordcount>
    <wordcount weight="3" > abundance </wordcount>
    <wordcount weight="3" > well </wordcount>
    <wordcount weight="3" > rock </wordcount>
    <wordcount weight="3" > pers </wordcount>
    <wordcount weight="3" > elevations </wordcount>
    <wordcount weight="3" > sea </wordcount>
    <wordcount weight="3" > deposits </wordcount>
    <wordcount weight="3" > far </wordcount>
    <wordcount weight="3" > along </wordcount>
    <wordcount weight="3" > moderate </wordcount>
    <wordcount weight="3" > chile </wordcount>
    <wordcount weight="3" > guinea </wordcount>
    <wordcount weight="3" > such </wordcount>
    <wordcount weight="3" > microreticulatus </wordcount>
    <wordcount weight="3" > mt </wordcount>
    <wordcount weight="3" > kemp </wordcount>
    <wordcount weight="3" > approximately </wordcount>
    <wordcount weight="3" > pap </wordcount>
    <wordcount weight="3" > plant </wordcount>
    <wordcount weight="3" > z </wordcount>
    <wordcount weight="3" > abundant </wordcount>
    <wordcount weight="3" > herteri </wordcount>
    <wordcount weight="3" > leaves </wordcount>
    <wordcount weight="3" > creek </wordcount>
    <wordcount weight="3" > ser </wordcount>
    <wordcount weight="3" > can </wordcount>
    <wordcount weight="3" > v </wordcount>
    <wordcount weight="3" > ninetyeast </wordcount>
    <wordcount weight="3" > northwestern </wordcount>
    <wordcount weight="3" > given </wordcount>
    <wordcount weight="3" > grain </wordcount>
    <wordcount weight="3" > than </wordcount>
    <wordcount weight="3" > alberta </wordcount>
    <wordcount weight="3" > evidence </wordcount>
    <wordcount weight="3" > comm </wordcount>
    <wordcount weight="2" > geophytol </wordcount>
    <wordcount weight="2" > sen </wordcount>
    <wordcount weight="2" > ridge </wordcount>
    <wordcount weight="2" > higher </wordcount>
    <wordcount weight="2" > morphology </wordcount>
    <wordcount weight="2" > san </wordcount>
    <wordcount weight="2" > springs </wordcount>
    <wordcount weight="2" > frequent </wordcount>
    <wordcount weight="2" > absence </wordcount>
    <wordcount weight="2" > montana </wordcount>
    <wordcount weight="2" > paleobiology </wordcount>
    <wordcount weight="2" > bracteata </wordcount>
    <wordcount weight="2" > stream </wordcount>
    <wordcount weight="2" > brit </wordcount>
    <wordcount weight="2" > names </wordcount>
    <wordcount weight="2" > groups </wordcount>
    <wordcount weight="2" > papua </wordcount>
    <wordcount weight="2" > extreme </wordcount>
    <wordcount weight="2" > nearly </wordcount>
    <wordcount weight="2" > srivastava </wordcount>
    <wordcount weight="2" > environments </wordcount>
    <wordcount weight="2" > elsevier </wordcount>
    <wordcount weight="2" > affinity </wordcount>
    <wordcount weight="2" > diagnosis </wordcount>
    <wordcount weight="2" > often </wordcount>
    <wordcount weight="2" > norton </wordcount>
    <wordcount weight="2" > guide </wordcount>
    <wordcount weight="2" > leffingwell </wordcount>
    <wordcount weight="2" > selling </wordcount>
    <wordcount weight="2" > types </wordcount>
    <wordcount weight="2" > museum </wordcount>
    <wordcount weight="2" > examined </wordcount>
    <wordcount weight="2" > studies </wordcount>
    <wordcount weight="2" > york </wordcount>
    <wordcount weight="2" > pliocene </wordcount>
    <wordcount weight="2" > rain </wordcount>
    <wordcount weight="2" > exped </wordcount>
    <wordcount weight="2" > antarctic </wordcount>
    <wordcount weight="2" > considered </wordcount>
    <wordcount weight="2" > bogs </wordcount>
    <wordcount weight="2" > res </wordcount>
    <wordcount weight="2" > paleotropical </wordcount>
    <wordcount weight="2" > temperate </wordcount>
    <wordcount weight="2" > into </wordcount>
    <wordcount weight="2" > share </wordcount>
    <wordcount weight="2" > included </wordcount>
    <wordcount weight="2" > asia </wordcount>
    <wordcount weight="2" > subgenera </wordcount>
    <wordcount weight="2" > palkovic </wordcount>
    <wordcount weight="2" > following </wordcount>
    <wordcount weight="2" > northeastern </wordcount>
    <wordcount weight="2" > restricted </wordcount>
    <wordcount weight="2" > indian </wordcount>
    <wordcount weight="2" > but </wordcount>
    <wordcount weight="2" > maestrichtian </wordcount>
    <wordcount weight="2" > illustrated </wordcount>
    <wordcount weight="2" > lower </wordcount>
    <wordcount weight="2" > shows </wordcount>
    <wordcount weight="2" > published </wordcount>
    <wordcount weight="2" > us </wordcount>
    <wordcount weight="2" > palynol </wordcount>
    <wordcount weight="2" > southward </wordcount>
    <wordcount weight="2" > more </wordcount>
    <wordcount weight="2" > museums </wordcount>
    <wordcount weight="2" > quaternary </wordcount>
    <wordcount weight="2" > sections </wordcount>
    <wordcount weight="2" > ii </wordcount>
    <wordcount weight="2" > senegal </wordcount>
    <wordcount weight="2" > fox </wordcount>
    <wordcount weight="2" > natural </wordcount>
    <wordcount weight="2" > experienced </wordcount>
    <wordcount weight="2" > retreat </wordcount>
    <wordcount weight="2" > comparison </wordcount>
    <wordcount weight="2" > supplied </wordcount>
    <wordcount weight="2" > occurred </wordcount>
    <wordcount weight="2" > stratigraphic </wordcount>
    <wordcount weight="2" > areas </wordcount>
    <wordcount weight="2" > assemblage </wordcount>
    <wordcount weight="2" > newman </wordcount>
    <wordcount weight="2" > habitat </wordcount>
    <wordcount weight="2" > banks </wordcount>
    <wordcount weight="2" > ocean </wordcount>
    <wordcount weight="2" > palaeontographica </wordcount>
    <wordcount weight="2" > grows </wordcount>
    <wordcount weight="2" > number </wordcount>
    <wordcount weight="2" > kerguelen </wordcount>
    <wordcount weight="2" > diameter </wordcount>
    <wordcount weight="2" > sah </wordcount>
    <wordcount weight="2" > possibility </wordcount>
    <wordcount weight="2" > half </wordcount>
    <wordcount weight="2" > there </wordcount>
    <wordcount weight="2" > never </wordcount>
    <wordcount weight="2" > further </wordcount>
    <wordcount weight="2" > stenopalynous </wordcount>
    <wordcount weight="2" > inasmuch </wordcount>
    <wordcount weight="2" > haloragaceae </wordcount>
    <wordcount weight="2" > produced </wordcount>
    <wordcount weight="2" > list </wordcount>
    <wordcount weight="2" > less </wordcount>
    <wordcount weight="2" > council </wordcount>
    <wordcount weight="2" > material </wordcount>
    <wordcount weight="2" > recorded </wordcount>
    <wordcount weight="2" > referable </wordcount>
    <wordcount weight="2" > pub </wordcount>
    <wordcount weight="2" > almond </wordcount>
    <wordcount weight="2" > wood </wordcount>
    <wordcount weight="2" > al </wordcount>
    <wordcount weight="2" > reticulatus </wordcount>
    <wordcount weight="2" > equator </wordcount>
    <wordcount weight="2" > vegetational </wordcount>
    <wordcount weight="2" > percent </wordcount>
    <wordcount weight="2" > das </wordcount>
    <wordcount weight="2" > archipelago </wordcount>
    <wordcount weight="2" > boltenhagen </wordcount>
    <wordcount weight="2" > width </wordcount>
    <wordcount weight="2" > range </wordcount>
    <wordcount weight="2" > jarzen </wordcount>
    <wordcount weight="2" > communities </wordcount>
    <wordcount weight="2" > occurring </wordcount>
    <wordcount weight="2" > through </wordcount>
    <wordcount weight="2" > pollens </wordcount>
    <wordcount weight="2" > due </wordcount>
    <wordcount weight="2" > repts </wordcount>
    <wordcount weight="2" > taxa </wordcount>
    <wordcount weight="2" > bishop </wordcount>
    <wordcount weight="2" > taxon </wordcount>
    <wordcount weight="2" > oligocene </wordcount>
    <wordcount weight="2" > smallest </wordcount>
    <wordcount weight="2" > low </wordcount>
    <wordcount weight="2" > significance </wordcount>
    <wordcount weight="2" > herbs </wordcount>
    <wordcount weight="2" > initial </wordcount>
    <wordcount weight="2" > three </wordcount>
    <wordcount weight="2" > argentina </wordcount>
    <wordcount weight="2" > mem </wordcount>
    <wordcount weight="2" > either </wordcount>
    <wordcount weight="2" > author </wordcount>
    <wordcount weight="2" > earth </wordcount>
    <wordcount weight="2" > peru </wordcount>
    <wordcount weight="2" > colo </wordcount>
    <wordcount weight="2" > australia </wordcount>
    <wordcount weight="2" > level </wordcount>
    <wordcount weight="2" > american </wordcount>
    <wordcount weight="2" > below </wordcount>
    <wordcount weight="2" > features </wordcount>
    <wordcount weight="2" > turonian </wordcount>
    <wordcount weight="2" > mountain </wordcount>
    <wordcount weight="2" > palynomorphs </wordcount>
    <wordcount weight="2" > airy </wordcount>
    <wordcount weight="2" > inst </wordcount>
    <wordcount weight="2" > several </wordcount>
    <wordcount weight="2" > am </wordcount>
    <wordcount weight="2" > annually </wordcount>
    <wordcount weight="2" > between </wordcount>
    <wordcount weight="2" > six </wordcount>
    <wordcount weight="2" > compared </wordcount>
    <wordcount weight="2" > hills </wordcount>
    <wordcount weight="2" > norris </wordcount>
    <wordcount weight="2" > joaquin </wordcount>
    <wordcount weight="2" > chubut </wordcount>
    <wordcount weight="2" > recovered </wordcount>
    <wordcount weight="2" > gunnerites </wordcount>
    <wordcount weight="2" > annual </wordcount>
    <wordcount weight="2" > y </wordcount>
    <wordcount weight="2" > east </wordcount>
    <wordcount weight="2" > would </wordcount>
    <wordcount weight="2" > paleolatitude </wordcount>
    <wordcount weight="2" > much </wordcount>
    <wordcount weight="2" > la </wordcount>
    <wordcount weight="2" > leopold </wordcount>
    <wordcount weight="2" > reticulata </wordcount>
    <wordcount weight="1" > costa </wordcount>
    <wordcount weight="1" > archangelsky </wordcount>
    <wordcount weight="1" > spikes </wordcount>
    <wordcount weight="1" > phytogeographical </wordcount>
    <wordcount weight="1" > carried </wordcount>
    <wordcount weight="1" > sistematicas </wordcount>
    <wordcount weight="1" > does </wordcount>
    <wordcount weight="1" > evaporation </wordcount>
    <wordcount weight="1" > mo </wordcount>
    <wordcount weight="1" > related </wordcount>
    <wordcount weight="1" > fort </wordcount>
    <wordcount weight="1" > assigned </wordcount>
    <wordcount weight="1" > terrestrial </wordcount>
    <wordcount weight="1" > ovate </wordcount>
    <wordcount weight="1" > formacion </wordcount>
    <wordcount weight="1" > habitats </wordcount>
    <wordcount weight="1" > o </wordcount>
    <wordcount weight="1" > situation </wordcount>
    <wordcount weight="1" > inhibits </wordcount>
    <wordcount weight="1" > botan </wordcount>
    <wordcount weight="1" > amadeus </wordcount>
    <wordcount weight="1" > thickened </wordcount>
    <wordcount weight="1" > berries </wordcount>
    <wordcount weight="1" > resolution </wordcount>
    <wordcount weight="1" > implications </wordcount>
    <wordcount weight="1" > strathmore </wordcount>
    <wordcount weight="1" > africa </wordcount>
    <wordcount weight="1" > steud </wordcount>
    <wordcount weight="1" > samples </wordcount>
    <wordcount weight="1" > huertas </wordcount>
    <wordcount weight="1" > expected </wordcount>
    <wordcount weight="1" > succulent </wordcount>
    <wordcount weight="1" > indomalaysia </wordcount>
    <wordcount weight="1" > floristics </wordcount>
    <wordcount weight="1" > if </wordcount>
    <wordcount weight="1" > later </wordcount>
    <wordcount weight="1" > identified </wordcount>
    <wordcount weight="1" > usually </wordcount>
    <wordcount weight="1" > main </wordcount>
    <wordcount weight="1" > fr </wordcount>
    <wordcount weight="1" > across </wordcount>
    <wordcount weight="1" > vostoka </wordcount>
    <wordcount weight="1" > tropics </wordcount>
    <wordcount weight="1" > located </wordcount>
    <wordcount weight="1" > dispersae </wordcount>
    <wordcount weight="1" > barmer </wordcount>
    <wordcount weight="1" > illustration </wordcount>
    <wordcount weight="1" > separated </wordcount>
    <wordcount weight="1" > represent </wordcount>
    <wordcount weight="1" > support </wordcount>
    <wordcount weight="1" > judging </wordcount>
    <wordcount weight="1" > en </wordcount>
    <wordcount weight="1" > cn </wordcount>
    <wordcount weight="1" > environmental </wordcount>
    <wordcount weight="1" > sporomorphae </wordcount>
    <wordcount weight="1" > radius </wordcount>
    <wordcount weight="1" > especieo </wordcount>
    <wordcount weight="1" > dicotyledonous </wordcount>
    <wordcount weight="1" > sandstone </wordcount>
    <wordcount weight="1" > ecol </wordcount>
    <wordcount weight="1" > edic </wordcount>
    <wordcount weight="1" > tropical </wordcount>
    <wordcount weight="1" > lignitic </wordcount>
    <wordcount weight="1" > associated </wordcount>
    <wordcount weight="1" > colonizers </wordcount>
    <wordcount weight="1" > progressively </wordcount>
    <wordcount weight="1" > vs </wordcount>
    <wordcount weight="1" > period </wordcount>
    <wordcount weight="1" > misantla </wordcount>
    <wordcount weight="1" > presently </wordcount>
    <wordcount weight="1" > manuscript </wordcount>
    <wordcount weight="1" > artzner </wordcount>
    <wordcount weight="1" > distributed </wordcount>
    <wordcount weight="1" > lawrence </wordcount>
    <wordcount weight="1" > numerical </wordcount>
    <wordcount weight="1" > proposition </wordcount>
    <wordcount weight="1" > ex </wordcount>
    <wordcount weight="1" > twidale </wordcount>
    <wordcount weight="1" > nuovas </wordcount>
    <wordcount weight="1" > suggestions </wordcount>
    <wordcount weight="1" > similar </wordcount>
    <wordcount weight="1" > remaining </wordcount>
    <wordcount weight="1" > brand </wordcount>
    <wordcount weight="1" > center </wordcount>
    <wordcount weight="1" > large </wordcount>
    <wordcount weight="1" > mus </wordcount>
    <wordcount weight="1" > wilhelm </wordcount>
    <wordcount weight="1" > bernice </wordcount>
    <wordcount weight="1" > ass </wordcount>
    <wordcount weight="1" > printing </wordcount>
    <wordcount weight="1" > positive </wordcount>
    <wordcount weight="1" > study </wordcount>
    <wordcount weight="1" > luyendyk </wordcount>
    <wordcount weight="1" > southeast </wordcount>
    <wordcount weight="1" > rajasthan </wordcount>
    <wordcount weight="1" > insignis </wordcount>
    <wordcount weight="1" > represents </wordcount>
    <wordcount weight="1" > hope </wordcount>
    <wordcount weight="1" > once </wordcount>
    <wordcount weight="1" > seama </wordcount>
    <wordcount weight="1" > factors </wordcount>
    <wordcount weight="1" > stud </wordcount>
    <wordcount weight="1" > provincia </wordcount>
    <wordcount weight="1" > flowering </wordcount>
    <wordcount weight="1" > cact </wordcount>
    <wordcount weight="1" > ms </wordcount>
    <wordcount weight="1" > yet </wordcount>
    <wordcount weight="1" > when </wordcount>
    <wordcount weight="1" > reference </wordcount>
    <wordcount weight="1" > hook </wordcount>
    <wordcount weight="1" > belsky </wordcount>
    <wordcount weight="1" > reason </wordcount>
    <wordcount weight="1" > aquilapollenites </wordcount>
    <wordcount weight="1" > mora </wordcount>
    <wordcount weight="1" > easily </wordcount>
    <wordcount weight="1" > sioux </wordcount>
    <wordcount weight="1" > read </wordcount>
    <wordcount weight="1" > microfloral </wordcount>
    <wordcount weight="1" > reeve </wordcount>
    <wordcount weight="1" > coprosma </wordcount>
    <wordcount weight="1" > parts </wordcount>
    <wordcount weight="1" > oltz </wordcount>
    <wordcount weight="1" > england </wordcount>
    <wordcount weight="1" > cuddalore </wordcount>
    <wordcount weight="1" > oblate </wordcount>
    <wordcount weight="1" > continuity </wordcount>
    <wordcount weight="1" > earliest </wordcount>
    <wordcount weight="1" > foliage </wordcount>
    <wordcount weight="1" > biased </wordcount>
    <wordcount weight="1" > former </wordcount>
    <wordcount weight="1" > generously </wordcount>
    <wordcount weight="1" > cliff </wordcount>
    <wordcount weight="1" > preclude </wordcount>
    <wordcount weight="1" > jour </wordcount>
    <wordcount weight="1" > trace </wordcount>
    <wordcount weight="1" > formations </wordcount>
    <wordcount weight="1" > forests </wordcount>
    <wordcount weight="1" > zur </wordcount>
    <wordcount weight="1" > thesis </wordcount>
    <wordcount weight="1" > din </wordcount>
    <wordcount weight="1" > ancient </wordcount>
    <wordcount weight="1" > rhododeizdron </wordcount>
    <wordcount weight="1" > paleontol </wordcount>
    <wordcount weight="1" > shaw </wordcount>
    <wordcount weight="1" > areal </wordcount>
    <wordcount weight="1" > ash </wordcount>
    <wordcount weight="1" > malay </wordcount>
    <wordcount weight="1" > unior </wordcount>
    <wordcount weight="1" > falls </wordcount>
    <wordcount weight="1" > nat </wordcount>
    <wordcount weight="1" > commented </wordcount>
    <wordcount weight="1" > latin </wordcount>
    <wordcount weight="1" > verschiebungen </wordcount>
    <wordcount weight="1" > gustavo </wordcount>
    <wordcount weight="1" > brenner </wordcount>
    <wordcount weight="1" > finely </wordcount>
    <wordcount weight="1" > dispersed </wordcount>
    <wordcount weight="1" > attain </wordcount>
    <wordcount weight="1" > bombacidites </wordcount>
    <wordcount weight="1" > placed </wordcount>
    <wordcount weight="1" > result </wordcount>
    <wordcount weight="1" > ed </wordcount>
    <wordcount weight="1" > um </wordcount>
    <wordcount weight="1" > vol </wordcount>
    <wordcount weight="1" > descriptions </wordcount>
    <wordcount weight="1" > synonymy </wordcount>
    <wordcount weight="1" > upwards </wordcount>
    <wordcount weight="1" > du </wordcount>
    <wordcount weight="1" > retitricolpites </wordcount>
    <wordcount weight="1" > already </wordcount>
    <wordcount weight="1" > botanist </wordcount>
    <wordcount weight="1" > suspect </wordcount>
    <wordcount weight="1" > feuerlands </wordcount>
    <wordcount weight="1" > macdougall </wordcount>
    <wordcount weight="1" > bengal </wordcount>
    <wordcount weight="1" > tum </wordcount>
    <wordcount weight="1" > possibly </wordcount>
    <wordcount weight="1" > noted </wordcount>
    <wordcount weight="1" > being </wordcount>
    <wordcount weight="1" > compression </wordcount>
    <wordcount weight="1" > seasonal </wordcount>
    <wordcount weight="1" > strata </wordcount>
    <wordcount weight="1" > known </wordcount>
    <wordcount weight="1" > fairly </wordcount>
    <wordcount weight="1" > offered </wordcount>
    <wordcount weight="1" > harvard </wordcount>
    <wordcount weight="1" > botanical </wordcount>
    <wordcount weight="1" > washakie </wordcount>
    <wordcount weight="1" > jb </wordcount>
    <wordcount weight="1" > masses </wordcount>
    <wordcount weight="1" > cercidiphylluni </wordcount>
    <wordcount weight="1" > tasmanian </wordcount>
    <wordcount weight="1" > succ </wordcount>
    <wordcount weight="1" > long </wordcount>
    <wordcount weight="1" > reticulattis </wordcount>
    <wordcount weight="1" > swedish </wordcount>
    <wordcount weight="1" > edmundo </wordcount>
    <wordcount weight="1" > rhizophora </wordcount>
    <wordcount weight="1" > rocky </wordcount>
    <wordcount weight="1" > pt </wordcount>
    <wordcount weight="1" > majority </wordcount>
    <wordcount weight="1" > solomon </wordcount>
    <wordcount weight="1" > press </wordcount>
    <wordcount weight="1" > ussr </wordcount>
    <wordcount weight="1" > mattfeld </wordcount>
    <wordcount weight="1" > vyp </wordcount>
    <wordcount weight="1" > austral </wordcount>
    <wordcount weight="1" > osa </wordcount>
    <wordcount weight="1" > macrophylla </wordcount>
    <wordcount weight="1" > angicspermous </wordcount>
    <wordcount weight="1" > evitt </wordcount>
    <wordcount weight="1" > botanicos </wordcount>
    <wordcount weight="1" > taken </wordcount>
    <wordcount weight="1" > microfossils </wordcount>
    <wordcount weight="1" > genecology </wordcount>
    <wordcount weight="1" > others </wordcount>
    <wordcount weight="1" > lowerloreto </wordcount>
    <wordcount weight="1" > continental </wordcount>
    <wordcount weight="1" > creepers </wordcount>
    <wordcount weight="1" > metaliferi </wordcount>
    <wordcount weight="1" > dc </wordcount>
    <wordcount weight="1" > alan </wordcount>
    <wordcount weight="1" > ridley </wordcount>
    <wordcount weight="1" > kent </wordcount>
    <wordcount weight="1" > each </wordcount>
    <wordcount weight="1" > union </wordcount>
    <wordcount weight="1" > many </wordcount>
    <wordcount weight="1" > beland </wordcount>
    <wordcount weight="1" > neotropico </wordcount>
    <wordcount weight="1" > greater </wordcount>
    <wordcount weight="1" > water </wordcount>
    <wordcount weight="1" > cm </wordcount>
    <wordcount weight="1" > had </wordcount>
    <wordcount weight="1" > nature </wordcount>
    <wordcount weight="1" > paper </wordcount>
    <wordcount weight="1" > gin </wordcount>
    <wordcount weight="1" > killipiana </wordcount>
    <wordcount weight="1" > steppengebieto </wordcount>
    <wordcount weight="1" > trans </wordcount>
    <wordcount weight="1" > wagon </wordcount>
    <wordcount weight="1" > averages </wordcount>
    <wordcount weight="1" > based </wordcount>
    <wordcount weight="1" > malagasy </wordcount>
    <wordcount weight="1" > delineation </wordcount>
    <wordcount weight="1" > ale </wordcount>
    <wordcount weight="1" > reach </wordcount>
    <wordcount weight="1" > luis </wordcount>
    <wordcount weight="1" > limit </wordcount>
    <wordcount weight="1" > flowers </wordcount>
    <wordcount weight="1" > cretacice </wordcount>
    <wordcount weight="1" > kenntnis </wordcount>
    <wordcount weight="1" > unknown </wordcount>
    <wordcount weight="1" > bombacaceae </wordcount>
    <wordcount weight="1" > rumania </wordcount>
    <wordcount weight="1" > neyveli </wordcount>
    <wordcount weight="1" > biol </wordcount>
    <wordcount weight="1" > indicate </wordcount>
    <wordcount weight="1" > together </wordcount>
    <wordcount weight="1" > crassimarginate </wordcount>
    <wordcount weight="1" > medus </wordcount>
    <wordcount weight="1" > petioles </wordcount>
    <wordcount weight="1" > compound </wordcount>
    <wordcount weight="1" > neville </wordcount>
    <wordcount weight="1" > paleont </wordcount>
    <wordcount weight="1" > loreto </wordcount>
    <wordcount weight="1" > abstract </wordcount>
    <wordcount weight="1" > taxonomy </wordcount>
    <wordcount weight="1" > judge </wordcount>
    <wordcount weight="1" > neogene </wordcount>
    <wordcount weight="1" > site </wordcount>
    <wordcount weight="1" > pum </wordcount>
    <wordcount weight="1" > seven </wordcount>
    <wordcount weight="1" > fossils </wordcount>
    <wordcount weight="1" > particularly </wordcount>
    <wordcount weight="1" > out </wordcount>
    <wordcount weight="1" > estudios </wordcount>
    <wordcount weight="1" > kreide </wordcount>
    <wordcount weight="1" > mexicana </wordcount>
    <wordcount weight="1" > hundred </wordcount>
    <wordcount weight="1" > australian </wordcount>
    <wordcount weight="1" > ol </wordcount>
    <wordcount weight="1" > fernandez </wordcount>
    <wordcount weight="1" > relate </wordcount>
    <wordcount weight="1" > state </wordcount>
    <wordcount weight="1" > kla </wordcount>
    <wordcount weight="1" > while </wordcount>
    <wordcount weight="1" > caracteristice </wordcount>
    <wordcount weight="1" > doubt </wordcount>
    <wordcount weight="1" > arturo </wordcount>
    <wordcount weight="1" > amer </wordcount>
    <wordcount weight="1" > streambanks </wordcount>
    <wordcount weight="1" > cenomanian </wordcount>
    <wordcount weight="1" > gdn </wordcount>
    <wordcount weight="1" > pattern </wordcount>
    <wordcount weight="1" > ptychotreme </wordcount>
    <wordcount weight="1" > postglazialer </wordcount>
    <wordcount weight="1" > discussed </wordcount>
    <wordcount weight="1" > suboblate </wordcount>
    <wordcount weight="1" > enhanced </wordcount>
    <wordcount weight="1" > honor </wordcount>
    <wordcount weight="1" > evident </wordcount>
    <wordcount weight="1" > otlozhenii </wordcount>
    <wordcount weight="1" > guatemala </wordcount>
    <wordcount weight="1" > akad </wordcount>
    <wordcount weight="1" > chilensis </wordcount>
    <wordcount weight="1" > nauk </wordcount>
    <wordcount weight="1" > afrika </wordcount>
    <wordcount weight="1" > phd </wordcount>
    <wordcount weight="1" > latest </wordcount>
    <wordcount weight="1" > maastrikhtskikh </wordcount>
    <wordcount weight="1" > adjacent </wordcount>
    <wordcount weight="1" > do </wordcount>
    <wordcount weight="1" > perennially </wordcount>
    <wordcount weight="1" > primitive </wordcount>
    <wordcount weight="1" > caldwell </wordcount>
    <wordcount weight="1" > subgenus </wordcount>
    <wordcount weight="1" > rep </wordcount>
    <wordcount weight="1" > remarkable </wordcount>
    <wordcount weight="1" > malaysia </wordcount>
    <wordcount weight="1" > though </wordcount>
    <wordcount weight="1" > dari </wordcount>
    <wordcount weight="1" > decreased </wordcount>
    <wordcount weight="1" > shrubs </wordcount>
    <wordcount weight="1" > geophys </wordcount>
    <wordcount weight="1" > somewhat </wordcount>
    <wordcount weight="1" > ecology </wordcount>
    <wordcount weight="1" > drs </wordcount>
    <wordcount weight="1" > climate </wordcount>
    <wordcount weight="1" > stoloniferous </wordcount>
    <wordcount weight="1" > fuego </wordcount>
    <wordcount weight="1" > laguncularia </wordcount>
    <wordcount weight="1" > receives </wordcount>
    <wordcount weight="1" > standley </wordcount>
    <wordcount weight="1" > mex </wordcount>
    <wordcount weight="1" > whether </wordcount>
    <wordcount weight="1" > volcanic </wordcount>
    <wordcount weight="1" > recently </wordcount>
    <wordcount weight="1" > see </wordcount>
    <wordcount weight="1" > system </wordcount>
    <wordcount weight="1" > answer </wordcount>
    <wordcount weight="1" > cannot </wordcount>
    <wordcount weight="1" > dispersal </wordcount>
    <wordcount weight="1" > ostenia </wordcount>
    <wordcount weight="1" > maryland </wordcount>
    <wordcount weight="1" > nearer </wordcount>
    <wordcount weight="1" > supports </wordcount>
    <wordcount weight="1" > gattung </wordcount>
    <wordcount weight="1" > jarzenboltenhagen </wordcount>
    <wordcount weight="1" > otherwise </wordcount>
    <wordcount weight="1" > contiguous </wordcount>
    <wordcount weight="1" > russell </wordcount>
    <wordcount weight="1" > occasional </wordcount>
    <wordcount weight="1" > khan </wordcount>
    <wordcount weight="1" > deep </wordcount>
    <wordcount weight="1" > existence </wordcount>
    <wordcount weight="1" > poles </wordcount>
    <wordcount weight="1" > caldasia </wordcount>
    <wordcount weight="1" > lam </wordcount>
    <wordcount weight="1" > generic </wordcount>
    <wordcount weight="1" > auer </wordcount>
    <wordcount weight="1" > selva </wordcount>
    <wordcount weight="1" > interval </wordcount>
    <wordcount weight="1" > lowland </wordcount>
    <wordcount weight="1" > enough </wordcount>
    <wordcount weight="1" > meridional </wordcount>
    <wordcount weight="1" > gunnzera </wordcount>
    <wordcount weight="1" > snead </wordcount>
    <wordcount weight="1" > tierra </wordcount>
    <wordcount weight="1" > masafuerae </wordcount>
    <wordcount weight="1" > always </wordcount>
    <wordcount weight="1" > poor </wordcount>
    <wordcount weight="1" > ong </wordcount>
    <wordcount weight="1" > gm </wordcount>
    <wordcount weight="1" > palinologia </wordcount>
    <wordcount weight="1" > receive </wordcount>
    <wordcount weight="1" > because </wordcount>
    <wordcount weight="1" > localities </wordcount>
    <wordcount weight="1" > chiapas </wordcount>
    <wordcount weight="1" > prorepens </wordcount>
    <wordcount weight="1" > sites </wordcount>
    <wordcount weight="1" > pachvgunnera </wordcount>
    <wordcount weight="1" > produce </wordcount>
    <wordcount weight="1" > ayers </wordcount>
    <wordcount weight="1" > colonies </wordcount>
    <wordcount weight="1" > directly </wordcount>
    <wordcount weight="1" > information </wordcount>
    <wordcount weight="1" > having </wordcount>
    <wordcount weight="1" > eduardo </wordcount>
    <wordcount weight="1" > botanically </wordcount>
    <wordcount weight="1" > cpog </wordcount>
    <wordcount weight="1" > basis </wordcount>
    <wordcount weight="1" > possible </wordcount>
    <wordcount weight="1" > determined </wordcount>
    <wordcount weight="1" > marked </wordcount>
    <wordcount weight="1" > interangulus </wordcount>
    <wordcount weight="1" > paleoenvironmental </wordcount>
    <wordcount weight="1" > tasmania </wordcount>
    <wordcount weight="1" > greatest </wordcount>
    <wordcount weight="1" > halorrhagidaceae </wordcount>
    <wordcount weight="1" > used </wordcount>
    <wordcount weight="1" > size </wordcount>
    <wordcount weight="1" > discussion </wordcount>
    <wordcount weight="1" > work </wordcount>
    <wordcount weight="1" > examples </wordcount>
    <wordcount weight="1" > pisano </wordcount>
    <wordcount weight="1" > lands </wordcount>
    <wordcount weight="1" > crown </wordcount>
    <wordcount weight="1" > made </wordcount>
    <wordcount weight="1" > thanks </wordcount>
    <wordcount weight="1" > bisexual </wordcount>
    <wordcount weight="1" > pflanzenreich </wordcount>
    <wordcount weight="1" > little </wordcount>
    <wordcount weight="1" > phanerogams </wordcount>
    <wordcount weight="1" > badlands </wordcount>
    <wordcount weight="1" > nz </wordcount>
    <wordcount weight="1" > presented </wordcount>
    <wordcount weight="1" > comprises </wordcount>
    <wordcount weight="1" > subgeneric </wordcount>
    <wordcount weight="1" > values </wordcount>
    <wordcount weight="1" > welldefined </wordcount>
    <wordcount weight="1" > los </wordcount>
    <wordcount weight="1" > part </wordcount>
    <wordcount weight="1" > x </wordcount>
    <wordcount weight="1" > thickness </wordcount>
    <wordcount weight="1" > slopes </wordcount>
    <wordcount weight="1" > enormous </wordcount>
    <wordcount weight="1" > jarzensouth </wordcount>
    <wordcount weight="1" > cited </wordcount>
    <wordcount weight="1" > mildenhall </wordcount>
    <wordcount weight="1" > strictly </wordcount>
    <wordcount weight="1" > forested </wordcount>
    <wordcount weight="1" > oriente </wordcount>
    <wordcount weight="1" > above </wordcount>
    <wordcount weight="1" > recover </wordcount>
    <wordcount weight="1" > waldund </wordcount>
    <wordcount weight="1" > photographic </wordcount>
    <wordcount weight="1" > decreasing </wordcount>
    <wordcount weight="1" > birds </wordcount>
    <wordcount weight="1" > lundell </wordcount>
    <wordcount weight="1" > commonly </wordcount>
    <wordcount weight="1" > description </wordcount>
    <wordcount weight="1" > impose </wordcount>
    <wordcount weight="1" > fluctuations </wordcount>
    <wordcount weight="1" > descripciones </wordcount>
    <wordcount weight="1" > sexine </wordcount>
    <wordcount weight="1" > neoand </wordcount>
    <wordcount weight="1" > rec </wordcount>
    <wordcount weight="1" > palinoligico </wordcount>
    <wordcount weight="1" > rather </wordcount>
    <wordcount weight="1" > year </wordcount>
    <wordcount weight="1" > literature </wordcount>
    <wordcount weight="1" > ang </wordcount>
    <wordcount weight="1" > vast </wordcount>
    <wordcount weight="1" > gave </wordcount>
    <wordcount weight="1" > kindly </wordcount>
    <wordcount weight="1" > q </wordcount>
    <wordcount weight="1" > describe </wordcount>
    <wordcount weight="1" > island </wordcount>
    <wordcount weight="1" > acknowledges </wordcount>
    <wordcount weight="1" > formatiuni </wordcount>
    <wordcount weight="1" > maius </wordcount>
    <wordcount weight="1" > acknowledgements </wordcount>
    <wordcount weight="1" > helsingf </wordcount>
    <wordcount weight="1" > rov </wordcount>
    <wordcount weight="1" > unor </wordcount>
    <wordcount weight="1" > records </wordcount>
    <wordcount weight="1" > averaged </wordcount>
    <wordcount weight="1" > figures </wordcount>
    <wordcount weight="1" > densely </wordcount>
    <wordcount weight="1" > bed </wordcount>
    <wordcount weight="1" > representation </wordcount>
    <wordcount weight="1" > questions </wordcount>
    <wordcount weight="1" > estudio </wordcount>
    <wordcount weight="1" > canadian </wordcount>
    <wordcount weight="1" > statistics </wordcount>
    <wordcount weight="1" > rare </wordcount>
    <wordcount weight="1" > publs </wordcount>
    <wordcount weight="1" > million </wordcount>
    <wordcount weight="1" > irving </wordcount>
    <wordcount weight="1" > throughout </wordcount>
    <wordcount weight="1" > unpublished </wordcount>
    <wordcount weight="1" > named </wordcount>
    <wordcount weight="1" > pauahi </wordcount>
    <wordcount weight="1" > temperature </wordcount>
    <wordcount weight="1" > waipipi </wordcount>
    <wordcount weight="1" > rev </wordcount>
    <wordcount weight="1" > surely </wordcount>
    <wordcount weight="1" > relationships </wordcount>
    <wordcount weight="1" > shown </wordcount>
    <wordcount weight="1" > tell </wordcount>
    <wordcount weight="1" > waipipian </wordcount>
    <wordcount weight="1" > described </wordcount>
    <wordcount weight="1" > blades </wordcount>
    <wordcount weight="1" > project </wordcount>
    <wordcount weight="1" > subsurface </wordcount>
    <wordcount weight="1" > dakota </wordcount>
    <wordcount weight="1" > lists </wordcount>
    <wordcount weight="1" > years </wordcount>
    <wordcount weight="1" > fasola </wordcount>
    <wordcount weight="1" > development </wordcount>
    <wordcount weight="1" > both </wordcount>
    <wordcount weight="1" > open </wordcount>
    <wordcount weight="1" > cambridge </wordcount>
    <wordcount weight="1" > biotropica </wordcount>
    <wordcount weight="1" > ojf </wordcount>
    <wordcount weight="1" > osten </wordcount>
    <wordcount weight="1" > decrease </wordcount>
    <wordcount weight="1" > contentions </wordcount>
    <wordcount weight="1" > johan </wordcount>
    <wordcount weight="1" > authors </wordcount>
    <wordcount weight="1" > stress </wordcount>
    <wordcount weight="1" > cainozoic </wordcount>
    <wordcount weight="1" > publication </wordcount>
    <wordcount weight="1" > points </wordcount>
    <wordcount weight="1" > von </wordcount>
    <wordcount weight="1" > sedintelor </wordcount>
    <wordcount weight="1" > patchy </wordcount>
    <wordcount weight="1" > perennial </wordcount>
    <wordcount weight="1" > characteristic </wordcount>
    <wordcount weight="1" > co </wordcount>
    <wordcount weight="1" > rhizomatous </wordcount>
    <wordcount weight="1" > david </wordcount>
    <wordcount weight="1" > gomezpompa </wordcount>
    <wordcount weight="1" > mcleroy </wordcount>
    <wordcount weight="1" > land </wordcount>
    <wordcount weight="1" > leaf </wordcount>
    <wordcount weight="1" > venkatachala </wordcount>
    <wordcount weight="1" > bogdwellers </wordcount>
    <wordcount weight="1" > so </wordcount>
    <wordcount weight="1" > highaltitude </wordcount>
    <wordcount weight="1" > paleogeographic </wordcount>
    <wordcount weight="1" > specimens </wordcount>
    <wordcount weight="1" > obicular </wordcount>
    <wordcount weight="1" > msc </wordcount>
    <wordcount weight="1" > drier </wordcount>
    <wordcount weight="1" > dictionary </wordcount>
    <wordcount weight="1" > collected </wordcount>
    <wordcount weight="1" > ernst </wordcount>
    <wordcount weight="1" > comprised </wordcount>
    <wordcount weight="1" > drilling </wordcount>
    <wordcount weight="1" > ghi </wordcount>
    <wordcount weight="1" > pollon </wordcount>
    <wordcount weight="1" > attempted </wordcount>
    <wordcount weight="1" > palaeontol </wordcount>
    <wordcount weight="1" > earlier </wordcount>
    <wordcount weight="1" > muntii </wordcount>
    <wordcount weight="1" > cases </wordcount>
    <wordcount weight="1" > measure </wordcount>
    <wordcount weight="1" > measured </wordcount>
    <wordcount weight="1" > california </wordcount>
    <wordcount weight="1" > elements </wordcount>
    <wordcount weight="1" > potonie </wordcount>
    <wordcount weight="1" > latter </wordcount>
    <wordcount weight="1" > increased </wordcount>
    <wordcount weight="1" > family </wordcount>
    <wordcount weight="1" > paleofloristics </wordcount>
    <wordcount weight="1" > hemisphere </wordcount>
    <wordcount weight="1" > small </wordcount>
    <wordcount weight="1" > palynologie </wordcount>
    <wordcount weight="1" > onlv </wordcount>
    <wordcount weight="1" > antonescu </wordcount>
    <wordcount weight="1" > thousand </wordcount>
    <wordcount weight="1" > observation </wordcount>
    <wordcount weight="1" > few </wordcount>
    <wordcount weight="1" > radially </wordcount>
    <wordcount weight="1" > weiteres </wordcount>
    <wordcount weight="1" > tertiaires </wordcount>
    <wordcount weight="1" > gabon </wordcount>
    <wordcount weight="1" > paleolatitudes </wordcount>
    <wordcount weight="1" > evolutionary </wordcount>
    <wordcount weight="1" > cool </wordcount>
    <wordcount weight="1" > ferns </wordcount>
    <wordcount weight="1" > onz </wordcount>
    <wordcount weight="1" > oberen </wordcount>
    <wordcount weight="1" > giant </wordcount>
    <wordcount weight="1" > palaont </wordcount>
    <wordcount weight="1" > exhaustive </wordcount>
    <wordcount weight="1" > papuensis </wordcount>
    <wordcount weight="1" > palinologice </wordcount>
    <wordcount weight="1" > aquatoriales </wordcount>
    <wordcount weight="1" > distinguished </wordcount>
    <wordcount weight="1" > texas </wordcount>
    <wordcount weight="1" > left </wordcount>
    <wordcount weight="1" > ann </wordcount>
    <wordcount weight="1" > boundaries </wordcount>
    <wordcount weight="1" > continuous </wordcount>
    <wordcount weight="1" > third </wordcount>
    <wordcount weight="1" > single </wordcount>
    <wordcount weight="1" > petaloidea </wordcount>
    <wordcount weight="1" > foremost </wordcount>
    <wordcount weight="1" > bearpaw </wordcount>
    <wordcount weight="1" > engler </wordcount>
    <wordcount weight="1" > compare </wordcount>
    <wordcount weight="1" > komanimambuno </wordcount>
    <wordcount weight="1" > sci </wordcount>
    <wordcount weight="1" > haloragidaceae </wordcount>
    <wordcount weight="1" > views </wordcount>
    <wordcount weight="1" > pink </wordcount>
    <wordcount weight="1" > fremont </wordcount>
    <wordcount weight="1" > analysis </wordcount>
    <wordcount weight="1" > sporae </wordcount>
    <wordcount weight="1" > lignites </wordcount>
    <wordcount weight="1" > evergreen </wordcount>
    <wordcount weight="1" > strong </wordcount>
    <wordcount weight="1" > niobrara </wordcount>
    <wordcount weight="1" > kar </wordcount>
    <wordcount weight="1" > exine </wordcount>
    <wordcount weight="1" > deeply </wordcount>
    <wordcount weight="1" > recent </wordcount>
    <wordcount weight="1" > palaeobot </wordcount>
    <wordcount weight="1" > stone </wordcount>
    <wordcount weight="1" > jorsey </wordcount>
    <wordcount weight="1" > santonian </wordcount>
    <wordcount weight="1" > preliminary </wordcount>
    <wordcount weight="1" > montevideo </wordcount>
    <wordcount weight="1" > investigations </wordcount>
    <wordcount weight="1" > paleoecological </wordcount>
    <wordcount weight="1" > paleobotany </wordcount>
    <wordcount weight="1" > waialeale </wordcount>
    <wordcount weight="1" > palooceno </wordcount>
    <wordcount weight="1" > palaon </wordcount>
    <wordcount weight="1" > rates </wordcount>
    <wordcount weight="1" > spory </wordcount>
    <wordcount weight="1" > widely </wordcount>
    <wordcount weight="1" > asociatii </wordcount>
    <wordcount weight="1" > dsdp </wordcount>
    <wordcount weight="1" > increase </wordcount>
</article>
