<?xml version="1.0" encoding="UTF-8"?>
<article id="10.2307/1936884" >
    <wordcount weight="89" > the </wordcount>
    <wordcount weight="71" > of </wordcount>
    <wordcount weight="70" > and </wordcount>
    <wordcount weight="37" > in </wordcount>
    <wordcount weight="35" > to </wordcount>
    <wordcount weight="30" > be </wordcount>
    <wordcount weight="28" > a </wordcount>
    <wordcount weight="19" > for </wordcount>
    <wordcount weight="19" > should </wordcount>
    <wordcount weight="15" > not </wordcount>
    <wordcount weight="13" > by </wordcount>
    <wordcount weight="11" > manuscript </wordcount>
    <wordcount weight="11" > is </wordcount>
    <wordcount weight="11" > on </wordcount>
    <wordcount weight="9" > as </wordcount>
    <wordcount weight="9" > with </wordcount>
    <wordcount weight="9" > than </wordcount>
    <wordcount weight="8" > will </wordcount>
    <wordcount weight="8" > are </wordcount>
    <wordcount weight="7" > or </wordcount>
    <wordcount weight="7" > must </wordcount>
    <wordcount weight="7" > m </wordcount>
    <wordcount weight="7" > printed </wordcount>
    <wordcount weight="7" > do </wordcount>
    <wordcount weight="7" > style </wordcount>
    <wordcount weight="7" > editor </wordcount>
    <wordcount weight="6" > may </wordcount>
    <wordcount weight="6" > if </wordcount>
    <wordcount weight="6" > e </wordcount>
    <wordcount weight="6" > one </wordcount>
    <wordcount weight="6" > pages </wordcount>
    <wordcount weight="6" > manuscripts </wordcount>
    <wordcount weight="6" > ecology </wordcount>
    <wordcount weight="6" > this </wordcount>
    <wordcount weight="6" > authors </wordcount>
    <wordcount weight="5" > k </wordcount>
    <wordcount weight="5" > managing </wordcount>
    <wordcount weight="5" > that </wordcount>
    <wordcount weight="5" > titles </wordcount>
    <wordcount weight="5" > each </wordcount>
    <wordcount weight="5" > longer </wordcount>
    <wordcount weight="5" > material </wordcount>
    <wordcount weight="5" > tables </wordcount>
    <wordcount weight="5" > c </wordcount>
    <wordcount weight="4" > at </wordcount>
    <wordcount weight="4" > ecological </wordcount>
    <wordcount weight="4" > make </wordcount>
    <wordcount weight="4" > illustrations </wordcount>
    <wordcount weight="4" > proof </wordcount>
    <wordcount weight="4" > from </wordcount>
    <wordcount weight="4" > text </wordcount>
    <wordcount weight="4" > more </wordcount>
    <wordcount weight="4" > all </wordcount>
    <wordcount weight="4" > words </wordcount>
    <wordcount weight="4" > papers </wordcount>
    <wordcount weight="4" > can </wordcount>
    <wordcount weight="4" > w </wordcount>
    <wordcount weight="4" > literature </wordcount>
    <wordcount weight="4" > copies </wordcount>
    <wordcount weight="4" > issues </wordcount>
    <wordcount weight="4" > review </wordcount>
    <wordcount weight="4" > t </wordcount>
    <wordcount weight="4" > g </wordcount>
    <wordcount weight="4" > james </wordcount>
    <wordcount weight="4" > figures </wordcount>
    <wordcount weight="4" > formulae </wordcount>
    <wordcount weight="3" > figure </wordcount>
    <wordcount weight="3" > foraging </wordcount>
    <wordcount weight="3" > returned </wordcount>
    <wordcount weight="3" > american </wordcount>
    <wordcount weight="3" > biological </wordcount>
    <wordcount weight="3" > edited </wordcount>
    <wordcount weight="3" > h </wordcount>
    <wordcount weight="3" > duke </wordcount>
    <wordcount weight="3" > university </wordcount>
    <wordcount weight="3" > essential </wordcount>
    <wordcount weight="3" > title </wordcount>
    <wordcount weight="3" > before </wordcount>
    <wordcount weight="3" > most </wordcount>
    <wordcount weight="3" > schaffer </wordcount>
    <wordcount weight="3" > double </wordcount>
    <wordcount weight="3" > sciences </wordcount>
    <wordcount weight="3" > address </wordcount>
    <wordcount weight="3" > j </wordcount>
    <wordcount weight="3" > available </wordcount>
    <wordcount weight="3" > orders </wordcount>
    <wordcount weight="3" > monographs </wordcount>
    <wordcount weight="3" > william </wordcount>
    <wordcount weight="3" > within </wordcount>
    <wordcount weight="3" > payable </wordcount>
    <wordcount weight="3" > original </wordcount>
    <wordcount weight="3" > r </wordcount>
    <wordcount weight="3" > data </wordcount>
    <wordcount weight="3" > size </wordcount>
    <wordcount weight="3" > cited </wordcount>
    <wordcount weight="3" > reduction </wordcount>
    <wordcount weight="3" > use </wordcount>
    <wordcount weight="3" > author </wordcount>
    <wordcount weight="3" > david </wordcount>
    <wordcount weight="3" > include </wordcount>
    <wordcount weight="3" > d </wordcount>
    <wordcount weight="3" > an </wordcount>
    <wordcount weight="3" > structure </wordcount>
    <wordcount weight="3" > when </wordcount>
    <wordcount weight="3" > subscripts </wordcount>
    <wordcount weight="3" > details </wordcount>
    <wordcount weight="3" > notes </wordcount>
    <wordcount weight="3" > avoid </wordcount>
    <wordcount weight="2" > abrahamson </wordcount>
    <wordcount weight="2" > it </wordcount>
    <wordcount weight="2" > brian </wordcount>
    <wordcount weight="2" > press </wordcount>
    <wordcount weight="2" > now </wordcount>
    <wordcount weight="2" > high </wordcount>
    <wordcount weight="2" > o </wordcount>
    <wordcount weight="2" > no </wordcount>
    <wordcount weight="2" > letters </wordcount>
    <wordcount weight="2" > scientific </wordcount>
    <wordcount weight="2" > l </wordcount>
    <wordcount weight="2" > usually </wordcount>
    <wordcount weight="2" > names </wordcount>
    <wordcount weight="2" > checks </wordcount>
    <wordcount weight="2" > return </wordcount>
    <wordcount weight="2" > cbe </wordcount>
    <wordcount weight="2" > college </wordcount>
    <wordcount weight="2" > community </wordcount>
    <wordcount weight="2" > per </wordcount>
    <wordcount weight="2" > they </wordcount>
    <wordcount weight="2" > b </wordcount>
    <wordcount weight="2" > leave </wordcount>
    <wordcount weight="2" > life </wordcount>
    <wordcount weight="2" > instructions </wordcount>
    <wordcount weight="2" > informative </wordcount>
    <wordcount weight="2" > months </wordcount>
    <wordcount weight="2" > under </wordcount>
    <wordcount weight="2" > index </wordcount>
    <wordcount weight="2" > included </wordcount>
    <wordcount weight="2" > any </wordcount>
    <wordcount weight="2" > edition </wordcount>
    <wordcount weight="2" > following </wordcount>
    <wordcount weight="2" > placed </wordcount>
    <wordcount weight="2" > manual </wordcount>
    <wordcount weight="2" > exceed </wordcount>
    <wordcount weight="2" > footnote </wordcount>
    <wordcount weight="2" > history </wordcount>
    <wordcount weight="2" > printer </wordcount>
    <wordcount weight="2" > cm </wordcount>
    <wordcount weight="2" > paper </wordcount>
    <wordcount weight="2" > least </wordcount>
    <wordcount weight="2" > copy </wordcount>
    <wordcount weight="2" > spaced </wordcount>
    <wordcount weight="2" > benefit </wordcount>
    <wordcount weight="2" > warren </wordcount>
    <wordcount weight="2" > vegetation </wordcount>
    <wordcount weight="2" > never </wordcount>
    <wordcount weight="2" > reproductive </wordcount>
    <wordcount weight="2" > reviews </wordcount>
    <wordcount weight="2" > contents </wordcount>
    <wordcount weight="2" > required </wordcount>
    <wordcount weight="2" > designations </wordcount>
    <wordcount weight="2" > institute </wordcount>
    <wordcount weight="2" > retain </wordcount>
    <wordcount weight="2" > lettering </wordcount>
    <wordcount weight="2" > new </wordcount>
    <wordcount weight="2" > received </wordcount>
    <wordcount weight="2" > width </wordcount>
    <wordcount weight="2" > preferable </wordcount>
    <wordcount weight="2" > publishers </wordcount>
    <wordcount weight="2" > energetics </wordcount>
    <wordcount weight="2" > formula </wordcount>
    <wordcount weight="2" > consult </wordcount>
    <wordcount weight="2" > submitted </wordcount>
    <wordcount weight="2" > dynamics </wordcount>
    <wordcount weight="2" > solidago </wordcount>
    <wordcount weight="2" > conform </wordcount>
    <wordcount weight="2" > three </wordcount>
    <wordcount weight="2" > write </wordcount>
    <wordcount weight="2" > obtaining </wordcount>
    <wordcount weight="2" > approximately </wordcount>
    <wordcount weight="2" > receipt </wordcount>
    <wordcount weight="2" > field </wordcount>
    <wordcount weight="2" > indexing </wordcount>
    <wordcount weight="2" > gall </wordcount>
    <wordcount weight="2" > tabular </wordcount>
    <wordcount weight="2" > valentine </wordcount>
    <wordcount weight="2" > box </wordcount>
    <wordcount weight="2" > order </wordcount>
    <wordcount weight="2" > after </wordcount>
    <wordcount weight="2" > submit </wordcount>
    <wordcount weight="2" > payment </wordcount>
    <wordcount weight="2" > reprints </wordcount>
    <wordcount weight="2" > article </wordcount>
    <wordcount weight="2" > body </wordcount>
    <wordcount weight="2" > editors </wordcount>
    <wordcount weight="2" > up </wordcount>
    <wordcount weight="2" > interaction </wordcount>
    <wordcount weight="2" > bees </wordcount>
    <wordcount weight="2" > recent </wordcount>
    <wordcount weight="2" > arizona </wordcount>
    <wordcount weight="1" > kurt </wordcount>
    <wordcount weight="1" > costa </wordcount>
    <wordcount weight="1" > dealing </wordcount>
    <wordcount weight="1" > cottam </wordcount>
    <wordcount weight="1" > margins </wordcount>
    <wordcount weight="1" > directedcbe </wordcount>
    <wordcount weight="1" > related </wordcount>
    <wordcount weight="1" > he </wordcount>
    <wordcount weight="1" > relationship </wordcount>
    <wordcount weight="1" > units </wordcount>
    <wordcount weight="1" > offigures </wordcount>
    <wordcount weight="1" > significant </wordcount>
    <wordcount weight="1" > page </wordcount>
    <wordcount weight="1" > frederick </wordcount>
    <wordcount weight="1" > superscripts </wordcount>
    <wordcount weight="1" > publishing </wordcount>
    <wordcount weight="1" > succinctly </wordcount>
    <wordcount weight="1" > due </wordcount>
    <wordcount weight="1" > without </wordcount>
    <wordcount weight="1" > spelled </wordcount>
    <wordcount weight="1" > estimated </wordcount>
    <wordcount weight="1" > exact </wordcount>
    <wordcount weight="1" > provide </wordcount>
    <wordcount weight="1" > his </wordcount>
    <wordcount weight="1" > sets </wordcount>
    <wordcount weight="1" > meticulously </wordcount>
    <wordcount weight="1" > chelonia </wordcount>
    <wordcount weight="1" > underline </wordcount>
    <wordcount weight="1" > indicative </wordcount>
    <wordcount weight="1" > mojave </wordcount>
    <wordcount weight="1" > rule </wordcount>
    <wordcount weight="1" > lynn </wordcount>
    <wordcount weight="1" > short </wordcount>
    <wordcount weight="1" > nest </wordcount>
    <wordcount weight="1" > maps </wordcount>
    <wordcount weight="1" > designated </wordcount>
    <wordcount weight="1" > altitudinal </wordcount>
    <wordcount weight="1" > truth </wordcount>
    <wordcount weight="1" > stinner </wordcount>
    <wordcount weight="1" > extreme </wordcount>
    <wordcount weight="1" > environmental </wordcount>
    <wordcount weight="1" > lines </wordcount>
    <wordcount weight="1" > fewer </wordcount>
    <wordcount weight="1" > preparing </wordcount>
    <wordcount weight="1" > watson </wordcount>
    <wordcount weight="1" > capture </wordcount>
    <wordcount weight="1" > mean </wordcount>
    <wordcount weight="1" > peromyscus </wordcount>
    <wordcount weight="1" > etc </wordcount>
    <wordcount weight="1" > active </wordcount>
    <wordcount weight="1" > unmounted </wordcount>
    <wordcount weight="1" > canadensis </wordcount>
    <wordcount weight="1" > expanded </wordcount>
    <wordcount weight="1" > castetter </wordcount>
    <wordcount weight="1" > fossorial </wordcount>
    <wordcount weight="1" > wilson </wordcount>
    <wordcount weight="1" > initially </wordcount>
    <wordcount weight="1" > group </wordcount>
    <wordcount weight="1" > indicate </wordcount>
    <wordcount weight="1" > letter </wordcount>
    <wordcount weight="1" > benjamin </wordcount>
    <wordcount weight="1" > mounted </wordcount>
    <wordcount weight="1" > volumes </wordcount>
    <wordcount weight="1" > va </wordcount>
    <wordcount weight="1" > selection </wordcount>
    <wordcount weight="1" > special </wordcount>
    <wordcount weight="1" > methods </wordcount>
    <wordcount weight="1" > responsible </wordcount>
    <wordcount weight="1" > ample </wordcount>
    <wordcount weight="1" > efficiency </wordcount>
    <wordcount weight="1" > essays </wordcount>
    <wordcount weight="1" > rhus </wordcount>
    <wordcount weight="1" > fall </wordcount>
    <wordcount weight="1" > guide </wordcount>
    <wordcount weight="1" > michael </wordcount>
    <wordcount weight="1" > mortality </wordcount>
    <wordcount weight="1" > frank </wordcount>
    <wordcount weight="1" > word </wordcount>
    <wordcount weight="1" > handles </wordcount>
    <wordcount weight="1" > glossy </wordcount>
    <wordcount weight="1" > moves </wordcount>
    <wordcount weight="1" > english </wordcount>
    <wordcount weight="1" > delineates </wordcount>
    <wordcount weight="1" > summaries </wordcount>
    <wordcount weight="1" > thomas </wordcount>
    <wordcount weight="1" > completely </wordcount>
    <wordcount weight="1" > send </wordcount>
    <wordcount weight="1" > expenditure </wordcount>
    <wordcount weight="1" > burnham </wordcount>
    <wordcount weight="1" > jonathan </wordcount>
    <wordcount weight="1" > articles </wordcount>
    <wordcount weight="1" > hartnett </wordcount>
    <wordcount weight="1" > marginal </wordcount>
    <wordcount weight="1" > importance </wordcount>
    <wordcount weight="1" > plus </wordcount>
    <wordcount weight="1" > roughgarden </wordcount>
    <wordcount weight="1" > photographs </wordcount>
    <wordcount weight="1" > biology </wordcount>
    <wordcount weight="1" > considered </wordcount>
    <wordcount weight="1" > acceptance </wordcount>
    <wordcount weight="1" > forests </wordcount>
    <wordcount weight="1" > length </wordcount>
    <wordcount weight="1" > committee </wordcount>
    <wordcount weight="1" > was </wordcount>
    <wordcount weight="1" > clarified </wordcount>
    <wordcount weight="1" > into </wordcount>
    <wordcount weight="1" > specialization </wordcount>
    <wordcount weight="1" > graphs </wordcount>
    <wordcount weight="1" > gy </wordcount>
    <wordcount weight="1" > deposited </wordcount>
    <wordcount weight="1" > sexes </wordcount>
    <wordcount weight="1" > total </wordcount>
    <wordcount weight="1" > specify </wordcount>
    <wordcount weight="1" > light </wordcount>
    <wordcount weight="1" > marks </wordcount>
    <wordcount weight="1" > complete </wordcount>
    <wordcount weight="1" > just </wordcount>
    <wordcount weight="1" > galley </wordcount>
    <wordcount weight="1" > veblen </wordcount>
    <wordcount weight="1" > days </wordcount>
    <wordcount weight="1" > same </wordcount>
    <wordcount weight="1" > n </wordcount>
    <wordcount weight="1" > impact </wordcount>
    <wordcount weight="1" > az </wordcount>
    <wordcount weight="1" > series </wordcount>
    <wordcount weight="1" > revision </wordcount>
    <wordcount weight="1" > robust </wordcount>
    <wordcount weight="1" > hatching </wordcount>
    <wordcount weight="1" > too </wordcount>
    <wordcount weight="1" > reprint </wordcount>
    <wordcount weight="1" > incorporated </wordcount>
    <wordcount weight="1" > these </wordcount>
    <wordcount weight="1" > carbons </wordcount>
    <wordcount weight="1" > wisconsin </wordcount>
    <wordcount weight="1" > age </wordcount>
    <wordcount weight="1" > measurements </wordcount>
    <wordcount weight="1" > two </wordcount>
    <wordcount weight="1" > department </wordcount>
    <wordcount weight="1" > simply </wordcount>
    <wordcount weight="1" > extensive </wordcount>
    <wordcount weight="1" > geographic </wordcount>
    <wordcount weight="1" > solitary </wordcount>
    <wordcount weight="1" > heading </wordcount>
    <wordcount weight="1" > typed </wordcount>
    <wordcount weight="1" > first </wordcount>
    <wordcount weight="1" > karen </wordcount>
    <wordcount weight="1" > only </wordcount>
    <wordcount weight="1" > discretion </wordcount>
    <wordcount weight="1" > either </wordcount>
    <wordcount weight="1" > avoided </wordcount>
    <wordcount weight="1" > published </wordcount>
    <wordcount weight="1" > considers </wordcount>
    <wordcount weight="1" > ciliates </wordcount>
    <wordcount weight="1" > separately </wordcount>
    <wordcount weight="1" > sources </wordcount>
    <wordcount weight="1" > corrections </wordcount>
    <wordcount weight="1" > long </wordcount>
    <wordcount weight="1" > every </wordcount>
    <wordcount weight="1" > rather </wordcount>
    <wordcount weight="1" > carl </wordcount>
    <wordcount weight="1" > fire </wordcount>
    <wordcount weight="1" > name </wordcount>
    <wordcount weight="1" > temperate </wordcount>
    <wordcount weight="1" > photocopies </wordcount>
    <wordcount weight="1" > mcnabb </wordcount>
    <wordcount weight="1" > column </wordcount>
    <wordcount weight="1" > set </wordcount>
    <wordcount weight="1" > jessica </wordcount>
    <wordcount weight="1" > technique </wordcount>
    <wordcount weight="1" > business </wordcount>
    <wordcount weight="1" > give </wordcount>
    <wordcount weight="1" > behavior </wordcount>
    <wordcount weight="1" > hinds </wordcount>
    <wordcount weight="1" > sampling </wordcount>
    <wordcount weight="1" > postage </wordcount>
    <wordcount weight="1" > again </wordcount>
    <wordcount weight="1" > genecology </wordcount>
    <wordcount weight="1" > italics </wordcount>
    <wordcount weight="1" > populations </wordcount>
    <wordcount weight="1" > appear </wordcount>
    <wordcount weight="1" > strickler </wordcount>
    <wordcount weight="1" > numerical </wordcount>
    <wordcount weight="1" > insects </wordcount>
    <wordcount weight="1" > utilization </wordcount>
    <wordcount weight="1" > flowers </wordcount>
    <wordcount weight="1" > stem </wordcount>
    <wordcount weight="1" > exceeds </wordcount>
    <wordcount weight="1" > intraspecific </wordcount>
    <wordcount weight="1" > labar </wordcount>
    <wordcount weight="1" > readily </wordcount>
    <wordcount weight="1" > prolong </wordcount>
    <wordcount weight="1" > smith </wordcount>
    <wordcount weight="1" > nature </wordcount>
    <wordcount weight="1" > maniculatus </wordcount>
    <wordcount weight="1" > handling </wordcount>
    <wordcount weight="1" > acceptable </wordcount>
    <wordcount weight="1" > s </wordcount>
    <wordcount weight="1" > other </wordcount>
    <wordcount weight="1" > consideration </wordcount>
    <wordcount weight="1" > height </wordcount>
    <wordcount weight="1" > mails </wordcount>
    <wordcount weight="1" > capital </wordcount>
    <wordcount weight="1" > head </wordcount>
    <wordcount weight="1" > punctuation </wordcount>
    <wordcount weight="1" > prepaid </wordcount>
    <wordcount weight="1" > broken </wordcount>
    <wordcount weight="1" > print </wordcount>
    <wordcount weight="1" > together </wordcount>
    <wordcount weight="1" > bowers </wordcount>
    <wordcount weight="1" > includes </wordcount>
    <wordcount weight="1" > estimation </wordcount>
    <wordcount weight="1" > discount </wordcount>
    <wordcount weight="1" > sociality </wordcount>
    <wordcount weight="1" > guild </wordcount>
    <wordcount weight="1" > abstract </wordcount>
    <wordcount weight="1" > current </wordcount>
    <wordcount weight="1" > donna </wordcount>
    <wordcount weight="1" > volume </wordcount>
    <wordcount weight="1" > cascades </wordcount>
    <wordcount weight="1" > ambiguity </wordcount>
    <wordcount weight="1" > microform </wordcount>
    <wordcount weight="1" > out </wordcount>
    <wordcount weight="1" > break </wordcount>
    <wordcount weight="1" > habitat </wordcount>
    <wordcount weight="1" > job </wordcount>
    <wordcount weight="1" > diverse </wordcount>
    <wordcount weight="1" > international </wordcount>
    <wordcount weight="1" > journals </wordcount>
    <wordcount weight="1" > typewritten </wordcount>
    <wordcount weight="1" > very </wordcount>
    <wordcount weight="1" > rica </wordcount>
    <wordcount weight="1" > lizard </wordcount>
    <wordcount weight="1" > substantially </wordcount>
    <wordcount weight="1" > variation </wordcount>
    <wordcount weight="1" > take </wordcount>
    <wordcount weight="1" > assistance </wordcount>
    <wordcount weight="1" > listing </wordcount>
    <wordcount weight="1" > acetylene </wordcount>
    <wordcount weight="1" > royce </wordcount>
    <wordcount weight="1" > climate </wordcount>
    <wordcount weight="1" > habit </wordcount>
    <wordcount weight="1" > damage </wordcount>
    <wordcount weight="1" > ecotone </wordcount>
    <wordcount weight="1" > removal </wordcount>
    <wordcount weight="1" > mcnab </wordcount>
    <wordcount weight="1" > respects </wordcount>
    <wordcount weight="1" > type </wordcount>
    <wordcount weight="1" > rotenberry </wordcount>
    <wordcount weight="1" > better </wordcount>
    <wordcount weight="1" > person </wordcount>
    <wordcount weight="1" > mind </wordcount>
    <wordcount weight="1" > enough </wordcount>
    <wordcount weight="1" > mammals </wordcount>
    <wordcount weight="1" > greatly </wordcount>
    <wordcount weight="1" > forwarding </wordcount>
    <wordcount weight="1" > fourth </wordcount>
    <wordcount weight="1" > equally </wordcount>
    <wordcount weight="1" > oklahoma </wordcount>
    <wordcount weight="1" > closely </wordcount>
    <wordcount weight="1" > though </wordcount>
    <wordcount weight="1" > equal </wordcount>
    <wordcount weight="1" > mail </wordcount>
    <wordcount weight="1" > shrubs </wordcount>
    <wordcount weight="1" > technical </wordcount>
    <wordcount weight="1" > p </wordcount>
    <wordcount weight="1" > ballinger </wordcount>
    <wordcount weight="1" > where </wordcount>
    <wordcount weight="1" > oregon </wordcount>
    <wordcount weight="1" > accepted </wordcount>
    <wordcount weight="1" > them </wordcount>
    <wordcount weight="1" > whether </wordcount>
    <wordcount weight="1" > population </wordcount>
    <wordcount weight="1" > symbols </wordcount>
    <wordcount weight="1" > reduced </wordcount>
    <wordcount weight="1" > list </wordcount>
    <wordcount weight="1" > sentence </wordcount>
    <wordcount weight="1" > see </wordcount>
    <wordcount weight="1" > system </wordcount>
    <wordcount weight="1" > less </wordcount>
    <wordcount weight="1" > council </wordcount>
    <wordcount weight="1" > issue </wordcount>
    <wordcount weight="1" > side </wordcount>
    <wordcount weight="1" > record </wordcount>
    <wordcount weight="1" > mosses </wordcount>
    <wordcount weight="1" > turnaround </wordcount>
    <wordcount weight="1" > mcpherson </wordcount>
    <wordcount weight="1" > your </wordcount>
    <wordcount weight="1" > nothofagus </wordcount>
    <wordcount weight="1" > delays </wordcount>
    <wordcount weight="1" > theory </wordcount>
    <wordcount weight="1" > unnecessary </wordcount>
    <wordcount weight="1" > books </wordcount>
    <wordcount weight="1" > distribution </wordcount>
    <wordcount weight="1" > save </wordcount>
    <wordcount weight="1" > key </wordcount>
    <wordcount weight="1" > burrowing </wordcount>
    <wordcount weight="1" > near </wordcount>
    <wordcount weight="1" > number </wordcount>
    <wordcount weight="1" > america </wordcount>
    <wordcount weight="1" > demography </wordcount>
    <wordcount weight="1" > aspects </wordcount>
    <wordcount weight="1" > geist </wordcount>
    <wordcount weight="1" > well </wordcount>
    <wordcount weight="1" > watershed </wordcount>
    <wordcount weight="1" > vol </wordcount>
    <wordcount weight="1" > voice </wordcount>
    <wordcount weight="1" > information </wordcount>
    <wordcount weight="1" > lowercase </wordcount>
    <wordcount weight="1" > generally </wordcount>
    <wordcount weight="1" > driftless </wordcount>
    <wordcount weight="1" > grouping </wordcount>
    <wordcount weight="1" > recommended </wordcount>
    <wordcount weight="1" > possible </wordcount>
    <wordcount weight="1" > line </wordcount>
    <wordcount weight="1" > cost </wordcount>
    <wordcount weight="1" > spaces </wordcount>
    <wordcount weight="1" > publish </wordcount>
    <wordcount weight="1" > success </wordcount>
    <wordcount weight="1" > examples </wordcount>
    <wordcount weight="1" > mm </wordcount>
    <wordcount weight="1" > abstracts </wordcount>
    <wordcount weight="1" > october </wordcount>
    <wordcount weight="1" > bibliography </wordcount>
    <wordcount weight="1" > even </wordcount>
    <wordcount weight="1" > richard </wordcount>
    <wordcount weight="1" > mimicry </wordcount>
    <wordcount weight="1" > virginia </wordcount>
    <wordcount weight="1" > duncan </wordcount>
    <wordcount weight="1" > desert </wordcount>
    <wordcount weight="1" > notified </wordcount>
    <wordcount weight="1" > code </wordcount>
    <wordcount weight="1" > unless </wordcount>
    <wordcount weight="1" > nc </wordcount>
    <wordcount weight="1" > variations </wordcount>
    <wordcount weight="1" > except </wordcount>
    <wordcount weight="1" > promptly </wordcount>
    <wordcount weight="1" > x </wordcount>
    <wordcount weight="1" > including </wordcount>
    <wordcount weight="1" > symbiotic </wordcount>
    <wordcount weight="1" > algebraic </wordcount>
    <wordcount weight="1" > sent </wordcount>
    <wordcount weight="1" > seston </wordcount>
    <wordcount weight="1" > sequencing </wordcount>
    <wordcount weight="1" > role </wordcount>
    <wordcount weight="1" > along </wordcount>
    <wordcount weight="1" > adaptive </wordcount>
    <wordcount weight="1" > photographic </wordcount>
    <wordcount weight="1" > african </wordcount>
    <wordcount weight="1" > giving </wordcount>
    <wordcount weight="1" > minimum </wordcount>
    <wordcount weight="1" > sheets </wordcount>
    <wordcount weight="1" > loss </wordcount>
    <wordcount weight="1" > fixation </wordcount>
    <wordcount weight="1" > citation </wordcount>
    <wordcount weight="1" > discussions </wordcount>
    <wordcount weight="1" > consecutively </wordcount>
    <wordcount weight="1" > editorial </wordcount>
    <wordcount weight="1" > botany </wordcount>
    <wordcount weight="1" > cushing </wordcount>
    <wordcount weight="1" > printers </wordcount>
    <wordcount weight="1" > risk </wordcount>
    <wordcount weight="1" > constitute </wordcount>
    <wordcount weight="1" > contains </wordcount>
    <wordcount weight="1" > using </wordcount>
    <wordcount weight="1" > usage </wordcount>
    <wordcount weight="1" > insure </wordcount>
    <wordcount weight="1" > terminal </wordcount>
    <wordcount weight="1" > astrid </wordcount>
    <wordcount weight="1" > prepared </wordcount>
    <wordcount weight="1" > accessible </wordcount>
    <wordcount weight="1" > which </wordcount>
    <wordcount weight="1" > agavaceae </wordcount>
    <wordcount weight="1" > planning </wordcount>
    <wordcount weight="1" > check </wordcount>
    <wordcount weight="1" > annotated </wordcount>
    <wordcount weight="1" > douglas </wordcount>
    <wordcount weight="1" > differential </wordcount>
    <wordcount weight="1" > office </wordcount>
    <wordcount weight="1" > simplify </wordcount>
    <wordcount weight="1" > overseas </wordcount>
    <wordcount weight="1" > chile </wordcount>
    <wordcount weight="1" > shown </wordcount>
    <wordcount weight="1" > models </wordcount>
    <wordcount weight="1" > accuracy </wordcount>
    <wordcount weight="1" > showing </wordcount>
    <wordcount weight="1" > preparation </wordcount>
    <wordcount weight="1" > sea </wordcount>
    <wordcount weight="1" > campbell </wordcount>
    <wordcount weight="1" > lists </wordcount>
    <wordcount weight="1" > such </wordcount>
    <wordcount weight="1" > both </wordcount>
    <wordcount weight="1" > open </wordcount>
    <wordcount weight="1" > significance </wordcount>
    <wordcount weight="1" > clear </wordcount>
    <wordcount weight="1" > pollinator </wordcount>
    <wordcount weight="1" > litter </wordcount>
    <wordcount weight="1" > against </wordcount>
    <wordcount weight="1" > directed </wordcount>
    <wordcount weight="1" > conditions </wordcount>
    <wordcount weight="1" > bactivorous </wordcount>
    <wordcount weight="1" > national </wordcount>
    <wordcount weight="1" > publication </wordcount>
    <wordcount weight="1" > agreement </wordcount>
    <wordcount weight="1" > prices </wordcount>
    <wordcount weight="1" > interest </wordcount>
    <wordcount weight="1" > petranka </wordcount>
    <wordcount weight="1" > typescript </wordcount>
    <wordcount weight="1" > heckel </wordcount>
    <wordcount weight="1" > reproduced </wordcount>
    <wordcount weight="1" > large </wordcount>
    <wordcount weight="1" > running </wordcount>
    <wordcount weight="1" > computer </wordcount>
    <wordcount weight="1" > their </wordcount>
    <wordcount weight="1" > mailing </wordcount>
    <wordcount weight="1" > correct </wordcount>
    <wordcount weight="1" > zip </wordcount>
    <wordcount weight="1" > rigorously </wordcount>
    <wordcount weight="1" > below </wordcount>
    <wordcount weight="1" > period </wordcount>
    <wordcount weight="1" > green </wordcount>
    <wordcount weight="1" > microclimates </wordcount>
    <wordcount weight="1" > files </wordcount>
    <wordcount weight="1" > delivered </wordcount>
    <wordcount weight="1" > assay </wordcount>
    <wordcount weight="1" > features </wordcount>
    <wordcount weight="1" > temperatures </wordcount>
    <wordcount weight="1" > effects </wordcount>
    <wordcount weight="1" > contrast </wordcount>
    <wordcount weight="1" > sceloporus </wordcount>
    <wordcount weight="1" > anyone </wordcount>
    <wordcount weight="1" > area </wordcount>
    <wordcount weight="1" > pond </wordcount>
    <wordcount weight="1" > overton </wordcount>
    <wordcount weight="1" > standard </wordcount>
    <wordcount weight="1" > esa </wordcount>
    <wordcount weight="1" > martin </wordcount>
    <wordcount weight="1" > individual </wordcount>
    <wordcount weight="1" > probabilities </wordcount>
    <wordcount weight="1" > repeat </wordcount>
    <wordcount weight="1" > bank </wordcount>
    <wordcount weight="1" > involved </wordcount>
    <wordcount weight="1" > increased </wordcount>
    <wordcount weight="1" > duane </wordcount>
    <wordcount weight="1" > neutral </wordcount>
    <wordcount weight="1" > small </wordcount>
    <wordcount weight="1" > patterns </wordcount>
    <wordcount weight="1" > kline </wordcount>
    <wordcount weight="1" > estimating </wordcount>
    <wordcount weight="1" > concerning </wordcount>
    <wordcount weight="1" > especially </wordcount>
    <wordcount weight="1" > sized </wordcount>
    <wordcount weight="1" > charles </wordcount>
    <wordcount weight="1" > state </wordcount>
    <wordcount weight="1" > back </wordcount>
    <wordcount weight="1" > potential </wordcount>
    <wordcount weight="1" > steinwascher </wordcount>
    <wordcount weight="1" > between </wordcount>
    <wordcount weight="1" > response </wordcount>
    <wordcount weight="1" > research </wordcount>
    <wordcount weight="1" > convey </wordcount>
    <wordcount weight="1" > grant </wordcount>
    <wordcount weight="1" > compared </wordcount>
    <wordcount weight="1" > rejection </wordcount>
    <wordcount weight="1" > correction </wordcount>
    <wordcount weight="1" > third </wordcount>
    <wordcount weight="1" > vary </wordcount>
    <wordcount weight="1" > thin </wordcount>
    <wordcount weight="1" > brown </wordcount>
    <wordcount weight="1" > fowler </wordcount>
    <wordcount weight="1" > gradient </wordcount>
    <wordcount weight="1" > revised </wordcount>
    <wordcount weight="1" > through </wordcount>
    <wordcount weight="1" > copallina </wordcount>
    <wordcount weight="1" > deborah </wordcount>
    <wordcount weight="1" > announcingt </wordcount>
    <wordcount weight="1" > characters </wordcount>
    <wordcount weight="1" > little </wordcount>
    <wordcount weight="1" > instruments </wordcount>
    <wordcount weight="1" > develop </wordcount>
    <wordcount weight="1" > journal </wordcount>
    <wordcount weight="1" > northern </wordcount>
    <wordcount weight="1" > results </wordcount>
    <wordcount weight="1" > immediately </wordcount>
    <wordcount weight="1" > conventions </wordcount>
    <wordcount weight="1" > correspondence </wordcount>
    <wordcount weight="1" > cardboard </wordcount>
    <wordcount weight="1" > submitting </wordcount>
    <wordcount weight="1" > among </wordcount>
    <wordcount weight="1" > robert </wordcount>
    <wordcount weight="1" > whenever </wordcount>
    <wordcount weight="1" > taylor </wordcount>
    <wordcount weight="1" > undergoing </wordcount>
    <wordcount weight="1" > appropriate </wordcount>
    <wordcount weight="1" > predation </wordcount>
    <wordcount weight="1" > general </wordcount>
    <wordcount weight="1" > provided </wordcount>
    <wordcount weight="1" > southeastern </wordcount>
    <wordcount weight="1" > time </wordcount>
    <wordcount weight="1" > influence </wordcount>
    <wordcount weight="1" > animals </wordcount>
    <wordcount weight="1" > valuable </wordcount>
    <wordcount weight="1" > stanley </wordcount>
    <wordcount weight="1" > timberline </wordcount>
    <wordcount weight="1" > species </wordcount>
    <wordcount weight="1" > costly </wordcount>
    <wordcount weight="1" > society </wordcount>
    <wordcount weight="1" > separate </wordcount>
    <wordcount weight="1" > mechanism </wordcount>
</article>
