<?xml version="1.0" encoding="UTF-8"?>
<article id="10.2307/20166140" >
    <wordcount weight="319" > of </wordcount>
    <wordcount weight="129" > dept </wordcount>
    <wordcount weight="119" > univ </wordcount>
    <wordcount weight="100" > bs </wordcount>
    <wordcount weight="97" > the </wordcount>
    <wordcount weight="84" > ms </wordcount>
    <wordcount weight="72" > phd </wordcount>
    <wordcount weight="60" > ba </wordcount>
    <wordcount weight="60" > and </wordcount>
    <wordcount weight="49" > a </wordcount>
    <wordcount weight="44" > university </wordcount>
    <wordcount weight="44" > box </wordcount>
    <wordcount weight="41" > biology </wordcount>
    <wordcount weight="37" > d </wordcount>
    <wordcount weight="37" > ca </wordcount>
    <wordcount weight="36" > in </wordcount>
    <wordcount weight="34" > state </wordcount>
    <wordcount weight="33" > st </wordcount>
    <wordcount weight="31" > ma </wordcount>
    <wordcount weight="31" > ave </wordcount>
    <wordcount weight="26" > to </wordcount>
    <wordcount weight="25" > w </wordcount>
    <wordcount weight="25" > new </wordcount>
    <wordcount weight="23" > zoology </wordcount>
    <wordcount weight="22" > sei </wordcount>
    <wordcount weight="22" > ecology </wordcount>
    <wordcount weight="22" > article </wordcount>
    <wordcount weight="21" > e </wordcount>
    <wordcount weight="20" > m </wordcount>
    <wordcount weight="20" > canada </wordcount>
    <wordcount weight="20" > botany </wordcount>
    <wordcount weight="19" > po </wordcount>
    <wordcount weight="19" > hall </wordcount>
    <wordcount weight="19" > il </wordcount>
    <wordcount weight="19" > ny </wordcount>
    <wordcount weight="18" > ecological </wordcount>
    <wordcount weight="18" > dr </wordcount>
    <wordcount weight="18" > david </wordcount>
    <wordcount weight="18" > rd </wordcount>
    <wordcount weight="17" > fl </wordcount>
    <wordcount weight="17" > nc </wordcount>
    <wordcount weight="17" > north </wordcount>
    <wordcount weight="17" > society </wordcount>
    <wordcount weight="16" > l </wordcount>
    <wordcount weight="16" > biological </wordcount>
    <wordcount weight="16" > for </wordcount>
    <wordcount weight="16" > robert </wordcount>
    <wordcount weight="16" > r </wordcount>
    <wordcount weight="16" > lab </wordcount>
    <wordcount weight="16" > james </wordcount>
    <wordcount weight="15" > h </wordcount>
    <wordcount weight="15" > tx </wordcount>
    <wordcount weight="15" > g </wordcount>
    <wordcount weight="15" > ct </wordcount>
    <wordcount weight="14" > proposed </wordcount>
    <wordcount weight="14" > n </wordcount>
    <wordcount weight="14" > apt </wordcount>
    <wordcount weight="14" > richard </wordcount>
    <wordcount weight="13" > college </wordcount>
    <wordcount weight="13" > j </wordcount>
    <wordcount weight="13" > john </wordcount>
    <wordcount weight="13" > william </wordcount>
    <wordcount weight="13" > america </wordcount>
    <wordcount weight="13" > thomas </wordcount>
    <wordcount weight="13" > pa </wordcount>
    <wordcount weight="12" > by </wordcount>
    <wordcount weight="12" > md </wordcount>
    <wordcount weight="12" > de </wordcount>
    <wordcount weight="11" > changes </wordcount>
    <wordcount weight="11" > b </wordcount>
    <wordcount weight="11" > as </wordcount>
    <wordcount weight="11" > or </wordcount>
    <wordcount weight="11" > biol </wordcount>
    <wordcount weight="11" > michael </wordcount>
    <wordcount weight="10" > sciences </wordcount>
    <wordcount weight="10" > i </wordcount>
    <wordcount weight="10" > oh </wordcount>
    <wordcount weight="10" > nj </wordcount>
    <wordcount weight="10" > california </wordcount>
    <wordcount weight="10" > illinois </wordcount>
    <wordcount weight="10" > co </wordcount>
    <wordcount weight="10" > journal </wordcount>
    <wordcount weight="9" > at </wordcount>
    <wordcount weight="9" > bulletin </wordcount>
    <wordcount weight="9" > yale </wordcount>
    <wordcount weight="9" > va </wordcount>
    <wordcount weight="9" > az </wordcount>
    <wordcount weight="9" > stephen </wordcount>
    <wordcount weight="9" > membership </wordcount>
    <wordcount weight="9" > steven </wordcount>
    <wordcount weight="9" > p </wordcount>
    <wordcount weight="9" > issue </wordcount>
    <wordcount weight="9" > ut </wordcount>
    <wordcount weight="9" > jr </wordcount>
    <wordcount weight="9" > texas </wordcount>
    <wordcount weight="9" > alberta </wordcount>
    <wordcount weight="9" > ga </wordcount>
    <wordcount weight="9" > wl </wordcount>
    <wordcount weight="8" > december </wordcount>
    <wordcount weight="8" > is </wordcount>
    <wordcount weight="8" > members </wordcount>
    <wordcount weight="8" > carolina </wordcount>
    <wordcount weight="8" > biogeography </wordcount>
    <wordcount weight="8" > los </wordcount>
    <wordcount weight="8" > florida </wordcount>
    <wordcount weight="7" > constitution </wordcount>
    <wordcount weight="7" > esa </wordcount>
    <wordcount weight="7" > please </wordcount>
    <wordcount weight="7" > mark </wordcount>
    <wordcount weight="7" > marine </wordcount>
    <wordcount weight="7" > member </wordcount>
    <wordcount weight="7" > alan </wordcount>
    <wordcount weight="7" > be </wordcount>
    <wordcount weight="6" > rico </wordcount>
    <wordcount weight="6" > san </wordcount>
    <wordcount weight="6" > ml </wordcount>
    <wordcount weight="6" > kenneth </wordcount>
    <wordcount weight="6" > wa </wordcount>
    <wordcount weight="6" > research </wordcount>
    <wordcount weight="6" > class </wordcount>
    <wordcount weight="6" > rt </wordcount>
    <wordcount weight="6" > school </wordcount>
    <wordcount weight="6" > bldg </wordcount>
    <wordcount weight="6" > are </wordcount>
    <wordcount weight="6" > s </wordcount>
    <wordcount weight="6" > puerto </wordcount>
    <wordcount weight="6" > institute </wordcount>
    <wordcount weight="6" > science </wordcount>
    <wordcount weight="6" > mn </wordcount>
    <wordcount weight="6" > charles </wordcount>
    <wordcount weight="6" > c </wordcount>
    <wordcount weight="6" > ann </wordcount>
    <wordcount weight="5" > f </wordcount>
    <wordcount weight="5" > o </wordcount>
    <wordcount weight="5" > edward </wordcount>
    <wordcount weight="5" > center </wordcount>
    <wordcount weight="5" > forest </wordcount>
    <wordcount weight="5" > us </wordcount>
    <wordcount weight="5" > committee </wordcount>
    <wordcount weight="5" > cornell </wordcount>
    <wordcount weight="5" > section </wordcount>
    <wordcount weight="5" > wisconsin </wordcount>
    <wordcount weight="5" > gary </wordcount>
    <wordcount weight="5" > t </wordcount>
    <wordcount weight="5" > utah </wordcount>
    <wordcount weight="5" > paul </wordcount>
    <wordcount weight="5" > all </wordcount>
    <wordcount weight="5" > study </wordcount>
    <wordcount weight="5" > appeared </wordcount>
    <wordcount weight="5" > div </wordcount>
    <wordcount weight="5" > arthur </wordcount>
    <wordcount weight="5" > receives </wordcount>
    <wordcount weight="5" > forestry </wordcount>
    <wordcount weight="5" > prospect </wordcount>
    <wordcount weight="5" > douglas </wordcount>
    <wordcount weight="5" > student </wordcount>
    <wordcount weight="5" > west </wordcount>
    <wordcount weight="5" > washington </wordcount>
    <wordcount weight="5" > peter </wordcount>
    <wordcount weight="5" > patterns </wordcount>
    <wordcount weight="5" > on </wordcount>
    <wordcount weight="5" > chapel </wordcount>
    <wordcount weight="5" > ab </wordcount>
    <wordcount weight="5" > la </wordcount>
    <wordcount weight="5" > arizona </wordcount>
    <wordcount weight="4" > south </wordcount>
    <wordcount weight="4" > disapprove </wordcount>
    <wordcount weight="4" > linda </wordcount>
    <wordcount weight="4" > museum </wordcount>
    <wordcount weight="4" > ecol </wordcount>
    <wordcount weight="4" > active </wordcount>
    <wordcount weight="4" > woods </wordcount>
    <wordcount weight="4" > they </wordcount>
    <wordcount weight="4" > southern </wordcount>
    <wordcount weight="4" > approve </wordcount>
    <wordcount weight="4" > cliff </wordcount>
    <wordcount weight="4" > western </wordcount>
    <wordcount weight="4" > tn </wordcount>
    <wordcount weight="4" > mo </wordcount>
    <wordcount weight="4" > year </wordcount>
    <wordcount weight="4" > sustaining </wordcount>
    <wordcount weight="4" > mississippi </wordcount>
    <wordcount weight="4" > terry </wordcount>
    <wordcount weight="4" > animal </wordcount>
    <wordcount weight="4" > v </wordcount>
    <wordcount weight="4" > spain </wordcount>
    <wordcount weight="4" > mary </wordcount>
    <wordcount weight="4" > journals </wordcount>
    <wordcount weight="4" > lane </wordcount>
    <wordcount weight="4" > years </wordcount>
    <wordcount weight="4" > lake </wordcount>
    <wordcount weight="4" > sta </wordcount>
    <wordcount weight="4" > station </wordcount>
    <wordcount weight="4" > ghana </wordcount>
    <wordcount weight="4" > francis </wordcount>
    <wordcount weight="4" > ontario </wordcount>
    <wordcount weight="4" > this </wordcount>
    <wordcount weight="4" > santa </wordcount>
    <wordcount weight="4" > range </wordcount>
    <wordcount weight="4" > an </wordcount>
    <wordcount weight="4" > plant </wordcount>
    <wordcount weight="4" > k </wordcount>
    <wordcount weight="3" > may </wordcount>
    <wordcount weight="3" > fort </wordcount>
    <wordcount weight="3" > me </wordcount>
    <wordcount weight="3" > no </wordcount>
    <wordcount weight="3" > way </wordcount>
    <wordcount weight="3" > main </wordcount>
    <wordcount weight="3" > envir </wordcount>
    <wordcount weight="3" > brian </wordcount>
    <wordcount weight="3" > approval </wordcount>
    <wordcount weight="3" > associate </wordcount>
    <wordcount weight="3" > amendments </wordcount>
    <wordcount weight="3" > organisms </wordcount>
    <wordcount weight="3" > life </wordcount>
    <wordcount weight="3" > wildlife </wordcount>
    <wordcount weight="3" > with </wordcount>
    <wordcount weight="3" > maryland </wordcount>
    <wordcount weight="3" > studies </wordcount>
    <wordcount weight="3" > joseph </wordcount>
    <wordcount weight="3" > duke </wordcount>
    <wordcount weight="3" > history </wordcount>
    <wordcount weight="3" > nat </wordcount>
    <wordcount weight="3" > bruce </wordcount>
    <wordcount weight="3" > field </wordcount>
    <wordcount weight="3" > additional </wordcount>
    <wordcount weight="3" > ballot </wordcount>
    <wordcount weight="3" > inc </wordcount>
    <wordcount weight="3" > index </wordcount>
    <wordcount weight="3" > colorado </wordcount>
    <wordcount weight="3" > rsrch </wordcount>
    <wordcount weight="3" > kent </wordcount>
    <wordcount weight="3" > henry </wordcount>
    <wordcount weight="3" > available </wordcount>
    <wordcount weight="3" > which </wordcount>
    <wordcount weight="3" > dennis </wordcount>
    <wordcount weight="3" > sc </wordcount>
    <wordcount weight="3" > check </wordcount>
    <wordcount weight="3" > hopkins </wordcount>
    <wordcount weight="3" > apartado </wordcount>
    <wordcount weight="3" > anne </wordcount>
    <wordcount weight="3" > geography </wordcount>
    <wordcount weight="3" > michigan </wordcount>
    <wordcount weight="3" > johns </wordcount>
    <wordcount weight="3" > daniel </wordcount>
    <wordcount weight="3" > payable </wordcount>
    <wordcount weight="3" > fish </wordcount>
    <wordcount weight="3" > east </wordcount>
    <wordcount weight="3" > wayne </wordcount>
    <wordcount weight="3" > marie </wordcount>
    <wordcount weight="3" > planetary </wordcount>
    <wordcount weight="3" > application </wordcount>
    <wordcount weight="3" > virginia </wordcount>
    <wordcount weight="3" > monographs </wordcount>
    <wordcount weight="3" > disapproval </wordcount>
    <wordcount weight="3" > pi </wordcount>
    <wordcount weight="3" > ideas </wordcount>
    <wordcount weight="3" > harvard </wordcount>
    <wordcount weight="3" > roger </wordcount>
    <wordcount weight="3" > mt </wordcount>
    <wordcount weight="3" > earth </wordcount>
    <wordcount weight="3" > biogeographical </wordcount>
    <wordcount weight="3" > salt </wordcount>
    <wordcount weight="3" > price </wordcount>
    <wordcount weight="3" > environ </wordcount>
    <wordcount weight="3" > rutgers </wordcount>
    <wordcount weight="3" > can </wordcount>
    <wordcount weight="3" > keith </wordcount>
    <wordcount weight="3" > department </wordcount>
    <wordcount weight="3" > those </wordcount>
    <wordcount weight="3" > appropriate </wordcount>
    <wordcount weight="2" > gayle </wordcount>
    <wordcount weight="2" > gerald </wordcount>
    <wordcount weight="2" > page </wordcount>
    <wordcount weight="2" > mrp </wordcount>
    <wordcount weight="2" > langmuir </wordcount>
    <wordcount weight="2" > czechoslovakia </wordcount>
    <wordcount weight="2" > george </wordcount>
    <wordcount weight="2" > if </wordcount>
    <wordcount weight="2" > lynn </wordcount>
    <wordcount weight="2" > tokyo </wordcount>
    <wordcount weight="2" > cntr </wordcount>
    <wordcount weight="2" > evol </wordcount>
    <wordcount weight="2" > per </wordcount>
    <wordcount weight="2" > sw </wordcount>
    <wordcount weight="2" > scott </wordcount>
    <wordcount weight="2" > jane </wordcount>
    <wordcount weight="2" > vivarium </wordcount>
    <wordcount weight="2" > death </wordcount>
    <wordcount weight="2" > aa </wordcount>
    <wordcount weight="2" > mail </wordcount>
    <wordcount weight="2" > drawer </wordcount>
    <wordcount weight="2" > connecticut </wordcount>
    <wordcount weight="2" > wilson </wordcount>
    <wordcount weight="2" > indicate </wordcount>
    <wordcount weight="2" > returned </wordcount>
    <wordcount weight="2" > wv </wordcount>
    <wordcount weight="2" > old </wordcount>
    <wordcount weight="2" > sally </wordcount>
    <wordcount weight="2" > bowling </wordcount>
    <wordcount weight="2" > item </wordcount>
    <wordcount weight="2" > send </wordcount>
    <wordcount weight="2" > jonathan </wordcount>
    <wordcount weight="2" > chile </wordcount>
    <wordcount weight="2" > albert </wordcount>
    <wordcount weight="2" > neil </wordcount>
    <wordcount weight="2" > res </wordcount>
    <wordcount weight="2" > sch </wordcount>
    <wordcount weight="2" > distributional </wordcount>
    <wordcount weight="2" > ne </wordcount>
    <wordcount weight="2" > idaho </wordcount>
    <wordcount weight="2" > jay </wordcount>
    <wordcount weight="2" > numbers </wordcount>
    <wordcount weight="2" > their </wordcount>
    <wordcount weight="2" > wright </wordcount>
    <wordcount weight="2" > al </wordcount>
    <wordcount weight="2" > grand </wordcount>
    <wordcount weight="2" > laura </wordcount>
    <wordcount weight="2" > zool </wordcount>
    <wordcount weight="2" > two </wordcount>
    <wordcount weight="2" > serv </wordcount>
    <wordcount weight="2" > marco </wordcount>
    <wordcount weight="2" > jeffrey </wordcount>
    <wordcount weight="2" > oslo </wordcount>
    <wordcount weight="2" > ciencias </wordcount>
    <wordcount weight="2" > postage </wordcount>
    <wordcount weight="2" > diego </wordcount>
    <wordcount weight="2" > norway </wordcount>
    <wordcount weight="2" > address </wordcount>
    <wordcount weight="2" > make </wordcount>
    <wordcount weight="2" > natural </wordcount>
    <wordcount weight="2" > ok </wordcount>
    <wordcount weight="2" > rue </wordcount>
    <wordcount weight="2" > england </wordcount>
    <wordcount weight="2" > anthropology </wordcount>
    <wordcount weight="2" > georgia </wordcount>
    <wordcount weight="2" > ft </wordcount>
    <wordcount weight="2" > copy </wordcount>
    <wordcount weight="2" > alexander </wordcount>
    <wordcount weight="2" > rodney </wordcount>
    <wordcount weight="2" > comstock </wordcount>
    <wordcount weight="2" > instituto </wordcount>
    <wordcount weight="2" > dues </wordcount>
    <wordcount weight="2" > baton </wordcount>
    <wordcount weight="2" > carol </wordcount>
    <wordcount weight="2" > rl </wordcount>
    <wordcount weight="2" > patrick </wordcount>
    <wordcount weight="2" > subscribe </wordcount>
    <wordcount weight="2" > lancaster </wordcount>
    <wordcount weight="2" > massachusetts </wordcount>
    <wordcount weight="2" > bonnie </wordcount>
    <wordcount weight="2" > each </wordcount>
    <wordcount weight="2" > ogy </wordcount>
    <wordcount weight="2" > other </wordcount>
    <wordcount weight="2" > maurice </wordcount>
    <wordcount weight="2" > u </wordcount>
    <wordcount weight="2" > vt </wordcount>
    <wordcount weight="2" > czech </wordcount>
    <wordcount weight="2" > vegetation </wordcount>
    <wordcount weight="2" > carole </wordcount>
    <wordcount weight="2" > nm </wordcount>
    <wordcount weight="2" > id </wordcount>
    <wordcount weight="2" > uk </wordcount>
    <wordcount weight="2" > acad </wordcount>
    <wordcount weight="2" > landscape </wordcount>
    <wordcount weight="2" > return </wordcount>
    <wordcount weight="2" > postal </wordcount>
    <wordcount weight="2" > el </wordcount>
    <wordcount weight="2" > milton </wordcount>
    <wordcount weight="2" > reduced </wordcount>
    <wordcount weight="2" > form </wordcount>
    <wordcount weight="2" > applied </wordcount>
    <wordcount weight="2" > voting </wordcount>
    <wordcount weight="2" > venezuela </wordcount>
    <wordcount weight="2" > entomology </wordcount>
    <wordcount weight="2" > universidad </wordcount>
    <wordcount weight="2" > vpi </wordcount>
    <wordcount weight="2" > alice </wordcount>
    <wordcount weight="2" > money </wordcount>
    <wordcount weight="2" > rodman </wordcount>
    <wordcount weight="2" > agr </wordcount>
    <wordcount weight="2" > vol </wordcount>
    <wordcount weight="2" > psychology </wordcount>
    <wordcount weight="2" > kansas </wordcount>
    <wordcount weight="2" > leidy </wordcount>
    <wordcount weight="2" > labs </wordcount>
    <wordcount weight="2" > bc </wordcount>
    <wordcount weight="2" > drive </wordcount>
    <wordcount weight="2" > martha </wordcount>
    <wordcount weight="2" > monticello </wordcount>
    <wordcount weight="2" > code </wordcount>
    <wordcount weight="2" > manitoba </wordcount>
    <wordcount weight="2" > su </wordcount>
    <wordcount weight="2" > ohio </wordcount>
    <wordcount weight="2" > sharon </wordcount>
    <wordcount weight="2" > centro </wordcount>
    <wordcount weight="2" > ken </wordcount>
    <wordcount weight="2" > todd </wordcount>
    <wordcount weight="2" > island </wordcount>
    <wordcount weight="2" > broad </wordcount>
    <wordcount weight="2" > pleasant </wordcount>
    <wordcount weight="2" > soils </wordcount>
    <wordcount weight="2" > lawrence </wordcount>
    <wordcount weight="2" > jan </wordcount>
    <wordcount weight="2" > andrew </wordcount>
    <wordcount weight="2" > laboratory </wordcount>
    <wordcount weight="2" > franklin </wordcount>
    <wordcount weight="2" > sts </wordcount>
    <wordcount weight="2" > option </wordcount>
    <wordcount weight="2" > affiliation </wordcount>
    <wordcount weight="2" > pennsylvania </wordcount>
    <wordcount weight="2" > dakota </wordcount>
    <wordcount weight="2" > ence </wordcount>
    <wordcount weight="2" > morrill </wordcount>
    <wordcount weight="2" > dryden </wordcount>
    <wordcount weight="2" > have </wordcount>
    <wordcount weight="2" > publication </wordcount>
    <wordcount weight="2" > aus </wordcount>
    <wordcount weight="2" > janet </wordcount>
    <wordcount weight="2" > australia </wordcount>
    <wordcount weight="2" > carlos </wordcount>
    <wordcount weight="2" > trail </wordcount>
    <wordcount weight="2" > off </wordcount>
    <wordcount weight="2" > emory </wordcount>
    <wordcount weight="2" > umc </wordcount>
    <wordcount weight="2" > caracas </wordcount>
    <wordcount weight="2" > dean </wordcount>
    <wordcount weight="2" > family </wordcount>
    <wordcount weight="2" > exchange </wordcount>
    <wordcount weight="2" > mfs </wordcount>
    <wordcount weight="2" > payment </wordcount>
    <wordcount weight="2" > inst </wordcount>
    <wordcount weight="2" > suny </wordcount>
    <wordcount weight="2" > special </wordcount>
    <wordcount weight="2" > enclose </wordcount>
    <wordcount weight="2" > mailing </wordcount>
    <wordcount weight="2" > systematics </wordcount>
    <wordcount weight="2" > tralia </wordcount>
    <wordcount weight="2" > should </wordcount>
    <wordcount weight="2" > sci </wordcount>
    <wordcount weight="2" > annual </wordcount>
    <wordcount weight="2" > nd </wordcount>
    <wordcount weight="2" > northwestern </wordcount>
    <wordcount weight="2" > behavior </wordcount>
    <wordcount weight="2" > blanket </wordcount>
    <wordcount weight="2" > re </wordcount>
    <wordcount weight="2" > ellen </wordcount>
    <wordcount weight="2" > argonne </wordcount>
    <wordcount weight="2" > diana </wordcount>
    <wordcount weight="2" > brown </wordcount>
    <wordcount weight="2" > household </wordcount>
    <wordcount weight="2" > tennessee </wordcount>
    <wordcount weight="1" > sa </wordcount>
    <wordcount weight="1" > maximum </wordcount>
    <wordcount weight="1" > hl </wordcount>
    <wordcount weight="1" > alabama </wordcount>
    <wordcount weight="1" > anders </wordcount>
    <wordcount weight="1" > wide </wordcount>
    <wordcount weight="1" > maple </wordcount>
    <wordcount weight="1" > sacre </wordcount>
    <wordcount weight="1" > delk </wordcount>
    <wordcount weight="1" > shorter </wordcount>
    <wordcount weight="1" > will </wordcount>
    <wordcount weight="1" > rachel </wordcount>
    <wordcount weight="1" > genetic </wordcount>
    <wordcount weight="1" > cover </wordcount>
    <wordcount weight="1" > ucsb </wordcount>
    <wordcount weight="1" > mangrove </wordcount>
    <wordcount weight="1" > offices </wordcount>
    <wordcount weight="1" > dawn </wordcount>
    <wordcount weight="1" > indicated </wordcount>
    <wordcount weight="1" > dale </wordcount>
    <wordcount weight="1" > long </wordcount>
    <wordcount weight="1" > mount </wordcount>
    <wordcount weight="1" > algonquin </wordcount>
    <wordcount weight="1" > marilyn </wordcount>
    <wordcount weight="1" > barbara </wordcount>
    <wordcount weight="1" > carolyn </wordcount>
    <wordcount weight="1" > related </wordcount>
    <wordcount weight="1" > rill </wordcount>
    <wordcount weight="1" > sede </wordcount>
    <wordcount weight="1" > colin </wordcount>
    <wordcount weight="1" > cooperative </wordcount>
    <wordcount weight="1" > york </wordcount>
    <wordcount weight="1" > resrch </wordcount>
    <wordcount weight="1" > calliber </wordcount>
    <wordcount weight="1" > whose </wordcount>
    <wordcount weight="1" > annum </wordcount>
    <wordcount weight="1" > nstl </wordcount>
    <wordcount weight="1" > stony </wordcount>
    <wordcount weight="1" > cana </wordcount>
    <wordcount weight="1" > highway </wordcount>
    <wordcount weight="1" > sussex </wordcount>
    <wordcount weight="1" > pakultas </wordcount>
    <wordcount weight="1" > bitki </wordcount>
    <wordcount weight="1" > van </wordcount>
    <wordcount weight="1" > macquarie </wordcount>
    <wordcount weight="1" > mesa </wordcount>
    <wordcount weight="1" > stuart </wordcount>
    <wordcount weight="1" > tilden </wordcount>
    <wordcount weight="1" > statements </wordcount>
    <wordcount weight="1" > anthony </wordcount>
    <wordcount weight="1" > phil </wordcount>
    <wordcount weight="1" > growth </wordcount>
    <wordcount weight="1" > been </wordcount>
    <wordcount weight="1" > cedar </wordcount>
    <wordcount weight="1" > sophie </wordcount>
    <wordcount weight="1" > nh </wordcount>
    <wordcount weight="1" > bernard </wordcount>
    <wordcount weight="1" > you </wordcount>
    <wordcount weight="1" > sharyn </wordcount>
    <wordcount weight="1" > checks </wordcount>
    <wordcount weight="1" > pittsburgh </wordcount>
    <wordcount weight="1" > dominicana </wordcount>
    <wordcount weight="1" > bda </wordcount>
    <wordcount weight="1" > second </wordcount>
    <wordcount weight="1" > alma </wordcount>
    <wordcount weight="1" > testing </wordcount>
    <wordcount weight="1" > comparative </wordcount>
    <wordcount weight="1" > tech </wordcount>
    <wordcount weight="1" > birge </wordcount>
    <wordcount weight="1" > durejs </wordcount>
    <wordcount weight="1" > limited </wordcount>
    <wordcount weight="1" > roald </wordcount>
    <wordcount weight="1" > santiago </wordcount>
    <wordcount weight="1" > genecology </wordcount>
    <wordcount weight="1" > unit </wordcount>
    <wordcount weight="1" > drachman </wordcount>
    <wordcount weight="1" > biscornet </wordcount>
    <wordcount weight="1" > ekologi </wordcount>
    <wordcount weight="1" > holyoke </wordcount>
    <wordcount weight="1" > greenville </wordcount>
    <wordcount weight="1" > heights </wordcount>
    <wordcount weight="1" > hook </wordcount>
    <wordcount weight="1" > alba </wordcount>
    <wordcount weight="1" > math </wordcount>
    <wordcount weight="1" > hawken </wordcount>
    <wordcount weight="1" > sherman </wordcount>
    <wordcount weight="1" > christine </wordcount>
    <wordcount weight="1" > burns </wordcount>
    <wordcount weight="1" > bi </wordcount>
    <wordcount weight="1" > allen </wordcount>
    <wordcount weight="1" > quarterly </wordcount>
    <wordcount weight="1" > sect </wordcount>
    <wordcount weight="1" > playa </wordcount>
    <wordcount weight="1" > benedict </wordcount>
    <wordcount weight="1" > nsw </wordcount>
    <wordcount weight="1" > juan </wordcount>
    <wordcount weight="1" > eloise </wordcount>
    <wordcount weight="1" > manuscript </wordcount>
    <wordcount weight="1" > lopez </wordcount>
    <wordcount weight="1" > germany </wordcount>
    <wordcount weight="1" > ex </wordcount>
    <wordcount weight="1" > rowland </wordcount>
    <wordcount weight="1" > interrelations </wordcount>
    <wordcount weight="1" > alvera </wordcount>
    <wordcount weight="1" > wildf </wordcount>
    <wordcount weight="1" > rapidly </wordcount>
    <wordcount weight="1" > area </wordcount>
    <wordcount weight="1" > rauno </wordcount>
    <wordcount weight="1" > mus </wordcount>
    <wordcount weight="1" > brunswick </wordcount>
    <wordcount weight="1" > waterfowl </wordcount>
    <wordcount weight="1" > oakstone </wordcount>
    <wordcount weight="1" > oeste </wordcount>
    <wordcount weight="1" > rick </wordcount>
    <wordcount weight="1" > bryan </wordcount>
    <wordcount weight="1" > com </wordcount>
    <wordcount weight="1" > aquatic </wordcount>
    <wordcount weight="1" > sandy </wordcount>
    <wordcount weight="1" > replies </wordcount>
    <wordcount weight="1" > drs </wordcount>
    <wordcount weight="1" > preferred </wordcount>
    <wordcount weight="1" > catholica </wordcount>
    <wordcount weight="1" > analysis </wordcount>
    <wordcount weight="1" > joel </wordcount>
    <wordcount weight="1" > horton </wordcount>
    <wordcount weight="1" > polytechnic </wordcount>
    <wordcount weight="1" > nmsu </wordcount>
    <wordcount weight="1" > hope </wordcount>
    <wordcount weight="1" > frank </wordcount>
    <wordcount weight="1" > healey </wordcount>
    <wordcount weight="1" > update </wordcount>
    <wordcount weight="1" > oxford </wordcount>
    <wordcount weight="1" > library </wordcount>
    <wordcount weight="1" > front </wordcount>
    <wordcount weight="1" > coastal </wordcount>
    <wordcount weight="1" > ipb </wordcount>
    <wordcount weight="1" > punta </wordcount>
    <wordcount weight="1" > christo </wordcount>
    <wordcount weight="1" > british </wordcount>
    <wordcount weight="1" > raymond </wordcount>
    <wordcount weight="1" > fair </wordcount>
    <wordcount weight="1" > donana </wordcount>
    <wordcount weight="1" > farrukh </wordcount>
    <wordcount weight="1" > means </wordcount>
    <wordcount weight="1" > mals </wordcount>
    <wordcount weight="1" > directory </wordcount>
    <wordcount weight="1" > wake </wordcount>
    <wordcount weight="1" > lloyd </wordcount>
    <wordcount weight="1" > discounts </wordcount>
    <wordcount weight="1" > park </wordcount>
    <wordcount weight="1" > dana </wordcount>
    <wordcount weight="1" > bank </wordcount>
    <wordcount weight="1" > air </wordcount>
    <wordcount weight="1" > marquis </wordcount>
    <wordcount weight="1" > candidate </wordcount>
    <wordcount weight="1" > tjahjono </wordcount>
    <wordcount weight="1" > usa </wordcount>
    <wordcount weight="1" > arctic </wordcount>
    <wordcount weight="1" > council </wordcount>
    <wordcount weight="1" > aplicada </wordcount>
    <wordcount weight="1" > volume </wordcount>
    <wordcount weight="1" > hamill </wordcount>
    <wordcount weight="1" > bagian </wordcount>
    <wordcount weight="1" > erdal </wordcount>
    <wordcount weight="1" > gardner </wordcount>
    <wordcount weight="1" > water </wordcount>
    <wordcount weight="1" > manor </wordcount>
    <wordcount weight="1" > subscription </wordcount>
    <wordcount weight="1" > hiroyoshi </wordcount>
    <wordcount weight="1" > bretano </wordcount>
    <wordcount weight="1" > river </wordcount>
    <wordcount weight="1" > neo </wordcount>
    <wordcount weight="1" > sections </wordcount>
    <wordcount weight="1" > together </wordcount>
    <wordcount weight="1" > organic </wordcount>
    <wordcount weight="1" > jens </wordcount>
    <wordcount weight="1" > rua </wordcount>
    <wordcount weight="1" > carroll </wordcount>
    <wordcount weight="1" > cmprtive </wordcount>
    <wordcount weight="1" > praticultura </wordcount>
    <wordcount weight="1" > avi </wordcount>
    <wordcount weight="1" > lowell </wordcount>
    <wordcount weight="1" > flemingovo </wordcount>
    <wordcount weight="1" > monument </wordcount>
    <wordcount weight="1" > any </wordcount>
    <wordcount weight="1" > publishing </wordcount>
    <wordcount weight="1" > light </wordcount>
    <wordcount weight="1" > warren </wordcount>
    <wordcount weight="1" > complete </wordcount>
    <wordcount weight="1" > clark </wordcount>
    <wordcount weight="1" > material </wordcount>
    <wordcount weight="1" > following </wordcount>
    <wordcount weight="1" > ross </wordcount>
    <wordcount weight="1" > same </wordcount>
    <wordcount weight="1" > estanislao </wordcount>
    <wordcount weight="1" > ky </wordcount>
    <wordcount weight="1" > blaine </wordcount>
    <wordcount weight="1" > impact </wordcount>
    <wordcount weight="1" > receiving </wordcount>
    <wordcount weight="1" > ture </wordcount>
    <wordcount weight="1" > equilibrium </wordcount>
    <wordcount weight="1" > jersey </wordcount>
    <wordcount weight="1" > usc </wordcount>
    <wordcount weight="1" > venetian </wordcount>
    <wordcount weight="1" > fachbereich </wordcount>
    <wordcount weight="1" > princeton </wordcount>
    <wordcount weight="1" > claire </wordcount>
    <wordcount weight="1" > grayson </wordcount>
    <wordcount weight="1" > but </wordcount>
    <wordcount weight="1" > welby </wordcount>
    <wordcount weight="1" > changing </wordcount>
    <wordcount weight="1" > wsu </wordcount>
    <wordcount weight="1" > pebble </wordcount>
    <wordcount weight="1" > listed </wordcount>
    <wordcount weight="1" > specialized </wordcount>
    <wordcount weight="1" > also </wordcount>
    <wordcount weight="1" > acorn </wordcount>
    <wordcount weight="1" > must </wordcount>
    <wordcount weight="1" > laurel </wordcount>
    <wordcount weight="1" > helgonavagen </wordcount>
    <wordcount weight="1" > coeur </wordcount>
    <wordcount weight="1" > trask </wordcount>
    <wordcount weight="1" > denis </wordcount>
    <wordcount weight="1" > indexes </wordcount>
    <wordcount weight="1" > riverside </wordcount>
    <wordcount weight="1" > queenston </wordcount>
    <wordcount weight="1" > delta </wordcount>
    <wordcount weight="1" > vermont </wordcount>
    <wordcount weight="1" > savannah </wordcount>
    <wordcount weight="1" > rosario </wordcount>
    <wordcount weight="1" > notre </wordcount>
    <wordcount weight="1" > resource </wordcount>
    <wordcount weight="1" > gilda </wordcount>
    <wordcount weight="1" > concepts </wordcount>
    <wordcount weight="1" > karen </wordcount>
    <wordcount weight="1" > chem </wordcount>
    <wordcount weight="1" > emeritus </wordcount>
    <wordcount weight="1" > sponsoring </wordcount>
    <wordcount weight="1" > upon </wordcount>
    <wordcount weight="1" > published </wordcount>
    <wordcount weight="1" > coker </wordcount>
    <wordcount weight="1" > wy </wordcount>
    <wordcount weight="1" > fairmount </wordcount>
    <wordcount weight="1" > audubon </wordcount>
    <wordcount weight="1" > lee </wordcount>
    <wordcount weight="1" > delivery </wordcount>
    <wordcount weight="1" > indonesia </wordcount>
    <wordcount weight="1" > sources </wordcount>
    <wordcount weight="1" > wightman </wordcount>
    <wordcount weight="1" > davis </wordcount>
    <wordcount weight="1" > accounts </wordcount>
    <wordcount weight="1" > discipline </wordcount>
    <wordcount weight="1" > marinette </wordcount>
    <wordcount weight="1" > drift </wordcount>
    <wordcount weight="1" > name </wordcount>
    <wordcount weight="1" > phillip </wordcount>
    <wordcount weight="1" > from </wordcount>
    <wordcount weight="1" > sweden </wordcount>
    <wordcount weight="1" > majority </wordcount>
    <wordcount weight="1" > fia </wordcount>
    <wordcount weight="1" > harrison </wordcount>
    <wordcount weight="1" > oklahoma </wordcount>
    <wordcount weight="1" > law </wordcount>
    <wordcount weight="1" > houston </wordcount>
    <wordcount weight="1" > set </wordcount>
    <wordcount weight="1" > ont </wordcount>
    <wordcount weight="1" > anitra </wordcount>
    <wordcount weight="1" > ii </wordcount>
    <wordcount weight="1" > wyoming </wordcount>
    <wordcount weight="1" > path </wordcount>
    <wordcount weight="1" > nova </wordcount>
    <wordcount weight="1" > attempts </wordcount>
    <wordcount weight="1" > memberships </wordcount>
    <wordcount weight="1" > dwight </wordcount>
    <wordcount weight="1" > longer </wordcount>
    <wordcount weight="1" > providing </wordcount>
    <wordcount weight="1" > interested </wordcount>
    <wordcount weight="1" > statistics </wordcount>
    <wordcount weight="1" > sapeld </wordcount>
    <wordcount weight="1" > sapsucker </wordcount>
    <wordcount weight="1" > limnology </wordcount>
    <wordcount weight="1" > secretary </wordcount>
    <wordcount weight="1" > rapid </wordcount>
    <wordcount weight="1" > continental </wordcount>
    <wordcount weight="1" > brooklyn </wordcount>
    <wordcount weight="1" > gerold </wordcount>
    <wordcount weight="1" > louisville </wordcount>
    <wordcount weight="1" > dc </wordcount>
    <wordcount weight="1" > gilead </wordcount>
    <wordcount weight="1" > font </wordcount>
    <wordcount weight="1" > energy </wordcount>
    <wordcount weight="1" > rock </wordcount>
    <wordcount weight="1" > investigations </wordcount>
    <wordcount weight="1" > rear </wordcount>
    <wordcount weight="1" > many </wordcount>
    <wordcount weight="1" > descriptive </wordcount>
    <wordcount weight="1" > sherry </wordcount>
    <wordcount weight="1" > pemberton </wordcount>
    <wordcount weight="1" > guaranteed </wordcount>
    <wordcount weight="1" > graduate </wordcount>
    <wordcount weight="1" > architec </wordcount>
    <wordcount weight="1" > lsu </wordcount>
    <wordcount weight="1" > expressed </wordcount>
    <wordcount weight="1" > gregory </wordcount>
    <wordcount weight="1" > tion </wordcount>
    <wordcount weight="1" > memorial </wordcount>
    <wordcount weight="1" > organized </wordcount>
    <wordcount weight="1" > frederick </wordcount>
    <wordcount weight="1" > expanding </wordcount>
    <wordcount weight="1" > divinity </wordcount>
    <wordcount weight="1" > including </wordcount>
    <wordcount weight="1" > cswy </wordcount>
    <wordcount weight="1" > stiles </wordcount>
    <wordcount weight="1" > rhode </wordcount>
    <wordcount weight="1" > bobby </wordcount>
    <wordcount weight="1" > principles </wordcount>
    <wordcount weight="1" > rolland </wordcount>
    <wordcount weight="1" > luis </wordcount>
    <wordcount weight="1" > mes </wordcount>
    <wordcount weight="1" > quintino </wordcount>
    <wordcount weight="1" > jaca </wordcount>
    <wordcount weight="1" > mcgill </wordcount>
    <wordcount weight="1" > evergreen </wordcount>
    <wordcount weight="1" > sensing </wordcount>
    <wordcount weight="1" > rand </wordcount>
    <wordcount weight="1" > route </wordcount>
    <wordcount weight="1" > meadow </wordcount>
    <wordcount weight="1" > pher </wordcount>
    <wordcount weight="1" > minnesota </wordcount>
    <wordcount weight="1" > brice </wordcount>
    <wordcount weight="1" > departments </wordcount>
    <wordcount weight="1" > charges </wordcount>
    <wordcount weight="1" > adding </wordcount>
    <wordcount weight="1" > debra </wordcount>
    <wordcount weight="1" > canterbury </wordcount>
    <wordcount weight="1" > making </wordcount>
    <wordcount weight="1" > musepl </wordcount>
    <wordcount weight="1" > tropical </wordcount>
    <wordcount weight="1" > ology </wordcount>
    <wordcount weight="1" > koruma </wordcount>
    <wordcount weight="1" > navarra </wordcount>
    <wordcount weight="1" > lindsay </wordcount>
    <wordcount weight="1" > ak </wordcount>
    <wordcount weight="1" > desjardins </wordcount>
    <wordcount weight="1" > ichthyological </wordcount>
    <wordcount weight="1" > mapping </wordcount>
    <wordcount weight="1" > so </wordcount>
    <wordcount weight="1" > yaffa </wordcount>
    <wordcount weight="1" > lakeshore </wordcount>
    <wordcount weight="1" > eagle </wordcount>
    <wordcount weight="1" > iii </wordcount>
    <wordcount weight="1" > wynn </wordcount>
    <wordcount weight="1" > canadian </wordcount>
    <wordcount weight="1" > changed </wordcount>
    <wordcount weight="1" > scotland </wordcount>
    <wordcount weight="1" > described </wordcount>
    <wordcount weight="1" > tec </wordcount>
    <wordcount weight="1" > praha </wordcount>
    <wordcount weight="1" > reed </wordcount>
    <wordcount weight="1" > central </wordcount>
    <wordcount weight="1" > cayton </wordcount>
    <wordcount weight="1" > dianna </wordcount>
    <wordcount weight="1" > framework </wordcount>
    <wordcount weight="1" > court </wordcount>
    <wordcount weight="1" > pymatuning </wordcount>
    <wordcount weight="1" > aas </wordcount>
    <wordcount weight="1" > listing </wordcount>
    <wordcount weight="1" > program </wordcount>
    <wordcount weight="1" > considerable </wordcount>
    <wordcount weight="1" > rae </wordcount>
    <wordcount weight="1" > ewing </wordcount>
    <wordcount weight="1" > harvey </wordcount>
    <wordcount weight="1" > las </wordcount>
    <wordcount weight="1" > classification </wordcount>
    <wordcount weight="1" > there </wordcount>
    <wordcount weight="1" > juniper </wordcount>
    <wordcount weight="1" > scientific </wordcount>
    <wordcount weight="1" > climate </wordcount>
    <wordcount weight="1" > hadley </wordcount>
    <wordcount weight="1" > roosevelt </wordcount>
    <wordcount weight="1" > albany </wordcount>
    <wordcount weight="1" > conrad </wordcount>
    <wordcount weight="1" > shrewsbury </wordcount>
    <wordcount weight="1" > msc </wordcount>
    <wordcount weight="1" > oulu </wordcount>
    <wordcount weight="1" > fishery </wordcount>
    <wordcount weight="1" > mor </wordcount>
    <wordcount weight="1" > wesleyan </wordcount>
    <wordcount weight="1" > forms </wordcount>
    <wordcount weight="1" > epo </wordcount>
    <wordcount weight="1" > llkka </wordcount>
    <wordcount weight="1" > floral </wordcount>
    <wordcount weight="1" > facultad </wordcount>
    <wordcount weight="1" > quinton </wordcount>
    <wordcount weight="1" > business </wordcount>
    <wordcount weight="1" > sent </wordcount>
    <wordcount weight="1" > physiological </wordcount>
    <wordcount weight="1" > nickolas </wordcount>
    <wordcount weight="1" > ron </wordcount>
    <wordcount weight="1" > occasional </wordcount>
    <wordcount weight="1" > normal </wordcount>
    <wordcount weight="1" > causes </wordcount>
    <wordcount weight="1" > approved </wordcount>
    <wordcount weight="1" > american </wordcount>
    <wordcount weight="1" > orchard </wordcount>
    <wordcount weight="1" > dusty </wordcount>
    <wordcount weight="1" > jean </wordcount>
    <wordcount weight="1" > would </wordcount>
    <wordcount weight="1" > rockefeller </wordcount>
    <wordcount weight="1" > welch </wordcount>
    <wordcount weight="1" > orders </wordcount>
    <wordcount weight="1" > road </wordcount>
    <wordcount weight="1" > appalachian </wordcount>
    <wordcount weight="1" > reviews </wordcount>
    <wordcount weight="1" > remote </wordcount>
    <wordcount weight="1" > ext </wordcount>
    <wordcount weight="1" > analytic </wordcount>
    <wordcount weight="1" > oregon </wordcount>
    <wordcount weight="1" > ubirajara </wordcount>
    <wordcount weight="1" > report </wordcount>
    <wordcount weight="1" > papers </wordcount>
    <wordcount weight="1" > physiology </wordcount>
    <wordcount weight="1" > relevant </wordcount>
    <wordcount weight="1" > brigham </wordcount>
    <wordcount weight="1" > priscilla </wordcount>
    <wordcount weight="1" > persons </wordcount>
    <wordcount weight="1" > ernest </wordcount>
    <wordcount weight="1" > cahn </wordcount>
    <wordcount weight="1" > several </wordcount>
    <wordcount weight="1" > leslie </wordcount>
    <wordcount weight="1" > est </wordcount>
    <wordcount weight="1" > trinity </wordcount>
    <wordcount weight="1" > experimental </wordcount>
    <wordcount weight="1" > allowance </wordcount>
    <wordcount weight="1" > russell </wordcount>
    <wordcount weight="1" > forum </wordcount>
    <wordcount weight="1" > oceanography </wordcount>
    <wordcount weight="1" > microbiology </wordcount>
    <wordcount weight="1" > japan </wordcount>
    <wordcount weight="1" > louvain </wordcount>
    <wordcount weight="1" > zoologisk </wordcount>
    <wordcount weight="1" > beason </wordcount>
    <wordcount weight="1" > wildl </wordcount>
    <wordcount weight="1" > merrill </wordcount>
    <wordcount weight="1" > folwell </wordcount>
    <wordcount weight="1" > dukelska </wordcount>
    <wordcount weight="1" > osh </wordcount>
    <wordcount weight="1" > among </wordcount>
    <wordcount weight="1" > eastern </wordcount>
    <wordcount weight="1" > biologie </wordcount>
    <wordcount weight="1" > gortner </wordcount>
    <wordcount weight="1" > books </wordcount>
    <wordcount weight="1" > mcdonnell </wordcount>
    <wordcount weight="1" > ingham </wordcount>
    <wordcount weight="1" > king </wordcount>
    <wordcount weight="1" > contro </wordcount>
    <wordcount weight="1" > primate </wordcount>
    <wordcount weight="1" > shore </wordcount>
    <wordcount weight="1" > number </wordcount>
    <wordcount weight="1" > blvd </wordcount>
    <wordcount weight="1" > webster </wordcount>
    <wordcount weight="1" > interrelationships </wordcount>
    <wordcount weight="1" > jerrel </wordcount>
    <wordcount weight="1" > agriculture </wordcount>
    <wordcount weight="1" > aspects </wordcount>
    <wordcount weight="1" > secure </wordcount>
    <wordcount weight="1" > kathryn </wordcount>
    <wordcount weight="1" > degree </wordcount>
    <wordcount weight="1" > fisheries </wordcount>
    <wordcount weight="1" > tpke </wordcount>
    <wordcount weight="1" > ballots </wordcount>
    <wordcount weight="1" > having </wordcount>
    <wordcount weight="1" > jack </wordcount>
    <wordcount weight="1" > information </wordcount>
    <wordcount weight="1" > calendar </wordcount>
    <wordcount weight="1" > tobin </wordcount>
    <wordcount weight="1" > anna </wordcount>
    <wordcount weight="1" > archi </wordcount>
    <wordcount weight="1" > uga </wordcount>
    <wordcount weight="1" > teri </wordcount>
    <wordcount weight="1" > buren </wordcount>
    <wordcount weight="1" > recommended </wordcount>
    <wordcount weight="1" > domingo </wordcount>
    <wordcount weight="1" > marsh </wordcount>
    <wordcount weight="1" > joppa </wordcount>
    <wordcount weight="1" > line </wordcount>
    <wordcount weight="1" > problems </wordcount>
    <wordcount weight="1" > peshawar </wordcount>
    <wordcount weight="1" > nutrition </wordcount>
    <wordcount weight="1" > activity </wordcount>
    <wordcount weight="1" > associates </wordcount>
    <wordcount weight="1" > port </wordcount>
    <wordcount weight="1" > kathleen </wordcount>
    <wordcount weight="1" > cecilia </wordcount>
    <wordcount weight="1" > des </wordcount>
    <wordcount weight="1" > international </wordcount>
    <wordcount weight="1" > rio </wordcount>
    <wordcount weight="1" > dl </wordcount>
    <wordcount weight="1" > aylmer </wordcount>
    <wordcount weight="1" > planning </wordcount>
    <wordcount weight="1" > indiana </wordcount>
    <wordcount weight="1" > marian </wordcount>
    <wordcount weight="1" > janice </wordcount>
    <wordcount weight="1" > munications </wordcount>
    <wordcount weight="1" > decision </wordcount>
    <wordcount weight="1" > birth </wordcount>
    <wordcount weight="1" > deleware </wordcount>
    <wordcount weight="1" > mem </wordcount>
    <wordcount weight="1" > craig </wordcount>
    <wordcount weight="1" > nesmith </wordcount>
    <wordcount weight="1" > completed </wordcount>
    <wordcount weight="1" > lincoln </wordcount>
    <wordcount weight="1" > trebon </wordcount>
    <wordcount weight="1" > andes </wordcount>
    <wordcount weight="1" > joyce </wordcount>
    <wordcount weight="1" > patterson </wordcount>
    <wordcount weight="1" > terence </wordcount>
    <wordcount weight="1" > engr </wordcount>
    <wordcount weight="1" > voted </wordcount>
    <wordcount weight="1" > attention </wordcount>
    <wordcount weight="1" > entire </wordcount>
    <wordcount weight="1" > medical </wordcount>
    <wordcount weight="1" > determined </wordcount>
    <wordcount weight="1" > facilitate </wordcount>
    <wordcount weight="1" > communities </wordcount>
    <wordcount weight="1" > psu </wordcount>
    <wordcount weight="1" > ill </wordcount>
    <wordcount weight="1" > county </wordcount>
    <wordcount weight="1" > desired </wordcount>
    <wordcount weight="1" > summitt </wordcount>
    <wordcount weight="1" > point </wordcount>
    <wordcount weight="1" > tyrrel </wordcount>
    <wordcount weight="1" > london </wordcount>
    <wordcount weight="1" > siesmayerstr </wordcount>
    <wordcount weight="1" > purpose </wordcount>
    <wordcount weight="1" > man </wordcount>
    <wordcount weight="1" > penn </wordcount>
    <wordcount weight="1" > sio </wordcount>
    <wordcount weight="1" > articles </wordcount>
    <wordcount weight="1" > orlando </wordcount>
    <wordcount weight="1" > barney </wordcount>
    <wordcount weight="1" > resources </wordcount>
    <wordcount weight="1" > wyndhurst </wordcount>
    <wordcount weight="1" > greeley </wordcount>
    <wordcount weight="1" > micro </wordcount>
    <wordcount weight="1" > mentation </wordcount>
    <wordcount weight="1" > glade </wordcount>
    <wordcount weight="1" > mari </wordcount>
    <wordcount weight="1" > environmental </wordcount>
    <wordcount weight="1" > docu </wordcount>
    <wordcount weight="1" > dalhousie </wordcount>
    <wordcount weight="1" > uh </wordcount>
    <wordcount weight="1" > curian </wordcount>
    <wordcount weight="1" > speedvale </wordcount>
    <wordcount weight="1" > its </wordcount>
    <wordcount weight="1" > mam </wordcount>
    <wordcount weight="1" > frostburg </wordcount>
    <wordcount weight="1" > queries </wordcount>
    <wordcount weight="1" > mat </wordcount>
    <wordcount weight="1" > finland </wordcount>
    <wordcount weight="1" > ten </wordcount>
    <wordcount weight="1" > leininger </wordcount>
    <wordcount weight="1" > geology </wordcount>
    <wordcount weight="1" > signed </wordcount>
    <wordcount weight="1" > fakultesi </wordcount>
    <wordcount weight="1" > rm </wordcount>
    <wordcount weight="1" > built </wordcount>
    <wordcount weight="1" > nam </wordcount>
    <wordcount weight="1" > blackwell </wordcount>
    <wordcount weight="1" > moss </wordcount>
    <wordcount weight="1" > apdo </wordcount>
    <wordcount weight="1" > uc </wordcount>
    <wordcount weight="1" > sweet </wordcount>
    <wordcount weight="1" > casilla </wordcount>
    <wordcount weight="1" > lawson </wordcount>
    <wordcount weight="1" > kim </wordcount>
    <wordcount weight="1" > laboratories </wordcount>
    <wordcount weight="1" > jeroen </wordcount>
    <wordcount weight="1" > bolumu </wordcount>
    <wordcount weight="1" > place </wordcount>
    <wordcount weight="1" > publications </wordcount>
    <wordcount weight="1" > has </wordcount>
    <wordcount weight="1" > cass </wordcount>
    <wordcount weight="1" > winfried </wordcount>
    <wordcount weight="1" > jerome </wordcount>
    <wordcount weight="1" > bergeson </wordcount>
    <wordcount weight="1" > sequence </wordcount>
    <wordcount weight="1" > gardening </wordcount>
    <wordcount weight="1" > walnut </wordcount>
    <wordcount weight="1" > derring </wordcount>
    <wordcount weight="1" > faculty </wordcount>
    <wordcount weight="1" > stimulate </wordcount>
    <wordcount weight="1" > indotec </wordcount>
    <wordcount weight="1" > limeric </wordcount>
    <wordcount weight="1" > bernice </wordcount>
    <wordcount weight="1" > denham </wordcount>
    <wordcount weight="1" > parasitology </wordcount>
    <wordcount weight="1" > correlations </wordcount>
    <wordcount weight="1" > makiko </wordcount>
    <wordcount weight="1" > str </wordcount>
    <wordcount weight="1" > shenandoah </wordcount>
    <wordcount weight="1" > petter </wordcount>
    <wordcount weight="1" > ucv </wordcount>
    <wordcount weight="1" > cheryl </wordcount>
    <wordcount weight="1" > eric </wordcount>
    <wordcount weight="1" > ln </wordcount>
    <wordcount weight="1" > phila </wordcount>
    <wordcount weight="1" > publish </wordcount>
    <wordcount weight="1" > review </wordcount>
    <wordcount weight="1" > ronald </wordcount>
    <wordcount weight="1" > msf </wordcount>
    <wordcount weight="1" > lon </wordcount>
    <wordcount weight="1" > samuel </wordcount>
    <wordcount weight="1" > assoc </wordcount>
    <wordcount weight="1" > hampshire </wordcount>
    <wordcount weight="1" > neimann </wordcount>
    <wordcount weight="1" > endorsed </wordcount>
    <wordcount weight="1" > blueberry </wordcount>
    <wordcount weight="1" > catherine </wordcount>
    <wordcount weight="1" > entomol </wordcount>
    <wordcount weight="1" > daroca </wordcount>
    <wordcount weight="1" > heatherwood </wordcount>
    <wordcount weight="1" > specimen </wordcount>
    <wordcount weight="1" > roberts </wordcount>
    <wordcount weight="1" > drafts </wordcount>
    <wordcount weight="1" > remittance </wordcount>
    <wordcount weight="1" > highland </wordcount>
    <wordcount weight="1" > such </wordcount>
    <wordcount weight="1" > brit </wordcount>
    <wordcount weight="1" > ter </wordcount>
    <wordcount weight="1" > windmill </wordcount>
    <wordcount weight="1" > lombard </wordcount>
    <wordcount weight="1" > bosque </wordcount>
    <wordcount weight="1" > my </wordcount>
    <wordcount weight="1" > admn </wordcount>
    <wordcount weight="1" > since </wordcount>
    <wordcount weight="1" > taxonomic </wordcount>
    <wordcount weight="1" > margaret </wordcount>
    <wordcount weight="1" > zvi </wordcount>
    <wordcount weight="1" > ucla </wordcount>
    <wordcount weight="1" > andrews </wordcount>
    <wordcount weight="1" > info </wordcount>
    <wordcount weight="1" > riverdale </wordcount>
    <wordcount weight="1" > jose </wordcount>
    <wordcount weight="1" > helen </wordcount>
    <wordcount weight="1" > human </wordcount>
    <wordcount weight="1" > either </wordcount>
    <wordcount weight="1" > wse </wordcount>
    <wordcount weight="1" > jacques </wordcount>
    <wordcount weight="1" > national </wordcount>
    <wordcount weight="1" > wendel </wordcount>
    <wordcount weight="1" > cyros </wordcount>
    <wordcount weight="1" > reputation </wordcount>
    <wordcount weight="1" > ouagadougou </wordcount>
    <wordcount weight="1" > health </wordcount>
    <wordcount weight="1" > pd </wordcount>
    <wordcount weight="1" > explanation </wordcount>
    <wordcount weight="1" > plemon </wordcount>
    <wordcount weight="1" > am </wordcount>
    <wordcount weight="1" > rsmas </wordcount>
    <wordcount weight="1" > easton </wordcount>
    <wordcount weight="1" > large </wordcount>
    <wordcount weight="1" > change </wordcount>
    <wordcount weight="1" > venable </wordcount>
    <wordcount weight="1" > patricia </wordcount>
    <wordcount weight="1" > nyc </wordcount>
    <wordcount weight="1" > christopher </wordcount>
    <wordcount weight="1" > alexis </wordcount>
    <wordcount weight="1" > include </wordcount>
    <wordcount weight="1" > reg </wordcount>
    <wordcount weight="1" > wampanoag </wordcount>
    <wordcount weight="1" > residents </wordcount>
    <wordcount weight="1" > genetics </wordcount>
    <wordcount weight="1" > dame </wordcount>
    <wordcount weight="1" > provides </wordcount>
    <wordcount weight="1" > wish </wordcount>
    <wordcount weight="1" > musser </wordcount>
    <wordcount weight="1" > below </wordcount>
    <wordcount weight="1" > townehouse </wordcount>
    <wordcount weight="1" > need </wordcount>
    <wordcount weight="1" > elanor </wordcount>
    <wordcount weight="1" > not </wordcount>
    <wordcount weight="1" > instill </wordcount>
    <wordcount weight="1" > delivered </wordcount>
    <wordcount weight="1" > gates </wordcount>
    <wordcount weight="1" > aberdeen </wordcount>
    <wordcount weight="1" > tiilitie </wordcount>
    <wordcount weight="1" > usepa </wordcount>
    <wordcount weight="1" > meeting </wordcount>
    <wordcount weight="1" > freight </wordcount>
    <wordcount weight="1" > premium </wordcount>
    <wordcount weight="1" > estuarine </wordcount>
    <wordcount weight="1" > ubc </wordcount>
    <wordcount weight="1" > randy </wordcount>
    <wordcount weight="1" > high </wordcount>
    <wordcount weight="1" > christina </wordcount>
    <wordcount weight="1" > mexico </wordcount>
    <wordcount weight="1" > forums </wordcount>
    <wordcount weight="1" > del </wordcount>
    <wordcount weight="1" > montana </wordcount>
    <wordcount weight="1" > options </wordcount>
    <wordcount weight="1" > radioecology </wordcount>
    <wordcount weight="1" > france </wordcount>
    <wordcount weight="1" > nagle </wordcount>
    <wordcount weight="1" > effects </wordcount>
    <wordcount weight="1" > z </wordcount>
    <wordcount weight="1" > healy </wordcount>
    <wordcount weight="1" > mayaquez </wordcount>
    <wordcount weight="1" > universitario </wordcount>
    <wordcount weight="1" > order </wordcount>
    <wordcount weight="1" > deborah </wordcount>
    <wordcount weight="1" > wiley </wordcount>
    <wordcount weight="1" > santo </wordcount>
    <wordcount weight="1" > tawes </wordcount>
    <wordcount weight="1" > hole </wordcount>
    <wordcount weight="1" > francisco </wordcount>
    <wordcount weight="1" > items </wordcount>
    <wordcount weight="1" > bernardo </wordcount>
    <wordcount weight="1" > urbanization </wordcount>
    <wordcount weight="1" > sycamore </wordcount>
    <wordcount weight="1" > crozat </wordcount>
    <wordcount weight="1" > mulberry </wordcount>
    <wordcount weight="1" > bay </wordcount>
    <wordcount weight="1" > castle </wordcount>
    <wordcount weight="1" > assiniboine </wordcount>
    <wordcount weight="1" > bocaiuva </wordcount>
    <wordcount weight="1" > affiliated </wordcount>
    <wordcount weight="1" > mousatonic </wordcount>
    <wordcount weight="1" > evelyn </wordcount>
    <wordcount weight="1" > refer </wordcount>
    <wordcount weight="1" > specific </wordcount>
    <wordcount weight="1" > written </wordcount>
    <wordcount weight="1" > purdue </wordcount>
    <wordcount weight="1" > amount </wordcount>
    <wordcount weight="1" > tony </wordcount>
    <wordcount weight="1" > carl </wordcount>
    <wordcount weight="1" > cheyenne </wordcount>
    <wordcount weight="1" > highest </wordcount>
    <wordcount weight="1" > between </wordcount>
    <wordcount weight="1" > columbia </wordcount>
    <wordcount weight="1" > fontaine </wordcount>
    <wordcount weight="1" > attending </wordcount>
    <wordcount weight="1" > young </wordcount>
    <wordcount weight="1" > manchester </wordcount>
    <wordcount weight="1" > jahanbeen </wordcount>
    <wordcount weight="1" > barfield </wordcount>
    <wordcount weight="1" > ncfes </wordcount>
    <wordcount weight="1" > clayton </wordcount>
    <wordcount weight="1" > bryn </wordcount>
    <wordcount weight="1" > rickenbacker </wordcount>
    <wordcount weight="1" > third </wordcount>
    <wordcount weight="1" > engineering </wordcount>
    <wordcount weight="1" > chicago </wordcount>
    <wordcount weight="1" > orville </wordcount>
    <wordcount weight="1" > caribbean </wordcount>
    <wordcount weight="1" > cardinal </wordcount>
    <wordcount weight="1" > da </wordcount>
    <wordcount weight="1" > philip </wordcount>
    <wordcount weight="1" > cheatham </wordcount>
    <wordcount weight="1" > maine </wordcount>
    <wordcount weight="1" > like </wordcount>
    <wordcount weight="1" > silvia </wordcount>
    <wordcount weight="1" > norman </wordcount>
    <wordcount weight="1" > lisa </wordcount>
    <wordcount weight="1" > views </wordcount>
    <wordcount weight="1" > branham </wordcount>
    <wordcount weight="1" > paleoecology </wordcount>
    <wordcount weight="1" > y </wordcount>
    <wordcount weight="1" > recommending </wordcount>
    <wordcount weight="1" > within </wordcount>
    <wordcount weight="1" > jordan </wordcount>
    <wordcount weight="1" > blue </wordcount>
    <wordcount weight="1" > valley </wordcount>
    <wordcount weight="1" > tim </wordcount>
    <wordcount weight="1" > shelbourne </wordcount>
    <wordcount weight="1" > maxwell </wordcount>
    <wordcount weight="1" > ziraat </wordcount>
    <wordcount weight="1" > ks </wordcount>
    <wordcount weight="1" > elaine </wordcount>
    <wordcount weight="1" > parameters </wordcount>
    <wordcount weight="1" > paid </wordcount>
    <wordcount weight="1" > these </wordcount>
    <wordcount weight="1" > green </wordcount>
    <wordcount weight="1" > kneeland </wordcount>
    <wordcount weight="1" > pakistan </wordcount>
    <wordcount weight="1" > willis </wordcount>
    <wordcount weight="1" > distributions </wordcount>
    <wordcount weight="1" > philippines </wordcount>
    <wordcount weight="1" > waggoner </wordcount>
    <wordcount weight="1" > jerry </wordcount>
    <wordcount weight="1" > arnold </wordcount>
    <wordcount weight="1" > academy </wordcount>
    <wordcount weight="1" > evidence </wordcount>
    <wordcount weight="1" > jones </wordcount>
    <wordcount weight="1" > provided </wordcount>
    <wordcount weight="1" > bloque </wordcount>
    <wordcount weight="1" > sandra </wordcount>
    <wordcount weight="1" > cen </wordcount>
    <wordcount weight="1" > norm </wordcount>
    <wordcount weight="1" > pot </wordcount>
    <wordcount weight="1" > cuyahoga </wordcount>
    <wordcount weight="1" > interests </wordcount>
    <wordcount weight="1" > murrells </wordcount>
    <wordcount weight="1" > deer </wordcount>
    <wordcount weight="1" > stanley </wordcount>
    <wordcount weight="1" > wording </wordcount>
    <wordcount weight="1" > gordon </wordcount>
    <wordcount weight="1" > eileen </wordcount>
    <wordcount weight="1" > dickens </wordcount>
    <wordcount weight="1" > major </wordcount>
    <wordcount weight="1" > tom </wordcount>
    <wordcount weight="1" > brenda </wordcount>
    <wordcount weight="1" > tumbuhwan </wordcount>
    <wordcount weight="1" > alaska </wordcount>
    <wordcount weight="1" > parks </wordcount>
</article>
