<?xml version="1.0" encoding="UTF-8"?>
<article id="10.2307/1716412" >
    <wordcount weight="67" > of </wordcount>
    <wordcount weight="55" > the </wordcount>
    <wordcount weight="42" > and </wordcount>
    <wordcount weight="35" > in </wordcount>
    <wordcount weight="21" > a </wordcount>
    <wordcount weight="20" > to </wordcount>
    <wordcount weight="13" > by </wordcount>
    <wordcount weight="12" > is </wordcount>
    <wordcount weight="12" > with </wordcount>
    <wordcount weight="11" > on </wordcount>
    <wordcount weight="11" > are </wordcount>
    <wordcount weight="9" > for </wordcount>
    <wordcount weight="9" > pollen </wordcount>
    <wordcount weight="9" > be </wordcount>
    <wordcount weight="8" > palynology </wordcount>
    <wordcount weight="7" > k </wordcount>
    <wordcount weight="7" > has </wordcount>
    <wordcount weight="7" > this </wordcount>
    <wordcount weight="6" > m </wordcount>
    <wordcount weight="6" > advances </wordcount>
    <wordcount weight="5" > pp </wordcount>
    <wordcount weight="5" > volume </wordcount>
    <wordcount weight="5" > p </wordcount>
    <wordcount weight="5" > data </wordcount>
    <wordcount weight="5" > use </wordcount>
    <wordcount weight="5" > an </wordcount>
    <wordcount weight="4" > may </wordcount>
    <wordcount weight="4" > morphology </wordcount>
    <wordcount weight="4" > one </wordcount>
    <wordcount weight="4" > that </wordcount>
    <wordcount weight="4" > j </wordcount>
    <wordcount weight="4" > s </wordcount>
    <wordcount weight="4" > discussed </wordcount>
    <wordcount weight="4" > range </wordcount>
    <wordcount weight="4" > chapters </wordcount>
    <wordcount weight="4" > spore </wordcount>
    <wordcount weight="4" > good </wordcount>
    <wordcount weight="4" > general </wordcount>
    <wordcount weight="4" > plant </wordcount>
    <wordcount weight="3" > at </wordcount>
    <wordcount weight="3" > will </wordcount>
    <wordcount weight="3" > applications </wordcount>
    <wordcount weight="3" > been </wordcount>
    <wordcount weight="3" > male </wordcount>
    <wordcount weight="3" > b </wordcount>
    <wordcount weight="3" > was </wordcount>
    <wordcount weight="3" > from </wordcount>
    <wordcount weight="3" > but </wordcount>
    <wordcount weight="3" > two </wordcount>
    <wordcount weight="3" > different </wordcount>
    <wordcount weight="3" > book </wordcount>
    <wordcount weight="3" > presented </wordcount>
    <wordcount weight="3" > its </wordcount>
    <wordcount weight="3" > review </wordcount>
    <wordcount weight="3" > symposium </wordcount>
    <wordcount weight="3" > field </wordcount>
    <wordcount weight="3" > study </wordcount>
    <wordcount weight="3" > research </wordcount>
    <wordcount weight="2" > mechanisms </wordcount>
    <wordcount weight="2" > illus </wordcount>
    <wordcount weight="2" > ecological </wordcount>
    <wordcount weight="2" > groups </wordcount>
    <wordcount weight="2" > breadth </wordcount>
    <wordcount weight="2" > primarily </wordcount>
    <wordcount weight="2" > needed </wordcount>
    <wordcount weight="2" > spores </wordcount>
    <wordcount weight="2" > methods </wordcount>
    <wordcount weight="2" > table </wordcount>
    <wordcount weight="2" > types </wordcount>
    <wordcount weight="2" > reference </wordcount>
    <wordcount weight="2" > articles </wordcount>
    <wordcount weight="2" > considered </wordcount>
    <wordcount weight="2" > gametophytes </wordcount>
    <wordcount weight="2" > ed </wordcount>
    <wordcount weight="2" > reviewed </wordcount>
    <wordcount weight="2" > most </wordcount>
    <wordcount weight="2" > first </wordcount>
    <wordcount weight="2" > only </wordcount>
    <wordcount weight="2" > forests </wordcount>
    <wordcount weight="2" > botanical </wordcount>
    <wordcount weight="2" > useful </wordcount>
    <wordcount weight="2" > not </wordcount>
    <wordcount weight="2" > other </wordcount>
    <wordcount weight="2" > palynologic </wordcount>
    <wordcount weight="2" > natural </wordcount>
    <wordcount weight="2" > view </wordcount>
    <wordcount weight="2" > control </wordcount>
    <wordcount weight="2" > all </wordcount>
    <wordcount weight="2" > many </wordcount>
    <wordcount weight="2" > current </wordcount>
    <wordcount weight="2" > treatments </wordcount>
    <wordcount weight="2" > deal </wordcount>
    <wordcount weight="2" > very </wordcount>
    <wordcount weight="2" > type </wordcount>
    <wordcount weight="2" > references </wordcount>
    <wordcount weight="2" > ecology </wordcount>
    <wordcount weight="2" > chapter </wordcount>
    <wordcount weight="2" > some </wordcount>
    <wordcount weight="2" > e </wordcount>
    <wordcount weight="2" > communities </wordcount>
    <wordcount weight="2" > broad </wordcount>
    <wordcount weight="2" > diversity </wordcount>
    <wordcount weight="2" > fungus </wordcount>
    <wordcount weight="2" > systematic </wordcount>
    <wordcount weight="2" > dynamics </wordcount>
    <wordcount weight="2" > litter </wordcount>
    <wordcount weight="2" > authors </wordcount>
    <wordcount weight="2" > comprehensive </wordcount>
    <wordcount weight="2" > national </wordcount>
    <wordcount weight="2" > interest </wordcount>
    <wordcount weight="2" > botanic </wordcount>
    <wordcount weight="2" > collected </wordcount>
    <wordcount weight="2" > few </wordcount>
    <wordcount weight="2" > problems </wordcount>
    <wordcount weight="2" > editing </wordcount>
    <wordcount weight="2" > generally </wordcount>
    <wordcount weight="2" > given </wordcount>
    <wordcount weight="1" > entitled </wordcount>
    <wordcount weight="1" > it </wordcount>
    <wordcount weight="1" > poor </wordcount>
    <wordcount weight="1" > he </wordcount>
    <wordcount weight="1" > r </wordcount>
    <wordcount weight="1" > relationship </wordcount>
    <wordcount weight="1" > nayar </wordcount>
    <wordcount weight="1" > likely </wordcount>
    <wordcount weight="1" > done </wordcount>
    <wordcount weight="1" > adequate </wordcount>
    <wordcount weight="1" > venkataraman </wordcount>
    <wordcount weight="1" > no </wordcount>
    <wordcount weight="1" > various </wordcount>
    <wordcount weight="1" > fairly </wordcount>
    <wordcount weight="1" > science </wordcount>
    <wordcount weight="1" > concerned </wordcount>
    <wordcount weight="1" > aim </wordcount>
    <wordcount weight="1" > later </wordcount>
    <wordcount weight="1" > populations </wordcount>
    <wordcount weight="1" > coincide </wordcount>
    <wordcount weight="1" > taxonomy </wordcount>
    <wordcount weight="1" > practical </wordcount>
    <wordcount weight="1" > krishnan </wordcount>
    <wordcount weight="1" > functional </wordcount>
    <wordcount weight="1" > sort </wordcount>
    <wordcount weight="1" > basic </wordcount>
    <wordcount weight="1" > presentation </wordcount>
    <wordcount weight="1" > attacking </wordcount>
    <wordcount weight="1" > implies </wordcount>
    <wordcount weight="1" > dale </wordcount>
    <wordcount weight="1" > who </wordcount>
    <wordcount weight="1" > schopf </wordcount>
    <wordcount weight="1" > detailed </wordcount>
    <wordcount weight="1" > make </wordcount>
    <wordcount weight="1" > supplement </wordcount>
    <wordcount weight="1" > eight </wordcount>
    <wordcount weight="1" > they </wordcount>
    <wordcount weight="1" > similar </wordcount>
    <wordcount weight="1" > whereby </wordcount>
    <wordcount weight="1" > deals </wordcount>
    <wordcount weight="1" > parts </wordcount>
    <wordcount weight="1" > volumes </wordcount>
    <wordcount weight="1" > responsible </wordcount>
    <wordcount weight="1" > ample </wordcount>
    <wordcount weight="1" > examine </wordcount>
    <wordcount weight="1" > illustrations </wordcount>
    <wordcount weight="1" > mostly </wordcount>
    <wordcount weight="1" > fall </wordcount>
    <wordcount weight="1" > about </wordcount>
    <wordcount weight="1" > gnetales </wordcount>
    <wordcount weight="1" > second </wordcount>
    <wordcount weight="1" > front </wordcount>
    <wordcount weight="1" > pacific </wordcount>
    <wordcount weight="1" > flowering </wordcount>
    <wordcount weight="1" > indispensable </wordcount>
    <wordcount weight="1" > coverage </wordcount>
    <wordcount weight="1" > studies </wordcount>
    <wordcount weight="1" > ram </wordcount>
    <wordcount weight="1" > forest </wordcount>
    <wordcount weight="1" > under </wordcount>
    <wordcount weight="1" > particular </wordcount>
    <wordcount weight="1" > detail </wordcount>
    <wordcount weight="1" > us </wordcount>
    <wordcount weight="1" > sporology </wordcount>
    <wordcount weight="1" > statistical </wordcount>
    <wordcount weight="1" > index </wordcount>
    <wordcount weight="1" > ancient </wordcount>
    <wordcount weight="1" > familiar </wordcount>
    <wordcount weight="1" > allies </wordcount>
    <wordcount weight="1" > presents </wordcount>
    <wordcount weight="1" > contemplated </wordcount>
    <wordcount weight="1" > title </wordcount>
    <wordcount weight="1" > stratigraphic </wordcount>
    <wordcount weight="1" > planned </wordcount>
    <wordcount weight="1" > their </wordcount>
    <wordcount weight="1" > edition </wordcount>
    <wordcount weight="1" > reviewing </wordcount>
    <wordcount weight="1" > differs </wordcount>
    <wordcount weight="1" > too </wordcount>
    <wordcount weight="1" > asexual </wordcount>
    <wordcount weight="1" > illustrated </wordcount>
    <wordcount weight="1" > noted </wordcount>
    <wordcount weight="1" > additional </wordcount>
    <wordcount weight="1" > known </wordcount>
    <wordcount weight="1" > nucellus </wordcount>
    <wordcount weight="1" > mineral </wordcount>
    <wordcount weight="1" > pollination </wordcount>
    <wordcount weight="1" > lead </wordcount>
    <wordcount weight="1" > dogra </wordcount>
    <wordcount weight="1" > terminology </wordcount>
    <wordcount weight="1" > more </wordcount>
    <wordcount weight="1" > also </wordcount>
    <wordcount weight="1" > solomon </wordcount>
    <wordcount weight="1" > production </wordcount>
    <wordcount weight="1" > set </wordcount>
    <wordcount weight="1" > give </wordcount>
    <wordcount weight="1" > singh </wordcount>
    <wordcount weight="1" > providing </wordcount>
    <wordcount weight="1" > others </wordcount>
    <wordcount weight="1" > collation </wordcount>
    <wordcount weight="1" > each </wordcount>
    <wordcount weight="1" > addition </wordcount>
    <wordcount weight="1" > advanced </wordcount>
    <wordcount weight="1" > environment </wordcount>
    <wordcount weight="1" > had </wordcount>
    <wordcount weight="1" > paper </wordcount>
    <wordcount weight="1" > specialized </wordcount>
    <wordcount weight="1" > lack </wordcount>
    <wordcount weight="1" > exploration </wordcount>
    <wordcount weight="1" > encyclopedic </wordcount>
    <wordcount weight="1" > xii </wordcount>
    <wordcount weight="1" > areas </wordcount>
    <wordcount weight="1" > down </wordcount>
    <wordcount weight="1" > appearance </wordcount>
    <wordcount weight="1" > great </wordcount>
    <wordcount weight="1" > critically </wordcount>
    <wordcount weight="1" > regard </wordcount>
    <wordcount weight="1" > attack </wordcount>
    <wordcount weight="1" > halftone </wordcount>
    <wordcount weight="1" > analyses </wordcount>
    <wordcount weight="1" > viii </wordcount>
    <wordcount weight="1" > seven </wordcount>
    <wordcount weight="1" > follows </wordcount>
    <wordcount weight="1" > job </wordcount>
    <wordcount weight="1" > new </wordcount>
    <wordcount weight="1" > sturdy </wordcount>
    <wordcount weight="1" > bound </wordcount>
    <wordcount weight="1" > liverworts </wordcount>
    <wordcount weight="1" > configuration </wordcount>
    <wordcount weight="1" > pattern </wordcount>
    <wordcount weight="1" > there </wordcount>
    <wordcount weight="1" > serious </wordcount>
    <wordcount weight="1" > vegetation </wordcount>
    <wordcount weight="1" > last </wordcount>
    <wordcount weight="1" > forms </wordcount>
    <wordcount weight="1" > academic </wordcount>
    <wordcount weight="1" > publ </wordcount>
    <wordcount weight="1" > limited </wordcount>
    <wordcount weight="1" > concepts </wordcount>
    <wordcount weight="1" > soc </wordcount>
    <wordcount weight="1" > those </wordcount>
    <wordcount weight="1" > according </wordcount>
    <wordcount weight="1" > algal </wordcount>
    <wordcount weight="1" > reading </wordcount>
    <wordcount weight="1" > reviews </wordcount>
    <wordcount weight="1" > gymnospermous </wordcount>
    <wordcount weight="1" > gymnosperms </wordcount>
    <wordcount weight="1" > them </wordcount>
    <wordcount weight="1" > contents </wordcount>
    <wordcount weight="1" > terms </wordcount>
    <wordcount weight="1" > population </wordcount>
    <wordcount weight="1" > produced </wordcount>
    <wordcount weight="1" > list </wordcount>
    <wordcount weight="1" > plants </wordcount>
    <wordcount weight="1" > varying </wordcount>
    <wordcount weight="1" > can </wordcount>
    <wordcount weight="1" > lucknow </wordcount>
    <wordcount weight="1" > mosses </wordcount>
    <wordcount weight="1" > agricultural </wordcount>
    <wordcount weight="1" > phyletic </wordcount>
    <wordcount weight="1" > signature </wordcount>
    <wordcount weight="1" > required </wordcount>
    <wordcount weight="1" > udar </wordcount>
    <wordcount weight="1" > gives </wordcount>
    <wordcount weight="1" > undertaking </wordcount>
    <wordcount weight="1" > number </wordcount>
    <wordcount weight="1" > sexual </wordcount>
    <wordcount weight="1" > discuss </wordcount>
    <wordcount weight="1" > technical </wordcount>
    <wordcount weight="1" > typographical </wordcount>
    <wordcount weight="1" > information </wordcount>
    <wordcount weight="1" > vol </wordcount>
    <wordcount weight="1" > differ </wordcount>
    <wordcount weight="1" > suggests </wordcount>
    <wordcount weight="1" > basis </wordcount>
    <wordcount weight="1" > payak </wordcount>
    <wordcount weight="1" > understanding </wordcount>
    <wordcount weight="1" > line </wordcount>
    <wordcount weight="1" > geohistorical </wordcount>
    <wordcount weight="1" > oil </wordcount>
    <wordcount weight="1" > discussion </wordcount>
    <wordcount weight="1" > work </wordcount>
    <wordcount weight="1" > characterize </wordcount>
    <wordcount weight="1" > coherent </wordcount>
    <wordcount weight="1" > popular </wordcount>
    <wordcount weight="1" > horticulture </wordcount>
    <wordcount weight="1" > legibility </wordcount>
    <wordcount weight="1" > functions </wordcount>
    <wordcount weight="1" > october </wordcount>
    <wordcount weight="1" > little </wordcount>
    <wordcount weight="1" > tetrad </wordcount>
    <wordcount weight="1" > upon </wordcount>
    <wordcount weight="1" > fern </wordcount>
    <wordcount weight="1" > classes </wordcount>
    <wordcount weight="1" > bray </wordcount>
    <wordcount weight="1" > four </wordcount>
    <wordcount weight="1" > smooth </wordcount>
    <wordcount weight="1" > point </wordcount>
    <wordcount weight="1" > ohio </wordcount>
    <wordcount weight="1" > breeding </wordcount>
    <wordcount weight="1" > processes </wordcount>
    <wordcount weight="1" > econ </wordcount>
    <wordcount weight="1" > desirable </wordcount>
    <wordcount weight="1" > microspore </wordcount>
    <wordcount weight="1" > photographic </wordcount>
    <wordcount weight="1" > homologies </wordcount>
    <wordcount weight="1" > empirical </wordcount>
    <wordcount weight="1" > assumptions </wordcount>
    <wordcount weight="1" > year </wordcount>
    <wordcount weight="1" > lambert </wordcount>
    <wordcount weight="1" > largely </wordcount>
    <wordcount weight="1" > place </wordcount>
    <wordcount weight="1" > botany </wordcount>
    <wordcount weight="1" > contains </wordcount>
    <wordcount weight="1" > exceptionally </wordcount>
    <wordcount weight="1" > evolution </wordcount>
    <wordcount weight="1" > statistics </wordcount>
    <wordcount weight="1" > story </wordcount>
    <wordcount weight="1" > binding </wordcount>
    <wordcount weight="1" > which </wordcount>
    <wordcount weight="1" > full </wordcount>
    <wordcount weight="1" > employed </wordcount>
    <wordcount weight="1" > formation </wordcount>
    <wordcount weight="1" > devoted </wordcount>
    <wordcount weight="1" > used </wordcount>
    <wordcount weight="1" > such </wordcount>
    <wordcount weight="1" > years </wordcount>
    <wordcount weight="1" > horizon </wordcount>
    <wordcount weight="1" > significance </wordcount>
    <wordcount weight="1" > algae </wordcount>
    <wordcount weight="1" > my </wordcount>
    <wordcount weight="1" > objective </wordcount>
    <wordcount weight="1" > analyzing </wordcount>
    <wordcount weight="1" > made </wordcount>
    <wordcount weight="1" > errors </wordcount>
    <wordcount weight="1" > publication </wordcount>
    <wordcount weight="1" > g </wordcount>
    <wordcount weight="1" > health </wordcount>
    <wordcount weight="1" > essay </wordcount>
    <wordcount weight="1" > biochemistry </wordcount>
    <wordcount weight="1" > beekeeping </wordcount>
    <wordcount weight="1" > relatively </wordcount>
    <wordcount weight="1" > workers </wordcount>
    <wordcount weight="1" > held </wordcount>
    <wordcount weight="1" > contributed </wordcount>
    <wordcount weight="1" > hawaii </wordcount>
    <wordcount weight="1" > airborne </wordcount>
    <wordcount weight="1" > organisms </wordcount>
    <wordcount weight="1" > include </wordcount>
    <wordcount weight="1" > although </wordcount>
    <wordcount weight="1" > correct </wordcount>
    <wordcount weight="1" > condensation </wordcount>
    <wordcount weight="1" > d </wordcount>
    <wordcount weight="1" > period </wordcount>
    <wordcount weight="1" > green </wordcount>
    <wordcount weight="1" > elementary </wordcount>
    <wordcount weight="1" > assessment </wordcount>
    <wordcount weight="1" > tabulated </wordcount>
    <wordcount weight="1" > allergens </wordcount>
    <wordcount weight="1" > contrast </wordcount>
    <wordcount weight="1" > after </wordcount>
    <wordcount weight="1" > reaches </wordcount>
    <wordcount weight="1" > provides </wordcount>
    <wordcount weight="1" > involved </wordcount>
    <wordcount weight="1" > relations </wordcount>
    <wordcount weight="1" > latter </wordcount>
    <wordcount weight="1" > better </wordcount>
    <wordcount weight="1" > classification </wordcount>
    <wordcount weight="1" > perspective </wordcount>
    <wordcount weight="1" > comparison </wordcount>
    <wordcount weight="1" > goyal </wordcount>
    <wordcount weight="1" > back </wordcount>
    <wordcount weight="1" > ferns </wordcount>
    <wordcount weight="1" > viewpoint </wordcount>
    <wordcount weight="1" > become </wordcount>
    <wordcount weight="1" > bahadur </wordcount>
    <wordcount weight="1" > suitable </wordcount>
    <wordcount weight="1" > c </wordcount>
    <wordcount weight="1" > palynologists </wordcount>
    <wordcount weight="1" > topics </wordcount>
    <wordcount weight="1" > paleontol </wordcount>
    <wordcount weight="1" > murty </wordcount>
    <wordcount weight="1" > publications </wordcount>
    <wordcount weight="1" > james </wordcount>
    <wordcount weight="1" > y </wordcount>
    <wordcount weight="1" > geological </wordcount>
    <wordcount weight="1" > probably </wordcount>
    <wordcount weight="1" > present </wordcount>
    <wordcount weight="1" > results </wordcount>
    <wordcount weight="1" > world </wordcount>
    <wordcount weight="1" > these </wordcount>
    <wordcount weight="1" > language </wordcount>
    <wordcount weight="1" > recent </wordcount>
    <wordcount weight="1" > upside </wordcount>
    <wordcount weight="1" > should </wordcount>
    <wordcount weight="1" > angiosperms </wordcount>
    <wordcount weight="1" > broader </wordcount>
    <wordcount weight="1" > provided </wordcount>
    <wordcount weight="1" > influence </wordcount>
    <wordcount weight="1" > controversial </wordcount>
    <wordcount weight="1" > division </wordcount>
    <wordcount weight="1" > occur </wordcount>
    <wordcount weight="1" > supplemental </wordcount>
    <wordcount weight="1" > deficiency </wordcount>
</article>
