<?xml version="1.0" encoding="UTF-8"?>
<article id="10.2307/2433800" >
    <wordcount weight="196" > the </wordcount>
    <wordcount weight="148" > of </wordcount>
    <wordcount weight="144" > and </wordcount>
    <wordcount weight="119" > in </wordcount>
    <wordcount weight="74" > a </wordcount>
    <wordcount weight="58" > trees </wordcount>
    <wordcount weight="54" > to </wordcount>
    <wordcount weight="52" > b </wordcount>
    <wordcount weight="47" > from </wordcount>
    <wordcount weight="47" > were </wordcount>
    <wordcount weight="42" > with </wordcount>
    <wordcount weight="30" > betula </wordcount>
    <wordcount weight="30" > be </wordcount>
    <wordcount weight="29" > pubescens </wordcount>
    <wordcount weight="28" > tree </wordcount>
    <wordcount weight="28" > are </wordcount>
    <wordcount weight="27" > seed </wordcount>
    <wordcount weight="26" > that </wordcount>
    <wordcount weight="26" > on </wordcount>
    <wordcount weight="25" > o </wordcount>
    <wordcount weight="23" > m </wordcount>
    <wordcount weight="23" > pendula </wordcount>
    <wordcount weight="21" > by </wordcount>
    <wordcount weight="21" > for </wordcount>
    <wordcount weight="21" > intermediate </wordcount>
    <wordcount weight="19" > is </wordcount>
    <wordcount weight="19" > was </wordcount>
    <wordcount weight="19" > chromosomes </wordcount>
    <wordcount weight="18" > as </wordcount>
    <wordcount weight="18" > but </wordcount>
    <wordcount weight="17" > found </wordcount>
    <wordcount weight="17" > between </wordcount>
    <wordcount weight="16" > have </wordcount>
    <wordcount weight="16" > species </wordcount>
    <wordcount weight="15" > leaf </wordcount>
    <wordcount weight="14" > glen </wordcount>
    <wordcount weight="14" > chromosome </wordcount>
    <wordcount weight="14" > alba </wordcount>
    <wordcount weight="14" > i </wordcount>
    <wordcount weight="14" > leaves </wordcount>
    <wordcount weight="13" > only </wordcount>
    <wordcount weight="13" > d </wordcount>
    <wordcount weight="13" > counts </wordcount>
    <wordcount weight="12" > length </wordcount>
    <wordcount weight="12" > birch </wordcount>
    <wordcount weight="12" > variation </wordcount>
    <wordcount weight="12" > which </wordcount>
    <wordcount weight="11" > gairn </wordcount>
    <wordcount weight="11" > x </wordcount>
    <wordcount weight="10" > at </wordcount>
    <wordcount weight="10" > been </wordcount>
    <wordcount weight="10" > not </wordcount>
    <wordcount weight="10" > seedlings </wordcount>
    <wordcount weight="10" > r </wordcount>
    <wordcount weight="10" > hybrids </wordcount>
    <wordcount weight="9" > no </wordcount>
    <wordcount weight="9" > l </wordcount>
    <wordcount weight="9" > ehrh </wordcount>
    <wordcount weight="9" > or </wordcount>
    <wordcount weight="9" > n </wordcount>
    <wordcount weight="9" > two </wordcount>
    <wordcount weight="9" > verrucosa </wordcount>
    <wordcount weight="9" > had </wordcount>
    <wordcount weight="9" > could </wordcount>
    <wordcount weight="9" > each </wordcount>
    <wordcount weight="9" > pollen </wordcount>
    <wordcount weight="9" > an </wordcount>
    <wordcount weight="9" > fig </wordcount>
    <wordcount weight="9" > c </wordcount>
    <wordcount weight="9" > than </wordcount>
    <wordcount weight="8" > it </wordcount>
    <wordcount weight="8" > they </wordcount>
    <wordcount weight="8" > t </wordcount>
    <wordcount weight="8" > there </wordcount>
    <wordcount weight="8" > shown </wordcount>
    <wordcount weight="8" > this </wordcount>
    <wordcount weight="8" > filled </wordcount>
    <wordcount weight="7" > their </wordcount>
    <wordcount weight="7" > one </wordcount>
    <wordcount weight="7" > cytotypes </wordcount>
    <wordcount weight="7" > studies </wordcount>
    <wordcount weight="7" > also </wordcount>
    <wordcount weight="7" > many </wordcount>
    <wordcount weight="7" > s </wordcount>
    <wordcount weight="7" > within </wordcount>
    <wordcount weight="7" > number </wordcount>
    <wordcount weight="7" > width </wordcount>
    <wordcount weight="7" > diversity </wordcount>
    <wordcount weight="7" > bot </wordcount>
    <wordcount weight="7" > table </wordcount>
    <wordcount weight="7" > sampled </wordcount>
    <wordcount weight="7" > morphological </wordcount>
    <wordcount weight="7" > area </wordcount>
    <wordcount weight="7" > brown </wordcount>
    <wordcount weight="6" > progeny </wordcount>
    <wordcount weight="6" > five </wordcount>
    <wordcount weight="6" > cells </wordcount>
    <wordcount weight="6" > catkins </wordcount>
    <wordcount weight="6" > study </wordcount>
    <wordcount weight="6" > h </wordcount>
    <wordcount weight="6" > gametes </wordcount>
    <wordcount weight="6" > all </wordcount>
    <wordcount weight="6" > braemar </wordcount>
    <wordcount weight="6" > other </wordcount>
    <wordcount weight="6" > germination </wordcount>
    <wordcount weight="6" > selected </wordcount>
    <wordcount weight="6" > somatic </wordcount>
    <wordcount weight="6" > made </wordcount>
    <wordcount weight="6" > such </wordcount>
    <wordcount weight="6" > modal </wordcount>
    <wordcount weight="6" > cytological </wordcount>
    <wordcount weight="6" > can </wordcount>
    <wordcount weight="6" > those </wordcount>
    <wordcount weight="6" > results </wordcount>
    <wordcount weight="5" > mean </wordcount>
    <wordcount weight="5" > crossing </wordcount>
    <wordcount weight="5" > about </wordcount>
    <wordcount weight="5" > values </wordcount>
    <wordcount weight="5" > numbers </wordcount>
    <wordcount weight="5" > more </wordcount>
    <wordcount weight="5" > identified </wordcount>
    <wordcount weight="5" > further </wordcount>
    <wordcount weight="5" > normal </wordcount>
    <wordcount weight="5" > investigation </wordcount>
    <wordcount weight="5" > produced </wordcount>
    <wordcount weight="5" > form </wordcount>
    <wordcount weight="5" > range </wordcount>
    <wordcount weight="5" > four </wordcount>
    <wordcount weight="5" > full </wordcount>
    <wordcount weight="5" > intermediates </wordcount>
    <wordcount weight="5" > since </wordcount>
    <wordcount weight="5" > stained </wordcount>
    <wordcount weight="5" > crosses </wordcount>
    <wordcount weight="4" > ranging </wordcount>
    <wordcount weight="4" > reduced </wordcount>
    <wordcount weight="4" > remaining </wordcount>
    <wordcount weight="4" > flowering </wordcount>
    <wordcount weight="4" > doubly </wordcount>
    <wordcount weight="4" > resemble </wordcount>
    <wordcount weight="4" > under </wordcount>
    <wordcount weight="4" > days </wordcount>
    <wordcount weight="4" > result </wordcount>
    <wordcount weight="4" > university </wordcount>
    <wordcount weight="4" > these </wordcount>
    <wordcount weight="4" > most </wordcount>
    <wordcount weight="4" > der </wordcount>
    <wordcount weight="4" > union </wordcount>
    <wordcount weight="4" > trans </wordcount>
    <wordcount weight="4" > appearance </wordcount>
    <wordcount weight="4" > progenies </wordcount>
    <wordcount weight="4" > scotland </wordcount>
    <wordcount weight="4" > representative </wordcount>
    <wordcount weight="4" > carpatica </wordcount>
    <wordcount weight="4" > population </wordcount>
    <wordcount weight="4" > empty </wordcount>
    <wordcount weight="4" > has </wordcount>
    <wordcount weight="4" > produce </wordcount>
    <wordcount weight="4" > basis </wordcount>
    <wordcount weight="4" > both </wordcount>
    <wordcount weight="4" > some </wordcount>
    <wordcount weight="4" > hybridisation </wordcount>
    <wordcount weight="4" > through </wordcount>
    <wordcount weight="4" > soc </wordcount>
    <wordcount weight="4" > three </wordcount>
    <wordcount weight="4" > autotriploids </wordcount>
    <wordcount weight="4" > being </wordcount>
    <wordcount weight="4" > type </wordcount>
    <wordcount weight="4" > collected </wordcount>
    <wordcount weight="4" > eifler </wordcount>
    <wordcount weight="4" > ranged </wordcount>
    <wordcount weight="4" > few </wordcount>
    <wordcount weight="4" > edin </wordcount>
    <wordcount weight="4" > showed </wordcount>
    <wordcount weight="4" > occur </wordcount>
    <wordcount weight="3" > does </wordcount>
    <wordcount weight="3" > stain </wordcount>
    <wordcount weight="3" > if </wordcount>
    <wordcount weight="3" > similar </wordcount>
    <wordcount weight="3" > mother </wordcount>
    <wordcount weight="3" > measured </wordcount>
    <wordcount weight="3" > types </wordcount>
    <wordcount weight="3" > when </wordcount>
    <wordcount weight="3" > ie </wordcount>
    <wordcount weight="3" > thesis </wordcount>
    <wordcount weight="3" > occurred </wordcount>
    <wordcount weight="3" > then </wordcount>
    <wordcount weight="3" > before </wordcount>
    <wordcount weight="3" > must </wordcount>
    <wordcount weight="3" > age </wordcount>
    <wordcount weight="3" > measurements </wordcount>
    <wordcount weight="3" > show </wordcount>
    <wordcount weight="3" > pollination </wordcount>
    <wordcount weight="3" > every </wordcount>
    <wordcount weight="3" > j </wordcount>
    <wordcount weight="3" > europe </wordcount>
    <wordcount weight="3" > apical </wordcount>
    <wordcount weight="3" > appeared </wordcount>
    <wordcount weight="3" > origin </wordcount>
    <wordcount weight="3" > very </wordcount>
    <wordcount weight="3" > survey </wordcount>
    <wordcount weight="3" > possibility </wordcount>
    <wordcount weight="3" > base </wordcount>
    <wordcount weight="3" > less </wordcount>
    <wordcount weight="3" > glasshouse </wordcount>
    <wordcount weight="3" > characters </wordcount>
    <wordcount weight="3" > near </wordcount>
    <wordcount weight="3" > wood </wordcount>
    <wordcount weight="3" > size </wordcount>
    <wordcount weight="3" > west </wordcount>
    <wordcount weight="3" > part </wordcount>
    <wordcount weight="3" > line </wordcount>
    <wordcount weight="3" > genetic </wordcount>
    <wordcount weight="3" > angle </wordcount>
    <wordcount weight="3" > autotriploid </wordcount>
    <wordcount weight="3" > collective </wordcount>
    <wordcount weight="3" > while </wordcount>
    <wordcount weight="3" > et </wordcount>
    <wordcount weight="3" > prepared </wordcount>
    <wordcount weight="3" > per </wordcount>
    <wordcount weight="3" > transect </wordcount>
    <wordcount weight="3" > showing </wordcount>
    <wordcount weight="3" > johnsson </wordcount>
    <wordcount weight="3" > g </wordcount>
    <wordcount weight="3" > regarded </wordcount>
    <wordcount weight="3" > arise </wordcount>
    <wordcount weight="3" > morphologically </wordcount>
    <wordcount weight="3" > so </wordcount>
    <wordcount weight="3" > z </wordcount>
    <wordcount weight="3" > after </wordcount>
    <wordcount weight="3" > least </wordcount>
    <wordcount weight="3" > small </wordcount>
    <wordcount weight="3" > summary </wordcount>
    <wordcount weight="3" > characteristics </wordcount>
    <wordcount weight="3" > phd </wordcount>
    <wordcount weight="3" > using </wordcount>
    <wordcount weight="3" > und </wordcount>
    <wordcount weight="3" > evidence </wordcount>
    <wordcount weight="3" > petiole </wordcount>
    <wordcount weight="3" > concluded </wordcount>
    <wordcount weight="2" > may </wordcount>
    <wordcount weight="2" > difficult </wordcount>
    <wordcount weight="2" > f </wordcount>
    <wordcount weight="2" > he </wordcount>
    <wordcount weight="2" > high </wordcount>
    <wordcount weight="2" > second </wordcount>
    <wordcount weight="2" > papyrifera </wordcount>
    <wordcount weight="2" > various </wordcount>
    <wordcount weight="2" > way </wordcount>
    <wordcount weight="2" > achenes </wordcount>
    <wordcount weight="2" > ml </wordcount>
    <wordcount weight="2" > later </wordcount>
    <wordcount weight="2" > propionic </wordcount>
    <wordcount weight="2" > usually </wordcount>
    <wordcount weight="2" > growth </wordcount>
    <wordcount weight="2" > nana </wordcount>
    <wordcount weight="2" > main </wordcount>
    <wordcount weight="2" > taxonomy </wordcount>
    <wordcount weight="2" > naturally </wordcount>
    <wordcount weight="2" > hagman </wordcount>
    <wordcount weight="2" > birches </wordcount>
    <wordcount weight="2" > fruits </wordcount>
    <wordcount weight="2" > consists </wordcount>
    <wordcount weight="2" > cn </wordcount>
    <wordcount weight="2" > environmental </wordcount>
    <wordcount weight="2" > resulted </wordcount>
    <wordcount weight="2" > fruit </wordcount>
    <wordcount weight="2" > exception </wordcount>
    <wordcount weight="2" > ce </wordcount>
    <wordcount weight="2" > twigs </wordcount>
    <wordcount weight="2" > proportion </wordcount>
    <wordcount weight="2" > overlap </wordcount>
    <wordcount weight="2" > years </wordcount>
    <wordcount weight="2" > wind </wordcount>
    <wordcount weight="2" > natho </wordcount>
    <wordcount weight="2" > direct </wordcount>
    <wordcount weight="2" > complex </wordcount>
    <wordcount weight="2" > putative </wordcount>
    <wordcount weight="2" > tend </wordcount>
    <wordcount weight="2" > inst </wordcount>
    <wordcount weight="2" > considered </wordcount>
    <wordcount weight="2" > ne </wordcount>
    <wordcount weight="2" > tn </wordcount>
    <wordcount weight="2" > grains </wordcount>
    <wordcount weight="2" > contained </wordcount>
    <wordcount weight="2" > included </wordcount>
    <wordcount weight="2" > fifteen </wordcount>
    <wordcount weight="2" > same </wordcount>
    <wordcount weight="2" > diploid </wordcount>
    <wordcount weight="2" > series </wordcount>
    <wordcount weight="2" > controlled </wordcount>
    <wordcount weight="2" > bark </wordcount>
    <wordcount weight="2" > polyploidy </wordcount>
    <wordcount weight="2" > apomixis </wordcount>
    <wordcount weight="2" > illustrated </wordcount>
    <wordcount weight="2" > waldst </wordcount>
    <wordcount weight="2" > lower </wordcount>
    <wordcount weight="2" > gave </wordcount>
    <wordcount weight="2" > plates </wordcount>
    <wordcount weight="2" > eleven </wordcount>
    <wordcount weight="2" > tortuosa </wordcount>
    <wordcount weight="2" > taken </wordcount>
    <wordcount weight="2" > use </wordcount>
    <wordcount weight="2" > vaarama </wordcount>
    <wordcount weight="2" > others </wordcount>
    <wordcount weight="2" > cut </wordcount>
    <wordcount weight="2" > seen </wordcount>
    <wordcount weight="2" > water </wordcount>
    <wordcount weight="2" > nature </wordcount>
    <wordcount weight="2" > zur </wordcount>
    <wordcount weight="2" > distribution </wordcount>
    <wordcount weight="2" > different </wordcount>
    <wordcount weight="2" > szaferowa </wordcount>
    <wordcount weight="2" > did </wordcount>
    <wordcount weight="2" > areas </wordcount>
    <wordcount weight="2" > occurrence </wordcount>
    <wordcount weight="2" > genus </wordcount>
    <wordcount weight="2" > zwischen </wordcount>
    <wordcount weight="2" > time </wordcount>
    <wordcount weight="2" > seven </wordcount>
    <wordcount weight="2" > out </wordcount>
    <wordcount weight="2" > jentys </wordcount>
    <wordcount weight="2" > new </wordcount>
    <wordcount weight="2" > carmine </wordcount>
    <wordcount weight="2" > mor </wordcount>
    <wordcount weight="2" > edge </wordcount>
    <wordcount weight="2" > kit </wordcount>
    <wordcount weight="2" > do </wordcount>
    <wordcount weight="2" > raised </wordcount>
    <wordcount weight="2" > according </wordcount>
    <wordcount weight="2" > where </wordcount>
    <wordcount weight="2" > mixoploids </wordcount>
    <wordcount weight="2" > cannot </wordcount>
    <wordcount weight="2" > british </wordcount>
    <wordcount weight="2" > case </wordcount>
    <wordcount weight="2" > des </wordcount>
    <wordcount weight="2" > svensk </wordcount>
    <wordcount weight="2" > material </wordcount>
    <wordcount weight="2" > existence </wordcount>
    <wordcount weight="2" > problem </wordcount>
    <wordcount weight="2" > wide </wordcount>
    <wordcount weight="2" > capacity </wordcount>
    <wordcount weight="2" > oo </wordcount>
    <wordcount weight="2" > mixoploid </wordcount>
    <wordcount weight="2" > u </wordcount>
    <wordcount weight="2" > degree </wordcount>
    <wordcount weight="2" > well </wordcount>
    <wordcount weight="2" > shape </wordcount>
    <wordcount weight="2" > possible </wordcount>
    <wordcount weight="2" > used </wordcount>
    <wordcount weight="2" > blade </wordcount>
    <wordcount weight="2" > bracts </wordcount>
    <wordcount weight="2" > determined </wordcount>
    <wordcount weight="2" > incompatibility </wordcount>
    <wordcount weight="2" > hydrochloric </wordcount>
    <wordcount weight="2" > proportions </wordcount>
    <wordcount weight="2" > its </wordcount>
    <wordcount weight="2" > data </wordcount>
    <wordcount weight="2" > finland </wordcount>
    <wordcount weight="2" > ten </wordcount>
    <wordcount weight="2" > q </wordcount>
    <wordcount weight="2" > bract </wordcount>
    <wordcount weight="2" > complements </wordcount>
    <wordcount weight="2" > linnaeus </wordcount>
    <wordcount weight="2" > squash </wordcount>
    <wordcount weight="2" > individuals </wordcount>
    <wordcount weight="2" > examination </wordcount>
    <wordcount weight="2" > metaphase </wordcount>
    <wordcount weight="2" > acid </wordcount>
    <wordcount weight="2" > until </wordcount>
    <wordcount weight="2" > described </wordcount>
    <wordcount weight="2" > low </wordcount>
    <wordcount weight="2" > status </wordcount>
    <wordcount weight="2" > due </wordcount>
    <wordcount weight="2" > following </wordcount>
    <wordcount weight="2" > tidskr </wordcount>
    <wordcount weight="2" > taxonomic </wordcount>
    <wordcount weight="2" > relatively </wordcount>
    <wordcount weight="2" > approximately </wordcount>
    <wordcount weight="2" > although </wordcount>
    <wordcount weight="2" > would </wordcount>
    <wordcount weight="2" > field </wordcount>
    <wordcount weight="2" > need </wordcount>
    <wordcount weight="2" > aberdeen </wordcount>
    <wordcount weight="2" > plants </wordcount>
    <wordcount weight="2" > obtained </wordcount>
    <wordcount weight="2" > order </wordcount>
    <wordcount weight="2" > extremely </wordcount>
    <wordcount weight="2" > several </wordcount>
    <wordcount weight="2" > tanks </wordcount>
    <wordcount weight="2" > occurring </wordcount>
    <wordcount weight="2" > hereditas </wordcount>
    <wordcount weight="2" > root </wordcount>
    <wordcount weight="2" > pectinase </wordcount>
    <wordcount weight="2" > six </wordcount>
    <wordcount weight="2" > investigations </wordcount>
    <wordcount weight="2" > distinguished </wordcount>
    <wordcount weight="2" > achene </wordcount>
    <wordcount weight="2" > left </wordcount>
    <wordcount weight="2" > fenn </wordcount>
    <wordcount weight="2" > analysis </wordcount>
    <wordcount weight="2" > hybrid </wordcount>
    <wordcount weight="2" > extracted </wordcount>
    <wordcount weight="2" > recent </wordcount>
    <wordcount weight="2" > resembled </wordcount>
    <wordcount weight="2" > cairn </wordcount>
    <wordcount weight="2" > comm </wordcount>
    <wordcount weight="1" > mentioned </wordcount>
    <wordcount weight="1" > lrocartion </wordcount>
    <wordcount weight="1" > frequent </wordcount>
    <wordcount weight="1" > intimately </wordcount>
    <wordcount weight="1" > mechanisms </wordcount>
    <wordcount weight="1" > depth </wordcount>
    <wordcount weight="1" > morphology </wordcount>
    <wordcount weight="1" > assessed </wordcount>
    <wordcount weight="1" > acad </wordcount>
    <wordcount weight="1" > now </wordcount>
    <wordcount weight="1" > poland </wordcount>
    <wordcount weight="1" > relationship </wordcount>
    <wordcount weight="1" > individuellen </wordcount>
    <wordcount weight="1" > borer </wordcount>
    <wordcount weight="1" > recognized </wordcount>
    <wordcount weight="1" > done </wordcount>
    <wordcount weight="1" > botan </wordcount>
    <wordcount weight="1" > nomlcted </wordcount>
    <wordcount weight="1" > glass </wordcount>
    <wordcount weight="1" > whose </wordcount>
    <wordcount weight="1" > jentysszaferowa </wordcount>
    <wordcount weight="1" > bull </wordcount>
    <wordcount weight="1" > flower </wordcount>
    <wordcount weight="1" > biometrical </wordcount>
    <wordcount weight="1" > dissected </wordcount>
    <wordcount weight="1" > russian </wordcount>
    <wordcount weight="1" > materials </wordcount>
    <wordcount weight="1" > forty </wordcount>
    <wordcount weight="1" > higher </wordcount>
    <wordcount weight="1" > sterile </wordcount>
    <wordcount weight="1" > fairly </wordcount>
    <wordcount weight="1" > twot </wordcount>
    <wordcount weight="1" > thecel </wordcount>
    <wordcount weight="1" > otias </wordcount>
    <wordcount weight="1" > indicated </wordcount>
    <wordcount weight="1" > purely </wordcount>
    <wordcount weight="1" > populations </wordcount>
    <wordcount weight="1" > variable </wordcount>
    <wordcount weight="1" > tres </wordcount>
    <wordcount weight="1" > undulation </wordcount>
    <wordcount weight="1" > separation </wordcount>
    <wordcount weight="1" > arising </wordcount>
    <wordcount weight="1" > indicator </wordcount>
    <wordcount weight="1" > across </wordcount>
    <wordcount weight="1" > generations </wordcount>
    <wordcount weight="1" > ascertained </wordcount>
    <wordcount weight="1" > claimed </wordcount>
    <wordcount weight="1" > acetic </wordcount>
    <wordcount weight="1" > kreuzungserfolges </wordcount>
    <wordcount weight="1" > genecology </wordcount>
    <wordcount weight="1" > reportenum </wordcount>
    <wordcount weight="1" > fixing </wordcount>
    <wordcount weight="1" > studid </wordcount>
    <wordcount weight="1" > parent </wordcount>
    <wordcount weight="1" > lines </wordcount>
    <wordcount weight="1" > fewer </wordcount>
    <wordcount weight="1" > reference </wordcount>
    <wordcount weight="1" > fastest </wordcount>
    <wordcount weight="1" > male </wordcount>
    <wordcount weight="1" > determine </wordcount>
    <wordcount weight="1" > northeast </wordcount>
    <wordcount weight="1" > math </wordcount>
    <wordcount weight="1" > interspecific </wordcount>
    <wordcount weight="1" > excluding </wordcount>
    <wordcount weight="1" > sixteen </wordcount>
    <wordcount weight="1" > parents </wordcount>
    <wordcount weight="1" > dealt </wordcount>
    <wordcount weight="1" > introduction </wordcount>
    <wordcount weight="1" > constitution </wordcount>
    <wordcount weight="1" > phytol </wordcount>
    <wordcount weight="1" > indicates </wordcount>
    <wordcount weight="1" > germany </wordcount>
    <wordcount weight="1" > thirteen </wordcount>
    <wordcount weight="1" > scottish </wordcount>
    <wordcount weight="1" > intensive </wordcount>
    <wordcount weight="1" > group </wordcount>
    <wordcount weight="1" > collapsed </wordcount>
    <wordcount weight="1" > cytologically </wordcount>
    <wordcount weight="1" > ytoypehabencrneoub </wordcount>
    <wordcount weight="1" > scandanavian </wordcount>
    <wordcount weight="1" > dokl </wordcount>
    <wordcount weight="1" > colour </wordcount>
    <wordcount weight="1" > special </wordcount>
    <wordcount weight="1" > often </wordcount>
    <wordcount weight="1" > assigned </wordcount>
    <wordcount weight="1" > scales </wordcount>
    <wordcount weight="1" > naturforsch </wordcount>
    <wordcount weight="1" > properly </wordcount>
    <wordcount weight="1" > sarvas </wordcount>
    <wordcount weight="1" > coue </wordcount>
    <wordcount weight="1" > ferric </wordcount>
    <wordcount weight="1" > fall </wordcount>
    <wordcount weight="1" > acond </wordcount>
    <wordcount weight="1" > inferior </wordcount>
    <wordcount weight="1" > feddes </wordcount>
    <wordcount weight="1" > formed </wordcount>
    <wordcount weight="1" > roth </wordcount>
    <wordcount weight="1" > scattered </wordcount>
    <wordcount weight="1" > scots </wordcount>
    <wordcount weight="1" > support </wordcount>
    <wordcount weight="1" > metrical </wordcount>
    <wordcount weight="1" > observer </wordcount>
    <wordcount weight="1" > olctdfo </wordcount>
    <wordcount weight="1" > reason </wordcount>
    <wordcount weight="1" > examined </wordcount>
    <wordcount weight="1" > sown </wordcount>
    <wordcount weight="1" > addition </wordcount>
    <wordcount weight="1" > helms </wordcount>
    <wordcount weight="1" > mit </wordcount>
    <wordcount weight="1" > sudesm </wordcount>
    <wordcount weight="1" > thought </wordcount>
    <wordcount weight="1" > widest </wordcount>
    <wordcount weight="1" > microscope </wordcount>
    <wordcount weight="1" > ensure </wordcount>
    <wordcount weight="1" > pp </wordcount>
    <wordcount weight="1" > den </wordcount>
    <wordcount weight="1" > nerve </wordcount>
    <wordcount weight="1" > fifth </wordcount>
    <wordcount weight="1" > states </wordcount>
    <wordcount weight="1" > fhromosthes </wordcount>
    <wordcount weight="1" > ranges </wordcount>
    <wordcount weight="1" > technol </wordcount>
    <wordcount weight="1" > thatwhensal </wordcount>
    <wordcount weight="1" > byeth </wordcount>
    <wordcount weight="1" > ady </wordcount>
    <wordcount weight="1" > neither </wordcount>
    <wordcount weight="1" > anthesis </wordcount>
    <wordcount weight="1" > fertility </wordcount>
    <wordcount weight="1" > resecivelyro </wordcount>
    <wordcount weight="1" > ian </wordcount>
    <wordcount weight="1" > classify </wordcount>
    <wordcount weight="1" > general </wordcount>
    <wordcount weight="1" > spreading </wordcount>
    <wordcount weight="1" > pose </wordcount>
    <wordcount weight="1" > replications </wordcount>
    <wordcount weight="1" > grazed </wordcount>
    <wordcount weight="1" > branch </wordcount>
    <wordcount weight="1" > paper </wordcount>
    <wordcount weight="1" > any </wordcount>
    <wordcount weight="1" > discusso </wordcount>
    <wordcount weight="1" > illuminated </wordcount>
    <wordcount weight="1" > transects </wordcount>
    <wordcount weight="1" > k </wordcount>
    <wordcount weight="1" > workers </wordcount>
    <wordcount weight="1" > growing </wordcount>
    <wordcount weight="1" > ussr </wordcount>
    <wordcount weight="1" > bay </wordcount>
    <wordcount weight="1" > induced </wordcount>
    <wordcount weight="1" > bucknall </wordcount>
    <wordcount weight="1" > um </wordcount>
    <wordcount weight="1" > tinctf </wordcount>
    <wordcount weight="1" > continuous </wordcount>
    <wordcount weight="1" > sci </wordcount>
    <wordcount weight="1" > al </wordcount>
    <wordcount weight="1" > frequently </wordcount>
    <wordcount weight="1" > reviewed </wordcount>
    <wordcount weight="1" > observations </wordcount>
    <wordcount weight="1" > stocked </wordcount>
    <wordcount weight="1" > oni </wordcount>
    <wordcount weight="1" > department </wordcount>
    <wordcount weight="1" > simply </wordcount>
    <wordcount weight="1" > silvery </wordcount>
    <wordcount weight="1" > vaue </wordcount>
    <wordcount weight="1" > cstudiesf </wordcount>
    <wordcount weight="1" > sbetypespeual </wordcount>
    <wordcount weight="1" > increasingly </wordcount>
    <wordcount weight="1" > ias </wordcount>
    <wordcount weight="1" > first </wordcount>
    <wordcount weight="1" > appears </wordcount>
    <wordcount weight="1" > demarcation </wordcount>
    <wordcount weight="1" > mutations </wordcount>
    <wordcount weight="1" > pol </wordcount>
    <wordcount weight="1" > known </wordcount>
    <wordcount weight="1" > hap </wordcount>
    <wordcount weight="1" > rinsed </wordcount>
    <wordcount weight="1" > jb </wordcount>
    <wordcount weight="1" > isolation </wordcount>
    <wordcount weight="1" > love </wordcount>
    <wordcount weight="1" > dwarf </wordcount>
    <wordcount weight="1" > rtn </wordcount>
    <wordcount weight="1" > amongst </wordcount>
    <wordcount weight="1" > usudely </wordcount>
    <wordcount weight="1" > name </wordcount>
    <wordcount weight="1" > centred </wordcount>
    <wordcount weight="1" > posed </wordcount>
    <wordcount weight="1" > river </wordcount>
    <wordcount weight="1" > ways </wordcount>
    <wordcount weight="1" > production </wordcount>
    <wordcount weight="1" > solve </wordcount>
    <wordcount weight="1" > selfing </wordcount>
    <wordcount weight="1" > tyhan </wordcount>
    <wordcount weight="1" > roszpr </wordcount>
    <wordcount weight="1" > hredfe </wordcount>
    <wordcount weight="1" > power </wordcount>
    <wordcount weight="1" > stated </wordcount>
    <wordcount weight="1" > sometimes </wordcount>
    <wordcount weight="1" > orcein </wordcount>
    <wordcount weight="1" > larger </wordcount>
    <wordcount weight="1" > suggested </wordcount>
    <wordcount weight="1" > sterility </wordcount>
    <wordcount weight="1" > dwarfs </wordcount>
    <wordcount weight="1" > straightforward </wordcount>
    <wordcount weight="1" > appear </wordcount>
    <wordcount weight="1" > ecological </wordcount>
    <wordcount weight="1" > varies </wordcount>
    <wordcount weight="1" > ofth </wordcount>
    <wordcount weight="1" > assessments </wordcount>
    <wordcount weight="1" > primarily </wordcount>
    <wordcount weight="1" > september </wordcount>
    <wordcount weight="1" > emerged </wordcount>
    <wordcount weight="1" > into </wordcount>
    <wordcount weight="1" > oa </wordcount>
    <wordcount weight="1" > aeomlictebtesalszeofhechomsomshih </wordcount>
    <wordcount weight="1" > complete </wordcount>
    <wordcount weight="1" > bo </wordcount>
    <wordcount weight="1" > experiments </wordcount>
    <wordcount weight="1" > expressed </wordcount>
    <wordcount weight="1" > efforts </wordcount>
    <wordcount weight="1" > descriptions </wordcount>
    <wordcount weight="1" > sheep </wordcount>
    <wordcount weight="1" > closely </wordcount>
    <wordcount weight="1" > fact </wordcount>
    <wordcount weight="1" > deaild </wordcount>
    <wordcount weight="1" > shows </wordcount>
    <wordcount weight="1" > longer </wordcount>
    <wordcount weight="1" > sorne </wordcount>
    <wordcount weight="1" > pc </wordcount>
    <wordcount weight="1" > laid </wordcount>
    <wordcount weight="1" > groups </wordcount>
    <wordcount weight="1" > treatment </wordcount>
    <wordcount weight="1" > gesellschaft </wordcount>
    <wordcount weight="1" > mittelieuropaischen </wordcount>
    <wordcount weight="1" > best </wordcount>
    <wordcount weight="1" > pressler </wordcount>
    <wordcount weight="1" > wiuth </wordcount>
    <wordcount weight="1" > glasgow </wordcount>
    <wordcount weight="1" > exaggeration </wordcount>
    <wordcount weight="1" > underdeveloped </wordcount>
    <wordcount weight="1" > britain </wordcount>
    <wordcount weight="1" > chrmhousoetreswas </wordcount>
    <wordcount weight="1" > developed </wordcount>
    <wordcount weight="1" > p </wordcount>
    <wordcount weight="1" > location </wordcount>
    <wordcount weight="1" > gropipgenarsnt </wordcount>
    <wordcount weight="1" > crop </wordcount>
    <wordcount weight="1" > nat </wordcount>
    <wordcount weight="1" > laf </wordcount>
    <wordcount weight="1" > unreduced </wordcount>
    <wordcount weight="1" > cytloicl </wordcount>
    <wordcount weight="1" > codify </wordcount>
    <wordcount weight="1" > studied </wordcount>
    <wordcount weight="1" > bei </wordcount>
    <wordcount weight="1" > grey </wordcount>
    <wordcount weight="1" > kenntniss </wordcount>
    <wordcount weight="1" > warszawa </wordcount>
    <wordcount weight="1" > grows </wordcount>
    <wordcount weight="1" > omitted </wordcount>
    <wordcount weight="1" > requirements </wordcount>
    <wordcount weight="1" > gardiner </wordcount>
    <wordcount weight="1" > room </wordcount>
    <wordcount weight="1" > varietal </wordcount>
    <wordcount weight="1" > final </wordcount>
    <wordcount weight="1" > icolcefrmtreaignmers </wordcount>
    <wordcount weight="1" > kreuzungen </wordcount>
    <wordcount weight="1" > examining </wordcount>
    <wordcount weight="1" > bases </wordcount>
    <wordcount weight="1" > considerable </wordcount>
    <wordcount weight="1" > describes </wordcount>
    <wordcount weight="1" > las </wordcount>
    <wordcount weight="1" > juniper </wordcount>
    <wordcount weight="1" > cores </wordcount>
    <wordcount weight="1" > vt </wordcount>
    <wordcount weight="1" > aberdeencytotype </wordcount>
    <wordcount weight="1" > respects </wordcount>
    <wordcount weight="1" > assessment </wordcount>
    <wordcount weight="1" > february </wordcount>
    <wordcount weight="1" > pseudogamy </wordcount>
    <wordcount weight="1" > separated </wordcount>
    <wordcount weight="1" > respect </wordcount>
    <wordcount weight="1" > poendulaand </wordcount>
    <wordcount weight="1" > akad </wordcount>
    <wordcount weight="1" > outside </wordcount>
    <wordcount weight="1" > date </wordcount>
    <wordcount weight="1" > miles </wordcount>
    <wordcount weight="1" > exceptions </wordcount>
    <wordcount weight="1" > influences </wordcount>
    <wordcount weight="1" > v </wordcount>
    <wordcount weight="1" > atero </wordcount>
    <wordcount weight="1" > felling </wordcount>
    <wordcount weight="1" > tap </wordcount>
    <wordcount weight="1" > pubescent </wordcount>
    <wordcount weight="1" > drop </wordcount>
    <wordcount weight="1" > fro </wordcount>
    <wordcount weight="1" > crowns </wordcount>
    <wordcount weight="1" > effective </wordcount>
    <wordcount weight="1" > profitable </wordcount>
    <wordcount weight="1" > irc </wordcount>
    <wordcount weight="1" > silvae </wordcount>
    <wordcount weight="1" > what </wordcount>
    <wordcount weight="1" > fixed </wordcount>
    <wordcount weight="1" > outstripped </wordcount>
    <wordcount weight="1" > rangingl </wordcount>
    <wordcount weight="1" > birkene </wordcount>
    <wordcount weight="1" > extreme </wordcount>
    <wordcount weight="1" > somatreic </wordcount>
    <wordcount weight="1" > aston </wordcount>
    <wordcount weight="1" > undamaged </wordcount>
    <wordcount weight="1" > cytotype </wordcount>
    <wordcount weight="1" > cannotsi </wordcount>
    <wordcount weight="1" > namely </wordcount>
    <wordcount weight="1" > references </wordcount>
    <wordcount weight="1" > eiffecterelationshp </wordcount>
    <wordcount weight="1" > breatemr </wordcount>
    <wordcount weight="1" > grow </wordcount>
    <wordcount weight="1" > eg </wordcount>
    <wordcount weight="1" > herig </wordcount>
    <wordcount weight="1" > placed </wordcount>
    <wordcount weight="1" > flowers </wordcount>
    <wordcount weight="1" > depending </wordcount>
    <wordcount weight="1" > anooeieniid </wordcount>
    <wordcount weight="1" > acetate </wordcount>
    <wordcount weight="1" > sophisticated </wordcount>
    <wordcount weight="1" > polymorphic </wordcount>
    <wordcount weight="1" > absolute </wordcount>
    <wordcount weight="1" > teeth </wordcount>
    <wordcount weight="1" > preparation </wordcount>
    <wordcount weight="1" > gardmer </wordcount>
    <wordcount weight="1" > thatsubjectivetcorrection </wordcount>
    <wordcount weight="1" > recorded </wordcount>
    <wordcount weight="1" > modalcytotype </wordcount>
    <wordcount weight="1" > weareioften </wordcount>
    <wordcount weight="1" > panstw </wordcount>
    <wordcount weight="1" > bur </wordcount>
    <wordcount weight="1" > inole </wordcount>
    <wordcount weight="1" > embryos </wordcount>
    <wordcount weight="1" > toe </wordcount>
    <wordcount weight="1" > week </wordcount>
    <wordcount weight="1" > cytotypoes </wordcount>
    <wordcount weight="1" > paa </wordcount>
    <wordcount weight="1" > twori </wordcount>
    <wordcount weight="1" > triploid </wordcount>
    <wordcount weight="1" > dots </wordcount>
    <wordcount weight="1" > vardiation </wordcount>
    <wordcount weight="1" > sexual </wordcount>
    <wordcount weight="1" > draw </wordcount>
    <wordcount weight="1" > silver </wordcount>
    <wordcount weight="1" > ecology </wordcount>
    <wordcount weight="1" > fixative </wordcount>
    <wordcount weight="1" > yield </wordcount>
    <wordcount weight="1" > berezino </wordcount>
    <wordcount weight="1" > figs </wordcount>
    <wordcount weight="1" > almost </wordcount>
    <wordcount weight="1" > another </wordcount>
    <wordcount weight="1" > subspecies </wordcount>
    <wordcount weight="1" > polyploids </wordcount>
    <wordcount weight="1" > history </wordcount>
    <wordcount weight="1" > generally </wordcount>
    <wordcount weight="1" > bedingtheit </wordcount>
    <wordcount weight="1" > occupying </wordcount>
    <wordcount weight="1" > sixth </wordcount>
    <wordcount weight="1" > crown </wordcount>
    <wordcount weight="1" > toothed </wordcount>
    <wordcount weight="1" > marked </wordcount>
    <wordcount weight="1" > occcytotype </wordcount>
    <wordcount weight="1" > investigators </wordcount>
    <wordcount weight="1" > revealed </wordcount>
    <wordcount weight="1" > quality </wordcount>
    <wordcount weight="1" > middle </wordcount>
    <wordcount weight="1" > sammelart </wordcount>
    <wordcount weight="1" > viability </wordcount>
    <wordcount weight="1" > thoevfirst </wordcount>
    <wordcount weight="1" > derived </wordcount>
    <wordcount weight="1" > conveniently </wordcount>
    <wordcount weight="1" > examples </wordcount>
    <wordcount weight="1" > bastardbildung </wordcount>
    <wordcount weight="1" > treated </wordcount>
    <wordcount weight="1" > fsiairyterti </wordcount>
    <wordcount weight="1" > tocytotype </wordcount>
    <wordcount weight="1" > cytoplasm </wordcount>
    <wordcount weight="1" > little </wordcount>
    <wordcount weight="1" > thagnu </wordcount>
    <wordcount weight="1" > upon </wordcount>
    <wordcount weight="1" > presented </wordcount>
    <wordcount weight="1" > stagetoewenpat </wordcount>
    <wordcount weight="1" > crossed </wordcount>
    <wordcount weight="1" > uncontrolled </wordcount>
    <wordcount weight="1" > hinder </wordcount>
    <wordcount weight="1" > cytotaxonomy </wordcount>
    <wordcount weight="1" > causen </wordcount>
    <wordcount weight="1" > apart </wordcount>
    <wordcount weight="1" > region </wordcount>
    <wordcount weight="1" > combination </wordcount>
    <wordcount weight="1" > reported </wordcount>
    <wordcount weight="1" > given </wordcount>
    <wordcount weight="1" > cl </wordcount>
    <wordcount weight="1" > surrounded </wordcount>
    <wordcount weight="1" > far </wordcount>
    <wordcount weight="1" > ot </wordcount>
    <wordcount weight="1" > dee </wordcount>
    <wordcount weight="1" > previously </wordcount>
    <wordcount weight="1" > stunted </wordcount>
    <wordcount weight="1" > elucidate </wordcount>
    <wordcount weight="1" > tank </wordcount>
    <wordcount weight="1" > reserve </wordcount>
    <wordcount weight="1" > allen </wordcount>
    <wordcount weight="1" > formenkreises </wordcount>
    <wordcount weight="1" > test </wordcount>
    <wordcount weight="1" > variability </wordcount>
    <wordcount weight="1" > difficultito </wordcount>
    <wordcount weight="1" > sl </wordcount>
    <wordcount weight="1" > top </wordcount>
    <wordcount weight="1" > lies </wordcount>
    <wordcount weight="1" > morganthaler </wordcount>
    <wordcount weight="1" > coonstreainsafetithedat </wordcount>
    <wordcount weight="1" > whole </wordcount>
    <wordcount weight="1" > literature </wordcount>
    <wordcount weight="1" > hybridization </wordcount>
    <wordcount weight="1" > complement </wordcount>
    <wordcount weight="1" > unstained </wordcount>
    <wordcount weight="1" > consistently </wordcount>
    <wordcount weight="1" > analyse </wordcount>
    <wordcount weight="1" > older </wordcount>
    <wordcount weight="1" > beyl </wordcount>
    <wordcount weight="1" > increment </wordcount>
    <wordcount weight="1" > shoots </wordcount>
    <wordcount weight="1" > virtually </wordcount>
    <wordcount weight="1" > approach </wordcount>
    <wordcount weight="1" > tidsskr </wordcount>
    <wordcount weight="1" > immediately </wordcount>
    <wordcount weight="1" > exposed </wordcount>
    <wordcount weight="1" > expanded </wordcount>
    <wordcount weight="1" > densely </wordcount>
    <wordcount weight="1" > tips </wordcount>
    <wordcount weight="1" > questions </wordcount>
    <wordcount weight="1" > legt </wordcount>
    <wordcount weight="1" > accorded </wordcount>
    <wordcount weight="1" > wthre </wordcount>
    <wordcount weight="1" > pair </wordcount>
    <wordcount weight="1" > twig </wordcount>
    <wordcount weight="1" > spraw </wordcount>
    <wordcount weight="1" > check </wordcount>
    <wordcount weight="1" > slender </wordcount>
    <wordcount weight="1" > phaenotypen </wordcount>
    <wordcount weight="1" > previous </wordcount>
    <wordcount weight="1" > review </wordcount>
    <wordcount weight="1" > reflect </wordcount>
    <wordcount weight="1" > eight </wordcount>
    <wordcount weight="1" > pine </wordcount>
    <wordcount weight="1" > oi </wordcount>
    <wordcount weight="1" > germinate </wordcount>
    <wordcount weight="1" > dept </wordcount>
    <wordcount weight="1" > spring </wordcount>
    <wordcount weight="1" > cubanov </wordcount>
    <wordcount weight="1" > introgression </wordcount>
    <wordcount weight="1" > locations </wordcount>
    <wordcount weight="1" > vigorous </wordcount>
    <wordcount weight="1" > deithed </wordcount>
    <wordcount weight="1" > stout </wordcount>
    <wordcount weight="1" > doubtful </wordcount>
    <wordcount weight="1" > copenhagen </wordcount>
    <wordcount weight="1" > manageable </wordcount>
    <wordcount weight="1" > open </wordcount>
    <wordcount weight="1" > run </wordcount>
    <wordcount weight="1" > corretoyteospondwit </wordcount>
    <wordcount weight="1" > germinating </wordcount>
    <wordcount weight="1" > initiated </wordcount>
    <wordcount weight="1" > arborescent </wordcount>
    <wordcount weight="1" > finding </wordcount>
    <wordcount weight="1" > rlireabovel </wordcount>
    <wordcount weight="1" > count </wordcount>
    <wordcount weight="1" > conditions </wordcount>
    <wordcount weight="1" > butt </wordcount>
    <wordcount weight="1" > circumstantial </wordcount>
    <wordcount weight="1" > stains </wordcount>
    <wordcount weight="1" > scandinavia </wordcount>
    <wordcount weight="1" > temperature </wordcount>
    <wordcount weight="1" > regions </wordcount>
    <wordcount weight="1" > bad </wordcount>
    <wordcount weight="1" > position </wordcount>
    <wordcount weight="1" > flowered </wordcount>
    <wordcount weight="1" > ofteound </wordcount>
    <wordcount weight="1" > beitrage </wordcount>
    <wordcount weight="1" > triploidy </wordcount>
    <wordcount weight="1" > untersuchungen </wordcount>
    <wordcount weight="1" > cunots </wordcount>
    <wordcount weight="1" > extensive </wordcount>
    <wordcount weight="1" > running </wordcount>
    <wordcount weight="1" > solution </wordcount>
    <wordcount weight="1" > mixed </wordcount>
    <wordcount weight="1" > times </wordcount>
    <wordcount weight="1" > grown </wordcount>
    <wordcount weight="1" > newly </wordcount>
    <wordcount weight="1" > grafted </wordcount>
    <wordcount weight="1" > integrated </wordcount>
    <wordcount weight="1" > variant </wordcount>
    <wordcount weight="1" > adult </wordcount>
    <wordcount weight="1" > separat </wordcount>
    <wordcount weight="1" > below </wordcount>
    <wordcount weight="1" > period </wordcount>
    <wordcount weight="1" > aalyis </wordcount>
    <wordcount weight="1" > parts </wordcount>
    <wordcount weight="1" > variationsstatistischer </wordcount>
    <wordcount weight="1" > stage </wordcount>
    <wordcount weight="1" > sample </wordcount>
    <wordcount weight="1" > tested </wordcount>
    <wordcount weight="1" > speculations </wordcount>
    <wordcount weight="1" > alcoholic </wordcount>
    <wordcount weight="1" > involving </wordcount>
    <wordcount weight="1" > lightly </wordcount>
    <wordcount weight="1" > next </wordcount>
    <wordcount weight="1" > int </wordcount>
    <wordcount weight="1" > attempted </wordcount>
    <wordcount weight="1" > dis </wordcount>
    <wordcount weight="1" > bircwa </wordcount>
    <wordcount weight="1" > turn </wordcount>
    <wordcount weight="1" > baccgount </wordcount>
    <wordcount weight="1" > exclude </wordcount>
    <wordcount weight="1" > ascending </wordcount>
    <wordcount weight="1" > nteatethis </wordcount>
    <wordcount weight="1" > howeer </wordcount>
    <wordcount weight="1" > fnourvtees </wordcount>
    <wordcount weight="1" > atmosphere </wordcount>
    <wordcount weight="1" > tohave </wordcount>
    <wordcount weight="1" > nor </wordcount>
    <wordcount weight="1" > involved </wordcount>
    <wordcount weight="1" > ct </wordcount>
    <wordcount weight="1" > self </wordcount>
    <wordcount weight="1" > around </wordcount>
    <wordcount weight="1" > forms </wordcount>
    <wordcount weight="1" > chance </wordcount>
    <wordcount weight="1" > underlying </wordcount>
    <wordcount weight="1" > speculate </wordcount>
    <wordcount weight="1" > keep </wordcount>
    <wordcount weight="1" > dried </wordcount>
    <wordcount weight="1" > interbreeding </wordcount>
    <wordcount weight="1" > concerning </wordcount>
    <wordcount weight="1" > chromosoes </wordcount>
    <wordcount weight="1" > random </wordcount>
    <wordcount weight="1" > problems </wordcount>
    <wordcount weight="1" > birkensippen </wordcount>
    <wordcount weight="1" > internal </wordcount>
    <wordcount weight="1" > contrary </wordcount>
    <wordcount weight="1" > tuley </wordcount>
    <wordcount weight="1" > nauk </wordcount>
    <wordcount weight="1" > compatibility </wordcount>
    <wordcount weight="1" > methods </wordcount>
    <wordcount weight="1" > assumed </wordcount>
    <wordcount weight="1" > jorgensen </wordcount>
    <wordcount weight="1" > mi </wordcount>
    <wordcount weight="1" > presence </wordcount>
    <wordcount weight="1" > countsf </wordcount>
    <wordcount weight="1" > single </wordcount>
    <wordcount weight="1" > nerves </wordcount>
    <wordcount weight="1" > started </wordcount>
    <wordcount weight="1" > suitable </wordcount>
    <wordcount weight="1" > onlycytotype </wordcount>
    <wordcount weight="1" > third </wordcount>
    <wordcount weight="1" > mainly </wordcount>
    <wordcount weight="1" > genetics </wordcount>
    <wordcount weight="1" > seeds </wordcount>
    <wordcount weight="1" > tended </wordcount>
    <wordcount weight="1" > impossible </wordcount>
    <wordcount weight="1" > ent </wordcount>
    <wordcount weight="1" > coast </wordcount>
    <wordcount weight="1" > estimate </wordcount>
    <wordcount weight="1" > autopolyploidy </wordcount>
    <wordcount weight="1" > plate </wordcount>
    <wordcount weight="1" > rledf </wordcount>
    <wordcount weight="1" > giventa </wordcount>
    <wordcount weight="1" > fully </wordcount>
    <wordcount weight="1" > early </wordcount>
    <wordcount weight="1" > skalinska </wordcount>
    <wordcount weight="1" > maglemose </wordcount>
    <wordcount weight="1" > up </wordcount>
    <wordcount weight="1" > london </wordcount>
    <wordcount weight="1" > cyoobscurdral </wordcount>
    <wordcount weight="1" > valley </wordcount>
    <wordcount weight="1" > slightly </wordcount>
    <wordcount weight="1" > differ </wordcount>
    <wordcount weight="1" > inaccessible </wordcount>
    <wordcount weight="1" > forte </wordcount>
    <wordcount weight="1" > ooi </wordcount>
    <wordcount weight="1" > jurkevic </wordcount>
    <wordcount weight="1" > recognised </wordcount>
    <wordcount weight="1" > cf </wordcount>
    <wordcount weight="1" > european </wordcount>
    <wordcount weight="1" > variationsbreite </wordcount>
    <wordcount weight="1" > deeply </wordcount>
    <wordcount weight="1" > notes </wordcount>
    <wordcount weight="1" > them </wordcount>
    <wordcount weight="1" > cross </wordcount>
    <wordcount weight="1" > atlas </wordcount>
    <wordcount weight="1" > value </wordcount>
    <wordcount weight="1" > should </wordcount>
    <wordcount weight="1" > occupy </wordcount>
    <wordcount weight="1" > comprehensively </wordcount>
    <wordcount weight="1" > saturated </wordcount>
    <wordcount weight="1" > se </wordcount>
    <wordcount weight="1" > equal </wordcount>
    <wordcount weight="1" > deeside </wordcount>
    <wordcount weight="1" > widely </wordcount>
    <wordcount weight="1" > ivlveas </wordcount>
    <wordcount weight="1" > aaoa </wordcount>
    <wordcount weight="1" > varie </wordcount>
    <wordcount weight="1" > supferipstinto </wordcount>
    <wordcount weight="1" > elucidation </wordcount>
    <wordcount weight="1" > separate </wordcount>
</article>
