<?xml version="1.0" encoding="UTF-8"?>
<article id="10.2307/1716859" >
    <wordcount weight="53" > the </wordcount>
    <wordcount weight="45" > and </wordcount>
    <wordcount weight="44" > of </wordcount>
    <wordcount weight="42" > in </wordcount>
    <wordcount weight="29" > by </wordcount>
    <wordcount weight="17" > a </wordcount>
    <wordcount weight="15" > is </wordcount>
    <wordcount weight="14" > to </wordcount>
    <wordcount weight="12" > that </wordcount>
    <wordcount weight="10" > new </wordcount>
    <wordcount weight="8" > with </wordcount>
    <wordcount weight="8" > book </wordcount>
    <wordcount weight="8" > j </wordcount>
    <wordcount weight="7" > biological </wordcount>
    <wordcount weight="7" > agricultural </wordcount>
    <wordcount weight="6" > he </wordcount>
    <wordcount weight="6" > illus </wordcount>
    <wordcount weight="6" > pp </wordcount>
    <wordcount weight="6" > w </wordcount>
    <wordcount weight="6" > m </wordcount>
    <wordcount weight="6" > for </wordcount>
    <wordcount weight="6" > academic </wordcount>
    <wordcount weight="6" > on </wordcount>
    <wordcount weight="6" > vol </wordcount>
    <wordcount weight="5" > their </wordcount>
    <wordcount weight="5" > thermodynamics </wordcount>
    <wordcount weight="5" > advances </wordcount>
    <wordcount weight="4" > his </wordcount>
    <wordcount weight="4" > b </wordcount>
    <wordcount weight="4" > as </wordcount>
    <wordcount weight="4" > production </wordcount>
    <wordcount weight="4" > are </wordcount>
    <wordcount weight="4" > which </wordcount>
    <wordcount weight="4" > research </wordcount>
    <wordcount weight="3" > farm </wordcount>
    <wordcount weight="3" > f </wordcount>
    <wordcount weight="3" > it </wordcount>
    <wordcount weight="3" > states </wordcount>
    <wordcount weight="3" > george </wordcount>
    <wordcount weight="3" > study </wordcount>
    <wordcount weight="3" > use </wordcount>
    <wordcount weight="3" > h </wordcount>
    <wordcount weight="3" > from </wordcount>
    <wordcount weight="3" > first </wordcount>
    <wordcount weight="3" > eds </wordcount>
    <wordcount weight="3" > schultz </wordcount>
    <wordcount weight="3" > programs </wordcount>
    <wordcount weight="3" > this </wordcount>
    <wordcount weight="3" > problems </wordcount>
    <wordcount weight="3" > be </wordcount>
    <wordcount weight="3" > should </wordcount>
    <wordcount weight="2" > bernard </wordcount>
    <wordcount weight="2" > whose </wordcount>
    <wordcount weight="2" > concerned </wordcount>
    <wordcount weight="2" > l </wordcount>
    <wordcount weight="2" > presentation </wordcount>
    <wordcount weight="2" > e </wordcount>
    <wordcount weight="2" > who </wordcount>
    <wordcount weight="2" > introduction </wordcount>
    <wordcount weight="2" > large </wordcount>
    <wordcount weight="2" > united </wordcount>
    <wordcount weight="2" > clinical </wordcount>
    <wordcount weight="2" > or </wordcount>
    <wordcount weight="2" > experimental </wordcount>
    <wordcount weight="2" > series </wordcount>
    <wordcount weight="2" > age </wordcount>
    <wordcount weight="2" > thermodynamic </wordcount>
    <wordcount weight="2" > physical </wordcount>
    <wordcount weight="2" > more </wordcount>
    <wordcount weight="2" > sciences </wordcount>
    <wordcount weight="2" > might </wordcount>
    <wordcount weight="2" > s </wordcount>
    <wordcount weight="2" > treatment </wordcount>
    <wordcount weight="2" > reasoning </wordcount>
    <wordcount weight="2" > within </wordcount>
    <wordcount weight="2" > gastric </wordcount>
    <wordcount weight="2" > ed </wordcount>
    <wordcount weight="2" > textbook </wordcount>
    <wordcount weight="2" > has </wordcount>
    <wordcount weight="2" > jerzy </wordcount>
    <wordcount weight="2" > investment </wordcount>
    <wordcount weight="2" > four </wordcount>
    <wordcount weight="2" > spanner </wordcount>
    <wordcount weight="2" > subject </wordcount>
    <wordcount weight="2" > ten </wordcount>
    <wordcount weight="2" > botany </wordcount>
    <wordcount weight="2" > processes </wordcount>
    <wordcount weight="2" > devoted </wordcount>
    <wordcount weight="2" > development </wordcount>
    <wordcount weight="2" > chemistry </wordcount>
    <wordcount weight="2" > good </wordcount>
    <wordcount weight="2" > d </wordcount>
    <wordcount weight="2" > application </wordcount>
    <wordcount weight="2" > an </wordcount>
    <wordcount weight="2" > components </wordcount>
    <wordcount weight="2" > c </wordcount>
    <wordcount weight="2" > acquire </wordcount>
    <wordcount weight="2" > monographs </wordcount>
    <wordcount weight="2" > much </wordcount>
    <wordcount weight="2" > general </wordcount>
    <wordcount weight="2" > major </wordcount>
    <wordcount weight="2" > walls </wordcount>
    <wordcount weight="1" > at </wordcount>
    <wordcount weight="1" > will </wordcount>
    <wordcount weight="1" > incentives </wordcount>
    <wordcount weight="1" > portion </wordcount>
    <wordcount weight="1" > macromolecular </wordcount>
    <wordcount weight="1" > undergraduate </wordcount>
    <wordcount weight="1" > gerontological </wordcount>
    <wordcount weight="1" > applications </wordcount>
    <wordcount weight="1" > rate </wordcount>
    <wordcount weight="1" > wishes </wordcount>
    <wordcount weight="1" > aid </wordcount>
    <wordcount weight="1" > adequate </wordcount>
    <wordcount weight="1" > york </wordcount>
    <wordcount weight="1" > antigens </wordcount>
    <wordcount weight="1" > page </wordcount>
    <wordcount weight="1" > resides </wordcount>
    <wordcount weight="1" > no </wordcount>
    <wordcount weight="1" > reiterates </wordcount>
    <wordcount weight="1" > contact </wordcount>
    <wordcount weight="1" > conflicting </wordcount>
    <wordcount weight="1" > luigi </wordcount>
    <wordcount weight="1" > provide </wordcount>
    <wordcount weight="1" > musajo </wordcount>
    <wordcount weight="1" > bring </wordcount>
    <wordcount weight="1" > ecological </wordcount>
    <wordcount weight="1" > principally </wordcount>
    <wordcount weight="1" > economic </wordcount>
    <wordcount weight="1" > phylogeny </wordcount>
    <wordcount weight="1" > main </wordcount>
    <wordcount weight="1" > mes </wordcount>
    <wordcount weight="1" > priceincome </wordcount>
    <wordcount weight="1" > naturally </wordcount>
    <wordcount weight="1" > practical </wordcount>
    <wordcount weight="1" > providing </wordcount>
    <wordcount weight="1" > edward </wordcount>
    <wordcount weight="1" > basic </wordcount>
    <wordcount weight="1" > begin </wordcount>
    <wordcount weight="1" > iowa </wordcount>
    <wordcount weight="1" > explicit </wordcount>
    <wordcount weight="1" > muscular </wordcount>
    <wordcount weight="1" > active </wordcount>
    <wordcount weight="1" > whatever </wordcount>
    <wordcount weight="1" > marott </wordcount>
    <wordcount weight="1" > harry </wordcount>
    <wordcount weight="1" > tissue </wordcount>
    <wordcount weight="1" > zh </wordcount>
    <wordcount weight="1" > they </wordcount>
    <wordcount weight="1" > importance </wordcount>
    <wordcount weight="1" > adjusting </wordcount>
    <wordcount weight="1" > southern </wordcount>
    <wordcount weight="1" > countries </wordcount>
    <wordcount weight="1" > complex </wordcount>
    <wordcount weight="1" > one </wordcount>
    <wordcount weight="1" > herman </wordcount>
    <wordcount weight="1" > kynurenine </wordcount>
    <wordcount weight="1" > efficiency </wordcount>
    <wordcount weight="1" > omits </wordcount>
    <wordcount weight="1" > frank </wordcount>
    <wordcount weight="1" > control </wordcount>
    <wordcount weight="1" > monolayer </wordcount>
    <wordcount weight="1" > second </wordcount>
    <wordcount weight="1" > factors </wordcount>
    <wordcount weight="1" > not </wordcount>
    <wordcount weight="1" > constitutes </wordcount>
    <wordcount weight="1" > situation </wordcount>
    <wordcount weight="1" > means </wordcount>
    <wordcount weight="1" > bias </wordcount>
    <wordcount weight="1" > solutions </wordcount>
    <wordcount weight="1" > modern </wordcount>
    <wordcount weight="1" > under </wordcount>
    <wordcount weight="1" > joseph </wordcount>
    <wordcount weight="1" > reasonably </wordcount>
    <wordcount weight="1" > nucleic </wordcount>
    <wordcount weight="1" > forests </wordcount>
    <wordcount weight="1" > classroom </wordcount>
    <wordcount weight="1" > into </wordcount>
    <wordcount weight="1" > home </wordcount>
    <wordcount weight="1" > irreversible </wordcount>
    <wordcount weight="1" > impediments </wordcount>
    <wordcount weight="1" > any </wordcount>
    <wordcount weight="1" > associated </wordcount>
    <wordcount weight="1" > warren </wordcount>
    <wordcount weight="1" > simion </wordcount>
    <wordcount weight="1" > culture </wordcount>
    <wordcount weight="1" > preface </wordcount>
    <wordcount weight="1" > but </wordcount>
    <wordcount weight="1" > changing </wordcount>
    <wordcount weight="1" > allocative </wordcount>
    <wordcount weight="1" > abroad </wordcount>
    <wordcount weight="1" > advancing </wordcount>
    <wordcount weight="1" > nervous </wordcount>
    <wordcount weight="1" > turning </wordcount>
    <wordcount weight="1" > provocative </wordcount>
    <wordcount weight="1" > founded </wordcount>
    <wordcount weight="1" > most </wordcount>
    <wordcount weight="1" > two </wordcount>
    <wordcount weight="1" > department </wordcount>
    <wordcount weight="1" > potential </wordcount>
    <wordcount weight="1" > invoked </wordcount>
    <wordcount weight="1" > coding </wordcount>
    <wordcount weight="1" > inheritance </wordcount>
    <wordcount weight="1" > t </wordcount>
    <wordcount weight="1" > sector </wordcount>
    <wordcount weight="1" > hart </wordcount>
    <wordcount weight="1" > histochemistry </wordcount>
    <wordcount weight="1" > useful </wordcount>
    <wordcount weight="1" > comprising </wordcount>
    <wordcount weight="1" > rather </wordcount>
    <wordcount weight="1" > science </wordcount>
    <wordcount weight="1" > tryptophan </wordcount>
    <wordcount weight="1" > impediment </wordcount>
    <wordcount weight="1" > interests </wordcount>
    <wordcount weight="1" > carlo </wordcount>
    <wordcount weight="1" > set </wordcount>
    <wordcount weight="1" > toward </wordcount>
    <wordcount weight="1" > others </wordcount>
    <wordcount weight="1" > natural </wordcount>
    <wordcount weight="1" > rejects </wordcount>
    <wordcount weight="1" > usually </wordcount>
    <wordcount weight="1" > caspari </wordcount>
    <wordcount weight="1" > between </wordcount>
    <wordcount weight="1" > water </wordcount>
    <wordcount weight="1" > juice </wordcount>
    <wordcount weight="1" > outside </wordcount>
    <wordcount weight="1" > principles </wordcount>
    <wordcount weight="1" > interested </wordcount>
    <wordcount weight="1" > consideration </wordcount>
    <wordcount weight="1" > believe </wordcount>
    <wordcount weight="1" > capital </wordcount>
    <wordcount weight="1" > xii </wordcount>
    <wordcount weight="1" > down </wordcount>
    <wordcount weight="1" > scientifically </wordcount>
    <wordcount weight="1" > physicochemical </wordcount>
    <wordcount weight="1" > genus </wordcount>
    <wordcount weight="1" > wall </wordcount>
    <wordcount weight="1" > strength </wordcount>
    <wordcount weight="1" > ben </wordcount>
    <wordcount weight="1" > p </wordcount>
    <wordcount weight="1" > tumbling </wordcount>
    <wordcount weight="1" > time </wordcount>
    <wordcount weight="1" > seven </wordcount>
    <wordcount weight="1" > particularly </wordcount>
    <wordcount weight="1" > blumenthal </wordcount>
    <wordcount weight="1" > atomic </wordcount>
    <wordcount weight="1" > john </wordcount>
    <wordcount weight="1" > concludes </wordcount>
    <wordcount weight="1" > composition </wordcount>
    <wordcount weight="1" > procedure </wordcount>
    <wordcount weight="1" > disorders </wordcount>
    <wordcount weight="1" > worker </wordcount>
    <wordcount weight="1" > resulting </wordcount>
    <wordcount weight="1" > i </wordcount>
    <wordcount weight="1" > there </wordcount>
    <wordcount weight="1" > other </wordcount>
    <wordcount weight="1" > state </wordcount>
    <wordcount weight="1" > forecasts </wordcount>
    <wordcount weight="1" > insistent </wordcount>
    <wordcount weight="1" > remainder </wordcount>
    <wordcount weight="1" > those </wordcount>
    <wordcount weight="1" > principal </wordcount>
    <wordcount weight="1" > robert </wordcount>
    <wordcount weight="1" > william </wordcount>
    <wordcount weight="1" > political </wordcount>
    <wordcount weight="1" > though </wordcount>
    <wordcount weight="1" > increases </wordcount>
    <wordcount weight="1" > manner </wordcount>
    <wordcount weight="1" > discipline </wordcount>
    <wordcount weight="1" > somewhat </wordcount>
    <wordcount weight="1" > metabolism </wordcount>
    <wordcount weight="1" > block </wordcount>
    <wordcount weight="1" > strehler </wordcount>
    <wordcount weight="1" > confused </wordcount>
    <wordcount weight="1" > return </wordcount>
    <wordcount weight="1" > context </wordcount>
    <wordcount weight="1" > reactions </wordcount>
    <wordcount weight="1" > implicit </wordcount>
    <wordcount weight="1" > absorption </wordcount>
    <wordcount weight="1" > symbols </wordcount>
    <wordcount weight="1" > list </wordcount>
    <wordcount weight="1" > heavily </wordcount>
    <wordcount weight="1" > cannot </wordcount>
    <wordcount weight="1" > sound </wordcount>
    <wordcount weight="1" > immunology </wordcount>
    <wordcount weight="1" > alfred </wordcount>
    <wordcount weight="1" > inputs </wordcount>
    <wordcount weight="1" > botanical </wordcount>
    <wordcount weight="1" > abbreviated </wordcount>
    <wordcount weight="1" > explain </wordcount>
    <wordcount weight="1" > acids </wordcount>
    <wordcount weight="1" > books </wordcount>
    <wordcount weight="1" > friedrich </wordcount>
    <wordcount weight="1" > task </wordcount>
    <wordcount weight="1" > sobotka </wordcount>
    <wordcount weight="1" > verne </wordcount>
    <wordcount weight="1" > infrastructures </wordcount>
    <wordcount weight="1" > aging </wordcount>
    <wordcount weight="1" > impression </wordcount>
    <wordcount weight="1" > rests </wordcount>
    <wordcount weight="1" > improve </wordcount>
    <wordcount weight="1" > distinguishes </wordcount>
    <wordcount weight="1" > aline </wordcount>
    <wordcount weight="1" > oehlkers </wordcount>
    <wordcount weight="1" > chapter </wordcount>
    <wordcount weight="1" > denotations </wordcount>
    <wordcount weight="1" > brimacombe </wordcount>
    <wordcount weight="1" > credit </wordcount>
    <wordcount weight="1" > phenomena </wordcount>
    <wordcount weight="1" > basis </wordcount>
    <wordcount weight="1" > possible </wordcount>
    <wordcount weight="1" > understanding </wordcount>
    <wordcount weight="1" > literature </wordcount>
    <wordcount weight="1" > divided </wordcount>
    <wordcount weight="1" > properties </wordcount>
    <wordcount weight="1" > nucleus </wordcount>
    <wordcount weight="1" > background </wordcount>
    <wordcount weight="1" > some </wordcount>
    <wordcount weight="1" > made </wordcount>
    <wordcount weight="1" > emanating </wordcount>
    <wordcount weight="1" > alone </wordcount>
    <wordcount weight="1" > reader </wordcount>
    <wordcount weight="1" > biologically </wordcount>
    <wordcount weight="1" > likely </wordcount>
    <wordcount weight="1" > part </wordcount>
    <wordcount weight="1" > resources </wordcount>
    <wordcount weight="1" > knowledge </wordcount>
    <wordcount weight="1" > increase </wordcount>
    <wordcount weight="1" > curriculum </wordcount>
    <wordcount weight="1" > role </wordcount>
    <wordcount weight="1" > its </wordcount>
    <wordcount weight="1" > lipofuscin </wordcount>
    <wordcount weight="1" > himself </wordcount>
    <wordcount weight="1" > intended </wordcount>
    <wordcount weight="1" > lies </wordcount>
    <wordcount weight="1" > radiation </wordcount>
    <wordcount weight="1" > measure </wordcount>
    <wordcount weight="1" > used </wordcount>
    <wordcount weight="1" > lambert </wordcount>
    <wordcount weight="1" > emanuel </wordcount>
    <wordcount weight="1" > during </wordcount>
    <wordcount weight="1" > people </wordcount>
    <wordcount weight="1" > ideas </wordcount>
    <wordcount weight="1" > survey </wordcount>
    <wordcount weight="1" > labor </wordcount>
    <wordcount weight="1" > human </wordcount>
    <wordcount weight="1" > structures </wordcount>
    <wordcount weight="1" > statistics </wordcount>
    <wordcount weight="1" > contrasts </wordcount>
    <wordcount weight="1" > come </wordcount>
    <wordcount weight="1" > bray </wordcount>
    <wordcount weight="1" > eric </wordcount>
    <wordcount weight="1" > students </wordcount>
    <wordcount weight="1" > described </wordcount>
    <wordcount weight="1" > savings </wordcount>
    <wordcount weight="1" > immediate </wordcount>
    <wordcount weight="1" > such </wordcount>
    <wordcount weight="1" > roger </wordcount>
    <wordcount weight="1" > years </wordcount>
    <wordcount weight="1" > low </wordcount>
    <wordcount weight="1" > own </wordcount>
    <wordcount weight="1" > medical </wordcount>
    <wordcount weight="1" > alleviation </wordcount>
    <wordcount weight="1" > immunologic </wordcount>
    <wordcount weight="1" > have </wordcount>
    <wordcount weight="1" > conditions </wordcount>
    <wordcount weight="1" > chemical </wordcount>
    <wordcount weight="1" > author </wordcount>
    <wordcount weight="1" > didactically </wordcount>
    <wordcount weight="1" > taxonomic </wordcount>
    <wordcount weight="1" > interest </wordcount>
    <wordcount weight="1" > biochemistry </wordcount>
    <wordcount weight="1" > characteristic </wordcount>
    <wordcount weight="1" > relatively </wordcount>
    <wordcount weight="1" > course </wordcount>
    <wordcount weight="1" > vested </wordcount>
    <wordcount weight="1" > cytoplasmic </wordcount>
    <wordcount weight="1" > relations </wordcount>
    <wordcount weight="1" > adaptive </wordcount>
    <wordcount weight="1" > land </wordcount>
    <wordcount weight="1" > genetics </wordcount>
    <wordcount weight="1" > ultrastructure </wordcount>
    <wordcount weight="1" > creased </wordcount>
    <wordcount weight="1" > parts </wordcount>
    <wordcount weight="1" > suter </wordcount>
    <wordcount weight="1" > high </wordcount>
    <wordcount weight="1" > glass </wordcount>
    <wordcount weight="1" > limitations </wordcount>
    <wordcount weight="1" > emphasizes </wordcount>
    <wordcount weight="1" > standard </wordcount>
    <wordcount weight="1" > eville </wordcount>
    <wordcount weight="1" > provides </wordcount>
    <wordcount weight="1" > involved </wordcount>
    <wordcount weight="1" > increased </wordcount>
    <wordcount weight="1" > magical </wordcount>
    <wordcount weight="1" > faith </wordcount>
    <wordcount weight="1" > accomplished </wordcount>
    <wordcount weight="1" > searching </wordcount>
    <wordcount weight="1" > subjects </wordcount>
    <wordcount weight="1" > leaves </wordcount>
    <wordcount weight="1" > membrane </wordcount>
    <wordcount weight="1" > six </wordcount>
    <wordcount weight="1" > hansruedy </wordcount>
    <wordcount weight="1" > inclusion </wordcount>
    <wordcount weight="1" > themselves </wordcount>
    <wordcount weight="1" > inducements </wordcount>
    <wordcount weight="1" > like </wordcount>
    <wordcount weight="1" > electric </wordcount>
    <wordcount weight="1" > views </wordcount>
    <wordcount weight="1" > soren </wordcount>
    <wordcount weight="1" > even </wordcount>
    <wordcount weight="1" > also </wordcount>
    <wordcount weight="1" > little </wordcount>
    <wordcount weight="1" > pathway </wordcount>
    <wordcount weight="1" > stimulating </wordcount>
    <wordcount weight="1" > need </wordcount>
    <wordcount weight="1" > mature </wordcount>
    <wordcount weight="1" > among </wordcount>
    <wordcount weight="1" > arnold </wordcount>
    <wordcount weight="1" > finds </wordcount>
    <wordcount weight="1" > influence </wordcount>
    <wordcount weight="1" > brevity </wordcount>
    <wordcount weight="1" > unfortunate </wordcount>
    <wordcount weight="1" > species </wordcount>
    <wordcount weight="1" > timmons </wordcount>
    <wordcount weight="1" > examines </wordcount>
    <wordcount weight="1" > payoff </wordcount>
    <wordcount weight="1" > content </wordcount>
    <wordcount weight="1" > incentive </wordcount>
</article>
