<?xml version="1.0" encoding="UTF-8"?>
<article id="10.2307/1216498" >
    <wordcount weight="201" > the </wordcount>
    <wordcount weight="150" > of </wordcount>
    <wordcount weight="120" > and </wordcount>
    <wordcount weight="71" > cultivated </wordcount>
    <wordcount weight="67" > to </wordcount>
    <wordcount weight="65" > a </wordcount>
    <wordcount weight="63" > in </wordcount>
    <wordcount weight="47" > is </wordcount>
    <wordcount weight="45" > be </wordcount>
    <wordcount weight="44" > plants </wordcount>
    <wordcount weight="37" > that </wordcount>
    <wordcount weight="33" > for </wordcount>
    <wordcount weight="32" > as </wordcount>
    <wordcount weight="31" > wild </wordcount>
    <wordcount weight="30" > it </wordcount>
    <wordcount weight="27" > are </wordcount>
    <wordcount weight="26" > by </wordcount>
    <wordcount weight="25" > which </wordcount>
    <wordcount weight="23" > this </wordcount>
    <wordcount weight="20" > with </wordcount>
    <wordcount weight="20" > not </wordcount>
    <wordcount weight="20" > on </wordcount>
    <wordcount weight="19" > have </wordcount>
    <wordcount weight="18" > species </wordcount>
    <wordcount weight="17" > such </wordcount>
    <wordcount weight="16" > all </wordcount>
    <wordcount weight="15" > their </wordcount>
    <wordcount weight="15" > classification </wordcount>
    <wordcount weight="15" > from </wordcount>
    <wordcount weight="15" > but </wordcount>
    <wordcount weight="15" > systematics </wordcount>
    <wordcount weight="14" > or </wordcount>
    <wordcount weight="14" > these </wordcount>
    <wordcount weight="14" > categories </wordcount>
    <wordcount weight="13" > must </wordcount>
    <wordcount weight="13" > system </wordcount>
    <wordcount weight="13" > can </wordcount>
    <wordcount weight="12" > also </wordcount>
    <wordcount weight="12" > has </wordcount>
    <wordcount weight="12" > between </wordcount>
    <wordcount weight="11" > may </wordcount>
    <wordcount weight="11" > l </wordcount>
    <wordcount weight="11" > units </wordcount>
    <wordcount weight="11" > cultivars </wordcount>
    <wordcount weight="11" > only </wordcount>
    <wordcount weight="11" > proposed </wordcount>
    <wordcount weight="10" > one </wordcount>
    <wordcount weight="10" > botanical </wordcount>
    <wordcount weight="10" > forms </wordcount>
    <wordcount weight="10" > should </wordcount>
    <wordcount weight="9" > been </wordcount>
    <wordcount weight="9" > they </wordcount>
    <wordcount weight="9" > often </wordcount>
    <wordcount weight="9" > most </wordcount>
    <wordcount weight="9" > many </wordcount>
    <wordcount weight="9" > variation </wordcount>
    <wordcount weight="9" > do </wordcount>
    <wordcount weight="9" > both </wordcount>
    <wordcount weight="9" > taxonomic </wordcount>
    <wordcount weight="9" > we </wordcount>
    <wordcount weight="8" > bot </wordcount>
    <wordcount weight="8" > into </wordcount>
    <wordcount weight="8" > genetic </wordcount>
    <wordcount weight="8" > there </wordcount>
    <wordcount weight="7" > will </wordcount>
    <wordcount weight="7" > cultivar </wordcount>
    <wordcount weight="7" > complex </wordcount>
    <wordcount weight="7" > category </wordcount>
    <wordcount weight="7" > variants </wordcount>
    <wordcount weight="7" > important </wordcount>
    <wordcount weight="7" > natural </wordcount>
    <wordcount weight="7" > each </wordcount>
    <wordcount weight="7" > those </wordcount>
    <wordcount weight="7" > nomenclature </wordcount>
    <wordcount weight="7" > formal </wordcount>
    <wordcount weight="7" > its </wordcount>
    <wordcount weight="7" > evolution </wordcount>
    <wordcount weight="6" > no </wordcount>
    <wordcount weight="6" > might </wordcount>
    <wordcount weight="6" > studies </wordcount>
    <wordcount weight="6" > same </wordcount>
    <wordcount weight="6" > more </wordcount>
    <wordcount weight="6" > conv </wordcount>
    <wordcount weight="6" > level </wordcount>
    <wordcount weight="6" > prov </wordcount>
    <wordcount weight="6" > bananas </wordcount>
    <wordcount weight="5" > at </wordcount>
    <wordcount weight="5" > common </wordcount>
    <wordcount weight="5" > taxonomy </wordcount>
    <wordcount weight="5" > large </wordcount>
    <wordcount weight="5" > selection </wordcount>
    <wordcount weight="5" > cv </wordcount>
    <wordcount weight="5" > oral </wordcount>
    <wordcount weight="5" > an </wordcount>
    <wordcount weight="5" > other </wordcount>
    <wordcount weight="5" > structure </wordcount>
    <wordcount weight="5" > possible </wordcount>
    <wordcount weight="5" > given </wordcount>
    <wordcount weight="5" > thus </wordcount>
    <wordcount weight="5" > taxon </wordcount>
    <wordcount weight="5" > applicable </wordcount>
    <wordcount weight="5" > would </wordcount>
    <wordcount weight="5" > so </wordcount>
    <wordcount weight="5" > plant </wordcount>
    <wordcount weight="5" > distinct </wordcount>
    <wordcount weight="5" > when </wordcount>
    <wordcount weight="4" > basic </wordcount>
    <wordcount weight="4" > april </wordcount>
    <wordcount weight="4" > similar </wordcount>
    <wordcount weight="4" > series </wordcount>
    <wordcount weight="4" > w </wordcount>
    <wordcount weight="4" > containing </wordcount>
    <wordcount weight="4" > two </wordcount>
    <wordcount weight="4" > subspd </wordcount>
    <wordcount weight="4" > volume </wordcount>
    <wordcount weight="4" > concerned </wordcount>
    <wordcount weight="4" > subspecioid </wordcount>
    <wordcount weight="4" > paper </wordcount>
    <wordcount weight="4" > different </wordcount>
    <wordcount weight="4" > musa </wordcount>
    <wordcount weight="4" > convar </wordcount>
    <wordcount weight="4" > could </wordcount>
    <wordcount weight="4" > down </wordcount>
    <wordcount weight="4" > crop </wordcount>
    <wordcount weight="4" > origin </wordcount>
    <wordcount weight="4" > deal </wordcount>
    <wordcount weight="4" > extent </wordcount>
    <wordcount weight="4" > some </wordcount>
    <wordcount weight="4" > obvious </wordcount>
    <wordcount weight="4" > concept </wordcount>
    <wordcount weight="4" > provar </wordcount>
    <wordcount weight="4" > use </wordcount>
    <wordcount weight="4" > our </wordcount>
    <wordcount weight="4" > systematic </wordcount>
    <wordcount weight="4" > cucurbita </wordcount>
    <wordcount weight="4" > include </wordcount>
    <wordcount weight="4" > like </wordcount>
    <wordcount weight="4" > quite </wordcount>
    <wordcount weight="4" > cases </wordcount>
    <wordcount weight="4" > themselves </wordcount>
    <wordcount weight="4" > binomial </wordcount>
    <wordcount weight="4" > zhurn </wordcount>
    <wordcount weight="3" > entities </wordcount>
    <wordcount weight="3" > if </wordcount>
    <wordcount weight="3" > tuberosum </wordcount>
    <wordcount weight="3" > taxonomist </wordcount>
    <wordcount weight="3" > practical </wordcount>
    <wordcount weight="3" > designated </wordcount>
    <wordcount weight="3" > who </wordcount>
    <wordcount weight="3" > b </wordcount>
    <wordcount weight="3" > cucumis </wordcount>
    <wordcount weight="3" > biological </wordcount>
    <wordcount weight="3" > about </wordcount>
    <wordcount weight="3" > reference </wordcount>
    <wordcount weight="3" > seems </wordcount>
    <wordcount weight="3" > necessary </wordcount>
    <wordcount weight="3" > any </wordcount>
    <wordcount weight="3" > already </wordcount>
    <wordcount weight="3" > polyploidy </wordcount>
    <wordcount weight="3" > additional </wordcount>
    <wordcount weight="3" > t </wordcount>
    <wordcount weight="3" > here </wordcount>
    <wordcount weight="3" > nature </wordcount>
    <wordcount weight="3" > result </wordcount>
    <wordcount weight="3" > principles </wordcount>
    <wordcount weight="3" > confusion </wordcount>
    <wordcount weight="3" > typical </wordcount>
    <wordcount weight="3" > differences </wordcount>
    <wordcount weight="3" > analogy </wordcount>
    <wordcount weight="3" > time </wordcount>
    <wordcount weight="3" > clearly </wordcount>
    <wordcount weight="3" > very </wordcount>
    <wordcount weight="3" > i </wordcount>
    <wordcount weight="3" > man </wordcount>
    <wordcount weight="3" > term </wordcount>
    <wordcount weight="3" > m </wordcount>
    <wordcount weight="3" > further </wordcount>
    <wordcount weight="3" > where </wordcount>
    <wordcount weight="3" > terms </wordcount>
    <wordcount weight="3" > polyploid </wordcount>
    <wordcount weight="3" > differ </wordcount>
    <wordcount weight="3" > development </wordcount>
    <wordcount weight="3" > used </wordcount>
    <wordcount weight="3" > examples </wordcount>
    <wordcount weight="3" > point </wordcount>
    <wordcount weight="3" > classifications </wordcount>
    <wordcount weight="3" > three </wordcount>
    <wordcount weight="3" > binomials </wordcount>
    <wordcount weight="3" > solanum </wordcount>
    <wordcount weight="3" > morphological </wordcount>
    <wordcount weight="3" > group </wordcount>
    <wordcount weight="3" > grouped </wordcount>
    <wordcount weight="3" > defined </wordcount>
    <wordcount weight="3" > adequately </wordcount>
    <wordcount weight="3" > artificial </wordcount>
    <wordcount weight="3" > evolutionary </wordcount>
    <wordcount weight="3" > single </wordcount>
    <wordcount weight="3" > c </wordcount>
    <wordcount weight="3" > potatoes </wordcount>
    <wordcount weight="3" > triticum </wordcount>
    <wordcount weight="3" > european </wordcount>
    <wordcount weight="3" > comm </wordcount>
    <wordcount weight="2" > higher </wordcount>
    <wordcount weight="2" > attempts </wordcount>
    <wordcount weight="2" > without </wordcount>
    <wordcount weight="2" > various </wordcount>
    <wordcount weight="2" > summarize </wordcount>
    <wordcount weight="2" > way </wordcount>
    <wordcount weight="2" > links </wordcount>
    <wordcount weight="2" > populations </wordcount>
    <wordcount weight="2" > names </wordcount>
    <wordcount weight="2" > geographical </wordcount>
    <wordcount weight="2" > london </wordcount>
    <wordcount weight="2" > synonyms </wordcount>
    <wordcount weight="2" > exists </wordcount>
    <wordcount weight="2" > difficult </wordcount>
    <wordcount weight="2" > referred </wordcount>
    <wordcount weight="2" > seen </wordcount>
    <wordcount weight="2" > still </wordcount>
    <wordcount weight="2" > above </wordcount>
    <wordcount weight="2" > constitution </wordcount>
    <wordcount weight="2" > make </wordcount>
    <wordcount weight="2" > flexible </wordcount>
    <wordcount weight="2" > perhaps </wordcount>
    <wordcount weight="2" > consequences </wordcount>
    <wordcount weight="2" > true </wordcount>
    <wordcount weight="2" > yet </wordcount>
    <wordcount weight="2" > means </wordcount>
    <wordcount weight="2" > modified </wordcount>
    <wordcount weight="2" > easily </wordcount>
    <wordcount weight="2" > nor </wordcount>
    <wordcount weight="2" > serve </wordcount>
    <wordcount weight="2" > fixed </wordcount>
    <wordcount weight="2" > history </wordcount>
    <wordcount weight="2" > diploid </wordcount>
    <wordcount weight="2" > n </wordcount>
    <wordcount weight="2" > numbers </wordcount>
    <wordcount weight="2" > ranks </wordcount>
    <wordcount weight="2" > distinctness </wordcount>
    <wordcount weight="2" > show </wordcount>
    <wordcount weight="2" > lower </wordcount>
    <wordcount weight="2" > being </wordcount>
    <wordcount weight="2" > e </wordcount>
    <wordcount weight="2" > gap </wordcount>
    <wordcount weight="2" > avoided </wordcount>
    <wordcount weight="2" > satisfactory </wordcount>
    <wordcount weight="2" > name </wordcount>
    <wordcount weight="2" > implications </wordcount>
    <wordcount weight="2" > rapid </wordcount>
    <wordcount weight="2" > view </wordcount>
    <wordcount weight="2" > zhukovskii </wordcount>
    <wordcount weight="2" > usually </wordcount>
    <wordcount weight="2" > acuminata </wordcount>
    <wordcount weight="2" > greater </wordcount>
    <wordcount weight="2" > share </wordcount>
    <wordcount weight="2" > fact </wordcount>
    <wordcount weight="2" > based </wordcount>
    <wordcount weight="2" > shows </wordcount>
    <wordcount weight="2" > lack </wordcount>
    <wordcount weight="2" > d </wordcount>
    <wordcount weight="2" > crops </wordcount>
    <wordcount weight="2" > great </wordcount>
    <wordcount weight="2" > p </wordcount>
    <wordcount weight="2" > able </wordcount>
    <wordcount weight="2" > new </wordcount>
    <wordcount weight="2" > obviously </wordcount>
    <wordcount weight="2" > cultivation </wordcount>
    <wordcount weight="2" > greatly </wordcount>
    <wordcount weight="2" > simple </wordcount>
    <wordcount weight="2" > respects </wordcount>
    <wordcount weight="2" > merely </wordcount>
    <wordcount weight="2" > patterns </wordcount>
    <wordcount weight="2" > v </wordcount>
    <wordcount weight="2" > physiological </wordcount>
    <wordcount weight="2" > what </wordcount>
    <wordcount weight="2" > within </wordcount>
    <wordcount weight="2" > pepo </wordcount>
    <wordcount weight="2" > inasmuch </wordcount>
    <wordcount weight="2" > them </wordcount>
    <wordcount weight="2" > population </wordcount>
    <wordcount weight="2" > produced </wordcount>
    <wordcount weight="2" > form </wordcount>
    <wordcount weight="2" > persons </wordcount>
    <wordcount weight="2" > proposals </wordcount>
    <wordcount weight="2" > cannot </wordcount>
    <wordcount weight="2" > practice </wordcount>
    <wordcount weight="2" > absolute </wordcount>
    <wordcount weight="2" > problem </wordcount>
    <wordcount weight="2" > wide </wordcount>
    <wordcount weight="2" > none </wordcount>
    <wordcount weight="2" > classical </wordcount>
    <wordcount weight="2" > another </wordcount>
    <wordcount weight="2" > information </wordcount>
    <wordcount weight="2" > relatives </wordcount>
    <wordcount weight="2" > marked </wordcount>
    <wordcount weight="2" > degrees </wordcount>
    <wordcount weight="2" > grouping </wordcount>
    <wordcount weight="2" > recognisable </wordcount>
    <wordcount weight="2" > data </wordcount>
    <wordcount weight="2" > contain </wordcount>
    <wordcount weight="2" > international </wordcount>
    <wordcount weight="2" > paradisiaca </wordcount>
    <wordcount weight="2" > made </wordcount>
    <wordcount weight="2" > occupy </wordcount>
    <wordcount weight="2" > recognition </wordcount>
    <wordcount weight="2" > x </wordcount>
    <wordcount weight="2" > purpose </wordcount>
    <wordcount weight="2" > complexes </wordcount>
    <wordcount weight="2" > exhibit </wordcount>
    <wordcount weight="2" > timopheevi </wordcount>
    <wordcount weight="2" > empirical </wordcount>
    <wordcount weight="2" > numerous </wordcount>
    <wordcount weight="2" > exist </wordcount>
    <wordcount weight="2" > satisfactorily </wordcount>
    <wordcount weight="2" > accommodate </wordcount>
    <wordcount weight="2" > nothing </wordcount>
    <wordcount weight="2" > employed </wordcount>
    <wordcount weight="2" > colla </wordcount>
    <wordcount weight="2" > subspecies </wordcount>
    <wordcount weight="2" > difference </wordcount>
    <wordcount weight="2" > interfertile </wordcount>
    <wordcount weight="2" > genetically </wordcount>
    <wordcount weight="2" > convars </wordcount>
    <wordcount weight="2" > conditions </wordcount>
    <wordcount weight="2" > feature </wordcount>
    <wordcount weight="2" > good </wordcount>
    <wordcount weight="2" > correlated </wordcount>
    <wordcount weight="2" > isolating </wordcount>
    <wordcount weight="2" > need </wordcount>
    <wordcount weight="2" > melo </wordcount>
    <wordcount weight="2" > introgression </wordcount>
    <wordcount weight="2" > distinction </wordcount>
    <wordcount weight="2" > sufficient </wordcount>
    <wordcount weight="2" > few </wordcount>
    <wordcount weight="2" > problems </wordcount>
    <wordcount weight="2" > provars </wordcount>
    <wordcount weight="2" > systems </wordcount>
    <wordcount weight="2" > bridge </wordcount>
    <wordcount weight="2" > parallel </wordcount>
    <wordcount weight="2" > gene </wordcount>
    <wordcount weight="2" > accordingly </wordcount>
    <wordcount weight="2" > differing </wordcount>
    <wordcount weight="2" > subprov </wordcount>
    <wordcount weight="2" > usa </wordcount>
    <wordcount weight="2" > than </wordcount>
    <wordcount weight="2" > melon </wordcount>
    <wordcount weight="2" > cause </wordcount>
    <wordcount weight="2" > close </wordcount>
    <wordcount weight="2" > widely </wordcount>
    <wordcount weight="1" > genesis </wordcount>
    <wordcount weight="1" > cultigens </wordcount>
    <wordcount weight="1" > span </wordcount>
    <wordcount weight="1" > carried </wordcount>
    <wordcount weight="1" > mechanisms </wordcount>
    <wordcount weight="1" > f </wordcount>
    <wordcount weight="1" > talks </wordcount>
    <wordcount weight="1" > does </wordcount>
    <wordcount weight="1" > naming </wordcount>
    <wordcount weight="1" > therefore </wordcount>
    <wordcount weight="1" > judge </wordcount>
    <wordcount weight="1" > interesting </wordcount>
    <wordcount weight="1" > escaping </wordcount>
    <wordcount weight="1" > he </wordcount>
    <wordcount weight="1" > relationship </wordcount>
    <wordcount weight="1" > imply </wordcount>
    <wordcount weight="1" > lond </wordcount>
    <wordcount weight="1" > modification </wordcount>
    <wordcount weight="1" > situation </wordcount>
    <wordcount weight="1" > done </wordcount>
    <wordcount weight="1" > turgidum </wordcount>
    <wordcount weight="1" > proc </wordcount>
    <wordcount weight="1" > cover </wordcount>
    <wordcount weight="1" > matter </wordcount>
    <wordcount weight="1" > independent </wordcount>
    <wordcount weight="1" > his </wordcount>
    <wordcount weight="1" > subjected </wordcount>
    <wordcount weight="1" > employ </wordcount>
    <wordcount weight="1" > adopt </wordcount>
    <wordcount weight="1" > bring </wordcount>
    <wordcount weight="1" > action </wordcount>
    <wordcount weight="1" > growth </wordcount>
    <wordcount weight="1" > variable </wordcount>
    <wordcount weight="1" > main </wordcount>
    <wordcount weight="1" > you </wordcount>
    <wordcount weight="1" > naturally </wordcount>
    <wordcount weight="1" > outlined </wordcount>
    <wordcount weight="1" > how </wordcount>
    <wordcount weight="1" > trained </wordcount>
    <wordcount weight="1" > separated </wordcount>
    <wordcount weight="1" > limited </wordcount>
    <wordcount weight="1" > employment </wordcount>
    <wordcount weight="1" > unit </wordcount>
    <wordcount weight="1" > unconscious </wordcount>
    <wordcount weight="1" > appreciation </wordcount>
    <wordcount weight="1" > favour </wordcount>
    <wordcount weight="1" > levels </wordcount>
    <wordcount weight="1" > int </wordcount>
    <wordcount weight="1" > connexions </wordcount>
    <wordcount weight="1" > rather </wordcount>
    <wordcount weight="1" > prove </wordcount>
    <wordcount weight="1" > whatever </wordcount>
    <wordcount weight="1" > deliberately </wordcount>
    <wordcount weight="1" > eliminated </wordcount>
    <wordcount weight="1" > cucurbitaceae </wordcount>
    <wordcount weight="1" > introduction </wordcount>
    <wordcount weight="1" > case </wordcount>
    <wordcount weight="1" > speakers </wordcount>
    <wordcount weight="1" > importance </wordcount>
    <wordcount weight="1" > taxonomists </wordcount>
    <wordcount weight="1" > told </wordcount>
    <wordcount weight="1" > variant </wordcount>
    <wordcount weight="1" > elementary </wordcount>
    <wordcount weight="1" > subconv </wordcount>
    <wordcount weight="1" > unsatisfactory </wordcount>
    <wordcount weight="1" > makes </wordcount>
    <wordcount weight="1" > kinds </wordcount>
    <wordcount weight="1" > k </wordcount>
    <wordcount weight="1" > tend </wordcount>
    <wordcount weight="1" > essays </wordcount>
    <wordcount weight="1" > biotype </wordcount>
    <wordcount weight="1" > rules </wordcount>
    <wordcount weight="1" > undergo </wordcount>
    <wordcount weight="1" > fall </wordcount>
    <wordcount weight="1" > communications </wordcount>
    <wordcount weight="1" > depends </wordcount>
    <wordcount weight="1" > respect </wordcount>
    <wordcount weight="1" > hybridization </wordcount>
    <wordcount weight="1" > characterizes </wordcount>
    <wordcount weight="1" > ones </wordcount>
    <wordcount weight="1" > congeners </wordcount>
    <wordcount weight="1" > h </wordcount>
    <wordcount weight="1" > suffice </wordcount>
    <wordcount weight="1" > citation </wordcount>
    <wordcount weight="1" > walker </wordcount>
    <wordcount weight="1" > itself </wordcount>
    <wordcount weight="1" > recognise </wordcount>
    <wordcount weight="1" > pp </wordcount>
    <wordcount weight="1" > read </wordcount>
    <wordcount weight="1" > steer </wordcount>
    <wordcount weight="1" > applied </wordcount>
    <wordcount weight="1" > alongside </wordcount>
    <wordcount weight="1" > widest </wordcount>
    <wordcount weight="1" > conscious </wordcount>
    <wordcount weight="1" > bad </wordcount>
    <wordcount weight="1" > counterparts </wordcount>
    <wordcount weight="1" > vastly </wordcount>
    <wordcount weight="1" > meant </wordcount>
    <wordcount weight="1" > evolved </wordcount>
    <wordcount weight="1" > zhum </wordcount>
    <wordcount weight="1" > considered </wordcount>
    <wordcount weight="1" > descriptive </wordcount>
    <wordcount weight="1" > restricted </wordcount>
    <wordcount weight="1" > reasonably </wordcount>
    <wordcount weight="1" > senecio </wordcount>
    <wordcount weight="1" > supplementary </wordcount>
    <wordcount weight="1" > acceptance </wordcount>
    <wordcount weight="1" > flexibility </wordcount>
    <wordcount weight="1" > key </wordcount>
    <wordcount weight="1" > justified </wordcount>
    <wordcount weight="1" > established </wordcount>
    <wordcount weight="1" > retained </wordcount>
    <wordcount weight="1" > aestivum </wordcount>
    <wordcount weight="1" > laid </wordcount>
    <wordcount weight="1" > then </wordcount>
    <wordcount weight="1" > recently </wordcount>
    <wordcount weight="1" > informal </wordcount>
    <wordcount weight="1" > latin </wordcount>
    <wordcount weight="1" > associated </wordcount>
    <wordcount weight="1" > before </wordcount>
    <wordcount weight="1" > following </wordcount>
    <wordcount weight="1" > generally </wordcount>
    <wordcount weight="1" > variety </wordcount>
    <wordcount weight="1" > version </wordcount>
    <wordcount weight="1" > changing </wordcount>
    <wordcount weight="1" > too </wordcount>
    <wordcount weight="1" > belonging </wordcount>
    <wordcount weight="1" > apomixis </wordcount>
    <wordcount weight="1" > distributional </wordcount>
    <wordcount weight="1" > identification </wordcount>
    <wordcount weight="1" > linn </wordcount>
    <wordcount weight="1" > toronto </wordcount>
    <wordcount weight="1" > weinheim </wordcount>
    <wordcount weight="1" > first </wordcount>
    <wordcount weight="1" > rise </wordcount>
    <wordcount weight="1" > known </wordcount>
    <wordcount weight="1" > lam </wordcount>
    <wordcount weight="1" > published </wordcount>
    <wordcount weight="1" > isolation </wordcount>
    <wordcount weight="1" > useful </wordcount>
    <wordcount weight="1" > sources </wordcount>
    <wordcount weight="1" > barriers </wordcount>
    <wordcount weight="1" > long </wordcount>
    <wordcount weight="1" > every </wordcount>
    <wordcount weight="1" > provide </wordcount>
    <wordcount weight="1" > members </wordcount>
    <wordcount weight="1" > successfully </wordcount>
    <wordcount weight="1" > accomplished </wordcount>
    <wordcount weight="1" > distinguishing </wordcount>
    <wordcount weight="1" > alternative </wordcount>
    <wordcount weight="1" > derives </wordcount>
    <wordcount weight="1" > heritage </wordcount>
    <wordcount weight="1" > jeffrey </wordcount>
    <wordcount weight="1" > set </wordcount>
    <wordcount weight="1" > ii </wordcount>
    <wordcount weight="1" > give </wordcount>
    <wordcount weight="1" > sometimes </wordcount>
    <wordcount weight="1" > barleys </wordcount>
    <wordcount weight="1" > taken </wordcount>
    <wordcount weight="1" > quickly </wordcount>
    <wordcount weight="1" > coincide </wordcount>
    <wordcount weight="1" > suggested </wordcount>
    <wordcount weight="1" > purely </wordcount>
    <wordcount weight="1" > again </wordcount>
    <wordcount weight="1" > genecology </wordcount>
    <wordcount weight="1" > differently </wordcount>
    <wordcount weight="1" > appear </wordcount>
    <wordcount weight="1" > gone </wordcount>
    <wordcount weight="1" > simplest </wordcount>
    <wordcount weight="1" > j </wordcount>
    <wordcount weight="1" > royal </wordcount>
    <wordcount weight="1" > grow </wordcount>
    <wordcount weight="1" > leningrad </wordcount>
    <wordcount weight="1" > deficient </wordcount>
    <wordcount weight="1" > words </wordcount>
    <wordcount weight="1" > definition </wordcount>
    <wordcount weight="1" > spec </wordcount>
    <wordcount weight="1" > s </wordcount>
    <wordcount weight="1" > consideration </wordcount>
    <wordcount weight="1" > groups </wordcount>
    <wordcount weight="1" > sells </wordcount>
    <wordcount weight="1" > available </wordcount>
    <wordcount weight="1" > best </wordcount>
    <wordcount weight="1" > misinterpretation </wordcount>
    <wordcount weight="1" > broken </wordcount>
    <wordcount weight="1" > rule </wordcount>
    <wordcount weight="1" > appeared </wordcount>
    <wordcount weight="1" > universal </wordcount>
    <wordcount weight="1" > indeed </wordcount>
    <wordcount weight="1" > stabilising </wordcount>
    <wordcount weight="1" > preslia </wordcount>
    <wordcount weight="1" > arises </wordcount>
    <wordcount weight="1" > follows </wordcount>
    <wordcount weight="1" > out </wordcount>
    <wordcount weight="1" > larger </wordcount>
    <wordcount weight="1" > warning </wordcount>
    <wordcount weight="1" > scheme </wordcount>
    <wordcount weight="1" > slipshod </wordcount>
    <wordcount weight="1" > end </wordcount>
    <wordcount weight="1" > state </wordcount>
    <wordcount weight="1" > varietal </wordcount>
    <wordcount weight="1" > narrow </wordcount>
    <wordcount weight="1" > proved </wordcount>
    <wordcount weight="1" > products </wordcount>
    <wordcount weight="1" > ryes </wordcount>
    <wordcount weight="1" > historical </wordcount>
    <wordcount weight="1" > domesticated </wordcount>
    <wordcount weight="1" > considerable </wordcount>
    <wordcount weight="1" > constantly </wordcount>
    <wordcount weight="1" > gramineae </wordcount>
    <wordcount weight="1" > discussed </wordcount>
    <wordcount weight="1" > achieved </wordcount>
    <wordcount weight="1" > utilize </wordcount>
    <wordcount weight="1" > endings </wordcount>
    <wordcount weight="1" > solution </wordcount>
    <wordcount weight="1" > devised </wordcount>
    <wordcount weight="1" > late </wordcount>
    <wordcount weight="1" > biosystematics </wordcount>
    <wordcount weight="1" > consist </wordcount>
    <wordcount weight="1" > enough </wordcount>
    <wordcount weight="1" > hierarchal </wordcount>
    <wordcount weight="1" > evoke </wordcount>
    <wordcount weight="1" > pure </wordcount>
    <wordcount weight="1" > equally </wordcount>
    <wordcount weight="1" > just </wordcount>
    <wordcount weight="1" > though </wordcount>
    <wordcount weight="1" > invalid </wordcount>
    <wordcount weight="1" > operating </wordcount>
    <wordcount weight="1" > texana </wordcount>
    <wordcount weight="1" > adv </wordcount>
    <wordcount weight="1" > reproduce </wordcount>
    <wordcount weight="1" > purposes </wordcount>
    <wordcount weight="1" > accepted </wordcount>
    <wordcount weight="1" > appears </wordcount>
    <wordcount weight="1" > less </wordcount>
    <wordcount weight="1" > intensity </wordcount>
    <wordcount weight="1" > stemming </wordcount>
    <wordcount weight="1" > correll </wordcount>
    <wordcount weight="1" > millets </wordcount>
    <wordcount weight="1" > want </wordcount>
    <wordcount weight="1" > hybridisation </wordcount>
    <wordcount weight="1" > particular </wordcount>
    <wordcount weight="1" > experimental </wordcount>
    <wordcount weight="1" > eg </wordcount>
    <wordcount weight="1" > preventing </wordcount>
    <wordcount weight="1" > ed </wordcount>
    <wordcount weight="1" > placed </wordcount>
    <wordcount weight="1" > maintain </wordcount>
    <wordcount weight="1" > polymorphic </wordcount>
    <wordcount weight="1" > edinburgh </wordcount>
    <wordcount weight="1" > fruit </wordcount>
    <wordcount weight="1" > generic </wordcount>
    <wordcount weight="1" > required </wordcount>
    <wordcount weight="1" > eastern </wordcount>
    <wordcount weight="1" > referable </wordcount>
    <wordcount weight="1" > fully </wordcount>
    <wordcount weight="1" > while </wordcount>
    <wordcount weight="1" > primary </wordcount>
    <wordcount weight="1" > explicitly </wordcount>
    <wordcount weight="1" > possibility </wordcount>
    <wordcount weight="1" > triploid </wordcount>
    <wordcount weight="1" > metuliferus </wordcount>
    <wordcount weight="1" > amongst </wordcount>
    <wordcount weight="1" > divide </wordcount>
    <wordcount weight="1" > remains </wordcount>
    <wordcount weight="1" > degree </wordcount>
    <wordcount weight="1" > number </wordcount>
    <wordcount weight="1" > local </wordcount>
    <wordcount weight="1" > account </wordcount>
    <wordcount weight="1" > hybrid </wordcount>
    <wordcount weight="1" > agreed </wordcount>
    <wordcount weight="1" > feral </wordcount>
    <wordcount weight="1" > basis </wordcount>
    <wordcount weight="1" > subdivision </wordcount>
    <wordcount weight="1" > understanding </wordcount>
    <wordcount weight="1" > greatest </wordcount>
    <wordcount weight="1" > cultiplex </wordcount>
    <wordcount weight="1" > canad </wordcount>
    <wordcount weight="1" > illustrate </wordcount>
    <wordcount weight="1" > work </wordcount>
    <wordcount weight="1" > hexaploid </wordcount>
    <wordcount weight="1" > permitted </wordcount>
    <wordcount weight="1" > scope </wordcount>
    <wordcount weight="1" > sativus </wordcount>
    <wordcount weight="1" > solely </wordcount>
    <wordcount weight="1" > functions </wordcount>
    <wordcount weight="1" > infraspecific </wordcount>
    <wordcount weight="1" > illegitimate </wordcount>
    <wordcount weight="1" > upon </wordcount>
    <wordcount weight="1" > range </wordcount>
    <wordcount weight="1" > carry </wordcount>
    <wordcount weight="1" > zhuk </wordcount>
    <wordcount weight="1" > kulturpfl </wordcount>
    <wordcount weight="1" > allopatry </wordcount>
    <wordcount weight="1" > west </wordcount>
    <wordcount weight="1" > unless </wordcount>
    <wordcount weight="1" > taking </wordcount>
    <wordcount weight="1" > cultigen </wordcount>
    <wordcount weight="1" > since </wordcount>
    <wordcount weight="1" > collections </wordcount>
    <wordcount weight="1" > through </wordcount>
    <wordcount weight="1" > uniform </wordcount>
    <wordcount weight="1" > discusses </wordcount>
    <wordcount weight="1" > establishment </wordcount>
    <wordcount weight="1" > example </wordcount>
    <wordcount weight="1" > indicating </wordcount>
    <wordcount weight="1" > knowledge </wordcount>
    <wordcount weight="1" > apparent </wordcount>
    <wordcount weight="1" > desirable </wordcount>
    <wordcount weight="1" > confined </wordcount>
    <wordcount weight="1" > apply </wordcount>
    <wordcount weight="1" > giving </wordcount>
    <wordcount weight="1" > concern </wordcount>
    <wordcount weight="1" > varying </wordcount>
    <wordcount weight="1" > step </wordcount>
    <wordcount weight="1" > replacement </wordcount>
    <wordcount weight="1" > jour </wordcount>
    <wordcount weight="1" > designate </wordcount>
    <wordcount weight="1" > unfortunately </wordcount>
    <wordcount weight="1" > contribute </wordcount>
    <wordcount weight="1" > largely </wordcount>
    <wordcount weight="1" > convenience </wordcount>
    <wordcount weight="1" > intermediate </wordcount>
    <wordcount weight="1" > remarks </wordcount>
    <wordcount weight="1" > place </wordcount>
    <wordcount weight="1" > needed </wordcount>
    <wordcount weight="1" > refers </wordcount>
    <wordcount weight="1" > recognised </wordcount>
    <wordcount weight="1" > references </wordcount>
    <wordcount weight="1" > controlled </wordcount>
    <wordcount weight="1" > phenomenon </wordcount>
    <wordcount weight="1" > congress </wordcount>
    <wordcount weight="1" > maintained </wordcount>
    <wordcount weight="1" > botanists </wordcount>
    <wordcount weight="1" > definitions </wordcount>
    <wordcount weight="1" > middle </wordcount>
    <wordcount weight="1" > accorded </wordcount>
    <wordcount weight="1" > exhibited </wordcount>
    <wordcount weight="1" > ends </wordcount>
    <wordcount weight="1" > varied </wordcount>
    <wordcount weight="1" > upheld </wordcount>
    <wordcount weight="1" > epithets </wordcount>
    <wordcount weight="1" > fulfil </wordcount>
    <wordcount weight="1" > come </wordcount>
    <wordcount weight="1" > chosen </wordcount>
    <wordcount weight="1" > recognisably </wordcount>
    <wordcount weight="1" > comms </wordcount>
    <wordcount weight="1" > question </wordcount>
    <wordcount weight="1" > homologous </wordcount>
    <wordcount weight="1" > runs </wordcount>
    <wordcount weight="1" > achieving </wordcount>
    <wordcount weight="1" > grower </wordcount>
    <wordcount weight="1" > exceedingly </wordcount>
    <wordcount weight="1" > facts </wordcount>
    <wordcount weight="1" > difficulties </wordcount>
    <wordcount weight="1" > rejected </wordcount>
    <wordcount weight="1" > unjustified </wordcount>
    <wordcount weight="1" > breakdown </wordcount>
    <wordcount weight="1" > predictive </wordcount>
    <wordcount weight="1" > vernacular </wordcount>
    <wordcount weight="1" > cambridge </wordcount>
    <wordcount weight="1" > disappear </wordcount>
    <wordcount weight="1" > speeded </wordcount>
    <wordcount weight="1" > unencumbered </wordcount>
    <wordcount weight="1" > markedly </wordcount>
    <wordcount weight="1" > count </wordcount>
    <wordcount weight="1" > hierarchy </wordcount>
    <wordcount weight="1" > comprehensive </wordcount>
    <wordcount weight="1" > publication </wordcount>
    <wordcount weight="1" > express </wordcount>
    <wordcount weight="1" > cruentus </wordcount>
    <wordcount weight="1" > agreement </wordcount>
    <wordcount weight="1" > points </wordcount>
    <wordcount weight="1" > ancestral </wordcount>
    <wordcount weight="1" > infrabinomial </wordcount>
    <wordcount weight="1" > change </wordcount>
    <wordcount weight="1" > workers </wordcount>
    <wordcount weight="1" > responses </wordcount>
    <wordcount weight="1" > review </wordcount>
    <wordcount weight="1" > counter </wordcount>
    <wordcount weight="1" > course </wordcount>
    <wordcount weight="1" > contributed </wordcount>
    <wordcount weight="1" > individual </wordcount>
    <wordcount weight="1" > adopted </wordcount>
    <wordcount weight="1" > symposium </wordcount>
    <wordcount weight="1" > times </wordcount>
    <wordcount weight="1" > strict </wordcount>
    <wordcount weight="1" > botanic </wordcount>
    <wordcount weight="1" > sense </wordcount>
    <wordcount weight="1" > eminently </wordcount>
    <wordcount weight="1" > revised </wordcount>
    <wordcount weight="1" > morphologically </wordcount>
    <wordcount weight="1" > general </wordcount>
    <wordcount weight="1" > lowest </wordcount>
    <wordcount weight="1" > regarded </wordcount>
    <wordcount weight="1" > suggest </wordcount>
    <wordcount weight="1" > coupled </wordcount>
    <wordcount weight="1" > prefix </wordcount>
    <wordcount weight="1" > expected </wordcount>
    <wordcount weight="1" > serves </wordcount>
    <wordcount weight="1" > hitherto </wordcount>
    <wordcount weight="1" > accomodate </wordcount>
    <wordcount weight="1" > kind </wordcount>
    <wordcount weight="1" > bestknown </wordcount>
    <wordcount weight="1" > forming </wordcount>
    <wordcount weight="1" > turn </wordcount>
    <wordcount weight="1" > discredit </wordcount>
    <wordcount weight="1" > rank </wordcount>
    <wordcount weight="1" > provides </wordcount>
    <wordcount weight="1" > extremely </wordcount>
    <wordcount weight="1" > association </wordcount>
    <wordcount weight="1" > construct </wordcount>
    <wordcount weight="1" > family </wordcount>
    <wordcount weight="1" > reluctance </wordcount>
    <wordcount weight="1" > exchange </wordcount>
    <wordcount weight="1" > repeated </wordcount>
    <wordcount weight="1" > denote </wordcount>
    <wordcount weight="1" > summary </wordcount>
    <wordcount weight="1" > hort </wordcount>
    <wordcount weight="1" > code </wordcount>
    <wordcount weight="1" > especially </wordcount>
    <wordcount weight="1" > amount </wordcount>
    <wordcount weight="1" > conveys </wordcount>
    <wordcount weight="1" > nomenclaturally </wordcount>
    <wordcount weight="1" > eyes </wordcount>
    <wordcount weight="1" > methods </wordcount>
    <wordcount weight="1" > arise </wordcount>
    <wordcount weight="1" > designating </wordcount>
    <wordcount weight="1" > subordinate </wordcount>
    <wordcount weight="1" > invaluable </wordcount>
    <wordcount weight="1" > confidently </wordcount>
    <wordcount weight="1" > maxima </wordcount>
    <wordcount weight="1" > xvi </wordcount>
    <wordcount weight="1" > exactly </wordcount>
    <wordcount weight="1" > britain </wordcount>
    <wordcount weight="1" > impossible </wordcount>
    <wordcount weight="1" > unfortunate </wordcount>
    <wordcount weight="1" > occasions </wordcount>
    <wordcount weight="1" > pool </wordcount>
    <wordcount weight="1" > commission </wordcount>
    <wordcount weight="1" > soc </wordcount>
    <wordcount weight="1" > creation </wordcount>
    <wordcount weight="1" > up </wordcount>
    <wordcount weight="1" > inability </wordcount>
    <wordcount weight="1" > empiricism </wordcount>
    <wordcount weight="1" > probably </wordcount>
    <wordcount weight="1" > aim </wordcount>
    <wordcount weight="1" > even </wordcount>
    <wordcount weight="1" > majority </wordcount>
    <wordcount weight="1" > entire </wordcount>
    <wordcount weight="1" > slightly </wordcount>
    <wordcount weight="1" > inapplicable </wordcount>
    <wordcount weight="1" > archeological </wordcount>
    <wordcount weight="1" > designed </wordcount>
    <wordcount weight="1" > present </wordcount>
    <wordcount weight="1" > traditional </wordcount>
    <wordcount weight="1" > potato </wordcount>
    <wordcount weight="1" > much </wordcount>
    <wordcount weight="1" > inverted </wordcount>
    <wordcount weight="1" > genome </wordcount>
    <wordcount weight="1" > tendency </wordcount>
    <wordcount weight="1" > recent </wordcount>
    <wordcount weight="1" > summarized </wordcount>
    <wordcount weight="1" > observed </wordcount>
    <wordcount weight="1" > unequivocal </wordcount>
    <wordcount weight="1" > value </wordcount>
    <wordcount weight="1" > professional </wordcount>
    <wordcount weight="1" > evidence </wordcount>
    <wordcount weight="1" > hybrids </wordcount>
    <wordcount weight="1" > restricting </wordcount>
    <wordcount weight="1" > workings </wordcount>
    <wordcount weight="1" > unrelated </wordcount>
    <wordcount weight="1" > according </wordcount>
    <wordcount weight="1" > rates </wordcount>
    <wordcount weight="1" > concluded </wordcount>
    <wordcount weight="1" > major </wordcount>
    <wordcount weight="1" > paralleling </wordcount>
    <wordcount weight="1" > intergrading </wordcount>
    <wordcount weight="1" > deficiency </wordcount>
    <wordcount weight="1" > econ </wordcount>
    <wordcount weight="1" > thorough </wordcount>
</article>
