<?xml version="1.0" encoding="UTF-8"?>
<article id="10.2307/1220544" >
    <wordcount weight="178" > of </wordcount>
    <wordcount weight="75" > and </wordcount>
    <wordcount weight="49" > the </wordcount>
    <wordcount weight="47" > de </wordcount>
    <wordcount weight="35" > dr </wordcount>
    <wordcount weight="26" > in </wordcount>
    <wordcount weight="25" > a </wordcount>
    <wordcount weight="25" > number </wordcount>
    <wordcount weight="20" > to </wordcount>
    <wordcount weight="20" > flora </wordcount>
    <wordcount weight="18" > plants </wordcount>
    <wordcount weight="16" > professor </wordcount>
    <wordcount weight="16" > vascular </wordcount>
    <wordcount weight="15" > university </wordcount>
    <wordcount weight="15" > research </wordcount>
    <wordcount weight="14" > north </wordcount>
    <wordcount weight="12" > usa </wordcount>
    <wordcount weight="11" > department </wordcount>
    <wordcount weight="11" > j </wordcount>
    <wordcount weight="11" > staff </wordcount>
    <wordcount weight="11" > botany </wordcount>
    <wordcount weight="10" > associate </wordcount>
    <wordcount weight="10" > botanical </wordcount>
    <wordcount weight="10" > specimens </wordcount>
    <wordcount weight="10" > m </wordcount>
    <wordcount weight="10" > lic </wordcount>
    <wordcount weight="10" > r </wordcount>
    <wordcount weight="9" > recognized </wordcount>
    <wordcount weight="9" > l </wordcount>
    <wordcount weight="9" > e </wordcount>
    <wordcount weight="9" > herbarium </wordcount>
    <wordcount weight="9" > prof </wordcount>
    <wordcount weight="9" > forest </wordcount>
    <wordcount weight="9" > or </wordcount>
    <wordcount weight="9" > w </wordcount>
    <wordcount weight="9" > s </wordcount>
    <wordcount weight="9" > new </wordcount>
    <wordcount weight="8" > specialization </wordcount>
    <wordcount weight="8" > from </wordcount>
    <wordcount weight="8" > by </wordcount>
    <wordcount weight="8" > important </wordcount>
    <wordcount weight="8" > ciencias </wordcount>
    <wordcount weight="8" > british </wordcount>
    <wordcount weight="8" > g </wordcount>
    <wordcount weight="8" > d </wordcount>
    <wordcount weight="8" > general </wordcount>
    <wordcount weight="7" > no </wordcount>
    <wordcount weight="7" > ing </wordcount>
    <wordcount weight="7" > antarctic </wordcount>
    <wordcount weight="7" > state </wordcount>
    <wordcount weight="6" > south </wordcount>
    <wordcount weight="6" > dra </wordcount>
    <wordcount weight="6" > associated </wordcount>
    <wordcount weight="6" > universidad </wordcount>
    <wordcount weight="6" > agr </wordcount>
    <wordcount weight="6" > some </wordcount>
    <wordcount weight="6" > range </wordcount>
    <wordcount weight="6" > newfoundland </wordcount>
    <wordcount weight="6" > taxon </wordcount>
    <wordcount weight="6" > systematic </wordcount>
    <wordcount weight="6" > on </wordcount>
    <wordcount weight="6" > c </wordcount>
    <wordcount weight="6" > institution </wordcount>
    <wordcount weight="6" > la </wordcount>
    <wordcount weight="5" > f </wordcount>
    <wordcount weight="5" > taxonomy </wordcount>
    <wordcount weight="5" > institutions </wordcount>
    <wordcount weight="5" > collections </wordcount>
    <wordcount weight="5" > southern </wordcount>
    <wordcount weight="5" > about </wordcount>
    <wordcount weight="5" > ayre </wordcount>
    <wordcount weight="5" > biology </wordcount>
    <wordcount weight="5" > section </wordcount>
    <wordcount weight="5" > for </wordcount>
    <wordcount weight="5" > other </wordcount>
    <wordcount weight="5" > instituto </wordcount>
    <wordcount weight="5" > do </wordcount>
    <wordcount weight="5" > venezuela </wordcount>
    <wordcount weight="5" > america </wordcount>
    <wordcount weight="5" > private </wordcount>
    <wordcount weight="5" > algae </wordcount>
    <wordcount weight="5" > bryophyte </wordcount>
    <wordcount weight="5" > august </wordcount>
    <wordcount weight="5" > plant </wordcount>
    <wordcount weight="5" > mainly </wordcount>
    <wordcount weight="4" > at </wordcount>
    <wordcount weight="4" > arctic </wordcount>
    <wordcount weight="4" > grande </wordcount>
    <wordcount weight="4" > fossil </wordcount>
    <wordcount weight="4" > serial </wordcount>
    <wordcount weight="4" > k </wordcount>
    <wordcount weight="4" > is </wordcount>
    <wordcount weight="4" > with </wordcount>
    <wordcount weight="4" > porto </wordcount>
    <wordcount weight="4" > management </wordcount>
    <wordcount weight="4" > institutes </wordcount>
    <wordcount weight="4" > volume </wordcount>
    <wordcount weight="4" > wyoming </wordcount>
    <wordcount weight="4" > curator </wordcount>
    <wordcount weight="4" > cultivated </wordcount>
    <wordcount weight="4" > available </wordcount>
    <wordcount weight="4" > marion </wordcount>
    <wordcount weight="4" > survey </wordcount>
    <wordcount weight="4" > canary </wordcount>
    <wordcount weight="4" > facultad </wordcount>
    <wordcount weight="4" > marine </wordcount>
    <wordcount weight="4" > periodical </wordcount>
    <wordcount weight="4" > museu </wordcount>
    <wordcount weight="4" > paintings </wordcount>
    <wordcount weight="4" > collection </wordcount>
    <wordcount weight="4" > maria </wordcount>
    <wordcount weight="4" > bryophytes </wordcount>
    <wordcount weight="4" > central </wordcount>
    <wordcount weight="4" > naturales </wordcount>
    <wordcount weight="4" > diatoms </wordcount>
    <wordcount weight="4" > botanic </wordcount>
    <wordcount weight="4" > sciences </wordcount>
    <wordcount weight="4" > northern </wordcount>
    <wordcount weight="4" > recent </wordcount>
    <wordcount weight="3" > der </wordcount>
    <wordcount weight="3" > states </wordcount>
    <wordcount weight="3" > college </wordcount>
    <wordcount weight="3" > jersey </wordcount>
    <wordcount weight="3" > b </wordcount>
    <wordcount weight="3" > birmingham </wordcount>
    <wordcount weight="3" > flowering </wordcount>
    <wordcount weight="3" > h </wordcount>
    <wordcount weight="3" > museum </wordcount>
    <wordcount weight="3" > mrs </wordcount>
    <wordcount weight="3" > director </wordcount>
    <wordcount weight="3" > n </wordcount>
    <wordcount weight="3" > experiment </wordcount>
    <wordcount weight="3" > t </wordcount>
    <wordcount weight="3" > canada </wordcount>
    <wordcount weight="3" > p </wordcount>
    <wordcount weight="3" > missouri </wordcount>
    <wordcount weight="3" > as </wordcount>
    <wordcount weight="3" > brazil </wordcount>
    <wordcount weight="3" > are </wordcount>
    <wordcount weight="3" > lecturer </wordcount>
    <wordcount weight="3" > saint </wordcount>
    <wordcount weight="3" > counties </wordcount>
    <wordcount weight="3" > public </wordcount>
    <wordcount weight="3" > perez </wordcount>
    <wordcount weight="3" > museo </wordcount>
    <wordcount weight="3" > data </wordcount>
    <wordcount weight="3" > rio </wordcount>
    <wordcount weight="3" > restrictions </wordcount>
    <wordcount weight="3" > region </wordcount>
    <wordcount weight="3" > agnes </wordcount>
    <wordcount weight="3" > republic </wordcount>
    <wordcount weight="3" > regions </wordcount>
    <wordcount weight="3" > box </wordcount>
    <wordcount weight="3" > argentine </wordcount>
    <wordcount weight="3" > be </wordcount>
    <wordcount weight="3" > southeastern </wordcount>
    <wordcount weight="3" > division </wordcount>
    <wordcount weight="3" > austral </wordcount>
    <wordcount weight="2" > alabama </wordcount>
    <wordcount weight="2" > institut </wordcount>
    <wordcount weight="2" > european </wordcount>
    <wordcount weight="2" > will </wordcount>
    <wordcount weight="2" > catolica </wordcount>
    <wordcount weight="2" > medicinal </wordcount>
    <wordcount weight="2" > york </wordcount>
    <wordcount weight="2" > reasonable </wordcount>
    <wordcount weight="2" > iowa </wordcount>
    <wordcount weight="2" > primarily </wordcount>
    <wordcount weight="2" > shrub </wordcount>
    <wordcount weight="2" > tropical </wordcount>
    <wordcount weight="2" > macaronesian </wordcount>
    <wordcount weight="2" > britain </wordcount>
    <wordcount weight="2" > biological </wordcount>
    <wordcount weight="2" > united </wordcount>
    <wordcount weight="2" > coastal </wordcount>
    <wordcount weight="2" > federal </wordcount>
    <wordcount weight="2" > victor </wordcount>
    <wordcount weight="2" > pontificia </wordcount>
    <wordcount weight="2" > wanted </wordcount>
    <wordcount weight="2" > index </wordcount>
    <wordcount weight="2" > photographs </wordcount>
    <wordcount weight="2" > india </wordcount>
    <wordcount weight="2" > included </wordcount>
    <wordcount weight="2" > victoria </wordcount>
    <wordcount weight="2" > brd </wordcount>
    <wordcount weight="2" > numbers </wordcount>
    <wordcount weight="2" > po </wordcount>
    <wordcount weight="2" > experimental </wordcount>
    <wordcount weight="2" > grand </wordcount>
    <wordcount weight="2" > belonging </wordcount>
    <wordcount weight="2" > botanist </wordcount>
    <wordcount weight="2" > solanum </wordcount>
    <wordcount weight="2" > herbariorum </wordcount>
    <wordcount weight="2" > menendez </wordcount>
    <wordcount weight="2" > also </wordcount>
    <wordcount weight="2" > permanent </wordcount>
    <wordcount weight="2" > academy </wordcount>
    <wordcount weight="2" > nevada </wordcount>
    <wordcount weight="2" > all </wordcount>
    <wordcount weight="2" > cultura </wordcount>
    <wordcount weight="2" > only </wordcount>
    <wordcount weight="2" > memorial </wordcount>
    <wordcount weight="2" > areas </wordcount>
    <wordcount weight="2" > genus </wordcount>
    <wordcount weight="2" > phanerogams </wordcount>
    <wordcount weight="2" > insular </wordcount>
    <wordcount weight="2" > government </wordcount>
    <wordcount weight="2" > john </wordcount>
    <wordcount weight="2" > carolina </wordcount>
    <wordcount weight="2" > apartado </wordcount>
    <wordcount weight="2" > great </wordcount>
    <wordcount weight="2" > living </wordcount>
    <wordcount weight="2" > avenida </wordcount>
    <wordcount weight="2" > adjacent </wordcount>
    <wordcount weight="2" > spain </wordcount>
    <wordcount weight="2" > robert </wordcount>
    <wordcount weight="2" > postal </wordcount>
    <wordcount weight="2" > nyctaginaceae </wordcount>
    <wordcount weight="2" > see </wordcount>
    <wordcount weight="2" > queensland </wordcount>
    <wordcount weight="2" > colombia </wordcount>
    <wordcount weight="2" > material </wordcount>
    <wordcount weight="2" > marta </wordcount>
    <wordcount weight="2" > local </wordcount>
    <wordcount weight="2" > pedro </wordcount>
    <wordcount weight="2" > work </wordcount>
    <wordcount weight="2" > argentino </wordcount>
    <wordcount weight="2" > fungi </wordcount>
    <wordcount weight="2" > scott </wordcount>
    <wordcount weight="2" > intermountain </wordcount>
    <wordcount weight="2" > putnam </wordcount>
    <wordcount weight="2" > station </wordcount>
    <wordcount weight="2" > northwest </wordcount>
    <wordcount weight="2" > evolution </wordcount>
    <wordcount weight="2" > administrated </wordcount>
    <wordcount weight="2" > universidade </wordcount>
    <wordcount weight="2" > benthic </wordcount>
    <wordcount weight="2" > pennsylvania </wordcount>
    <wordcount weight="2" > cameroon </wordcount>
    <wordcount weight="2" > dakota </wordcount>
    <wordcount weight="2" > miss </wordcount>
    <wordcount weight="2" > argentina </wordcount>
    <wordcount weight="2" > compositae </wordcount>
    <wordcount weight="2" > estuarine </wordcount>
    <wordcount weight="2" > jose </wordcount>
    <wordcount weight="2" > herbario </wordcount>
    <wordcount weight="2" > national </wordcount>
    <wordcount weight="2" > salt </wordcount>
    <wordcount weight="2" > carlos </wordcount>
    <wordcount weight="2" > botanica </wordcount>
    <wordcount weight="2" > housed </wordcount>
    <wordcount weight="2" > mexico </wordcount>
    <wordcount weight="2" > enrique </wordcount>
    <wordcount weight="2" > carson </wordcount>
    <wordcount weight="2" > martin </wordcount>
    <wordcount weight="2" > small </wordcount>
    <wordcount weight="2" > davenport </wordcount>
    <wordcount weight="2" > microscopic </wordcount>
    <wordcount weight="2" > herbaria </wordcount>
    <wordcount weight="2" > hellerman </wordcount>
    <wordcount weight="2" > massachusetts </wordcount>
    <wordcount weight="2" > buenos </wordcount>
    <wordcount weight="2" > da </wordcount>
    <wordcount weight="2" > gallardo </wordcount>
    <wordcount weight="2" > world </wordcount>
    <wordcount weight="2" > florida </wordcount>
    <wordcount weight="2" > an </wordcount>
    <wordcount weight="2" > yes </wordcount>
    <wordcount weight="2" > loan </wordcount>
    <wordcount weight="2" > southamerican </wordcount>
    <wordcount weight="2" > species </wordcount>
    <wordcount weight="1" > phycological </wordcount>
    <wordcount weight="1" > crow </wordcount>
    <wordcount weight="1" > criptogamia </wordcount>
    <wordcount weight="1" > media </wordcount>
    <wordcount weight="1" > morphology </wordcount>
    <wordcount weight="1" > now </wordcount>
    <wordcount weight="1" > ministerio </wordcount>
    <wordcount weight="1" > ana </wordcount>
    <wordcount weight="1" > mostly </wordcount>
    <wordcount weight="1" > pure </wordcount>
    <wordcount weight="1" > boreal </wordcount>
    <wordcount weight="1" > tub </wordcount>
    <wordcount weight="1" > bull </wordcount>
    <wordcount weight="1" > request </wordcount>
    <wordcount weight="1" > minor </wordcount>
    <wordcount weight="1" > matteri </wordcount>
    <wordcount weight="1" > bravo </wordcount>
    <wordcount weight="1" > africa </wordcount>
    <wordcount weight="1" > materials </wordcount>
    <wordcount weight="1" > samples </wordcount>
    <wordcount weight="1" > volkheimer </wordcount>
    <wordcount weight="1" > seccion </wordcount>
    <wordcount weight="1" > scientific </wordcount>
    <wordcount weight="1" > kenneth </wordcount>
    <wordcount weight="1" > economic </wordcount>
    <wordcount weight="1" > investigacion </wordcount>
    <wordcount weight="1" > naturais </wordcount>
    <wordcount weight="1" > willibaldo </wordcount>
    <wordcount weight="1" > solari </wordcount>
    <wordcount weight="1" > sektion </wordcount>
    <wordcount weight="1" > antartico </wordcount>
    <wordcount weight="1" > publishes </wordcount>
    <wordcount weight="1" > service </wordcount>
    <wordcount weight="1" > hymenocallis </wordcount>
    <wordcount weight="1" > limited </wordcount>
    <wordcount weight="1" > financed </wordcount>
    <wordcount weight="1" > biologicarum </wordcount>
    <wordcount weight="1" > lz </wordcount>
    <wordcount weight="1" > unit </wordcount>
    <wordcount weight="1" > administered </wordcount>
    <wordcount weight="1" > adela </wordcount>
    <wordcount weight="1" > andean </wordcount>
    <wordcount weight="1" > seminum </wordcount>
    <wordcount weight="1" > oscar </wordcount>
    <wordcount weight="1" > alarich </wordcount>
    <wordcount weight="1" > etc </wordcount>
    <wordcount weight="1" > ranquetat </wordcount>
    <wordcount weight="1" > still </wordcount>
    <wordcount weight="1" > cucurbitaceae </wordcount>
    <wordcount weight="1" > grasses </wordcount>
    <wordcount weight="1" > thanyakumar </wordcount>
    <wordcount weight="1" > garden </wordcount>
    <wordcount weight="1" > liana </wordcount>
    <wordcount weight="1" > woods </wordcount>
    <wordcount weight="1" > zephyranthaceae </wordcount>
    <wordcount weight="1" > sponsored </wordcount>
    <wordcount weight="1" > cyperaceae </wordcount>
    <wordcount weight="1" > wilson </wordcount>
    <wordcount weight="1" > seedlings </wordcount>
    <wordcount weight="1" > thaiz </wordcount>
    <wordcount weight="1" > large </wordcount>
    <wordcount weight="1" > madras </wordcount>
    <wordcount weight="1" > american </wordcount>
    <wordcount weight="1" > cardiff </wordcount>
    <wordcount weight="1" > parts </wordcount>
    <wordcount weight="1" > special </wordcount>
    <wordcount weight="1" > ipiranga </wordcount>
    <wordcount weight="1" > telesforo </wordcount>
    <wordcount weight="1" > robin </wordcount>
    <wordcount weight="1" > holmgren </wordcount>
    <wordcount weight="1" > scienciarum </wordcount>
    <wordcount weight="1" > santa </wordcount>
    <wordcount weight="1" > geneticist </wordcount>
    <wordcount weight="1" > not </wordcount>
    <wordcount weight="1" > regulations </wordcount>
    <wordcount weight="1" > esteban </wordcount>
    <wordcount weight="1" > giovanna </wordcount>
    <wordcount weight="1" > biholong </wordcount>
    <wordcount weight="1" > papaleo </wordcount>
    <wordcount weight="1" > vera </wordcount>
    <wordcount weight="1" > reference </wordcount>
    <wordcount weight="1" > cariaceae </wordcount>
    <wordcount weight="1" > wake </wordcount>
    <wordcount weight="1" > gonzalez </wordcount>
    <wordcount weight="1" > cryptogamic </wordcount>
    <wordcount weight="1" > arts </wordcount>
    <wordcount weight="1" > park </wordcount>
    <wordcount weight="1" > council </wordcount>
    <wordcount weight="1" > atriplex </wordcount>
    <wordcount weight="1" > fundafao </wordcount>
    <wordcount weight="1" > bbsuk </wordcount>
    <wordcount weight="1" > former </wordcount>
    <wordcount weight="1" > alaskan </wordcount>
    <wordcount weight="1" > muscatine </wordcount>
    <wordcount weight="1" > alegre </wordcount>
    <wordcount weight="1" > toursarkissian </wordcount>
    <wordcount weight="1" > addressed </wordcount>
    <wordcount weight="1" > us </wordcount>
    <wordcount weight="1" > western </wordcount>
    <wordcount weight="1" > freshwater </wordcount>
    <wordcount weight="1" > was </wordcount>
    <wordcount weight="1" > brassard </wordcount>
    <wordcount weight="1" > stipanicic </wordcount>
    <wordcount weight="1" > history </wordcount>
    <wordcount weight="1" > into </wordcount>
    <wordcount weight="1" > rua </wordcount>
    <wordcount weight="1" > presidency </wordcount>
    <wordcount weight="1" > benitez </wordcount>
    <wordcount weight="1" > scientist </wordcount>
    <wordcount weight="1" > any </wordcount>
    <wordcount weight="1" > korea </wordcount>
    <wordcount weight="1" > cel </wordcount>
    <wordcount weight="1" > same </wordcount>
    <wordcount weight="1" > subsecretaria </wordcount>
    <wordcount weight="1" > senior </wordcount>
    <wordcount weight="1" > bereich </wordcount>
    <wordcount weight="1" > macchiavello </wordcount>
    <wordcount weight="1" > sorting </wordcount>
    <wordcount weight="1" > ed </wordcount>
    <wordcount weight="1" > wright </wordcount>
    <wordcount weight="1" > kaercher </wordcount>
    <wordcount weight="1" > chief </wordcount>
    <wordcount weight="1" > but </wordcount>
    <wordcount weight="1" > mycology </wordcount>
    <wordcount weight="1" > gary </wordcount>
    <wordcount weight="1" > correo </wordcount>
    <wordcount weight="1" > different </wordcount>
    <wordcount weight="1" > reports </wordcount>
    <wordcount weight="1" > unusually </wordcount>
    <wordcount weight="1" > democratic </wordcount>
    <wordcount weight="1" > being </wordcount>
    <wordcount weight="1" > morgenstelle </wordcount>
    <wordcount weight="1" > williams </wordcount>
    <wordcount weight="1" > notre </wordcount>
    <wordcount weight="1" > simpson </wordcount>
    <wordcount weight="1" > regional </wordcount>
    <wordcount weight="1" > bush </wordcount>
    <wordcount weight="1" > known </wordcount>
    <wordcount weight="1" > neighbouring </wordcount>
    <wordcount weight="1" > woody </wordcount>
    <wordcount weight="1" > cercetari </wordcount>
    <wordcount weight="1" > australia </wordcount>
    <wordcount weight="1" > whiteside </wordcount>
    <wordcount weight="1" > angel </wordcount>
    <wordcount weight="1" > bambuibamenda </wordcount>
    <wordcount weight="1" > terrestrial </wordcount>
    <wordcount weight="1" > carl </wordcount>
    <wordcount weight="1" > ferns </wordcount>
    <wordcount weight="1" > melville </wordcount>
    <wordcount weight="1" > lewis </wordcount>
    <wordcount weight="1" > utah </wordcount>
    <wordcount weight="1" > exposito </wordcount>
    <wordcount weight="1" > here </wordcount>
    <wordcount weight="1" > ragonese </wordcount>
    <wordcount weight="1" > miscelanea </wordcount>
    <wordcount weight="1" > pteridophytes </wordcount>
    <wordcount weight="1" > cameroun </wordcount>
    <wordcount weight="1" > voucher </wordcount>
    <wordcount weight="1" > iooooo </wordcount>
    <wordcount weight="1" > botanisches </wordcount>
    <wordcount weight="1" > cyrus </wordcount>
    <wordcount weight="1" > scientifique </wordcount>
    <wordcount weight="1" > genecology </wordcount>
    <wordcount weight="1" > address </wordcount>
    <wordcount weight="1" > koj </wordcount>
    <wordcount weight="1" > bryological </wordcount>
    <wordcount weight="1" > natural </wordcount>
    <wordcount weight="1" > continental </wordcount>
    <wordcount weight="1" > numerical </wordcount>
    <wordcount weight="1" > ido </wordcount>
    <wordcount weight="1" > biologie </wordcount>
    <wordcount weight="1" > lehrstuhl </wordcount>
    <wordcount weight="1" > harkness </wordcount>
    <wordcount weight="1" > boltovskoy </wordcount>
    <wordcount weight="1" > rock </wordcount>
    <wordcount weight="1" > joao </wordcount>
    <wordcount weight="1" > plantas </wordcount>
    <wordcount weight="1" > olga </wordcount>
    <wordcount weight="1" > england </wordcount>
    <wordcount weight="1" > pipera </wordcount>
    <wordcount weight="1" > correos </wordcount>
    <wordcount weight="1" > asia </wordcount>
    <wordcount weight="1" > carmen </wordcount>
    <wordcount weight="1" > hongnung </wordcount>
    <wordcount weight="1" > georgia </wordcount>
    <wordcount weight="1" > three </wordcount>
    <wordcount weight="1" > stetson </wordcount>
    <wordcount weight="1" > jorge </wordcount>
    <wordcount weight="1" > biowissenschaften </wordcount>
    <wordcount weight="1" > ley </wordcount>
    <wordcount weight="1" > exsiccata </wordcount>
    <wordcount weight="1" > plateau </wordcount>
    <wordcount weight="1" > sections </wordcount>
    <wordcount weight="1" > capital </wordcount>
    <wordcount weight="1" > head </wordcount>
    <wordcount weight="1" > martinez </wordcount>
    <wordcount weight="1" > et </wordcount>
    <wordcount weight="1" > found </wordcount>
    <wordcount weight="1" > waghorne </wordcount>
    <wordcount weight="1" > weeds </wordcount>
    <wordcount weight="1" > gabriela </wordcount>
    <wordcount weight="1" > britsh </wordcount>
    <wordcount weight="1" > accessions </wordcount>
    <wordcount weight="1" > assembled </wordcount>
    <wordcount weight="1" > forage </wordcount>
    <wordcount weight="1" > atlantic </wordcount>
    <wordcount weight="1" > rudolf </wordcount>
    <wordcount weight="1" > composition </wordcount>
    <wordcount weight="1" > aic </wordcount>
    <wordcount weight="1" > recherche </wordcount>
    <wordcount weight="1" > baltasar </wordcount>
    <wordcount weight="1" > cultivation </wordcount>
    <wordcount weight="1" > callegari </wordcount>
    <wordcount weight="1" > aas </wordcount>
    <wordcount weight="1" > i </wordcount>
    <wordcount weight="1" > jeter </wordcount>
    <wordcount weight="1" > las </wordcount>
    <wordcount weight="1" > technique </wordcount>
    <wordcount weight="1" > there </wordcount>
    <wordcount weight="1" > satabie </wordcount>
    <wordcount weight="1" > base </wordcount>
    <wordcount weight="1" > representative </wordcount>
    <wordcount weight="1" > zealand </wordcount>
    <wordcount weight="1" > type </wordcount>
    <wordcount weight="1" > filice </wordcount>
    <wordcount weight="1" > biologists </wordcount>
    <wordcount weight="1" > jaime </wordcount>
    <wordcount weight="1" > further </wordcount>
    <wordcount weight="1" > v </wordcount>
    <wordcount weight="1" > lens </wordcount>
    <wordcount weight="1" > cruz </wordcount>
    <wordcount weight="1" > bp </wordcount>
    <wordcount weight="1" > diatom </wordcount>
    <wordcount weight="1" > wildpret </wordcount>
    <wordcount weight="1" > because </wordcount>
    <wordcount weight="1" > genera </wordcount>
    <wordcount weight="1" > faudon </wordcount>
    <wordcount weight="1" > proceedings </wordcount>
    <wordcount weight="1" > absorption </wordcount>
    <wordcount weight="1" > labrador </wordcount>
    <wordcount weight="1" > ant </wordcount>
    <wordcount weight="1" > sul </wordcount>
    <wordcount weight="1" > skottsberg </wordcount>
    <wordcount weight="1" > woodlands </wordcount>
    <wordcount weight="1" > caria </wordcount>
    <wordcount weight="1" > particular </wordcount>
    <wordcount weight="1" > errata </wordcount>
    <wordcount weight="1" > duplicates </wordcount>
    <wordcount weight="1" > institutul </wordcount>
    <wordcount weight="1" > appearing </wordcount>
    <wordcount weight="1" > agricultural </wordcount>
    <wordcount weight="1" > pollen </wordcount>
    <wordcount weight="1" > culticles </wordcount>
    <wordcount weight="1" > facilities </wordcount>
    <wordcount weight="1" > eastern </wordcount>
    <wordcount weight="1" > beta </wordcount>
    <wordcount weight="1" > dusseldorf </wordcount>
    <wordcount weight="1" > canariensium </wordcount>
    <wordcount weight="1" > av </wordcount>
    <wordcount weight="1" > roldan </wordcount>
    <wordcount weight="1" > particularly </wordcount>
    <wordcount weight="1" > wood </wordcount>
    <wordcount weight="1" > departamento </wordcount>
    <wordcount weight="1" > elaine </wordcount>
    <wordcount weight="1" > provincial </wordcount>
    <wordcount weight="1" > institute </wordcount>
    <wordcount weight="1" > ecology </wordcount>
    <wordcount weight="1" > tenerife </wordcount>
    <wordcount weight="1" > information </wordcount>
    <wordcount weight="1" > account </wordcount>
    <wordcount weight="1" > folia </wordcount>
    <wordcount weight="1" > welcome </wordcount>
    <wordcount weight="1" > designation </wordcount>
    <wordcount weight="1" > basis </wordcount>
    <wordcount weight="1" > emphasis </wordcount>
    <wordcount weight="1" > possible </wordcount>
    <wordcount weight="1" > leo </wordcount>
    <wordcount weight="1" > tasmania </wordcount>
    <wordcount weight="1" > delia </wordcount>
    <wordcount weight="1" > dried </wordcount>
    <wordcount weight="1" > mapped </wordcount>
    <wordcount weight="1" > dolman </wordcount>
    <wordcount weight="1" > used </wordcount>
    <wordcount weight="1" > formerly </wordcount>
    <wordcount weight="1" > bacteriology </wordcount>
    <wordcount weight="1" > nariiio </wordcount>
    <wordcount weight="1" > midlothian </wordcount>
    <wordcount weight="1" > addenda </wordcount>
    <wordcount weight="1" > janice </wordcount>
    <wordcount weight="1" > botanischer </wordcount>
    <wordcount weight="1" > beltran </wordcount>
    <wordcount weight="1" > guy </wordcount>
    <wordcount weight="1" > caixa </wordcount>
    <wordcount weight="1" > greene </wordcount>
    <wordcount weight="1" > ite </wordcount>
    <wordcount weight="1" > planctologia </wordcount>
    <wordcount weight="1" > del </wordcount>
    <wordcount weight="1" > carlota </wordcount>
    <wordcount weight="1" > addition </wordcount>
    <wordcount weight="1" > acebes </wordcount>
    <wordcount weight="1" > hawkes </wordcount>
    <wordcount weight="1" > roumania </wordcount>
    <wordcount weight="1" > cryptogams </wordcount>
    <wordcount weight="1" > desired </wordcount>
    <wordcount weight="1" > bell </wordcount>
    <wordcount weight="1" > antarctica </wordcount>
    <wordcount weight="1" > patricia </wordcount>
    <wordcount weight="1" > sidia </wordcount>
    <wordcount weight="1" > sent </wordcount>
    <wordcount weight="1" > terrae </wordcount>
    <wordcount weight="1" > fur </wordcount>
    <wordcount weight="1" > cumberland </wordcount>
    <wordcount weight="1" > esp </wordcount>
    <wordcount weight="1" > reciprocate </wordcount>
    <wordcount weight="1" > algonquin </wordcount>
    <wordcount weight="1" > related </wordcount>
    <wordcount weight="1" > rosero </wordcount>
    <wordcount weight="1" > activity </wordcount>
    <wordcount weight="1" > spezielle </wordcount>
    <wordcount weight="1" > which </wordcount>
    <wordcount weight="1" > bertoletti </wordcount>
    <wordcount weight="1" > directed </wordcount>
    <wordcount weight="1" > island </wordcount>
    <wordcount weight="1" > vasculares </wordcount>
    <wordcount weight="1" > sand </wordcount>
    <wordcount weight="1" > palynology </wordcount>
    <wordcount weight="1" > additions </wordcount>
    <wordcount weight="1" > bonetti </wordcount>
    <wordcount weight="1" > san </wordcount>
    <wordcount weight="1" > paz </wordcount>
    <wordcount weight="1" > harold </wordcount>
    <wordcount weight="1" > ddr </wordcount>
    <wordcount weight="1" > sucursal </wordcount>
    <wordcount weight="1" > contains </wordcount>
    <wordcount weight="1" > records </wordcount>
    <wordcount weight="1" > bucf </wordcount>
    <wordcount weight="1" > pujals </wordcount>
    <wordcount weight="1" > maintained </wordcount>
    <wordcount weight="1" > botanists </wordcount>
    <wordcount weight="1" > garten </wordcount>
    <wordcount weight="1" > benavides </wordcount>
    <wordcount weight="1" > hxssel </wordcount>
    <wordcount weight="1" > faculty </wordcount>
    <wordcount weight="1" > newark </wordcount>
    <wordcount weight="1" > ontario </wordcount>
    <wordcount weight="1" > morton </wordcount>
    <wordcount weight="1" > auf </wordcount>
    <wordcount weight="1" > pesquisas </wordcount>
    <wordcount weight="1" > laboratory </wordcount>
    <wordcount weight="1" > iberian </wordcount>
    <wordcount weight="1" > bakshi </wordcount>
    <wordcount weight="1" > donterberg </wordcount>
    <wordcount weight="1" > nursery </wordcount>
    <wordcount weight="1" > previous </wordcount>
    <wordcount weight="1" > estrada </wordcount>
    <wordcount weight="1" > office </wordcount>
    <wordcount weight="1" > surrounding </wordcount>
    <wordcount weight="1" > calviella </wordcount>
    <wordcount weight="1" > nora </wordcount>
    <wordcount weight="1" > brit </wordcount>
    <wordcount weight="1" > excmo </wordcount>
    <wordcount weight="1" > extras </wordcount>
    <wordcount weight="1" > chemotaxonomic </wordcount>
    <wordcount weight="1" > computerized </wordcount>
    <wordcount weight="1" > ethnobotany </wordcount>
    <wordcount weight="1" > snyder </wordcount>
    <wordcount weight="1" > marsh </wordcount>
    <wordcount weight="1" > edgar </wordcount>
    <wordcount weight="1" > koppen </wordcount>
    <wordcount weight="1" > either </wordcount>
    <wordcount weight="1" > comprehensive </wordcount>
    <wordcount weight="1" > jacques </wordcount>
    <wordcount weight="1" > keuken </wordcount>
    <wordcount weight="1" > hart </wordcount>
    <wordcount weight="1" > guldner </wordcount>
    <wordcount weight="1" > peter </wordcount>
    <wordcount weight="1" > change </wordcount>
    <wordcount weight="1" > slides </wordcount>
    <wordcount weight="1" > register </wordcount>
    <wordcount weight="1" > zoobotanica </wordcount>
    <wordcount weight="1" > computer </wordcount>
    <wordcount weight="1" > approximately </wordcount>
    <wordcount weight="1" > libya </wordcount>
    <wordcount weight="1" > barquin </wordcount>
    <wordcount weight="1" > casilla </wordcount>
    <wordcount weight="1" > dame </wordcount>
    <wordcount weight="1" > hunter </wordcount>
    <wordcount weight="1" > holger </wordcount>
    <wordcount weight="1" > beatriz </wordcount>
    <wordcount weight="1" > barnes </wordcount>
    <wordcount weight="1" > celina </wordcount>
    <wordcount weight="1" > grass </wordcount>
    <wordcount weight="1" > retrieval </wordcount>
    <wordcount weight="1" > universitatsstrasse </wordcount>
    <wordcount weight="1" > mediterranean </wordcount>
    <wordcount weight="1" > rutgers </wordcount>
    <wordcount weight="1" > ca </wordcount>
    <wordcount weight="1" > nadu </wordcount>
    <wordcount weight="1" > superintendent </wordcount>
    <wordcount weight="1" > paleobotanica </wordcount>
    <wordcount weight="1" > respective </wordcount>
    <wordcount weight="1" > each </wordcount>
    <wordcount weight="1" > honorary </wordcount>
    <wordcount weight="1" > especially </wordcount>
    <wordcount weight="1" > separately </wordcount>
    <wordcount weight="1" > louisiana </wordcount>
    <wordcount weight="1" > herbier </wordcount>
    <wordcount weight="1" > shreveport </wordcount>
    <wordcount weight="1" > german </wordcount>
    <wordcount weight="1" > houses </wordcount>
    <wordcount weight="1" > mason </wordcount>
    <wordcount weight="1" > thome </wordcount>
    <wordcount weight="1" > herb </wordcount>
    <wordcount weight="1" > arranged </wordcount>
    <wordcount weight="1" > usual </wordcount>
    <wordcount weight="1" > ann </wordcount>
    <wordcount weight="1" > liquid </wordcount>
    <wordcount weight="1" > cook </wordcount>
    <wordcount weight="1" > ecuador </wordcount>
    <wordcount weight="1" > castellanos </wordcount>
    <wordcount weight="1" > can </wordcount>
    <wordcount weight="1" > tamil </wordcount>
    <wordcount weight="1" > acuna </wordcount>
    <wordcount weight="1" > availability </wordcount>
    <wordcount weight="1" > edgbaston </wordcount>
    <wordcount weight="1" > always </wordcount>
    <wordcount weight="1" > supervision </wordcount>
    <wordcount weight="1" > silvia </wordcount>
    <wordcount weight="1" > norman </wordcount>
    <wordcount weight="1" > phaseolus </wordcount>
    <wordcount weight="1" > when </wordcount>
    <wordcount weight="1" > y </wordcount>
    <wordcount weight="1" > watercolour </wordcount>
    <wordcount weight="1" > st </wordcount>
    <wordcount weight="1" > srta </wordcount>
    <wordcount weight="1" > gil </wordcount>
    <wordcount weight="1" > solanaceae </wordcount>
    <wordcount weight="1" > cardenas </wordcount>
    <wordcount weight="1" > canadian </wordcount>
    <wordcount weight="1" > mr </wordcount>
    <wordcount weight="1" > introduced </wordcount>
    <wordcount weight="1" > und </wordcount>
    <wordcount weight="1" > principal </wordcount>
    <wordcount weight="1" > correspondence </wordcount>
    <wordcount weight="1" > cabildo </wordcount>
    <wordcount weight="1" > surv </wordcount>
    <wordcount weight="1" > sos </wordcount>
    <wordcount weight="1" > professional </wordcount>
    <wordcount weight="1" > should </wordcount>
    <wordcount weight="1" > building </wordcount>
    <wordcount weight="1" > rancho </wordcount>
    <wordcount weight="1" > wolfgang </wordcount>
    <wordcount weight="1" > dang </wordcount>
    <wordcount weight="1" > applies </wordcount>
    <wordcount weight="1" > anatomy </wordcount>
    <wordcount weight="1" > society </wordcount>
    <wordcount weight="1" > manuel </wordcount>
    <wordcount weight="1" > tennessee </wordcount>
    <wordcount weight="1" > caccavari </wordcount>
    <wordcount weight="1" > mbenkum </wordcount>
</article>
