<?xml version="1.0" encoding="UTF-8"?>
<article id="10.2307/2257966" >
    <wordcount weight="36" > of </wordcount>
    <wordcount weight="26" > the </wordcount>
    <wordcount weight="22" > in </wordcount>
    <wordcount weight="22" > and </wordcount>
    <wordcount weight="20" > a </wordcount>
    <wordcount weight="12" > to </wordcount>
    <wordcount weight="12" > on </wordcount>
    <wordcount weight="10" > j </wordcount>
    <wordcount weight="6" > ecological </wordcount>
    <wordcount weight="6" > ecology </wordcount>
    <wordcount weight="6" > topic </wordcount>
    <wordcount weight="6" > m </wordcount>
    <wordcount weight="6" > or </wordcount>
    <wordcount weight="4" > it </wordcount>
    <wordcount weight="4" > by </wordcount>
    <wordcount weight="4" > his </wordcount>
    <wordcount weight="4" > will </wordcount>
    <wordcount weight="4" > that </wordcount>
    <wordcount weight="4" > volume </wordcount>
    <wordcount weight="4" > like </wordcount>
    <wordcount weight="4" > widely </wordcount>
    <wordcount weight="4" > account </wordcount>
    <wordcount weight="4" > e </wordcount>
    <wordcount weight="4" > data </wordcount>
    <wordcount weight="4" > involved </wordcount>
    <wordcount weight="4" > b </wordcount>
    <wordcount weight="4" > volumes </wordcount>
    <wordcount weight="4" > research </wordcount>
    <wordcount weight="4" > ecologists </wordcount>
    <wordcount weight="4" > which </wordcount>
    <wordcount weight="4" > be </wordcount>
    <wordcount weight="4" > annual </wordcount>
    <wordcount weight="4" > articles </wordcount>
    <wordcount weight="4" > advances </wordcount>
    <wordcount weight="4" > concepts </wordcount>
    <wordcount weight="4" > review </wordcount>
    <wordcount weight="4" > current </wordcount>
    <wordcount weight="2" > may </wordcount>
    <wordcount weight="2" > reviews </wordcount>
    <wordcount weight="2" > carefully </wordcount>
    <wordcount weight="2" > such </wordcount>
    <wordcount weight="2" > years </wordcount>
    <wordcount weight="2" > editor </wordcount>
    <wordcount weight="2" > dale </wordcount>
    <wordcount weight="2" > quality </wordcount>
    <wordcount weight="2" > papers </wordcount>
    <wordcount weight="2" > whether </wordcount>
    <wordcount weight="2" > consider </wordcount>
    <wordcount weight="2" > interesting </wordcount>
    <wordcount weight="2" > four </wordcount>
    <wordcount weight="2" > form </wordcount>
    <wordcount weight="2" > second </wordcount>
    <wordcount weight="2" > there </wordcount>
    <wordcount weight="2" > making </wordcount>
    <wordcount weight="2" > extensive </wordcount>
    <wordcount weight="2" > have </wordcount>
    <wordcount weight="2" > is </wordcount>
    <wordcount weight="2" > first </wordcount>
    <wordcount weight="2" > accept </wordcount>
    <wordcount weight="2" > perform </wordcount>
    <wordcount weight="2" > longer </wordcount>
    <wordcount weight="2" > science </wordcount>
    <wordcount weight="2" > concerned </wordcount>
    <wordcount weight="2" > include </wordcount>
    <wordcount weight="2" > required </wordcount>
    <wordcount weight="2" > held </wordcount>
    <wordcount weight="2" > cost </wordcount>
    <wordcount weight="2" > for </wordcount>
    <wordcount weight="2" > many </wordcount>
    <wordcount weight="2" > rather </wordcount>
    <wordcount weight="2" > commission </wordcount>
    <wordcount weight="2" > genetics </wordcount>
    <wordcount weight="2" > price </wordcount>
    <wordcount weight="2" > service </wordcount>
    <wordcount weight="2" > solomon </wordcount>
    <wordcount weight="2" > press </wordcount>
    <wordcount weight="2" > production </wordcount>
    <wordcount weight="2" > gorham </wordcount>
    <wordcount weight="2" > an </wordcount>
    <wordcount weight="2" > type </wordcount>
    <wordcount weight="2" > high </wordcount>
    <wordcount weight="2" > thoughtful </wordcount>
    <wordcount weight="2" > forward </wordcount>
    <wordcount weight="2" > important </wordcount>
    <wordcount weight="2" > directly </wordcount>
    <wordcount weight="2" > original </wordcount>
    <wordcount weight="2" > vol </wordcount>
    <wordcount weight="2" > ecol </wordcount>
    <wordcount weight="2" > natural </wordcount>
    <wordcount weight="2" > r </wordcount>
    <wordcount weight="2" > strongly </wordcount>
    <wordcount weight="2" > all </wordcount>
    <wordcount weight="2" > phytosociological </wordcount>
    <wordcount weight="2" > literature </wordcount>
    <wordcount weight="2" > discussion </wordcount>
    <wordcount weight="2" > cm </wordcount>
    <wordcount weight="2" > reluctance </wordcount>
    <wordcount weight="2" > coherent </wordcount>
    <wordcount weight="2" > underlying </wordcount>
    <wordcount weight="2" > summary </wordcount>
    <wordcount weight="2" > are </wordcount>
    <wordcount weight="2" > different </wordcount>
    <wordcount weight="2" > sufficient </wordcount>
    <wordcount weight="2" > reflection </wordcount>
    <wordcount weight="2" > borderline </wordcount>
    <wordcount weight="2" > intention </wordcount>
    <wordcount weight="2" > exemplifies </wordcount>
    <wordcount weight="2" > book </wordcount>
    <wordcount weight="2" > branches </wordcount>
    <wordcount weight="2" > one </wordcount>
    <wordcount weight="2" > treatment </wordcount>
    <wordcount weight="2" > available </wordcount>
    <wordcount weight="2" > contributions </wordcount>
    <wordcount weight="2" > between </wordcount>
    <wordcount weight="2" > xii </wordcount>
    <wordcount weight="2" > bray </wordcount>
    <wordcount weight="2" > often </wordcount>
    <wordcount weight="2" > perhaps </wordcount>
    <wordcount weight="2" > use </wordcount>
    <wordcount weight="2" > as </wordcount>
    <wordcount weight="2" > x </wordcount>
    <wordcount weight="2" > london </wordcount>
    <wordcount weight="2" > discusses </wordcount>
    <wordcount weight="2" > justify </wordcount>
    <wordcount weight="2" > topics </wordcount>
    <wordcount weight="2" > control </wordcount>
    <wordcount weight="2" > p </wordcount>
    <wordcount weight="2" > scattered </wordcount>
    <wordcount weight="2" > not </wordcount>
    <wordcount weight="2" > with </wordcount>
    <wordcount weight="2" > journals </wordcount>
    <wordcount weight="2" > types </wordcount>
    <wordcount weight="2" > housing </wordcount>
    <wordcount weight="2" > generally </wordcount>
    <wordcount weight="2" > inability </wordcount>
    <wordcount weight="2" > new </wordcount>
    <wordcount weight="2" > understand </wordcount>
    <wordcount weight="2" > even </wordcount>
    <wordcount weight="2" > pp </wordcount>
    <wordcount weight="2" > lambert </wordcount>
    <wordcount weight="2" > marginal </wordcount>
    <wordcount weight="2" > present </wordcount>
    <wordcount weight="2" > divergent </wordcount>
    <wordcount weight="2" > inaccessible </wordcount>
    <wordcount weight="2" > much </wordcount>
    <wordcount weight="2" > ecosystems </wordcount>
    <wordcount weight="2" > figures </wordcount>
    <wordcount weight="2" > has </wordcount>
    <wordcount weight="2" > summarizes </wordcount>
    <wordcount weight="2" > productivity </wordcount>
    <wordcount weight="2" > we </wordcount>
    <wordcount weight="2" > buying </wordcount>
    <wordcount weight="2" > notes </wordcount>
    <wordcount weight="2" > help </wordcount>
    <wordcount weight="2" > contains </wordcount>
    <wordcount weight="2" > work </wordcount>
    <wordcount weight="2" > forests </wordcount>
    <wordcount weight="2" > quantitative </wordcount>
    <wordcount weight="2" > should </wordcount>
    <wordcount weight="2" > questions </wordcount>
    <wordcount weight="2" > coming </wordcount>
    <wordcount weight="2" > processes </wordcount>
    <wordcount weight="2" > statistics </wordcount>
    <wordcount weight="2" > last </wordcount>
    <wordcount weight="2" > presents </wordcount>
    <wordcount weight="2" > academic </wordcount>
    <wordcount weight="2" > conclusions </wordcount>
    <wordcount weight="2" > valuable </wordcount>
    <wordcount weight="2" > stay </wordcount>
    <wordcount weight="2" > animal </wordcount>
    <wordcount weight="2" > come </wordcount>
    <wordcount weight="2" > paper </wordcount>
    <wordcount weight="2" > proliferation </wordcount>
    <wordcount weight="2" > those </wordcount>
    <wordcount weight="2" > understood </wordcount>
    <wordcount weight="1" > onlyadvances </wordcount>
</article>
