<?xml version="1.0" encoding="UTF-8"?>
<article id="10.2307/2429608" >
    <wordcount weight="369" > the </wordcount>
    <wordcount weight="242" > of </wordcount>
    <wordcount weight="153" > in </wordcount>
    <wordcount weight="98" > and </wordcount>
    <wordcount weight="80" > a </wordcount>
    <wordcount weight="77" > is </wordcount>
    <wordcount weight="73" > to </wordcount>
    <wordcount weight="65" > populations </wordcount>
    <wordcount weight="56" > within </wordcount>
    <wordcount weight="53" > population </wordcount>
    <wordcount weight="52" > analysis </wordcount>
    <wordcount weight="45" > from </wordcount>
    <wordcount weight="45" > that </wordcount>
    <wordcount weight="44" > for </wordcount>
    <wordcount weight="42" > be </wordcount>
    <wordcount weight="36" > table </wordcount>
    <wordcount weight="36" > i </wordcount>
    <wordcount weight="33" > genotypes </wordcount>
    <wordcount weight="33" > variance </wordcount>
    <wordcount weight="32" > are </wordcount>
    <wordcount weight="31" > between </wordcount>
    <wordcount weight="30" > b </wordcount>
    <wordcount weight="29" > length </wordcount>
    <wordcount weight="29" > were </wordcount>
    <wordcount weight="28" > trial </wordcount>
    <wordcount weight="27" > it </wordcount>
    <wordcount weight="27" > error </wordcount>
    <wordcount weight="26" > mean </wordcount>
    <wordcount weight="26" > plants </wordcount>
    <wordcount weight="25" > tetraploids </wordcount>
    <wordcount weight="24" > with </wordcount>
    <wordcount weight="24" > two </wordcount>
    <wordcount weight="23" > on </wordcount>
    <wordcount weight="23" > an </wordcount>
    <wordcount weight="22" > one </wordcount>
    <wordcount weight="22" > was </wordcount>
    <wordcount weight="21" > ms </wordcount>
    <wordcount weight="21" > not </wordcount>
    <wordcount weight="21" > this </wordcount>
    <wordcount weight="21" > df </wordcount>
    <wordcount weight="20" > diploid </wordcount>
    <wordcount weight="20" > first </wordcount>
    <wordcount weight="19" > soil </wordcount>
    <wordcount weight="19" > differences </wordcount>
    <wordcount weight="18" > collected </wordcount>
    <wordcount weight="18" > tetraploid </wordcount>
    <wordcount weight="18" > diploids </wordcount>
    <wordcount weight="18" > part </wordcount>
    <wordcount weight="17" > second </wordcount>
    <wordcount weight="17" > as </wordcount>
    <wordcount weight="16" > acid </wordcount>
    <wordcount weight="16" > surface </wordcount>
    <wordcount weight="16" > more </wordcount>
    <wordcount weight="16" > all </wordcount>
    <wordcount weight="16" > j </wordcount>
    <wordcount weight="16" > characters </wordcount>
    <wordcount weight="16" > significance </wordcount>
    <wordcount weight="16" > leaf </wordcount>
    <wordcount weight="16" > d </wordcount>
    <wordcount weight="16" > third </wordcount>
    <wordcount weight="15" > by </wordcount>
    <wordcount weight="15" > ramets </wordcount>
    <wordcount weight="15" > recorded </wordcount>
    <wordcount weight="14" > genetic </wordcount>
    <wordcount weight="14" > item </wordcount>
    <wordcount weight="14" > analyses </wordcount>
    <wordcount weight="14" > very </wordcount>
    <wordcount weight="14" > which </wordcount>
    <wordcount weight="13" > emergence </wordcount>
    <wordcount weight="13" > but </wordcount>
    <wordcount weight="12" > trials </wordcount>
    <wordcount weight="12" > scores </wordcount>
    <wordcount weight="12" > g </wordcount>
    <wordcount weight="12" > ear </wordcount>
    <wordcount weight="12" > can </wordcount>
    <wordcount weight="11" > five </wordcount>
    <wordcount weight="11" > these </wordcount>
    <wordcount weight="11" > out </wordcount>
    <wordcount weight="11" > significant </wordcount>
    <wordcount weight="11" > difference </wordcount>
    <wordcount weight="11" > than </wordcount>
    <wordcount weight="10" > no </wordcount>
    <wordcount weight="10" > stem </wordcount>
    <wordcount weight="10" > each </wordcount>
    <wordcount weight="10" > found </wordcount>
    <wordcount weight="10" > genecological </wordcount>
    <wordcount weight="10" > there </wordcount>
    <wordcount weight="10" > while </wordcount>
    <wordcount weight="10" > buxton </wordcount>
    <wordcount weight="10" > highly </wordcount>
    <wordcount weight="10" > value </wordcount>
    <wordcount weight="9" > plots </wordcount>
    <wordcount weight="9" > means </wordcount>
    <wordcount weight="9" > under </wordcount>
    <wordcount weight="9" > being </wordcount>
    <wordcount weight="9" > sites </wordcount>
    <wordcount weight="9" > some </wordcount>
    <wordcount weight="9" > holt </wordcount>
    <wordcount weight="9" > have </wordcount>
    <wordcount weight="9" > so </wordcount>
    <wordcount weight="9" > estimate </wordcount>
    <wordcount weight="8" > chromosome </wordcount>
    <wordcount weight="8" > e </wordcount>
    <wordcount weight="8" > panicle </wordcount>
    <wordcount weight="8" > or </wordcount>
    <wordcount weight="8" > series </wordcount>
    <wordcount weight="8" > weak </wordcount>
    <wordcount weight="8" > most </wordcount>
    <wordcount weight="8" > number </wordcount>
    <wordcount weight="8" > size </wordcount>
    <wordcount weight="8" > grassland </wordcount>
    <wordcount weight="8" > wm </wordcount>
    <wordcount weight="8" > recording </wordcount>
    <wordcount weight="8" > pops </wordcount>
    <wordcount weight="8" > three </wordcount>
    <wordcount weight="8" > would </wordcount>
    <wordcount weight="8" > races </wordcount>
    <wordcount weight="8" > those </wordcount>
    <wordcount weight="7" > increasing </wordcount>
    <wordcount weight="7" > if </wordcount>
    <wordcount weight="7" > been </wordcount>
    <wordcount weight="7" > groups </wordcount>
    <wordcount weight="7" > they </wordcount>
    <wordcount weight="7" > their </wordcount>
    <wordcount weight="7" > parts </wordcount>
    <wordcount weight="7" > n </wordcount>
    <wordcount weight="7" > cm </wordcount>
    <wordcount weight="7" > had </wordcount>
    <wordcount weight="7" > has </wordcount>
    <wordcount weight="7" > other </wordcount>
    <wordcount weight="7" > ashdown </wordcount>
    <wordcount weight="7" > harberd </wordcount>
    <wordcount weight="7" > work </wordcount>
    <wordcount weight="7" > such </wordcount>
    <wordcount weight="7" > plant </wordcount>
    <wordcount weight="6" > at </wordcount>
    <wordcount weight="6" > similar </wordcount>
    <wordcount weight="6" > selection </wordcount>
    <wordcount weight="6" > bridgham </wordcount>
    <wordcount weight="6" > then </wordcount>
    <wordcount weight="6" > long </wordcount>
    <wordcount weight="6" > dr </wordcount>
    <wordcount weight="6" > cannock </wordcount>
    <wordcount weight="6" > given </wordcount>
    <wordcount weight="6" > uniform </wordcount>
    <wordcount weight="6" > snettisham </wordcount>
    <wordcount weight="6" > differentiation </wordcount>
    <wordcount weight="6" > low </wordcount>
    <wordcount weight="6" > grown </wordcount>
    <wordcount weight="6" > dry </wordcount>
    <wordcount weight="6" > species </wordcount>
    <wordcount weight="5" > does </wordcount>
    <wordcount weight="5" > sample </wordcount>
    <wordcount weight="5" > ecological </wordcount>
    <wordcount weight="5" > growth </wordcount>
    <wordcount weight="5" > arrow </wordcount>
    <wordcount weight="5" > might </wordcount>
    <wordcount weight="5" > square </wordcount>
    <wordcount weight="5" > importance </wordcount>
    <wordcount weight="5" > about </wordcount>
    <wordcount weight="5" > vigour </wordcount>
    <wordcount weight="5" > heather </wordcount>
    <wordcount weight="5" > character </wordcount>
    <wordcount weight="5" > different </wordcount>
    <wordcount weight="5" > could </wordcount>
    <wordcount weight="5" > material </wordcount>
    <wordcount weight="5" > habit </wordcount>
    <wordcount weight="5" > due </wordcount>
    <wordcount weight="5" > structure </wordcount>
    <wordcount weight="5" > sandringham </wordcount>
    <wordcount weight="5" > little </wordcount>
    <wordcount weight="5" > decreasing </wordcount>
    <wordcount weight="5" > score </wordcount>
    <wordcount weight="5" > norfolk </wordcount>
    <wordcount weight="5" > high </wordcount>
    <wordcount weight="5" > estimates </wordcount>
    <wordcount weight="5" > small </wordcount>
    <wordcount weight="5" > c </wordcount>
    <wordcount weight="5" > among </wordcount>
    <wordcount weight="5" > wet </wordcount>
    <wordcount weight="5" > we </wordcount>
    <wordcount weight="5" > relative </wordcount>
    <wordcount weight="4" > may </wordcount>
    <wordcount weight="4" > will </wordcount>
    <wordcount weight="4" > io </wordcount>
    <wordcount weight="4" > aa </wordcount>
    <wordcount weight="4" > per </wordcount>
    <wordcount weight="4" > large </wordcount>
    <wordcount weight="4" > study </wordcount>
    <wordcount weight="4" > studies </wordcount>
    <wordcount weight="4" > gathered </wordcount>
    <wordcount weight="4" > clearly </wordcount>
    <wordcount weight="4" > taken </wordcount>
    <wordcount weight="4" > suggested </wordcount>
    <wordcount weight="4" > cent </wordcount>
    <wordcount weight="4" > variation </wordcount>
    <wordcount weight="4" > do </wordcount>
    <wordcount weight="4" > present </wordcount>
    <wordcount weight="4" > p </wordcount>
    <wordcount weight="4" > ones </wordcount>
    <wordcount weight="4" > w </wordcount>
    <wordcount weight="4" > having </wordcount>
    <wordcount weight="4" > possible </wordcount>
    <wordcount weight="4" > degrees </wordcount>
    <wordcount weight="4" > both </wordcount>
    <wordcount weight="4" > gorse </wordcount>
    <wordcount weight="4" > increase </wordcount>
    <wordcount weight="4" > its </wordcount>
    <wordcount weight="4" > freedom </wordcount>
    <wordcount weight="4" > during </wordcount>
    <wordcount weight="4" > errors </wordcount>
    <wordcount weight="4" > genotype </wordcount>
    <wordcount weight="4" > adaptive </wordcount>
    <wordcount weight="4" > breckland </wordcount>
    <wordcount weight="4" > standard </wordcount>
    <wordcount weight="4" > cases </wordcount>
    <wordcount weight="4" > repeated </wordcount>
    <wordcount weight="4" > differ </wordcount>
    <wordcount weight="4" > much </wordcount>
    <wordcount weight="4" > using </wordcount>
    <wordcount weight="4" > apparently </wordcount>
    <wordcount weight="4" > rest </wordcount>
    <wordcount weight="3" > separation </wordcount>
    <wordcount weight="3" > scored </wordcount>
    <wordcount weight="3" > his </wordcount>
    <wordcount weight="3" > short </wordcount>
    <wordcount weight="3" > separated </wordcount>
    <wordcount weight="3" > represented </wordcount>
    <wordcount weight="3" > july </wordcount>
    <wordcount weight="3" > group </wordcount>
    <wordcount weight="3" > percentage </wordcount>
    <wordcount weight="3" > likely </wordcount>
    <wordcount weight="3" > cannot </wordcount>
    <wordcount weight="3" > examined </wordcount>
    <wordcount weight="3" > selective </wordcount>
    <wordcount weight="3" > yard </wordcount>
    <wordcount weight="3" > into </wordcount>
    <wordcount weight="3" > laid </wordcount>
    <wordcount weight="3" > daylight </wordcount>
    <wordcount weight="3" > watson </wordcount>
    <wordcount weight="3" > ovina </wordcount>
    <wordcount weight="3" > t </wordcount>
    <wordcount weight="3" > isolation </wordcount>
    <wordcount weight="3" > also </wordcount>
    <wordcount weight="3" > s </wordcount>
    <wordcount weight="3" > ii </wordcount>
    <wordcount weight="3" > give </wordcount>
    <wordcount weight="3" > later </wordcount>
    <wordcount weight="3" > important </wordcount>
    <wordcount weight="3" > isolates </wordcount>
    <wordcount weight="3" > genecology </wordcount>
    <wordcount weight="3" > natural </wordcount>
    <wordcount weight="3" > over </wordcount>
    <wordcount weight="3" > based </wordcount>
    <wordcount weight="3" > plot </wordcount>
    <wordcount weight="3" > any </wordcount>
    <wordcount weight="3" > procedure </wordcount>
    <wordcount weight="3" > near </wordcount>
    <wordcount weight="3" > considerable </wordcount>
    <wordcount weight="3" > feature </wordcount>
    <wordcount weight="3" > vegetation </wordcount>
    <wordcount weight="3" > late </wordcount>
    <wordcount weight="3" > ground </wordcount>
    <wordcount weight="3" > where </wordcount>
    <wordcount weight="3" > appears </wordcount>
    <wordcount weight="3" > less </wordcount>
    <wordcount weight="3" > experimental </wordcount>
    <wordcount weight="3" > cloned </wordcount>
    <wordcount weight="3" > lengths </wordcount>
    <wordcount weight="3" > planted </wordcount>
    <wordcount weight="3" > because </wordcount>
    <wordcount weight="3" > another </wordcount>
    <wordcount weight="3" > used </wordcount>
    <wordcount weight="3" > measuring </wordcount>
    <wordcount weight="3" > nearest </wordcount>
    <wordcount weight="3" > heath </wordcount>
    <wordcount weight="3" > thus </wordcount>
    <wordcount weight="3" > clear </wordcount>
    <wordcount weight="3" > tables </wordcount>
    <wordcount weight="3" > conditions </wordcount>
    <wordcount weight="3" > festuca </wordcount>
    <wordcount weight="3" > interest </wordcount>
    <wordcount weight="3" > approximately </wordcount>
    <wordcount weight="3" > constituent </wordcount>
    <wordcount weight="3" > earlier </wordcount>
    <wordcount weight="3" > measured </wordcount>
    <wordcount weight="3" > better </wordcount>
    <wordcount weight="3" > single </wordcount>
    <wordcount weight="3" > compared </wordcount>
    <wordcount weight="3" > up </wordcount>
    <wordcount weight="3" > probably </wordcount>
    <wordcount weight="2" > set </wordcount>
    <wordcount weight="2" > seems </wordcount>
    <wordcount weight="2" > f </wordcount>
    <wordcount weight="2" > relationship </wordcount>
    <wordcount weight="2" > situation </wordcount>
    <wordcount weight="2" > whose </wordcount>
    <wordcount weight="2" > observations </wordcount>
    <wordcount weight="2" > without </wordcount>
    <wordcount weight="2" > independent </wordcount>
    <wordcount weight="2" > main </wordcount>
    <wordcount weight="2" > environmental </wordcount>
    <wordcount weight="2" > primarily </wordcount>
    <wordcount weight="2" > lolium </wordcount>
    <wordcount weight="2" > collections </wordcount>
    <wordcount weight="2" > direct </wordcount>
    <wordcount weight="2" > often </wordcount>
    <wordcount weight="2" > tend </wordcount>
    <wordcount weight="2" > yet </wordcount>
    <wordcount weight="2" > interpretation </wordcount>
    <wordcount weight="2" > counterparts </wordcount>
    <wordcount weight="2" > former </wordcount>
    <wordcount weight="2" > quite </wordcount>
    <wordcount weight="2" > statistical </wordcount>
    <wordcount weight="2" > proof </wordcount>
    <wordcount weight="2" > environment </wordcount>
    <wordcount weight="2" > replications </wordcount>
    <wordcount weight="2" > grazed </wordcount>
    <wordcount weight="2" > heavy </wordcount>
    <wordcount weight="2" > nongenetic </wordcount>
    <wordcount weight="2" > before </wordcount>
    <wordcount weight="2" > following </wordcount>
    <wordcount weight="2" > same </wordcount>
    <wordcount weight="2" > nine </wordcount>
    <wordcount weight="2" > experiment </wordcount>
    <wordcount weight="2" > too </wordcount>
    <wordcount weight="2" > grasslands </wordcount>
    <wordcount weight="2" > already </wordcount>
    <wordcount weight="2" > four </wordcount>
    <wordcount weight="2" > containing </wordcount>
    <wordcount weight="2" > show </wordcount>
    <wordcount weight="2" > records </wordcount>
    <wordcount weight="2" > concerned </wordcount>
    <wordcount weight="2" > lower </wordcount>
    <wordcount weight="2" > shorter </wordcount>
    <wordcount weight="2" > known </wordcount>
    <wordcount weight="2" > community </wordcount>
    <wordcount weight="2" > inflorescences </wordcount>
    <wordcount weight="2" > comparison </wordcount>
    <wordcount weight="2" > know </wordcount>
    <wordcount weight="2" > again </wordcount>
    <wordcount weight="2" > fig </wordcount>
    <wordcount weight="2" > season </wordcount>
    <wordcount weight="2" > addition </wordcount>
    <wordcount weight="2" > shows </wordcount>
    <wordcount weight="2" > lead </wordcount>
    <wordcount weight="2" > location </wordcount>
    <wordcount weight="2" > did </wordcount>
    <wordcount weight="2" > appearance </wordcount>
    <wordcount weight="2" > printed </wordcount>
    <wordcount weight="2" > great </wordcount>
    <wordcount weight="2" > britain </wordcount>
    <wordcount weight="2" > origin </wordcount>
    <wordcount weight="2" > clone </wordcount>
    <wordcount weight="2" > habitat </wordcount>
    <wordcount weight="2" > differed </wordcount>
    <wordcount weight="2" > compound </wordcount>
    <wordcount weight="2" > serious </wordcount>
    <wordcount weight="2" > type </wordcount>
    <wordcount weight="2" > miles </wordcount>
    <wordcount weight="2" > schemes </wordcount>
    <wordcount weight="2" > rabbit </wordcount>
    <wordcount weight="2" > selected </wordcount>
    <wordcount weight="2" > form </wordcount>
    <wordcount weight="2" > badly </wordcount>
    <wordcount weight="2" > daylength </wordcount>
    <wordcount weight="2" > gives </wordcount>
    <wordcount weight="2" > advice </wordcount>
    <wordcount weight="2" > her </wordcount>
    <wordcount weight="2" > well </wordcount>
    <wordcount weight="2" > yield </wordcount>
    <wordcount weight="2" > information </wordcount>
    <wordcount weight="2" > r </wordcount>
    <wordcount weight="2" > treated </wordcount>
    <wordcount weight="2" > made </wordcount>
    <wordcount weight="2" > explanation </wordcount>
    <wordcount weight="2" > ecologically </wordcount>
    <wordcount weight="2" > far </wordcount>
    <wordcount weight="2" > significantly </wordcount>
    <wordcount weight="2" > point </wordcount>
    <wordcount weight="2" > breeding </wordcount>
    <wordcount weight="2" > visited </wordcount>
    <wordcount weight="2" > though </wordcount>
    <wordcount weight="2" > use </wordcount>
    <wordcount weight="2" > split </wordcount>
    <wordcount weight="2" > dense </wordcount>
    <wordcount weight="2" > varied </wordcount>
    <wordcount weight="2" > like </wordcount>
    <wordcount weight="2" > precision </wordcount>
    <wordcount weight="2" > examination </wordcount>
    <wordcount weight="2" > field </wordcount>
    <wordcount weight="2" > theories </wordcount>
    <wordcount weight="2" > shown </wordcount>
    <wordcount weight="2" > spring </wordcount>
    <wordcount weight="2" > accuracy </wordcount>
    <wordcount weight="2" > development </wordcount>
    <wordcount weight="2" > initial </wordcount>
    <wordcount weight="2" > finding </wordcount>
    <wordcount weight="2" > unpublished </wordcount>
    <wordcount weight="2" > points </wordcount>
    <wordcount weight="2" > damage </wordcount>
    <wordcount weight="2" > characteristic </wordcount>
    <wordcount weight="2" > although </wordcount>
    <wordcount weight="2" > grass </wordcount>
    <wordcount weight="2" > course </wordcount>
    <wordcount weight="2" > contrast </wordcount>
    <wordcount weight="2" > repeat </wordcount>
    <wordcount weight="2" > nor </wordcount>
    <wordcount weight="2" > latter </wordcount>
    <wordcount weight="2" > around </wordcount>
    <wordcount weight="2" > several </wordcount>
    <wordcount weight="2" > continuous </wordcount>
    <wordcount weight="2" > vary </wordcount>
    <wordcount weight="2" > effect </wordcount>
    <wordcount weight="2" > even </wordcount>
    <wordcount weight="2" > guess </wordcount>
    <wordcount weight="2" > designed </wordcount>
    <wordcount weight="2" > should </wordcount>
    <wordcount weight="2" > geographical </wordcount>
    <wordcount weight="1" > column </wordcount>
    <wordcount weight="1" > desposit </wordcount>
    <wordcount weight="1" > carried </wordcount>
    <wordcount weight="1" > morphology </wordcount>
    <wordcount weight="1" > assessed </wordcount>
    <wordcount weight="1" > yields </wordcount>
    <wordcount weight="1" > now </wordcount>
    <wordcount weight="1" > dead </wordcount>
    <wordcount weight="1" > units </wordcount>
    <wordcount weight="1" > o </wordcount>
    <wordcount weight="1" > shoot </wordcount>
    <wordcount weight="1" > reduced </wordcount>
    <wordcount weight="1" > m </wordcount>
    <wordcount weight="1" > diagrams </wordcount>
    <wordcount weight="1" > sussex </wordcount>
    <wordcount weight="1" > absence </wordcount>
    <wordcount weight="1" > residual </wordcount>
    <wordcount weight="1" > various </wordcount>
    <wordcount weight="1" > scoring </wordcount>
    <wordcount weight="1" > true </wordcount>
    <wordcount weight="1" > correlation </wordcount>
    <wordcount weight="1" > tne </wordcount>
    <wordcount weight="1" > gather </wordcount>
    <wordcount weight="1" > distinction </wordcount>
    <wordcount weight="1" > taraxacum </wordcount>
    <wordcount weight="1" > excepting </wordcount>
    <wordcount weight="1" > l </wordcount>
    <wordcount weight="1" > taxonomy </wordcount>
    <wordcount weight="1" > how </wordcount>
    <wordcount weight="1" > piece </wordcount>
    <wordcount weight="1" > attains </wordcount>
    <wordcount weight="1" > site </wordcount>
    <wordcount weight="1" > pieces </wordcount>
    <wordcount weight="1" > techniques </wordcount>
    <wordcount weight="1" > limited </wordcount>
    <wordcount weight="1" > play </wordcount>
    <wordcount weight="1" > unit </wordcount>
    <wordcount weight="1" > affected </wordcount>
    <wordcount weight="1" > extreme </wordcount>
    <wordcount weight="1" > randomly </wordcount>
    <wordcount weight="1" > vertical </wordcount>
    <wordcount weight="1" > indication </wordcount>
    <wordcount weight="1" > cooper </wordcount>
    <wordcount weight="1" > nearly </wordcount>
    <wordcount weight="1" > death </wordcount>
    <wordcount weight="1" > reflexions </wordcount>
    <wordcount weight="1" > get </wordcount>
    <wordcount weight="1" > deviation </wordcount>
    <wordcount weight="1" > etc </wordcount>
    <wordcount weight="1" > reduce </wordcount>
    <wordcount weight="1" > environments </wordcount>
    <wordcount weight="1" > seen </wordcount>
    <wordcount weight="1" > itself </wordcount>
    <wordcount weight="1" > introduction </wordcount>
    <wordcount weight="1" > appear </wordcount>
    <wordcount weight="1" > make </wordcount>
    <wordcount weight="1" > probability </wordcount>
    <wordcount weight="1" > indicates </wordcount>
    <wordcount weight="1" > distributed </wordcount>
    <wordcount weight="1" > eight </wordcount>
    <wordcount weight="1" > scottish </wordcount>
    <wordcount weight="1" > greenhouse </wordcount>
    <wordcount weight="1" > certain </wordcount>
    <wordcount weight="1" > reflection </wordcount>
    <wordcount weight="1" > adjustments </wordcount>
    <wordcount weight="1" > southern </wordcount>
    <wordcount weight="1" > hold </wordcount>
    <wordcount weight="1" > makes </wordcount>
    <wordcount weight="1" > distant </wordcount>
    <wordcount weight="1" > biotype </wordcount>
    <wordcount weight="1" > acetosella </wordcount>
    <wordcount weight="1" > calcicolous </wordcount>
    <wordcount weight="1" > fall </wordcount>
    <wordcount weight="1" > guide </wordcount>
    <wordcount weight="1" > once </wordcount>
    <wordcount weight="1" > patches </wordcount>
    <wordcount weight="1" > surprising </wordcount>
    <wordcount weight="1" > factors </wordcount>
    <wordcount weight="1" > competition </wordcount>
    <wordcount weight="1" > rb </wordcount>
    <wordcount weight="1" > usefully </wordcount>
    <wordcount weight="1" > supposed </wordcount>
    <wordcount weight="1" > composed </wordcount>
    <wordcount weight="1" > supporting </wordcount>
    <wordcount weight="1" > fair </wordcount>
    <wordcount weight="1" > randomized </wordcount>
    <wordcount weight="1" > reason </wordcount>
    <wordcount weight="1" > sewellwright </wordcount>
    <wordcount weight="1" > inaccuracy </wordcount>
    <wordcount weight="1" > double </wordcount>
    <wordcount weight="1" > pests </wordcount>
    <wordcount weight="1" > cloning </wordcount>
    <wordcount weight="1" > belittling </wordcount>
    <wordcount weight="1" > easily </wordcount>
    <wordcount weight="1" > millimetre </wordcount>
    <wordcount weight="1" > relationships </wordcount>
    <wordcount weight="1" > case </wordcount>
    <wordcount weight="1" > sheaths </wordcount>
    <wordcount weight="1" > buto </wordcount>
    <wordcount weight="1" > investigate </wordcount>
    <wordcount weight="1" > rigorous </wordcount>
    <wordcount weight="1" > nezw </wordcount>
    <wordcount weight="1" > thick </wordcount>
    <wordcount weight="1" > east </wordcount>
    <wordcount weight="1" > whereas </wordcount>
    <wordcount weight="1" > biased </wordcount>
    <wordcount weight="1" > increased </wordcount>
    <wordcount weight="1" > genetical </wordcount>
    <wordcount weight="1" > reasonably </wordcount>
    <wordcount weight="1" > distributional </wordcount>
    <wordcount weight="1" > rumex </wordcount>
    <wordcount weight="1" > improvement </wordcount>
    <wordcount weight="1" > western </wordcount>
    <wordcount weight="1" > differentiated </wordcount>
    <wordcount weight="1" > necessarily </wordcount>
    <wordcount weight="1" > neutral </wordcount>
    <wordcount weight="1" > variable </wordcount>
    <wordcount weight="1" > practised </wordcount>
    <wordcount weight="1" > instance </wordcount>
    <wordcount weight="1" > constant </wordcount>
    <wordcount weight="1" > marks </wordcount>
    <wordcount weight="1" > complete </wordcount>
    <wordcount weight="1" > quoted </wordcount>
    <wordcount weight="1" > weather </wordcount>
    <wordcount weight="1" > patch </wordcount>
    <wordcount weight="1" > attain </wordcount>
    <wordcount weight="1" > agg </wordcount>
    <wordcount weight="1" > every </wordcount>
    <wordcount weight="1" > gradually </wordcount>
    <wordcount weight="1" > result </wordcount>
    <wordcount weight="1" > source </wordcount>
    <wordcount weight="1" > mentioned </wordcount>
    <wordcount weight="1" > changing </wordcount>
    <wordcount weight="1" > suffolk </wordcount>
    <wordcount weight="1" > britainvariance </wordcount>
    <wordcount weight="1" > conjunction </wordcount>
    <wordcount weight="1" > tempting </wordcount>
    <wordcount weight="1" > keck </wordcount>
    <wordcount weight="1" > must </wordcount>
    <wordcount weight="1" > measurements </wordcount>
    <wordcount weight="1" > np </wordcount>
    <wordcount weight="1" > demonstrate </wordcount>
    <wordcount weight="1" > simply </wordcount>
    <wordcount weight="1" > limit </wordcount>
    <wordcount weight="1" > extensive </wordcount>
    <wordcount weight="1" > noted </wordcount>
    <wordcount weight="1" > extension </wordcount>
    <wordcount weight="1" > only </wordcount>
    <wordcount weight="1" > neighbouring </wordcount>
    <wordcount weight="1" > map </wordcount>
    <wordcount weight="1" > published </wordcount>
    <wordcount weight="1" > satisfactory </wordcount>
    <wordcount weight="1" > botanical </wordcount>
    <wordcount weight="1" > inference </wordcount>
    <wordcount weight="1" > hence </wordcount>
    <wordcount weight="1" > perhaps </wordcount>
    <wordcount weight="1" > june </wordcount>
    <wordcount weight="1" > edges </wordcount>
    <wordcount weight="1" > inadmissible </wordcount>
    <wordcount weight="1" > distinguishing </wordcount>
    <wordcount weight="1" > permission </wordcount>
    <wordcount weight="1" > suppl </wordcount>
    <wordcount weight="1" > derives </wordcount>
    <wordcount weight="1" > restriction </wordcount>
    <wordcount weight="1" > caryologia </wordcount>
    <wordcount weight="1" > attacks </wordcount>
    <wordcount weight="1" > erroneous </wordcount>
    <wordcount weight="1" > technique </wordcount>
    <wordcount weight="1" > rate </wordcount>
    <wordcount weight="1" > stronger </wordcount>
    <wordcount weight="1" > figure </wordcount>
    <wordcount weight="1" > chalk </wordcount>
    <wordcount weight="1" > others </wordcount>
    <wordcount weight="1" > cut </wordcount>
    <wordcount weight="1" > constitution </wordcount>
    <wordcount weight="1" > calcareous </wordcount>
    <wordcount weight="1" > bearing </wordcount>
    <wordcount weight="1" > intraspecific </wordcount>
    <wordcount weight="1" > winter </wordcount>
    <wordcount weight="1" > many </wordcount>
    <wordcount weight="1" > hopefully </wordcount>
    <wordcount weight="1" > greater </wordcount>
    <wordcount weight="1" > nature </wordcount>
    <wordcount weight="1" > indicative </wordcount>
    <wordcount weight="1" > paper </wordcount>
    <wordcount weight="1" > expressed </wordcount>
    <wordcount weight="1" > closely </wordcount>
    <wordcount weight="1" > my </wordcount>
    <wordcount weight="1" > remembered </wordcount>
    <wordcount weight="1" > fact </wordcount>
    <wordcount weight="1" > contained </wordcount>
    <wordcount weight="1" > sizes </wordcount>
    <wordcount weight="1" > introduce </wordcount>
    <wordcount weight="1" > yards </wordcount>
    <wordcount weight="1" > height </wordcount>
    <wordcount weight="1" > seem </wordcount>
    <wordcount weight="1" > available </wordcount>
    <wordcount weight="1" > gone </wordcount>
    <wordcount weight="1" > zi </wordcount>
    <wordcount weight="1" > straightforward </wordcount>
    <wordcount weight="1" > striking </wordcount>
    <wordcount weight="1" > six </wordcount>
    <wordcount weight="1" > correspondingly </wordcount>
    <wordcount weight="1" > together </wordcount>
    <wordcount weight="1" > bulk </wordcount>
    <wordcount weight="1" > simple </wordcount>
    <wordcount weight="1" > requirements </wordcount>
    <wordcount weight="1" > blown </wordcount>
    <wordcount weight="1" > current </wordcount>
    <wordcount weight="1" > report </wordcount>
    <wordcount weight="1" > bias </wordcount>
    <wordcount weight="1" > foundation </wordcount>
    <wordcount weight="1" > remarked </wordcount>
    <wordcount weight="1" > seven </wordcount>
    <wordcount weight="1" > enable </wordcount>
    <wordcount weight="1" > region </wordcount>
    <wordcount weight="1" > particularly </wordcount>
    <wordcount weight="1" > gregor </wordcount>
    <wordcount weight="1" > genecologically </wordcount>
    <wordcount weight="1" > studied </wordcount>
    <wordcount weight="1" > new </wordcount>
    <wordcount weight="1" > chosen </wordcount>
    <wordcount weight="1" > thanks </wordcount>
    <wordcount weight="1" > apex </wordcount>
    <wordcount weight="1" > scheme </wordcount>
    <wordcount weight="1" > reveal </wordcount>
    <wordcount weight="1" > omitted </wordcount>
    <wordcount weight="1" > bud </wordcount>
    <wordcount weight="1" > resulting </wordcount>
    <wordcount weight="1" > bombing </wordcount>
    <wordcount weight="1" > identical </wordcount>
    <wordcount weight="1" > examining </wordcount>
    <wordcount weight="1" > pattern </wordcount>
    <wordcount weight="1" > climate </wordcount>
    <wordcount weight="1" > somewhat </wordcount>
    <wordcount weight="1" > plantago </wordcount>
    <wordcount weight="1" > big </wordcount>
    <wordcount weight="1" > patterns </wordcount>
    <wordcount weight="1" > unimportant </wordcount>
    <wordcount weight="1" > indicate </wordcount>
    <wordcount weight="1" > accurately </wordcount>
    <wordcount weight="1" > date </wordcount>
    <wordcount weight="1" > hand </wordcount>
    <wordcount weight="1" > typical </wordcount>
    <wordcount weight="1" > growing </wordcount>
    <wordcount weight="1" > influences </wordcount>
    <wordcount weight="1" > airaflexuosa </wordcount>
    <wordcount weight="1" > bracken </wordcount>
    <wordcount weight="1" > ecotype </wordcount>
    <wordcount weight="1" > standardized </wordcount>
    <wordcount weight="1" > classified </wordcount>
    <wordcount weight="1" > normal </wordcount>
    <wordcount weight="1" > boxes </wordcount>
    <wordcount weight="1" > according </wordcount>
    <wordcount weight="1" > equal </wordcount>
    <wordcount weight="1" > numbers </wordcount>
    <wordcount weight="1" > essentially </wordcount>
    <wordcount weight="1" > maritima </wordcount>
    <wordcount weight="1" > angle </wordcount>
    <wordcount weight="1" > agrostis </wordcount>
    <wordcount weight="1" > purposes </wordcount>
    <wordcount weight="1" > carefully </wordcount>
    <wordcount weight="1" > combined </wordcount>
    <wordcount weight="1" > them </wordcount>
    <wordcount weight="1" > whether </wordcount>
    <wordcount weight="1" > ryegrass </wordcount>
    <wordcount weight="1" > final </wordcount>
    <wordcount weight="1" > system </wordcount>
    <wordcount weight="1" > making </wordcount>
    <wordcount weight="1" > references </wordcount>
    <wordcount weight="1" > particular </wordcount>
    <wordcount weight="1" > scale </wordcount>
    <wordcount weight="1" > practice </wordcount>
    <wordcount weight="1" > placed </wordcount>
    <wordcount weight="1" > forthcoming </wordcount>
    <wordcount weight="1" > zn </wordcount>
    <wordcount weight="1" > sqme </wordcount>
    <wordcount weight="1" > guidance </wordcount>
    <wordcount weight="1" > theory </wordcount>
    <wordcount weight="1" > debate </wordcount>
    <wordcount weight="1" > distribution </wordcount>
    <wordcount weight="1" > wide </wordcount>
    <wordcount weight="1" > heavily </wordcount>
    <wordcount weight="1" > method </wordcount>
    <wordcount weight="1" > after </wordcount>
    <wordcount weight="1" > iv </wordcount>
    <wordcount weight="1" > briefly </wordcount>
    <wordcount weight="1" > day </wordcount>
    <wordcount weight="1" > convenient </wordcount>
    <wordcount weight="1" > inflorescence </wordcount>
    <wordcount weight="1" > require </wordcount>
    <wordcount weight="1" > failure </wordcount>
    <wordcount weight="1" > planting </wordcount>
    <wordcount weight="1" > losses </wordcount>
    <wordcount weight="1" > classical </wordcount>
    <wordcount weight="1" > sharply </wordcount>
    <wordcount weight="1" > almost </wordcount>
    <wordcount weight="1" > balance </wordcount>
    <wordcount weight="1" > local </wordcount>
    <wordcount weight="1" > account </wordcount>
    <wordcount weight="1" > vol </wordcount>
    <wordcount weight="1" > demonstrated </wordcount>
    <wordcount weight="1" > grouping </wordcount>
    <wordcount weight="1" > week </wordcount>
    <wordcount weight="1" > eighteen </wordcount>
    <wordcount weight="1" > marked </wordcount>
    <wordcount weight="1" > italian </wordcount>
    <wordcount weight="1" > flourish </wordcount>
    <wordcount weight="1" > intriguing </wordcount>
    <wordcount weight="1" > condition </wordcount>
    <wordcount weight="1" > exclusively </wordcount>
    <wordcount weight="1" > discussion </wordcount>
    <wordcount weight="1" > finished </wordcount>
    <wordcount weight="1" > throw </wordcount>
    <wordcount weight="1" > midlothian </wordcount>
    <wordcount weight="1" > april </wordcount>
    <wordcount weight="1" > upon </wordcount>
    <wordcount weight="1" > occasionally </wordcount>
    <wordcount weight="1" > stafford </wordcount>
    <wordcount weight="1" > nonselective </wordcount>
    <wordcount weight="1" > thirds </wordcount>
    <wordcount weight="1" > genotypical </wordcount>
    <wordcount weight="1" > ill </wordcount>
    <wordcount weight="1" > illustrated </wordcount>
    <wordcount weight="1" > reported </wordcount>
    <wordcount weight="1" > finney </wordcount>
    <wordcount weight="1" > except </wordcount>
    <wordcount weight="1" > crude </wordcount>
    <wordcount weight="1" > including </wordcount>
    <wordcount weight="1" > spurious </wordcount>
    <wordcount weight="1" > visitors </wordcount>
    <wordcount weight="1" > quantity </wordcount>
    <wordcount weight="1" > knowledge </wordcount>
    <wordcount weight="1" > dynamic </wordcount>
    <wordcount weight="1" > reduction </wordcount>
    <wordcount weight="1" > italy </wordcount>
    <wordcount weight="1" > markedly </wordcount>
    <wordcount weight="1" > genetically </wordcount>
    <wordcount weight="1" > variability </wordcount>
    <wordcount weight="1" > representing </wordcount>
    <wordcount weight="1" > data </wordcount>
    <wordcount weight="1" > medium </wordcount>
    <wordcount weight="1" > head </wordcount>
    <wordcount weight="1" > positions </wordcount>
    <wordcount weight="1" > subject </wordcount>
    <wordcount weight="1" > clubfor </wordcount>
    <wordcount weight="1" > varying </wordcount>
    <wordcount weight="1" > entirely </wordcount>
    <wordcount weight="1" > loss </wordcount>
    <wordcount weight="1" > expression </wordcount>
    <wordcount weight="1" > exceeded </wordcount>
    <wordcount weight="1" > genuine </wordcount>
    <wordcount weight="1" > repeating </wordcount>
    <wordcount weight="1" > contribute </wordcount>
    <wordcount weight="1" > consistently </wordcount>
    <wordcount weight="1" > largely </wordcount>
    <wordcount weight="1" > sand </wordcount>
    <wordcount weight="1" > station </wordcount>
    <wordcount weight="1" > distinguishable </wordcount>
    <wordcount weight="1" > assume </wordcount>
    <wordcount weight="1" > causes </wordcount>
    <wordcount weight="1" > beneficially </wordcount>
    <wordcount weight="1" > carnegie </wordcount>
    <wordcount weight="1" > phenomenon </wordcount>
    <wordcount weight="1" > contains </wordcount>
    <wordcount weight="1" > mention </wordcount>
    <wordcount weight="1" > people </wordcount>
    <wordcount weight="1" > us </wordcount>
    <wordcount weight="1" > heading </wordcount>
    <wordcount weight="1" > placing </wordcount>
    <wordcount weight="1" > denied </wordcount>
    <wordcount weight="1" > allocated </wordcount>
    <wordcount weight="1" > watt </wordcount>
    <wordcount weight="1" > imposes </wordcount>
    <wordcount weight="1" > our </wordcount>
    <wordcount weight="1" > includes </wordcount>
    <wordcount weight="1" > tussocky </wordcount>
    <wordcount weight="1" > come </wordcount>
    <wordcount weight="1" > observed </wordcount>
    <wordcount weight="1" > demonstration </wordcount>
    <wordcount weight="1" > full </wordcount>
    <wordcount weight="1" > publication </wordcount>
    <wordcount weight="1" > overlap </wordcount>
    <wordcount weight="1" > wild </wordcount>
    <wordcount weight="1" > institution </wordcount>
    <wordcount weight="1" > anglia </wordcount>
    <wordcount weight="1" > described </wordcount>
    <wordcount weight="1" > showing </wordcount>
    <wordcount weight="1" > manage </wordcount>
    <wordcount weight="1" > spacing </wordcount>
    <wordcount weight="1" > severe </wordcount>
    <wordcount weight="1" > open </wordcount>
    <wordcount weight="1" > doubting </wordcount>
    <wordcount weight="1" > rubra </wordcount>
    <wordcount weight="1" > since </wordcount>
    <wordcount weight="1" > misclassified </wordcount>
    <wordcount weight="1" > attributed </wordcount>
    <wordcount weight="1" > leads </wordcount>
    <wordcount weight="1" > decrease </wordcount>
    <wordcount weight="1" > weeks </wordcount>
    <wordcount weight="1" > count </wordcount>
    <wordcount weight="1" > safe </wordcount>
    <wordcount weight="1" > authors </wordcount>
    <wordcount weight="1" > september </wordcount>
    <wordcount weight="1" > either </wordcount>
    <wordcount weight="1" > delay </wordcount>
    <wordcount weight="1" > related </wordcount>
    <wordcount weight="1" > author </wordcount>
    <wordcount weight="1" > agreement </wordcount>
    <wordcount weight="1" > taxonomic </wordcount>
    <wordcount weight="1" > mat </wordcount>
    <wordcount weight="1" > relatively </wordcount>
    <wordcount weight="1" > regarded </wordcount>
    <wordcount weight="1" > rhizomatous </wordcount>
    <wordcount weight="1" > held </wordcount>
    <wordcount weight="1" > sketch </wordcount>
    <wordcount weight="1" > mixed </wordcount>
    <wordcount weight="1" > symposium </wordcount>
    <wordcount weight="1" > times </wordcount>
    <wordcount weight="1" > correct </wordcount>
    <wordcount weight="1" > american </wordcount>
    <wordcount weight="1" > useful </wordcount>
    <wordcount weight="1" > spread </wordcount>
    <wordcount weight="1" > evidence </wordcount>
    <wordcount weight="1" > oooi </wordcount>
    <wordcount weight="1" > suggest </wordcount>
    <wordcount weight="1" > simpler </wordcount>
    <wordcount weight="1" > expected </wordcount>
    <wordcount weight="1" > tabulated </wordcount>
    <wordcount weight="1" > rarer </wordcount>
    <wordcount weight="1" > kind </wordcount>
    <wordcount weight="1" > order </wordcount>
    <wordcount weight="1" > ecology </wordcount>
    <wordcount weight="1" > phenotypes </wordcount>
    <wordcount weight="1" > prostrate </wordcount>
    <wordcount weight="1" > expressing </wordcount>
    <wordcount weight="1" > emerging </wordcount>
    <wordcount weight="1" > enclosure </wordcount>
    <wordcount weight="1" > distinct </wordcount>
    <wordcount weight="1" > items </wordcount>
    <wordcount weight="1" > least </wordcount>
    <wordcount weight="1" > exchange </wordcount>
    <wordcount weight="1" > mistakes </wordcount>
    <wordcount weight="1" > summary </wordcount>
    <wordcount weight="1" > drastically </wordcount>
    <wordcount weight="1" > rubble </wordcount>
    <wordcount weight="1" > characteristics </wordcount>
    <wordcount weight="1" > concerning </wordcount>
    <wordcount weight="1" > observation </wordcount>
    <wordcount weight="1" > separately </wordcount>
    <wordcount weight="1" > random </wordcount>
    <wordcount weight="1" > problems </wordcount>
    <wordcount weight="1" > wider </wordcount>
    <wordcount weight="1" > contrary </wordcount>
    <wordcount weight="1" > measurement </wordcount>
    <wordcount weight="1" > speed </wordcount>
    <wordcount weight="1" > response </wordcount>
    <wordcount weight="1" > normally </wordcount>
    <wordcount weight="1" > assumed </wordcount>
    <wordcount weight="1" > alpine </wordcount>
    <wordcount weight="1" > restrict </wordcount>
    <wordcount weight="1" > justifiable </wordcount>
    <wordcount weight="1" > eurasiatic </wordcount>
    <wordcount weight="1" > erected </wordcount>
    <wordcount weight="1" > iubs </wordcount>
    <wordcount weight="1" > tenuis </wordcount>
    <wordcount weight="1" > suitable </wordcount>
    <wordcount weight="1" > missing </wordcount>
    <wordcount weight="1" > distinguished </wordcount>
    <wordcount weight="1" > variations </wordcount>
    <wordcount weight="1" > centimetre </wordcount>
    <wordcount weight="1" > values </wordcount>
    <wordcount weight="1" > arranged </wordcount>
    <wordcount weight="1" > genetics </wordcount>
    <wordcount weight="1" > tended </wordcount>
    <wordcount weight="1" > fourth </wordcount>
    <wordcount weight="1" > asterisks </wordcount>
    <wordcount weight="1" > agrees </wordcount>
    <wordcount weight="1" > withvariance </wordcount>
    <wordcount weight="1" > hollow </wordcount>
    <wordcount weight="1" > early </wordcount>
    <wordcount weight="1" > when </wordcount>
    <wordcount weight="1" > occur </wordcount>
    <wordcount weight="1" > aim </wordcount>
    <wordcount weight="1" > ioi </wordcount>
    <wordcount weight="1" > slightly </wordcount>
    <wordcount weight="1" > disappearsvariance </wordcount>
    <wordcount weight="1" > increases </wordcount>
    <wordcount weight="1" > results </wordcount>
    <wordcount weight="1" > figures </wordcount>
    <wordcount weight="1" > counts </wordcount>
    <wordcount weight="1" > tendency </wordcount>
    <wordcount weight="1" > north </wordcount>
    <wordcount weight="1" > completion </wordcount>
    <wordcount weight="1" > sphagnum </wordcount>
    <wordcount weight="1" > insignificant </wordcount>
    <wordcount weight="1" > quarter </wordcount>
    <wordcount weight="1" > cladonia </wordcount>
    <wordcount weight="1" > time </wordcount>
    <wordcount weight="1" > influence </wordcount>
    <wordcount weight="1" > race </wordcount>
    <wordcount weight="1" > close </wordcount>
    <wordcount weight="1" > evenly </wordcount>
    <wordcount weight="1" > seemed </wordcount>
    <wordcount weight="1" > avoid </wordcount>
    <wordcount weight="1" > tufted </wordcount>
    <wordcount weight="1" > apparent </wordcount>
</article>
