<?xml version="1.0" encoding="UTF-8"?>
<article id="10.2307/2428512" >
    <wordcount weight="316" > the </wordcount>
    <wordcount weight="274" > of </wordcount>
    <wordcount weight="121" > and </wordcount>
    <wordcount weight="98" > to </wordcount>
    <wordcount weight="86" > in </wordcount>
    <wordcount weight="83" > a </wordcount>
    <wordcount weight="80" > p </wordcount>
    <wordcount weight="57" > is </wordcount>
    <wordcount weight="51" > species </wordcount>
    <wordcount weight="50" > be </wordcount>
    <wordcount weight="49" > that </wordcount>
    <wordcount weight="44" > by </wordcount>
    <wordcount weight="39" > on </wordcount>
    <wordcount weight="38" > it </wordcount>
    <wordcount weight="38" > pratense </wordcount>
    <wordcount weight="38" > are </wordcount>
    <wordcount weight="37" > as </wordcount>
    <wordcount weight="33" > which </wordcount>
    <wordcount weight="30" > group </wordcount>
    <wordcount weight="30" > not </wordcount>
    <wordcount weight="29" > been </wordcount>
    <wordcount weight="27" > alpinum </wordcount>
    <wordcount weight="27" > has </wordcount>
    <wordcount weight="27" > have </wordcount>
    <wordcount weight="26" > groups </wordcount>
    <wordcount weight="23" > i </wordcount>
    <wordcount weight="22" > l </wordcount>
    <wordcount weight="22" > or </wordcount>
    <wordcount weight="21" > for </wordcount>
    <wordcount weight="21" > within </wordcount>
    <wordcount weight="20" > habitat </wordcount>
    <wordcount weight="19" > may </wordcount>
    <wordcount weight="19" > but </wordcount>
    <wordcount weight="19" > an </wordcount>
    <wordcount weight="18" > units </wordcount>
    <wordcount weight="18" > populations </wordcount>
    <wordcount weight="18" > ecological </wordcount>
    <wordcount weight="18" > from </wordcount>
    <wordcount weight="18" > this </wordcount>
    <wordcount weight="18" > morphological </wordcount>
    <wordcount weight="17" > these </wordcount>
    <wordcount weight="17" > more </wordcount>
    <wordcount weight="17" > conditions </wordcount>
    <wordcount weight="16" > only </wordcount>
    <wordcount weight="16" > such </wordcount>
    <wordcount weight="15" > with </wordcount>
    <wordcount weight="15" > two </wordcount>
    <wordcount weight="14" > environmental </wordcount>
    <wordcount weight="14" > their </wordcount>
    <wordcount weight="13" > ii </wordcount>
    <wordcount weight="13" > phleum </wordcount>
    <wordcount weight="13" > population </wordcount>
    <wordcount weight="13" > even </wordcount>
    <wordcount weight="12" > one </wordcount>
    <wordcount weight="11" > at </wordcount>
    <wordcount weight="11" > result </wordcount>
    <wordcount weight="11" > w </wordcount>
    <wordcount weight="11" > j </wordcount>
    <wordcount weight="11" > different </wordcount>
    <wordcount weight="11" > forms </wordcount>
    <wordcount weight="11" > g </wordcount>
    <wordcount weight="10" > linnean </wordcount>
    <wordcount weight="10" > natural </wordcount>
    <wordcount weight="10" > other </wordcount>
    <wordcount weight="10" > form </wordcount>
    <wordcount weight="10" > cannot </wordcount>
    <wordcount weight="10" > ecospecies </wordcount>
    <wordcount weight="10" > differentiation </wordcount>
    <wordcount weight="10" > since </wordcount>
    <wordcount weight="10" > although </wordcount>
    <wordcount weight="10" > plants </wordcount>
    <wordcount weight="10" > between </wordcount>
    <wordcount weight="10" > than </wordcount>
    <wordcount weight="9" > delimitation </wordcount>
    <wordcount weight="9" > less </wordcount>
    <wordcount weight="9" > were </wordcount>
    <wordcount weight="9" > significance </wordcount>
    <wordcount weight="9" > area </wordcount>
    <wordcount weight="8" > no </wordcount>
    <wordcount weight="8" > under </wordcount>
    <wordcount weight="8" > experimental </wordcount>
    <wordcount weight="8" > also </wordcount>
    <wordcount weight="8" > many </wordcount>
    <wordcount weight="8" > based </wordcount>
    <wordcount weight="8" > system </wordcount>
    <wordcount weight="8" > characters </wordcount>
    <wordcount weight="8" > possible </wordcount>
    <wordcount weight="8" > its </wordcount>
    <wordcount weight="8" > both </wordcount>
    <wordcount weight="8" > taxonomic </wordcount>
    <wordcount weight="8" > present </wordcount>
    <wordcount weight="7" > they </wordcount>
    <wordcount weight="7" > nature </wordcount>
    <wordcount weight="7" > same </wordcount>
    <wordcount weight="7" > differences </wordcount>
    <wordcount weight="7" > gregor </wordcount>
    <wordcount weight="7" > there </wordcount>
    <wordcount weight="7" > those </wordcount>
    <wordcount weight="7" > particular </wordcount>
    <wordcount weight="7" > while </wordcount>
    <wordcount weight="7" > some </wordcount>
    <wordcount weight="7" > cytological </wordcount>
    <wordcount weight="7" > geographical </wordcount>
    <wordcount weight="7" > isolated </wordcount>
    <wordcount weight="7" > habitats </wordcount>
    <wordcount weight="7" > so </wordcount>
    <wordcount weight="7" > classification </wordcount>
    <wordcount weight="7" > when </wordcount>
    <wordcount weight="7" > results </wordcount>
    <wordcount weight="7" > much </wordcount>
    <wordcount weight="6" > writer </wordcount>
    <wordcount weight="6" > if </wordcount>
    <wordcount weight="6" > variety </wordcount>
    <wordcount weight="6" > certain </wordcount>
    <wordcount weight="6" > very </wordcount>
    <wordcount weight="6" > do </wordcount>
    <wordcount weight="6" > case </wordcount>
    <wordcount weight="6" > hybridisation </wordcount>
    <wordcount weight="6" > described </wordcount>
    <wordcount weight="6" > grouping </wordcount>
    <wordcount weight="6" > would </wordcount>
    <wordcount weight="6" > latter </wordcount>
    <wordcount weight="6" > general </wordcount>
    <wordcount weight="5" > will </wordcount>
    <wordcount weight="5" > where </wordcount>
    <wordcount weight="5" > relationship </wordcount>
    <wordcount weight="5" > sterile </wordcount>
    <wordcount weight="5" > growth </wordcount>
    <wordcount weight="5" > separated </wordcount>
    <wordcount weight="5" > prevailing </wordcount>
    <wordcount weight="5" > represented </wordcount>
    <wordcount weight="5" > introduction </wordcount>
    <wordcount weight="5" > yet </wordcount>
    <wordcount weight="5" > culture </wordcount>
    <wordcount weight="5" > following </wordcount>
    <wordcount weight="5" > du </wordcount>
    <wordcount weight="5" > must </wordcount>
    <wordcount weight="5" > seems </wordcount>
    <wordcount weight="5" > origin </wordcount>
    <wordcount weight="5" > considerable </wordcount>
    <wordcount weight="5" > distinct </wordcount>
    <wordcount weight="5" > appears </wordcount>
    <wordcount weight="5" > eg </wordcount>
    <wordcount weight="5" > material </wordcount>
    <wordcount weight="5" > distribution </wordcount>
    <wordcount weight="5" > local </wordcount>
    <wordcount weight="5" > demonstrated </wordcount>
    <wordcount weight="5" > x </wordcount>
    <wordcount weight="5" > hexaploid </wordcount>
    <wordcount weight="5" > exhibited </wordcount>
    <wordcount weight="5" > plant </wordcount>
    <wordcount weight="5" > smaller </wordcount>
    <wordcount weight="5" > can </wordcount>
    <wordcount weight="5" > apparently </wordcount>
    <wordcount weight="5" > value </wordcount>
    <wordcount weight="4" > factors </wordcount>
    <wordcount weight="4" > chromosome </wordcount>
    <wordcount weight="4" > he </wordcount>
    <wordcount weight="4" > limits </wordcount>
    <wordcount weight="4" > taxonomy </wordcount>
    <wordcount weight="4" > represent </wordcount>
    <wordcount weight="4" > unit </wordcount>
    <wordcount weight="4" > islands </wordcount>
    <wordcount weight="4" > types </wordcount>
    <wordcount weight="4" > var </wordcount>
    <wordcount weight="4" > pp </wordcount>
    <wordcount weight="4" > genetical </wordcount>
    <wordcount weight="4" > selective </wordcount>
    <wordcount weight="4" > magnitude </wordcount>
    <wordcount weight="4" > diploid </wordcount>
    <wordcount weight="4" > four </wordcount>
    <wordcount weight="4" > gap </wordcount>
    <wordcount weight="4" > isolation </wordcount>
    <wordcount weight="4" > distinguishing </wordcount>
    <wordcount weight="4" > sterility </wordcount>
    <wordcount weight="4" > chance </wordcount>
    <wordcount weight="4" > bearing </wordcount>
    <wordcount weight="4" > into </wordcount>
    <wordcount weight="4" > paper </wordcount>
    <wordcount weight="4" > fact </wordcount>
    <wordcount weight="4" > areas </wordcount>
    <wordcount weight="4" > indicate </wordcount>
    <wordcount weight="4" > found </wordcount>
    <wordcount weight="4" > constituents </wordcount>
    <wordcount weight="4" > any </wordcount>
    <wordcount weight="4" > varietal </wordcount>
    <wordcount weight="4" > subsequent </wordcount>
    <wordcount weight="4" > conclusions </wordcount>
    <wordcount weight="4" > homozygous </wordcount>
    <wordcount weight="4" > investigation </wordcount>
    <wordcount weight="4" > number </wordcount>
    <wordcount weight="4" > previously </wordcount>
    <wordcount weight="4" > entirely </wordcount>
    <wordcount weight="4" > island </wordcount>
    <wordcount weight="4" > constitute </wordcount>
    <wordcount weight="4" > possessing </wordcount>
    <wordcount weight="4" > individuals </wordcount>
    <wordcount weight="4" > examination </wordcount>
    <wordcount weight="4" > wild </wordcount>
    <wordcount weight="4" > employed </wordcount>
    <wordcount weight="4" > turesson </wordcount>
    <wordcount weight="4" > due </wordcount>
    <wordcount weight="4" > diploidium </wordcount>
    <wordcount weight="4" > regarded </wordcount>
    <wordcount weight="4" > journ </wordcount>
    <wordcount weight="4" > agrestis </wordcount>
    <wordcount weight="4" > several </wordcount>
    <wordcount weight="4" > evolutionary </wordcount>
    <wordcount weight="4" > single </wordcount>
    <wordcount weight="4" > research </wordcount>
    <wordcount weight="4" > distinguished </wordcount>
    <wordcount weight="4" > mainly </wordcount>
    <wordcount weight="4" > mechanical </wordcount>
    <wordcount weight="4" > little </wordcount>
    <wordcount weight="4" > ecotype </wordcount>
    <wordcount weight="3" > carried </wordcount>
    <wordcount weight="3" > f </wordcount>
    <wordcount weight="3" > separation </wordcount>
    <wordcount weight="3" > complex </wordcount>
    <wordcount weight="3" > various </wordcount>
    <wordcount weight="3" > common </wordcount>
    <wordcount weight="3" > his </wordcount>
    <wordcount weight="3" > sometimes </wordcount>
    <wordcount weight="3" > extreme </wordcount>
    <wordcount weight="3" > process </wordcount>
    <wordcount weight="3" > eliminated </wordcount>
    <wordcount weight="3" > make </wordcount>
    <wordcount weight="3" > tetraploid </wordcount>
    <wordcount weight="3" > similar </wordcount>
    <wordcount weight="3" > scottish </wordcount>
    <wordcount weight="3" > parts </wordcount>
    <wordcount weight="3" > selection </wordcount>
    <wordcount weight="3" > see </wordcount>
    <wordcount weight="3" > means </wordcount>
    <wordcount weight="3" > hexaploidium </wordcount>
    <wordcount weight="3" > differentiated </wordcount>
    <wordcount weight="3" > lowland </wordcount>
    <wordcount weight="3" > experiments </wordcount>
    <wordcount weight="3" > complete </wordcount>
    <wordcount weight="3" > descriptions </wordcount>
    <wordcount weight="3" > mentioned </wordcount>
    <wordcount weight="3" > biotic </wordcount>
    <wordcount weight="3" > advisable </wordcount>
    <wordcount weight="3" > name </wordcount>
    <wordcount weight="3" > was </wordcount>
    <wordcount weight="3" > der </wordcount>
    <wordcount weight="3" > m </wordcount>
    <wordcount weight="3" > pubescens </wordcount>
    <wordcount weight="3" > taken </wordcount>
    <wordcount weight="3" > others </wordcount>
    <wordcount weight="3" > each </wordcount>
    <wordcount weight="3" > all </wordcount>
    <wordcount weight="3" > limited </wordcount>
    <wordcount weight="3" > occurrence </wordcount>
    <wordcount weight="3" > hybrid </wordcount>
    <wordcount weight="3" > genus </wordcount>
    <wordcount weight="3" > britain </wordcount>
    <wordcount weight="3" > combinations </wordcount>
    <wordcount weight="3" > studied </wordcount>
    <wordcount weight="3" > obviously </wordcount>
    <wordcount weight="3" > modification </wordcount>
    <wordcount weight="3" > nodosum </wordcount>
    <wordcount weight="3" > great </wordcount>
    <wordcount weight="3" > term </wordcount>
    <wordcount weight="3" > further </wordcount>
    <wordcount weight="3" > physiological </wordcount>
    <wordcount weight="3" > them </wordcount>
    <wordcount weight="3" > whether </wordcount>
    <wordcount weight="3" > speciosa </wordcount>
    <wordcount weight="3" > existence </wordcount>
    <wordcount weight="3" > edinburgh </wordcount>
    <wordcount weight="3" > because </wordcount>
    <wordcount weight="3" > degree </wordcount>
    <wordcount weight="3" > another </wordcount>
    <wordcount weight="3" > influenced </wordcount>
    <wordcount weight="3" > almost </wordcount>
    <wordcount weight="3" > basis </wordcount>
    <wordcount weight="3" > data </wordcount>
    <wordcount weight="3" > varieties </wordcount>
    <wordcount weight="3" > organisms </wordcount>
    <wordcount weight="3" > concept </wordcount>
    <wordcount weight="3" > genotypical </wordcount>
    <wordcount weight="3" > part </wordcount>
    <wordcount weight="3" > far </wordcount>
    <wordcount weight="3" > establishment </wordcount>
    <wordcount weight="3" > apparent </wordcount>
    <wordcount weight="3" > genetic </wordcount>
    <wordcount weight="3" > giving </wordcount>
    <wordcount weight="3" > place </wordcount>
    <wordcount weight="3" > factor </wordcount>
    <wordcount weight="3" > processes </wordcount>
    <wordcount weight="3" > typicum </wordcount>
    <wordcount weight="3" > genotype </wordcount>
    <wordcount weight="3" > occurs </wordcount>
    <wordcount weight="3" > individual </wordcount>
    <wordcount weight="3" > type </wordcount>
    <wordcount weight="3" > obligatory </wordcount>
    <wordcount weight="3" > summary </wordcount>
    <wordcount weight="3" > doubtless </wordcount>
    <wordcount weight="3" > specific </wordcount>
    <wordcount weight="3" > response </wordcount>
    <wordcount weight="3" > distinctions </wordcount>
    <wordcount weight="3" > become </wordcount>
    <wordcount weight="3" > point </wordcount>
    <wordcount weight="3" > genetics </wordcount>
    <wordcount weight="3" > criterion </wordcount>
    <wordcount weight="3" > yielded </wordcount>
    <wordcount weight="3" > bifida </wordcount>
    <wordcount weight="3" > respective </wordcount>
    <wordcount weight="3" > gen </wordcount>
    <wordcount weight="2" > pryatense </wordcount>
    <wordcount weight="2" > final </wordcount>
    <wordcount weight="2" > european </wordcount>
    <wordcount weight="2" > does </wordcount>
    <wordcount weight="2" > contain </wordcount>
    <wordcount weight="2" > disregards </wordcount>
    <wordcount weight="2" > r </wordcount>
    <wordcount weight="2" > competition </wordcount>
    <wordcount weight="2" > seclusion </wordcount>
    <wordcount weight="2" > minor </wordcount>
    <wordcount weight="2" > south </wordcount>
    <wordcount weight="2" > absence </wordcount>
    <wordcount weight="2" > subjected </wordcount>
    <wordcount weight="2" > employ </wordcount>
    <wordcount weight="2" > purely </wordcount>
    <wordcount weight="2" > names </wordcount>
    <wordcount weight="2" > short </wordcount>
    <wordcount weight="2" > district </wordcount>
    <wordcount weight="2" > suspected </wordcount>
    <wordcount weight="2" > alpiinum </wordcount>
    <wordcount weight="2" > employment </wordcount>
    <wordcount weight="2" > appellation </wordcount>
    <wordcount weight="2" > vague </wordcount>
    <wordcount weight="2" > might </wordcount>
    <wordcount weight="2" > tetrakit </wordcount>
    <wordcount weight="2" > resulted </wordcount>
    <wordcount weight="2" > muck </wordcount>
    <wordcount weight="2" > ultimate </wordcount>
    <wordcount weight="2" > still </wordcount>
    <wordcount weight="2" > indicates </wordcount>
    <wordcount weight="2" > connect </wordcount>
    <wordcount weight="2" > importance </wordcount>
    <wordcount weight="2" > large </wordcount>
    <wordcount weight="2" > direct </wordcount>
    <wordcount weight="2" > study </wordcount>
    <wordcount weight="2" > responsible </wordcount>
    <wordcount weight="2" > und </wordcount>
    <wordcount weight="2" > once </wordcount>
    <wordcount weight="2" > ascendens </wordcount>
    <wordcount weight="2" > geneticist </wordcount>
    <wordcount weight="2" > usefully </wordcount>
    <wordcount weight="2" > criticism </wordcount>
    <wordcount weight="2" > altitude </wordcount>
    <wordcount weight="2" > reference </wordcount>
    <wordcount weight="2" > instances </wordcount>
    <wordcount weight="2" > moist </wordcount>
    <wordcount weight="2" > bot </wordcount>
    <wordcount weight="2" > applied </wordcount>
    <wordcount weight="2" > complexes </wordcount>
    <wordcount weight="2" > former </wordcount>
    <wordcount weight="2" > considered </wordcount>
    <wordcount weight="2" > distributional </wordcount>
    <wordcount weight="2" > populate </wordcount>
    <wordcount weight="2" > position </wordcount>
    <wordcount weight="2" > specimens </wordcount>
    <wordcount weight="2" > had </wordcount>
    <wordcount weight="2" > necessarily </wordcount>
    <wordcount weight="2" > environment </wordcount>
    <wordcount weight="2" > grazed </wordcount>
    <wordcount weight="2" > clearly </wordcount>
    <wordcount weight="2" > proved </wordcount>
    <wordcount weight="2" > haft </wordcount>
    <wordcount weight="2" > outlined </wordcount>
    <wordcount weight="2" > necessity </wordcount>
    <wordcount weight="2" > observations </wordcount>
    <wordcount weight="2" > upper </wordcount>
    <wordcount weight="2" > denote </wordcount>
    <wordcount weight="2" > phenomenon </wordcount>
    <wordcount weight="2" > situations </wordcount>
    <wordcount weight="2" > galeopsis </wordcount>
    <wordcount weight="2" > ever </wordcount>
    <wordcount weight="2" > lower </wordcount>
    <wordcount weight="2" > being </wordcount>
    <wordcount weight="2" > first </wordcount>
    <wordcount weight="2" > rise </wordcount>
    <wordcount weight="2" > grazing </wordcount>
    <wordcount weight="2" > definite </wordcount>
    <wordcount weight="2" > comprising </wordcount>
    <wordcount weight="2" > successfully </wordcount>
    <wordcount weight="2" > matings </wordcount>
    <wordcount weight="2" > uist </wordcount>
    <wordcount weight="2" > give </wordcount>
    <wordcount weight="2" > important </wordcount>
    <wordcount weight="2" > fig </wordcount>
    <wordcount weight="2" > erectum </wordcount>
    <wordcount weight="2" > constructive </wordcount>
    <wordcount weight="2" > action </wordcount>
    <wordcount weight="2" > erect </wordcount>
    <wordcount weight="2" > greater </wordcount>
    <wordcount weight="2" > closely </wordcount>
    <wordcount weight="2" > comparatively </wordcount>
    <wordcount weight="2" > connection </wordcount>
    <wordcount weight="2" > nevertheless </wordcount>
    <wordcount weight="2" > heft </wordcount>
    <wordcount weight="2" > attempt </wordcount>
    <wordcount weight="2" > flora </wordcount>
    <wordcount weight="2" > iii </wordcount>
    <wordcount weight="2" > scotland </wordcount>
    <wordcount weight="2" > new </wordcount>
    <wordcount weight="2" > ascherson </wordcount>
    <wordcount weight="2" > identical </wordcount>
    <wordcount weight="2" > glacial </wordcount>
    <wordcount weight="2" > decumbens </wordcount>
    <wordcount weight="2" > merely </wordcount>
    <wordcount weight="2" > greatly </wordcount>
    <wordcount weight="2" > lotsy </wordcount>
    <wordcount weight="2" > v </wordcount>
    <wordcount weight="2" > investigations </wordcount>
    <wordcount weight="2" > according </wordcount>
    <wordcount weight="2" > apodemus </wordcount>
    <wordcount weight="2" > growing </wordcount>
    <wordcount weight="2" > numbers </wordcount>
    <wordcount weight="2" > exsul </wordcount>
    <wordcount weight="2" > treat </wordcount>
    <wordcount weight="2" > terms </wordcount>
    <wordcount weight="2" > references </wordcount>
    <wordcount weight="2" > grounds </wordcount>
    <wordcount weight="2" > resemblances </wordcount>
    <wordcount weight="2" > statement </wordcount>
    <wordcount weight="2" > zn </wordcount>
    <wordcount weight="2" > mechanically </wordcount>
    <wordcount weight="2" > iv </wordcount>
    <wordcount weight="2" > out </wordcount>
    <wordcount weight="2" > smallest </wordcount>
    <wordcount weight="2" > larger </wordcount>
    <wordcount weight="2" > primula </wordcount>
    <wordcount weight="2" > account </wordcount>
    <wordcount weight="2" > having </wordcount>
    <wordcount weight="2" > von </wordcount>
    <wordcount weight="2" > occupying </wordcount>
    <wordcount weight="2" > muinchen </wordcount>
    <wordcount weight="2" > line </wordcount>
    <wordcount weight="2" > discussion </wordcount>
    <wordcount weight="2" > slight </wordcount>
    <wordcount weight="2" > made </wordcount>
    <wordcount weight="2" > occupy </wordcount>
    <wordcount weight="2" > vital </wordcount>
    <wordcount weight="2" > crossed </wordcount>
    <wordcount weight="2" > desired </wordcount>
    <wordcount weight="2" > differ </wordcount>
    <wordcount weight="2" > supply </wordcount>
    <wordcount weight="2" > graebner </wordcount>
    <wordcount weight="2" > uniform </wordcount>
    <wordcount weight="2" > breeding </wordcount>
    <wordcount weight="2" > distinctly </wordcount>
    <wordcount weight="2" > example </wordcount>
    <wordcount weight="2" > exhibit </wordcount>
    <wordcount weight="2" > sufficiently </wordcount>
    <wordcount weight="2" > though </wordcount>
    <wordcount weight="2" > tetraploidium </wordcount>
    <wordcount weight="2" > during </wordcount>
    <wordcount weight="2" > divided </wordcount>
    <wordcount weight="2" > controlled </wordcount>
    <wordcount weight="2" > authors </wordcount>
    <wordcount weight="2" > representation </wordcount>
    <wordcount weight="2" > winter </wordcount>
    <wordcount weight="2" > throughout </wordcount>
    <wordcount weight="2" > field </wordcount>
    <wordcount weight="2" > review </wordcount>
    <wordcount weight="2" > partly </wordcount>
    <wordcount weight="2" > formation </wordcount>
    <wordcount weight="2" > shown </wordcount>
    <wordcount weight="2" > spring </wordcount>
    <wordcount weight="2" > distinctive </wordcount>
    <wordcount weight="2" > severe </wordcount>
    <wordcount weight="2" > own </wordcount>
    <wordcount weight="2" > observed </wordcount>
    <wordcount weight="2" > initial </wordcount>
    <wordcount weight="2" > determine </wordcount>
    <wordcount weight="2" > rhododendron </wordcount>
    <wordcount weight="2" > canina </wordcount>
    <wordcount weight="2" > regions </wordcount>
    <wordcount weight="2" > points </wordcount>
    <wordcount weight="2" > cross </wordcount>
    <wordcount weight="2" > least </wordcount>
    <wordcount weight="2" > relics </wordcount>
    <wordcount weight="2" > features </wordcount>
    <wordcount weight="2" > high </wordcount>
    <wordcount weight="2" > obvious </wordcount>
    <wordcount weight="2" > dry </wordcount>
    <wordcount weight="2" > hegi </wordcount>
    <wordcount weight="2" > defined </wordcount>
    <wordcount weight="2" > cases </wordcount>
    <wordcount weight="2" > extremely </wordcount>
    <wordcount weight="2" > diagrammatic </wordcount>
    <wordcount weight="2" > artificial </wordcount>
    <wordcount weight="2" > crosses </wordcount>
    <wordcount weight="2" > characteristics </wordcount>
    <wordcount weight="2" > few </wordcount>
    <wordcount weight="2" > chromosomes </wordcount>
    <wordcount weight="2" > bridge </wordcount>
    <wordcount weight="2" > microtus </wordcount>
    <wordcount weight="2" > alpine </wordcount>
    <wordcount weight="2" > themselves </wordcount>
    <wordcount weight="2" > phenotypic </wordcount>
    <wordcount weight="2" > effect </wordcount>
    <wordcount weight="2" > impossible </wordcount>
    <wordcount weight="2" > mr </wordcount>
    <wordcount weight="2" > descendants </wordcount>
    <wordcount weight="2" > occur </wordcount>
    <wordcount weight="2" > dependent </wordcount>
    <wordcount weight="2" > we </wordcount>
    <wordcount weight="2" > whenever </wordcount>
    <wordcount weight="2" > north </wordcount>
    <wordcount weight="2" > recent </wordcount>
    <wordcount weight="2" > should </wordcount>
    <wordcount weight="2" > provided </wordcount>
    <wordcount weight="2" > luchii </wordcount>
    <wordcount weight="2" > viola </wordcount>
    <wordcount weight="2" > division </wordcount>
    <wordcount weight="2" > embraces </wordcount>
    <wordcount weight="2" > separate </wordcount>
    <wordcount weight="1" > alpi </wordcount>
    <wordcount weight="1" > talked </wordcount>
    <wordcount weight="1" > manner </wordcount>
    <wordcount weight="1" > natur </wordcount>
    <wordcount weight="1" > analytic </wordcount>
    <wordcount weight="1" > reduction </wordcount>
    <wordcount weight="1" > consists </wordcount>
    <wordcount weight="1" > irregular </wordcount>
    <wordcount weight="1" > indication </wordcount>
    <wordcount weight="1" > naming </wordcount>
    <wordcount weight="1" > therefore </wordcount>
    <wordcount weight="1" > now </wordcount>
    <wordcount weight="1" > suggestion </wordcount>
    <wordcount weight="1" > basing </wordcount>
    <wordcount weight="1" > pings </wordcount>
    <wordcount weight="1" > xv </wordcount>
    <wordcount weight="1" > fails </wordcount>
    <wordcount weight="1" > unlikely </wordcount>
    <wordcount weight="1" > serotinum </wordcount>
    <wordcount weight="1" > barrier </wordcount>
    <wordcount weight="1" > page </wordcount>
    <wordcount weight="1" > stated </wordcount>
    <wordcount weight="1" > provide </wordcount>
    <wordcount weight="1" > attempts </wordcount>
    <wordcount weight="1" > without </wordcount>
    <wordcount weight="1" > difficult </wordcount>
    <wordcount weight="1" > prostratum </wordcount>
    <wordcount weight="1" > fairly </wordcount>
    <wordcount weight="1" > exact </wordcount>
    <wordcount weight="1" > act </wordcount>
    <wordcount weight="1" > rather </wordcount>
    <wordcount weight="1" > begrenzung </wordcount>
    <wordcount weight="1" > fertile </wordcount>
    <wordcount weight="1" > figure </wordcount>
    <wordcount weight="1" > usually </wordcount>
    <wordcount weight="1" > pryatese </wordcount>
    <wordcount weight="1" > differs </wordcount>
    <wordcount weight="1" > arising </wordcount>
    <wordcount weight="1" > divergence </wordcount>
    <wordcount weight="1" > tetyraploidium </wordcount>
    <wordcount weight="1" > biotypes </wordcount>
    <wordcount weight="1" > mainland </wordcount>
    <wordcount weight="1" > again </wordcount>
    <wordcount weight="1" > deserve </wordcount>
    <wordcount weight="1" > cytologically </wordcount>
    <wordcount weight="1" > genera </wordcount>
    <wordcount weight="1" > parent </wordcount>
    <wordcount weight="1" > lines </wordcount>
    <wordcount weight="1" > regard </wordcount>
    <wordcount weight="1" > introductions </wordcount>
    <wordcount weight="1" > brief </wordcount>
    <wordcount weight="1" > order </wordcount>
    <wordcount weight="1" > fair </wordcount>
    <wordcount weight="1" > shrew </wordcount>
    <wordcount weight="1" > trans </wordcount>
    <wordcount weight="1" > female </wordcount>
    <wordcount weight="1" > worthy </wordcount>
    <wordcount weight="1" > myself </wordcount>
    <wordcount weight="1" > combined </wordcount>
    <wordcount weight="1" > e </wordcount>
    <wordcount weight="1" > vulgare </wordcount>
    <wordcount weight="1" > success </wordcount>
    <wordcount weight="1" > strains </wordcount>
    <wordcount weight="1" > goes </wordcount>
    <wordcount weight="1" > examined </wordcount>
    <wordcount weight="1" > determining </wordcount>
    <wordcount weight="1" > survival </wordcount>
    <wordcount weight="1" > probability </wordcount>
    <wordcount weight="1" > interactions </wordcount>
    <wordcount weight="1" > overlap </wordcount>
    <wordcount weight="1" > heterozygous </wordcount>
    <wordcount weight="1" > transformation </wordcount>
    <wordcount weight="1" > plasticity </wordcount>
    <wordcount weight="1" > suppose </wordcount>
    <wordcount weight="1" > diagnosis </wordcount>
    <wordcount weight="1" > prefers </wordcount>
    <wordcount weight="1" > panicle </wordcount>
    <wordcount weight="1" > pages </wordcount>
    <wordcount weight="1" > special </wordcount>
    <wordcount weight="1" > imply </wordcount>
    <wordcount weight="1" > structural </wordcount>
    <wordcount weight="1" > often </wordcount>
    <wordcount weight="1" > ungrazed </wordcount>
    <wordcount weight="1" > alpiizum </wordcount>
    <wordcount weight="1" > undergone </wordcount>
    <wordcount weight="1" > herbarium </wordcount>
    <wordcount weight="1" > biological </wordcount>
    <wordcount weight="1" > standard </wordcount>
    <wordcount weight="1" > evolution </wordcount>
    <wordcount weight="1" > low </wordcount>
    <wordcount weight="1" > pastures </wordcount>
    <wordcount weight="1" > about </wordcount>
    <wordcount weight="1" > reflections </wordcount>
    <wordcount weight="1" > formed </wordcount>
    <wordcount weight="1" > surprising </wordcount>
    <wordcount weight="1" > dead </wordcount>
    <wordcount weight="1" > bridged </wordcount>
    <wordcount weight="1" > sets </wordcount>
    <wordcount weight="1" > thought </wordcount>
    <wordcount weight="1" > determination </wordcount>
    <wordcount weight="1" > sown </wordcount>
    <wordcount weight="1" > album </wordcount>
    <wordcount weight="1" > suppression </wordcount>
    <wordcount weight="1" > studies </wordcount>
    <wordcount weight="1" > plleum </wordcount>
    <wordcount weight="1" > illustrierte </wordcount>
    <wordcount weight="1" > occupies </wordcount>
    <wordcount weight="1" > old </wordcount>
    <wordcount weight="1" > influencing </wordcount>
    <wordcount weight="1" > disappeared </wordcount>
    <wordcount weight="1" > thick </wordcount>
    <wordcount weight="1" > evolved </wordcount>
    <wordcount weight="1" > ie </wordcount>
    <wordcount weight="1" > descriptive </wordcount>
    <wordcount weight="1" > varying </wordcount>
    <wordcount weight="1" > consider </wordcount>
    <wordcount weight="1" > equally </wordcount>
    <wordcount weight="1" > summits </wordcount>
    <wordcount weight="1" > fertility </wordcount>
    <wordcount weight="1" > descend </wordcount>
    <wordcount weight="1" > grazingexperimental </wordcount>
    <wordcount weight="1" > descent </wordcount>
    <wordcount weight="1" > excellent </wordcount>
    <wordcount weight="1" > pinus </wordcount>
    <wordcount weight="1" > contributions </wordcount>
    <wordcount weight="1" > total </wordcount>
    <wordcount weight="1" > branch </wordcount>
    <wordcount weight="1" > then </wordcount>
    <wordcount weight="1" > muintzing </wordcount>
    <wordcount weight="1" > n </wordcount>
    <wordcount weight="1" > dispersed </wordcount>
    <wordcount weight="1" > attain </wordcount>
    <wordcount weight="1" > allogamous </wordcount>
    <wordcount weight="1" > invariably </wordcount>
    <wordcount weight="1" > gradually </wordcount>
    <wordcount weight="1" > series </wordcount>
    <wordcount weight="1" > conclusion </wordcount>
    <wordcount weight="1" > leipzig </wordcount>
    <wordcount weight="1" > wright </wordcount>
    <wordcount weight="1" > frequently </wordcount>
    <wordcount weight="1" > upwards </wordcount>
    <wordcount weight="1" > qualitative </wordcount>
    <wordcount weight="1" > most </wordcount>
    <wordcount weight="1" > confirmed </wordcount>
    <wordcount weight="1" > enumerated </wordcount>
    <wordcount weight="1" > included </wordcount>
    <wordcount weight="1" > geographic </wordcount>
    <wordcount weight="1" > too </wordcount>
    <wordcount weight="1" > anything </wordcount>
    <wordcount weight="1" > inheritance </wordcount>
    <wordcount weight="1" > neighbouring </wordcount>
    <wordcount weight="1" > grasses </wordcount>
    <wordcount weight="1" > fraction </wordcount>
    <wordcount weight="1" > upland </wordcount>
    <wordcount weight="1" > t </wordcount>
    <wordcount weight="1" > perenne </wordcount>
    <wordcount weight="1" > systematist </wordcount>
    <wordcount weight="1" > independent </wordcount>
    <wordcount weight="1" > ascending </wordcount>
    <wordcount weight="1" > published </wordcount>
    <wordcount weight="1" > botanical </wordcount>
    <wordcount weight="1" > spatially </wordcount>
    <wordcount weight="1" > surmise </wordcount>
    <wordcount weight="1" > separately </wordcount>
    <wordcount weight="1" > quantitative </wordcount>
    <wordcount weight="1" > cultured </wordcount>
    <wordcount weight="1" > plates </wordcount>
    <wordcount weight="1" > every </wordcount>
    <wordcount weight="1" > enquiry </wordcount>
    <wordcount weight="1" > eigg </wordcount>
    <wordcount weight="1" > dm </wordcount>
    <wordcount weight="1" > terminology </wordcount>
    <wordcount weight="1" > here </wordcount>
    <wordcount weight="1" > exaggerated </wordcount>
    <wordcount weight="1" > adopt </wordcount>
    <wordcount weight="1" > opinion </wordcount>
    <wordcount weight="1" > indicated </wordcount>
    <wordcount weight="1" > coincide </wordcount>
    <wordcount weight="1" > know </wordcount>
    <wordcount weight="1" > suggested </wordcount>
    <wordcount weight="1" > gametes </wordcount>
    <wordcount weight="1" > grouped </wordcount>
    <wordcount weight="1" > view </wordcount>
    <wordcount weight="1" > pointed </wordcount>
    <wordcount weight="1" > constitution </wordcount>
    <wordcount weight="1" > continental </wordcount>
    <wordcount weight="1" > put </wordcount>
    <wordcount weight="1" > artificially </wordcount>
    <wordcount weight="1" > whereas </wordcount>
    <wordcount weight="1" > intensive </wordcount>
    <wordcount weight="1" > praztense </wordcount>
    <wordcount weight="1" > isof </wordcount>
    <wordcount weight="1" > descends </wordcount>
    <wordcount weight="1" > parallel </wordcount>
    <wordcount weight="1" > foula </wordcount>
    <wordcount weight="1" > reasonable </wordcount>
    <wordcount weight="1" > definition </wordcount>
    <wordcount weight="1" > problem </wordcount>
    <wordcount weight="1" > mice </wordcount>
    <wordcount weight="1" > possibilities </wordcount>
    <wordcount weight="1" > reach </wordcount>
    <wordcount weight="1" > methods </wordcount>
    <wordcount weight="1" > limit </wordcount>
    <wordcount weight="1" > europe </wordcount>
    <wordcount weight="1" > lotsian </wordcount>
    <wordcount weight="1" > fundamental </wordcount>
    <wordcount weight="1" > fractional </wordcount>
    <wordcount weight="1" > did </wordcount>
    <wordcount weight="1" > latitudes </wordcount>
    <wordcount weight="1" > belong </wordcount>
    <wordcount weight="1" > approximately </wordcount>
    <wordcount weight="1" > svensk </wordcount>
    <wordcount weight="1" > hbrids </wordcount>
    <wordcount weight="1" > agree </wordcount>
    <wordcount weight="1" > presence </wordcount>
    <wordcount weight="1" > ecotypes </wordcount>
    <wordcount weight="1" > yunnan </wordcount>
    <wordcount weight="1" > allied </wordcount>
    <wordcount weight="1" > time </wordcount>
    <wordcount weight="1" > borne </wordcount>
    <wordcount weight="1" > toexperimental </wordcount>
    <wordcount weight="1" > banks </wordcount>
    <wordcount weight="1" > proves </wordcount>
    <wordcount weight="1" > understandable </wordcount>
    <wordcount weight="1" > tells </wordcount>
    <wordcount weight="1" > john </wordcount>
    <wordcount weight="1" > doubling </wordcount>
    <wordcount weight="1" > isle </wordcount>
    <wordcount weight="1" > procedure </wordcount>
    <wordcount weight="1" > researches </wordcount>
    <wordcount weight="1" > edaphic </wordcount>
    <wordcount weight="1" > separating </wordcount>
    <wordcount weight="1" > doubt </wordcount>
    <wordcount weight="1" > variation </wordcount>
    <wordcount weight="1" > survey </wordcount>
    <wordcount weight="1" > reproduction </wordcount>
    <wordcount weight="1" > maaritima </wordcount>
    <wordcount weight="1" > elsewhere </wordcount>
    <wordcount weight="1" > habit </wordcount>
    <wordcount weight="1" > mass </wordcount>
    <wordcount weight="1" > vitality </wordcount>
    <wordcount weight="1" > berlin </wordcount>
    <wordcount weight="1" > plantago </wordcount>
    <wordcount weight="1" > situation </wordcount>
    <wordcount weight="1" > oliver </wordcount>
    <wordcount weight="1" > viscum </wordcount>
    <wordcount weight="1" > indiscriminately </wordcount>
    <wordcount weight="1" > never </wordcount>
    <wordcount weight="1" > evident </wordcount>
    <wordcount weight="1" > mind </wordcount>
    <wordcount weight="1" > outside </wordcount>
    <wordcount weight="1" > multiplication </wordcount>
    <wordcount weight="1" > prove </wordcount>
    <wordcount weight="1" > innes </wordcount>
    <wordcount weight="1" > phd </wordcount>
    <wordcount weight="1" > trouble </wordcount>
    <wordcount weight="1" > clarity </wordcount>
    <wordcount weight="1" > influences </wordcount>
    <wordcount weight="1" > beginning </wordcount>
    <wordcount weight="1" > primitive </wordcount>
    <wordcount weight="1" > alpinumn </wordcount>
    <wordcount weight="1" > occupation </wordcount>
    <wordcount weight="1" > available </wordcount>
    <wordcount weight="1" > exactly </wordcount>
    <wordcount weight="1" > solely </wordcount>
    <wordcount weight="1" > automatic </wordcount>
    <wordcount weight="1" > what </wordcount>
    <wordcount weight="1" > climate </wordcount>
    <wordcount weight="1" > exposing </wordcount>
    <wordcount weight="1" > synthetic </wordcount>
    <wordcount weight="1" > inasmuch </wordcount>
    <wordcount weight="1" > richt </wordcount>
    <wordcount weight="1" > purposes </wordcount>
    <wordcount weight="1" > sharply </wordcount>
    <wordcount weight="1" > existing </wordcount>
    <wordcount weight="1" > circles </wordcount>
    <wordcount weight="1" > accepted </wordcount>
    <wordcount weight="1" > prohibit </wordcount>
    <wordcount weight="1" > spatial </wordcount>
    <wordcount weight="1" > contents </wordcount>
    <wordcount weight="1" > alpiiium </wordcount>
    <wordcount weight="1" > porsch </wordcount>
    <wordcount weight="1" > produced </wordcount>
    <wordcount weight="1" > depends </wordcount>
    <wordcount weight="1" > answer </wordcount>
    <wordcount weight="1" > sansome </wordcount>
    <wordcount weight="1" > analogous </wordcount>
    <wordcount weight="1" > nowhere </wordcount>
    <wordcount weight="1" > duplication </wordcount>
    <wordcount weight="1" > proc </wordcount>
    <wordcount weight="1" > polyploid </wordcount>
    <wordcount weight="1" > appreciate </wordcount>
    <wordcount weight="1" > adpressed </wordcount>
    <wordcount weight="1" > genotypic </wordcount>
    <wordcount weight="1" > character </wordcount>
    <wordcount weight="1" > lolium </wordcount>
    <wordcount weight="1" > systemisation </wordcount>
    <wordcount weight="1" > abt </wordcount>
    <wordcount weight="1" > inadvisability </wordcount>
    <wordcount weight="1" > dr </wordcount>
    <wordcount weight="1" > mere </wordcount>
    <wordcount weight="1" > depopulation </wordcount>
    <wordcount weight="1" > firmly </wordcount>
    <wordcount weight="1" > explain </wordcount>
    <wordcount weight="1" > facilities </wordcount>
    <wordcount weight="1" > arrival </wordcount>
    <wordcount weight="1" > tolerant </wordcount>
    <wordcount weight="1" > extent </wordcount>
    <wordcount weight="1" > heavily </wordcount>
    <wordcount weight="1" > femalefertile </wordcount>
    <wordcount weight="1" > gives </wordcount>
    <wordcount weight="1" > zur </wordcount>
    <wordcount weight="1" > adverse </wordcount>
    <wordcount weight="1" > synopsis </wordcount>
    <wordcount weight="1" > bases </wordcount>
    <wordcount weight="1" > free </wordcount>
    <wordcount weight="1" > triploid </wordcount>
    <wordcount weight="1" > northerly </wordcount>
    <wordcount weight="1" > masked </wordcount>
    <wordcount weight="1" > facts </wordcount>
    <wordcount weight="1" > sexual </wordcount>
    <wordcount weight="1" > outlines </wordcount>
    <wordcount weight="1" > localities </wordcount>
    <wordcount weight="1" > drummond </wordcount>
    <wordcount weight="1" > equal </wordcount>
    <wordcount weight="1" > failure </wordcount>
    <wordcount weight="1" > remained </wordcount>
    <wordcount weight="1" > representatives </wordcount>
    <wordcount weight="1" > produce </wordcount>
    <wordcount weight="1" > dormant </wordcount>
    <wordcount weight="1" > unequal </wordcount>
    <wordcount weight="1" > amphimict </wordcount>
    <wordcount weight="1" > designation </wordcount>
    <wordcount weight="1" > ideal </wordcount>
    <wordcount weight="1" > future </wordcount>
    <wordcount weight="1" > marked </wordcount>
    <wordcount weight="1" > activity </wordcount>
    <wordcount weight="1" > maleand </wordcount>
    <wordcount weight="1" > literature </wordcount>
    <wordcount weight="1" > minute </wordcount>
    <wordcount weight="1" > blackened </wordcount>
    <wordcount weight="1" > work </wordcount>
    <wordcount weight="1" > middle </wordcount>
    <wordcount weight="1" > taxonomical </wordcount>
    <wordcount weight="1" > survive </wordcount>
    <wordcount weight="1" > decumbent </wordcount>
    <wordcount weight="1" > examples </wordcount>
    <wordcount weight="1" > mm </wordcount>
    <wordcount weight="1" > received </wordcount>
    <wordcount weight="1" > treated </wordcount>
    <wordcount weight="1" > bd </wordcount>
    <wordcount weight="1" > interfertile </wordcount>
    <wordcount weight="1" > preclude </wordcount>
    <wordcount weight="1" > adjacent </wordcount>
    <wordcount weight="1" > upon </wordcount>
    <wordcount weight="1" > bear </wordcount>
    <wordcount weight="1" > ecologically </wordcount>
    <wordcount weight="1" > quotation </wordcount>
    <wordcount weight="1" > alone </wordcount>
    <wordcount weight="1" > correspond </wordcount>
    <wordcount weight="1" > differentexperimental </wordcount>
    <wordcount weight="1" > west </wordcount>
    <wordcount weight="1" > occurring </wordcount>
    <wordcount weight="1" > region </wordcount>
    <wordcount weight="1" > illustrated </wordcount>
    <wordcount weight="1" > mull </wordcount>
    <wordcount weight="1" > say </wordcount>
    <wordcount weight="1" > london </wordcount>
    <wordcount weight="1" > appreciable </wordcount>
    <wordcount weight="1" > introduced </wordcount>
    <wordcount weight="1" > sea </wordcount>
    <wordcount weight="1" > predominates </wordcount>
    <wordcount weight="1" > advocating </wordcount>
    <wordcount weight="1" > proportions </wordcount>
    <wordcount weight="1" > knowledge </wordcount>
    <wordcount weight="1" > bottom </wordcount>
    <wordcount weight="1" > horticultural </wordcount>
    <wordcount weight="1" > adaptive </wordcount>
    <wordcount weight="1" > arbitrarily </wordcount>
    <wordcount weight="1" > mtintzing </wordcount>
    <wordcount weight="1" > climatic </wordcount>
    <wordcount weight="1" > positions </wordcount>
    <wordcount weight="1" > liable </wordcount>
    <wordcount weight="1" > description </wordcount>
    <wordcount weight="1" > employing </wordcount>
    <wordcount weight="1" > intention </wordcount>
    <wordcount weight="1" > intersterile </wordcount>
    <wordcount weight="1" > whole </wordcount>
    <wordcount weight="1" > conventional </wordcount>
    <wordcount weight="1" > periphery </wordcount>
    <wordcount weight="1" > prevented </wordcount>
    <wordcount weight="1" > realm </wordcount>
    <wordcount weight="1" > obtain </wordcount>
    <wordcount weight="1" > lesser </wordcount>
    <wordcount weight="1" > station </wordcount>
    <wordcount weight="1" > needed </wordcount>
    <wordcount weight="1" > drier </wordcount>
    <wordcount weight="1" > indebted </wordcount>
    <wordcount weight="1" > recognised </wordcount>
    <wordcount weight="1" > assume </wordcount>
    <wordcount weight="1" > apomict </wordcount>
    <wordcount weight="1" > alnd </wordcount>
    <wordcount weight="1" > spikelets </wordcount>
    <wordcount weight="1" > contains </wordcount>
    <wordcount weight="1" > cumbrae </wordcount>
    <wordcount weight="1" > maintained </wordcount>
    <wordcount weight="1" > evidenced </wordcount>
    <wordcount weight="1" > advisability </wordcount>
    <wordcount weight="1" > long </wordcount>
    <wordcount weight="1" > evans </wordcount>
    <wordcount weight="1" > resulting </wordcount>
    <wordcount weight="1" > oceanic </wordcount>
    <wordcount weight="1" > discontinuity </wordcount>
    <wordcount weight="1" > divorced </wordcount>
    <wordcount weight="1" > thus </wordcount>
    <wordcount weight="1" > nothing </wordcount>
    <wordcount weight="1" > lager </wordcount>
    <wordcount weight="1" > full </wordcount>
    <wordcount weight="1" > genecology </wordcount>
    <wordcount weight="1" > previous </wordcount>
    <wordcount weight="1" > peculiar </wordcount>
    <wordcount weight="1" > relationships </wordcount>
    <wordcount weight="1" > systematic </wordcount>
    <wordcount weight="1" > evidence </wordcount>
    <wordcount weight="1" > recognises </wordcount>
    <wordcount weight="1" > pentaploid </wordcount>
    <wordcount weight="1" > monograph </wordcount>
    <wordcount weight="1" > unable </wordcount>
    <wordcount weight="1" > doubtful </wordcount>
    <wordcount weight="1" > status </wordcount>
    <wordcount weight="1" > difference </wordcount>
    <wordcount weight="1" > seldom </wordcount>
    <wordcount weight="1" > definitely </wordcount>
    <wordcount weight="1" > pls </wordcount>
    <wordcount weight="1" > linne </wordcount>
    <wordcount weight="1" > professor </wordcount>
    <wordcount weight="1" > genealogical </wordcount>
    <wordcount weight="1" > edgar </wordcount>
    <wordcount weight="1" > lately </wordcount>
    <wordcount weight="1" > else </wordcount>
    <wordcount weight="1" > originated </wordcount>
    <wordcount weight="1" > tetrahit </wordcount>
    <wordcount weight="1" > manifestation </wordcount>
    <wordcount weight="1" > permit </wordcount>
    <wordcount weight="1" > either </wordcount>
    <wordcount weight="1" > taxonomists </wordcount>
    <wordcount weight="1" > supplying </wordcount>
    <wordcount weight="1" > relatively </wordcount>
    <wordcount weight="1" > elevations </wordcount>
    <wordcount weight="1" > course </wordcount>
    <wordcount weight="1" > cembra </wordcount>
    <wordcount weight="1" > hexafploidium </wordcount>
    <wordcount weight="1" > mixed </wordcount>
    <wordcount weight="1" > instead </wordcount>
    <wordcount weight="1" > infallible </wordcount>
    <wordcount weight="1" > keep </wordcount>
    <wordcount weight="1" > specialised </wordcount>
    <wordcount weight="1" > organism </wordcount>
    <wordcount weight="1" > correct </wordcount>
    <wordcount weight="1" > arteinheiten </wordcount>
    <wordcount weight="1" > hague </wordcount>
    <wordcount weight="1" > smith </wordcount>
    <wordcount weight="1" > like </wordcount>
    <wordcount weight="1" > geographically </wordcount>
    <wordcount weight="1" > morphologically </wordcount>
    <wordcount weight="1" > below </wordcount>
    <wordcount weight="1" > cf </wordcount>
    <wordcount weight="1" > need </wordcount>
    <wordcount weight="1" > optimum </wordcount>
    <wordcount weight="1" > continuous </wordcount>
    <wordcount weight="1" > suggest </wordcount>
    <wordcount weight="1" > alpina </wordcount>
    <wordcount weight="1" > appended </wordcount>
    <wordcount weight="1" > xviexperimental </wordcount>
    <wordcount weight="1" > prevalence </wordcount>
    <wordcount weight="1" > involving </wordcount>
    <wordcount weight="1" > distinction </wordcount>
    <wordcount weight="1" > given </wordcount>
    <wordcount weight="1" > grass </wordcount>
    <wordcount weight="1" > kind </wordcount>
    <wordcount weight="1" > dis </wordcount>
    <wordcount weight="1" > assumed </wordcount>
    <wordcount weight="1" > rank </wordcount>
    <wordcount weight="1" > diagnostic </wordcount>
    <wordcount weight="1" > barriers </wordcount>
    <wordcount weight="1" > arbitrary </wordcount>
    <wordcount weight="1" > mistel </wordcount>
    <wordcount weight="1" > fetle </wordcount>
    <wordcount weight="1" > sake </wordcount>
    <wordcount weight="1" > phyt </wordcount>
    <wordcount weight="1" > possess </wordcount>
    <wordcount weight="1" > poa </wordcount>
    <wordcount weight="1" > small </wordcount>
    <wordcount weight="1" > times </wordcount>
    <wordcount weight="1" > amplified </wordcount>
    <wordcount weight="1" > transport </wordcount>
    <wordcount weight="1" > concerning </wordcount>
    <wordcount weight="1" > supported </wordcount>
    <wordcount weight="1" > state </wordcount>
    <wordcount weight="1" > tedin </wordcount>
    <wordcount weight="1" > amount </wordcount>
    <wordcount weight="1" > causing </wordcount>
    <wordcount weight="1" > reported </wordcount>
    <wordcount weight="1" > highly </wordcount>
    <wordcount weight="1" > apart </wordcount>
    <wordcount weight="1" > disclosed </wordcount>
    <wordcount weight="1" > components </wordcount>
    <wordcount weight="1" > k </wordcount>
    <wordcount weight="1" > firaense </wordcount>
    <wordcount weight="1" > certainty </wordcount>
    <wordcount weight="1" > restrict </wordcount>
    <wordcount weight="1" > facility </wordcount>
    <wordcount weight="1" > races </wordcount>
    <wordcount weight="1" > relation </wordcount>
    <wordcount weight="1" > beck </wordcount>
    <wordcount weight="1" > amphidiploidy </wordcount>
    <wordcount weight="1" > c </wordcount>
    <wordcount weight="1" > respectively </wordcount>
    <wordcount weight="1" > portions </wordcount>
    <wordcount weight="1" > realised </wordcount>
    <wordcount weight="1" > rietz </wordcount>
    <wordcount weight="1" > effective </wordcount>
    <wordcount weight="1" > ditch </wordcount>
    <wordcount weight="1" > seeds </wordcount>
    <wordcount weight="1" > burma </wordcount>
    <wordcount weight="1" > find </wordcount>
    <wordcount weight="1" > always </wordcount>
    <wordcount weight="1" > partial </wordcount>
    <wordcount weight="1" > soc </wordcount>
    <wordcount weight="1" > visible </wordcount>
    <wordcount weight="1" > up </wordcount>
    <wordcount weight="1" > probably </wordcount>
    <wordcount weight="1" > st </wordcount>
    <wordcount weight="1" > application </wordcount>
    <wordcount weight="1" > shetland </wordcount>
    <wordcount weight="1" > consequently </wordcount>
    <wordcount weight="1" > me </wordcount>
    <wordcount weight="1" > improbable </wordcount>
    <wordcount weight="1" > period </wordcount>
    <wordcount weight="1" > figures </wordcount>
    <wordcount weight="1" > tentatively </wordcount>
    <wordcount weight="1" > among </wordcount>
    <wordcount weight="1" > altogether </wordcount>
    <wordcount weight="1" > monographie </wordcount>
    <wordcount weight="1" > zones </wordcount>
    <wordcount weight="1" > rapidly </wordcount>
    <wordcount weight="1" > siberian </wordcount>
    <wordcount weight="1" > cocksfoot </wordcount>
    <wordcount weight="1" > cause </wordcount>
    <wordcount weight="1" > disregardedexperimental </wordcount>
    <wordcount weight="1" > unrepresentative </wordcount>
    <wordcount weight="1" > allpinum </wordcount>
    <wordcount weight="1" > triploids </wordcount>
    <wordcount weight="1" > hybrids </wordcount>
    <wordcount weight="1" > coenospecies </wordcount>
    <wordcount weight="1" > inhabiting </wordcount>
    <wordcount weight="1" > influence </wordcount>
    <wordcount weight="1" > conception </wordcount>
    <wordcount weight="1" > valuable </wordcount>
    <wordcount weight="1" > levelexperimental </wordcount>
    <wordcount weight="1" > concluded </wordcount>
    <wordcount weight="1" > constitutes </wordcount>
    <wordcount weight="1" > applies </wordcount>
    <wordcount weight="1" > product </wordcount>
    <wordcount weight="1" > xxx </wordcount>
    <wordcount weight="1" > ue </wordcount>
    <wordcount weight="1" > likely </wordcount>
</article>
