<?xml version="1.0" encoding="UTF-8"?>
<article id="10.2307/2460177" >
    <wordcount weight="148" > of </wordcount>
    <wordcount weight="120" > the </wordcount>
    <wordcount weight="108" > and </wordcount>
    <wordcount weight="47" > to </wordcount>
    <wordcount weight="34" > in </wordcount>
    <wordcount weight="33" > a </wordcount>
    <wordcount weight="32" > be </wordcount>
    <wordcount weight="27" > for </wordcount>
    <wordcount weight="20" > is </wordcount>
    <wordcount weight="17" > will </wordcount>
    <wordcount weight="17" > on </wordcount>
    <wordcount weight="16" > as </wordcount>
    <wordcount weight="16" > university </wordcount>
    <wordcount weight="16" > should </wordcount>
    <wordcount weight="15" > by </wordcount>
    <wordcount weight="15" > dr </wordcount>
    <wordcount weight="14" > with </wordcount>
    <wordcount weight="14" > department </wordcount>
    <wordcount weight="14" > ecology </wordcount>
    <wordcount weight="14" > this </wordcount>
    <wordcount weight="14" > journal </wordcount>
    <wordcount weight="13" > or </wordcount>
    <wordcount weight="13" > new </wordcount>
    <wordcount weight="12" > society </wordcount>
    <wordcount weight="11" > are </wordcount>
    <wordcount weight="10" > at </wordcount>
    <wordcount weight="9" > american </wordcount>
    <wordcount weight="9" > published </wordcount>
    <wordcount weight="9" > other </wordcount>
    <wordcount weight="9" > have </wordcount>
    <wordcount weight="8" > can </wordcount>
    <wordcount weight="7" > not </wordcount>
    <wordcount weight="7" > animal </wordcount>
    <wordcount weight="7" > behavior </wordcount>
    <wordcount weight="7" > which </wordcount>
    <wordcount weight="7" > authors </wordcount>
    <wordcount weight="7" > research </wordcount>
    <wordcount weight="6" > it </wordcount>
    <wordcount weight="6" > page </wordcount>
    <wordcount weight="6" > if </wordcount>
    <wordcount weight="6" > manuscript </wordcount>
    <wordcount weight="6" > biological </wordcount>
    <wordcount weight="6" > that </wordcount>
    <wordcount weight="6" > book </wordcount>
    <wordcount weight="6" > each </wordcount>
    <wordcount weight="6" > all </wordcount>
    <wordcount weight="6" > past </wordcount>
    <wordcount weight="6" > patterns </wordcount>
    <wordcount weight="6" > papers </wordcount>
    <wordcount weight="6" > original </wordcount>
    <wordcount weight="6" > sciences </wordcount>
    <wordcount weight="6" > publication </wordcount>
    <wordcount weight="6" > editor </wordcount>
    <wordcount weight="5" > may </wordcount>
    <wordcount weight="5" > illus </wordcount>
    <wordcount weight="5" > they </wordcount>
    <wordcount weight="5" > h </wordcount>
    <wordcount weight="5" > from </wordcount>
    <wordcount weight="5" > no </wordcount>
    <wordcount weight="5" > only </wordcount>
    <wordcount weight="5" > j </wordcount>
    <wordcount weight="5" > paper </wordcount>
    <wordcount weight="5" > material </wordcount>
    <wordcount weight="5" > your </wordcount>
    <wordcount weight="5" > free </wordcount>
    <wordcount weight="5" > aspects </wordcount>
    <wordcount weight="5" > evolution </wordcount>
    <wordcount weight="5" > naturalists </wordcount>
    <wordcount weight="5" > an </wordcount>
    <wordcount weight="4" > ecological </wordcount>
    <wordcount weight="4" > been </wordcount>
    <wordcount weight="4" > president </wordcount>
    <wordcount weight="4" > b </wordcount>
    <wordcount weight="4" > their </wordcount>
    <wordcount weight="4" > articles </wordcount>
    <wordcount weight="4" > studies </wordcount>
    <wordcount weight="4" > pp </wordcount>
    <wordcount weight="4" > conservation </wordcount>
    <wordcount weight="4" > biology </wordcount>
    <wordcount weight="4" > section </wordcount>
    <wordcount weight="4" > reprints </wordcount>
    <wordcount weight="4" > subscription </wordcount>
    <wordcount weight="4" > members </wordcount>
    <wordcount weight="4" > also </wordcount>
    <wordcount weight="4" > behaviour </wordcount>
    <wordcount weight="4" > s </wordcount>
    <wordcount weight="4" > state </wordcount>
    <wordcount weight="4" > population </wordcount>
    <wordcount weight="4" > behavioral </wordcount>
    <wordcount weight="4" > journals </wordcount>
    <wordcount weight="4" > x </wordcount>
    <wordcount weight="4" > its </wordcount>
    <wordcount weight="4" > per </wordcount>
    <wordcount weight="4" > theoretical </wordcount>
    <wordcount weight="4" > copies </wordcount>
    <wordcount weight="4" > g </wordcount>
    <wordcount weight="4" > charge </wordcount>
    <wordcount weight="4" > social </wordcount>
    <wordcount weight="4" > including </wordcount>
    <wordcount weight="4" > quarterly </wordcount>
    <wordcount weight="4" > separate </wordcount>
    <wordcount weight="3" > natural </wordcount>
    <wordcount weight="3" > request </wordcount>
    <wordcount weight="3" > box </wordcount>
    <wordcount weight="3" > environmental </wordcount>
    <wordcount weight="3" > center </wordcount>
    <wordcount weight="3" > analysis </wordcount>
    <wordcount weight="3" > edited </wordcount>
    <wordcount weight="3" > send </wordcount>
    <wordcount weight="3" > park </wordcount>
    <wordcount weight="3" > us </wordcount>
    <wordcount weight="3" > po </wordcount>
    <wordcount weight="3" > two </wordcount>
    <wordcount weight="3" > typed </wordcount>
    <wordcount weight="3" > volume </wordcount>
    <wordcount weight="3" > text </wordcount>
    <wordcount weight="3" > figure </wordcount>
    <wordcount weight="3" > postage </wordcount>
    <wordcount weight="3" > secretary </wordcount>
    <wordcount weight="3" > treasurer </wordcount>
    <wordcount weight="3" > principles </wordcount>
    <wordcount weight="3" > available </wordcount>
    <wordcount weight="3" > charges </wordcount>
    <wordcount weight="3" > time </wordcount>
    <wordcount weight="3" > biogeographical </wordcount>
    <wordcount weight="3" > i </wordcount>
    <wordcount weight="3" > biogeography </wordcount>
    <wordcount weight="3" > marine </wordcount>
    <wordcount weight="3" > books </wordcount>
    <wordcount weight="3" > has </wordcount>
    <wordcount weight="3" > cloth </wordcount>
    <wordcount weight="3" > directly </wordcount>
    <wordcount weight="3" > organisms </wordcount>
    <wordcount weight="3" > sent </wordcount>
    <wordcount weight="3" > press </wordcount>
    <wordcount weight="3" > issues </wordcount>
    <wordcount weight="3" > broad </wordcount>
    <wordcount weight="3" > such </wordcount>
    <wordcount weight="3" > years </wordcount>
    <wordcount weight="3" > tables </wordcount>
    <wordcount weight="3" > national </wordcount>
    <wordcount weight="3" > author </wordcount>
    <wordcount weight="3" > genetics </wordcount>
    <wordcount weight="3" > order </wordcount>
    <wordcount weight="3" > after </wordcount>
    <wordcount weight="3" > payment </wordcount>
    <wordcount weight="3" > especially </wordcount>
    <wordcount weight="3" > article </wordcount>
    <wordcount weight="3" > zoological </wordcount>
    <wordcount weight="3" > chicago </wordcount>
    <wordcount weight="3" > north </wordcount>
    <wordcount weight="3" > major </wordcount>
    <wordcount weight="2" > south </wordcount>
    <wordcount weight="2" > mechanisms </wordcount>
    <wordcount weight="2" > critical </wordcount>
    <wordcount weight="2" > states </wordcount>
    <wordcount weight="2" > stony </wordcount>
    <wordcount weight="2" > george </wordcount>
    <wordcount weight="2" > science </wordcount>
    <wordcount weight="2" > scientific </wordcount>
    <wordcount weight="2" > usually </wordcount>
    <wordcount weight="2" > c </wordcount>
    <wordcount weight="2" > edward </wordcount>
    <wordcount weight="2" > brief </wordcount>
    <wordcount weight="2" > who </wordcount>
    <wordcount weight="2" > etc </wordcount>
    <wordcount weight="2" > associate </wordcount>
    <wordcount weight="2" > berlin </wordcount>
    <wordcount weight="2" > requests </wordcount>
    <wordcount weight="2" > heidelberg </wordcount>
    <wordcount weight="2" > executive </wordcount>
    <wordcount weight="2" > volumes </wordcount>
    <wordcount weight="2" > contributions </wordcount>
    <wordcount weight="2" > pages </wordcount>
    <wordcount weight="2" > guide </wordcount>
    <wordcount weight="2" > communications </wordcount>
    <wordcount weight="2" > england </wordcount>
    <wordcount weight="2" > considered </wordcount>
    <wordcount weight="2" > acceptance </wordcount>
    <wordcount weight="2" > annum </wordcount>
    <wordcount weight="2" > organic </wordcount>
    <wordcount weight="2" > editorial </wordcount>
    <wordcount weight="2" > manuscripts </wordcount>
    <wordcount weight="2" > teaching </wordcount>
    <wordcount weight="2" > air </wordcount>
    <wordcount weight="2" > footnotes </wordcount>
    <wordcount weight="2" > experimental </wordcount>
    <wordcount weight="2" > these </wordcount>
    <wordcount weight="2" > most </wordcount>
    <wordcount weight="2" > distributional </wordcount>
    <wordcount weight="2" > resource </wordcount>
    <wordcount weight="2" > first </wordcount>
    <wordcount weight="2" > australia </wordcount>
    <wordcount weight="2" > please </wordcount>
    <wordcount weight="2" > membership </wordcount>
    <wordcount weight="2" > more </wordcount>
    <wordcount weight="2" > m </wordcount>
    <wordcount weight="2" > important </wordcount>
    <wordcount weight="2" > many </wordcount>
    <wordcount weight="2" > financial </wordcount>
    <wordcount weight="2" > descriptive </wordcount>
    <wordcount weight="2" > parental </wordcount>
    <wordcount weight="2" > handling </wordcount>
    <wordcount weight="2" > copy </wordcount>
    <wordcount weight="2" > current </wordcount>
    <wordcount weight="2" > p </wordcount>
    <wordcount weight="2" > post </wordcount>
    <wordcount weight="2" > review </wordcount>
    <wordcount weight="2" > there </wordcount>
    <wordcount weight="2" > bookseller </wordcount>
    <wordcount weight="2" > vegetation </wordcount>
    <wordcount weight="2" > forms </wordcount>
    <wordcount weight="2" > do </wordcount>
    <wordcount weight="2" > those </wordcount>
    <wordcount weight="2" > geography </wordcount>
    <wordcount weight="2" > robert </wordcount>
    <wordcount weight="2" > sheet </wordcount>
    <wordcount weight="2" > reviews </wordcount>
    <wordcount weight="2" > purposes </wordcount>
    <wordcount weight="2" > physiology </wordcount>
    <wordcount weight="2" > particular </wordcount>
    <wordcount weight="2" > cover </wordcount>
    <wordcount weight="2" > sociobiology </wordcount>
    <wordcount weight="2" > wide </wordcount>
    <wordcount weight="2" > style </wordcount>
    <wordcount weight="2" > america </wordcount>
    <wordcount weight="2" > well </wordcount>
    <wordcount weight="2" > information </wordcount>
    <wordcount weight="2" > group </wordcount>
    <wordcount weight="2" > some </wordcount>
    <wordcount weight="2" > emphasis </wordcount>
    <wordcount weight="2" > r </wordcount>
    <wordcount weight="2" > literature </wordcount>
    <wordcount weight="2" > subscriptions </wordcount>
    <wordcount weight="2" > made </wordcount>
    <wordcount weight="2" > upon </wordcount>
    <wordcount weight="2" > naturalist </wordcount>
    <wordcount weight="2" > medium </wordcount>
    <wordcount weight="2" > includes </wordcount>
    <wordcount weight="2" > mathematical </wordcount>
    <wordcount weight="2" > students </wordcount>
    <wordcount weight="2" > conference </wordcount>
    <wordcount weight="2" > development </wordcount>
    <wordcount weight="2" > conform </wordcount>
    <wordcount weight="2" > significance </wordcount>
    <wordcount weight="2" > since </wordcount>
    <wordcount weight="2" > prices </wordcount>
    <wordcount weight="2" > interest </wordcount>
    <wordcount weight="2" > issn </wordcount>
    <wordcount weight="2" > authoritative </wordcount>
    <wordcount weight="2" > d </wordcount>
    <wordcount weight="2" > usa </wordcount>
    <wordcount weight="2" > ny </wordcount>
    <wordcount weight="2" > length </wordcount>
    <wordcount weight="2" > workers </wordcount>
    <wordcount weight="2" > sample </wordcount>
    <wordcount weight="2" > provides </wordcount>
    <wordcount weight="2" > urbanization </wordcount>
    <wordcount weight="2" > brook </wordcount>
    <wordcount weight="2" > promotion </wordcount>
    <wordcount weight="2" > problems </wordcount>
    <wordcount weight="2" > back </wordcount>
    <wordcount weight="2" > study </wordcount>
    <wordcount weight="2" > between </wordcount>
    <wordcount weight="2" > columbia </wordcount>
    <wordcount weight="2" > inclusion </wordcount>
    <wordcount weight="2" > editors </wordcount>
    <wordcount weight="2" > plants </wordcount>
    <wordcount weight="2" > met </wordcount>
    <wordcount weight="2" > communication </wordcount>
    <wordcount weight="2" > results </wordcount>
    <wordcount weight="2" > figures </wordcount>
    <wordcount weight="2" > than </wordcount>
    <wordcount weight="2" > provided </wordcount>
    <wordcount weight="2" > division </wordcount>
    <wordcount weight="1" > sa </wordcount>
    <wordcount weight="1" > appeal </wordcount>
    <wordcount weight="1" > ranging </wordcount>
    <wordcount weight="1" > lindauer </wordcount>
    <wordcount weight="1" > jenni </wordcount>
    <wordcount weight="1" > dealing </wordcount>
    <wordcount weight="1" > aim </wordcount>
    <wordcount weight="1" > janice </wordcount>
    <wordcount weight="1" > analytic </wordcount>
    <wordcount weight="1" > f </wordcount>
    <wordcount weight="1" > keeton </wordcount>
    <wordcount weight="1" > fifty </wordcount>
    <wordcount weight="1" > communities </wordcount>
    <wordcount weight="1" > now </wordcount>
    <wordcount weight="1" > purchase </wordcount>
    <wordcount weight="1" > islands </wordcount>
    <wordcount weight="1" > related </wordcount>
    <wordcount weight="1" > he </wordcount>
    <wordcount weight="1" > replies </wordcount>
    <wordcount weight="1" > together </wordcount>
    <wordcount weight="1" > table </wordcount>
    <wordcount weight="1" > applications </wordcount>
    <wordcount weight="1" > furnished </wordcount>
    <wordcount weight="1" > rate </wordcount>
    <wordcount weight="1" > philadelphia </wordcount>
    <wordcount weight="1" > final </wordcount>
    <wordcount weight="1" > irrespective </wordcount>
    <wordcount weight="1" > york </wordcount>
    <wordcount weight="1" > wilma </wordcount>
    <wordcount weight="1" > englandsourcebook </wordcount>
    <wordcount weight="1" > note </wordcount>
    <wordcount weight="1" > natur </wordcount>
    <wordcount weight="1" > africa </wordcount>
    <wordcount weight="1" > variety </wordcount>
    <wordcount weight="1" > territorial </wordcount>
    <wordcount weight="1" > vanderbilt </wordcount>
    <wordcount weight="1" > costs </wordcount>
    <wordcount weight="1" > easy </wordcount>
    <wordcount weight="1" > numerals </wordcount>
    <wordcount weight="1" > continued </wordcount>
    <wordcount weight="1" > provide </wordcount>
    <wordcount weight="1" > dm </wordcount>
    <wordcount weight="1" > statements </wordcount>
    <wordcount weight="1" > concerned </wordcount>
    <wordcount weight="1" > kenneth </wordcount>
    <wordcount weight="1" > crucial </wordcount>
    <wordcount weight="1" > stylistic </wordcount>
    <wordcount weight="1" > unification </wordcount>
    <wordcount weight="1" > foreign </wordcount>
    <wordcount weight="1" > names </wordcount>
    <wordcount weight="1" > sensing </wordcount>
    <wordcount weight="1" > threatened </wordcount>
    <wordcount weight="1" > short </wordcount>
    <wordcount weight="1" > nest </wordcount>
    <wordcount weight="1" > correlations </wordcount>
    <wordcount weight="1" > till </wordcount>
    <wordcount weight="1" > designated </wordcount>
    <wordcount weight="1" > comparative </wordcount>
    <wordcount weight="1" > techniques </wordcount>
    <wordcount weight="1" > does </wordcount>
    <wordcount weight="1" > might </wordcount>
    <wordcount weight="1" > intended </wordcount>
    <wordcount weight="1" > return </wordcount>
    <wordcount weight="1" > indicated </wordcount>
    <wordcount weight="1" > red </wordcount>
    <wordcount weight="1" > e </wordcount>
    <wordcount weight="1" > betts </wordcount>
    <wordcount weight="1" > tropical </wordcount>
    <wordcount weight="1" > limnology </wordcount>
    <wordcount weight="1" > accepted </wordcount>
    <wordcount weight="1" > active </wordcount>
    <wordcount weight="1" > detailed </wordcount>
    <wordcount weight="1" > contribution </wordcount>
    <wordcount weight="1" > make </wordcount>
    <wordcount weight="1" > returned </wordcount>
    <wordcount weight="1" > legends </wordcount>
    <wordcount weight="1" > indicates </wordcount>
    <wordcount weight="1" > legend </wordcount>
    <wordcount weight="1" > germany </wordcount>
    <wordcount weight="1" > expect </wordcount>
    <wordcount weight="1" > similar </wordcount>
    <wordcount weight="1" > wilson </wordcount>
    <wordcount weight="1" > importance </wordcount>
    <wordcount weight="1" > rapidly </wordcount>
    <wordcount weight="1" > southern </wordcount>
    <wordcount weight="1" > countries </wordcount>
    <wordcount weight="1" > led </wordcount>
    <wordcount weight="1" > complex </wordcount>
    <wordcount weight="1" > one </wordcount>
    <wordcount weight="1" > makes </wordcount>
    <wordcount weight="1" > parker </wordcount>
    <wordcount weight="1" > special </wordcount>
    <wordcount weight="1" > k </wordcount>
    <wordcount weight="1" > methods </wordcount>
    <wordcount weight="1" > extra </wordcount>
    <wordcount weight="1" > illustrations </wordcount>
    <wordcount weight="1" > illuminating </wordcount>
    <wordcount weight="1" > scarcity </wordcount>
    <wordcount weight="1" > about </wordcount>
    <wordcount weight="1" > united </wordcount>
    <wordcount weight="1" > animals </wordcount>
    <wordcount weight="1" > von </wordcount>
    <wordcount weight="1" > space </wordcount>
    <wordcount weight="1" > supplements </wordcount>
    <wordcount weight="1" > competition </wordcount>
    <wordcount weight="1" > respect </wordcount>
    <wordcount weight="1" > jf </wordcount>
    <wordcount weight="1" > glossy </wordcount>
    <wordcount weight="1" > managing </wordcount>
    <wordcount weight="1" > british </wordcount>
    <wordcount weight="1" > creatures </wordcount>
    <wordcount weight="1" > fascinating </wordcount>
    <wordcount weight="1" > means </wordcount>
    <wordcount weight="1" > walker </wordcount>
    <wordcount weight="1" > arrangements </wordcount>
    <wordcount weight="1" > hoist </wordcount>
    <wordcount weight="1" > canada </wordcount>
    <wordcount weight="1" > read </wordcount>
    <wordcount weight="1" > fairchild </wordcount>
    <wordcount weight="1" > applied </wordcount>
    <wordcount weight="1" > defilipps </wordcount>
    <wordcount weight="1" > guilder </wordcount>
    <wordcount weight="1" > sex </wordcount>
    <wordcount weight="1" > forest </wordcount>
    <wordcount weight="1" > exchanged </wordcount>
    <wordcount weight="1" > duke </wordcount>
    <wordcount weight="1" > prress </wordcount>
    <wordcount weight="1" > fifth </wordcount>
    <wordcount weight="1" > official </wordcount>
    <wordcount weight="1" > quantitative </wordcount>
    <wordcount weight="1" > established </wordcount>
    <wordcount weight="1" > despatched </wordcount>
    <wordcount weight="1" > offshore </wordcount>
    <wordcount weight="1" > presents </wordcount>
    <wordcount weight="1" > history </wordcount>
    <wordcount weight="1" > warrants </wordcount>
    <wordcount weight="1" > environment </wordcount>
    <wordcount weight="1" > title </wordcount>
    <wordcount weight="1" > included </wordcount>
    <wordcount weight="1" > heavy </wordcount>
    <wordcount weight="1" > orders </wordcount>
    <wordcount weight="1" > cornell </wordcount>
    <wordcount weight="1" > wd </wordcount>
    <wordcount weight="1" > wins </wordcount>
    <wordcount weight="1" > ordered </wordcount>
    <wordcount weight="1" > welcomes </wordcount>
    <wordcount weight="1" > elsewhere </wordcount>
    <wordcount weight="1" > quoted </wordcount>
    <wordcount weight="1" > galley </wordcount>
    <wordcount weight="1" > same </wordcount>
    <wordcount weight="1" > numbers </wordcount>
    <wordcount weight="1" > impact </wordcount>
    <wordcount weight="1" > receiving </wordcount>
    <wordcount weight="1" > series </wordcount>
    <wordcount weight="1" > source </wordcount>
    <wordcount weight="1" > princeton </wordcount>
    <wordcount weight="1" > ruth </wordcount>
    <wordcount weight="1" > but </wordcount>
    <wordcount weight="1" > geist </wordcount>
    <wordcount weight="1" > expressed </wordcount>
    <wordcount weight="1" > conjunction </wordcount>
    <wordcount weight="1" > w </wordcount>
    <wordcount weight="1" > constraints </wordcount>
    <wordcount weight="1" > orientation </wordcount>
    <wordcount weight="1" > enjoyable </wordcount>
    <wordcount weight="1" > manual </wordcount>
    <wordcount weight="1" > reports </wordcount>
    <wordcount weight="1" > fluctuations </wordcount>
    <wordcount weight="1" > eisenberg </wordcount>
    <wordcount weight="1" > georgia </wordcount>
    <wordcount weight="1" > island </wordcount>
    <wordcount weight="1" > additional </wordcount>
    <wordcount weight="1" > shorter </wordcount>
    <wordcount weight="1" > origins </wordcount>
    <wordcount weight="1" > n </wordcount>
    <wordcount weight="1" > marmosets </wordcount>
    <wordcount weight="1" > else </wordcount>
    <wordcount weight="1" > either </wordcount>
    <wordcount weight="1" > avoided </wordcount>
    <wordcount weight="1" > efficient </wordcount>
    <wordcount weight="1" > longer </wordcount>
    <wordcount weight="1" > useful </wordcount>
    <wordcount weight="1" > lee </wordcount>
    <wordcount weight="1" > corrections </wordcount>
    <wordcount weight="1" > cost </wordcount>
    <wordcount weight="1" > submit </wordcount>
    <wordcount weight="1" > macnair </wordcount>
    <wordcount weight="1" > griffin </wordcount>
    <wordcount weight="1" > drift </wordcount>
    <wordcount weight="1" > somehow </wordcount>
    <wordcount weight="1" > genetic </wordcount>
    <wordcount weight="1" > interests </wordcount>
    <wordcount weight="1" > journalof </wordcount>
    <wordcount weight="1" > set </wordcount>
    <wordcount weight="1" > dj </wordcount>
    <wordcount weight="1" > taken </wordcount>
    <wordcount weight="1" > genecology </wordcount>
    <wordcount weight="1" > address </wordcount>
    <wordcount weight="1" > partitioning </wordcount>
    <wordcount weight="1" > rapid </wordcount>
    <wordcount weight="1" > dominate </wordcount>
    <wordcount weight="1" > attempt </wordcount>
    <wordcount weight="1" > preferences </wordcount>
    <wordcount weight="1" > continental </wordcount>
    <wordcount weight="1" > deserves </wordcount>
    <wordcount weight="1" > dc </wordcount>
    <wordcount weight="1" > put </wordcount>
    <wordcount weight="1" > reduction </wordcount>
    <wordcount weight="1" > degree </wordcount>
    <wordcount weight="1" > into </wordcount>
    <wordcount weight="1" > causes </wordcount>
    <wordcount weight="1" > character </wordcount>
    <wordcount weight="1" > supplied </wordcount>
    <wordcount weight="1" > standards </wordcount>
    <wordcount weight="1" > advance </wordcount>
    <wordcount weight="1" > different </wordcount>
    <wordcount weight="1" > bailliere </wordcount>
    <wordcount weight="1" > expanding </wordcount>
    <wordcount weight="1" > acceptable </wordcount>
    <wordcount weight="1" > concepts </wordcount>
    <wordcount weight="1" > antipredatory </wordcount>
    <wordcount weight="1" > extent </wordcount>
    <wordcount weight="1" > head </wordcount>
    <wordcount weight="1" > transmission </wordcount>
    <wordcount weight="1" > rl </wordcount>
    <wordcount weight="1" > departments </wordcount>
    <wordcount weight="1" > entered </wordcount>
    <wordcount weight="1" > doublespaced </wordcount>
    <wordcount weight="1" > agree </wordcount>
    <wordcount weight="1" > dunstaffnage </wordcount>
    <wordcount weight="1" > confusion </wordcount>
    <wordcount weight="1" > differences </wordcount>
    <wordcount weight="1" > mapping </wordcount>
    <wordcount weight="1" > so </wordcount>
    <wordcount weight="1" > academy </wordcount>
    <wordcount weight="1" > rodents </wordcount>
    <wordcount weight="1" > origin </wordcount>
    <wordcount weight="1" > patrick </wordcount>
    <wordcount weight="1" > bmpanimal </wordcount>
    <wordcount weight="1" > objectives </wordcount>
    <wordcount weight="1" > larger </wordcount>
    <wordcount weight="1" > deal </wordcount>
    <wordcount weight="1" > scotland </wordcount>
    <wordcount weight="1" > any </wordcount>
    <wordcount weight="1" > thanks </wordcount>
    <wordcount weight="1" > primates </wordcount>
    <wordcount weight="1" > typewritten </wordcount>
    <wordcount weight="1" > professor </wordcount>
    <wordcount weight="1" > requirements </wordcount>
    <wordcount weight="1" > equilibrium </wordcount>
    <wordcount weight="1" > gene </wordcount>
    <wordcount weight="1" > amer </wordcount>
    <wordcount weight="1" > considerable </wordcount>
    <wordcount weight="1" > man </wordcount>
    <wordcount weight="1" > climate </wordcount>
    <wordcount weight="1" > base </wordcount>
    <wordcount weight="1" > zealand </wordcount>
    <wordcount weight="1" > freight </wordcount>
    <wordcount weight="1" > type </wordcount>
    <wordcount weight="1" > february </wordcount>
    <wordcount weight="1" > ayensu </wordcount>
    <wordcount weight="1" > written </wordcount>
    <wordcount weight="1" > stand </wordcount>
    <wordcount weight="1" > precisely </wordcount>
    <wordcount weight="1" > v </wordcount>
    <wordcount weight="1" > william </wordcount>
    <wordcount weight="1" > captive </wordcount>
    <wordcount weight="1" > investigations </wordcount>
    <wordcount weight="1" > cultural </wordcount>
    <wordcount weight="1" > according </wordcount>
    <wordcount weight="1" > scholarly </wordcount>
    <wordcount weight="1" > covered </wordcount>
    <wordcount weight="1" > discipline </wordcount>
    <wordcount weight="1" > reading </wordcount>
    <wordcount weight="1" > ambiguous </wordcount>
    <wordcount weight="1" > where </wordcount>
    <wordcount weight="1" > signs </wordcount>
    <wordcount weight="1" > right </wordcount>
    <wordcount weight="1" > automatically </wordcount>
    <wordcount weight="1" > polyandrous </wordcount>
    <wordcount weight="1" > within </wordcount>
    <wordcount weight="1" > elucidating </wordcount>
    <wordcount weight="1" > jacana </wordcount>
    <wordcount weight="1" > butterfly </wordcount>
    <wordcount weight="1" > postal </wordcount>
    <wordcount weight="1" > context </wordcount>
    <wordcount weight="1" > ch </wordcount>
    <wordcount weight="1" > nature </wordcount>
    <wordcount weight="1" > form </wordcount>
    <wordcount weight="1" > persons </wordcount>
    <wordcount weight="1" > lion </wordcount>
    <wordcount weight="1" > until </wordcount>
    <wordcount weight="1" > meet </wordcount>
    <wordcount weight="1" > accounts </wordcount>
    <wordcount weight="1" > trivers </wordcount>
    <wordcount weight="1" > case </wordcount>
    <wordcount weight="1" > council </wordcount>
    <wordcount weight="1" > partners </wordcount>
    <wordcount weight="1" > folivores </wordcount>
    <wordcount weight="1" > ryukyu </wordcount>
    <wordcount weight="1" > monograph </wordcount>
    <wordcount weight="1" > otherwise </wordcount>
    <wordcount weight="1" > eg </wordcount>
    <wordcount weight="1" > occasional </wordcount>
    <wordcount weight="1" > forum </wordcount>
    <wordcount weight="1" > placed </wordcount>
    <wordcount weight="1" > described </wordcount>
    <wordcount weight="1" > deep </wordcount>
    <wordcount weight="1" > dialect </wordcount>
    <wordcount weight="1" > ltd </wordcount>
    <wordcount weight="1" > theory </wordcount>
    <wordcount weight="1" > vogel </wordcount>
    <wordcount weight="1" > gf </wordcount>
    <wordcount weight="1" > jenkins </wordcount>
    <wordcount weight="1" > hamilton </wordcount>
    <wordcount weight="1" > mary </wordcount>
    <wordcount weight="1" > bird </wordcount>
    <wordcount weight="1" > zoogeographical </wordcount>
    <wordcount weight="1" > si </wordcount>
    <wordcount weight="1" > particularly </wordcount>
    <wordcount weight="1" > wood </wordcount>
    <wordcount weight="1" > expenses </wordcount>
    <wordcount weight="1" > expressions </wordcount>
    <wordcount weight="1" > advisory </wordcount>
    <wordcount weight="1" > receive </wordcount>
    <wordcount weight="1" > multidisciplinary </wordcount>
    <wordcount weight="1" > changing </wordcount>
    <wordcount weight="1" > retain </wordcount>
    <wordcount weight="1" > biom </wordcount>
    <wordcount weight="1" > vol </wordcount>
    <wordcount weight="1" > devra </wordcount>
    <wordcount weight="1" > resident </wordcount>
    <wordcount weight="1" > feeding </wordcount>
    <wordcount weight="1" > agreed </wordcount>
    <wordcount weight="1" > kansas </wordcount>
    <wordcount weight="1" > howard </wordcount>
    <wordcount weight="1" > remote </wordcount>
    <wordcount weight="1" > okinawa </wordcount>
    <wordcount weight="1" > predatory </wordcount>
    <wordcount weight="1" > contain </wordcount>
    <wordcount weight="1" > byricharddawkins </wordcount>
    <wordcount weight="1" > condition </wordcount>
    <wordcount weight="1" > size </wordcount>
    <wordcount weight="1" > discussion </wordcount>
    <wordcount weight="1" > work </wordcount>
    <wordcount weight="1" > international </wordcount>
    <wordcount weight="1" > soils </wordcount>
    <wordcount weight="1" > publish </wordcount>
    <wordcount weight="1" > ecologythe </wordcount>
    <wordcount weight="1" > pr </wordcount>
    <wordcount weight="1" > propagation </wordcount>
    <wordcount weight="1" > tool </wordcount>
    <wordcount weight="1" > range </wordcount>
    <wordcount weight="1" > medical </wordcount>
    <wordcount weight="1" > dutch </wordcount>
    <wordcount weight="1" > determined </wordcount>
    <wordcount weight="1" > recognition </wordcount>
    <wordcount weight="1" > combination </wordcount>
    <wordcount weight="1" > desired </wordcount>
    <wordcount weight="1" > surveys </wordcount>
    <wordcount weight="1" > except </wordcount>
    <wordcount weight="1" > conceptual </wordcount>
    <wordcount weight="1" > part </wordcount>
    <wordcount weight="1" > london </wordcount>
    <wordcount weight="1" > uniform </wordcount>
    <wordcount weight="1" > mm </wordcount>
    <wordcount weight="1" > arboreal </wordcount>
    <wordcount weight="1" > sea </wordcount>
    <wordcount weight="1" > pairs </wordcount>
    <wordcount weight="1" > knowledge </wordcount>
    <wordcount weight="1" > content </wordcount>
    <wordcount weight="1" > incubation </wordcount>
    <wordcount weight="1" > jeannea </wordcount>
    <wordcount weight="1" > comment </wordcount>
    <wordcount weight="1" > samples </wordcount>
    <wordcount weight="1" > publishers </wordcount>
    <wordcount weight="1" > tenure </wordcount>
    <wordcount weight="1" > data </wordcount>
    <wordcount weight="1" > excessive </wordcount>
    <wordcount weight="1" > subject </wordcount>
    <wordcount weight="1" > queries </wordcount>
    <wordcount weight="1" > prepayment </wordcount>
    <wordcount weight="1" > disciplines </wordcount>
    <wordcount weight="1" > pyke </wordcount>
    <wordcount weight="1" > ltmann </wordcount>
    <wordcount weight="1" > song </wordcount>
    <wordcount weight="1" > empirical </wordcount>
    <wordcount weight="1" > rm </wordcount>
    <wordcount weight="1" > whole </wordcount>
    <wordcount weight="1" > year </wordcount>
    <wordcount weight="1" > use </wordcount>
    <wordcount weight="1" > ross </wordcount>
    <wordcount weight="1" > holland </wordcount>
    <wordcount weight="1" > internationally </wordcount>
    <wordcount weight="1" > during </wordcount>
    <wordcount weight="1" > consecutively </wordcount>
    <wordcount weight="1" > treats </wordcount>
    <wordcount weight="1" > harold </wordcount>
    <wordcount weight="1" > waived </wordcount>
    <wordcount weight="1" > diffuse </wordcount>
    <wordcount weight="1" > ecosystems </wordcount>
    <wordcount weight="1" > bill </wordcount>
    <wordcount weight="1" > ideas </wordcount>
    <wordcount weight="1" > wt </wordcount>
    <wordcount weight="1" > numbered </wordcount>
    <wordcount weight="1" > statistics </wordcount>
    <wordcount weight="1" > conflict </wordcount>
    <wordcount weight="1" > thereafter </wordcount>
    <wordcount weight="1" > nominated </wordcount>
    <wordcount weight="1" > our </wordcount>
    <wordcount weight="1" > marler </wordcount>
    <wordcount weight="1" > princetown </wordcount>
    <wordcount weight="1" > field </wordcount>
    <wordcount weight="1" > distributions </wordcount>
    <wordcount weight="1" > full </wordcount>
    <wordcount weight="1" > his </wordcount>
    <wordcount weight="1" > altmann </wordcount>
    <wordcount weight="1" > devoted </wordcount>
    <wordcount weight="1" > evidence </wordcount>
    <wordcount weight="1" > shown </wordcount>
    <wordcount weight="1" > models </wordcount>
    <wordcount weight="1" > netherlands </wordcount>
    <wordcount weight="1" > frg </wordcount>
    <wordcount weight="1" > specimen </wordcount>
    <wordcount weight="1" > eisner </wordcount>
    <wordcount weight="1" > subscribers </wordcount>
    <wordcount weight="1" > edical </wordcount>
    <wordcount weight="1" > open </wordcount>
    <wordcount weight="1" > callitrichidae </wordcount>
    <wordcount weight="1" > digestion </wordcount>
    <wordcount weight="1" > run </wordcount>
    <wordcount weight="1" > clear </wordcount>
    <wordcount weight="1" > kerr </wordcount>
    <wordcount weight="1" > donald </wordcount>
    <wordcount weight="1" > objective </wordcount>
    <wordcount weight="1" > illinois </wordcount>
    <wordcount weight="1" > weeks </wordcount>
    <wordcount weight="1" > approach </wordcount>
    <wordcount weight="1" > furthering </wordcount>
    <wordcount weight="1" > defence </wordcount>
    <wordcount weight="1" > comprehensive </wordcount>
    <wordcount weight="1" > annotated </wordcount>
    <wordcount weight="1" > regions </wordcount>
    <wordcount weight="1" > committeenewfrom </wordcount>
    <wordcount weight="1" > taxonomic </wordcount>
    <wordcount weight="1" > bibliographies </wordcount>
    <wordcount weight="1" > betty </wordcount>
    <wordcount weight="1" > proofs </wordcount>
    <wordcount weight="1" > eo </wordcount>
    <wordcount weight="1" > biochemistry </wordcount>
    <wordcount weight="1" > endangered </wordcount>
    <wordcount weight="1" > held </wordcount>
    <wordcount weight="1" > running </wordcount>
    <wordcount weight="1" > individual </wordcount>
    <wordcount weight="1" > david </wordcount>
    <wordcount weight="1" > include </wordcount>
    <wordcount weight="1" > interrelationships </wordcount>
    <wordcount weight="1" > walter </wordcount>
    <wordcount weight="1" > price </wordcount>
    <wordcount weight="1" > publications </wordcount>
    <wordcount weight="1" > canadian </wordcount>
    <wordcount weight="1" > below </wordcount>
    <wordcount weight="1" > need </wordcount>
    <wordcount weight="1" > specialists </wordcount>
    <wordcount weight="1" > davies </wordcount>
    <wordcount weight="1" > summer </wordcount>
    <wordcount weight="1" > plant </wordcount>
    <wordcount weight="1" > bimonthly </wordcount>
    <wordcount weight="1" > pay </wordcount>
    <wordcount weight="1" > features </wordcount>
    <wordcount weight="1" > interspecific </wordcount>
    <wordcount weight="1" > serves </wordcount>
    <wordcount weight="1" > level </wordcount>
    <wordcount weight="1" > immelmann </wordcount>
    <wordcount weight="1" > effects </wordcount>
    <wordcount weight="1" > publishes </wordcount>
    <wordcount weight="1" > brood </wordcount>
    <wordcount weight="1" > funds </wordcount>
    <wordcount weight="1" > relevant </wordcount>
    <wordcount weight="1" > biomed </wordcount>
    <wordcount weight="1" > sourcesdited </wordcount>
    <wordcount weight="1" > oster </wordcount>
    <wordcount weight="1" > davis </wordcount>
    <wordcount weight="1" > commentaries </wordcount>
    <wordcount weight="1" > francisco </wordcount>
    <wordcount weight="1" > association </wordcount>
    <wordcount weight="1" > items </wordcount>
    <wordcount weight="1" > specifically </wordcount>
    <wordcount weight="1" > definitive </wordcount>
    <wordcount weight="1" > classification </wordcount>
    <wordcount weight="1" > exchange </wordcount>
    <wordcount weight="1" > small </wordcount>
    <wordcount weight="1" > summary </wordcount>
    <wordcount weight="1" > several </wordcount>
    <wordcount weight="1" > margin </wordcount>
    <wordcount weight="1" > selection </wordcount>
    <wordcount weight="1" > flora </wordcount>
    <wordcount weight="1" > charles </wordcount>
    <wordcount weight="1" > smithsonian </wordcount>
    <wordcount weight="1" > although </wordcount>
    <wordcount weight="1" > highest </wordcount>
    <wordcount weight="1" > rag </wordcount>
    <wordcount weight="1" > evolutionary </wordcount>
    <wordcount weight="1" > often </wordcount>
    <wordcount weight="1" > distinctions </wordcount>
    <wordcount weight="1" > usaadvice </wordcount>
    <wordcount weight="1" > relation </wordcount>
    <wordcount weight="1" > australian </wordcount>
    <wordcount weight="1" > suitable </wordcount>
    <wordcount weight="1" > reference </wordcount>
    <wordcount weight="1" > dates </wordcount>
    <wordcount weight="1" > correction </wordcount>
    <wordcount weight="1" > janis </wordcount>
    <wordcount weight="1" > egbert </wordcount>
    <wordcount weight="1" > anderson </wordcount>
    <wordcount weight="1" > leaf </wordcount>
    <wordcount weight="1" > speckled </wordcount>
    <wordcount weight="1" > th </wordcount>
    <wordcount weight="1" > enjoyed </wordcount>
    <wordcount weight="1" > symposia </wordcount>
    <wordcount weight="1" > always </wordcount>
    <wordcount weight="1" > cal </wordcount>
    <wordcount weight="1" > norman </wordcount>
    <wordcount weight="1" > annual </wordcount>
    <wordcount weight="1" > enhance </wordcount>
    <wordcount weight="1" > texts </wordcount>
    <wordcount weight="1" > when </wordcount>
    <wordcount weight="1" > views </wordcount>
    <wordcount weight="1" > returnable </wordcount>
    <wordcount weight="1" > characters </wordcount>
    <wordcount weight="1" > given </wordcount>
    <wordcount weight="1" > adaptations </wordcount>
    <wordcount weight="1" > because </wordcount>
    <wordcount weight="1" > parameters </wordcount>
    <wordcount weight="1" > infanticide </wordcount>
    <wordcount weight="1" > using </wordcount>
    <wordcount weight="1" > principal </wordcount>
    <wordcount weight="1" > details </wordcount>
    <wordcount weight="1" > strong </wordcount>
    <wordcount weight="1" > among </wordcount>
    <wordcount weight="1" > we </wordcount>
    <wordcount weight="1" > leafeating </wordcount>
    <wordcount weight="1" > recent </wordcount>
    <wordcount weight="1" > notes </wordcount>
    <wordcount weight="1" > outgrowth </wordcount>
    <wordcount weight="1" > watts </wordcount>
    <wordcount weight="1" > value </wordcount>
    <wordcount weight="1" > general </wordcount>
    <wordcount weight="1" > meeting </wordcount>
    <wordcount weight="1" > asked </wordcount>
    <wordcount weight="1" > resources </wordcount>
    <wordcount weight="1" > attention </wordcount>
    <wordcount weight="1" > australasian </wordcount>
    <wordcount weight="1" > valuable </wordcount>
    <wordcount weight="1" > arizona </wordcount>
    <wordcount weight="1" > examines </wordcount>
    <wordcount weight="1" > avoid </wordcount>
    <wordcount weight="1" > jeffrey </wordcount>
    <wordcount weight="1" > mechanism </wordcount>
    <wordcount weight="1" > jh </wordcount>
</article>
