<?xml version="1.0" encoding="UTF-8"?>
<article id="10.2307/2431793" >
    <wordcount weight="191" > of </wordcount>
    <wordcount weight="117" > and </wordcount>
    <wordcount weight="113" > the </wordcount>
    <wordcount weight="93" > in </wordcount>
    <wordcount weight="71" > trampling </wordcount>
    <wordcount weight="68" > to </wordcount>
    <wordcount weight="53" > dry </wordcount>
    <wordcount weight="51" > growth </wordcount>
    <wordcount weight="49" > wt </wordcount>
    <wordcount weight="43" > a </wordcount>
    <wordcount weight="41" > erect </wordcount>
    <wordcount weight="40" > prostrate </wordcount>
    <wordcount weight="35" > plantago </wordcount>
    <wordcount weight="32" > were </wordcount>
    <wordcount weight="31" > ns </wordcount>
    <wordcount weight="30" > plant </wordcount>
    <wordcount weight="28" > per </wordcount>
    <wordcount weight="28" > plants </wordcount>
    <wordcount weight="28" > for </wordcount>
    <wordcount weight="27" > poa </wordcount>
    <wordcount weight="25" > major </wordcount>
    <wordcount weight="22" > reproductive </wordcount>
    <wordcount weight="20" > by </wordcount>
    <wordcount weight="20" > are </wordcount>
    <wordcount weight="20" > form </wordcount>
    <wordcount weight="20" > both </wordcount>
    <wordcount weight="20" > annua </wordcount>
    <wordcount weight="19" > shoot </wordcount>
    <wordcount weight="18" > on </wordcount>
    <wordcount weight="17" > root </wordcount>
    <wordcount weight="17" > stress </wordcount>
    <wordcount weight="17" > effects </wordcount>
    <wordcount weight="16" > different </wordcount>
    <wordcount weight="16" > treatment </wordcount>
    <wordcount weight="16" > forms </wordcount>
    <wordcount weight="16" > species </wordcount>
    <wordcount weight="15" > was </wordcount>
    <wordcount weight="14" > that </wordcount>
    <wordcount weight="14" > between </wordcount>
    <wordcount weight="14" > than </wordcount>
    <wordcount weight="13" > control </wordcount>
    <wordcount weight="13" > p </wordcount>
    <wordcount weight="13" > treatments </wordcount>
    <wordcount weight="12" > at </wordcount>
    <wordcount weight="12" > l </wordcount>
    <wordcount weight="12" > is </wordcount>
    <wordcount weight="12" > with </wordcount>
    <wordcount weight="12" > heavy </wordcount>
    <wordcount weight="12" > from </wordcount>
    <wordcount weight="12" > individuals </wordcount>
    <wordcount weight="12" > soil </wordcount>
    <wordcount weight="12" > be </wordcount>
    <wordcount weight="12" > results </wordcount>
    <wordcount weight="11" > lawn </wordcount>
    <wordcount weight="11" > light </wordcount>
    <wordcount weight="11" > s </wordcount>
    <wordcount weight="11" > less </wordcount>
    <wordcount weight="11" > significantly </wordcount>
    <wordcount weight="10" > m </wordcount>
    <wordcount weight="10" > selection </wordcount>
    <wordcount weight="10" > studies </wordcount>
    <wordcount weight="10" > under </wordcount>
    <wordcount weight="10" > i </wordcount>
    <wordcount weight="9" > as </wordcount>
    <wordcount weight="9" > simulated </wordcount>
    <wordcount weight="9" > weeds </wordcount>
    <wordcount weight="8" > percentage </wordcount>
    <wordcount weight="8" > means </wordcount>
    <wordcount weight="8" > more </wordcount>
    <wordcount weight="8" > each </wordcount>
    <wordcount weight="8" > cm </wordcount>
    <wordcount weight="8" > experiments </wordcount>
    <wordcount weight="8" > response </wordcount>
    <wordcount weight="8" > seed </wordcount>
    <wordcount weight="7" > not </wordcount>
    <wordcount weight="7" > warwick </wordcount>
    <wordcount weight="7" > table </wordcount>
    <wordcount weight="7" > indicated </wordcount>
    <wordcount weight="7" > compaction </wordcount>
    <wordcount weight="7" > greater </wordcount>
    <wordcount weight="7" > differences </wordcount>
    <wordcount weight="7" > new </wordcount>
    <wordcount weight="7" > number </wordcount>
    <wordcount weight="7" > genetically </wordcount>
    <wordcount weight="7" > tolerance </wordcount>
    <wordcount weight="7" > bowling </wordcount>
    <wordcount weight="7" > evidence </wordcount>
    <wordcount weight="6" > k </wordcount>
    <wordcount weight="6" > total </wordcount>
    <wordcount weight="6" > coefficients </wordcount>
    <wordcount weight="6" > two </wordcount>
    <wordcount weight="6" > taxa </wordcount>
    <wordcount weight="6" > j </wordcount>
    <wordcount weight="6" > vegetation </wordcount>
    <wordcount weight="6" > patterns </wordcount>
    <wordcount weight="6" > sand </wordcount>
    <wordcount weight="6" > human </wordcount>
    <wordcount weight="6" > which </wordcount>
    <wordcount weight="6" > estimates </wordcount>
    <wordcount weight="6" > relative </wordcount>
    <wordcount weight="5" > b </wordcount>
    <wordcount weight="5" > w </wordcount>
    <wordcount weight="5" > into </wordcount>
    <wordcount weight="5" > experiment </wordcount>
    <wordcount weight="5" > production </wordcount>
    <wordcount weight="5" > variation </wordcount>
    <wordcount weight="5" > combined </wordcount>
    <wordcount weight="5" > applied </wordcount>
    <wordcount weight="5" > some </wordcount>
    <wordcount weight="5" > values </wordcount>
    <wordcount weight="5" > genecology </wordcount>
    <wordcount weight="5" > differential </wordcount>
    <wordcount weight="5" > vii </wordcount>
    <wordcount weight="5" > this </wordcount>
    <wordcount weight="5" > cambridge </wordcount>
    <wordcount weight="5" > although </wordcount>
    <wordcount weight="5" > d </wordcount>
    <wordcount weight="5" > an </wordcount>
    <wordcount weight="5" > vegetative </wordcount>
    <wordcount weight="5" > when </wordcount>
    <wordcount weight="4" > may </wordcount>
    <wordcount weight="4" > given </wordcount>
    <wordcount weight="4" > f </wordcount>
    <wordcount weight="4" > flower </wordcount>
    <wordcount weight="4" > no </wordcount>
    <wordcount weight="4" > impacts </wordcount>
    <wordcount weight="4" > performance </wordcount>
    <wordcount weight="4" > obtained </wordcount>
    <wordcount weight="4" > affected </wordcount>
    <wordcount weight="4" > biological </wordcount>
    <wordcount weight="4" > lawns </wordcount>
    <wordcount weight="4" > or </wordcount>
    <wordcount weight="4" > allocation </wordcount>
    <wordcount weight="4" > experimental </wordcount>
    <wordcount weight="4" > these </wordcount>
    <wordcount weight="4" > four </wordcount>
    <wordcount weight="4" > resource </wordcount>
    <wordcount weight="4" > appear </wordcount>
    <wordcount weight="4" > all </wordcount>
    <wordcount weight="4" > character </wordcount>
    <wordcount weight="4" > analyses </wordcount>
    <wordcount weight="4" > reproduction </wordcount>
    <wordcount weight="4" > there </wordcount>
    <wordcount weight="4" > seedling </wordcount>
    <wordcount weight="4" > particularly </wordcount>
    <wordcount weight="4" > spike </wordcount>
    <wordcount weight="4" > liddle </wordcount>
    <wordcount weight="4" > x </wordcount>
    <wordcount weight="4" > apparent </wordcount>
    <wordcount weight="4" > subject </wordcount>
    <wordcount weight="4" > significant </wordcount>
    <wordcount weight="4" > review </wordcount>
    <wordcount weight="4" > have </wordcount>
    <wordcount weight="4" > statistically </wordcount>
    <wordcount weight="4" > variance </wordcount>
    <wordcount weight="4" > c </wordcount>
    <wordcount weight="4" > effect </wordcount>
    <wordcount weight="4" > mechanical </wordcount>
    <wordcount weight="4" > characters </wordcount>
    <wordcount weight="4" > journal </wordcount>
    <wordcount weight="3" > glasshouse </wordcount>
    <wordcount weight="3" > populations </wordcount>
    <wordcount weight="3" > ecological </wordcount>
    <wordcount weight="3" > randomly </wordcount>
    <wordcount weight="3" > variant </wordcount>
    <wordcount weight="3" > comparisons </wordcount>
    <wordcount weight="3" > statistical </wordcount>
    <wordcount weight="3" > acting </wordcount>
    <wordcount weight="3" > variants </wordcount>
    <wordcount weight="3" > source </wordcount>
    <wordcount weight="3" > but </wordcount>
    <wordcount weight="3" > age </wordcount>
    <wordcount weight="3" > devoted </wordcount>
    <wordcount weight="3" > clipping </wordcount>
    <wordcount weight="3" > intraspecific </wordcount>
    <wordcount weight="3" > whereas </wordcount>
    <wordcount weight="3" > other </wordcount>
    <wordcount weight="3" > height </wordcount>
    <wordcount weight="3" > pressure </wordcount>
    <wordcount weight="3" > found </wordcount>
    <wordcount weight="3" > time </wordcount>
    <wordcount weight="3" > habitat </wordcount>
    <wordcount weight="3" > beds </wordcount>
    <wordcount weight="3" > allocated </wordcount>
    <wordcount weight="3" > damage </wordcount>
    <wordcount weight="3" > growing </wordcount>
    <wordcount weight="3" > within </wordcount>
    <wordcount weight="3" > population </wordcount>
    <wordcount weight="3" > foot </wordcount>
    <wordcount weight="3" > while </wordcount>
    <wordcount weight="3" > turf </wordcount>
    <wordcount weight="3" > design </wordcount>
    <wordcount weight="3" > percent </wordcount>
    <wordcount weight="3" > reported </wordcount>
    <wordcount weight="3" > tiller </wordcount>
    <wordcount weight="3" > simulating </wordcount>
    <wordcount weight="3" > loss </wordcount>
    <wordcount weight="3" > component </wordcount>
    <wordcount weight="3" > years </wordcount>
    <wordcount weight="3" > against </wordcount>
    <wordcount weight="3" > responses </wordcount>
    <wordcount weight="3" > approximately </wordcount>
    <wordcount weight="3" > leaf </wordcount>
    <wordcount weight="3" > field </wordcount>
    <wordcount weight="3" > after </wordcount>
    <wordcount weight="3" > research </wordcount>
    <wordcount weight="3" > wet </wordcount>
    <wordcount weight="3" > green </wordcount>
    <wordcount weight="3" > provided </wordcount>
    <wordcount weight="3" > separate </wordcount>
    <wordcount weight="2" > increasing </wordcount>
    <wordcount weight="2" > van </wordcount>
    <wordcount weight="2" > habitats </wordcount>
    <wordcount weight="2" > reduced </wordcount>
    <wordcount weight="2" > scientific </wordcount>
    <wordcount weight="2" > usually </wordcount>
    <wordcount weight="2" > grid </wordcount>
    <wordcount weight="2" > mosaic </wordcount>
    <wordcount weight="2" > stresses </wordcount>
    <wordcount weight="2" > comparative </wordcount>
    <wordcount weight="2" > it </wordcount>
    <wordcount weight="2" > extreme </wordcount>
    <wordcount weight="2" > paired </wordcount>
    <wordcount weight="2" > coastal </wordcount>
    <wordcount weight="2" > e </wordcount>
    <wordcount weight="2" > eight </wordcount>
    <wordcount weight="2" > similar </wordcount>
    <wordcount weight="2" > reflection </wordcount>
    <wordcount weight="2" > ii </wordcount>
    <wordcount weight="2" > plots </wordcount>
    <wordcount weight="2" > oecologia </wordcount>
    <wordcount weight="2" > changes </wordcount>
    <wordcount weight="2" > oxford </wordcount>
    <wordcount weight="2" > investigate </wordcount>
    <wordcount weight="2" > considered </wordcount>
    <wordcount weight="2" > indierect </wordcount>
    <wordcount weight="2" > management </wordcount>
    <wordcount weight="2" > environment </wordcount>
    <wordcount weight="2" > paper </wordcount>
    <wordcount weight="2" > following </wordcount>
    <wordcount weight="2" > same </wordcount>
    <wordcount weight="2" > verhandelingen </wordcount>
    <wordcount weight="2" > comparison </wordcount>
    <wordcount weight="2" > characteristics </wordcount>
    <wordcount weight="2" > only </wordcount>
    <wordcount weight="2" > surface </wordcount>
    <wordcount weight="2" > followed </wordcount>
    <wordcount weight="2" > also </wordcount>
    <wordcount weight="2" > natural </wordcount>
    <wordcount weight="2" > been </wordcount>
    <wordcount weight="2" > sizes </wordcount>
    <wordcount weight="2" > areas </wordcount>
    <wordcount weight="2" > occurrence </wordcount>
    <wordcount weight="2" > treading </wordcount>
    <wordcount weight="2" > dunes </wordcount>
    <wordcount weight="2" > pattern </wordcount>
    <wordcount weight="2" > better </wordcount>
    <wordcount weight="2" > akademie </wordcount>
    <wordcount weight="2" > ground </wordcount>
    <wordcount weight="2" > decreased </wordcount>
    <wordcount weight="2" > due </wordcount>
    <wordcount weight="2" > energy </wordcount>
    <wordcount weight="2" > viduals </wordcount>
    <wordcount weight="2" > distribution </wordcount>
    <wordcount weight="2" > percentbetween </wordcount>
    <wordcount weight="2" > aspects </wordcount>
    <wordcount weight="2" > degree </wordcount>
    <wordcount weight="2" > well </wordcount>
    <wordcount weight="2" > influenced </wordcount>
    <wordcount weight="2" > suggests </wordcount>
    <wordcount weight="2" > unequal </wordcount>
    <wordcount weight="2" > r </wordcount>
    <wordcount weight="2" > degrees </wordcount>
    <wordcount weight="2" > revealed </wordcount>
    <wordcount weight="2" > limitations </wordcount>
    <wordcount weight="2" > communities </wordcount>
    <wordcount weight="2" > county </wordcount>
    <wordcount weight="2" > samples </wordcount>
    <wordcount weight="2" > mown </wordcount>
    <wordcount weight="2" > ten </wordcount>
    <wordcount weight="2" > grassland </wordcount>
    <wordcount weight="2" > lights </wordcount>
    <wordcount weight="2" > conditions </wordcount>
    <wordcount weight="2" > exhibited </wordcount>
    <wordcount weight="2" > week </wordcount>
    <wordcount weight="2" > withstand </wordcount>
    <wordcount weight="2" > rubra </wordcount>
    <wordcount weight="2" > sample </wordcount>
    <wordcount weight="2" > national </wordcount>
    <wordcount weight="2" > g </wordcount>
    <wordcount weight="2" > festuca </wordcount>
    <wordcount weight="2" > preceded </wordcount>
    <wordcount weight="2" > characteristic </wordcount>
    <wordcount weight="2" > individual </wordcount>
    <wordcount weight="2" > selfed </wordcount>
    <wordcount weight="2" > grown </wordcount>
    <wordcount weight="2" > include </wordcount>
    <wordcount weight="2" > length </wordcount>
    <wordcount weight="2" > relatively </wordcount>
    <wordcount weight="2" > features </wordcount>
    <wordcount weight="2" > paths </wordcount>
    <wordcount weight="2" > cases </wordcount>
    <wordcount weight="2" > walking </wordcount>
    <wordcount weight="2" > increased </wordcount>
    <wordcount weight="2" > intervals </wordcount>
    <wordcount weight="2" > fitness </wordcount>
    <wordcount weight="2" > nederlandse </wordcount>
    <wordcount weight="2" > highly </wordcount>
    <wordcount weight="2" > often </wordcount>
    <wordcount weight="2" > phd </wordcount>
    <wordcount weight="2" > brackets </wordcount>
    <wordcount weight="2" > occasions </wordcount>
    <wordcount weight="2" > weight </wordcount>
    <wordcount weight="2" > much </wordcount>
    <wordcount weight="2" > using </wordcount>
    <wordcount weight="2" > establishment </wordcount>
    <wordcount weight="2" > showed </wordcount>
    <wordcount weight="2" > hypothesis </wordcount>
    <wordcount weight="1" > problem </wordcount>
    <wordcount weight="1" > final </wordcount>
    <wordcount weight="1" > frequent </wordcount>
    <wordcount weight="1" > aim </wordcount>
    <wordcount weight="1" > portion </wordcount>
    <wordcount weight="1" > site </wordcount>
    <wordcount weight="1" > roadside </wordcount>
    <wordcount weight="1" > turfgrass </wordcount>
    <wordcount weight="1" > via </wordcount>
    <wordcount weight="1" > interesting </wordcount>
    <wordcount weight="1" > assigned </wordcount>
    <wordcount weight="1" > sclerenchyma </wordcount>
    <wordcount weight="1" > produces </wordcount>
    <wordcount weight="1" > rate </wordcount>
    <wordcount weight="1" > recognized </wordcount>
    <wordcount weight="1" > investigating </wordcount>
    <wordcount weight="1" > york </wordcount>
    <wordcount weight="1" > materials </wordcount>
    <wordcount weight="1" > solid </wordcount>
    <wordcount weight="1" > independent </wordcount>
    <wordcount weight="1" > provide </wordcount>
    <wordcount weight="1" > consistency </wordcount>
    <wordcount weight="1" > unmown </wordcount>
    <wordcount weight="1" > main </wordcount>
    <wordcount weight="1" > separated </wordcount>
    <wordcount weight="1" > resistant </wordcount>
    <wordcount weight="1" > environmental </wordcount>
    <wordcount weight="1" > college </wordcount>
    <wordcount weight="1" > mean </wordcount>
    <wordcount weight="1" > scored </wordcount>
    <wordcount weight="1" > incidence </wordcount>
    <wordcount weight="1" > excluding </wordcount>
    <wordcount weight="1" > etc </wordcount>
    <wordcount weight="1" > intensively </wordcount>
    <wordcount weight="1" > alone </wordcount>
    <wordcount weight="1" > community </wordcount>
    <wordcount weight="1" > parents </wordcount>
    <wordcount weight="1" > strongly </wordcount>
    <wordcount weight="1" > above </wordcount>
    <wordcount weight="1" > examined </wordcount>
    <wordcount weight="1" > introduction </wordcount>
    <wordcount weight="1" > phytol </wordcount>
    <wordcount weight="1" > manuscript </wordcount>
    <wordcount weight="1" > interactions </wordcount>
    <wordcount weight="1" > tensile </wordcount>
    <wordcount weight="1" > ecosystem </wordcount>
    <wordcount weight="1" > depressed </wordcount>
    <wordcount weight="1" > they </wordcount>
    <wordcount weight="1" > their </wordcount>
    <wordcount weight="1" > defoliation </wordcount>
    <wordcount weight="1" > injury </wordcount>
    <wordcount weight="1" > biomass </wordcount>
    <wordcount weight="1" > complex </wordcount>
    <wordcount weight="1" > one </wordcount>
    <wordcount weight="1" > methods </wordcount>
    <wordcount weight="1" > symbols </wordcount>
    <wordcount weight="1" > relationship </wordcount>
    <wordcount weight="1" > designed </wordcount>
    <wordcount weight="1" > terminated </wordcount>
    <wordcount weight="1" > conducting </wordcount>
    <wordcount weight="1" > chamber </wordcount>
    <wordcount weight="1" > factors </wordcount>
    <wordcount weight="1" > vigour </wordcount>
    <wordcount weight="1" > flowering </wordcount>
    <wordcount weight="1" > lux </wordcount>
    <wordcount weight="1" > h </wordcount>
    <wordcount weight="1" > seedlings </wordcount>
    <wordcount weight="1" > aid </wordcount>
    <wordcount weight="1" > blom </wordcount>
    <wordcount weight="1" > itself </wordcount>
    <wordcount weight="1" > millefolium </wordcount>
    <wordcount weight="1" > canada </wordcount>
    <wordcount weight="1" > internode </wordcount>
    <wordcount weight="1" > pp </wordcount>
    <wordcount weight="1" > pressures </wordcount>
    <wordcount weight="1" > conservation </wordcount>
    <wordcount weight="1" > thick </wordcount>
    <wordcount weight="1" > ie </wordcount>
    <wordcount weight="1" > restricted </wordcount>
    <wordcount weight="1" > particular </wordcount>
    <wordcount weight="1" > selective </wordcount>
    <wordcount weight="1" > bench </wordcount>
    <wordcount weight="1" > established </wordcount>
    <wordcount weight="1" > had </wordcount>
    <wordcount weight="1" > grains </wordcount>
    <wordcount weight="1" > vulgaris </wordcount>
    <wordcount weight="1" > neutral </wordcount>
    <wordcount weight="1" > fertilizer </wordcount>
    <wordcount weight="1" > pasture </wordcount>
    <wordcount weight="1" > cornell </wordcount>
    <wordcount weight="1" > wts </wordcount>
    <wordcount weight="1" > assistance </wordcount>
    <wordcount weight="1" > cultivars </wordcount>
    <wordcount weight="1" > pots </wordcount>
    <wordcount weight="1" > consistedgenecology </wordcount>
    <wordcount weight="1" > n </wordcount>
    <wordcount weight="1" > dropped </wordcount>
    <wordcount weight="1" > impact </wordcount>
    <wordcount weight="1" > harvested </wordcount>
    <wordcount weight="1" > skiing </wordcount>
    <wordcount weight="1" > floor </wordcount>
    <wordcount weight="1" > differs </wordcount>
    <wordcount weight="1" > perennis </wordcount>
    <wordcount weight="1" > prevent </wordcount>
    <wordcount weight="1" > university </wordcount>
    <wordcount weight="1" > situations </wordcount>
    <wordcount weight="1" > drywt </wordcount>
    <wordcount weight="1" > most </wordcount>
    <wordcount weight="1" > damaged </wordcount>
    <wordcount weight="1" > cutting </wordcount>
    <wordcount weight="1" > extensive </wordcount>
    <wordcount weight="1" > wear </wordcount>
    <wordcount weight="1" > known </wordcount>
    <wordcount weight="1" > either </wordcount>
    <wordcount weight="1" > briggs </wordcount>
    <wordcount weight="1" > isolation </wordcount>
    <wordcount weight="1" > physical </wordcount>
    <wordcount weight="1" > volume </wordcount>
    <wordcount weight="1" > quantitative </wordcount>
    <wordcount weight="1" > consequence </wordcount>
    <wordcount weight="1" > undisturbed </wordcount>
    <wordcount weight="1" > neglects </wordcount>
    <wordcount weight="1" > rather </wordcount>
    <wordcount weight="1" > peat </wordcount>
    <wordcount weight="1" > sustained </wordcount>
    <wordcount weight="1" > subjected </wordcount>
    <wordcount weight="1" > setting </wordcount>
    <wordcount weight="1" > set </wordcount>
    <wordcount weight="1" > weighed </wordcount>
    <wordcount weight="1" > metal </wordcount>
    <wordcount weight="1" > attempts </wordcount>
    <wordcount weight="1" > important </wordcount>
    <wordcount weight="1" > uptake </wordcount>
    <wordcount weight="1" > location </wordcount>
    <wordcount weight="1" > prunella </wordcount>
    <wordcount weight="1" > similarly </wordcount>
    <wordcount weight="1" > varies </wordcount>
    <wordcount weight="1" > cork </wordcount>
    <wordcount weight="1" > variables </wordcount>
    <wordcount weight="1" > transplant </wordcount>
    <wordcount weight="1" > behaviour </wordcount>
    <wordcount weight="1" > nature </wordcount>
    <wordcount weight="1" > five </wordcount>
    <wordcount weight="1" > grow </wordcount>
    <wordcount weight="1" > reciprocal </wordcount>
    <wordcount weight="1" > closely </wordcount>
    <wordcount weight="1" > suffered </wordcount>
    <wordcount weight="1" > strip </wordcount>
    <wordcount weight="1" > my </wordcount>
    <wordcount weight="1" > longer </wordcount>
    <wordcount weight="1" > lack </wordcount>
    <wordcount weight="1" > path </wordcount>
    <wordcount weight="1" > tillers </wordcount>
    <wordcount weight="1" > wetenschappen </wordcount>
    <wordcount weight="1" > blocks </wordcount>
    <wordcount weight="1" > could </wordcount>
    <wordcount weight="1" > assess </wordcount>
    <wordcount weight="1" > broadly </wordcount>
    <wordcount weight="1" > tolerate </wordcount>
    <wordcount weight="1" > indicate </wordcount>
    <wordcount weight="1" > emergence </wordcount>
    <wordcount weight="1" > critically </wordcount>
    <wordcount weight="1" > thank </wordcount>
    <wordcount weight="1" > rarely </wordcount>
    <wordcount weight="1" > predominated </wordcount>
    <wordcount weight="1" > novemcer </wordcount>
    <wordcount weight="1" > producing </wordcount>
    <wordcount weight="1" > might </wordcount>
    <wordcount weight="1" > spaced </wordcount>
    <wordcount weight="1" > larger </wordcount>
    <wordcount weight="1" > able </wordcount>
    <wordcount weight="1" > cairngorm </wordcount>
    <wordcount weight="1" > decreases </wordcount>
    <wordcount weight="1" > obviously </wordcount>
    <wordcount weight="1" > composition </wordcount>
    <wordcount weight="1" > very </wordcount>
    <wordcount weight="1" > monitoring </wordcount>
    <wordcount weight="1" > cultivation </wordcount>
    <wordcount weight="1" > resulting </wordcount>
    <wordcount weight="1" > diameter </wordcount>
    <wordcount weight="1" > considerable </wordcount>
    <wordcount weight="1" > tweede </wordcount>
    <wordcount weight="1" > genecological </wordcount>
    <wordcount weight="1" > discussed </wordcount>
    <wordcount weight="1" > habit </wordcount>
    <wordcount weight="1" > weights </wordcount>
    <wordcount weight="1" > base </wordcount>
    <wordcount weight="1" > fresh </wordcount>
    <wordcount weight="1" > representative </wordcount>
    <wordcount weight="1" > harvesting </wordcount>
    <wordcount weight="1" > biosystematics </wordcount>
    <wordcount weight="1" > floral </wordcount>
    <wordcount weight="1" > adjacent </wordcount>
    <wordcount weight="1" > do </wordcount>
    <wordcount weight="1" > fln </wordcount>
    <wordcount weight="1" > equally </wordcount>
    <wordcount weight="1" > physiological </wordcount>
    <wordcount weight="1" > present </wordcount>
    <wordcount weight="1" > iii </wordcount>
    <wordcount weight="1" > contrasting </wordcount>
    <wordcount weight="1" > increases </wordcount>
    <wordcount weight="1" > equal </wordcount>
    <wordcount weight="1" > reading </wordcount>
    <wordcount weight="1" > simulate </wordcount>
    <wordcount weight="1" > fuller </wordcount>
    <wordcount weight="1" > reviews </wordcount>
    <wordcount weight="1" > literature </wordcount>
    <wordcount weight="1" > accepted </wordcount>
    <wordcount weight="1" > appears </wordcount>
    <wordcount weight="1" > whether </wordcount>
    <wordcount weight="1" > terms </wordcount>
    <wordcount weight="1" > produced </wordcount>
    <wordcount weight="1" > selected </wordcount>
    <wordcount weight="1" > see </wordcount>
    <wordcount weight="1" > references </wordcount>
    <wordcount weight="1" > herbicide </wordcount>
    <wordcount weight="1" > varying </wordcount>
    <wordcount weight="1" > includedfor </wordcount>
    <wordcount weight="1" > placed </wordcount>
    <wordcount weight="1" > maintain </wordcount>
    <wordcount weight="1" > kia </wordcount>
    <wordcount weight="1" > moisture </wordcount>
    <wordcount weight="1" > dr </wordcount>
    <wordcount weight="1" > harvest </wordcount>
    <wordcount weight="1" > axis </wordcount>
    <wordcount weight="1" > vehicles </wordcount>
    <wordcount weight="1" > germinated </wordcount>
    <wordcount weight="1" > has </wordcount>
    <wordcount weight="1" > extent </wordcount>
    <wordcount weight="1" > albeit </wordcount>
    <wordcount weight="1" > illustrated </wordcount>
    <wordcount weight="1" > nutrients </wordcount>
    <wordcount weight="1" > planted </wordcount>
    <wordcount weight="1" > dune </wordcount>
    <wordcount weight="1" > highgenecology </wordcount>
    <wordcount weight="1" > acknowledgements </wordcount>
    <wordcount weight="1" > agriculture </wordcount>
    <wordcount weight="1" > day </wordcount>
    <wordcount weight="1" > trays </wordcount>
    <wordcount weight="1" > changed </wordcount>
    <wordcount weight="1" > sites </wordcount>
    <wordcount weight="1" > produce </wordcount>
    <wordcount weight="1" > brookes </wordcount>
    <wordcount weight="1" > directly </wordcount>
    <wordcount weight="1" > indirectly </wordcount>
    <wordcount weight="1" > kg </wordcount>
    <wordcount weight="1" > wheel </wordcount>
    <wordcount weight="1" > marked </wordcount>
    <wordcount weight="1" > understanding </wordcount>
    <wordcount weight="1" > line </wordcount>
    <wordcount weight="1" > used </wordcount>
    <wordcount weight="1" > discussion </wordcount>
    <wordcount weight="1" > work </wordcount>
    <wordcount weight="1" > soils </wordcount>
    <wordcount weight="1" > achillea </wordcount>
    <wordcount weight="1" > rotary </wordcount>
    <wordcount weight="1" > influences </wordcount>
    <wordcount weight="1" > considering </wordcount>
    <wordcount weight="1" > burden </wordcount>
    <wordcount weight="1" > transplanted </wordcount>
    <wordcount weight="1" > width </wordcount>
    <wordcount weight="1" > differ </wordcount>
    <wordcount weight="1" > andfor </wordcount>
    <wordcount weight="1" > except </wordcount>
    <wordcount weight="1" > indicating </wordcount>
    <wordcount weight="1" > exhibit </wordcount>
    <wordcount weight="1" > bottom </wordcount>
    <wordcount weight="1" > press </wordcount>
    <wordcount weight="1" > related </wordcount>
    <wordcount weight="1" > along </wordcount>
    <wordcount weight="1" > decreasing </wordcount>
    <wordcount weight="1" > its </wordcount>
    <wordcount weight="1" > giving </wordcount>
    <wordcount weight="1" > description </wordcount>
    <wordcount weight="1" > forces </wordcount>
    <wordcount weight="1" > waste </wordcount>
    <wordcount weight="1" > adapted </wordcount>
    <wordcount weight="1" > use </wordcount>
    <wordcount weight="1" > characteristically </wordcount>
    <wordcount weight="1" > force </wordcount>
    <wordcount weight="1" > needed </wordcount>
    <wordcount weight="1" > perhaps </wordcount>
    <wordcount weight="1" > corresponding </wordcount>
    <wordcount weight="1" > watering </wordcount>
    <wordcount weight="1" > ecosystems </wordcount>
    <wordcount weight="1" > exposed </wordcount>
    <wordcount weight="1" > maintained </wordcount>
    <wordcount weight="1" > plantsgenecology </wordcount>
    <wordcount weight="1" > survey </wordcount>
    <wordcount weight="1" > churning </wordcount>
    <wordcount weight="1" > varied </wordcount>
    <wordcount weight="1" > thus </wordcount>
    <wordcount weight="1" > examination </wordcount>
    <wordcount weight="1" > throughout </wordcount>
    <wordcount weight="1" > withstanding </wordcount>
    <wordcount weight="1" > previous </wordcount>
    <wordcount weight="1" > morphological </wordcount>
    <wordcount weight="1" > relationships </wordcount>
    <wordcount weight="1" > branching </wordcount>
    <wordcount weight="1" > theoretical </wordcount>
    <wordcount weight="1" > described </wordcount>
    <wordcount weight="1" > severe </wordcount>
    <wordcount weight="1" > differentiation </wordcount>
    <wordcount weight="1" > such </wordcount>
    <wordcount weight="1" > low </wordcount>
    <wordcount weight="1" > received </wordcount>
    <wordcount weight="1" > hoof </wordcount>
    <wordcount weight="1" > significance </wordcount>
    <wordcount weight="1" > diverted </wordcount>
    <wordcount weight="1" > calculated </wordcount>
    <wordcount weight="1" > discovered </wordcount>
    <wordcount weight="1" > three </wordcount>
    <wordcount weight="1" > decrease </wordcount>
    <wordcount weight="1" > weeks </wordcount>
    <wordcount weight="1" > afdeeling </wordcount>
    <wordcount weight="1" > express </wordcount>
    <wordcount weight="1" > interest </wordcount>
    <wordcount weight="1" > clay </wordcount>
    <wordcount weight="1" > sterilized </wordcount>
    <wordcount weight="1" > twisting </wordcount>
    <wordcount weight="1" > solution </wordcount>
    <wordcount weight="1" > general </wordcount>
    <wordcount weight="1" > symposium </wordcount>
    <wordcount weight="1" > adaptive </wordcount>
    <wordcount weight="1" > allowed </wordcount>
    <wordcount weight="1" > club </wordcount>
    <wordcount weight="1" > land </wordcount>
    <wordcount weight="1" > disruptive </wordcount>
    <wordcount weight="1" > caused </wordcount>
    <wordcount weight="1" > wish </wordcount>
    <wordcount weight="1" > useful </wordcount>
    <wordcount weight="1" > trampled </wordcount>
    <wordcount weight="1" > so </wordcount>
    <wordcount weight="1" > hardly </wordcount>
    <wordcount weight="1" > stage </wordcount>
    <wordcount weight="1" > high </wordcount>
    <wordcount weight="1" > interspecific </wordcount>
    <wordcount weight="1" > tested </wordcount>
    <wordcount weight="1" > collected </wordcount>
    <wordcount weight="1" > regular </wordcount>
    <wordcount weight="1" > sports </wordcount>
    <wordcount weight="1" > order </wordcount>
    <wordcount weight="1" > defined </wordcount>
    <wordcount weight="1" > accurate </wordcount>
    <wordcount weight="1" > greens </wordcount>
    <wordcount weight="1" > stimulated </wordcount>
    <wordcount weight="1" > standpoint </wordcount>
    <wordcount weight="1" > action </wordcount>
    <wordcount weight="1" > joined </wordcount>
    <wordcount weight="1" > black </wordcount>
    <wordcount weight="1" > standard </wordcount>
    <wordcount weight="1" > night </wordcount>
    <wordcount weight="1" > adequately </wordcount>
    <wordcount weight="1" > old </wordcount>
    <wordcount weight="1" > microevolutionary </wordcount>
    <wordcount weight="1" > every </wordcount>
    <wordcount weight="1" > summary </wordcount>
    <wordcount weight="1" > tolerant </wordcount>
    <wordcount weight="1" > bellis </wordcount>
    <wordcount weight="1" > several </wordcount>
    <wordcount weight="1" > rr </wordcount>
    <wordcount weight="1" > problems </wordcount>
    <wordcount weight="1" > amount </wordcount>
    <wordcount weight="1" > leaves </wordcount>
    <wordcount weight="1" > coefficient </wordcount>
    <wordcount weight="1" > study </wordcount>
    <wordcount weight="1" > primary </wordcount>
    <wordcount weight="1" > relation </wordcount>
    <wordcount weight="1" > allowing </wordcount>
    <wordcount weight="1" > successful </wordcount>
    <wordcount weight="1" > assessing </wordcount>
    <wordcount weight="1" > overcome </wordcount>
    <wordcount weight="1" > arranged </wordcount>
    <wordcount weight="1" > consisted </wordcount>
    <wordcount weight="1" > development </wordcount>
    <wordcount weight="1" > blackwell </wordcount>
    <wordcount weight="1" > continuous </wordcount>
    <wordcount weight="1" > vary </wordcount>
    <wordcount weight="1" > seeds </wordcount>
    <wordcount weight="1" > duffey </wordcount>
    <wordcount weight="1" > animal </wordcount>
    <wordcount weight="1" > estimate </wordcount>
    <wordcount weight="1" > can </wordcount>
    <wordcount weight="1" > v </wordcount>
    <wordcount weight="1" > tracks </wordcount>
    <wordcount weight="1" > probably </wordcount>
    <wordcount weight="1" > exceptions </wordcount>
    <wordcount weight="1" > st </wordcount>
    <wordcount weight="1" > ability </wordcount>
    <wordcount weight="1" > little </wordcount>
    <wordcount weight="1" > interaction </wordcount>
    <wordcount weight="1" > productivity </wordcount>
    <wordcount weight="1" > hmso </wordcount>
    <wordcount weight="1" > details </wordcount>
    <wordcount weight="1" > warlow </wordcount>
    <wordcount weight="1" > strengthening </wordcount>
    <wordcount weight="1" > professionally </wordcount>
    <wordcount weight="1" > should </wordcount>
    <wordcount weight="1" > building </wordcount>
    <wordcount weight="1" > crawford </wordcount>
    <wordcount weight="1" > lanceolata </wordcount>
    <wordcount weight="1" > grasslands </wordcount>
    <wordcount weight="1" > bangor </wordcount>
    <wordcount weight="1" > competitive </wordcount>
    <wordcount weight="1" > deeper </wordcount>
    <wordcount weight="1" > increase </wordcount>
</article>
