<?xml version="1.0" encoding="UTF-8"?>
<article id="10.2307/2256943" >
    <wordcount weight="208" > the </wordcount>
    <wordcount weight="176" > of </wordcount>
    <wordcount weight="131" > in </wordcount>
    <wordcount weight="94" > and </wordcount>
    <wordcount weight="79" > a </wordcount>
    <wordcount weight="40" > production </wordcount>
    <wordcount weight="40" > to </wordcount>
    <wordcount weight="38" > by </wordcount>
    <wordcount weight="31" > that </wordcount>
    <wordcount weight="31" > dr </wordcount>
    <wordcount weight="27" > as </wordcount>
    <wordcount weight="27" > was </wordcount>
    <wordcount weight="27" > on </wordcount>
    <wordcount weight="26" > is </wordcount>
    <wordcount weight="24" > mr </wordcount>
    <wordcount weight="21" > from </wordcount>
    <wordcount weight="21" > were </wordcount>
    <wordcount weight="18" > with </wordcount>
    <wordcount weight="17" > j </wordcount>
    <wordcount weight="17" > species </wordcount>
    <wordcount weight="16" > for </wordcount>
    <wordcount weight="16" > which </wordcount>
    <wordcount weight="16" > be </wordcount>
    <wordcount weight="14" > are </wordcount>
    <wordcount weight="14" > stock </wordcount>
    <wordcount weight="14" > productivity </wordcount>
    <wordcount weight="13" > it </wordcount>
    <wordcount weight="13" > e </wordcount>
    <wordcount weight="11" > ecological </wordcount>
    <wordcount weight="11" > an </wordcount>
    <wordcount weight="10" > growth </wordcount>
    <wordcount weight="10" > professor </wordcount>
    <wordcount weight="9" > at </wordcount>
    <wordcount weight="9" > may </wordcount>
    <wordcount weight="9" > per </wordcount>
    <wordcount weight="9" > w </wordcount>
    <wordcount weight="9" > different </wordcount>
    <wordcount weight="9" > plants </wordcount>
    <wordcount weight="9" > this </wordcount>
    <wordcount weight="9" > between </wordcount>
    <wordcount weight="8" > their </wordcount>
    <wordcount weight="8" > but </wordcount>
    <wordcount weight="8" > also </wordcount>
    <wordcount weight="8" > paper </wordcount>
    <wordcount weight="8" > have </wordcount>
    <wordcount weight="8" > g </wordcount>
    <wordcount weight="8" > d </wordcount>
    <wordcount weight="8" > plant </wordcount>
    <wordcount weight="8" > c </wordcount>
    <wordcount weight="8" > than </wordcount>
    <wordcount weight="7" > cent </wordcount>
    <wordcount weight="7" > h </wordcount>
    <wordcount weight="7" > or </wordcount>
    <wordcount weight="7" > tits </wordcount>
    <wordcount weight="7" > these </wordcount>
    <wordcount weight="7" > those </wordcount>
    <wordcount weight="7" > population </wordcount>
    <wordcount weight="7" > food </wordcount>
    <wordcount weight="7" > estimates </wordcount>
    <wordcount weight="6" > habitats </wordcount>
    <wordcount weight="6" > obtained </wordcount>
    <wordcount weight="6" > being </wordcount>
    <wordcount weight="6" > s </wordcount>
    <wordcount weight="6" > vegetation </wordcount>
    <wordcount weight="6" > part </wordcount>
    <wordcount weight="6" > increase </wordcount>
    <wordcount weight="6" > grassland </wordcount>
    <wordcount weight="6" > dry </wordcount>
    <wordcount weight="6" > soil </wordcount>
    <wordcount weight="6" > annual </wordcount>
    <wordcount weight="6" > meeting </wordcount>
    <wordcount weight="6" > society </wordcount>
    <wordcount weight="5" > higher </wordcount>
    <wordcount weight="5" > b </wordcount>
    <wordcount weight="5" > wind </wordcount>
    <wordcount weight="5" > factors </wordcount>
    <wordcount weight="5" > total </wordcount>
    <wordcount weight="5" > followed </wordcount>
    <wordcount weight="5" > stands </wordcount>
    <wordcount weight="5" > sheep </wordcount>
    <wordcount weight="5" > there </wordcount>
    <wordcount weight="5" > number </wordcount>
    <wordcount weight="5" > some </wordcount>
    <wordcount weight="5" > work </wordcount>
    <wordcount weight="5" > trees </wordcount>
    <wordcount weight="5" > winter </wordcount>
    <wordcount weight="5" > pine </wordcount>
    <wordcount weight="5" > conditions </wordcount>
    <wordcount weight="5" > general </wordcount>
    <wordcount weight="5" > one </wordcount>
    <wordcount weight="5" > le </wordcount>
    <wordcount weight="5" > amount </wordcount>
    <wordcount weight="5" > little </wordcount>
    <wordcount weight="4" > rate </wordcount>
    <wordcount weight="4" > estimated </wordcount>
    <wordcount weight="4" > parts </wordcount>
    <wordcount weight="4" > about </wordcount>
    <wordcount weight="4" > not </wordcount>
    <wordcount weight="4" > types </wordcount>
    <wordcount weight="4" > place </wordcount>
    <wordcount weight="4" > its </wordcount>
    <wordcount weight="4" > any </wordcount>
    <wordcount weight="4" > variety </wordcount>
    <wordcount weight="4" > natural </wordcount>
    <wordcount weight="4" > show </wordcount>
    <wordcount weight="4" > only </wordcount>
    <wordcount weight="4" > all </wordcount>
    <wordcount weight="4" > height </wordcount>
    <wordcount weight="4" > crop </wordcount>
    <wordcount weight="4" > out </wordcount>
    <wordcount weight="4" > animal </wordcount>
    <wordcount weight="4" > british </wordcount>
    <wordcount weight="4" > particular </wordcount>
    <wordcount weight="4" > eg </wordcount>
    <wordcount weight="4" > possible </wordcount>
    <wordcount weight="4" > discussion </wordcount>
    <wordcount weight="4" > upon </wordcount>
    <wordcount weight="4" > presented </wordcount>
    <wordcount weight="4" > given </wordcount>
    <wordcount weight="4" > thus </wordcount>
    <wordcount weight="4" > described </wordcount>
    <wordcount weight="4" > showing </wordcount>
    <wordcount weight="4" > three </wordcount>
    <wordcount weight="4" > symposium </wordcount>
    <wordcount weight="4" > area </wordcount>
    <wordcount weight="4" > can </wordcount>
    <wordcount weight="4" > ovington </wordcount>
    <wordcount weight="4" > rates </wordcount>
    <wordcount weight="3" > increasing </wordcount>
    <wordcount weight="3" > related </wordcount>
    <wordcount weight="3" > he </wordcount>
    <wordcount weight="3" > matter </wordcount>
    <wordcount weight="3" > materials </wordcount>
    <wordcount weight="3" > various </wordcount>
    <wordcount weight="3" > fertile </wordcount>
    <wordcount weight="3" > influence </wordcount>
    <wordcount weight="3" > populations </wordcount>
    <wordcount weight="3" > hughes </wordcount>
    <wordcount weight="3" > productivities </wordcount>
    <wordcount weight="3" > pointed </wordcount>
    <wordcount weight="3" > tree </wordcount>
    <wordcount weight="3" > fall </wordcount>
    <wordcount weight="3" > changes </wordcount>
    <wordcount weight="3" > under </wordcount>
    <wordcount weight="3" > considered </wordcount>
    <wordcount weight="3" > exposure </wordcount>
    <wordcount weight="3" > had </wordcount>
    <wordcount weight="3" > director </wordcount>
    <wordcount weight="3" > plantations </wordcount>
    <wordcount weight="3" > first </wordcount>
    <wordcount weight="3" > grazing </wordcount>
    <wordcount weight="3" > more </wordcount>
    <wordcount weight="3" > fish </wordcount>
    <wordcount weight="3" > greater </wordcount>
    <wordcount weight="3" > nature </wordcount>
    <wordcount weight="3" > expressed </wordcount>
    <wordcount weight="3" > p </wordcount>
    <wordcount weight="3" > time </wordcount>
    <wordcount weight="3" > new </wordcount>
    <wordcount weight="3" > considerable </wordcount>
    <wordcount weight="3" > eat </wordcount>
    <wordcount weight="3" > where </wordcount>
    <wordcount weight="3" > mainly </wordcount>
    <wordcount weight="3" > within </wordcount>
    <wordcount weight="3" > papers </wordcount>
    <wordcount weight="3" > them </wordcount>
    <wordcount weight="3" > less </wordcount>
    <wordcount weight="3" > while </wordcount>
    <wordcount weight="3" > humus </wordcount>
    <wordcount weight="3" > march </wordcount>
    <wordcount weight="3" > such </wordcount>
    <wordcount weight="3" > balance </wordcount>
    <wordcount weight="3" > demonstrated </wordcount>
    <wordcount weight="3" > quantities </wordcount>
    <wordcount weight="3" > data </wordcount>
    <wordcount weight="3" > organisms </wordcount>
    <wordcount weight="3" > taking </wordcount>
    <wordcount weight="3" > introduced </wordcount>
    <wordcount weight="3" > therefore </wordcount>
    <wordcount weight="3" > watt </wordcount>
    <wordcount weight="3" > formation </wordcount>
    <wordcount weight="3" > shown </wordcount>
    <wordcount weight="3" > spring </wordcount>
    <wordcount weight="3" > president </wordcount>
    <wordcount weight="3" > fauna </wordcount>
    <wordcount weight="3" > whitehead </wordcount>
    <wordcount weight="3" > land </wordcount>
    <wordcount weight="3" > summer </wordcount>
    <wordcount weight="3" > rainfall </wordcount>
    <wordcount weight="3" > effects </wordcount>
    <wordcount weight="3" > after </wordcount>
    <wordcount weight="3" > measured </wordcount>
    <wordcount weight="3" > flora </wordcount>
    <wordcount weight="3" > measurement </wordcount>
    <wordcount weight="3" > highest </wordcount>
    <wordcount weight="3" > weight </wordcount>
    <wordcount weight="3" > when </wordcount>
    <wordcount weight="3" > results </wordcount>
    <wordcount weight="3" > much </wordcount>
    <wordcount weight="3" > showed </wordcount>
    <wordcount weight="3" > animals </wordcount>
    <wordcount weight="2" > interesting </wordcount>
    <wordcount weight="2" > high </wordcount>
    <wordcount weight="2" > relationship </wordcount>
    <wordcount weight="2" > o </wordcount>
    <wordcount weight="2" > irrespective </wordcount>
    <wordcount weight="2" > absence </wordcount>
    <wordcount weight="2" > his </wordcount>
    <wordcount weight="2" > if </wordcount>
    <wordcount weight="2" > figure </wordcount>
    <wordcount weight="2" > how </wordcount>
    <wordcount weight="2" > extreme </wordcount>
    <wordcount weight="2" > resumed </wordcount>
    <wordcount weight="2" > mean </wordcount>
    <wordcount weight="2" > who </wordcount>
    <wordcount weight="2" > etc </wordcount>
    <wordcount weight="2" > community </wordcount>
    <wordcount weight="2" > proportion </wordcount>
    <wordcount weight="2" > woods </wordcount>
    <wordcount weight="2" > derived </wordcount>
    <wordcount weight="2" > terms </wordcount>
    <wordcount weight="2" > selection </wordcount>
    <wordcount weight="2" > cones </wordcount>
    <wordcount weight="2" > rutter </wordcount>
    <wordcount weight="2" > council </wordcount>
    <wordcount weight="2" > forest </wordcount>
    <wordcount weight="2" > into </wordcount>
    <wordcount weight="2" > environment </wordcount>
    <wordcount weight="2" > grazed </wordcount>
    <wordcount weight="2" > pinus </wordcount>
    <wordcount weight="2" > energy </wordcount>
    <wordcount weight="2" > quoted </wordcount>
    <wordcount weight="2" > numbers </wordcount>
    <wordcount weight="2" > herbage </wordcount>
    <wordcount weight="2" > series </wordcount>
    <wordcount weight="2" > respiration </wordcount>
    <wordcount weight="2" > indian </wordcount>
    <wordcount weight="2" > too </wordcount>
    <wordcount weight="2" > must </wordcount>
    <wordcount weight="2" > age </wordcount>
    <wordcount weight="2" > two </wordcount>
    <wordcount weight="2" > cutting </wordcount>
    <wordcount weight="2" > commented </wordcount>
    <wordcount weight="2" > larvae </wordcount>
    <wordcount weight="2" > known </wordcount>
    <wordcount weight="2" > present </wordcount>
    <wordcount weight="2" > members </wordcount>
    <wordcount weight="2" > exploitation </wordcount>
    <wordcount weight="2" > dominant </wordcount>
    <wordcount weight="2" > give </wordcount>
    <wordcount weight="2" > taken </wordcount>
    <wordcount weight="2" > corlett </wordcount>
    <wordcount weight="2" > season </wordcount>
    <wordcount weight="2" > view </wordcount>
    <wordcount weight="2" > conservancy </wordcount>
    <wordcount weight="2" > detritus </wordcount>
    <wordcount weight="2" > behaviour </wordcount>
    <wordcount weight="2" > seems </wordcount>
    <wordcount weight="2" > closely </wordcount>
    <wordcount weight="2" > other </wordcount>
    <wordcount weight="2" > nutrients </wordcount>
    <wordcount weight="2" > been </wordcount>
    <wordcount weight="2" > habitat </wordcount>
    <wordcount weight="2" > decreases </wordcount>
    <wordcount weight="2" > living </wordcount>
    <wordcount weight="2" > rough </wordcount>
    <wordcount weight="2" > late </wordcount>
    <wordcount weight="2" > took </wordcount>
    <wordcount weight="2" > growing </wordcount>
    <wordcount weight="2" > ground </wordcount>
    <wordcount weight="2" > differences </wordcount>
    <wordcount weight="2" > due </wordcount>
    <wordcount weight="2" > whether </wordcount>
    <wordcount weight="2" > form </wordcount>
    <wordcount weight="2" > quadrats </wordcount>
    <wordcount weight="2" > experimental </wordcount>
    <wordcount weight="2" > takes </wordcount>
    <wordcount weight="2" > agricultural </wordcount>
    <wordcount weight="2" > has </wordcount>
    <wordcount weight="2" > walks </wordcount>
    <wordcount weight="2" > briefly </wordcount>
    <wordcount weight="2" > increases </wordcount>
    <wordcount weight="2" > marked </wordcount>
    <wordcount weight="2" > both </wordcount>
    <wordcount weight="2" > even </wordcount>
    <wordcount weight="2" > r </wordcount>
    <wordcount weight="2" > x </wordcount>
    <wordcount weight="2" > passes </wordcount>
    <wordcount weight="2" > july </wordcount>
    <wordcount weight="2" > bottom </wordcount>
    <wordcount weight="2" > markedly </wordcount>
    <wordcount weight="2" > woodland </wordcount>
    <wordcount weight="2" > loss </wordcount>
    <wordcount weight="2" > whole </wordcount>
    <wordcount weight="2" > measure </wordcount>
    <wordcount weight="2" > gave </wordcount>
    <wordcount weight="2" > directed </wordcount>
    <wordcount weight="2" > size </wordcount>
    <wordcount weight="2" > using </wordcount>
    <wordcount weight="2" > lower </wordcount>
    <wordcount weight="2" > throughout </wordcount>
    <wordcount weight="2" > previous </wordcount>
    <wordcount weight="2" > estimating </wordcount>
    <wordcount weight="2" > low </wordcount>
    <wordcount weight="2" > difference </wordcount>
    <wordcount weight="2" > bole </wordcount>
    <wordcount weight="2" > temperature </wordcount>
    <wordcount weight="2" > individual </wordcount>
    <wordcount weight="2" > although </wordcount>
    <wordcount weight="2" > leaf </wordcount>
    <wordcount weight="2" > pm </wordcount>
    <wordcount weight="2" > curve </wordcount>
    <wordcount weight="2" > next </wordcount>
    <wordcount weight="2" > approximately </wordcount>
    <wordcount weight="2" > places </wordcount>
    <wordcount weight="2" > several </wordcount>
    <wordcount weight="2" > grown </wordcount>
    <wordcount weight="2" > k </wordcount>
    <wordcount weight="2" > alpine </wordcount>
    <wordcount weight="2" > research </wordcount>
    <wordcount weight="2" > peak </wordcount>
    <wordcount weight="2" > single </wordcount>
    <wordcount weight="2" > effect </wordcount>
    <wordcount weight="2" > early </wordcount>
    <wordcount weight="2" > through </wordcount>
    <wordcount weight="2" > field </wordcount>
    <wordcount weight="2" > entire </wordcount>
    <wordcount weight="2" > equivalent </wordcount>
    <wordcount weight="2" > figures </wordcount>
    <wordcount weight="2" > principal </wordcount>
    <wordcount weight="2" > value </wordcount>
    <wordcount weight="2" > successive </wordcount>
    <wordcount weight="2" > concluded </wordcount>
    <wordcount weight="2" > major </wordcount>
    <wordcount weight="2" > caterpillar </wordcount>
    <wordcount weight="2" > cropped </wordcount>
    <wordcount weight="1" > linked </wordcount>
    <wordcount weight="1" > final </wordcount>
    <wordcount weight="1" > tea </wordcount>
    <wordcount weight="1" > carried </wordcount>
    <wordcount weight="1" > aim </wordcount>
    <wordcount weight="1" > f </wordcount>
    <wordcount weight="1" > contributes </wordcount>
    <wordcount weight="1" > critical </wordcount>
    <wordcount weight="1" > calm </wordcount>
    <wordcount weight="1" > now </wordcount>
    <wordcount weight="1" > suggestion </wordcount>
    <wordcount weight="1" > quoting </wordcount>
    <wordcount weight="1" > discussing </wordcount>
    <wordcount weight="1" > done </wordcount>
    <wordcount weight="1" > spoke </wordcount>
    <wordcount weight="1" > exhibit </wordcount>
    <wordcount weight="1" > insects </wordcount>
    <wordcount weight="1" > stated </wordcount>
    <wordcount weight="1" > thanks </wordcount>
    <wordcount weight="1" > tentative </wordcount>
    <wordcount weight="1" > canopies </wordcount>
    <wordcount weight="1" > difficult </wordcount>
    <wordcount weight="1" > common </wordcount>
    <wordcount weight="1" > operations </wordcount>
    <wordcount weight="1" > independent </wordcount>
    <wordcount weight="1" > act </wordcount>
    <wordcount weight="1" > midges </wordcount>
    <wordcount weight="1" > rather </wordcount>
    <wordcount weight="1" > concerned </wordcount>
    <wordcount weight="1" > lesser </wordcount>
    <wordcount weight="1" > later </wordcount>
    <wordcount weight="1" > l </wordcount>
    <wordcount weight="1" > usually </wordcount>
    <wordcount weight="1" > five </wordcount>
    <wordcount weight="1" > main </wordcount>
    <wordcount weight="1" > groups </wordcount>
    <wordcount weight="1" > vegetative </wordcount>
    <wordcount weight="1" > staff </wordcount>
    <wordcount weight="1" > spedding </wordcount>
    <wordcount weight="1" > rootstock </wordcount>
    <wordcount weight="1" > denmark </wordcount>
    <wordcount weight="1" > grass </wordcount>
    <wordcount weight="1" > claimed </wordcount>
    <wordcount weight="1" > edward </wordcount>
    <wordcount weight="1" > subject </wordcount>
    <wordcount weight="1" > barley </wordcount>
    <wordcount weight="1" > stocks </wordcount>
    <wordcount weight="1" > acre </wordcount>
    <wordcount weight="1" > genecology </wordcount>
    <wordcount weight="1" > unit </wordcount>
    <wordcount weight="1" > cerastium </wordcount>
    <wordcount weight="1" > colleagues </wordcount>
    <wordcount weight="1" > irregularity </wordcount>
    <wordcount weight="1" > ordinary </wordcount>
    <wordcount weight="1" > red </wordcount>
    <wordcount weight="1" > originally </wordcount>
    <wordcount weight="1" > predator </wordcount>
    <wordcount weight="1" > alone </wordcount>
    <wordcount weight="1" > allen </wordcount>
    <wordcount weight="1" > relations </wordcount>
    <wordcount weight="1" > baserich </wordcount>
    <wordcount weight="1" > detailed </wordcount>
    <wordcount weight="1" > reactions </wordcount>
    <wordcount weight="1" > survives </wordcount>
    <wordcount weight="1" > slower </wordcount>
    <wordcount weight="1" > make </wordcount>
    <wordcount weight="1" > garden </wordcount>
    <wordcount weight="1" > notably </wordcount>
    <wordcount weight="1" > canopy </wordcount>
    <wordcount weight="1" > they </wordcount>
    <wordcount weight="1" > similar </wordcount>
    <wordcount weight="1" > remaining </wordcount>
    <wordcount weight="1" > importance </wordcount>
    <wordcount weight="1" > group </wordcount>
    <wordcount weight="1" > potassium </wordcount>
    <wordcount weight="1" > large </wordcount>
    <wordcount weight="1" > plasticity </wordcount>
    <wordcount weight="1" > countries </wordcount>
    <wordcount weight="1" > direct </wordcount>
    <wordcount weight="1" > dolerites </wordcount>
    <wordcount weight="1" > significant </wordcount>
    <wordcount weight="1" > hitherto </wordcount>
    <wordcount weight="1" > disclose </wordcount>
    <wordcount weight="1" > contributions </wordcount>
    <wordcount weight="1" > stapledon </wordcount>
    <wordcount weight="1" > life </wordcount>
    <wordcount weight="1" > winters </wordcount>
    <wordcount weight="1" > adapted </wordcount>
    <wordcount weight="1" > leaves </wordcount>
    <wordcount weight="1" > responsible </wordcount>
    <wordcount weight="1" > construction </wordcount>
    <wordcount weight="1" > tend </wordcount>
    <wordcount weight="1" > designed </wordcount>
    <wordcount weight="1" > read </wordcount>
    <wordcount weight="1" > predation </wordcount>
    <wordcount weight="1" > pines </wordcount>
    <wordcount weight="1" > hope </wordcount>
    <wordcount weight="1" > broadleaved </wordcount>
    <wordcount weight="1" > calculate </wordcount>
    <wordcount weight="1" > eucosmid </wordcount>
    <wordcount weight="1" > second </wordcount>
    <wordcount weight="1" > silvestris </wordcount>
    <wordcount weight="1" > respect </wordcount>
    <wordcount weight="1" > cren </wordcount>
    <wordcount weight="1" > ones </wordcount>
    <wordcount weight="1" > auspices </wordcount>
    <wordcount weight="1" > each </wordcount>
    <wordcount weight="1" > monte </wordcount>
    <wordcount weight="1" > get </wordcount>
    <wordcount weight="1" > accounts </wordcount>
    <wordcount weight="1" > remains </wordcount>
    <wordcount weight="1" > represents </wordcount>
    <wordcount weight="1" > flush </wordcount>
    <wordcount weight="1" > complication </wordcount>
    <wordcount weight="1" > zooplankton </wordcount>
    <wordcount weight="1" > pembrokeshire </wordcount>
    <wordcount weight="1" > hedgerows </wordcount>
    <wordcount weight="1" > dehra </wordcount>
    <wordcount weight="1" > thought </wordcount>
    <wordcount weight="1" > occupies </wordcount>
    <wordcount weight="1" > influencing </wordcount>
    <wordcount weight="1" > technical </wordcount>
    <wordcount weight="1" > centring </wordcount>
    <wordcount weight="1" > entitled </wordcount>
    <wordcount weight="1" > squirrels </wordcount>
    <wordcount weight="1" > senecio </wordcount>
    <wordcount weight="1" > detail </wordcount>
    <wordcount weight="1" > quantitative </wordcount>
    <wordcount weight="1" > key </wordcount>
    <wordcount weight="1" > round </wordcount>
    <wordcount weight="1" > nitrogen </wordcount>
    <wordcount weight="1" > differentiated </wordcount>
    <wordcount weight="1" > management </wordcount>
    <wordcount weight="1" > organic </wordcount>
    <wordcount weight="1" > v </wordcount>
    <wordcount weight="1" > achieve </wordcount>
    <wordcount weight="1" > contained </wordcount>
    <wordcount weight="1" > assimilation </wordcount>
    <wordcount weight="1" > nebrodensis </wordcount>
    <wordcount weight="1" > slowly </wordcount>
    <wordcount weight="1" > scots </wordcount>
    <wordcount weight="1" > gimingham </wordcount>
    <wordcount weight="1" > constant </wordcount>
    <wordcount weight="1" > belgrave </wordcount>
    <wordcount weight="1" > following </wordcount>
    <wordcount weight="1" > cocksfoot </wordcount>
    <wordcount weight="1" > variance </wordcount>
    <wordcount weight="1" > n </wordcount>
    <wordcount weight="1" > mann </wordcount>
    <wordcount weight="1" > argued </wordcount>
    <wordcount weight="1" > upper </wordcount>
    <wordcount weight="1" > limestone </wordcount>
    <wordcount weight="1" > measurements </wordcount>
    <wordcount weight="1" > existence </wordcount>
    <wordcount weight="1" > containing </wordcount>
    <wordcount weight="1" > cultus </wordcount>
    <wordcount weight="1" > migrants </wordcount>
    <wordcount weight="1" > store </wordcount>
    <wordcount weight="1" > rise </wordcount>
    <wordcount weight="1" > decomposition </wordcount>
    <wordcount weight="1" > indicate </wordcount>
    <wordcount weight="1" > declining </wordcount>
    <wordcount weight="1" > specific </wordcount>
    <wordcount weight="1" > evaders </wordcount>
    <wordcount weight="1" > bradshaw </wordcount>
    <wordcount weight="1" > hon </wordcount>
    <wordcount weight="1" > subjects </wordcount>
    <wordcount weight="1" > falling </wordcount>
    <wordcount weight="1" > macfadyen </wordcount>
    <wordcount weight="1" > terminology </wordcount>
    <wordcount weight="1" > nutritionalbritish </wordcount>
    <wordcount weight="1" > here </wordcount>
    <wordcount weight="1" > internal </wordcount>
    <wordcount weight="1" > horokiwi </wordcount>
    <wordcount weight="1" > equation </wordcount>
    <wordcount weight="1" > comparison </wordcount>
    <wordcount weight="1" > podsolization </wordcount>
    <wordcount weight="1" > m </wordcount>
    <wordcount weight="1" > important </wordcount>
    <wordcount weight="1" > unsilted </wordcount>
    <wordcount weight="1" > hospitality </wordcount>
    <wordcount weight="1" > feeders </wordcount>
    <wordcount weight="1" > suggested </wordcount>
    <wordcount weight="1" > might </wordcount>
    <wordcount weight="1" > others </wordcount>
    <wordcount weight="1" > rapid </wordcount>
    <wordcount weight="1" > systems </wordcount>
    <wordcount weight="1" > attempt </wordcount>
    <wordcount weight="1" > over </wordcount>
    <wordcount weight="1" > reporting </wordcount>
    <wordcount weight="1" > insect </wordcount>
    <wordcount weight="1" > varies </wordcount>
    <wordcount weight="1" > thebritish </wordcount>
    <wordcount weight="1" > principle </wordcount>
    <wordcount weight="1" > emerged </wordcount>
    <wordcount weight="1" > rock </wordcount>
    <wordcount weight="1" > many </wordcount>
    <wordcount weight="1" > whereas </wordcount>
    <wordcount weight="1" > cm </wordcount>
    <wordcount weight="1" > yielding </wordcount>
    <wordcount weight="1" > root </wordcount>
    <wordcount weight="1" > cultivated </wordcount>
    <wordcount weight="1" > fact </wordcount>
    <wordcount weight="1" > attribute </wordcount>
    <wordcount weight="1" > based </wordcount>
    <wordcount weight="1" > shows </wordcount>
    <wordcount weight="1" > longer </wordcount>
    <wordcount weight="1" > possibilities </wordcount>
    <wordcount weight="1" > comparatively </wordcount>
    <wordcount weight="1" > extraction </wordcount>
    <wordcount weight="1" > salmon </wordcount>
    <wordcount weight="1" > silted </wordcount>
    <wordcount weight="1" > limit </wordcount>
    <wordcount weight="1" > areas </wordcount>
    <wordcount weight="1" > treatment </wordcount>
    <wordcount weight="1" > flowers </wordcount>
    <wordcount weight="1" > best </wordcount>
    <wordcount weight="1" > secondary </wordcount>
    <wordcount weight="1" > regret </wordcount>
    <wordcount weight="1" > pasture </wordcount>
    <wordcount weight="1" > fry </wordcount>
    <wordcount weight="1" > erosion </wordcount>
    <wordcount weight="1" > weeds </wordcount>
    <wordcount weight="1" > current </wordcount>
    <wordcount weight="1" > regard </wordcount>
    <wordcount weight="1" > extended </wordcount>
    <wordcount weight="1" > ignition </wordcount>
    <wordcount weight="1" > boles </wordcount>
    <wordcount weight="1" > seven </wordcount>
    <wordcount weight="1" > arises </wordcount>
    <wordcount weight="1" > conspicuous </wordcount>
    <wordcount weight="1" > studied </wordcount>
    <wordcount weight="1" > grey </wordcount>
    <wordcount weight="1" > link </wordcount>
    <wordcount weight="1" > rooms </wordcount>
    <wordcount weight="1" > ricker </wordcount>
    <wordcount weight="1" > very </wordcount>
    <wordcount weight="1" > census </wordcount>
    <wordcount weight="1" > end </wordcount>
    <wordcount weight="1" > products </wordcount>
    <wordcount weight="1" > benthic </wordcount>
    <wordcount weight="1" > snowdonian </wordcount>
    <wordcount weight="1" > illness </wordcount>
    <wordcount weight="1" > subsequent </wordcount>
    <wordcount weight="1" > vigorous </wordcount>
    <wordcount weight="1" > man </wordcount>
    <wordcount weight="1" > approximation </wordcount>
    <wordcount weight="1" > dead </wordcount>
    <wordcount weight="1" > discussed </wordcount>
    <wordcount weight="1" > achieved </wordcount>
    <wordcount weight="1" > arable </wordcount>
    <wordcount weight="1" > just </wordcount>
    <wordcount weight="1" > glacial </wordcount>
    <wordcount weight="1" > successional </wordcount>
    <wordcount weight="1" > fishery </wordcount>
    <wordcount weight="1" > reproductive </wordcount>
    <wordcount weight="1" > phytoplankton </wordcount>
    <wordcount weight="1" > density </wordcount>
    <wordcount weight="1" > hand </wordcount>
    <wordcount weight="1" > stand </wordcount>
    <wordcount weight="1" > physiological </wordcount>
    <wordcount weight="1" > basic </wordcount>
    <wordcount weight="1" > chain </wordcount>
    <wordcount weight="1" > informed </wordcount>
    <wordcount weight="1" > maiella </wordcount>
    <wordcount weight="1" > according </wordcount>
    <wordcount weight="1" > complicated </wordcount>
    <wordcount weight="1" > conicolana </wordcount>
    <wordcount weight="1" > because </wordcount>
    <wordcount weight="1" > linearly </wordcount>
    <wordcount weight="1" > relationships </wordcount>
    <wordcount weight="1" > thinning </wordcount>
    <wordcount weight="1" > dissolved </wordcount>
    <wordcount weight="1" > aspects </wordcount>
    <wordcount weight="1" > investigation </wordcount>
    <wordcount weight="1" > differing </wordcount>
    <wordcount weight="1" > inflorescence </wordcount>
    <wordcount weight="1" > context </wordcount>
    <wordcount weight="1" > afforded </wordcount>
    <wordcount weight="1" > study </wordcount>
    <wordcount weight="1" > weighing </wordcount>
    <wordcount weight="1" > sq </wordcount>
    <wordcount weight="1" > produced </wordcount>
    <wordcount weight="1" > system </wordcount>
    <wordcount weight="1" > guide </wordcount>
    <wordcount weight="1" > degree </wordcount>
    <wordcount weight="1" > woodlands </wordcount>
    <wordcount weight="1" > vegetationtypes </wordcount>
    <wordcount weight="1" > material </wordcount>
    <wordcount weight="1" > depending </wordcount>
    <wordcount weight="1" > rich </wordcount>
    <wordcount weight="1" > correlated </wordcount>
    <wordcount weight="1" > seasonal </wordcount>
    <wordcount weight="1" > invitation </wordcount>
    <wordcount weight="1" > yield </wordcount>
    <wordcount weight="1" > resembles </wordcount>
    <wordcount weight="1" > recording </wordcount>
    <wordcount weight="1" > podsolic </wordcount>
    <wordcount weight="1" > problem </wordcount>
    <wordcount weight="1" > extent </wordcount>
    <wordcount weight="1" > heavily </wordcount>
    <wordcount weight="1" > method </wordcount>
    <wordcount weight="1" > capacity </wordcount>
    <wordcount weight="1" > ladder </wordcount>
    <wordcount weight="1" > intimating </wordcount>
    <wordcount weight="1" > possibility </wordcount>
    <wordcount weight="1" > gorham </wordcount>
    <wordcount weight="1" > carnivores </wordcount>
    <wordcount weight="1" > perch </wordcount>
    <wordcount weight="1" > acidic </wordcount>
    <wordcount weight="1" > day </wordcount>
    <wordcount weight="1" > institute </wordcount>
    <wordcount weight="1" > right </wordcount>
    <wordcount weight="1" > abruptly </wordcount>
    <wordcount weight="1" > outlined </wordcount>
    <wordcount weight="1" > watershed </wordcount>
    <wordcount weight="1" > classical </wordcount>
    <wordcount weight="1" > will </wordcount>
    <wordcount weight="1" > clearly </wordcount>
    <wordcount weight="1" > directly </wordcount>
    <wordcount weight="1" > information </wordcount>
    <wordcount weight="1" > chironomids </wordcount>
    <wordcount weight="1" > differ </wordcount>
    <wordcount weight="1" > opened </wordcount>
    <wordcount weight="1" > oxygen </wordcount>
    <wordcount weight="1" > diminution </wordcount>
    <wordcount weight="1" > determined </wordcount>
    <wordcount weight="1" > greatest </wordcount>
    <wordcount weight="1" > activity </wordcount>
    <wordcount weight="1" > used </wordcount>
    <wordcount weight="1" > windermere </wordcount>
    <wordcount weight="1" > illustrate </wordcount>
    <wordcount weight="1" > drawn </wordcount>
    <wordcount weight="1" > soils </wordcount>
    <wordcount weight="1" > approaching </wordcount>
    <wordcount weight="1" > yardstick </wordcount>
    <wordcount weight="1" > rocks </wordcount>
    <wordcount weight="1" > considering </wordcount>
    <wordcount weight="1" > steep </wordcount>
    <wordcount weight="1" > made </wordcount>
    <wordcount weight="1" > bodies </wordcount>
    <wordcount weight="1" > barents </wordcount>
    <wordcount weight="1" > range </wordcount>
    <wordcount weight="1" > alterations </wordcount>
    <wordcount weight="1" > slates </wordcount>
    <wordcount weight="1" > consumed </wordcount>
    <wordcount weight="1" > growthrate </wordcount>
    <wordcount weight="1" > environments </wordcount>
    <wordcount weight="1" > reported </wordcount>
    <wordcount weight="1" > point </wordcount>
    <wordcount weight="1" > snowdonia </wordcount>
    <wordcount weight="1" > lake </wordcount>
    <wordcount weight="1" > forms </wordcount>
    <wordcount weight="1" > london </wordcount>
    <wordcount weight="1" > breeding </wordcount>
    <wordcount weight="1" > po </wordcount>
    <wordcount weight="1" > sea </wordcount>
    <wordcount weight="1" > example </wordcount>
    <wordcount weight="1" > letter </wordcount>
    <wordcount weight="1" > simulating </wordcount>
    <wordcount weight="1" > ecologists </wordcount>
    <wordcount weight="1" > requirements </wordcount>
    <wordcount weight="1" > inorganic </wordcount>
    <wordcount weight="1" > agrostis </wordcount>
    <wordcount weight="1" > dissipated </wordcount>
    <wordcount weight="1" > verification </wordcount>
    <wordcount weight="1" > samples </wordcount>
    <wordcount weight="1" > representing </wordcount>
    <wordcount weight="1" > birds </wordcount>
    <wordcount weight="1" > revealed </wordcount>
    <wordcount weight="1" > techniques </wordcount>
    <wordcount weight="1" > findings </wordcount>
    <wordcount weight="1" > et </wordcount>
    <wordcount weight="1" > secretary </wordcount>
    <wordcount weight="1" > controlling </wordcount>
    <wordcount weight="1" > heath </wordcount>
    <wordcount weight="1" > profundal </wordcount>
    <wordcount weight="1" > spiders </wordcount>
    <wordcount weight="1" > eaten </wordcount>
    <wordcount weight="1" > use </wordcount>
    <wordcount weight="1" > bulletins </wordcount>
    <wordcount weight="1" > liberated </wordcount>
    <wordcount weight="1" > largely </wordcount>
    <wordcount weight="1" > obtain </wordcount>
    <wordcount weight="1" > during </wordcount>
    <wordcount weight="1" > increment </wordcount>
    <wordcount weight="1" > permanent </wordcount>
    <wordcount weight="1" > factor </wordcount>
    <wordcount weight="1" > climatic </wordcount>
    <wordcount weight="1" > assimilating </wordcount>
    <wordcount weight="1" > ideas </wordcount>
    <wordcount weight="1" > noted </wordcount>
    <wordcount weight="1" > oaks </wordcount>
    <wordcount weight="1" > increasingly </wordcount>
    <wordcount weight="1" > participated </wordcount>
    <wordcount weight="1" > coming </wordcount>
    <wordcount weight="1" > evolution </wordcount>
    <wordcount weight="1" > faeces </wordcount>
    <wordcount weight="1" > central </wordcount>
    <wordcount weight="1" > cropping </wordcount>
    <wordcount weight="1" > individuals </wordcount>
    <wordcount weight="1" > laboratory </wordcount>
    <wordcount weight="1" > prey </wordcount>
    <wordcount weight="1" > full </wordcount>
    <wordcount weight="1" > mundie </wordcount>
    <wordcount weight="1" > office </wordcount>
    <wordcount weight="1" > igneous </wordcount>
    <wordcount weight="1" > devoted </wordcount>
    <wordcount weight="1" > contribution </wordcount>
    <wordcount weight="1" > shelter </wordcount>
    <wordcount weight="1" > accuracy </wordcount>
    <wordcount weight="1" > inversely </wordcount>
    <wordcount weight="1" > eventual </wordcount>
    <wordcount weight="1" > touch </wordcount>
    <wordcount weight="1" > heterotrophic </wordcount>
    <wordcount weight="1" > emergences </wordcount>
    <wordcount weight="1" > interested </wordcount>
    <wordcount weight="1" > newbould </wordcount>
    <wordcount weight="1" > laspeyresia </wordcount>
    <wordcount weight="1" > petersen </wordcount>
    <wordcount weight="1" > since </wordcount>
    <wordcount weight="1" > sample </wordcount>
    <wordcount weight="1" > decrease </wordcount>
    <wordcount weight="1" > applied </wordcount>
    <wordcount weight="1" > foerster </wordcount>
    <wordcount weight="1" > audited </wordcount>
    <wordcount weight="1" > welcomed </wordcount>
    <wordcount weight="1" > t </wordcount>
    <wordcount weight="1" > regions </wordcount>
    <wordcount weight="1" > morphological </wordcount>
    <wordcount weight="1" > lakes </wordcount>
    <wordcount weight="1" > rapidly </wordcount>
    <wordcount weight="1" > accept </wordcount>
    <wordcount weight="1" > predators </wordcount>
    <wordcount weight="1" > character </wordcount>
    <wordcount weight="1" > plankton </wordcount>
    <wordcount weight="1" > good </wordcount>
    <wordcount weight="1" > change </wordcount>
    <wordcount weight="1" > characteristic </wordcount>
    <wordcount weight="1" > peculiar </wordcount>
    <wordcount weight="1" > regarded </wordcount>
    <wordcount weight="1" > august </wordcount>
    <wordcount weight="1" > walls </wordcount>
    <wordcount weight="1" > contributors </wordcount>
    <wordcount weight="1" > held </wordcount>
    <wordcount weight="1" > contributed </wordcount>
    <wordcount weight="1" > phillips </wordcount>
    <wordcount weight="1" > fecundity </wordcount>
    <wordcount weight="1" > mixed </wordcount>
    <wordcount weight="1" > least </wordcount>
    <wordcount weight="1" > apparatus </wordcount>
    <wordcount weight="1" > lively </wordcount>
    <wordcount weight="1" > normally </wordcount>
    <wordcount weight="1" > occurs </wordcount>
    <wordcount weight="1" > piece </wordcount>
    <wordcount weight="1" > uniformity </wordcount>
    <wordcount weight="1" > breckland </wordcount>
    <wordcount weight="1" > below </wordcount>
    <wordcount weight="1" > period </wordcount>
    <wordcount weight="1" > project </wordcount>
    <wordcount weight="1" > specialists </wordcount>
    <wordcount weight="1" > pearsall </wordcount>
    <wordcount weight="1" > optimum </wordcount>
    <wordcount weight="1" > him </wordcount>
    <wordcount weight="1" > suggest </wordcount>
    <wordcount weight="1" > preparation </wordcount>
    <wordcount weight="1" > autumn </wordcount>
    <wordcount weight="1" > average </wordcount>
    <wordcount weight="1" > beetles </wordcount>
    <wordcount weight="1" > sketching </wordcount>
    <wordcount weight="1" > distinction </wordcount>
    <wordcount weight="1" > stages </wordcount>
    <wordcount weight="1" > kind </wordcount>
    <wordcount weight="1" > order </wordcount>
    <wordcount weight="1" > off </wordcount>
    <wordcount weight="1" > cases </wordcount>
    <wordcount weight="1" > actively </wordcount>
    <wordcount weight="1" > distinct </wordcount>
    <wordcount weight="1" > plantation </wordcount>
    <wordcount weight="1" > small </wordcount>
    <wordcount weight="1" > artificial </wordcount>
    <wordcount weight="1" > brachypodium </wordcount>
    <wordcount weight="1" > am </wordcount>
    <wordcount weight="1" > trout </wordcount>
    <wordcount weight="1" > mineral </wordcount>
    <wordcount weight="1" > disinclined </wordcount>
    <wordcount weight="1" > potential </wordcount>
    <wordcount weight="1" > carbon </wordcount>
    <wordcount weight="1" > gleyed </wordcount>
    <wordcount weight="1" > gradients </wordcount>
    <wordcount weight="1" > components </wordcount>
    <wordcount weight="1" > requires </wordcount>
    <wordcount weight="1" > evolutionary </wordcount>
    <wordcount weight="1" > methods </wordcount>
    <wordcount weight="1" > pike </wordcount>
    <wordcount weight="1" > ungrazed </wordcount>
    <wordcount weight="1" > drying </wordcount>
    <wordcount weight="1" > clarify </wordcount>
    <wordcount weight="1" > presence </wordcount>
    <wordcount weight="1" > races </wordcount>
    <wordcount weight="1" > lines </wordcount>
    <wordcount weight="1" > relation </wordcount>
    <wordcount weight="1" > tenuis </wordcount>
    <wordcount weight="1" > compared </wordcount>
    <wordcount weight="1" > arranged </wordcount>
    <wordcount weight="1" > charged </wordcount>
    <wordcount weight="1" > respond </wordcount>
    <wordcount weight="1" > describing </wordcount>
    <wordcount weight="1" > seeds </wordcount>
    <wordcount weight="1" > reached </wordcount>
    <wordcount weight="1" > je </wordcount>
    <wordcount weight="1" > podsolized </wordcount>
    <wordcount weight="1" > sylvestris </wordcount>
    <wordcount weight="1" > always </wordcount>
    <wordcount weight="1" > concepts </wordcount>
    <wordcount weight="1" > concluding </wordcount>
    <wordcount weight="1" > progress </wordcount>
    <wordcount weight="1" > consumption </wordcount>
    <wordcount weight="1" > agriculturalist </wordcount>
    <wordcount weight="1" > slightly </wordcount>
    <wordcount weight="1" > ate </wordcount>
    <wordcount weight="1" > slowgrowing </wordcount>
    <wordcount weight="1" > hume </wordcount>
    <wordcount weight="1" > immediately </wordcount>
    <wordcount weight="1" > parasites </wordcount>
    <wordcount weight="1" > details </wordcount>
    <wordcount weight="1" > oligotrophic </wordcount>
    <wordcount weight="1" > wet </wordcount>
    <wordcount weight="1" > comparable </wordcount>
    <wordcount weight="1" > gibb </wordcount>
    <wordcount weight="1" > recent </wordcount>
    <wordcount weight="1" > sedimentary </wordcount>
    <wordcount weight="1" > livestock </wordcount>
    <wordcount weight="1" > velocity </wordcount>
    <wordcount weight="1" > should </wordcount>
    <wordcount weight="1" > adult </wordcount>
    <wordcount weight="1" > asked </wordcount>
    <wordcount weight="1" > increments </wordcount>
    <wordcount weight="1" > function </wordcount>
    <wordcount weight="1" > rest </wordcount>
    <wordcount weight="1" > evidence </wordcount>
    <wordcount weight="1" > holes </wordcount>
    <wordcount weight="1" > content </wordcount>
    <wordcount weight="1" > velocities </wordcount>
</article>
