<?xml version="1.0" encoding="UTF-8"?>
<article id="10.2307/1934458" >
    <wordcount weight="138" > the </wordcount>
    <wordcount weight="128" > of </wordcount>
    <wordcount weight="106" > in </wordcount>
    <wordcount weight="100" > and </wordcount>
    <wordcount weight="60" > co </wordcount>
    <wordcount weight="56" > a </wordcount>
    <wordcount weight="56" > seed </wordcount>
    <wordcount weight="44" > germination </wordcount>
    <wordcount weight="39" > to </wordcount>
    <wordcount weight="37" > seeds </wordcount>
    <wordcount weight="35" > at </wordcount>
    <wordcount weight="35" > from </wordcount>
    <wordcount weight="29" > were </wordcount>
    <wordcount weight="27" > collections </wordcount>
    <wordcount weight="27" > that </wordcount>
    <wordcount weight="26" > for </wordcount>
    <wordcount weight="25" > weight </wordcount>
    <wordcount weight="24" > species </wordcount>
    <wordcount weight="19" > is </wordcount>
    <wordcount weight="19" > plants </wordcount>
    <wordcount weight="18" > populations </wordcount>
    <wordcount weight="18" > with </wordcount>
    <wordcount weight="17" > dormancy </wordcount>
    <wordcount weight="17" > was </wordcount>
    <wordcount weight="15" > may </wordcount>
    <wordcount weight="15" > variation </wordcount>
    <wordcount weight="15" > on </wordcount>
    <wordcount weight="15" > between </wordcount>
    <wordcount weight="14" > j </wordcount>
    <wordcount weight="14" > be </wordcount>
    <wordcount weight="14" > northern </wordcount>
    <wordcount weight="13" > c </wordcount>
    <wordcount weight="13" > by </wordcount>
    <wordcount weight="13" > have </wordcount>
    <wordcount weight="13" > retroflexus </wordcount>
    <wordcount weight="12" > percentage </wordcount>
    <wordcount weight="12" > all </wordcount>
    <wordcount weight="12" > has </wordcount>
    <wordcount weight="12" > this </wordcount>
    <wordcount weight="11" > it </wordcount>
    <wordcount weight="11" > l </wordcount>
    <wordcount weight="11" > north </wordcount>
    <wordcount weight="11" > amaranthus </wordcount>
    <wordcount weight="11" > which </wordcount>
    <wordcount weight="10" > no </wordcount>
    <wordcount weight="10" > been </wordcount>
    <wordcount weight="10" > under </wordcount>
    <wordcount weight="10" > more </wordcount>
    <wordcount weight="10" > temperature </wordcount>
    <wordcount weight="10" > an </wordcount>
    <wordcount weight="9" > new </wordcount>
    <wordcount weight="8" > iowa </wordcount>
    <wordcount weight="8" > each </wordcount>
    <wordcount weight="8" > p </wordcount>
    <wordcount weight="8" > there </wordcount>
    <wordcount weight="8" > g </wordcount>
    <wordcount weight="7" > as </wordcount>
    <wordcount weight="7" > or </wordcount>
    <wordcount weight="7" > differences </wordcount>
    <wordcount weight="7" > are </wordcount>
    <wordcount weight="7" > germinated </wordcount>
    <wordcount weight="7" > collection </wordcount>
    <wordcount weight="7" > upon </wordcount>
    <wordcount weight="7" > than </wordcount>
    <wordcount weight="6" > southern </wordcount>
    <wordcount weight="6" > h </wordcount>
    <wordcount weight="6" > ecotypic </wordcount>
    <wordcount weight="6" > sources </wordcount>
    <wordcount weight="6" > also </wordcount>
    <wordcount weight="6" > larger </wordcount>
    <wordcount weight="6" > sites </wordcount>
    <wordcount weight="6" > size </wordcount>
    <wordcount weight="6" > range </wordcount>
    <wordcount weight="6" > differentiation </wordcount>
    <wordcount weight="6" > conditions </wordcount>
    <wordcount weight="6" > grown </wordcount>
    <wordcount weight="6" > states </wordcount>
    <wordcount weight="6" > highest </wordcount>
    <wordcount weight="6" > annual </wordcount>
    <wordcount weight="5" > f </wordcount>
    <wordcount weight="5" > york </wordcount>
    <wordcount weight="5" > various </wordcount>
    <wordcount weight="5" > european </wordcount>
    <wordcount weight="5" > short </wordcount>
    <wordcount weight="5" > large </wordcount>
    <wordcount weight="5" > clinal </wordcount>
    <wordcount weight="5" > study </wordcount>
    <wordcount weight="5" > united </wordcount>
    <wordcount weight="5" > selective </wordcount>
    <wordcount weight="5" > same </wordcount>
    <wordcount weight="5" > different </wordcount>
    <wordcount weight="5" > other </wordcount>
    <wordcount weight="5" > percentages </wordcount>
    <wordcount weight="5" > weed </wordcount>
    <wordcount weight="5" > growing </wordcount>
    <wordcount weight="5" > temperatures </wordcount>
    <wordcount weight="5" > storage </wordcount>
    <wordcount weight="5" > some </wordcount>
    <wordcount weight="5" > reported </wordcount>
    <wordcount weight="5" > several </wordcount>
    <wordcount weight="5" > few </wordcount>
    <wordcount weight="5" > when </wordcount>
    <wordcount weight="5" > showed </wordcount>
    <wordcount weight="4" > south </wordcount>
    <wordcount weight="4" > o </wordcount>
    <wordcount weight="4" > collected </wordcount>
    <wordcount weight="4" > growth </wordcount>
    <wordcount weight="4" > sauer </wordcount>
    <wordcount weight="4" > e </wordcount>
    <wordcount weight="4" > garden </wordcount>
    <wordcount weight="4" > one </wordcount>
    <wordcount weight="4" > seedlings </wordcount>
    <wordcount weight="4" > studies </wordcount>
    <wordcount weight="4" > experimental </wordcount>
    <wordcount weight="4" > most </wordcount>
    <wordcount weight="4" > two </wordcount>
    <wordcount weight="4" > lower </wordcount>
    <wordcount weight="4" > latitude </wordcount>
    <wordcount weight="4" > season </wordcount>
    <wordcount weight="4" > hours </wordcount>
    <wordcount weight="4" > based </wordcount>
    <wordcount weight="4" > clover </wordcount>
    <wordcount weight="4" > time </wordcount>
    <wordcount weight="4" > where </wordcount>
    <wordcount weight="4" > maturity </wordcount>
    <wordcount weight="4" > wide </wordcount>
    <wordcount weight="4" > number </wordcount>
    <wordcount weight="4" > r </wordcount>
    <wordcount weight="4" > variations </wordcount>
    <wordcount weight="4" > ecology </wordcount>
    <wordcount weight="4" > germinate </wordcount>
    <wordcount weight="4" > difference </wordcount>
    <wordcount weight="4" > average </wordcount>
    <wordcount weight="4" > canadian </wordcount>
    <wordcount weight="4" > plant </wordcount>
    <wordcount weight="4" > stored </wordcount>
    <wordcount weight="4" > response </wordcount>
    <wordcount weight="4" > early </wordcount>
    <wordcount weight="4" > photoperiod </wordcount>
    <wordcount weight="3" > higher </wordcount>
    <wordcount weight="3" > requirements </wordcount>
    <wordcount weight="3" > site </wordcount>
    <wordcount weight="3" > plastic </wordcount>
    <wordcount weight="3" > similar </wordcount>
    <wordcount weight="3" > selection </wordcount>
    <wordcount weight="3" > food </wordcount>
    <wordcount weight="3" > about </wordcount>
    <wordcount weight="3" > competition </wordcount>
    <wordcount weight="3" > table </wordcount>
    <wordcount weight="3" > colonizing </wordcount>
    <wordcount weight="3" > favor </wordcount>
    <wordcount weight="3" > university </wordcount>
    <wordcount weight="3" > light </wordcount>
    <wordcount weight="3" > but </wordcount>
    <wordcount weight="3" > w </wordcount>
    <wordcount weight="3" > properties </wordcount>
    <wordcount weight="3" > these </wordcount>
    <wordcount weight="3" > baker </wordcount>
    <wordcount weight="3" > show </wordcount>
    <wordcount weight="3" > only </wordcount>
    <wordcount weight="3" > ledyard </wordcount>
    <wordcount weight="3" > either </wordcount>
    <wordcount weight="3" > harper </wordcount>
    <wordcount weight="3" > biol </wordcount>
    <wordcount weight="3" > suggested </wordcount>
    <wordcount weight="3" > might </wordcount>
    <wordcount weight="3" > others </wordcount>
    <wordcount weight="3" > rapid </wordcount>
    <wordcount weight="3" > over </wordcount>
    <wordcount weight="3" > katznelson </wordcount>
    <wordcount weight="3" > morley </wordcount>
    <wordcount weight="3" > latitudes </wordcount>
    <wordcount weight="3" > advantage </wordcount>
    <wordcount weight="3" > found </wordcount>
    <wordcount weight="3" > very </wordcount>
    <wordcount weight="3" > within </wordcount>
    <wordcount weight="3" > appears </wordcount>
    <wordcount weight="3" > particular </wordcount>
    <wordcount weight="3" > stebbins </wordcount>
    <wordcount weight="3" > explain </wordcount>
    <wordcount weight="3" > northerly </wordcount>
    <wordcount weight="3" > dakota </wordcount>
    <wordcount weight="3" > because </wordcount>
    <wordcount weight="3" > vol </wordcount>
    <wordcount weight="3" > significantly </wordcount>
    <wordcount weight="3" > uniform </wordcount>
    <wordcount weight="3" > establishment </wordcount>
    <wordcount weight="3" > genetic </wordcount>
    <wordcount weight="3" > correlation </wordcount>
    <wordcount weight="3" > significant </wordcount>
    <wordcount weight="3" > consistently </wordcount>
    <wordcount weight="3" > largely </wordcount>
    <wordcount weight="3" > evolution </wordcount>
    <wordcount weight="3" > trend </wordcount>
    <wordcount weight="3" > varied </wordcount>
    <wordcount weight="3" > until </wordcount>
    <wordcount weight="3" > spring </wordcount>
    <wordcount weight="3" > flowered </wordcount>
    <wordcount weight="3" > least </wordcount>
    <wordcount weight="3" > correlated </wordcount>
    <wordcount weight="3" > genetics </wordcount>
    <wordcount weight="3" > characteristic </wordcount>
    <wordcount weight="3" > obtained </wordcount>
    <wordcount weight="3" > increased </wordcount>
    <wordcount weight="3" > small </wordcount>
    <wordcount weight="3" > reproductive </wordcount>
    <wordcount weight="3" > academic </wordcount>
    <wordcount weight="3" > ann </wordcount>
    <wordcount weight="3" > sci </wordcount>
    <wordcount weight="3" > much </wordcount>
    <wordcount weight="3" > mahlstede </wordcount>
    <wordcount weight="3" > hybrids </wordcount>
    <wordcount weight="3" > concluded </wordcount>
    <wordcount weight="2" > drier </wordcount>
    <wordcount weight="2" > polk </wordcount>
    <wordcount weight="2" > chromosome </wordcount>
    <wordcount weight="2" > simultaneously </wordcount>
    <wordcount weight="2" > respect </wordcount>
    <wordcount weight="2" > requirement </wordcount>
    <wordcount weight="2" > ecological </wordcount>
    <wordcount weight="2" > tama </wordcount>
    <wordcount weight="2" > ainaranthus </wordcount>
    <wordcount weight="2" > edward </wordcount>
    <wordcount weight="2" > frost </wordcount>
    <wordcount weight="2" > environments </wordcount>
    <wordcount weight="2" > strongly </wordcount>
    <wordcount weight="2" > pointed </wordcount>
    <wordcount weight="2" > luxembourg </wordcount>
    <wordcount weight="2" > spergula </wordcount>
    <wordcount weight="2" > length </wordcount>
    <wordcount weight="2" > parts </wordcount>
    <wordcount weight="2" > boone </wordcount>
    <wordcount weight="2" > mergen </wordcount>
    <wordcount weight="2" > formed </wordcount>
    <wordcount weight="2" > chamber </wordcount>
    <wordcount weight="2" > not </wordcount>
    <wordcount weight="2" > lots </wordcount>
    <wordcount weight="2" > out </wordcount>
    <wordcount weight="2" > completely </wordcount>
    <wordcount weight="2" > album </wordcount>
    <wordcount weight="2" > considered </wordcount>
    <wordcount weight="2" > res </wordcount>
    <wordcount weight="2" > thesis </wordcount>
    <wordcount weight="2" > had </wordcount>
    <wordcount weight="2" > into </wordcount>
    <wordcount weight="2" > environment </wordcount>
    <wordcount weight="2" > occurred </wordcount>
    <wordcount weight="2" > floras </wordcount>
    <wordcount weight="2" > days </wordcount>
    <wordcount weight="2" > n </wordcount>
    <wordcount weight="2" > numbers </wordcount>
    <wordcount weight="2" > harvested </wordcount>
    <wordcount weight="2" > northeastern </wordcount>
    <wordcount weight="2" > netherlands </wordcount>
    <wordcount weight="2" > wisconsin </wordcount>
    <wordcount weight="2" > must </wordcount>
    <wordcount weight="2" > department </wordcount>
    <wordcount weight="2" > noted </wordcount>
    <wordcount weight="2" > subjected </wordcount>
    <wordcount weight="2" > evidence </wordcount>
    <wordcount weight="2" > natural </wordcount>
    <wordcount weight="2" > appear </wordcount>
    <wordcount weight="2" > available </wordcount>
    <wordcount weight="2" > many </wordcount>
    <wordcount weight="2" > seems </wordcount>
    <wordcount weight="2" > expressed </wordcount>
    <wordcount weight="2" > mcwilliams </wordcount>
    <wordcount weight="2" > europe </wordcount>
    <wordcount weight="2" > canada </wordcount>
    <wordcount weight="2" > ft </wordcount>
    <wordcount weight="2" > botanical </wordcount>
    <wordcount weight="2" > accompanied </wordcount>
    <wordcount weight="2" > spaced </wordcount>
    <wordcount weight="2" > end </wordcount>
    <wordcount weight="2" > state </wordcount>
    <wordcount weight="2" > considerable </wordcount>
    <wordcount weight="2" > subterranean </wordcount>
    <wordcount weight="2" > difficult </wordcount>
    <wordcount weight="2" > regression </wordcount>
    <wordcount weight="2" > present </wordcount>
    <wordcount weight="2" > oklahoma </wordcount>
    <wordcount weight="2" > michigan </wordcount>
    <wordcount weight="2" > oregon </wordcount>
    <wordcount weight="2" > phd </wordcount>
    <wordcount weight="2" > adair </wordcount>
    <wordcount weight="2" > elevation </wordcount>
    <wordcount weight="2" > lane </wordcount>
    <wordcount weight="2" > origin </wordcount>
    <wordcount weight="2" > material </wordcount>
    <wordcount weight="2" > shelby </wordcount>
    <wordcount weight="2" > iii </wordcount>
    <wordcount weight="2" > eastern </wordcount>
    <wordcount weight="2" > capacity </wordcount>
    <wordcount weight="2" > after </wordcount>
    <wordcount weight="2" > planted </wordcount>
    <wordcount weight="2" > america </wordcount>
    <wordcount weight="2" > day </wordcount>
    <wordcount weight="2" > march </wordcount>
    <wordcount weight="2" > linn </wordcount>
    <wordcount weight="2" > local </wordcount>
    <wordcount weight="2" > red </wordcount>
    <wordcount weight="2" > kansas </wordcount>
    <wordcount weight="2" > possible </wordcount>
    <wordcount weight="2" > degrees </wordcount>
    <wordcount weight="2" > slight </wordcount>
    <wordcount weight="2" > amaranthaceae </wordcount>
    <wordcount weight="2" > level </wordcount>
    <wordcount weight="2" > despite </wordcount>
    <wordcount weight="2" > retroflexius </wordcount>
    <wordcount weight="2" > cited </wordcount>
    <wordcount weight="2" > its </wordcount>
    <wordcount weight="2" > beneath </wordcount>
    <wordcount weight="2" > literature </wordcount>
    <wordcount weight="2" > q </wordcount>
    <wordcount weight="2" > cass </wordcount>
    <wordcount weight="2" > powellii </wordcount>
    <wordcount weight="2" > maintained </wordcount>
    <wordcount weight="2" > mcmillan </wordcount>
    <wordcount weight="2" > klamath </wordcount>
    <wordcount weight="2" > thus </wordcount>
    <wordcount weight="2" > low </wordcount>
    <wordcount weight="2" > bot </wordcount>
    <wordcount weight="2" > three </wordcount>
    <wordcount weight="2" > illinois </wordcount>
    <wordcount weight="2" > authors </wordcount>
    <wordcount weight="2" > guthrie </wordcount>
    <wordcount weight="2" > salisbury </wordcount>
    <wordcount weight="2" > d </wordcount>
    <wordcount weight="2" > american </wordcount>
    <wordcount weight="2" > general </wordcount>
    <wordcount weight="2" > optimum </wordcount>
    <wordcount weight="2" > expected </wordcount>
    <wordcount weight="2" > effects </wordcount>
    <wordcount weight="2" > contrast </wordcount>
    <wordcount weight="2" > earlier </wordcount>
    <wordcount weight="2" > area </wordcount>
    <wordcount weight="2" > black </wordcount>
    <wordcount weight="2" > family </wordcount>
    <wordcount weight="2" > june </wordcount>
    <wordcount weight="2" > often </wordcount>
    <wordcount weight="2" > would </wordcount>
    <wordcount weight="2" > australian </wordcount>
    <wordcount weight="2" > climate </wordcount>
    <wordcount weight="2" > cook </wordcount>
    <wordcount weight="2" > can </wordcount>
    <wordcount weight="2" > occur </wordcount>
    <wordcount weight="2" > probably </wordcount>
    <wordcount weight="2" > characters </wordcount>
    <wordcount weight="2" > those </wordcount>
    <wordcount weight="2" > counts </wordcount>
    <wordcount weight="2" > observed </wordcount>
    <wordcount weight="2" > prosopis </wordcount>
    <wordcount weight="2" > compromise </wordcount>
    <wordcount weight="2" > geographical </wordcount>
    <wordcount weight="2" > dine </wordcount>
    <wordcount weight="1" > costa </wordcount>
    <wordcount weight="1" > calvin </wordcount>
    <wordcount weight="1" > will </wordcount>
    <wordcount weight="1" > agr </wordcount>
    <wordcount weight="1" > failed </wordcount>
    <wordcount weight="1" > divergence </wordcount>
    <wordcount weight="1" > depth </wordcount>
    <wordcount weight="1" > premium </wordcount>
    <wordcount weight="1" > does </wordcount>
    <wordcount weight="1" > uncommon </wordcount>
    <wordcount weight="1" > approximated </wordcount>
    <wordcount weight="1" > therefore </wordcount>
    <wordcount weight="1" > polymorphism </wordcount>
    <wordcount weight="1" > he </wordcount>
    <wordcount weight="1" > likely </wordcount>
    <wordcount weight="1" > farm </wordcount>
    <wordcount weight="1" > flowering </wordcount>
    <wordcount weight="1" > substrates </wordcount>
    <wordcount weight="1" > matter </wordcount>
    <wordcount weight="1" > rome </wordcount>
    <wordcount weight="1" > cytol </wordcount>
    <wordcount weight="1" > rather </wordcount>
    <wordcount weight="1" > avoiding </wordcount>
    <wordcount weight="1" > clinton </wordcount>
    <wordcount weight="1" > decreasing </wordcount>
    <wordcount weight="1" > intimately </wordcount>
    <wordcount weight="1" > variable </wordcount>
    <wordcount weight="1" > cedar </wordcount>
    <wordcount weight="1" > foreign </wordcount>
    <wordcount weight="1" > cleaned </wordcount>
    <wordcount weight="1" > mechanisms </wordcount>
    <wordcount weight="1" > developed </wordcount>
    <wordcount weight="1" > dry </wordcount>
    <wordcount weight="1" > clines </wordcount>
    <wordcount weight="1" > how </wordcount>
    <wordcount weight="1" > pinis </wordcount>
    <wordcount weight="1" > sort </wordcount>
    <wordcount weight="1" > planting </wordcount>
    <wordcount weight="1" > peacock </wordcount>
    <wordcount weight="1" > genecology </wordcount>
    <wordcount weight="1" > cytogenetic </wordcount>
    <wordcount weight="1" > gallatin </wordcount>
    <wordcount weight="1" > trials </wordcount>
    <wordcount weight="1" > uw </wordcount>
    <wordcount weight="1" > specimen </wordcount>
    <wordcount weight="1" > environmental </wordcount>
    <wordcount weight="1" > appreciate </wordcount>
    <wordcount weight="1" > rapids </wordcount>
    <wordcount weight="1" > logan </wordcount>
    <wordcount weight="1" > iniduced </wordcount>
    <wordcount weight="1" > widespread </wordcount>
    <wordcount weight="1" > pierce </wordcount>
    <wordcount weight="1" > meriden </wordcount>
    <wordcount weight="1" > mean </wordcount>
    <wordcount weight="1" > april </wordcount>
    <wordcount weight="1" > approaches </wordcount>
    <wordcount weight="1" > variety </wordcount>
    <wordcount weight="1" > represented </wordcount>
    <wordcount weight="1" > manitoba </wordcount>
    <wordcount weight="1" > eliminated </wordcount>
    <wordcount weight="1" > introduction </wordcount>
    <wordcount weight="1" > make </wordcount>
    <wordcount weight="1" > determined </wordcount>
    <wordcount weight="1" > indicates </wordcount>
    <wordcount weight="1" > lousia </wordcount>
    <wordcount weight="1" > whether </wordcount>
    <wordcount weight="1" > wilson </wordcount>
    <wordcount weight="1" > rapidly </wordcount>
    <wordcount weight="1" > center </wordcount>
    <wordcount weight="1" > antibes </wordcount>
    <wordcount weight="1" > aniaranthus </wordcount>
    <wordcount weight="1" > methods </wordcount>
    <wordcount weight="1" > ozarks </wordcount>
    <wordcount weight="1" > woodford </wordcount>
    <wordcount weight="1" > aniiaranthits </wordcount>
    <wordcount weight="1" > ludwig </wordcount>
    <wordcount weight="1" > ames </wordcount>
    <wordcount weight="1" > saturated </wordcount>
    <wordcount weight="1" > months </wordcount>
    <wordcount weight="1" > reference </wordcount>
    <wordcount weight="1" > examined </wordcount>
    <wordcount weight="1" > amnaranthuts </wordcount>
    <wordcount weight="1" > cohabitation </wordcount>
    <wordcount weight="1" > greenhouse </wordcount>
    <wordcount weight="1" > jonathan </wordcount>
    <wordcount weight="1" > pressures </wordcount>
    <wordcount weight="1" > geneotypes </wordcount>
    <wordcount weight="1" > aniaratithits </wordcount>
    <wordcount weight="1" > heaviest </wordcount>
    <wordcount weight="1" > investigate </wordcount>
    <wordcount weight="1" > appl </wordcount>
    <wordcount weight="1" > rain </wordcount>
    <wordcount weight="1" > affect </wordcount>
    <wordcount weight="1" > noteworthyv </wordcount>
    <wordcount weight="1" > evolved </wordcount>
    <wordcount weight="1" > intermediate </wordcount>
    <wordcount weight="1" > water </wordcount>
    <wordcount weight="1" > austria </wordcount>
    <wordcount weight="1" > harlan </wordcount>
    <wordcount weight="1" > photoperiodism </wordcount>
    <wordcount weight="1" > western </wordcount>
    <wordcount weight="1" > idaho </wordcount>
    <wordcount weight="1" > specialization </wordcount>
    <wordcount weight="1" > replications </wordcount>
    <wordcount weight="1" > carroll </wordcount>
    <wordcount weight="1" > pinus </wordcount>
    <wordcount weight="1" > home </wordcount>
    <wordcount weight="1" > slowly </wordcount>
    <wordcount weight="1" > falls </wordcount>
    <wordcount weight="1" > emergence </wordcount>
    <wordcount weight="1" > rarely </wordcount>
    <wordcount weight="1" > pottawattamie </wordcount>
    <wordcount weight="1" > placed </wordcount>
    <wordcount weight="1" > clearly </wordcount>
    <wordcount weight="1" > cornell </wordcount>
    <wordcount weight="1" > constant </wordcount>
    <wordcount weight="1" > dickinson </wordcount>
    <wordcount weight="1" > manning </wordcount>
    <wordcount weight="1" > pots </wordcount>
    <wordcount weight="1" > following </wordcount>
    <wordcount weight="1" > depending </wordcount>
    <wordcount weight="1" > wright </wordcount>
    <wordcount weight="1" > experiment </wordcount>
    <wordcount weight="1" > distilled </wordcount>
    <wordcount weight="1" > delaware </wordcount>
    <wordcount weight="1" > montgomery </wordcount>
    <wordcount weight="1" > subterraneunin </wordcount>
    <wordcount weight="1" > toronto </wordcount>
    <wordcount weight="1" > geographic </wordcount>
    <wordcount weight="1" > being </wordcount>
    <wordcount weight="1" > winnebago </wordcount>
    <wordcount weight="1" > shorter </wordcount>
    <wordcount weight="1" > characteristics </wordcount>
    <wordcount weight="1" > canyon </wordcount>
    <wordcount weight="1" > inheritance </wordcount>
    <wordcount weight="1" > depend </wordcount>
    <wordcount weight="1" > surface </wordcount>
    <wordcount weight="1" > subterraneurn </wordcount>
    <wordcount weight="1" > peru </wordcount>
    <wordcount weight="1" > concerning </wordcount>
    <wordcount weight="1" > australia </wordcount>
    <wordcount weight="1" > regime </wordcount>
    <wordcount weight="1" > whiteside </wordcount>
    <wordcount weight="1" > wideranging </wordcount>
    <wordcount weight="1" > chenopodium </wordcount>
    <wordcount weight="1" > comparatively </wordcount>
    <wordcount weight="1" > initial </wordcount>
    <wordcount weight="1" > fruitful </wordcount>
    <wordcount weight="1" > peat </wordcount>
    <wordcount weight="1" > disagreement </wordcount>
    <wordcount weight="1" > inherent </wordcount>
    <wordcount weight="1" > matured </wordcount>
    <wordcount weight="1" > here </wordcount>
    <wordcount weight="1" > established </wordcount>
    <wordcount weight="1" > coon </wordcount>
    <wordcount weight="1" > set </wordcount>
    <wordcount weight="1" > ont </wordcount>
    <wordcount weight="1" > uniformity </wordcount>
    <wordcount weight="1" > weighed </wordcount>
    <wordcount weight="1" > m </wordcount>
    <wordcount weight="1" > stated </wordcount>
    <wordcount weight="1" > forty </wordcount>
    <wordcount weight="1" > toward </wordcount>
    <wordcount weight="1" > again </wordcount>
    <wordcount weight="1" > weedy </wordcount>
    <wordcount weight="1" > similarly </wordcount>
    <wordcount weight="1" > nebraska </wordcount>
    <wordcount weight="1" > burlington </wordcount>
    <wordcount weight="1" > colonization </wordcount>
    <wordcount weight="1" > usually </wordcount>
    <wordcount weight="1" > proc </wordcount>
    <wordcount weight="1" > richland </wordcount>
    <wordcount weight="1" > gooding </wordcount>
    <wordcount weight="1" > greater </wordcount>
    <wordcount weight="1" > mcintosh </wordcount>
    <wordcount weight="1" > microclimate </wordcount>
    <wordcount weight="1" > sauk </wordcount>
    <wordcount weight="1" > paper </wordcount>
    <wordcount weight="1" > valencia </wordcount>
    <wordcount weight="1" > result </wordcount>
    <wordcount weight="1" > adaptation </wordcount>
    <wordcount weight="1" > december </wordcount>
    <wordcount weight="1" > longer </wordcount>
    <wordcount weight="1" > lack </wordcount>
    <wordcount weight="1" > sizes </wordcount>
    <wordcount weight="1" > s </wordcount>
    <wordcount weight="1" > consideration </wordcount>
    <wordcount weight="1" > trifolium </wordcount>
    <wordcount weight="1" > retroflexuis </wordcount>
    <wordcount weight="1" > treatment </wordcount>
    <wordcount weight="1" > could </wordcount>
    <wordcount weight="1" > occurrence </wordcount>
    <wordcount weight="1" > broken </wordcount>
    <wordcount weight="1" > minnesota </wordcount>
    <wordcount weight="1" > marion </wordcount>
    <wordcount weight="1" > genus </wordcount>
    <wordcount weight="1" > genecological </wordcount>
    <wordcount weight="1" > appeared </wordcount>
    <wordcount weight="1" > confusion </wordcount>
    <wordcount weight="1" > determines </wordcount>
    <wordcount weight="1" > abstract </wordcount>
    <wordcount weight="1" > thank </wordcount>
    <wordcount weight="1" > treatments </wordcount>
    <wordcount weight="1" > report </wordcount>
    <wordcount weight="1" > crop </wordcount>
    <wordcount weight="1" > proportional </wordcount>
    <wordcount weight="1" > desirable </wordcount>
    <wordcount weight="1" > embryo </wordcount>
    <wordcount weight="1" > pretense </wordcount>
    <wordcount weight="1" > refrigerator </wordcount>
    <wordcount weight="1" > monoecious </wordcount>
    <wordcount weight="1" > objectives </wordcount>
    <wordcount weight="1" > tucker </wordcount>
    <wordcount weight="1" > crosses </wordcount>
    <wordcount weight="1" > relation </wordcount>
    <wordcount weight="1" > linked </wordcount>
    <wordcount weight="1" > strasbourg </wordcount>
    <wordcount weight="1" > eschscholticia </wordcount>
    <wordcount weight="1" > pella </wordcount>
    <wordcount weight="1" > fallen </wordcount>
    <wordcount weight="1" > concludes </wordcount>
    <wordcount weight="1" > omitted </wordcount>
    <wordcount weight="1" > rica </wordcount>
    <wordcount weight="1" > except </wordcount>
    <wordcount weight="1" > hundred </wordcount>
    <wordcount weight="1" > associated </wordcount>
    <wordcount weight="1" > cultivation </wordcount>
    <wordcount weight="1" > take </wordcount>
    <wordcount weight="1" > amer </wordcount>
    <wordcount weight="1" > strobns </wordcount>
    <wordcount weight="1" > michiganearly </wordcount>
    <wordcount weight="1" > portsmouth </wordcount>
    <wordcount weight="1" > past </wordcount>
    <wordcount weight="1" > damage </wordcount>
    <wordcount weight="1" > germinationl </wordcount>
    <wordcount weight="1" > assessment </wordcount>
    <wordcount weight="1" > copious </wordcount>
    <wordcount weight="1" > advances </wordcount>
    <wordcount weight="1" > blotter </wordcount>
    <wordcount weight="1" > forms </wordcount>
    <wordcount weight="1" > evident </wordcount>
    <wordcount weight="1" > patterns </wordcount>
    <wordcount weight="1" > eseeds </wordcount>
    <wordcount weight="1" > arvensis </wordcount>
    <wordcount weight="1" > date </wordcount>
    <wordcount weight="1" > prove </wordcount>
    <wordcount weight="1" > greatly </wordcount>
    <wordcount weight="1" > believed </wordcount>
    <wordcount weight="1" > soc </wordcount>
    <wordcount weight="1" > ecotype </wordcount>
    <wordcount weight="1" > ground </wordcount>
    <wordcount weight="1" > madrono </wordcount>
    <wordcount weight="1" > though </wordcount>
    <wordcount weight="1" > increases </wordcount>
    <wordcount weight="1" > strobes </wordcount>
    <wordcount weight="1" > california </wordcount>
    <wordcount weight="1" > killed </wordcount>
    <wordcount weight="1" > eschscholtzia </wordcount>
    <wordcount weight="1" > ogle </wordcount>
    <wordcount weight="1" > minto </wordcount>
    <wordcount weight="1" > theodore </wordcount>
    <wordcount weight="1" > seedling </wordcount>
    <wordcount weight="1" > affected </wordcount>
    <wordcount weight="1" > olin </wordcount>
    <wordcount weight="1" > rctroflexits </wordcount>
    <wordcount weight="1" > breakearly </wordcount>
    <wordcount weight="1" > them </wordcount>
    <wordcount weight="1" > terms </wordcount>
    <wordcount weight="1" > population </wordcount>
    <wordcount weight="1" > southwestern </wordcount>
    <wordcount weight="1" > produced </wordcount>
    <wordcount weight="1" > denisen </wordcount>
    <wordcount weight="1" > less </wordcount>
    <wordcount weight="1" > webster </wordcount>
    <wordcount weight="1" > accounts </wordcount>
    <wordcount weight="1" > herbicide </wordcount>
    <wordcount weight="1" > character </wordcount>
    <wordcount weight="1" > otherwise </wordcount>
    <wordcount weight="1" > introductions </wordcount>
    <wordcount weight="1" > calhoun </wordcount>
    <wordcount weight="1" > agricultural </wordcount>
    <wordcount weight="1" > statement </wordcount>
    <wordcount weight="1" > dr </wordcount>
    <wordcount weight="1" > counties </wordcount>
    <wordcount weight="1" > subterranieuim </wordcount>
    <wordcount weight="1" > linear </wordcount>
    <wordcount weight="1" > roy </wordcount>
    <wordcount weight="1" > recorded </wordcount>
    <wordcount weight="1" > hamilton </wordcount>
    <wordcount weight="1" > subterraneum </wordcount>
    <wordcount weight="1" > dormant </wordcount>
    <wordcount weight="1" > near </wordcount>
    <wordcount weight="1" > bseeds </wordcount>
    <wordcount weight="1" > agriculture </wordcount>
    <wordcount weight="1" > thousands </wordcount>
    <wordcount weight="1" > localities </wordcount>
    <wordcount weight="1" > dark </wordcount>
    <wordcount weight="1" > well </wordcount>
    <wordcount weight="1" > remained </wordcount>
    <wordcount weight="1" > economics </wordcount>
    <wordcount weight="1" > having </wordcount>
    <wordcount weight="1" > emerange </wordcount>
    <wordcount weight="1" > balance </wordcount>
    <wordcount weight="1" > another </wordcount>
    <wordcount weight="1" > gardens </wordcount>
    <wordcount weight="1" > howard </wordcount>
    <wordcount weight="1" > bond </wordcount>
    <wordcount weight="1" > machinery </wordcount>
    <wordcount weight="1" > recommendations </wordcount>
    <wordcount weight="1" > used </wordcount>
    <wordcount weight="1" > aspects </wordcount>
    <wordcount weight="1" > discussion </wordcount>
    <wordcount weight="1" > averaged </wordcount>
    <wordcount weight="1" > mahaska </wordcount>
    <wordcount weight="1" > horticulture </wordcount>
    <wordcount weight="1" > mination </wordcount>
    <wordcount weight="1" > strains </wordcount>
    <wordcount weight="1" > received </wordcount>
    <wordcount weight="1" > treated </wordcount>
    <wordcount weight="1" > made </wordcount>
    <wordcount weight="1" > peoria </wordcount>
    <wordcount weight="1" > advantageous </wordcount>
    <wordcount weight="1" > occasionally </wordcount>
    <wordcount weight="1" > suggestion </wordcount>
    <wordcount weight="1" > ecologically </wordcount>
    <wordcount weight="1" > klosterneuburg </wordcount>
    <wordcount weight="1" > pathology </wordcount>
    <wordcount weight="1" > alone </wordcount>
    <wordcount weight="1" > exp </wordcount>
    <wordcount weight="1" > milford </wordcount>
    <wordcount weight="1" > desert </wordcount>
    <wordcount weight="1" > verifying </wordcount>
    <wordcount weight="1" > concept </wordcount>
    <wordcount weight="1" > apart </wordcount>
    <wordcount weight="1" > montrail </wordcount>
    <wordcount weight="1" > bell </wordcount>
    <wordcount weight="1" > lake </wordcount>
    <wordcount weight="1" > enter </wordcount>
    <wordcount weight="1" > purpose </wordcount>
    <wordcount weight="1" > city </wordcount>
    <wordcount weight="1" > indicating </wordcount>
    <wordcount weight="1" > reserve </wordcount>
    <wordcount weight="1" > cumberland </wordcount>
    <wordcount weight="1" > originating </wordcount>
    <wordcount weight="1" > proved </wordcount>
    <wordcount weight="1" > italy </wordcount>
    <wordcount weight="1" > due </wordcount>
    <wordcount weight="1" > role </wordcount>
    <wordcount weight="1" > november </wordcount>
    <wordcount weight="1" > samples </wordcount>
    <wordcount weight="1" > varying </wordcount>
    <wordcount weight="1" > holstein </wordcount>
    <wordcount weight="1" > minimum </wordcount>
    <wordcount weight="1" > keokuk </wordcount>
    <wordcount weight="1" > outliers </wordcount>
    <wordcount weight="1" > adapted </wordcount>
    <wordcount weight="1" > adry </wordcount>
    <wordcount weight="1" > genotype </wordcount>
    <wordcount weight="1" > hybridization </wordcount>
    <wordcount weight="1" > phylogenetic </wordcount>
    <wordcount weight="1" > assumption </wordcount>
    <wordcount weight="1" > during </wordcount>
    <wordcount weight="1" > place </wordcount>
    <wordcount weight="1" > botany </wordcount>
    <wordcount weight="1" > factor </wordcount>
    <wordcount weight="1" > tolerance </wordcount>
    <wordcount weight="1" > diversity </wordcount>
    <wordcount weight="1" > oak </wordcount>
    <wordcount weight="1" > density </wordcount>
    <wordcount weight="1" > vermont </wordcount>
    <wordcount weight="1" > bozeman </wordcount>
    <wordcount weight="1" > rows </wordcount>
    <wordcount weight="1" > saskatchewan </wordcount>
    <wordcount weight="1" > central </wordcount>
    <wordcount weight="1" > maturation </wordcount>
    <wordcount weight="1" > acad </wordcount>
    <wordcount weight="1" > laboratory </wordcount>
    <wordcount weight="1" > nov </wordcount>
    <wordcount weight="1" > webb </wordcount>
    <wordcount weight="1" > come </wordcount>
    <wordcount weight="1" > publication </wordcount>
    <wordcount weight="1" > per </wordcount>
    <wordcount weight="1" > previous </wordcount>
    <wordcount weight="1" > disadvantages </wordcount>
    <wordcount weight="1" > dependence </wordcount>
    <wordcount weight="1" > wild </wordcount>
    <wordcount weight="1" > advantages </wordcount>
    <wordcount weight="1" > winnepeg </wordcount>
    <wordcount weight="1" > southerly </wordcount>
    <wordcount weight="1" > photosynthetic </wordcount>
    <wordcount weight="1" > tendency </wordcount>
    <wordcount weight="1" > survival </wordcount>
    <wordcount weight="1" > project </wordcount>
    <wordcount weight="1" > genet </wordcount>
    <wordcount weight="1" > locations </wordcount>
    <wordcount weight="1" > such </wordcount>
    <wordcount weight="1" > years </wordcount>
    <wordcount weight="1" > significance </wordcount>
    <wordcount weight="1" > strongest </wordcount>
    <wordcount weight="1" > genetically </wordcount>
    <wordcount weight="1" > saskatoon </wordcount>
    <wordcount weight="1" > laboratories </wordcount>
    <wordcount weight="1" > october </wordcount>
    <wordcount weight="1" > t </wordcount>
    <wordcount weight="1" > ida </wordcount>
    <wordcount weight="1" > regions </wordcount>
    <wordcount weight="1" > stratification </wordcount>
    <wordcount weight="1" > utilize </wordcount>
    <wordcount weight="1" > arkansas </wordcount>
    <wordcount weight="1" > explanation </wordcount>
    <wordcount weight="1" > arzensis </wordcount>
    <wordcount weight="1" > swards </wordcount>
    <wordcount weight="1" > aberrant </wordcount>
    <wordcount weight="1" > modes </wordcount>
    <wordcount weight="1" > wish </wordcount>
    <wordcount weight="1" > relatively </wordcount>
    <wordcount weight="1" > ability </wordcount>
    <wordcount weight="1" > deals </wordcount>
    <wordcount weight="1" > although </wordcount>
    <wordcount weight="1" > adaptive </wordcount>
    <wordcount weight="1" > allowed </wordcount>
    <wordcount weight="1" > coggon </wordcount>
    <wordcount weight="1" > period </wordcount>
    <wordcount weight="1" > grandview </wordcount>
    <wordcount weight="1" > so </wordcount>
    <wordcount weight="1" > kandiyohi </wordcount>
    <wordcount weight="1" > cherokee </wordcount>
    <wordcount weight="1" > retroflexuts </wordcount>
    <wordcount weight="1" > emmet </wordcount>
    <wordcount weight="1" > smaller </wordcount>
    <wordcount weight="1" > chittenden </wordcount>
    <wordcount weight="1" > stage </wordcount>
    <wordcount weight="1" > interspecific </wordcount>
    <wordcount weight="1" > mexico </wordcount>
    <wordcount weight="1" > montana </wordcount>
    <wordcount weight="1" > france </wordcount>
    <wordcount weight="1" > vegetative </wordcount>
    <wordcount weight="1" > healy </wordcount>
    <wordcount weight="1" > counted </wordcount>
    <wordcount weight="1" > nipawin </wordcount>
    <wordcount weight="1" > carson </wordcount>
    <wordcount weight="1" > quite </wordcount>
    <wordcount weight="1" > cases </wordcount>
    <wordcount weight="1" > neodesha </wordcount>
    <wordcount weight="1" > union </wordcount>
    <wordcount weight="1" > madison </wordcount>
    <wordcount weight="1" > preconditioning </wordcount>
    <wordcount weight="1" > coffey </wordcount>
    <wordcount weight="1" > approximately </wordcount>
    <wordcount weight="1" > latter </wordcount>
    <wordcount weight="1" > better </wordcount>
    <wordcount weight="1" > dried </wordcount>
    <wordcount weight="1" > lillian </wordcount>
    <wordcount weight="1" > mitchell </wordcount>
    <wordcount weight="1" > oct </wordcount>
    <wordcount weight="1" > flora </wordcount>
    <wordcount weight="1" > californica </wordcount>
    <wordcount weight="1" > retroflexrus </wordcount>
    <wordcount weight="1" > mettler </wordcount>
    <wordcount weight="1" > conclusions </wordcount>
    <wordcount weight="1" > amount </wordcount>
    <wordcount weight="1" > disadvantage </wordcount>
    <wordcount weight="1" > fig </wordcount>
    <wordcount weight="1" > k </wordcount>
    <wordcount weight="1" > evolutionary </wordcount>
    <wordcount weight="1" > assumed </wordcount>
    <wordcount weight="1" > chambers </wordcount>
    <wordcount weight="1" > dispersability </wordcount>
    <wordcount weight="1" > viable </wordcount>
    <wordcount weight="1" > hvbridus </wordcount>
    <wordcount weight="1" > putative </wordcount>
    <wordcount weight="1" > suitable </wordcount>
    <wordcount weight="1" > chenopodiiunt </wordcount>
    <wordcount weight="1" > ainaranthlls </wordcount>
    <wordcount weight="1" > oz </wordcount>
    <wordcount weight="1" > joaquin </wordcount>
    <wordcount weight="1" > effect </wordcount>
    <wordcount weight="1" > tended </wordcount>
    <wordcount weight="1" > lucerne </wordcount>
    <wordcount weight="1" > mosquin </wordcount>
    <wordcount weight="1" > availability </wordcount>
    <wordcount weight="1" > ingham </wordcount>
    <wordcount weight="1" > warned </wordcount>
    <wordcount weight="1" > identifications </wordcount>
    <wordcount weight="1" > estarville </wordcount>
    <wordcount weight="1" > london </wordcount>
    <wordcount weight="1" > even </wordcount>
    <wordcount weight="1" > northwestern </wordcount>
    <wordcount weight="1" > story </wordcount>
    <wordcount weight="1" > dependent </wordcount>
    <wordcount weight="1" > look </wordcount>
    <wordcount weight="1" > results </wordcount>
    <wordcount weight="1" > oikos </wordcount>
    <wordcount weight="1" > cf </wordcount>
    <wordcount weight="1" > enivironmental </wordcount>
    <wordcount weight="1" > mature </wordcount>
    <wordcount weight="1" > among </wordcount>
    <wordcount weight="1" > apparently </wordcount>
    <wordcount weight="1" > production </wordcount>
    <wordcount weight="1" > taylor </wordcount>
    <wordcount weight="1" > burleigh </wordcount>
    <wordcount weight="1" > cosmopolitan </wordcount>
    <wordcount weight="1" > symp </wordcount>
    <wordcount weight="1" > value </wordcount>
    <wordcount weight="1" > jones </wordcount>
    <wordcount weight="1" > crawford </wordcount>
    <wordcount weight="1" > montane </wordcount>
    <wordcount weight="1" > lincoln </wordcount>
    <wordcount weight="1" > southeastern </wordcount>
    <wordcount weight="1" > stutsman </wordcount>
    <wordcount weight="1" > dates </wordcount>
    <wordcount weight="1" > lowest </wordcount>
    <wordcount weight="1" > race </wordcount>
    <wordcount weight="1" > competitive </wordcount>
    <wordcount weight="1" > trifolinin </wordcount>
    <wordcount weight="1" > invalid </wordcount>
    <wordcount weight="1" > row </wordcount>
    <wordcount weight="1" > increase </wordcount>
    <wordcount weight="1" > decreased </wordcount>
    <wordcount weight="1" > separate </wordcount>
    <wordcount weight="1" > intergeneric </wordcount>
    <wordcount weight="1" > leaf </wordcount>
</article>
