<?xml version="1.0" encoding="UTF-8"?>
<article id="10.2307/2439815" >
    <wordcount weight="172" > x </wordcount>
    <wordcount weight="149" > of </wordcount>
    <wordcount weight="112" > r </wordcount>
    <wordcount weight="109" > the </wordcount>
    <wordcount weight="96" > and </wordcount>
    <wordcount weight="95" > in </wordcount>
    <wordcount weight="41" > were </wordcount>
    <wordcount weight="41" > species </wordcount>
    <wordcount weight="37" > to </wordcount>
    <wordcount weight="35" > a </wordcount>
    <wordcount weight="34" > with </wordcount>
    <wordcount weight="32" > ruellia </wordcount>
    <wordcount weight="30" > hybrids </wordcount>
    <wordcount weight="29" > caroliniensis </wordcount>
    <wordcount weight="29" > fla </wordcount>
    <wordcount weight="29" > are </wordcount>
    <wordcount weight="27" > no </wordcount>
    <wordcount weight="26" > is </wordcount>
    <wordcount weight="22" > seeds </wordcount>
    <wordcount weight="21" > pk </wordcount>
    <wordcount weight="20" > as </wordcount>
    <wordcount weight="20" > was </wordcount>
    <wordcount weight="20" > occidentalis </wordcount>
    <wordcount weight="20" > be </wordcount>
    <wordcount weight="18" > or </wordcount>
    <wordcount weight="18" > for </wordcount>
    <wordcount weight="18" > pollen </wordcount>
    <wordcount weight="18" > humilis </wordcount>
    <wordcount weight="17" > from </wordcount>
    <wordcount weight="17" > brittoniana </wordcount>
    <wordcount weight="16" > drummondiana </wordcount>
    <wordcount weight="16" > sterile </wordcount>
    <wordcount weight="16" > homestead </wordcount>
    <wordcount weight="15" > south </wordcount>
    <wordcount weight="15" > on </wordcount>
    <wordcount weight="14" > macgregor </wordcount>
    <wordcount weight="14" > that </wordcount>
    <wordcount weight="14" > parental </wordcount>
    <wordcount weight="14" > flowers </wordcount>
    <wordcount weight="14" > pedunculata </wordcount>
    <wordcount weight="14" > hybrid </wordcount>
    <wordcount weight="13" > heteromorpha </wordcount>
    <wordcount weight="13" > squarrosa </wordcount>
    <wordcount weight="13" > plants </wordcount>
    <wordcount weight="13" > dallas </wordcount>
    <wordcount weight="13" > succulenta </wordcount>
    <wordcount weight="13" > interspecific </wordcount>
    <wordcount weight="12" > at </wordcount>
    <wordcount weight="12" > malacosperma </wordcount>
    <wordcount weight="12" > american </wordcount>
    <wordcount weight="12" > fairchild </wordcount>
    <wordcount weight="12" > seedlings </wordcount>
    <wordcount weight="12" > lake </wordcount>
    <wordcount weight="12" > vigorous </wordcount>
    <wordcount weight="12" > produced </wordcount>
    <wordcount weight="12" > brownsville </wordcount>
    <wordcount weight="12" > crosses </wordcount>
    <wordcount weight="12" > between </wordcount>
    <wordcount weight="11" > capsule </wordcount>
    <wordcount weight="11" > j </wordcount>
    <wordcount weight="11" > plump </wordcount>
    <wordcount weight="11" > mante </wordcount>
    <wordcount weight="11" > city </wordcount>
    <wordcount weight="11" > queens </wordcount>
    <wordcount weight="11" > texas </wordcount>
    <wordcount weight="10" > it </wordcount>
    <wordcount weight="10" > per </wordcount>
    <wordcount weight="10" > miami </wordcount>
    <wordcount weight="10" > table </wordcount>
    <wordcount weight="10" > taxa </wordcount>
    <wordcount weight="10" > ciliosa </wordcount>
    <wordcount weight="10" > hybridization </wordcount>
    <wordcount weight="10" > pinetorum </wordcount>
    <wordcount weight="9" > reduced </wordcount>
    <wordcount weight="9" > one </wordcount>
    <wordcount weight="9" > vigor </wordcount>
    <wordcount weight="9" > stamens </wordcount>
    <wordcount weight="9" > other </wordcount>
    <wordcount weight="9" > artificial </wordcount>
    <wordcount weight="9" > convergent </wordcount>
    <wordcount weight="8" > partially </wordcount>
    <wordcount weight="8" > weak </wordcount>
    <wordcount weight="8" > but </wordcount>
    <wordcount weight="8" > long </wordcount>
    <wordcount weight="8" > representative </wordcount>
    <wordcount weight="8" > hammock </wordcount>
    <wordcount weight="8" > dade </wordcount>
    <wordcount weight="8" > conway </wordcount>
    <wordcount weight="8" > died </wordcount>
    <wordcount weight="8" > seed </wordcount>
    <wordcount weight="7" > sect </wordcount>
    <wordcount weight="7" > chattahoochee </wordcount>
    <wordcount weight="7" > fertility </wordcount>
    <wordcount weight="7" > into </wordcount>
    <wordcount weight="7" > salado </wordcount>
    <wordcount weight="7" > these </wordcount>
    <wordcount weight="7" > pollinations </wordcount>
    <wordcount weight="7" > all </wordcount>
    <wordcount weight="7" > different </wordcount>
    <wordcount weight="7" > germination </wordcount>
    <wordcount weight="7" > amer </wordcount>
    <wordcount weight="7" > made </wordcount>
    <wordcount weight="7" > chromosomes </wordcount>
    <wordcount weight="7" > morphologically </wordcount>
    <wordcount weight="7" > obtained </wordcount>
    <wordcount weight="7" > shortly </wordcount>
    <wordcount weight="7" > hybridizations </wordcount>
    <wordcount weight="7" > north </wordcount>
    <wordcount weight="7" > cross </wordcount>
    <wordcount weight="6" > may </wordcount>
    <wordcount weight="6" > hill </wordcount>
    <wordcount weight="6" > not </wordcount>
    <wordcount weight="6" > station </wordcount>
    <wordcount weight="6" > by </wordcount>
    <wordcount weight="6" > ochopee </wordcount>
    <wordcount weight="6" > capsules </wordcount>
    <wordcount weight="6" > only </wordcount>
    <wordcount weight="6" > sections </wordcount>
    <wordcount weight="6" > austin </wordcount>
    <wordcount weight="6" > loop </wordcount>
    <wordcount weight="6" > i </wordcount>
    <wordcount weight="6" > state </wordcount>
    <wordcount weight="6" > floral </wordcount>
    <wordcount weight="6" > road </wordcount>
    <wordcount weight="6" > bird </wordcount>
    <wordcount weight="6" > number </wordcount>
    <wordcount weight="6" > lampasas </wordcount>
    <wordcount weight="6" > used </wordcount>
    <wordcount weight="6" > genetic </wordcount>
    <wordcount weight="6" > botany </wordcount>
    <wordcount weight="6" > bot </wordcount>
    <wordcount weight="6" > brooksville </wordcount>
    <wordcount weight="6" > relationships </wordcount>
    <wordcount weight="6" > this </wordcount>
    <wordcount weight="6" > monroe </wordcount>
    <wordcount weight="6" > taxonomic </wordcount>
    <wordcount weight="6" > jewel </wordcount>
    <wordcount weight="6" > highly </wordcount>
    <wordcount weight="6" > using </wordcount>
    <wordcount weight="6" > observed </wordcount>
    <wordcount weight="6" > deer </wordcount>
    <wordcount weight="5" > failed </wordcount>
    <wordcount weight="5" > huntington </wordcount>
    <wordcount weight="5" > dipteracanthus </wordcount>
    <wordcount weight="5" > fertile </wordcount>
    <wordcount weight="5" > if </wordcount>
    <wordcount weight="5" > va </wordcount>
    <wordcount weight="5" > nolensville </wordcount>
    <wordcount weight="5" > wolf </wordcount>
    <wordcount weight="5" > before </wordcount>
    <wordcount weight="5" > observations </wordcount>
    <wordcount weight="5" > four </wordcount>
    <wordcount weight="5" > glades </wordcount>
    <wordcount weight="5" > experiments </wordcount>
    <wordcount weight="5" > cultures </wordcount>
    <wordcount weight="5" > micronuclei </wordcount>
    <wordcount weight="5" > creek </wordcount>
    <wordcount weight="5" > physiruellia </wordcount>
    <wordcount weight="5" > where </wordcount>
    <wordcount weight="5" > ecospecies </wordcount>
    <wordcount weight="5" > woden </wordcount>
    <wordcount weight="5" > lecanto </wordcount>
    <wordcount weight="5" > would </wordcount>
    <wordcount weight="5" > meiotic </wordcount>
    <wordcount weight="5" > evidence </wordcount>
    <wordcount weight="5" > plant </wordcount>
    <wordcount weight="5" > blandy </wordcount>
    <wordcount weight="5" > after </wordcount>
    <wordcount weight="5" > few </wordcount>
    <wordcount weight="5" > journal </wordcount>
    <wordcount weight="5" > corolla </wordcount>
    <wordcount weight="5" > dam </wordcount>
    <wordcount weight="5" > cenospecies </wordcount>
    <wordcount weight="4" > f </wordcount>
    <wordcount weight="4" > chains </wordcount>
    <wordcount weight="4" > populations </wordcount>
    <wordcount weight="4" > cytogenetic </wordcount>
    <wordcount weight="4" > spp </wordcount>
    <wordcount weight="4" > tropical </wordcount>
    <wordcount weight="4" > univ </wordcount>
    <wordcount weight="4" > gainesville </wordcount>
    <wordcount weight="4" > lawrence </wordcount>
    <wordcount weight="4" > they </wordcount>
    <wordcount weight="4" > similar </wordcount>
    <wordcount weight="4" > certain </wordcount>
    <wordcount weight="4" > their </wordcount>
    <wordcount weight="4" > flowering </wordcount>
    <wordcount weight="4" > completely </wordcount>
    <wordcount weight="4" > numbers </wordcount>
    <wordcount weight="4" > anaphase </wordcount>
    <wordcount weight="4" > maturity </wordcount>
    <wordcount weight="4" > zygomorphic </wordcount>
    <wordcount weight="4" > w </wordcount>
    <wordcount weight="4" > hancock </wordcount>
    <wordcount weight="4" > noted </wordcount>
    <wordcount weight="4" > seminole </wordcount>
    <wordcount weight="4" > charles </wordcount>
    <wordcount weight="4" > an </wordcount>
    <wordcount weight="4" > sterility </wordcount>
    <wordcount weight="4" > been </wordcount>
    <wordcount weight="4" > cedar </wordcount>
    <wordcount weight="4" > acanthaceae </wordcount>
    <wordcount weight="4" > arcadia </wordcount>
    <wordcount weight="4" > variation </wordcount>
    <wordcount weight="4" > present </wordcount>
    <wordcount weight="4" > within </wordcount>
    <wordcount weight="4" > basis </wordcount>
    <wordcount weight="4" > data </wordcount>
    <wordcount weight="4" > viability </wordcount>
    <wordcount weight="4" > decumbent </wordcount>
    <wordcount weight="4" > euruellia </wordcount>
    <wordcount weight="4" > range </wordcount>
    <wordcount weight="4" > parents </wordcount>
    <wordcount weight="4" > two </wordcount>
    <wordcount weight="4" > citrus </wordcount>
    <wordcount weight="4" > during </wordcount>
    <wordcount weight="4" > greenhouse </wordcount>
    <wordcount weight="4" > which </wordcount>
    <wordcount weight="4" > pine </wordcount>
    <wordcount weight="4" > formation </wordcount>
    <wordcount weight="4" > aborted </wordcount>
    <wordcount weight="4" > have </wordcount>
    <wordcount weight="4" > numerous </wordcount>
    <wordcount weight="4" > g </wordcount>
    <wordcount weight="4" > sp </wordcount>
    <wordcount weight="4" > least </wordcount>
    <wordcount weight="4" > include </wordcount>
    <wordcount weight="4" > although </wordcount>
    <wordcount weight="4" > vegetative </wordcount>
    <wordcount weight="4" > small </wordcount>
    <wordcount weight="4" > buds </wordcount>
    <wordcount weight="4" > fig </wordcount>
    <wordcount weight="4" > c </wordcount>
    <wordcount weight="4" > intersectional </wordcount>
    <wordcount weight="4" > avg </wordcount>
    <wordcount weight="4" > blue </wordcount>
    <wordcount weight="4" > divergent </wordcount>
    <wordcount weight="4" > results </wordcount>
    <wordcount weight="4" > apparently </wordcount>
    <wordcount weight="4" > crossability </wordcount>
    <wordcount weight="3" > chromosome </wordcount>
    <wordcount weight="3" > related </wordcount>
    <wordcount weight="3" > york </wordcount>
    <wordcount weight="3" > m </wordcount>
    <wordcount weight="3" > his </wordcount>
    <wordcount weight="3" > l </wordcount>
    <wordcount weight="3" > usually </wordcount>
    <wordcount weight="3" > separation </wordcount>
    <wordcount weight="3" > h </wordcount>
    <wordcount weight="3" > cells </wordcount>
    <wordcount weight="3" > e </wordcount>
    <wordcount weight="3" > church </wordcount>
    <wordcount weight="3" > leaves </wordcount>
    <wordcount weight="3" > often </wordcount>
    <wordcount weight="3" > evolution </wordcount>
    <wordcount weight="3" > chinsegut </wordcount>
    <wordcount weight="3" > when </wordcount>
    <wordcount weight="3" > studies </wordcount>
    <wordcount weight="3" > park </wordcount>
    <wordcount weight="3" > key </wordcount>
    <wordcount weight="3" > contained </wordcount>
    <wordcount weight="3" > variable </wordcount>
    <wordcount weight="3" > culture </wordcount>
    <wordcount weight="3" > same </wordcount>
    <wordcount weight="3" > n </wordcount>
    <wordcount weight="3" > traces </wordcount>
    <wordcount weight="3" > experimental </wordcount>
    <wordcount weight="3" > most </wordcount>
    <wordcount weight="3" > hernando </wordcount>
    <wordcount weight="3" > generally </wordcount>
    <wordcount weight="3" > more </wordcount>
    <wordcount weight="3" > precocious </wordcount>
    <wordcount weight="3" > over </wordcount>
    <wordcount weight="3" > germinated </wordcount>
    <wordcount weight="3" > readily </wordcount>
    <wordcount weight="3" > based </wordcount>
    <wordcount weight="3" > s </wordcount>
    <wordcount weight="3" > frostproof </wordcount>
    <wordcount weight="3" > treatment </wordcount>
    <wordcount weight="3" > available </wordcount>
    <wordcount weight="3" > ft </wordcount>
    <wordcount weight="3" > genus </wordcount>
    <wordcount weight="3" > emergence </wordcount>
    <wordcount weight="3" > differences </wordcount>
    <wordcount weight="3" > p </wordcount>
    <wordcount weight="3" > combinations </wordcount>
    <wordcount weight="3" > inviable </wordcount>
    <wordcount weight="3" > crossed </wordcount>
    <wordcount weight="3" > glabrous </wordcount>
    <wordcount weight="3" > classified </wordcount>
    <wordcount weight="3" > investigation </wordcount>
    <wordcount weight="3" > fruit </wordcount>
    <wordcount weight="3" > owing </wordcount>
    <wordcount weight="3" > has </wordcount>
    <wordcount weight="3" > because </wordcount>
    <wordcount weight="3" > subtropical </wordcount>
    <wordcount weight="3" > polytypic </wordcount>
    <wordcount weight="3" > some </wordcount>
    <wordcount weight="3" > presented </wordcount>
    <wordcount weight="3" > island </wordcount>
    <wordcount weight="3" > ripplemead </wordcount>
    <wordcount weight="3" > relative </wordcount>
    <wordcount weight="3" > morphological </wordcount>
    <wordcount weight="3" > brittonia </wordcount>
    <wordcount weight="3" > d </wordcount>
    <wordcount weight="3" > cold </wordcount>
    <wordcount weight="3" > approximately </wordcount>
    <wordcount weight="3" > compatibility </wordcount>
    <wordcount weight="3" > chapel </wordcount>
    <wordcount weight="3" > hebron </wordcount>
    <wordcount weight="3" > can </wordcount>
    <wordcount weight="3" > fully </wordcount>
    <wordcount weight="3" > those </wordcount>
    <wordcount weight="3" > florida </wordcount>
    <wordcount weight="3" > biosystematic </wordcount>
    <wordcount weight="3" > bivalents </wordcount>
    <wordcount weight="3" > labelle </wordcount>
    <wordcount weight="2" > farm </wordcount>
    <wordcount weight="2" > difficult </wordcount>
    <wordcount weight="2" > will </wordcount>
    <wordcount weight="2" > does </wordcount>
    <wordcount weight="2" > whose </wordcount>
    <wordcount weight="2" > flower </wordcount>
    <wordcount weight="2" > higher </wordcount>
    <wordcount weight="2" > phil </wordcount>
    <wordcount weight="2" > cent </wordcount>
    <wordcount weight="2" > dipteracanthi </wordcount>
    <wordcount weight="2" > short </wordcount>
    <wordcount weight="2" > seedling </wordcount>
    <wordcount weight="2" > morphology </wordcount>
    <wordcount weight="2" > coussin </wordcount>
    <wordcount weight="2" > resulted </wordcount>
    <wordcount weight="2" > leon </wordcount>
    <wordcount weight="2" > anther </wordcount>
    <wordcount weight="2" > garden </wordcount>
    <wordcount weight="2" > b </wordcount>
    <wordcount weight="2" > drawings </wordcount>
    <wordcount weight="2" > group </wordcount>
    <wordcount weight="2" > pollinaplump </wordcount>
    <wordcount weight="2" > relationship </wordcount>
    <wordcount weight="2" > charlottesville </wordcount>
    <wordcount weight="2" > chasmogamic </wordcount>
    <wordcount weight="2" > tallahassee </wordcount>
    <wordcount weight="2" > each </wordcount>
    <wordcount weight="2" > months </wordcount>
    <wordcount weight="2" > instances </wordcount>
    <wordcount weight="2" > considered </wordcount>
    <wordcount weight="2" > university </wordcount>
    <wordcount weight="2" > thonotosassa </wordcount>
    <wordcount weight="2" > any </wordcount>
    <wordcount weight="2" > k </wordcount>
    <wordcount weight="2" > performed </wordcount>
    <wordcount weight="2" > nine </wordcount>
    <wordcount weight="2" > source </wordcount>
    <wordcount weight="2" > indian </wordcount>
    <wordcount weight="2" > without </wordcount>
    <wordcount weight="2" > must </wordcount>
    <wordcount weight="2" > extensive </wordcount>
    <wordcount weight="2" > first </wordcount>
    <wordcount weight="2" > gave </wordcount>
    <wordcount weight="2" > nacogdoches </wordcount>
    <wordcount weight="2" > plates </wordcount>
    <wordcount weight="2" > text </wordcount>
    <wordcount weight="2" > endemic </wordcount>
    <wordcount weight="2" > attempts </wordcount>
    <wordcount weight="2" > intermediate </wordcount>
    <wordcount weight="2" > appear </wordcount>
    <wordcount weight="2" > hardiness </wordcount>
    <wordcount weight="2" > similarly </wordcount>
    <wordcount weight="2" > bushy </wordcount>
    <wordcount weight="2" > many </wordcount>
    <wordcount weight="2" > lucida </wordcount>
    <wordcount weight="2" > head </wordcount>
    <wordcount weight="2" > could </wordcount>
    <wordcount weight="2" > comments </wordcount>
    <wordcount weight="2" > ph </wordcount>
    <wordcount weight="2" > genecological </wordcount>
    <wordcount weight="2" > gray </wordcount>
    <wordcount weight="2" > fernald </wordcount>
    <wordcount weight="2" > while </wordcount>
    <wordcount weight="2" > camera </wordcount>
    <wordcount weight="2" > davidson </wordcount>
    <wordcount weight="2" > miles </wordcount>
    <wordcount weight="2" > further </wordcount>
    <wordcount weight="2" > do </wordcount>
    <wordcount weight="2" > stigmas </wordcount>
    <wordcount weight="2" > investigations </wordcount>
    <wordcount weight="2" > report </wordcount>
    <wordcount weight="2" > nating </wordcount>
    <wordcount weight="2" > material </wordcount>
    <wordcount weight="2" > crystal </wordcount>
    <wordcount weight="2" > branched </wordcount>
    <wordcount weight="2" > distribution </wordcount>
    <wordcount weight="2" > unbranched </wordcount>
    <wordcount weight="2" > degree </wordcount>
    <wordcount weight="2" > produce </wordcount>
    <wordcount weight="2" > lagging </wordcount>
    <wordcount weight="2" > monticello </wordcount>
    <wordcount weight="2" > xr </wordcount>
    <wordcount weight="2" > characters </wordcount>
    <wordcount weight="2" > exp </wordcount>
    <wordcount weight="2" > ill </wordcount>
    <wordcount weight="2" > collier </wordcount>
    <wordcount weight="2" > reported </wordcount>
    <wordcount weight="2" > bell </wordcount>
    <wordcount weight="2" > except </wordcount>
    <wordcount weight="2" > very </wordcount>
    <wordcount weight="2" > river </wordcount>
    <wordcount weight="2" > unpaired </wordcount>
    <wordcount weight="2" > show </wordcount>
    <wordcount weight="2" > soc </wordcount>
    <wordcount weight="2" > apparent </wordcount>
    <wordcount weight="2" > develop </wordcount>
    <wordcount weight="2" > sl </wordcount>
    <wordcount weight="2" > significant </wordcount>
    <wordcount weight="2" > telophase </wordcount>
    <wordcount weight="2" > germitions </wordcount>
    <wordcount weight="2" > maintained </wordcount>
    <wordcount weight="2" > being </wordcount>
    <wordcount weight="2" > winter </wordcount>
    <wordcount weight="2" > thus </wordcount>
    <wordcount weight="2" > dominant </wordcount>
    <wordcount weight="2" > described </wordcount>
    <wordcount weight="2" > development </wordcount>
    <wordcount weight="2" > both </wordcount>
    <wordcount weight="2" > since </wordcount>
    <wordcount weight="2" > there </wordcount>
    <wordcount weight="2" > three </wordcount>
    <wordcount weight="2" > grant </wordcount>
    <wordcount weight="2" > new </wordcount>
    <wordcount weight="2" > explanation </wordcount>
    <wordcount weight="2" > percentages </wordcount>
    <wordcount weight="2" > nondisjunction </wordcount>
    <wordcount weight="2" > general </wordcount>
    <wordcount weight="2" > occurs </wordcount>
    <wordcount weight="2" > correlated </wordcount>
    <wordcount weight="2" > expected </wordcount>
    <wordcount weight="2" > tenn </wordcount>
    <wordcount weight="2" > estimates </wordcount>
    <wordcount weight="2" > involved </wordcount>
    <wordcount weight="2" > irregularities </wordcount>
    <wordcount weight="2" > study </wordcount>
    <wordcount weight="2" > evolutionary </wordcount>
    <wordcount weight="2" > normal </wordcount>
    <wordcount weight="2" > difficulty </wordcount>
    <wordcount weight="2" > research </wordcount>
    <wordcount weight="2" > geographical </wordcount>
    <wordcount weight="2" > yielded </wordcount>
    <wordcount weight="2" > cleistogamic </wordcount>
    <wordcount weight="2" > lindau </wordcount>
    <wordcount weight="2" > y </wordcount>
    <wordcount weight="2" > probably </wordcount>
    <wordcount weight="2" > also </wordcount>
    <wordcount weight="2" > given </wordcount>
    <wordcount weight="2" > mature </wordcount>
    <wordcount weight="2" > hirsute </wordcount>
    <wordcount weight="2" > notes </wordcount>
    <wordcount weight="2" > stigma </wordcount>
    <wordcount weight="1" > alachua </wordcount>
    <wordcount weight="1" > problem </wordcount>
    <wordcount weight="1" > drier </wordcount>
    <wordcount weight="1" > carried </wordcount>
    <wordcount weight="1" > tetrazolium </wordcount>
    <wordcount weight="1" > mechanisms </wordcount>
    <wordcount weight="1" > cameron </wordcount>
    <wordcount weight="1" > scored </wordcount>
    <wordcount weight="1" > now </wordcount>
    <wordcount weight="1" > peduncutata </wordcount>
    <wordcount weight="1" > polk </wordcount>
    <wordcount weight="1" > cytochemical </wordcount>
    <wordcount weight="1" > he </wordcount>
    <wordcount weight="1" > states </wordcount>
    <wordcount weight="1" > respect </wordcount>
    <wordcount weight="1" > imply </wordcount>
    <wordcount weight="1" > compares </wordcount>
    <wordcount weight="1" > o </wordcount>
    <wordcount weight="1" > done </wordcount>
    <wordcount weight="1" > actinomorphic </wordcount>
    <wordcount weight="1" > stems </wordcount>
    <wordcount weight="1" > compelling </wordcount>
    <wordcount weight="1" > composed </wordcount>
    <wordcount weight="1" > complex </wordcount>
    <wordcount weight="1" > cytotaxonomic </wordcount>
    <wordcount weight="1" > detected </wordcount>
    <wordcount weight="1" > steud </wordcount>
    <wordcount weight="1" > materials </wordcount>
    <wordcount weight="1" > microsporocytes </wordcount>
    <wordcount weight="1" > acid </wordcount>
    <wordcount weight="1" > always </wordcount>
    <wordcount weight="1" > oin </wordcount>
    <wordcount weight="1" > continued </wordcount>
    <wordcount weight="1" > science </wordcount>
    <wordcount weight="1" > ecological </wordcount>
    <wordcount weight="1" > five </wordcount>
    <wordcount weight="1" > bremekamp </wordcount>
    <wordcount weight="1" > asymmetric </wordcount>
    <wordcount weight="1" > taxonomy </wordcount>
    <wordcount weight="1" > morrison </wordcount>
    <wordcount weight="1" > designated </wordcount>
    <wordcount weight="1" > blandv </wordcount>
    <wordcount weight="1" > result </wordcount>
    <wordcount weight="1" > microsporogenesis </wordcount>
    <wordcount weight="1" > biotypes </wordcount>
    <wordcount weight="1" > judging </wordcount>
    <wordcount weight="1" > genecology </wordcount>
    <wordcount weight="1" > appreciation </wordcount>
    <wordcount weight="1" > harris </wordcount>
    <wordcount weight="1" > stainability </wordcount>
    <wordcount weight="1" > nearly </wordcount>
    <wordcount weight="1" > determine </wordcount>
    <wordcount weight="1" > bags </wordcount>
    <wordcount weight="1" > presentation </wordcount>
    <wordcount weight="1" > exception </wordcount>
    <wordcount weight="1" > applicator </wordcount>
    <wordcount weight="1" > object </wordcount>
    <wordcount weight="1" > ea </wordcount>
    <wordcount weight="1" > allen </wordcount>
    <wordcount weight="1" > extends </wordcount>
    <wordcount weight="1" > strongly </wordcount>
    <wordcount weight="1" > cultivar </wordcount>
    <wordcount weight="1" > form </wordcount>
    <wordcount weight="1" > stainable </wordcount>
    <wordcount weight="1" > indicates </wordcount>
    <wordcount weight="1" > crossing </wordcount>
    <wordcount weight="1" > eight </wordcount>
    <wordcount weight="1" > contribution </wordcount>
    <wordcount weight="1" > ex </wordcount>
    <wordcount weight="1" > large </wordcount>
    <wordcount weight="1" > ii </wordcount>
    <wordcount weight="1" > proc </wordcount>
    <wordcount weight="1" > xhomestead </wordcount>
    <wordcount weight="1" > parts </wordcount>
    <wordcount weight="1" > judged </wordcount>
    <wordcount weight="1" > assuming </wordcount>
    <wordcount weight="1" > pinetoruml </wordcount>
    <wordcount weight="1" > herbarium </wordcount>
    <wordcount weight="1" > standard </wordcount>
    <wordcount weight="1" > wetenschap </wordcount>
    <wordcount weight="1" > united </wordcount>
    <wordcount weight="1" > formed </wordcount>
    <wordcount weight="1" > humil </wordcount>
    <wordcount weight="1" > factors </wordcount>
    <wordcount weight="1" > habitats </wordcount>
    <wordcount weight="1" > tetrad </wordcount>
    <wordcount weight="1" > cellophane </wordcount>
    <wordcount weight="1" > dyschoriste </wordcount>
    <wordcount weight="1" > exists </wordcount>
    <wordcount weight="1" > means </wordcount>
    <wordcount weight="1" > examined </wordcount>
    <wordcount weight="1" > mrs </wordcount>
    <wordcount weight="1" > sown </wordcount>
    <wordcount weight="1" > easily </wordcount>
    <wordcount weight="1" > teil </wordcount>
    <wordcount weight="1" > alcoholglacial </wordcount>
    <wordcount weight="1" > discernible </wordcount>
    <wordcount weight="1" > collections </wordcount>
    <wordcount weight="1" > nor </wordcount>
    <wordcount weight="1" > corollas </wordcount>
    <wordcount weight="1" > t </wordcount>
    <wordcount weight="1" > groups </wordcount>
    <wordcount weight="1" > fifth </wordcount>
    <wordcount weight="1" > trace </wordcount>
    <wordcount weight="1" > pollinated </wordcount>
    <wordcount weight="1" > detail </wordcount>
    <wordcount weight="1" > orange </wordcount>
    <wordcount weight="1" > horry </wordcount>
    <wordcount weight="1" > classification </wordcount>
    <wordcount weight="1" > western </wordcount>
    <wordcount weight="1" > dissertation </wordcount>
    <wordcount weight="1" > index </wordcount>
    <wordcount weight="1" > differentiated </wordcount>
    <wordcount weight="1" > clinton </wordcount>
    <wordcount weight="1" > translocation </wordcount>
    <wordcount weight="1" > familiar </wordcount>
    <wordcount weight="1" > aniline </wordcount>
    <wordcount weight="1" > hillsborough </wordcount>
    <wordcount weight="1" > grains </wordcount>
    <wordcount weight="1" > occurred </wordcount>
    <wordcount weight="1" > then </wordcount>
    <wordcount weight="1" > coverings </wordcount>
    <wordcount weight="1" > paper </wordcount>
    <wordcount weight="1" > largest </wordcount>
    <wordcount weight="1" > proved </wordcount>
    <wordcount weight="1" > elsewhere </wordcount>
    <wordcount weight="1" > pots </wordcount>
    <wordcount weight="1" > lak </wordcount>
    <wordcount weight="1" > abteilung </wordcount>
    <wordcount weight="1" > ky </wordcount>
    <wordcount weight="1" > invariably </wordcount>
    <wordcount weight="1" > unsuccessful </wordcount>
    <wordcount weight="1" > series </wordcount>
    <wordcount weight="1" > anid </wordcount>
    <wordcount weight="1" > doubtless </wordcount>
    <wordcount weight="1" > leipzig </wordcount>
    <wordcount weight="1" > charlescity </wordcount>
    <wordcount weight="1" > ial </wordcount>
    <wordcount weight="1" > actinomorphy </wordcount>
    <wordcount weight="1" > polyploidy </wordcount>
    <wordcount weight="1" > disturbances </wordcount>
    <wordcount weight="1" > lbve </wordcount>
    <wordcount weight="1" > burdett </wordcount>
    <wordcount weight="1" > department </wordcount>
    <wordcount weight="1" > commonly </wordcount>
    <wordcount weight="1" > included </wordcount>
    <wordcount weight="1" > clarifying </wordcount>
    <wordcount weight="1" > occidentatis </wordcount>
    <wordcount weight="1" > heteromnorpha </wordcount>
    <wordcount weight="1" > known </wordcount>
    <wordcount weight="1" > confined </wordcount>
    <wordcount weight="1" > poor </wordcount>
    <wordcount weight="1" > indicate </wordcount>
    <wordcount weight="1" > satisfactory </wordcount>
    <wordcount weight="1" > comparisons </wordcount>
    <wordcount weight="1" > hilisborough </wordcount>
    <wordcount weight="1" > barriers </wordcount>
    <wordcount weight="1" > tharp </wordcount>
    <wordcount weight="1" > members </wordcount>
    <wordcount weight="1" > intentional </wordcount>
    <wordcount weight="1" > mixture </wordcount>
    <wordcount weight="1" > problems </wordcount>
    <wordcount weight="1" > terminology </wordcount>
    <wordcount weight="1" > diakinesis </wordcount>
    <wordcount weight="1" > majority </wordcount>
    <wordcount weight="1" > production </wordcount>
    <wordcount weight="1" > tetrads </wordcount>
    <wordcount weight="1" > specimens </wordcount>
    <wordcount weight="1" > set </wordcount>
    <wordcount weight="1" > nmalacosperma </wordcount>
    <wordcount weight="1" > regarding </wordcount>
    <wordcount weight="1" > taken </wordcount>
    <wordcount weight="1" > important </wordcount>
    <wordcount weight="1" > warmer </wordcount>
    <wordcount weight="1" > rapid </wordcount>
    <wordcount weight="1" > hum </wordcount>
    <wordcount weight="1" > view </wordcount>
    <wordcount weight="1" > nudiflora </wordcount>
    <wordcount weight="1" > ghiesbrechtiana </wordcount>
    <wordcount weight="1" > netorum </wordcount>
    <wordcount weight="1" > usefulness </wordcount>
    <wordcount weight="1" > reduction </wordcount>
    <wordcount weight="1" > bearing </wordcount>
    <wordcount weight="1" > fvol </wordcount>
    <wordcount weight="1" > intraspecific </wordcount>
    <wordcount weight="1" > had </wordcount>
    <wordcount weight="1" > reddish </wordcount>
    <wordcount weight="1" > ili </wordcount>
    <wordcount weight="1" > deficient </wordcount>
    <wordcount weight="1" > closely </wordcount>
    <wordcount weight="1" > my </wordcount>
    <wordcount weight="1" > fact </wordcount>
    <wordcount weight="1" > expanding </wordcount>
    <wordcount weight="1" > lack </wordcount>
    <wordcount weight="1" > treated </wordcount>
    <wordcount weight="1" > effecting </wordcount>
    <wordcount weight="1" > columbia </wordcount>
    <wordcount weight="1" > miaterials </wordcount>
    <wordcount weight="1" > crossinlg </wordcount>
    <wordcount weight="1" > ecospeceis </wordcount>
    <wordcount weight="1" > leading </wordcount>
    <wordcount weight="1" > occurrence </wordcount>
    <wordcount weight="1" > java </wordcount>
    <wordcount weight="1" > tending </wordcount>
    <wordcount weight="1" > monograph </wordcount>
    <wordcount weight="1" > appearance </wordcount>
    <wordcount weight="1" > confusion </wordcount>
    <wordcount weight="1" > typical </wordcount>
    <wordcount weight="1" > presence </wordcount>
    <wordcount weight="1" > morphologicaly </wordcount>
    <wordcount weight="1" > cell </wordcount>
    <wordcount weight="1" > bowden </wordcount>
    <wordcount weight="1" > ecotypes </wordcount>
    <wordcount weight="1" > amsterdam </wordcount>
    <wordcount weight="1" > choice </wordcount>
    <wordcount weight="1" > tuberosa </wordcount>
    <wordcount weight="1" > groupings </wordcount>
    <wordcount weight="1" > time </wordcount>
    <wordcount weight="1" > seven </wordcount>
    <wordcount weight="1" > conspicuous </wordcount>
    <wordcount weight="1" > out </wordcount>
    <wordcount weight="1" > studied </wordcount>
    <wordcount weight="1" > become </wordcount>
    <wordcount weight="1" > ephemeral </wordcount>
    <wordcount weight="1" > squtarrosa </wordcount>
    <wordcount weight="1" > clearly </wordcount>
    <wordcount weight="1" > cornell </wordcount>
    <wordcount weight="1" > pigmentation </wordcount>
    <wordcount weight="1" > germinable </wordcount>
    <wordcount weight="1" > breakdown </wordcount>
    <wordcount weight="1" > gadsden </wordcount>
    <wordcount weight="1" > shaded </wordcount>
    <wordcount weight="1" > accession </wordcount>
    <wordcount weight="1" > separating </wordcount>
    <wordcount weight="1" > resulting </wordcount>
    <wordcount weight="1" > torr </wordcount>
    <wordcount weight="1" > considerable </wordcount>
    <wordcount weight="1" > nitro </wordcount>
    <wordcount weight="1" > pairing </wordcount>
    <wordcount weight="1" > essentially </wordcount>
    <wordcount weight="1" > habit </wordcount>
    <wordcount weight="1" > amidwest </wordcount>
    <wordcount weight="1" > mass </wordcount>
    <wordcount weight="1" > fresh </wordcount>
    <wordcount weight="1" > fragments </wordcount>
    <wordcount weight="1" > nonstainable </wordcount>
    <wordcount weight="1" > succutenta </wordcount>
    <wordcount weight="1" > travis </wordcount>
    <wordcount weight="1" > silenes </wordcount>
    <wordcount weight="1" > seen </wordcount>
    <wordcount weight="1" > late </wordcount>
    <wordcount weight="1" > reproductive </wordcount>
    <wordcount weight="1" > patterns </wordcount>
    <wordcount weight="1" > penrhosiensis </wordcount>
    <wordcount weight="1" > following </wordcount>
    <wordcount weight="1" > fourth </wordcount>
    <wordcount weight="1" > mr </wordcount>
    <wordcount weight="1" > presently </wordcount>
    <wordcount weight="1" > druinmondiana </wordcount>
    <wordcount weight="1" > robert </wordcount>
    <wordcount weight="1" > augustine </wordcount>
    <wordcount weight="1" > akad </wordcount>
    <wordcount weight="1" > covered </wordcount>
    <wordcount weight="1" > smearing </wordcount>
    <wordcount weight="1" > solely </wordcount>
    <wordcount weight="1" > unlikely </wordcount>
    <wordcount weight="1" > somewhat </wordcount>
    <wordcount weight="1" > vary </wordcount>
    <wordcount weight="1" > fixed </wordcount>
    <wordcount weight="1" > pinetoruni </wordcount>
    <wordcount weight="1" > acetic </wordcount>
    <wordcount weight="1" > leonard </wordcount>
    <wordcount weight="1" > month </wordcount>
    <wordcount weight="1" > establish </wordcount>
    <wordcount weight="1" > malacospernia </wordcount>
    <wordcount weight="1" > appears </wordcount>
    <wordcount weight="1" > nonviability </wordcount>
    <wordcount weight="1" > terms </wordcount>
    <wordcount weight="1" > diplontic </wordcount>
    <wordcount weight="1" > var </wordcount>
    <wordcount weight="1" > less </wordcount>
    <wordcount weight="1" > cannot </wordcount>
    <wordcount weight="1" > precociously </wordcount>
    <wordcount weight="1" > eastem </wordcount>
    <wordcount weight="1" > emasculated </wordcount>
    <wordcount weight="1" > scale </wordcount>
    <wordcount weight="1" > necessary </wordcount>
    <wordcount weight="1" > cleistogamous </wordcount>
    <wordcount weight="1" > hermaphrodite </wordcount>
    <wordcount weight="1" > norms </wordcount>
    <wordcount weight="1" > staining </wordcount>
    <wordcount weight="1" > cloned </wordcount>
    <wordcount weight="1" > moisture </wordcount>
    <wordcount weight="1" > botanical </wordcount>
    <wordcount weight="1" > absolute </wordcount>
    <wordcount weight="1" > barkley </wordcount>
    <wordcount weight="1" > functional </wordcount>
    <wordcount weight="1" > eastern </wordcount>
    <wordcount weight="1" > exceeds </wordcount>
    <wordcount weight="1" > cuf </wordcount>
    <wordcount weight="1" > wide </wordcount>
    <wordcount weight="1" > style </wordcount>
    <wordcount weight="1" > hr </wordcount>
    <wordcount weight="1" > capacity </wordcount>
    <wordcount weight="1" > pauciflora </wordcount>
    <wordcount weight="1" > january </wordcount>
    <wordcount weight="1" > intersterile </wordcount>
    <wordcount weight="1" > planted </wordcount>
    <wordcount weight="1" > possibility </wordcount>
    <wordcount weight="1" > encountered </wordcount>
    <wordcount weight="1" > criteria </wordcount>
    <wordcount weight="1" > difficulties </wordcount>
    <wordcount weight="1" > rhodora </wordcount>
    <wordcount weight="1" > early </wordcount>
    <wordcount weight="1" > failure </wordcount>
    <wordcount weight="1" > well </wordcount>
    <wordcount weight="1" > bull </wordcount>
    <wordcount weight="1" > extranuclear </wordcount>
    <wordcount weight="1" > having </wordcount>
    <wordcount weight="1" > vol </wordcount>
    <wordcount weight="1" > univalent </wordcount>
    <wordcount weight="1" > gardens </wordcount>
    <wordcount weight="1" > almost </wordcount>
    <wordcount weight="1" > listed </wordcount>
    <wordcount weight="1" > application </wordcount>
    <wordcount weight="1" > red </wordcount>
    <wordcount weight="1" > grouping </wordcount>
    <wordcount weight="1" > stamen </wordcount>
    <wordcount weight="1" > abundantly </wordcount>
    <wordcount weight="1" > crushed </wordcount>
    <wordcount weight="1" > desota </wordcount>
    <wordcount weight="1" > understanding </wordcount>
    <wordcount weight="1" > irn </wordcount>
    <wordcount weight="1" > urban </wordcount>
    <wordcount weight="1" > contain </wordcount>
    <wordcount weight="1" > naturlichen </wordcount>
    <wordcount weight="1" > discussion </wordcount>
    <wordcount weight="1" > categories </wordcount>
    <wordcount weight="1" > size </wordcount>
    <wordcount weight="1" > divided </wordcount>
    <wordcount weight="1" > work </wordcount>
    <wordcount weight="1" > assistants </wordcount>
    <wordcount weight="1" > who </wordcount>
    <wordcount weight="1" > inferred </wordcount>
    <wordcount weight="1" > survive </wordcount>
    <wordcount weight="1" > pentamerous </wordcount>
    <wordcount weight="1" > received </wordcount>
    <wordcount weight="1" > greenm </wordcount>
    <wordcount weight="1" > natuur </wordcount>
    <wordcount weight="1" > little </wordcount>
    <wordcount weight="1" > chiefly </wordcount>
    <wordcount weight="1" > even </wordcount>
    <wordcount weight="1" > transplanted </wordcount>
    <wordcount weight="1" > possible </wordcount>
    <wordcount weight="1" > emasculation </wordcount>
    <wordcount weight="1" > clear </wordcount>
    <wordcount weight="1" > determined </wordcount>
    <wordcount weight="1" > far </wordcount>
    <wordcount weight="1" > recognition </wordcount>
    <wordcount weight="1" > heteronorpha </wordcount>
    <wordcount weight="1" > hulmilis </wordcount>
    <wordcount weight="1" > smooth </wordcount>
    <wordcount weight="1" > part </wordcount>
    <wordcount weight="1" > divides </wordcount>
    <wordcount weight="1" > areas </wordcount>
    <wordcount weight="1" > breeding </wordcount>
    <wordcount weight="1" > delicate </wordcount>
    <wordcount weight="1" > despite </wordcount>
    <wordcount weight="1" > abnormal </wordcount>
    <wordcount weight="1" > indicating </wordcount>
    <wordcount weight="1" > knowledge </wordcount>
    <wordcount weight="1" > kan </wordcount>
    <wordcount weight="1" > cyclopedia </wordcount>
    <wordcount weight="1" > environmental </wordcount>
    <wordcount weight="1" > druimmondiana </wordcount>
    <wordcount weight="1" > genetically </wordcount>
    <wordcount weight="1" > samples </wordcount>
    <wordcount weight="1" > brushed </wordcount>
    <wordcount weight="1" > identification </wordcount>
    <wordcount weight="1" > die </wordcount>
    <wordcount weight="1" > excessive </wordcount>
    <wordcount weight="1" > selfno </wordcount>
    <wordcount weight="1" > adapted </wordcount>
    <wordcount weight="1" > literature </wordcount>
    <wordcount weight="1" > largely </wordcount>
    <wordcount weight="1" > behavior </wordcount>
    <wordcount weight="1" > factor </wordcount>
    <wordcount weight="1" > approach </wordcount>
    <wordcount weight="1" > causes </wordcount>
    <wordcount weight="1" > contains </wordcount>
    <wordcount weight="1" > accidental </wordcount>
    <wordcount weight="1" > isolated </wordcount>
    <wordcount weight="1" > commented </wordcount>
    <wordcount weight="1" > exist </wordcount>
    <wordcount weight="1" > pflanzenfamilien </wordcount>
    <wordcount weight="1" > repeatedly </wordcount>
    <wordcount weight="1" > coming </wordcount>
    <wordcount weight="1" > hendry </wordcount>
    <wordcount weight="1" > central </wordcount>
    <wordcount weight="1" > maturation </wordcount>
    <wordcount weight="1" > torrey </wordcount>
    <wordcount weight="1" > dicliptera </wordcount>
    <wordcount weight="1" > individuals </wordcount>
    <wordcount weight="1" > includes </wordcount>
    <wordcount weight="1" > sutcculenta </wordcount>
    <wordcount weight="1" > fruits </wordcount>
    <wordcount weight="1" > examinations </wordcount>
    <wordcount weight="1" > dioecious </wordcount>
    <wordcount weight="1" > prantl </wordcount>
    <wordcount weight="1" > angelina </wordcount>
    <wordcount weight="1" > additional </wordcount>
    <wordcount weight="1" > douglas </wordcount>
    <wordcount weight="1" > review </wordcount>
    <wordcount weight="1" > forida </wordcount>
    <wordcount weight="1" > metaphase </wordcount>
    <wordcount weight="1" > comparable </wordcount>
    <wordcount weight="1" > abscise </wordcount>
    <wordcount weight="1" > wild </wordcount>
    <wordcount weight="1" > internodes </wordcount>
    <wordcount weight="1" > nuclei </wordcount>
    <wordcount weight="1" > dehiscence </wordcount>
    <wordcount weight="1" > germinate </wordcount>
    <wordcount weight="1" > systematic </wordcount>
    <wordcount weight="1" > until </wordcount>
    <wordcount weight="1" > discontinuities </wordcount>
    <wordcount weight="1" > author </wordcount>
    <wordcount weight="1" > horticulture </wordcount>
    <wordcount weight="1" > transplants </wordcount>
    <wordcount weight="1" > uz </wordcount>
    <wordcount weight="1" > differentiation </wordcount>
    <wordcount weight="1" > lists </wordcount>
    <wordcount weight="1" > such </wordcount>
    <wordcount weight="1" > interpreted </wordcount>
    <wordcount weight="1" > low </wordcount>
    <wordcount weight="1" > acetocarmine </wordcount>
    <wordcount weight="1" > stcculenta </wordcount>
    <wordcount weight="1" > tribes </wordcount>
    <wordcount weight="1" > average </wordcount>
    <wordcount weight="1" > afdel </wordcount>
    <wordcount weight="1" > bailey </wordcount>
    <wordcount weight="1" > against </wordcount>
    <wordcount weight="1" > gmel </wordcount>
    <wordcount weight="1" > october </wordcount>
    <wordcount weight="1" > either </wordcount>
    <wordcount weight="1" > national </wordcount>
    <wordcount weight="1" > publication </wordcount>
    <wordcount weight="1" > obtaining </wordcount>
    <wordcount weight="1" > drumninondiana </wordcount>
    <wordcount weight="1" > tended </wordcount>
    <wordcount weight="1" > good </wordcount>
    <wordcount weight="1" > relatively </wordcount>
    <wordcount weight="1" > epipetalous </wordcount>
    <wordcount weight="1" > contrasting </wordcount>
    <wordcount weight="1" > solution </wordcount>
    <wordcount weight="1" > caryophyllaceae </wordcount>
    <wordcount weight="1" > grown </wordcount>
    <wordcount weight="1" > jacobinia </wordcount>
    <wordcount weight="1" > club </wordcount>
    <wordcount weight="1" > characterized </wordcount>
    <wordcount weight="1" > describing </wordcount>
    <wordcount weight="1" > isolating </wordcount>
    <wordcount weight="1" > grouped </wordcount>
    <wordcount weight="1" > need </wordcount>
    <wordcount weight="1" > jr </wordcount>
    <wordcount weight="1" > smaller </wordcount>
    <wordcount weight="1" > stage </wordcount>
    <wordcount weight="1" > high </wordcount>
    <wordcount weight="1" > barrier </wordcount>
    <wordcount weight="1" > glass </wordcount>
    <wordcount weight="1" > mexico </wordcount>
    <wordcount weight="1" > southeastern </wordcount>
    <wordcount weight="1" > pollination </wordcount>
    <wordcount weight="1" > stages </wordcount>
    <wordcount weight="1" > forming </wordcount>
    <wordcount weight="1" > configurations </wordcount>
    <wordcount weight="1" > thunbergia </wordcount>
    <wordcount weight="1" > hurnilis </wordcount>
    <wordcount weight="1" > quite </wordcount>
    <wordcount weight="1" > cases </wordcount>
    <wordcount weight="1" > abundant </wordcount>
    <wordcount weight="1" > pursh </wordcount>
    <wordcount weight="1" > clay </wordcount>
    <wordcount weight="1" > strepens </wordcount>
    <wordcount weight="1" > forms </wordcount>
    <wordcount weight="1" > family </wordcount>
    <wordcount weight="1" > enclosed </wordcount>
    <wordcount weight="1" > several </wordcount>
    <wordcount weight="1" > close </wordcount>
    <wordcount weight="1" > soil </wordcount>
    <wordcount weight="1" > sufficient </wordcount>
    <wordcount weight="1" > supported </wordcount>
    <wordcount weight="1" > uniformly </wordcount>
    <wordcount weight="1" > jefferson </wordcount>
    <wordcount weight="1" > kev </wordcount>
    <wordcount weight="1" > prominent </wordcount>
    <wordcount weight="1" > removed </wordcount>
    <wordcount weight="1" > methods </wordcount>
    <wordcount weight="1" > engler </wordcount>
    <wordcount weight="1" > nutt </wordcount>
    <wordcount weight="1" > abortion </wordcount>
    <wordcount weight="1" > observe </wordcount>
    <wordcount weight="1" > served </wordcount>
    <wordcount weight="1" > combination </wordcount>
    <wordcount weight="1" > themselves </wordcount>
    <wordcount weight="1" > suitable </wordcount>
    <wordcount weight="1" > giles </wordcount>
    <wordcount weight="1" > interfered </wordcount>
    <wordcount weight="1" > compared </wordcount>
    <wordcount weight="1" > geographically </wordcount>
    <wordcount weight="1" > applying </wordcount>
    <wordcount weight="1" > genic </wordcount>
    <wordcount weight="1" > verhandel </wordcount>
    <wordcount weight="1" > symmetric </wordcount>
    <wordcount weight="1" > cytological </wordcount>
    <wordcount weight="1" > examine </wordcount>
    <wordcount weight="1" > cook </wordcount>
    <wordcount weight="1" > withiin </wordcount>
    <wordcount weight="1" > vermiculite </wordcount>
    <wordcount weight="1" > analysis </wordcount>
    <wordcount weight="1" > v </wordcount>
    <wordcount weight="1" > valentine </wordcount>
    <wordcount weight="1" > dark </wordcount>
    <wordcount weight="1" > working </wordcount>
    <wordcount weight="1" > st </wordcount>
    <wordcount weight="1" > cytology </wordcount>
    <wordcount weight="1" > dominance </wordcount>
    <wordcount weight="1" > inaccessible </wordcount>
    <wordcount weight="1" > macmillan </wordcount>
    <wordcount weight="1" > summary </wordcount>
    <wordcount weight="1" > inviability </wordcount>
    <wordcount weight="1" > than </wordcount>
    <wordcount weight="1" > ab </wordcount>
    <wordcount weight="1" > demonstrated </wordcount>
    <wordcount weight="1" > superficially </wordcount>
    <wordcount weight="1" > value </wordcount>
    <wordcount weight="1" > stract </wordcount>
    <wordcount weight="1" > chain </wordcount>
    <wordcount weight="1" > zygomorphy </wordcount>
    <wordcount weight="1" > preliminary </wordcount>
    <wordcount weight="1" > misleading </wordcount>
    <wordcount weight="1" > maiacosperma </wordcount>
    <wordcount weight="1" > delimited </wordcount>
    <wordcount weight="1" > showed </wordcount>
    <wordcount weight="1" > concluded </wordcount>
    <wordcount weight="1" > reducing </wordcount>
    <wordcount weight="1" > cited </wordcount>
    <wordcount weight="1" > uttal </wordcount>
    <wordcount weight="1" > tampa </wordcount>
    <wordcount weight="1" > ruellias </wordcount>
    <wordcount weight="1" > drmonin </wordcount>
    <wordcount weight="1" > separate </wordcount>
    <wordcount weight="1" > rosalind </wordcount>
    <wordcount weight="1" > intergeneric </wordcount>
    <wordcount weight="1" > xsalado </wordcount>
</article>
