<?xml version="1.0" encoding="UTF-8"?>
<article id="10.2307/2429374" >
    <wordcount weight="142" > the </wordcount>
    <wordcount weight="114" > of </wordcount>
    <wordcount weight="77" > in </wordcount>
    <wordcount weight="58" > and </wordcount>
    <wordcount weight="48" > from </wordcount>
    <wordcount weight="34" > to </wordcount>
    <wordcount weight="31" > a </wordcount>
    <wordcount weight="27" > were </wordcount>
    <wordcount weight="25" > plants </wordcount>
    <wordcount weight="21" > for </wordcount>
    <wordcount weight="17" > by </wordcount>
    <wordcount weight="16" > samples </wordcount>
    <wordcount weight="15" > was </wordcount>
    <wordcount weight="14" > populations </wordcount>
    <wordcount weight="13" > glen </wordcount>
    <wordcount weight="13" > not </wordcount>
    <wordcount weight="13" > with </wordcount>
    <wordcount weight="13" > differentiation </wordcount>
    <wordcount weight="12" > is </wordcount>
    <wordcount weight="12" > which </wordcount>
    <wordcount weight="11" > as </wordcount>
    <wordcount weight="11" > this </wordcount>
    <wordcount weight="10" > that </wordcount>
    <wordcount weight="10" > canes </wordcount>
    <wordcount weight="10" > on </wordcount>
    <wordcount weight="10" > be </wordcount>
    <wordcount weight="9" > at </wordcount>
    <wordcount weight="9" > l </wordcount>
    <wordcount weight="9" > flowering </wordcount>
    <wordcount weight="9" > these </wordcount>
    <wordcount weight="9" > late </wordcount>
    <wordcount weight="9" > idaeus </wordcount>
    <wordcount weight="8" > but </wordcount>
    <wordcount weight="8" > are </wordcount>
    <wordcount weight="8" > number </wordcount>
    <wordcount weight="8" > nodes </wordcount>
    <wordcount weight="8" > sites </wordcount>
    <wordcount weight="8" > r </wordcount>
    <wordcount weight="8" > between </wordcount>
    <wordcount weight="7" > all </wordcount>
    <wordcount weight="7" > germination </wordcount>
    <wordcount weight="7" > time </wordcount>
    <wordcount weight="7" > population </wordcount>
    <wordcount weight="7" > growing </wordcount>
    <wordcount weight="7" > exposed </wordcount>
    <wordcount weight="7" > sample </wordcount>
    <wordcount weight="7" > seed </wordcount>
    <wordcount weight="6" > high </wordcount>
    <wordcount weight="6" > george </wordcount>
    <wordcount weight="6" > an </wordcount>
    <wordcount weight="6" > parts </wordcount>
    <wordcount weight="6" > altitude </wordcount>
    <wordcount weight="6" > or </wordcount>
    <wordcount weight="6" > shorter </wordcount>
    <wordcount weight="6" > taken </wordcount>
    <wordcount weight="6" > there </wordcount>
    <wordcount weight="6" > those </wordcount>
    <wordcount weight="6" > raspberry </wordcount>
    <wordcount weight="6" > altitudes </wordcount>
    <wordcount weight="6" > seeds </wordcount>
    <wordcount weight="5" > heights </wordcount>
    <wordcount weight="5" > mean </wordcount>
    <wordcount weight="5" > their </wordcount>
    <wordcount weight="5" > respect </wordcount>
    <wordcount weight="5" > case </wordcount>
    <wordcount weight="5" > situations </wordcount>
    <wordcount weight="5" > two </wordcount>
    <wordcount weight="5" > lower </wordcount>
    <wordcount weight="5" > first </wordcount>
    <wordcount weight="5" > more </wordcount>
    <wordcount weight="5" > each </wordcount>
    <wordcount weight="5" > differences </wordcount>
    <wordcount weight="5" > i </wordcount>
    <wordcount weight="5" > earliness </wordcount>
    <wordcount weight="5" > glens </wordcount>
    <wordcount weight="5" > cane </wordcount>
    <wordcount weight="5" > than </wordcount>
    <wordcount weight="5" > d </wordcount>
    <wordcount weight="5" > plant </wordcount>
    <wordcount weight="5" > earlier </wordcount>
    <wordcount weight="5" > characters </wordcount>
    <wordcount weight="4" > they </wordcount>
    <wordcount weight="4" > dundee </wordcount>
    <wordcount weight="4" > h </wordcount>
    <wordcount weight="4" > vulgaris </wordcount>
    <wordcount weight="4" > initiation </wordcount>
    <wordcount weight="4" > four </wordcount>
    <wordcount weight="4" > only </wordcount>
    <wordcount weight="4" > lateral </wordcount>
    <wordcount weight="4" > height </wordcount>
    <wordcount weight="4" > found </wordcount>
    <wordcount weight="4" > studied </wordcount>
    <wordcount weight="4" > both </wordcount>
    <wordcount weight="4" > such </wordcount>
    <wordcount weight="4" > period </wordcount>
    <wordcount weight="4" > strathbraan </wordcount>
    <wordcount weight="4" > laterals </wordcount>
    <wordcount weight="4" > early </wordcount>
    <wordcount weight="4" > probably </wordcount>
    <wordcount weight="4" > results </wordcount>
    <wordcount weight="4" > species </wordcount>
    <wordcount weight="3" > he </wordcount>
    <wordcount weight="3" > no </wordcount>
    <wordcount weight="3" > growth </wordcount>
    <wordcount weight="3" > short </wordcount>
    <wordcount weight="3" > it </wordcount>
    <wordcount weight="3" > kinds </wordcount>
    <wordcount weight="3" > lloyd </wordcount>
    <wordcount weight="3" > contained </wordcount>
    <wordcount weight="3" > frequently </wordcount>
    <wordcount weight="3" > being </wordcount>
    <wordcount weight="3" > either </wordcount>
    <wordcount weight="3" > might </wordcount>
    <wordcount weight="3" > many </wordcount>
    <wordcount weight="3" > had </wordcount>
    <wordcount weight="3" > other </wordcount>
    <wordcount weight="3" > new </wordcount>
    <wordcount weight="3" > physiological </wordcount>
    <wordcount weight="3" > within </wordcount>
    <wordcount weight="3" > jennings </wordcount>
    <wordcount weight="3" > less </wordcount>
    <wordcount weight="3" > degree </wordcount>
    <wordcount weight="3" > very </wordcount>
    <wordcount weight="3" > correlation </wordcount>
    <wordcount weight="3" > significant </wordcount>
    <wordcount weight="3" > variation </wordcount>
    <wordcount weight="3" > low </wordcount>
    <wordcount weight="3" > trends </wordcount>
    <wordcount weight="3" > rubus </wordcount>
    <wordcount weight="3" > g </wordcount>
    <wordcount weight="3" > grown </wordcount>
    <wordcount weight="3" > below </wordcount>
    <wordcount weight="3" > cold </wordcount>
    <wordcount weight="3" > highest </wordcount>
    <wordcount weight="3" > tended </wordcount>
    <wordcount weight="3" > so </wordcount>
    <wordcount weight="2" > may </wordcount>
    <wordcount weight="2" > site </wordcount>
    <wordcount weight="2" > interesting </wordcount>
    <wordcount weight="2" > habitats </wordcount>
    <wordcount weight="2" > recognized </wordcount>
    <wordcount weight="2" > esk </wordcount>
    <wordcount weight="2" > stems </wordcount>
    <wordcount weight="2" > reduced </wordcount>
    <wordcount weight="2" > later </wordcount>
    <wordcount weight="2" > ecological </wordcount>
    <wordcount weight="2" > fruit </wordcount>
    <wordcount weight="2" > natural </wordcount>
    <wordcount weight="2" > distributed </wordcount>
    <wordcount weight="2" > scottish </wordcount>
    <wordcount weight="2" > remaining </wordcount>
    <wordcount weight="2" > wind </wordcount>
    <wordcount weight="2" > study </wordcount>
    <wordcount weight="2" > types </wordcount>
    <wordcount weight="2" > means </wordcount>
    <wordcount weight="2" > internode </wordcount>
    <wordcount weight="2" > association </wordcount>
    <wordcount weight="2" > alpestre </wordcount>
    <wordcount weight="2" > possibly </wordcount>
    <wordcount weight="2" > character </wordcount>
    <wordcount weight="2" > presumably </wordcount>
    <wordcount weight="2" > thlaspi </wordcount>
    <wordcount weight="2" > haskell </wordcount>
    <wordcount weight="2" > same </wordcount>
    <wordcount weight="2" > n </wordcount>
    <wordcount weight="2" > internodes </wordcount>
    <wordcount weight="2" > variety </wordcount>
    <wordcount weight="2" > clova </wordcount>
    <wordcount weight="2" > observations </wordcount>
    <wordcount weight="2" > show </wordcount>
    <wordcount weight="2" > isla </wordcount>
    <wordcount weight="2" > here </wordcount>
    <wordcount weight="2" > suggested </wordcount>
    <wordcount weight="2" > over </wordcount>
    <wordcount weight="2" > cultivated </wordcount>
    <wordcount weight="2" > eido </wordcount>
    <wordcount weight="2" > s </wordcount>
    <wordcount weight="2" > flowers </wordcount>
    <wordcount weight="2" > did </wordcount>
    <wordcount weight="2" > areas </wordcount>
    <wordcount weight="2" > could </wordcount>
    <wordcount weight="2" > pressure </wordcount>
    <wordcount weight="2" > great </wordcount>
    <wordcount weight="2" > appeared </wordcount>
    <wordcount weight="2" > progenies </wordcount>
    <wordcount weight="2" > producing </wordcount>
    <wordcount weight="2" > habitat </wordcount>
    <wordcount weight="2" > scotland </wordcount>
    <wordcount weight="2" > any </wordcount>
    <wordcount weight="2" > calluna </wordcount>
    <wordcount weight="2" > associated </wordcount>
    <wordcount weight="2" > achieved </wordcount>
    <wordcount weight="2" > uppermost </wordcount>
    <wordcount weight="2" > primula </wordcount>
    <wordcount weight="2" > agrostis </wordcount>
    <wordcount weight="2" > intensity </wordcount>
    <wordcount weight="2" > system </wordcount>
    <wordcount weight="2" > ripe </wordcount>
    <wordcount weight="2" > has </wordcount>
    <wordcount weight="2" > well </wordcount>
    <wordcount weight="2" > dormant </wordcount>
    <wordcount weight="2" > ifrne </wordcount>
    <wordcount weight="2" > some </wordcount>
    <wordcount weight="2" > fourteen </wordcount>
    <wordcount weight="2" > biometrical </wordcount>
    <wordcount weight="2" > start </wordcount>
    <wordcount weight="2" > true </wordcount>
    <wordcount weight="2" > raspberries </wordcount>
    <wordcount weight="2" > part </wordcount>
    <wordcount weight="2" > breeding </wordcount>
    <wordcount weight="2" > bottom </wordcount>
    <wordcount weight="2" > wild </wordcount>
    <wordcount weight="2" > its </wordcount>
    <wordcount weight="2" > sheltered </wordcount>
    <wordcount weight="2" > fruiting </wordcount>
    <wordcount weight="2" > rows </wordcount>
    <wordcount weight="2" > contrasts </wordcount>
    <wordcount weight="2" > spring </wordcount>
    <wordcount weight="2" > described </wordcount>
    <wordcount weight="2" > subsequent </wordcount>
    <wordcount weight="2" > development </wordcount>
    <wordcount weight="2" > since </wordcount>
    <wordcount weight="2" > sampled </wordcount>
    <wordcount weight="2" > conditions </wordcount>
    <wordcount weight="2" > times </wordcount>
    <wordcount weight="2" > occurs </wordcount>
    <wordcount weight="2" > field </wordcount>
    <wordcount weight="2" > collected </wordcount>
    <wordcount weight="2" > obtained </wordcount>
    <wordcount weight="2" > counted </wordcount>
    <wordcount weight="2" > cases </wordcount>
    <wordcount weight="2" > small </wordcount>
    <wordcount weight="2" > hort </wordcount>
    <wordcount weight="2" > spines </wordcount>
    <wordcount weight="2" > coefficient </wordcount>
    <wordcount weight="2" > response </wordcount>
    <wordcount weight="2" > replicated </wordcount>
    <wordcount weight="2" > presence </wordcount>
    <wordcount weight="2" > relation </wordcount>
    <wordcount weight="2" > tenuis </wordcount>
    <wordcount weight="2" > reported </wordcount>
    <wordcount weight="2" > dates </wordcount>
    <wordcount weight="2" > assessing </wordcount>
    <wordcount weight="2" > can </wordcount>
    <wordcount weight="2" > when </wordcount>
    <wordcount weight="2" > given </wordcount>
    <wordcount weight="2" > northern </wordcount>
    <wordcount weight="2" > commence </wordcount>
    <wordcount weight="2" > evidence </wordcount>
    <wordcount weight="1" > polymorphism </wordcount>
    <wordcount weight="1" > south </wordcount>
    <wordcount weight="1" > seems </wordcount>
    <wordcount weight="1" > reduction </wordcount>
    <wordcount weight="1" > f </wordcount>
    <wordcount weight="1" > meanpopulation </wordcount>
    <wordcount weight="1" > relationship </wordcount>
    <wordcount weight="1" > rate </wordcount>
    <wordcount weight="1" > situation </wordcount>
    <wordcount weight="1" > whose </wordcount>
    <wordcount weight="1" > flower </wordcount>
    <wordcount weight="1" > frequent </wordcount>
    <wordcount weight="1" > sibth </wordcount>
    <wordcount weight="1" > absence </wordcount>
    <wordcount weight="1" > minimizes </wordcount>
    <wordcount weight="1" > terminates </wordcount>
    <wordcount weight="1" > seventeen </wordcount>
    <wordcount weight="1" > provide </wordcount>
    <wordcount weight="1" > if </wordcount>
    <wordcount weight="1" > been </wordcount>
    <wordcount weight="1" > shortening </wordcount>
    <wordcount weight="1" > effected </wordcount>
    <wordcount weight="1" > effects </wordcount>
    <wordcount weight="1" > naturally </wordcount>
    <wordcount weight="1" > clines </wordcount>
    <wordcount weight="1" > sunny </wordcount>
    <wordcount weight="1" > ministry </wordcount>
    <wordcount weight="1" > result </wordcount>
    <wordcount weight="1" > adapt </wordcount>
    <wordcount weight="1" > separated </wordcount>
    <wordcount weight="1" > genecology </wordcount>
    <wordcount weight="1" > fewer </wordcount>
    <wordcount weight="1" > ordinary </wordcount>
    <wordcount weight="1" > male </wordcount>
    <wordcount weight="1" > bulletin </wordcount>
    <wordcount weight="1" > process </wordcount>
    <wordcount weight="1" > object </wordcount>
    <wordcount weight="1" > progressively </wordcount>
    <wordcount weight="1" > considerably </wordcount>
    <wordcount weight="1" > taller </wordcount>
    <wordcount weight="1" > introduction </wordcount>
    <wordcount weight="1" > compensated </wordcount>
    <wordcount weight="1" > determined </wordcount>
    <wordcount weight="1" > indicates </wordcount>
    <wordcount weight="1" > eight </wordcount>
    <wordcount weight="1" > contribution </wordcount>
    <wordcount weight="1" > b </wordcount>
    <wordcount weight="1" > large </wordcount>
    <wordcount weight="1" > distribute </wordcount>
    <wordcount weight="1" > length </wordcount>
    <wordcount weight="1" > versatility </wordcount>
    <wordcount weight="1" > one </wordcount>
    <wordcount weight="1" > selection </wordcount>
    <wordcount weight="1" > special </wordcount>
    <wordcount weight="1" > possess </wordcount>
    <wordcount weight="1" > methods </wordcount>
    <wordcount weight="1" > fall </wordcount>
    <wordcount weight="1" > limitation </wordcount>
    <wordcount weight="1" > formed </wordcount>
    <wordcount weight="1" > scattered </wordcount>
    <wordcount weight="1" > factors </wordcount>
    <wordcount weight="1" > lowering </wordcount>
    <wordcount weight="1" > o </wordcount>
    <wordcount weight="1" > themea </wordcount>
    <wordcount weight="1" > references </wordcount>
    <wordcount weight="1" > fit </wordcount>
    <wordcount weight="1" > distinct </wordcount>
    <wordcount weight="1" > hetm </wordcount>
    <wordcount weight="1" > considered </wordcount>
    <wordcount weight="1" > restricted </wordcount>
    <wordcount weight="1" > exposure </wordcount>
    <wordcount weight="1" > latitude </wordcount>
    <wordcount weight="1" > selective </wordcount>
    <wordcount weight="1" > neither </wordcount>
    <wordcount weight="1" > river </wordcount>
    <wordcount weight="1" > differentiated </wordcount>
    <wordcount weight="1" > into </wordcount>
    <wordcount weight="1" > environment </wordcount>
    <wordcount weight="1" > unlike </wordcount>
    <wordcount weight="1" > indct </wordcount>
    <wordcount weight="1" > included </wordcount>
    <wordcount weight="1" > total </wordcount>
    <wordcount weight="1" > fifteen </wordcount>
    <wordcount weight="1" > clearly </wordcount>
    <wordcount weight="1" > constant </wordcount>
    <wordcount weight="1" > before </wordcount>
    <wordcount weight="1" > codtosa </wordcount>
    <wordcount weight="1" > just </wordcount>
    <wordcount weight="1" > exceptions </wordcount>
    <wordcount weight="1" > numbers </wordcount>
    <wordcount weight="1" > invariably </wordcount>
    <wordcount weight="1" > allelic </wordcount>
    <wordcount weight="1" > experimental </wordcount>
    <wordcount weight="1" > glenatonwa </wordcount>
    <wordcount weight="1" > mentioned </wordcount>
    <wordcount weight="1" > comparison </wordcount>
    <wordcount weight="1" > upper </wordcount>
    <wordcount weight="1" > oiferenes </wordcount>
    <wordcount weight="1" > most </wordcount>
    <wordcount weight="1" > vaue </wordcount>
    <wordcount weight="1" > sateonship </wordcount>
    <wordcount weight="1" > known </wordcount>
    <wordcount weight="1" > whaen </wordcount>
    <wordcount weight="1" > further </wordcount>
    <wordcount weight="1" > useful </wordcount>
    <wordcount weight="1" > definite </wordcount>
    <wordcount weight="1" > hence </wordcount>
    <wordcount weight="1" > long </wordcount>
    <wordcount weight="1" > members </wordcount>
    <wordcount weight="1" > spininess </wordcount>
    <wordcount weight="1" > also </wordcount>
    <wordcount weight="1" > distinguishing </wordcount>
    <wordcount weight="1" > isamle </wordcount>
    <wordcount weight="1" > alternative </wordcount>
    <wordcount weight="1" > edigppuainwudhv </wordcount>
    <wordcount weight="1" > processes </wordcount>
    <wordcount weight="1" > dug </wordcount>
    <wordcount weight="1" > others </wordcount>
    <wordcount weight="1" > attempt </wordcount>
    <wordcount weight="1" > hairy </wordcount>
    <wordcount weight="1" > outbreeding </wordcount>
    <wordcount weight="1" > fltrl </wordcount>
    <wordcount weight="1" > varied </wordcount>
    <wordcount weight="1" > england </wordcount>
    <wordcount weight="1" > greater </wordcount>
    <wordcount weight="1" > j </wordcount>
    <wordcount weight="1" > switzerland </wordcount>
    <wordcount weight="1" > stimulus </wordcount>
    <wordcount weight="1" > layout </wordcount>
    <wordcount weight="1" > longer </wordcount>
    <wordcount weight="1" > iax </wordcount>
    <wordcount weight="1" > lack </wordcount>
    <wordcount weight="1" > ohbia </wordcount>
    <wordcount weight="1" > sampling </wordcount>
    <wordcount weight="1" > europe </wordcount>
    <wordcount weight="1" > route </wordcount>
    <wordcount weight="1" > ft </wordcount>
    <wordcount weight="1" > appearance </wordcount>
    <wordcount weight="1" > suggesting </wordcount>
    <wordcount weight="1" > together </wordcount>
    <wordcount weight="1" > pomology </wordcount>
    <wordcount weight="1" > typical </wordcount>
    <wordcount weight="1" > minimized </wordcount>
    <wordcount weight="1" > emnto </wordcount>
    <wordcount weight="1" > ieo </wordcount>
    <wordcount weight="1" > assembled </wordcount>
    <wordcount weight="1" > hwdnorltosi </wordcount>
    <wordcount weight="1" > far </wordcount>
    <wordcount weight="1" > reoreorgetwe </wordcount>
    <wordcount weight="1" > identical </wordcount>
    <wordcount weight="1" > reproduction </wordcount>
    <wordcount weight="1" > pattern </wordcount>
    <wordcount weight="1" > possibility </wordcount>
    <wordcount weight="1" > lloydg </wordcount>
    <wordcount weight="1" > discussed </wordcount>
    <wordcount weight="1" > feature </wordcount>
    <wordcount weight="1" > ecotypic </wordcount>
    <wordcount weight="1" > isrdaantls </wordcount>
    <wordcount weight="1" > representative </wordcount>
    <wordcount weight="1" > assessment </wordcount>
    <wordcount weight="1" > compared </wordcount>
    <wordcount weight="1" > reproductive </wordcount>
    <wordcount weight="1" > outside </wordcount>
    <wordcount weight="1" > varet </wordcount>
    <wordcount weight="1" > improving </wordcount>
    <wordcount weight="1" > miles </wordcount>
    <wordcount weight="1" > sparse </wordcount>
    <wordcount weight="1" > following </wordcount>
    <wordcount weight="1" > adjacent </wordcount>
    <wordcount weight="1" > do </wordcount>
    <wordcount weight="1" > ewe </wordcount>
    <wordcount weight="1" > due </wordcount>
    <wordcount weight="1" > where </wordcount>
    <wordcount weight="1" > aecmestdfr </wordcount>
    <wordcount weight="1" > climate </wordcount>
    <wordcount weight="1" > enwl </wordcount>
    <wordcount weight="1" > habit </wordcount>
    <wordcount weight="1" > form </wordcount>
    <wordcount weight="1" > res </wordcount>
    <wordcount weight="1" > ones </wordcount>
    <wordcount weight="1" > varying </wordcount>
    <wordcount weight="1" > temperatures </wordcount>
    <wordcount weight="1" > takes </wordcount>
    <wordcount weight="1" > material </wordcount>
    <wordcount weight="1" > harvested </wordcount>
    <wordcount weight="1" > pollen </wordcount>
    <wordcount weight="1" > contrasting </wordcount>
    <wordcount weight="1" > daylength </wordcount>
    <wordcount weight="1" > recorded </wordcount>
    <wordcount weight="1" > distribution </wordcount>
    <wordcount weight="1" > csoo </wordcount>
    <wordcount weight="1" > clone </wordcount>
    <wordcount weight="1" > primary </wordcount>
    <wordcount weight="1" > planted </wordcount>
    <wordcount weight="1" > ofteges </wordcount>
    <wordcount weight="1" > iv </wordcount>
    <wordcount weight="1" > facts </wordcount>
    <wordcount weight="1" > hog </wordcount>
    <wordcount weight="1" > sexual </wordcount>
    <wordcount weight="1" > because </wordcount>
    <wordcount weight="1" > inflorescence </wordcount>
    <wordcount weight="1" > larger </wordcount>
    <wordcount weight="1" > influenced </wordcount>
    <wordcount weight="1" > local </wordcount>
    <wordcount weight="1" > having </wordcount>
    <wordcount weight="1" > too </wordcount>
    <wordcount weight="1" > suggests </wordcount>
    <wordcount weight="1" > ideal </wordcount>
    <wordcount weight="1" > possible </wordcount>
    <wordcount weight="1" > marked </wordcount>
    <wordcount weight="1" > greatest </wordcount>
    <wordcount weight="1" > used </wordcount>
    <wordcount weight="1" > discussion </wordcount>
    <wordcount weight="1" > asexual </wordcount>
    <wordcount weight="1" > steep </wordcount>
    <wordcount weight="1" > october </wordcount>
    <wordcount weight="1" > upon </wordcount>
    <wordcount weight="1" > range </wordcount>
    <wordcount weight="1" > carry </wordcount>
    <wordcount weight="1" > values </wordcount>
    <wordcount weight="1" > protected </wordcount>
    <wordcount weight="1" > sepaloids </wordcount>
    <wordcount weight="1" > leads </wordcount>
    <wordcount weight="1" > variations </wordcount>
    <wordcount weight="1" > except </wordcount>
    <wordcount weight="1" > through </wordcount>
    <wordcount weight="1" > indicating </wordcount>
    <wordcount weight="1" > proportions </wordcount>
    <wordcount weight="1" > pre </wordcount>
    <wordcount weight="1" > fgriain </wordcount>
    <wordcount weight="1" > genetic </wordcount>
    <wordcount weight="1" > develop </wordcount>
    <wordcount weight="1" > related </wordcount>
    <wordcount weight="1" > horticultural </wordcount>
    <wordcount weight="1" > along </wordcount>
    <wordcount weight="1" > variability </wordcount>
    <wordcount weight="1" > angus </wordcount>
    <wordcount weight="1" > top </wordcount>
    <wordcount weight="1" > ten </wordcount>
    <wordcount weight="1" > minimum </wordcount>
    <wordcount weight="1" > year </wordcount>
    <wordcount weight="1" > hairiness </wordcount>
    <wordcount weight="1" > consistently </wordcount>
    <wordcount weight="1" > stypesawit </wordcount>
    <wordcount weight="1" > collection </wordcount>
    <wordcount weight="1" > place </wordcount>
    <wordcount weight="1" > postulated </wordcount>
    <wordcount weight="1" > bees </wordcount>
    <wordcount weight="1" > broad </wordcount>
    <wordcount weight="1" > reduces </wordcount>
    <wordcount weight="1" > ubr </wordcount>
    <wordcount weight="1" > records </wordcount>
    <wordcount weight="1" > trend </wordcount>
    <wordcount weight="1" > date </wordcount>
    <wordcount weight="1" > central </wordcount>
    <wordcount weight="1" > winter </wordcount>
    <wordcount weight="1" > discontinuity </wordcount>
    <wordcount weight="1" > oexeddoe </wordcount>
    <wordcount weight="1" > individuals </wordcount>
    <wordcount weight="1" > throughout </wordcount>
    <wordcount weight="1" > apex </wordcount>
    <wordcount weight="1" > bud </wordcount>
    <wordcount weight="1" > autumn </wordcount>
    <wordcount weight="1" > rept </wordcount>
    <wordcount weight="1" > germany </wordcount>
    <wordcount weight="1" > ntm </wordcount>
    <wordcount weight="1" > nor </wordcount>
    <wordcount weight="1" > germinate </wordcount>
    <wordcount weight="1" > shown </wordcount>
    <wordcount weight="1" > exceedingly </wordcount>
    <wordcount weight="1" > own </wordcount>
    <wordcount weight="1" > inbreeding </wordcount>
    <wordcount weight="1" > observed </wordcount>
    <wordcount weight="1" > three </wordcount>
    <wordcount weight="1" > genetically </wordcount>
    <wordcount weight="1" > imlry </wordcount>
    <wordcount weight="1" > weeks </wordcount>
    <wordcount weight="1" > have </wordcount>
    <wordcount weight="1" > made </wordcount>
    <wordcount weight="1" > temperature </wordcount>
    <wordcount weight="1" > delay </wordcount>
    <wordcount weight="1" > morphological </wordcount>
    <wordcount weight="1" > britain </wordcount>
    <wordcount weight="1" > grant </wordcount>
    <wordcount weight="1" > accounted </wordcount>
    <wordcount weight="1" > aifrences </wordcount>
    <wordcount weight="1" > responses </wordcount>
    <wordcount weight="1" > prolonged </wordcount>
    <wordcount weight="1" > individual </wordcount>
    <wordcount weight="1" > include </wordcount>
    <wordcount weight="1" > successful </wordcount>
    <wordcount weight="1" > genetics </wordcount>
    <wordcount weight="1" > would </wordcount>
    <wordcount weight="1" > need </wordcount>
    <wordcount weight="1" > green </wordcount>
    <wordcount weight="1" > general </wordcount>
    <wordcount weight="1" > lowest </wordcount>
    <wordcount weight="1" > suggest </wordcount>
    <wordcount weight="1" > diversity </wordcount>
    <wordcount weight="1" > stages </wordcount>
    <wordcount weight="1" > contrast </wordcount>
    <wordcount weight="1" > standard </wordcount>
    <wordcount weight="1" > measured </wordcount>
    <wordcount weight="1" > fen </wordcount>
    <wordcount weight="1" > bank </wordcount>
    <wordcount weight="1" > definitive </wordcount>
    <wordcount weight="1" > strthbanddoeapridf </wordcount>
    <wordcount weight="1" > intervals </wordcount>
    <wordcount weight="1" > inst </wordcount>
    <wordcount weight="1" > summary </wordcount>
    <wordcount weight="1" > several </wordcount>
    <wordcount weight="1" > characteristics </wordcount>
    <wordcount weight="1" > random </wordcount>
    <wordcount weight="1" > potentialities </wordcount>
    <wordcount weight="1" > wider </wordcount>
    <wordcount weight="1" > birds </wordcount>
    <wordcount weight="1" > highly </wordcount>
    <wordcount weight="1" > fig </wordcount>
    <wordcount weight="1" > rsn </wordcount>
    <wordcount weight="1" > oe </wordcount>
    <wordcount weight="1" > six </wordcount>
    <wordcount weight="1" > become </wordcount>
    <wordcount weight="1" > research </wordcount>
    <wordcount weight="1" > grownpednsate </wordcount>
    <wordcount weight="1" > suitable </wordcount>
    <wordcount weight="1" > selectionpopulation </wordcount>
    <wordcount weight="1" > continuous </wordcount>
    <wordcount weight="1" > single </wordcount>
    <wordcount weight="1" > effect </wordcount>
    <wordcount weight="1" > th </wordcount>
    <wordcount weight="1" > up </wordcount>
    <wordcount weight="1" > y </wordcount>
    <wordcount weight="1" > tend </wordcount>
    <wordcount weight="1" > even </wordcount>
    <wordcount weight="1" > loy </wordcount>
    <wordcount weight="1" > interaction </wordcount>
    <wordcount weight="1" > present </wordcount>
    <wordcount weight="1" > divergent </wordcount>
    <wordcount weight="1" > much </wordcount>
    <wordcount weight="1" > oevr </wordcount>
    <wordcount weight="1" > len </wordcount>
    <wordcount weight="1" > relative </wordcount>
    <wordcount weight="1" > attention </wordcount>
    <wordcount weight="1" > influence </wordcount>
    <wordcount weight="1" > delayed </wordcount>
    <wordcount weight="1" > widely </wordcount>
    <wordcount weight="1" > increase </wordcount>
</article>
